M83 ; extrusion relativa
M106 S0 ; ventilador apagado, como el original
;===== FIN DEL START GCODE =====
;-------------------------------------------------------------------- Editable code start
; M221 set flow rate 
; this can be adjusted to fix under or over extrusion problems without re-exporting g-code  
; e.g. M221 S120 will increase to 120% the amount of plastic coming out the nozzle
M221 S100; flow rate 100% 

; M220 Set print speed
M220 S100 ; 100% speed
M104 S240; heat nozzle to PETG temp 
M106 S0 ;  fan off
;--------------------------------------------------------------------- Editable code end

G10 
G1 F12000
G1 Z10.0
G1 X139.7185 Y127.8422
G1 Z0.8
G1 F240
G11 

G1 X139.7082 Y127.3515 E0.3154
G1 X139.6774 Y126.8617 E0.3154
G1 X139.6261 Y126.3737 Z0.8 E0.3154
G1 X139.5544 Y125.8882 Z0.8 E0.3154
G1 X139.4624 Y125.4061 Z0.8 E0.3154
G1 X139.3504 Y124.9283 Z0.8 E0.3154
G1 X139.2184 Y124.4556 Z0.8 E0.3154
G1 X139.0667 Y123.9889 Z0.8 E0.3154
G1 X138.8957 Y123.5289 Z0.8 E0.3154
G1 X138.7055 Y123.0765 Z0.8 E0.3154
G1 X138.4965 Y122.6324 Z0.8 E0.3154
G1 X138.2692 Y122.1975 Z0.8 E0.3154
G1 X138.0238 Y121.7725 Z0.8 E0.3154
G1 X137.7608 Y121.3581 Z0.8 E0.3154
G1 X137.4807 Y120.9551 Z0.8 E0.3154
G1 X137.1840 Y120.5642 Z0.8 E0.3154
G1 X136.8712 Y120.1861 Z0.8 E0.3154
G1 X136.5428 Y119.8214 Z0.8 E0.3154
G1 X136.1994 Y119.4707 Z0.8 E0.3154
G1 X135.8417 Y119.1348 Z0.8 E0.3154
G1 X135.4702 Y118.8141 Z0.8 E0.3154
G1 X135.0856 Y118.5093 Z0.8 E0.3154
G1 X134.6885 Y118.2208 Z0.8 E0.3154
G1 X134.2798 Y117.9492 Z0.8 E0.3154
G1 X133.8600 Y117.6950 Z0.8 E0.3154
G1 X133.4299 Y117.4586 Z0.8 E0.3154
G1 X132.9903 Y117.2404 Z0.8 E0.3154
G1 X132.5420 Y117.0408 Z0.8 E0.3154
G1 X132.0857 Y116.8601 Z0.8 E0.3154
G1 X131.6222 Y116.6987 Z0.8 E0.3154
G1 X131.1524 Y116.5568 Z0.8 E0.3154
G1 X130.6771 Y116.4348 Z0.8 E0.3154
G1 X130.1970 Y116.3328 Z0.8 E0.3154
G1 X129.7132 Y116.2509 Z0.8 E0.3154
G1 X129.2263 Y116.1894 Z0.8 E0.3154
G1 X128.7372 Y116.1483 Z0.8 E0.3154
G1 X128.2469 Y116.1278 Z0.8 E0.3154
G1 X127.7561 Z0.8 E0.3154
G1 X127.2658 Y116.1483 Z0.8 E0.3154
G1 X126.7767 Y116.1894 Z0.8 E0.3154
G1 X126.2898 Y116.2509 Z0.8 E0.3154
G1 X125.8060 Y116.3328 Z0.8 E0.3154
G1 X125.3259 Y116.4348 Z0.8 E0.3154
G1 X124.8506 Y116.5568 Z0.8 E0.3154
G1 X124.3808 Y116.6987 Z0.8 E0.3154
G1 X123.9173 Y116.8601 Z0.8 E0.3154
G1 X123.4610 Y117.0408 Z0.8 E0.3154
G1 X123.0127 Y117.2404 Z0.8 E0.3154
G1 X122.5731 Y117.4586 Z0.8 E0.3154
G1 X122.1430 Y117.6950 Z0.8 E0.3154
G1 X121.7232 Y117.9492 Z0.8 E0.3154
G1 X121.3145 Y118.2208 Z0.8 E0.3154
G1 X120.9174 Y118.5093 Z0.8 E0.3154
G1 X120.5328 Y118.8141 Z0.8 E0.3154
G1 X120.1613 Y119.1348 Z0.8 E0.3154
G1 X119.8036 Y119.4707 Z0.8 E0.3154
G1 X119.4602 Y119.8214 Z0.8 E0.3154
G1 X119.1318 Y120.1861 Z0.8 E0.3154
G1 X118.8190 Y120.5642 Z0.8 E0.3154
G1 X118.5223 Y120.9551 Z0.8 E0.3154
G1 X118.2422 Y121.3581 Z0.8 E0.3154
G1 X117.9792 Y121.7725 Z0.8 E0.3154
G1 X117.7338 Y122.1975 Z0.8 E0.3154
G1 X117.5065 Y122.6324 Z0.8 E0.3154
G1 X117.2975 Y123.0765 Z0.8 E0.3154
G1 X117.1073 Y123.5289 Z0.8 E0.3154
G1 X116.9363 Y123.9889 Z0.8 E0.3154
G1 X116.7846 Y124.4556 Z0.8 E0.3154
G1 X116.6526 Y124.9283 Z0.8 E0.3154
G1 X116.5406 Y125.4061 Z0.8 E0.3154
G1 X116.4486 Y125.8882 Z0.8 E0.3154
G1 X116.3769 Y126.3737 Z0.8 E0.3154
G1 X116.3256 Y126.8617 Z0.8 E0.3154
G1 X116.2948 Y127.3515 E0.3154
G1 X116.2845 Y127.8422 E0.3154
G1 X116.2948 Y128.3329 E0.3154
G1 X116.3256 Y128.8227 E0.3154
G1 X116.3769 Y129.3107 Z0.8 E0.3154
G1 X116.4486 Y129.7962 Z0.8 E0.3154
G1 X116.5406 Y130.2783 Z0.8 E0.3154
G1 X116.6526 Y130.7561 Z0.8 E0.3154
G1 X116.7846 Y131.2288 Z0.8 E0.3154
G1 X116.9363 Y131.6955 Z0.8 E0.3154
G1 X117.1073 Y132.1555 Z0.8 E0.3154
G1 X117.2975 Y132.6079 Z0.8 E0.3154
G1 X117.5065 Y133.0520 Z0.8 E0.3154
G1 X117.7338 Y133.4869 Z0.8 E0.3154
G1 X117.9792 Y133.9119 Z0.8 E0.3154
G1 X118.2422 Y134.3263 Z0.8 E0.3154
G1 X118.5223 Y134.7293 Z0.8 E0.3154
G1 X118.8190 Y135.1202 Z0.8 E0.3154
G1 X119.1318 Y135.4983 Z0.8 E0.3154
G1 X119.4602 Y135.8630 Z0.8 E0.3154
G1 X119.8036 Y136.2137 Z0.8 E0.3154
G1 X120.1613 Y136.5496 Z0.8 E0.3154
G1 X120.5328 Y136.8703 Z0.8 E0.3154
G1 X120.9174 Y137.1751 Z0.8 E0.3154
G1 X121.3145 Y137.4636 Z0.8 E0.3154
G1 X121.7232 Y137.7352 Z0.8 E0.3154
G1 X122.1430 Y137.9894 Z0.8 E0.3154
G1 X122.5731 Y138.2258 Z0.8 E0.3154
G1 X123.0127 Y138.4440 Z0.8 E0.3154
G1 X123.4610 Y138.6436 Z0.8 E0.3154
G1 X123.9173 Y138.8243 Z0.8 E0.3154
G1 X124.3808 Y138.9857 Z0.8 E0.3154
G1 X124.8506 Y139.1275 Z0.8 E0.3154
G1 X125.3259 Y139.2496 Z0.8 E0.3154
G1 X125.8060 Y139.3516 Z0.8 E0.3154
G1 X126.2898 Y139.4335 Z0.8 E0.3154
G1 X126.7767 Y139.4950 Z0.8 E0.3154
G1 X127.2658 Y139.5361 Z0.8 E0.3154
G1 X127.7561 Y139.5566 Z0.8 E0.3154
G1 X128.2469 Z0.8 E0.3154
G1 X128.7372 Y139.5361 Z0.8 E0.3154
G1 X129.2263 Y139.4950 Z0.8 E0.3154
G1 X129.7131 Y139.4335 Z0.8 E0.3154
G1 X130.1970 Y139.3516 Z0.8 E0.3154
G1 X130.6771 Y139.2496 Z0.8 E0.3154
G1 X131.1524 Y139.1276 Z0.8 E0.3154
G1 X131.6222 Y138.9857 Z0.8 E0.3154
G1 X132.0857 Y138.8243 Z0.8 E0.3154
G1 X132.5420 Y138.6436 Z0.8 E0.3154
G1 X132.9903 Y138.4440 Z0.8 E0.3154
G1 X133.4299 Y138.2258 Z0.8 E0.3154
G1 X133.8600 Y137.9894 Z0.8 E0.3154
G1 X134.2798 Y137.7352 Z0.8 E0.3154
G1 X134.6885 Y137.4636 Z0.8 E0.3154
G1 X135.0856 Y137.1751 Z0.8 E0.3154
G1 X135.4702 Y136.8703 Z0.8 E0.3154
G1 X135.8417 Y136.5496 Z0.8 E0.3154
G1 X136.1994 Y136.2137 Z0.8 E0.3154
G1 X136.5428 Y135.8630 Z0.8 E0.3154
G1 X136.8712 Y135.4983 Z0.8 E0.3154
G1 X137.1840 Y135.1202 Z0.8 E0.3154
G1 X137.4807 Y134.7293 Z0.8 E0.3154
G1 X137.7608 Y134.3263 Z0.8 E0.3154
G1 X138.0238 Y133.9119 Z0.8 E0.3154
G1 X138.2692 Y133.4869 Z0.8 E0.3154
G1 X138.4965 Y133.0520 Z0.8 E0.3154
G1 X138.7055 Y132.6079 Z0.8 E0.3154
G1 X138.8957 Y132.1555 Z0.8 E0.3154
G1 X139.0667 Y131.6955 Z0.8 E0.3154
G1 X139.2184 Y131.2288 Z0.8 E0.3154
G1 X139.3504 Y130.7561 Z0.8 E0.3154
G1 X139.4624 Y130.2783 Z0.8 E0.3154
G1 X139.5544 Y129.7962 Z0.8 E0.3154
G1 X139.6261 Y129.3107 Z0.8 E0.3154
G1 X139.6774 Y128.8227 Z0.8 E0.3154
G1 X139.7082 Y128.3329 E0.3154
G1 X139.7965 Y127.8422 Z0.8144 E0.0
G1 X139.7914 Y127.3481 Z0.8154 E0.0209 F480
G1 X139.7657 Y126.8543 Z0.8164 E0.0222
G1 X139.7192 Y126.3619 Z0.8174 E0.0236
G1 X139.6522 Y125.8716 Z0.8184 E0.0249
G1 X139.5646 Y125.3844 Z0.8194 E0.0262
G1 X139.4567 Y124.9010 Z0.8204 E0.0276
G1 X139.3285 Y124.4224 Z0.8214 E0.0289
G1 X139.1804 Y123.9493 Z0.8224 E0.0303
G1 X139.0124 Y123.4827 Z0.8234 E0.0316
G1 X138.8251 Y123.0232 Z0.8244 E0.033
G1 X138.6185 Y122.5719 Z0.8254 E0.0343
G1 X138.3931 Y122.1294 Z0.8265 E0.0357
G1 X138.1493 Y121.6965 Z0.8275 E0.037
G1 X137.8875 Y121.2740 Z0.8285 E0.0384
G1 X137.6080 Y120.8627 Z0.8295 E0.0397
G1 X137.3115 Y120.4632 Z0.8305 E0.0411
G1 X136.9983 Y120.0764 Z0.8315 E0.0424
G1 X136.6691 Y119.7028 Z0.8325 E0.0438
G1 X136.3243 Y119.3432 Z0.8335 E0.0451
G1 X135.9646 Y118.9982 Z0.8345 E0.0465
G1 X135.5907 Y118.6685 Z0.8355 E0.0478
G1 X135.2031 Y118.3545 Z0.8365 E0.0492
G1 X134.8025 Y118.0569 Z0.8375 E0.0506
G1 X134.3896 Y117.7762 Z0.8385 E0.0519
G1 X133.9651 Y117.5130 Z0.8395 E0.0533
G1 X133.5298 Y117.2676 Z0.8405 E0.0547
G1 X133.0843 Y117.0406 Z0.8415 E0.056
G1 X132.6296 Y116.8324 Z0.8425 E0.0574
G1 X132.1663 Y116.6433 Z0.8435 E0.0588
G1 X131.6954 Y116.4737 Z0.8445 E0.0601
G1 X131.2175 Y116.3238 Z0.8455 E0.0615
G1 X130.7335 Y116.1941 Z0.8465 E0.0629
G1 X130.2444 Y116.0848 Z0.8475 E0.0642
G1 X129.7508 Y115.9959 Z0.8485 E0.0656
G1 X129.2538 Y115.9278 Z0.8495 E0.067
G1 X128.7541 Y115.8805 Z0.8505 E0.0684
G1 X128.2526 Y115.8542 Z0.8515 E0.0698
G1 X127.7503 Y115.8489 Z0.8525 E0.0711
G1 X127.2479 Y115.8647 Z0.8535 E0.0725
G1 X126.7465 Y115.9015 Z0.8545 E0.0739
G1 X126.2468 Y115.9593 Z0.8555 E0.0753
G1 X125.7497 Y116.0380 Z0.8565 E0.0767
G1 X125.2562 Y116.1375 Z0.8575 E0.078
G1 X124.7670 Y116.2577 Z0.8585 E0.0794
G1 X124.2831 Y116.3982 Z0.8595 E0.0808
G1 X123.8053 Y116.5590 Z0.8605 E0.0822
G1 X123.3345 Y116.7398 Z0.8615 E0.0836
G1 X122.8714 Y116.9402 Z0.8625 E0.085
G1 X122.4169 Y117.1599 Z0.8635 E0.0864
G1 X121.9718 Y117.3985 Z0.8645 E0.0878
G1 X121.5370 Y117.6557 Z0.8655 E0.0892
G1 X121.1130 Y117.9310 Z0.8665 E0.0906
G1 X120.7008 Y118.2239 Z0.8675 E0.092
G1 X120.3011 Y118.5340 Z0.8685 E0.0934
G1 X119.9145 Y118.8607 Z0.8695 E0.0948
G1 X119.5418 Y119.2035 Z0.8705 E0.0962
G1 X119.1836 Y119.5617 Z0.8715 E0.0976
G1 X118.8406 Y119.9347 Z0.8725 E0.099
G1 X118.5134 Y120.3220 Z0.8735 E0.1004
G1 X118.2025 Y120.7228 Z0.8745 E0.1018
G1 X117.9086 Y121.1365 Z0.8755 E0.1032
G1 X117.6321 Y121.5623 Z0.8766 E0.1046
G1 X117.3736 Y121.9995 Z0.8776 E0.106
G1 X117.1335 Y122.4473 Z0.8786 E0.1074
G1 X116.9123 Y122.9050 Z0.8796 E0.1088
G1 X116.7104 Y123.3717 Z0.8806 E0.1102
G1 X116.5281 Y123.8467 Z0.8816 E0.1117
G1 X116.3658 Y124.3292 Z0.8826 E0.1131
G1 X116.2237 Y124.8182 Z0.8836 E0.1145
G1 X116.1023 Y125.3129 Z0.8846 E0.1159
G1 X116.0016 Y125.8126 Z0.8856 E0.1173
G1 X115.9219 Y126.3162 Z0.8866 E0.1187
G1 X115.8633 Y126.8229 Z0.8876 E0.1202
G1 X115.8260 Y127.3319 Z0.8886 E0.1216
G1 X115.8100 Y127.8422 Z0.8896 E0.123
G1 X115.8154 Y128.3529 Z0.8906 E0.1244
G1 X115.8422 Y128.8632 Z0.8916 E0.1259
G1 X115.8904 Y129.3722 Z0.8926 E0.1273
G1 X115.9599 Y129.8789 Z0.8936 E0.1287
G1 X116.0505 Y130.3825 Z0.8946 E0.1301
G1 X116.1623 Y130.8820 Z0.8956 E0.1316
G1 X116.2949 Y131.3766 Z0.8966 E0.133
G1 X116.4482 Y131.8655 Z0.8976 E0.1344
G1 X116.6219 Y132.3477 Z0.8986 E0.1359
G1 X116.8157 Y132.8224 Z0.8996 E0.1373
G1 X117.0293 Y133.2888 Z0.9006 E0.1387
G1 X117.2624 Y133.7461 Z0.9016 E0.1402
G1 X117.5145 Y134.1933 Z0.9026 E0.1416
G1 X117.7853 Y134.6298 Z0.9036 E0.1431
G1 X118.0742 Y135.0548 Z0.9046 E0.1445
G1 X118.3808 Y135.4675 Z0.9056 E0.1459
G1 X118.7046 Y135.8671 Z0.9066 E0.1474
G1 X119.0449 Y136.2530 Z0.9076 E0.1488
G1 X119.4013 Y136.6245 Z0.9086 E0.1503
G1 X119.7730 Y136.9808 Z0.9096 E0.1517
G1 X120.1596 Y137.3215 Z0.9106 E0.1532
G1 X120.5602 Y137.6457 Z0.9116 E0.1546
G1 X120.9742 Y137.9531 Z0.9126 E0.1561
G1 X121.4010 Y138.2430 Z0.9136 E0.1575
G1 X121.8397 Y138.5148 Z0.9146 E0.159
G1 X122.2895 Y138.7682 Z0.9156 E0.1604
G1 X122.7498 Y139.0026 Z0.9166 E0.1619
G1 X123.2197 Y139.2176 Z0.9176 E0.1633
G1 X123.6984 Y139.4128 Z0.9186 E0.1648
G1 X124.1851 Y139.5879 Z0.9196 E0.1663
G1 X124.6789 Y139.7425 Z0.9206 E0.1677
G1 X125.1789 Y139.8763 Z0.9216 E0.1692
G1 X125.6843 Y139.9891 Z0.9226 E0.1706
G1 X126.1943 Y140.0807 Z0.9236 E0.1721
G1 X126.7078 Y140.1509 Z0.9246 E0.1736
G1 X127.2240 Y140.1996 Z0.9256 E0.175
G1 X127.7421 Y140.2266 Z0.9266 E0.1765
G1 X128.2610 Y140.2319 Z0.9276 E0.178
G1 X128.7800 Y140.2154 Z0.9286 E0.1794
G1 X129.2980 Y140.1772 Z0.9296 E0.1809
G1 X129.8141 Y140.1174 Z0.9306 E0.1824
G1 X130.3276 Y140.0359 Z0.9316 E0.1839
G1 X130.8374 Y139.9329 Z0.9326 E0.1853
G1 X131.3426 Y139.8087 Z0.9336 E0.1868
G1 X131.8424 Y139.6633 Z0.9346 E0.1883
G1 X132.3359 Y139.4970 Z0.9356 E0.1898
G1 X132.8222 Y139.3102 Z0.9366 E0.1912
G1 X133.3004 Y139.1030 Z0.9376 E0.1927
G1 X133.7698 Y138.8759 Z0.9386 E0.1942
G1 X134.2294 Y138.6293 Z0.9396 E0.1957
G1 X134.6785 Y138.3635 Z0.9406 E0.1972
G1 X135.1163 Y138.0790 Z0.9417 E0.1987
G1 X135.5419 Y137.7763 Z0.9427 E0.2001
G1 X135.9546 Y137.4559 Z0.9437 E0.2016
G1 X136.3538 Y137.1183 Z0.9447 E0.2031
G1 X136.7386 Y136.7642 Z0.9457 E0.2046
G1 X137.1084 Y136.3941 Z0.9467 E0.2061
G1 X137.4625 Y136.0087 Z0.9477 E0.2076
G1 X137.8004 Y135.6087 Z0.9487 E0.2091
G1 X138.1213 Y135.1946 Z0.9497 E0.2106
G1 X138.4247 Y134.7673 Z0.9507 E0.2121
G1 X138.7101 Y134.3275 Z0.9517 E0.2136
G1 X138.9769 Y133.8760 Z0.9527 E0.2151
G1 X139.2246 Y133.4134 Z0.9537 E0.2166
G1 X139.4529 Y132.9407 Z0.9547 E0.2181
G1 X139.6613 Y132.4586 Z0.9557 E0.2196
G1 X139.8494 Y131.9681 Z0.9567 E0.2211
G1 X140.0168 Y131.4698 Z0.9577 E0.2226
G1 X140.1633 Y130.9648 Z0.9587 E0.2241
G1 X140.2886 Y130.4539 Z0.9597 E0.2256
G1 X140.3924 Y129.9380 Z0.9607 E0.2271
G1 X140.4745 Y129.4179 Z0.9617 E0.2286
G1 X140.5348 Y128.8947 Z0.9627 E0.2301
G1 X140.5732 Y128.3691 Z0.9637 E0.2316
G1 X140.5895 Y127.8422 Z0.9647 E0.2123
G1 X140.5837 Y127.3148 Z0.966 E0.2124
G1 X140.5558 Y126.7880 Z0.9673 E0.2125
G1 X140.5058 Y126.2625 Z0.9685 E0.2125
G1 X140.4339 Y125.7394 Z0.9698 E0.2126
G1 X140.3400 Y125.2196 Z0.9711 E0.2127
G1 X140.2244 Y124.7039 Z0.9724 E0.2128
G1 X140.0873 Y124.1933 Z0.9737 E0.2129
G1 X139.9288 Y123.6887 Z0.975 E0.213
G1 X139.7493 Y123.1909 Z0.9762 E0.2131
G1 X139.5490 Y122.7009 Z0.9775 E0.2131
G1 X139.3282 Y122.2196 Z0.9788 E0.2132
G1 X139.0874 Y121.7477 Z0.9801 E0.2133
G1 X138.8270 Y121.2861 Z0.9814 E0.2134
G1 X138.5473 Y120.8356 Z0.9827 E0.2135
G1 X138.2488 Y120.3971 Z0.9839 E0.2136
G1 X137.9322 Y119.9712 Z0.9852 E0.2137
G1 X137.5978 Y119.5589 Z0.9865 E0.2137
G1 X137.2463 Y119.1607 Z0.9878 E0.2138
G1 X136.8783 Y118.7775 Z0.9891 E0.2139
G1 X136.4945 Y118.4098 Z0.9904 E0.214
G1 X136.0954 Y118.0584 Z0.9916 E0.2141
G1 X135.6817 Y117.7239 Z0.9929 E0.2142
G1 X135.2542 Y117.4069 Z0.9942 E0.2143
G1 X134.8137 Y117.1079 Z0.9955 E0.2144
G1 X134.3608 Y116.8275 Z0.9968 E0.2144
G1 X133.8964 Y116.5662 Z0.9981 E0.2145
G1 X133.4213 Y116.3246 Z0.9994 E0.2146
G1 X132.9363 Y116.1029 Z1.0006 E0.2147
G1 X132.4422 Y115.9016 Z1.0019 E0.2148
G1 X131.9399 Y115.7212 Z1.0032 E0.2149
G1 X131.4302 Y115.5619 Z1.0045 E0.215
G1 X130.9142 Y115.4240 Z1.0058 E0.215
G1 X130.3926 Y115.3078 Z1.0071 E0.2151
G1 X129.8664 Y115.2134 Z1.0083 E0.2152
G1 X129.3364 Y115.1412 Z1.0096 E0.2153
G1 X128.8037 Y115.0913 Z1.0109 E0.2154
G1 X128.2692 Y115.0636 Z1.0122 E0.2155
G1 X127.7337 Y115.0584 Z1.0135 E0.2156
G1 X127.1983 Y115.0756 Z1.0148 E0.2157
G1 X126.6638 Y115.1153 Z1.016 E0.2157
G1 X126.1313 Y115.1773 Z1.0173 E0.2158
G1 X125.6016 Y115.2616 Z1.0186 E0.2159
G1 X125.0757 Y115.3680 Z1.0199 E0.216
G1 X124.5545 Y115.4964 Z1.0212 E0.2161
G1 X124.0389 Y115.6466 Z1.0225 E0.2162
G1 X123.5299 Y115.8184 Z1.0237 E0.2163
G1 X123.0283 Y116.0114 Z1.025 E0.2164
G1 X122.5350 Y116.2253 Z1.0263 E0.2164
G1 X122.0509 Y116.4597 Z1.0276 E0.2165
G1 X121.5768 Y116.7144 Z1.0289 E0.2166
G1 X121.1137 Y116.9888 Z1.0302 E0.2167
G1 X120.6623 Y117.2824 Z1.0315 E0.2168
G1 X120.2233 Y117.5949 Z1.0327 E0.2169
G1 X119.7977 Y117.9255 Z1.034 E0.217
G1 X119.3862 Y118.2739 Z1.0353 E0.2171
G1 X118.9894 Y118.6393 Z1.0366 E0.2171
G1 X118.6081 Y119.0212 Z1.0379 E0.2172
G1 X118.2430 Y119.4189 Z1.0392 E0.2173
G1 X117.8947 Y119.8317 Z1.0404 E0.2174
G1 X117.5639 Y120.2588 Z1.0417 E0.2175
G1 X117.2512 Y120.6997 Z1.043 E0.2176
G1 X116.9570 Y121.1534 Z1.0443 E0.2177
G1 X116.6820 Y121.6193 Z1.0456 E0.2178
G1 X116.4267 Y122.0964 Z1.0469 E0.2178
G1 X116.1915 Y122.5840 Z1.0481 E0.2179
G1 X115.9768 Y123.0813 Z1.0494 E0.218
G1 X115.7830 Y123.5873 Z1.0507 E0.2181
G1 X115.6106 Y124.1011 Z1.052 E0.2182
G1 X115.4597 Y124.6220 Z1.0533 E0.2183
G1 X115.3307 Y125.1489 Z1.0546 E0.2184
G1 X115.2239 Y125.6810 Z1.0558 E0.2185
G1 X115.1395 Y126.2173 Z1.0571 E0.2186
G1 X115.0775 Y126.7569 Z1.0584 E0.2186
G1 X115.0382 Y127.2989 Z1.0597 E0.2187
G1 X115.0216 Y127.8422 Z1.061 E0.2188
G1 X115.0277 Y128.3860 Z1.0623 E0.2189
G1 X115.0567 Y128.9292 Z1.0635 E0.219
G1 X115.1083 Y129.4710 Z1.0648 E0.2191
G1 X115.1827 Y130.0103 Z1.0661 E0.2192
G1 X115.2796 Y130.5463 Z1.0674 E0.2193
G1 X115.3990 Y131.0780 Z1.0687 E0.2193
G1 X115.5405 Y131.6044 Z1.07 E0.2194
G1 X115.7041 Y132.1246 Z1.0713 E0.2195
G1 X115.8893 Y132.6378 Z1.0725 E0.2196
G1 X116.0960 Y133.1429 Z1.0738 E0.2197
G1 X116.3237 Y133.6391 Z1.0751 E0.2198
G1 X116.5721 Y134.1255 Z1.0764 E0.2199
G1 X116.8408 Y134.6014 Z1.0777 E0.22
G1 X117.1293 Y135.0657 Z1.079 E0.2201
G1 X117.4371 Y135.5177 Z1.0802 E0.2201
G1 X117.7637 Y135.9566 Z1.0815 E0.2202
G1 X118.1085 Y136.3816 Z1.0828 E0.2203
G1 X118.4710 Y136.7920 Z1.0841 E0.2204
G1 X118.8504 Y137.1870 Z1.0854 E0.2205
G1 X119.2463 Y137.5659 Z1.0867 E0.2206
G1 X119.6578 Y137.9280 Z1.0879 E0.2207
G1 X120.0843 Y138.2727 Z1.0892 E0.2208
G1 X120.5251 Y138.5994 Z1.0905 E0.2208
G1 X120.9793 Y138.9074 Z1.0918 E0.2209
G1 X121.4462 Y139.1963 Z1.0931 E0.221
G1 X121.9250 Y139.4655 Z1.0944 E0.2211
G1 X122.4148 Y139.7145 Z1.0956 E0.2212
G1 X122.9149 Y139.9428 Z1.0969 E0.2213
G1 X123.4242 Y140.1501 Z1.0982 E0.2214
G1 X123.9420 Y140.3360 Z1.0995 E0.2215
G1 X124.4674 Y140.5000 Z1.1008 E0.2216
G1 X124.9993 Y140.6420 Z1.1021 E0.2217
G1 X125.5370 Y140.7616 Z1.1033 E0.2217
G1 X126.0794 Y140.8587 Z1.1046 E0.2218
G1 X126.6256 Y140.9329 Z1.1059 E0.2219
G1 X127.1747 Y140.9843 Z1.1072 E0.222
G1 X127.7256 Y141.0126 Z1.1085 E0.2221
G1 X128.2775 Y141.0178 Z1.1098 E0.2222
G1 X128.8293 Y140.9999 Z1.111 E0.2223
G1 X129.3801 Y140.9589 Z1.1123 E0.2224
G1 X129.9289 Y140.8949 Z1.1136 E0.2225
G1 X130.4748 Y140.8078 Z1.1149 E0.2225
G1 X131.0168 Y140.6980 Z1.1162 E0.2226
G1 X131.5539 Y140.5655 Z1.1175 E0.2227
G1 X132.0852 Y140.4105 Z1.1187 E0.2228
G1 X132.6097 Y140.2334 Z1.12 E0.2229
G1 X133.1266 Y140.0344 Z1.1213 E0.223
G1 X133.6349 Y139.8138 Z1.1226 E0.2231
G1 X134.1337 Y139.5720 Z1.1239 E0.2232
G1 X134.6221 Y139.3095 Z1.1252 E0.2233
G1 X135.0993 Y139.0266 Z1.1264 E0.2233
G1 X135.5644 Y138.7238 Z1.1277 E0.2234
G1 X136.0166 Y138.4017 Z1.129 E0.2235
G1 X136.4551 Y138.0609 Z1.1303 E0.2236
G1 X136.8791 Y137.7018 Z1.1316 E0.2237
G1 X137.2878 Y137.3251 Z1.1329 E0.2238
G1 X137.6806 Y136.9315 Z1.1341 E0.2239
G1 X138.0567 Y136.5216 Z1.1354 E0.224
G1 X138.4154 Y136.0962 Z1.1367 E0.2241
G1 X138.7562 Y135.6559 Z1.138 E0.2242
G1 X139.0783 Y135.2016 Z1.1393 E0.2242
G1 X139.3812 Y134.7340 Z1.1406 E0.2243
G1 X139.6644 Y134.2539 Z1.1418 E0.2244
G1 X139.9274 Y133.7623 Z1.1431 E0.2245
G1 X140.1696 Y133.2598 Z1.1444 E0.2246
G1 X140.3906 Y132.7474 Z1.1457 E0.2247
G1 X140.5901 Y132.2260 Z1.147 E0.2248
G1 X140.7677 Y131.6965 Z1.1483 E0.2249
G1 X140.9229 Y131.1599 Z1.1495 E0.225
G1 X141.0556 Y130.6169 Z1.1508 E0.2251
G1 X141.1655 Y130.0687 Z1.1521 E0.2251
G1 X141.2524 Y129.5162 Z1.1534 E0.2252
G1 X141.3161 Y128.9603 Z1.1547 E0.2253
G1 X141.3564 Y128.4019 Z1.156 E0.2254
G1 X141.3734 Y127.8422 Z1.1572 E0.2255
G1 X141.3668 Y127.2820 Z1.1587 E0.2256
G1 X141.3368 Y126.7224 Z1.1602 E0.2257
G1 X141.2833 Y126.1643 Z1.1617 E0.2258
G1 X141.2065 Y125.6087 Z1.1632 E0.2259
G1 X141.1065 Y125.0567 Z1.1647 E0.2259
G1 X140.9833 Y124.5090 Z1.1662 E0.226
G1 X140.8373 Y123.9668 Z1.1677 E0.2261
G1 X140.6687 Y123.4310 Z1.1692 E0.2262
G1 X140.4776 Y122.9026 Z1.1707 E0.2263
G1 X140.2646 Y122.3823 Z1.1722 E0.2264
G1 X140.0298 Y121.8713 Z1.1737 E0.2265
G1 X139.7737 Y121.3704 Z1.1752 E0.2265
G1 X139.4968 Y120.8804 Z1.1767 E0.2266
G1 X139.1995 Y120.4023 Z1.1782 E0.2267
G1 X138.8823 Y119.9368 Z1.1797 E0.2268
G1 X138.5458 Y119.4849 Z1.1812 E0.2269
G1 X138.1905 Y119.0473 Z1.1827 E0.227
G1 X137.8170 Y118.6248 Z1.1841 E0.2271
G1 X137.4260 Y118.2182 Z1.1856 E0.2271
G1 X137.0182 Y117.8281 Z1.1871 E0.2272
G1 X136.5943 Y117.4553 Z1.1886 E0.2273
G1 X136.1549 Y117.1005 Z1.1901 E0.2274
G1 X135.7009 Y116.7643 Z1.1916 E0.2275
G1 X135.2330 Y116.4472 Z1.1931 E0.2276
G1 X134.7521 Y116.1499 Z1.1946 E0.2277
G1 X134.2589 Y115.8729 Z1.1961 E0.2278
G1 X133.7544 Y115.6167 Z1.1976 E0.2278
G1 X133.2394 Y115.3817 Z1.1991 E0.2279
G1 X132.7148 Y115.1685 Z1.2006 E0.228
G1 X132.1816 Y114.9773 Z1.2021 E0.2281
G1 X131.6406 Y114.8085 Z1.2036 E0.2282
G1 X131.0928 Y114.6626 Z1.2051 E0.2283
G1 X130.5391 Y114.5396 Z1.2066 E0.2284
G1 X129.9806 Y114.4399 Z1.2081 E0.2284
G1 X129.4182 Y114.3636 Z1.2096 E0.2285
G1 X128.8528 Y114.3110 Z1.2111 E0.2286
G1 X128.2855 Y114.2820 Z1.2126 E0.2287
G1 X127.7174 Y114.2768 Z1.214 E0.2288
G1 X127.1492 Y114.2955 Z1.2155 E0.2289
G1 X126.5821 Y114.3379 Z1.217 E0.229
G1 X126.0171 Y114.4041 Z1.2185 E0.229
G1 X125.4552 Y114.4939 Z1.22 E0.2291
G1 X124.8973 Y114.6072 Z1.2215 E0.2292
G1 X124.3444 Y114.7438 Z1.223 E0.2293
G1 X123.7975 Y114.9035 Z1.2245 E0.2294
G1 X123.2575 Y115.0861 Z1.226 E0.2295
G1 X122.7255 Y115.2912 Z1.2275 E0.2296
G1 X122.2024 Y115.5184 Z1.229 E0.2297
G1 X121.6890 Y115.7675 Z1.2305 E0.2297
G1 X121.1863 Y116.0380 Z1.232 E0.2298
G1 X120.6952 Y116.3293 Z1.2335 E0.2299
G1 X120.2166 Y116.6412 Z1.235 E0.23
G1 X119.7512 Y116.9729 Z1.2365 E0.2301
G1 X119.3000 Y117.3239 Z1.238 E0.2302
G1 X118.8637 Y117.6937 Z1.2395 E0.2303
G1 X118.4431 Y118.0815 Z1.241 E0.2304
G1 X118.0390 Y118.4868 Z1.2424 E0.2304
G1 X117.6521 Y118.9088 Z1.2439 E0.2305
G1 X117.2830 Y119.3468 Z1.2454 E0.2306
G1 X116.9325 Y119.8001 Z1.2469 E0.2307
G1 X116.6011 Y120.2678 Z1.2484 E0.2308
G1 X116.2895 Y120.7492 Z1.2499 E0.2309
G1 X115.9982 Y121.2433 Z1.2514 E0.231
G1 X115.7278 Y121.7495 Z1.2529 E0.231
G1 X115.4787 Y122.2667 Z1.2544 E0.2311
G1 X115.2514 Y122.7941 Z1.2559 E0.2312
G1 X115.0463 Y123.3307 Z1.2574 E0.2313
G1 X114.8638 Y123.8757 Z1.2589 E0.2314
G1 X114.7042 Y124.4280 Z1.2604 E0.2315
G1 X114.5679 Y124.9868 Z1.2619 E0.2316
G1 X114.4550 Y125.5510 Z1.2634 E0.2317
G1 X114.3658 Y126.1196 Z1.2649 E0.2317
G1 X114.3005 Y126.6917 Z1.2664 E0.2318
G1 X114.2591 Y127.2662 Z1.2679 E0.2319
G1 X114.2419 Y127.8422 Z1.2694 E0.232
G1 X114.2488 Y128.4186 Z1.2708 E0.2321
G1 X114.2799 Y128.9944 Z1.2723 E0.2322
G1 X114.3350 Y129.5687 Z1.2738 E0.2323
G1 X114.4142 Y130.1403 Z1.2753 E0.2324
G1 X114.5173 Y130.7084 Z1.2768 E0.2324
G1 X114.6441 Y131.2718 Z1.2783 E0.2325
G1 X114.7945 Y131.8296 Z1.2798 E0.2326
G1 X114.9682 Y132.3809 Z1.2813 E0.2327
G1 X115.1649 Y132.9246 Z1.2828 E0.2328
G1 X115.3843 Y133.4598 Z1.2843 E0.2329
G1 X115.6259 Y133.9855 Z1.2858 E0.233
G1 X115.8895 Y134.5008 Z1.2873 E0.2331
G1 X116.1745 Y135.0049 Z1.2888 E0.2331
G1 X116.4806 Y135.4967 Z1.2903 E0.2332
G1 X116.8070 Y135.9755 Z1.2918 E0.2333
G1 X117.1534 Y136.4403 Z1.2933 E0.2334
G1 X117.5190 Y136.8904 Z1.2948 E0.2335
G1 X117.9034 Y137.3250 Z1.2963 E0.2336
G1 X118.3057 Y137.7432 Z1.2977 E0.2337
G1 X118.7253 Y138.1444 Z1.2992 E0.2338
G1 X119.1616 Y138.5278 Z1.3007 E0.2338
G1 X119.6137 Y138.8927 Z1.3022 E0.2339
G1 X120.0809 Y139.2385 Z1.3037 E0.234
G1 X120.5623 Y139.5646 Z1.3052 E0.2341
G1 X121.0571 Y139.8703 Z1.3067 E0.2342
G1 X121.5645 Y140.1551 Z1.3082 E0.2343
G1 X122.0835 Y140.4185 Z1.3097 E0.2344
G1 X122.6134 Y140.6601 Z1.3112 E0.2345
G1 X123.1530 Y140.8793 Z1.3127 E0.2345
G1 X123.7016 Y141.0759 Z1.3142 E0.2346
G1 X124.2582 Y141.2493 Z1.3157 E0.2347
G1 X124.8217 Y141.3993 Z1.3172 E0.2348
G1 X125.3912 Y141.5256 Z1.3187 E0.2349
G1 X125.9658 Y141.6281 Z1.3202 E0.235
G1 X126.5443 Y141.7064 Z1.3217 E0.2351
G1 X127.1258 Y141.7604 Z1.3231 E0.2352
G1 X127.7093 Y141.7900 Z1.3246 E0.2352
G1 X128.2938 Y141.7952 Z1.3261 E0.2353
G1 X128.8781 Y141.7759 Z1.3276 E0.2354
G1 X129.4614 Y141.7321 Z1.3291 E0.2355
G1 X130.0425 Y141.6639 Z1.3306 E0.2356
G1 X130.6205 Y141.5713 Z1.3321 E0.2357
G1 X131.1943 Y141.4547 Z1.3336 E0.2358
G1 X131.7629 Y141.3140 Z1.3351 E0.2359
G1 X132.3253 Y141.1496 Z1.3366 E0.2359
G1 X132.8806 Y140.9617 Z1.3381 E0.236
G1 X133.4277 Y140.7506 Z1.3396 E0.2361
G1 X133.9657 Y140.5168 Z1.3411 E0.2362
G1 X134.4936 Y140.2605 Z1.3426 E0.2363
G1 X135.0105 Y139.9822 Z1.3441 E0.2364
G1 X135.5155 Y139.6824 Z1.3456 E0.2365
G1 X136.0077 Y139.3616 Z1.3471 E0.2366
G1 X136.4862 Y139.0204 Z1.3485 E0.2366
G1 X136.9501 Y138.6592 Z1.35 E0.2367
G1 X137.3987 Y138.2789 Z1.3515 E0.2368
G1 X137.8311 Y137.8799 Z1.353 E0.2369
G1 X138.2466 Y137.4630 Z1.3545 E0.237
G1 X138.6444 Y137.0289 Z1.356 E0.2371
G1 X139.0238 Y136.5784 Z1.3575 E0.2372
G1 X139.3842 Y136.1122 Z1.359 E0.2373
G1 X139.7248 Y135.6312 Z1.3605 E0.2374
G1 X140.0451 Y135.1361 Z1.362 E0.2374
G1 X140.3445 Y134.6278 Z1.3635 E0.2375
G1 X140.6225 Y134.1073 Z1.365 E0.2376
G1 X140.8785 Y133.5754 Z1.3665 E0.2377
G1 X141.1121 Y133.0330 Z1.368 E0.2378
G1 X141.3228 Y132.4812 Z1.3695 E0.2379
G1 X141.5104 Y131.9208 Z1.371 E0.238
G1 X141.6743 Y131.3528 Z1.3725 E0.2381
G1 X141.8144 Y130.7782 Z1.374 E0.2381
G1 X141.9303 Y130.1981 Z1.3754 E0.2382
G1 X142.0219 Y129.6134 Z1.3769 E0.2383
G1 X142.0889 Y129.0252 Z1.3784 E0.2384
G1 X142.1312 Y128.4344 Z1.3799 E0.2385
G1 X142.1488 Y127.8422 Z1.3814 E0.2386
G1 X142.1415 Y127.2496 Z1.3831 E0.2387
G1 X142.1094 Y126.6575 Z1.3847 E0.2388
G1 X142.0525 Y126.0671 Z1.3864 E0.2389
G1 X141.9709 Y125.4795 Z1.3881 E0.2389
G1 X141.8647 Y124.8955 Z1.3897 E0.239
G1 X141.7341 Y124.3163 Z1.3914 E0.2391
G1 X141.5793 Y123.7428 Z1.393 E0.2392
G1 X141.4006 Y123.1762 Z1.3947 E0.2393
G1 X141.1982 Y122.6173 Z1.3964 E0.2394
G1 X140.9725 Y122.0672 Z1.398 E0.2394
G1 X140.7239 Y121.5268 Z1.3997 E0.2395
G1 X140.4527 Y120.9971 Z1.4013 E0.2396
G1 X140.1595 Y120.4790 Z1.403 E0.2397
G1 X139.8448 Y119.9735 Z1.4047 E0.2398
G1 X139.5090 Y119.4815 Z1.4063 E0.2399
G1 X139.1528 Y119.0038 Z1.408 E0.24
G1 X138.7768 Y118.5412 Z1.4096 E0.24
G1 X138.3816 Y118.0946 Z1.4113 E0.2401
G1 X137.9679 Y117.6648 Z1.413 E0.2402
G1 X137.5364 Y117.2526 Z1.4146 E0.2403
G1 X137.0879 Y116.8587 Z1.4163 E0.2404
G1 X136.6230 Y116.4837 Z1.418 E0.2405
G1 X136.1428 Y116.1285 Z1.4196 E0.2406
G1 X135.6478 Y115.7935 Z1.4213 E0.2406
G1 X135.1391 Y115.4794 Z1.4229 E0.2407
G1 X134.6176 Y115.1869 Z1.4246 E0.2408
G1 X134.0840 Y114.9163 Z1.4263 E0.2409
G1 X133.5393 Y114.6682 Z1.4279 E0.241
G1 X132.9846 Y114.4430 Z1.4296 E0.2411
G1 X132.4207 Y114.2413 Z1.4312 E0.2412
G1 X131.8487 Y114.0632 Z1.4329 E0.2412
G1 X131.2695 Y113.9092 Z1.4346 E0.2413
G1 X130.6841 Y113.7795 Z1.4362 E0.2414
G1 X130.0936 Y113.6745 Z1.4379 E0.2415
G1 X129.4990 Y113.5942 Z1.4395 E0.2416
G1 X128.9014 Y113.5389 Z1.4412 E0.2417
G1 X128.3017 Y113.5086 Z1.4429 E0.2418
G1 X127.7011 Y113.5035 Z1.4445 E0.2418
G1 X127.1007 Y113.5236 Z1.4462 E0.2419
G1 X126.5013 Y113.5688 Z1.4478 E0.242
G1 X125.9042 Y113.6390 Z1.4495 E0.2421
G1 X125.3103 Y113.7343 Z1.4512 E0.2422
G1 X124.7207 Y113.8544 Z1.4528 E0.2423
G1 X124.1364 Y113.9991 Z1.4545 E0.2424
G1 X123.5586 Y114.1682 Z1.4561 E0.2425
G1 X122.9881 Y114.3615 Z1.4578 E0.2425
G1 X122.4260 Y114.5785 Z1.4595 E0.2426
G1 X121.8733 Y114.8190 Z1.4611 E0.2427
G1 X121.3309 Y115.0825 Z1.4628 E0.2428
G1 X120.7999 Y115.3686 Z1.4644 E0.2429
G1 X120.2811 Y115.6768 Z1.4661 E0.243
G1 X119.7755 Y116.0066 Z1.4678 E0.2431
G1 X119.2840 Y116.3573 Z1.4694 E0.2431
G1 X118.8075 Y116.7285 Z1.4711 E0.2432
G1 X118.3467 Y117.1195 Z1.4727 E0.2433
G1 X117.9026 Y117.5295 Z1.4744 E0.2434
G1 X117.4759 Y117.9580 Z1.4761 E0.2435
G1 X117.0673 Y118.4041 Z1.4777 E0.2436
G1 X116.6777 Y118.8670 Z1.4794 E0.2437
G1 X116.3076 Y119.3461 Z1.481 E0.2437
G1 X115.9578 Y119.8404 Z1.4827 E0.2438
G1 X115.6289 Y120.3491 Z1.4844 E0.2439
G1 X115.3215 Y120.8713 Z1.486 E0.244
G1 X115.0362 Y121.4061 Z1.4877 E0.2441
G1 X114.7733 Y121.9526 Z1.4893 E0.2442
G1 X114.5336 Y122.5099 Z1.491 E0.2443
G1 X114.3172 Y123.0768 Z1.4927 E0.2443
G1 X114.1248 Y123.6526 Z1.4943 E0.2444
G1 X113.9566 Y124.2361 Z1.496 E0.2445
G1 X113.8129 Y124.8263 Z1.4976 E0.2446
G1 X113.6940 Y125.4223 Z1.4993 E0.2447
G1 X113.6001 Y126.0229 Z1.501 E0.2448
G1 X113.5314 Y126.6271 Z1.5026 E0.2449
G1 X113.4881 Y127.2339 Z1.5043 E0.245
G1 X113.4703 Y127.8422 Z1.5059 E0.245
G1 X113.4779 Y128.4509 Z1.5076 E0.2451
G1 X113.5110 Y129.0590 Z1.5093 E0.2452
G1 X113.5696 Y129.6654 Z1.5109 E0.2453
G1 X113.6536 Y130.2690 Z1.5126 E0.2454
G1 X113.7628 Y130.8687 Z1.5143 E0.2455
G1 X113.8971 Y131.4636 Z1.5159 E0.2456
G1 X114.0562 Y132.0525 Z1.5176 E0.2456
G1 X114.2399 Y132.6345 Z1.5192 E0.2457
G1 X114.4479 Y133.2085 Z1.5209 E0.2458
G1 X114.6798 Y133.7734 Z1.5225 E0.2459
G1 X114.9353 Y134.3283 Z1.5242 E0.246
G1 X115.2139 Y134.8723 Z1.5259 E0.2461
G1 X115.5151 Y135.4042 Z1.5275 E0.2462
G1 X115.8385 Y135.9233 Z1.5292 E0.2462
G1 X116.1834 Y136.4286 Z1.5308 E0.2463
G1 X116.5493 Y136.9191 Z1.5325 E0.2464
G1 X116.9356 Y137.3941 Z1.5342 E0.2465
G1 X117.3415 Y137.8526 Z1.5358 E0.2466
G1 X117.7665 Y138.2938 Z1.5375 E0.2467
G1 X118.2097 Y138.7171 Z1.5391 E0.2468
G1 X118.6704 Y139.1215 Z1.5408 E0.2469
G1 X119.1479 Y139.5065 Z1.5425 E0.2469
G1 X119.6411 Y139.8712 Z1.5441 E0.247
G1 X120.1495 Y140.2150 Z1.5458 E0.2471
G1 X120.6719 Y140.5374 Z1.5474 E0.2472
G1 X121.2076 Y140.8378 Z1.5491 E0.2473
G1 X121.7556 Y141.1155 Z1.5508 E0.2474
G1 X122.3149 Y141.3701 Z1.5524 E0.2475
G1 X122.8846 Y141.6012 Z1.5541 E0.2475
G1 X123.4637 Y141.8083 Z1.5557 E0.2476
G1 X124.0511 Y141.9910 Z1.5574 E0.2477
G1 X124.6459 Y142.1490 Z1.5591 E0.2478
G1 X125.2470 Y142.2820 Z1.5607 E0.2479
G1 X125.8533 Y142.3897 Z1.5624 E0.248
G1 X126.4638 Y142.4720 Z1.564 E0.2481
G1 X127.0775 Y142.5287 Z1.5657 E0.2482
G1 X127.6932 Y142.5596 Z1.5674 E0.2482
G1 X128.3099 Y142.5647 Z1.569 E0.2483
G1 X128.9265 Y142.5440 Z1.5707 E0.2484
G1 X129.5418 Y142.4975 Z1.5723 E0.2485
G1 X130.1549 Y142.4252 Z1.574 E0.2486
G1 X130.7647 Y142.3272 Z1.5757 E0.2487
G1 X131.3700 Y142.2038 Z1.5773 E0.2488
G1 X131.9698 Y142.0551 Z1.579 E0.2488
G1 X132.5631 Y141.8813 Z1.5806 E0.2489
G1 X133.1488 Y141.6827 Z1.5823 E0.249
G1 X133.7258 Y141.4598 Z1.584 E0.2491
G1 X134.2932 Y141.2128 Z1.5856 E0.2492
G1 X134.8500 Y140.9421 Z1.5873 E0.2493
G1 X135.3951 Y140.6483 Z1.5889 E0.2494
G1 X135.9276 Y140.3317 Z1.5906 E0.2495
G1 X136.4466 Y139.9931 Z1.5923 E0.2495
G1 X136.9511 Y139.6328 Z1.5939 E0.2496
G1 X137.4402 Y139.2517 Z1.5956 E0.2497
G1 X137.9132 Y138.8502 Z1.5972 E0.2498
G1 X138.3690 Y138.4292 Z1.5989 E0.2499
G1 X138.8070 Y137.9892 Z1.6006 E0.25
G1 X139.2263 Y137.5312 Z1.6022 E0.2501
G1 X139.6262 Y137.0558 Z1.6039 E0.2502
G1 X140.0060 Y136.5640 Z1.6055 E0.2502
G1 X140.3649 Y136.0564 Z1.6072 E0.2503
G1 X140.7025 Y135.5342 Z1.6089 E0.2504
G1 X141.0179 Y134.9980 Z1.6105 E0.2505
G1 X141.3107 Y134.4490 Z1.6122 E0.2506
G1 X141.5804 Y133.8879 Z1.6138 E0.2507
G1 X141.8264 Y133.3159 Z1.6155 E0.2508
G1 X142.0483 Y132.7338 Z1.6172 E0.2508
G1 X142.2457 Y132.1428 Z1.6188 E0.2509
G1 X142.4183 Y131.5438 Z1.6205 E0.251
G1 X142.5657 Y130.9379 Z1.6221 E0.2511
G1 X142.6876 Y130.3262 Z1.6238 E0.2512
G1 X142.7838 Y129.7096 Z1.6255 E0.2513
G1 X142.8541 Y129.0894 Z1.6271 E0.2514
G1 X142.8984 Y128.4666 Z1.6288 E0.2515
G1 X142.9166 Y127.8422 Z1.6304 E0.2515
G1 X142.9086 Y127.2174 Z1.6322 E0.2516
G1 X142.8744 Y126.5933 Z1.634 E0.2517
G1 X142.8141 Y125.9709 Z1.6358 E0.2518
G1 X142.7278 Y125.3514 Z1.6376 E0.2519
G1 X142.6155 Y124.7359 Z1.6394 E0.252
G1 X142.4775 Y124.1254 Z1.6412 E0.2521
G1 X142.3141 Y123.5210 Z1.6429 E0.2521
G1 X142.1253 Y122.9238 Z1.6447 E0.2522
G1 X141.9117 Y122.3348 Z1.6465 E0.2523
G1 X141.6735 Y121.7550 Z1.6483 E0.2524
G1 X141.4112 Y121.1856 Z1.6501 E0.2525
G1 X141.1251 Y120.6274 Z1.6519 E0.2526
G1 X140.8158 Y120.0816 Z1.6537 E0.2527
G1 X140.4838 Y119.5490 Z1.6554 E0.2527
G1 X140.1297 Y119.0306 Z1.6572 E0.2528
G1 X139.7540 Y118.5273 Z1.659 E0.2529
G1 X139.3575 Y118.0400 Z1.6608 E0.253
G1 X138.9408 Y117.5695 Z1.6626 E0.2531
G1 X138.5046 Y117.1168 Z1.6644 E0.2532
G1 X138.0496 Y116.6827 Z1.6662 E0.2532
G1 X137.5767 Y116.2678 Z1.668 E0.2533
G1 X137.0867 Y115.8729 Z1.6697 E0.2534
G1 X136.5804 Y115.4988 Z1.6715 E0.2535
G1 X136.0587 Y115.1461 Z1.6733 E0.2536
G1 X135.5225 Y114.8154 Z1.6751 E0.2537
G1 X134.9728 Y114.5074 Z1.6769 E0.2538
G1 X134.4104 Y114.2226 Z1.6787 E0.2538
G1 X133.8364 Y113.9615 Z1.6805 E0.2539
G1 X133.2518 Y113.7245 Z1.6822 E0.254
G1 X132.6576 Y113.5122 Z1.684 E0.2541
G1 X132.0548 Y113.3249 Z1.6858 E0.2542
G1 X131.4445 Y113.1630 Z1.6876 E0.2543
G1 X130.8277 Y113.0267 Z1.6894 E0.2544
G1 X130.2056 Y112.9163 Z1.6912 E0.2544
G1 X129.5791 Y112.8321 Z1.693 E0.2545
G1 X128.9495 Y112.7741 Z1.6948 E0.2546
G1 X128.3178 Y112.7426 Z1.6965 E0.2547
G1 X127.6851 Y112.7375 Z1.6983 E0.2548
G1 X127.0525 Y112.7589 Z1.7001 E0.2549
G1 X126.4212 Y112.8068 Z1.7019 E0.255
G1 X125.7922 Y112.8812 Z1.7037 E0.255
G1 X125.1667 Y112.9818 Z1.7055 E0.2551
G1 X124.5458 Y113.1086 Z1.7073 E0.2552
G1 X123.9305 Y113.2614 Z1.7091 E0.2553
G1 X123.3219 Y113.4398 Z1.7108 E0.2554
G1 X122.7211 Y113.6437 Z1.7126 E0.2555
G1 X122.1292 Y113.8726 Z1.7144 E0.2556
G1 X121.5472 Y114.1261 Z1.7162 E0.2556
G1 X120.9761 Y114.4039 Z1.718 E0.2557
G1 X120.4170 Y114.7055 Z1.7198 E0.2558
G1 X119.8709 Y115.0304 Z1.7216 E0.2559
G1 X119.3386 Y115.3779 Z1.7233 E0.256
G1 X118.8212 Y115.7476 Z1.7251 E0.2561
G1 X118.3195 Y116.1387 Z1.7269 E0.2562
G1 X117.8345 Y116.5506 Z1.7287 E0.2562
G1 X117.3670 Y116.9826 Z1.7305 E0.2563
G1 X116.9179 Y117.4340 Z1.7323 E0.2564
G1 X116.4880 Y117.9040 Z1.7341 E0.2565
G1 X116.0779 Y118.3917 Z1.7359 E0.2566
G1 X115.6885 Y118.8963 Z1.7376 E0.2567
G1 X115.3205 Y119.4169 Z1.7394 E0.2567
G1 X114.9744 Y119.9527 Z1.7412 E0.2568
G1 X114.6510 Y120.5027 Z1.743 E0.2569
G1 X114.3508 Y121.0660 Z1.7448 E0.257
G1 X114.0744 Y121.6415 Z1.7466 E0.2571
G1 X113.8223 Y122.2282 Z1.7484 E0.2572
G1 X113.5948 Y122.8253 Z1.7501 E0.2573
G1 X113.3925 Y123.4315 Z1.7519 E0.2573
G1 X113.2157 Y124.0459 Z1.7537 E0.2574
G1 X113.0647 Y124.6673 Z1.7555 E0.2575
G1 X112.9399 Y125.2947 Z1.7573 E0.2576
G1 X112.8414 Y125.9270 Z1.7591 E0.2577
G1 X112.7694 Y126.5631 Z1.7609 E0.2578
G1 X112.7241 Y127.2019 Z1.7627 E0.2579
G1 X112.7057 Y127.8422 Z1.7644 E0.2579
G1 X112.7140 Y128.4829 Z1.7662 E0.258
G1 X112.7492 Y129.1230 Z1.768 E0.2581
G1 X112.8112 Y129.7612 Z1.7698 E0.2582
G1 X112.8998 Y130.3965 Z1.7716 E0.2583
G1 X113.0151 Y131.0277 Z1.7734 E0.2584
G1 X113.1567 Y131.6537 Z1.7752 E0.2585
G1 X113.3245 Y132.2735 Z1.7769 E0.2585
G1 X113.5181 Y132.8858 Z1.7787 E0.2586
G1 X113.7373 Y133.4898 Z1.7805 E0.2587
G1 X113.9817 Y134.0842 Z1.7823 E0.2588
G1 X114.2508 Y134.6681 Z1.7841 E0.2589
G1 X114.5443 Y135.2404 Z1.7859 E0.259
G1 X114.8615 Y135.8000 Z1.7877 E0.2591
G1 X115.2021 Y136.3461 Z1.7894 E0.2591
G1 X115.5653 Y136.8776 Z1.7912 E0.2592
G1 X115.9506 Y137.3936 Z1.793 E0.2593
G1 X116.3573 Y137.8932 Z1.7948 E0.2594
G1 X116.7847 Y138.3755 Z1.7966 E0.2595
G1 X117.2321 Y138.8396 Z1.7984 E0.2596
G1 X117.6987 Y139.2847 Z1.8002 E0.2597
G1 X118.1836 Y139.7100 Z1.802 E0.2597
G1 X118.6861 Y140.1147 Z1.8037 E0.2598
G1 X119.2053 Y140.4982 Z1.8055 E0.2599
G1 X119.7403 Y140.8598 Z1.8073 E0.26
G1 X120.2901 Y141.1987 Z1.8091 E0.2601
G1 X120.8539 Y141.5144 Z1.8109 E0.2602
G1 X121.4305 Y141.8063 Z1.8127 E0.2603
G1 X122.0190 Y142.0739 Z1.8145 E0.2603
G1 X122.6185 Y142.3167 Z1.8162 E0.2604
G1 X123.2278 Y142.5342 Z1.818 E0.2605
G1 X123.8458 Y142.7261 Z1.8198 E0.2606
G1 X124.4716 Y142.8921 Z1.8216 E0.2607
G1 X125.1040 Y143.0317 Z1.8234 E0.2608
G1 X125.7418 Y143.1447 Z1.8252 E0.2609
G1 X126.3841 Y143.2309 Z1.827 E0.2609
G1 X127.0296 Y143.2902 Z1.8287 E0.261
G1 X127.6772 Y143.3225 Z1.8305 E0.2611
G1 X128.3259 Y143.3275 Z1.8323 E0.2612
G1 X128.9744 Y143.3054 Z1.8341 E0.2613
G1 X129.6216 Y143.2562 Z1.8359 E0.2614
G1 X130.2664 Y143.1798 Z1.8377 E0.2615
G1 X130.9076 Y143.0765 Z1.8395 E0.2616
G1 X131.5442 Y142.9464 Z1.8412 E0.2616
G1 X132.1749 Y142.7897 Z1.843 E0.2617
G1 X132.7988 Y142.6067 Z1.8448 E0.2618
G1 X133.4146 Y142.3976 Z1.8466 E0.2619
G1 X134.0213 Y142.1628 Z1.8484 E0.262
G1 X134.6179 Y141.9027 Z1.8502 E0.2621
G1 X135.2032 Y141.6179 Z1.852 E0.2621
G1 X135.7763 Y141.3086 Z1.8537 E0.2622
G1 X136.3361 Y140.9755 Z1.8555 E0.2623
G1 X136.8817 Y140.6191 Z1.8573 E0.2624
G1 X137.4120 Y140.2401 Z1.8591 E0.2625
G1 X137.9262 Y139.8390 Z1.8609 E0.2626
G1 X138.4232 Y139.4167 Z1.8627 E0.2627
G1 X138.9023 Y138.9738 Z1.8645 E0.2628
G1 X139.3626 Y138.5110 Z1.8662 E0.2628
G1 X139.8032 Y138.0292 Z1.868 E0.2629
G1 X140.2235 Y137.5292 Z1.8698 E0.263
G1 X140.6225 Y137.0119 Z1.8716 E0.2631
G1 X140.9996 Y136.4781 Z1.8734 E0.2632
G1 X141.3542 Y135.9289 Z1.8752 E0.2633
G1 X141.6856 Y135.3651 Z1.877 E0.2634
G1 X141.9932 Y134.7877 Z1.8788 E0.2634
G1 X142.2764 Y134.1978 Z1.8805 E0.2635
G1 X142.5347 Y133.5963 Z1.8823 E0.2636
G1 X142.7677 Y132.9843 Z1.8841 E0.2637
G1 X142.9749 Y132.3630 Z1.8859 E0.2638
G1 X143.1560 Y131.7332 Z1.8877 E0.2639
G1 X143.3107 Y131.0963 Z1.8895 E0.264
G1 X143.4385 Y130.4532 Z1.8913 E0.264
G1 X143.5393 Y129.8051 Z1.893 E0.2641
G1 X143.6130 Y129.1531 Z1.8948 E0.2642
G1 X143.6592 Y128.4985 Z1.8966 E0.2643
G1 X143.6780 Y127.8422 Z1.8984 E0.2644
G1 X143.6693 Y127.1855 Z1.9003 E0.2645
G1 X143.6331 Y126.5296 Z1.9022 E0.2646
G1 X143.5694 Y125.8755 Z1.9041 E0.2646
G1 X143.4784 Y125.2245 Z1.906 E0.2647
G1 X143.3601 Y124.5776 Z1.9079 E0.2648
G1 X143.2148 Y123.9361 Z1.9098 E0.2649
G1 X143.0427 Y123.3010 Z1.9117 E0.265
G1 X142.8441 Y122.6735 Z1.9136 E0.2651
G1 X142.6193 Y122.0546 Z1.9155 E0.2652
G1 X142.3687 Y121.4455 Z1.9174 E0.2652
G1 X142.0928 Y120.8472 Z1.9193 E0.2653
G1 X141.7919 Y120.2609 Z1.9212 E0.2654
G1 X141.4666 Y119.6874 Z1.9231 E0.2655
G1 X141.1175 Y119.1279 Z1.9251 E0.2656
G1 X140.7452 Y118.5834 Z1.927 E0.2657
G1 X140.3502 Y118.0547 Z1.9289 E0.2657
G1 X139.9333 Y117.5429 Z1.9308 E0.2658
G1 X139.4953 Y117.0488 Z1.9327 E0.2659
G1 X139.0367 Y116.5734 Z1.9346 E0.266
G1 X138.5585 Y116.1174 Z1.9365 E0.2661
G1 X138.0615 Y115.6818 Z1.9384 E0.2662
G1 X137.5465 Y115.2672 Z1.9403 E0.2662
G1 X137.0144 Y114.8744 Z1.9422 E0.2663
G1 X136.4661 Y114.5041 Z1.9441 E0.2664
G1 X135.9027 Y114.1569 Z1.946 E0.2665
G1 X135.3250 Y113.8336 Z1.9479 E0.2666
G1 X134.7341 Y113.5347 Z1.9498 E0.2667
G1 X134.1310 Y113.2606 Z1.9517 E0.2668
G1 X133.5168 Y113.0120 Z1.9536 E0.2668
G1 X132.8925 Y112.7893 Z1.9555 E0.2669
G1 X132.2592 Y112.5929 Z1.9574 E0.267
G1 X131.6180 Y112.4230 Z1.9593 E0.2671
G1 X130.9701 Y112.2802 Z1.9612 E0.2672
G1 X130.3166 Y112.1645 Z1.9631 E0.2673
G1 X129.6586 Y112.0763 Z1.965 E0.2673
G1 X128.9972 Y112.0157 Z1.9669 E0.2674
G1 X128.3337 Y111.9829 Z1.9688 E0.2675
G1 X127.6692 Y111.9779 Z1.9707 E0.2676
G1 X127.0048 Y112.0007 Z1.9727 E0.2677
G1 X126.3418 Y112.0513 Z1.9746 E0.2678
G1 X125.6813 Y112.1297 Z1.9765 E0.2679
G1 X125.0244 Y112.2357 Z1.9784 E0.2679
G1 X124.3723 Y112.3691 Z1.9803 E0.268
G1 X123.7262 Y112.5298 Z1.9822 E0.2681
G1 X123.0872 Y112.7175 Z1.9841 E0.2682
G1 X122.4564 Y112.9318 Z1.986 E0.2683
G1 X121.8349 Y113.1725 Z1.9879 E0.2684
G1 X121.2239 Y113.4390 Z1.9898 E0.2684
G1 X120.6244 Y113.7310 Z1.9917 E0.2685
G1 X120.0374 Y114.0480 Z1.9936 E0.2686
G1 X119.4640 Y114.3893 Z1.9955 E0.2687
G1 X118.9053 Y114.7545 Z1.9974 E0.2688
G1 X118.3622 Y115.1429 Z1.9993 E0.2689
G1 X117.8356 Y115.5538 Z2.0012 E0.269
G1 X117.3266 Y115.9865 Z2.0031 E0.269
G1 X116.8360 Y116.4404 Z2.005 E0.2691
G1 X116.3647 Y116.9145 Z2.0069 E0.2692
G1 X115.9134 Y117.4081 Z2.0088 E0.2693
G1 X115.4832 Y117.9203 Z2.0107 E0.2694
G1 X115.0746 Y118.4502 Z2.0126 E0.2695
G1 X114.6884 Y118.9970 Z2.0145 E0.2695
G1 X114.3254 Y119.5597 Z2.0164 E0.2696
G1 X113.9862 Y120.1372 Z2.0183 E0.2697
G1 X113.6713 Y120.7286 Z2.0202 E0.2698
G1 X113.3814 Y121.3329 Z2.0222 E0.2699
G1 X113.1169 Y121.9490 Z2.0241 E0.27
G1 X112.8785 Y122.5758 Z2.026 E0.2701
G1 X112.6664 Y123.2122 Z2.0279 E0.2701
G1 X112.4811 Y123.8572 Z2.0298 E0.2702
G1 X112.3229 Y124.5096 Z2.0317 E0.2703
G1 X112.1921 Y125.1682 Z2.0336 E0.2704
G1 X112.0890 Y125.8320 Z2.0355 E0.2705
G1 X112.0138 Y126.4997 Z2.0374 E0.2706
G1 X111.9666 Y127.1701 Z2.0393 E0.2707
G1 X111.9475 Y127.8422 Z2.0412 E0.2707
G1 X111.9565 Y128.5147 Z2.0431 E0.2708
G1 X111.9937 Y129.1864 Z2.045 E0.2709
G1 X112.0591 Y129.8562 Z2.0469 E0.271
G1 X112.1524 Y130.5229 Z2.0488 E0.2711
G1 X112.2737 Y131.1853 Z2.0507 E0.2712
G1 X112.4226 Y131.8422 Z2.0526 E0.2713
G1 X112.5989 Y132.4925 Z2.0545 E0.2713
G1 X112.8024 Y133.1351 Z2.0564 E0.2714
G1 X113.0327 Y133.7688 Z2.0583 E0.2715
G1 X113.2894 Y134.3924 Z2.0602 E0.2716
G1 X113.5721 Y135.0050 Z2.0621 E0.2717
G1 X113.8803 Y135.6054 Z2.064 E0.2718
G1 X114.2135 Y136.1925 Z2.0659 E0.2718
G1 X114.5710 Y136.7654 Z2.0678 E0.2719
G1 X114.9524 Y137.3229 Z2.0697 E0.272
G1 X115.3569 Y137.8642 Z2.0716 E0.2721
G1 X115.7839 Y138.3882 Z2.0735 E0.2722
G1 X116.2326 Y138.8940 Z2.0754 E0.2723
G1 X116.7022 Y139.3807 Z2.0774 E0.2724
G1 X117.1919 Y139.8475 Z2.0793 E0.2724
G1 X117.7009 Y140.2935 Z2.0812 E0.2725
G1 X118.2283 Y140.7179 Z2.0831 E0.2726
G1 X118.7732 Y141.1200 Z2.085 E0.2727
G1 X119.3346 Y141.4991 Z2.0869 E0.2728
G1 X119.9116 Y141.8544 Z2.0888 E0.2729
G1 X120.5031 Y142.1853 Z2.0907 E0.2729
G1 X121.1082 Y142.4913 Z2.0926 E0.273
G1 X121.7257 Y142.7718 Z2.0945 E0.2731
G1 X122.3546 Y143.0262 Z2.0964 E0.2732
G1 X122.9939 Y143.2541 Z2.0983 E0.2733
G1 X123.6423 Y143.4551 Z2.1002 E0.2734
G1 X124.2988 Y143.6289 Z2.1021 E0.2735
G1 X124.9621 Y143.7750 Z2.104 E0.2735
G1 X125.6313 Y143.8933 Z2.1059 E0.2736
G1 X126.3050 Y143.9835 Z2.1078 E0.2737
G1 X126.9821 Y144.0454 Z2.1097 E0.2738
G1 X127.6614 Y144.0789 Z2.1116 E0.2739
G1 X128.3417 Y144.0840 Z2.1135 E0.274
G1 X129.0219 Y144.0605 Z2.1154 E0.2741
G1 X129.7007 Y144.0085 Z2.1173 E0.2741
G1 X130.3769 Y143.9282 Z2.1192 E0.2742
G1 X131.0493 Y143.8195 Z2.1211 E0.2743
G1 X131.7169 Y143.6828 Z2.123 E0.2744
G1 X132.3783 Y143.5182 Z2.1249 E0.2745
G1 X133.0325 Y143.3259 Z2.1268 E0.2746
G1 X133.6782 Y143.1064 Z2.1287 E0.2746
G1 X134.3144 Y142.8599 Z2.1306 E0.2747
G1 X134.9399 Y142.5869 Z2.1325 E0.2748
G1 X135.5535 Y142.2879 Z2.1344 E0.2749
G1 X136.1544 Y141.9634 Z2.1364 E0.275
G1 X136.7412 Y141.6138 Z2.1383 E0.2751
G1 X137.3131 Y141.2399 Z2.1402 E0.2752
G1 X137.8691 Y140.8422 Z2.1421 E0.2752
G1 X138.4080 Y140.4215 Z2.144 E0.2753
G1 X138.9290 Y139.9784 Z2.1459 E0.2754
G1 X139.4311 Y139.5138 Z2.1478 E0.2755
G1 X139.9135 Y139.0283 Z2.1497 E0.2756
G1 X140.3753 Y138.5230 Z2.1516 E0.2757
G1 X140.8157 Y137.9986 Z2.1535 E0.2758
G1 X141.2338 Y137.4560 Z2.1554 E0.2758
G1 X141.6290 Y136.8963 Z2.1573 E0.2759
G1 X142.0005 Y136.3203 Z2.1592 E0.276
G1 X142.3476 Y135.7291 Z2.1611 E0.2761
G1 X142.6698 Y135.1236 Z2.163 E0.2762
G1 X142.9665 Y134.5050 Z2.1649 E0.2763
G1 X143.2370 Y133.8744 Z2.1668 E0.2764
G1 X143.4810 Y133.2327 Z2.1687 E0.2764
G1 X143.6980 Y132.5813 Z2.1706 E0.2765
G1 X143.8876 Y131.9210 Z2.1725 E0.2766
G1 X144.0494 Y131.2533 Z2.1744 E0.2767
G1 X144.1831 Y130.5791 Z2.1763 E0.2768
G1 X144.2885 Y129.8997 Z2.1782 E0.2769
G1 X144.3654 Y129.2163 Z2.1801 E0.277
G1 X144.4136 Y128.5301 Z2.182 E0.277
G1 X144.4330 Y127.8422 Z2.1839 E0.2771
G1 X144.4236 Y127.1539 Z2.1859 E0.2772
G1 X144.3854 Y126.4664 Z2.1879 E0.2773
G1 X144.3183 Y125.7809 Z2.19 E0.2774
G1 X144.2226 Y125.0986 Z2.192 E0.2775
G1 X144.0984 Y124.4207 Z2.194 E0.2775
G1 X143.9458 Y123.7484 Z2.196 E0.2776
G1 X143.7652 Y123.0829 Z2.198 E0.2777
G1 X143.5568 Y122.4253 Z2.2 E0.2778
G1 X143.3210 Y121.7768 Z2.202 E0.2779
G1 X143.0581 Y121.1386 Z2.204 E0.278
G1 X142.7686 Y120.5117 Z2.206 E0.278
G1 X142.4531 Y119.8974 Z2.208 E0.2781
G1 X142.1120 Y119.2966 Z2.21 E0.2782
G1 X141.7459 Y118.7104 Z2.212 E0.2783
G1 X141.3555 Y118.1400 Z2.214 E0.2784
G1 X140.9414 Y117.5862 Z2.216 E0.2785
G1 X140.5044 Y117.0500 Z2.2181 E0.2786
G1 X140.0451 Y116.5325 Z2.2201 E0.2786
G1 X139.5644 Y116.0345 Z2.2221 E0.2787
G1 X139.0632 Y115.5570 Z2.2241 E0.2788
G1 X138.5422 Y115.1007 Z2.2261 E0.2789
G1 X138.0024 Y114.6665 Z2.2281 E0.279
G1 X137.4448 Y114.2551 Z2.2301 E0.2791
G1 X136.8702 Y113.8674 Z2.2321 E0.2791
G1 X136.2797 Y113.5040 Z2.2341 E0.2792
G1 X135.6743 Y113.1655 Z2.2361 E0.2793
G1 X135.0551 Y112.8525 Z2.2381 E0.2794
G1 X134.4232 Y112.5657 Z2.2401 E0.2795
G1 X133.7796 Y112.3055 Z2.2421 E0.2796
G1 X133.1254 Y112.0724 Z2.2442 E0.2796
G1 X132.4619 Y111.8669 Z2.2462 E0.2797
G1 X131.7901 Y111.6892 Z2.2482 E0.2798
G1 X131.1113 Y111.5398 Z2.2502 E0.2799
G1 X130.4267 Y111.4190 Z2.2522 E0.28
G1 X129.7373 Y111.3269 Z2.2542 E0.2801
G1 X129.0445 Y111.2637 Z2.2562 E0.2801
G1 X128.3495 Y111.2296 Z2.2582 E0.2802
G1 X127.6534 Y111.2246 Z2.2602 E0.2803
G1 X126.9575 Y111.2487 Z2.2622 E0.2804
G1 X126.2631 Y111.3020 Z2.2642 E0.2805
G1 X125.5712 Y111.3844 Z2.2662 E0.2806
G1 X124.8832 Y111.4957 Z2.2682 E0.2806
G1 X124.2003 Y111.6358 Z2.2703 E0.2807
G1 X123.5237 Y111.8044 Z2.2723 E0.2808
G1 X122.8544 Y112.0012 Z2.2743 E0.2809
G1 X122.1939 Y112.2259 Z2.2763 E0.281
G1 X121.5431 Y112.4782 Z2.2783 E0.2811
G1 X120.9032 Y112.7576 Z2.2803 E0.2812
G1 X120.2755 Y113.0637 Z2.2823 E0.2812
G1 X119.6609 Y113.3959 Z2.2843 E0.2813
G1 X119.0606 Y113.7536 Z2.2863 E0.2814
G1 X118.4756 Y114.1363 Z2.2883 E0.2815
G1 X117.9070 Y114.5432 Z2.2903 E0.2816
G1 X117.3558 Y114.9737 Z2.2923 E0.2817
G1 X116.8229 Y115.4271 Z2.2943 E0.2817
G1 X116.3093 Y115.9025 Z2.2963 E0.2818
G1 X115.8160 Y116.3992 Z2.2984 E0.2819
G1 X115.3437 Y116.9163 Z2.3004 E0.282
G1 X114.8933 Y117.4528 Z2.3024 E0.2821
G1 X114.4657 Y118.0079 Z2.3044 E0.2822
G1 X114.0616 Y118.5806 Z2.3064 E0.2822
G1 X113.6818 Y119.1699 Z2.3084 E0.2823
G1 X113.3268 Y119.7747 Z2.3104 E0.2824
G1 X112.9973 Y120.3941 Z2.3124 E0.2825
G1 X112.6941 Y121.0269 Z2.3144 E0.2826
G1 X112.4174 Y121.6720 Z2.3164 E0.2827
G1 X112.1680 Y122.3284 Z2.3184 E0.2828
G1 X111.9462 Y122.9948 Z2.3204 E0.2828
G1 X111.7525 Y123.6702 Z2.3224 E0.2829
G1 X111.5871 Y124.3532 Z2.3244 E0.283
G1 X111.4505 Y125.0428 Z2.3265 E0.2831
G1 X111.3429 Y125.7377 Z2.3285 E0.2832
G1 X111.2644 Y126.4367 Z2.3305 E0.2833
G1 X111.2152 Y127.1386 Z2.3325 E0.2833
G1 X111.1955 Y127.8422 Z2.3345 E0.2834
G1 X111.2052 Y128.5462 Z2.3365 E0.2835
G1 X111.2445 Y129.2493 Z2.3385 E0.2836
G1 X111.3131 Y129.9504 Z2.3405 E0.2837
G1 X111.4111 Y130.6483 Z2.3425 E0.2838
G1 X111.5383 Y131.3416 Z2.3445 E0.2838
G1 X111.6945 Y132.0291 Z2.3465 E0.2839
G1 X111.8793 Y132.7098 Z2.3485 E0.284
G1 X112.0926 Y133.3823 Z2.3505 E0.2841
G1 X112.3339 Y134.0455 Z2.3525 E0.2842
G1 X112.6028 Y134.6981 Z2.3546 E0.2843
G1 X112.8990 Y135.3392 Z2.3566 E0.2844
G1 X113.2218 Y135.9674 Z2.3586 E0.2844
G1 X113.5707 Y136.5818 Z2.3606 E0.2845
G1 X113.9452 Y137.1812 Z2.3626 E0.2846
G1 X114.3445 Y137.7645 Z2.3646 E0.2847
G1 X114.7681 Y138.3308 Z2.3666 E0.2848
G1 X115.2152 Y138.8791 Z2.3686 E0.2849
G1 X115.6849 Y139.4082 Z2.3706 E0.2849
G1 X116.1766 Y139.9174 Z2.3726 E0.285
G1 X116.6893 Y140.4057 Z2.3746 E0.2851
G1 X117.2221 Y140.8722 Z2.3766 E0.2852
G1 X117.7742 Y141.3162 Z2.3786 E0.2853
G1 X118.3445 Y141.7367 Z2.3806 E0.2854
G1 X118.9322 Y142.1332 Z2.3826 E0.2854
G1 X119.5361 Y142.5047 Z2.3847 E0.2855
G1 X120.1552 Y142.8508 Z2.3867 E0.2856
G1 X120.7884 Y143.1707 Z2.3887 E0.2857
G1 X121.4347 Y143.4639 Z2.3907 E0.2858
G1 X122.0929 Y143.7299 Z2.3927 E0.2859
G1 X122.7619 Y143.9681 Z2.3947 E0.286
G1 X123.4404 Y144.1782 Z2.3967 E0.286
G1 X124.1273 Y144.3597 Z2.3987 E0.2861
G1 X124.8215 Y144.5124 Z2.4007 E0.2862
G1 X125.5216 Y144.6359 Z2.4027 E0.2863
G1 X126.2265 Y144.7300 Z2.4047 E0.2864
G1 X126.9350 Y144.7945 Z2.4067 E0.2865
G1 X127.6457 Y144.8292 Z2.4087 E0.2865
G1 X128.3574 Y144.8342 Z2.4107 E0.2866
G1 X129.0690 Y144.8094 Z2.4127 E0.2867
G1 X129.7791 Y144.7548 Z2.4148 E0.2868
G1 X130.4865 Y144.6704 Z2.4168 E0.2869
G1 X131.1899 Y144.5565 Z2.4188 E0.287
G1 X131.8882 Y144.4132 Z2.4208 E0.2871
G1 X132.5801 Y144.2407 Z2.4228 E0.2871
G1 X133.2643 Y144.0394 Z2.4248 E0.2872
G1 X133.9397 Y143.8095 Z2.4268 E0.2873
G1 X134.6050 Y143.5514 Z2.4288 E0.2874
G1 X135.2592 Y143.2656 Z2.4308 E0.2875
G1 X135.9010 Y142.9526 Z2.4328 E0.2876
G1 X136.5293 Y142.6128 Z2.4348 E0.2876
G1 X137.1431 Y142.2470 Z2.4368 E0.2877
G1 X137.7411 Y141.8557 Z2.4388 E0.2878
G1 X138.3224 Y141.4395 Z2.4408 E0.2879
G1 X138.8859 Y140.9992 Z2.4428 E0.288
G1 X139.4307 Y140.5356 Z2.4449 E0.2881
G1 X139.9557 Y140.0494 Z2.4469 E0.2881
G1 X140.4600 Y139.5415 Z2.4489 E0.2882
G1 X140.9428 Y139.0128 Z2.4509 E0.2883
G1 X141.4031 Y138.4642 Z2.4529 E0.2884
G1 X141.8402 Y137.8966 Z2.4549 E0.2885
G1 X142.2533 Y137.3111 Z2.4569 E0.2886
G1 X142.6416 Y136.7085 Z2.4589 E0.2887
G1 X143.0044 Y136.0901 Z2.4609 E0.2887
G1 X143.3411 Y135.4568 Z2.4629 E0.2888
G1 X143.6511 Y134.8098 Z2.4649 E0.2889
G1 X143.9337 Y134.1502 Z2.4669 E0.289
G1 X144.1886 Y133.4792 Z2.4689 E0.2891
G1 X144.4153 Y132.7978 Z2.4709 E0.2892
G1 X144.6132 Y132.1074 Z2.4729 E0.2893
G1 X144.7821 Y131.4090 Z2.475 E0.2893
G1 X144.9217 Y130.7040 Z2.477 E0.2894
G1 X145.0317 Y129.9936 Z2.479 E0.2895
G1 X145.1118 Y129.2790 Z2.481 E0.2896
G1 X145.1619 Y128.5614 Z2.483 E0.2897
G1 X145.1820 Y127.8422 Z2.485 E0.2898
G1 X145.1719 Y127.1225 Z2.4871 E0.2898
G1 X145.1316 Y126.4037 Z2.4892 E0.2899
G1 X145.0613 Y125.6870 Z2.4913 E0.29
G1 X144.9610 Y124.9737 Z2.4934 E0.2901
G1 X144.8308 Y124.2650 Z2.4955 E0.2902
G1 X144.6711 Y123.5622 Z2.4975 E0.2903
G1 X144.4820 Y122.8665 Z2.4996 E0.2903
G1 X144.2638 Y122.1791 Z2.5017 E0.2904
G1 X144.0170 Y121.5012 Z2.5038 E0.2905
G1 X143.7420 Y120.8341 Z2.5059 E0.2906
G1 X143.4391 Y120.1789 Z2.508 E0.2907
G1 X143.1090 Y119.5368 Z2.5101 E0.2908
G1 X142.7522 Y118.9089 Z2.5122 E0.2908
G1 X142.3693 Y118.2962 Z2.5143 E0.2909
G1 X141.9610 Y117.7000 Z2.5164 E0.291
G1 X141.5279 Y117.1213 Z2.5185 E0.2911
G1 X141.0709 Y116.5610 Z2.5206 E0.2912
G1 X140.5906 Y116.0202 Z2.5226 E0.2913
G1 X140.0880 Y115.4999 Z2.5247 E0.2913
G1 X139.5638 Y115.0009 Z2.5268 E0.2914
G1 X139.0191 Y114.5242 Z2.5289 E0.2915
G1 X138.4548 Y114.0705 Z2.531 E0.2916
G1 X137.8717 Y113.6408 Z2.5331 E0.2917
G1 X137.2710 Y113.2358 Z2.5352 E0.2918
G1 X136.6537 Y112.8561 Z2.5373 E0.2918
G1 X136.0209 Y112.5025 Z2.5394 E0.2919
G1 X135.3736 Y112.1757 Z2.5415 E0.292
G1 X134.7130 Y111.8762 Z2.5436 E0.2921
G1 X134.0403 Y111.6045 Z2.5457 E0.2922
G1 X133.3565 Y111.3611 Z2.5477 E0.2923
G1 X132.6630 Y111.1466 Z2.5498 E0.2923
G1 X131.9609 Y110.9612 Z2.5519 E0.2924
G1 X131.2515 Y110.8053 Z2.554 E0.2925
G1 X130.5359 Y110.6792 Z2.5561 E0.2926
G1 X129.8155 Y110.5832 Z2.5582 E0.2927
G1 X129.0915 Y110.5175 Z2.5603 E0.2928
G1 X128.3651 Y110.4821 Z2.5624 E0.2928
G1 X127.6378 Y110.4771 Z2.5645 E0.2929
G1 X126.9106 Y110.5026 Z2.5666 E0.293
G1 X126.1849 Y110.5586 Z2.5687 E0.2931
G1 X125.4620 Y110.6449 Z2.5708 E0.2932
G1 X124.7432 Y110.7615 Z2.5729 E0.2933
G1 X124.0296 Y110.9081 Z2.5749 E0.2933
G1 X123.3227 Y111.0845 Z2.577 E0.2934
G1 X122.6235 Y111.2904 Z2.5791 E0.2935
G1 X121.9334 Y111.5255 Z2.5812 E0.2936
G1 X121.2535 Y111.7893 Z2.5833 E0.2937
G1 X120.5851 Y112.0815 Z2.5854 E0.2938
G1 X119.9293 Y112.4015 Z2.5875 E0.2938
G1 X119.2873 Y112.7488 Z2.5896 E0.2939
G1 X118.6602 Y113.1227 Z2.5917 E0.294
G1 X118.0492 Y113.5227 Z2.5938 E0.2941
G1 X117.4553 Y113.9481 Z2.5959 E0.2942
G1 X116.8796 Y114.3981 Z2.598 E0.2943
G1 X116.3230 Y114.8720 Z2.6001 E0.2943
G1 X115.7867 Y115.3688 Z2.6021 E0.2944
G1 X115.2714 Y115.8879 Z2.6042 E0.2945
G1 X114.7783 Y116.4282 Z2.6063 E0.2946
G1 X114.3080 Y116.9889 Z2.6084 E0.2947
G1 X113.8615 Y117.5689 Z2.6105 E0.2948
G1 X113.4396 Y118.1673 Z2.6126 E0.2948
G1 X113.0430 Y118.7830 Z2.6147 E0.2949
G1 X112.6724 Y119.4150 Z2.6168 E0.295
G1 X112.3285 Y120.0621 Z2.6189 E0.2951
G1 X112.0119 Y120.7232 Z2.621 E0.2952
G1 X111.7232 Y121.3972 Z2.6231 E0.2953
G1 X111.4629 Y122.0829 Z2.6252 E0.2953
G1 X111.2315 Y122.7790 Z2.6272 E0.2954
G1 X111.0294 Y123.4845 Z2.6293 E0.2955
G1 X110.8570 Y124.1980 Z2.6314 E0.2956
G1 X110.7145 Y124.9183 Z2.6335 E0.2957
G1 X110.6023 Y125.6442 Z2.6356 E0.2958
G1 X110.5206 Y126.3743 Z2.6377 E0.2958
G1 X110.4695 Y127.1074 Z2.6398 E0.2959
G1 X110.4491 Y127.8422 Z2.6419 E0.296
G1 X110.4596 Y128.5774 Z2.644 E0.2961
G1 X110.5008 Y129.3118 Z2.6461 E0.2962
G1 X110.5728 Y130.0440 Z2.6482 E0.2963
G1 X110.6754 Y130.7727 Z2.6503 E0.2963
G1 X110.8085 Y131.4967 Z2.6523 E0.2964
G1 X110.9718 Y132.2147 Z2.6544 E0.2965
G1 X111.1651 Y132.9254 Z2.6565 E0.2966
G1 X111.3880 Y133.6276 Z2.6586 E0.2967
G1 X111.6402 Y134.3201 Z2.6607 E0.2968
G1 X111.9213 Y135.0015 Z2.6628 E0.2969
G1 X112.2308 Y135.6708 Z2.6649 E0.2969
G1 X112.5681 Y136.3268 Z2.667 E0.297
G1 X112.9327 Y136.9682 Z2.6691 E0.2971
G1 X113.3240 Y137.5939 Z2.6712 E0.2972
G1 X113.7412 Y138.2029 Z2.6733 E0.2973
G1 X114.1837 Y138.7941 Z2.6754 E0.2974
G1 X114.6507 Y139.3663 Z2.6774 E0.2974
G1 X115.1413 Y139.9187 Z2.6795 E0.2975
G1 X115.6549 Y140.4502 Z2.6816 E0.2976
G1 X116.1903 Y140.9598 Z2.6837 E0.2977
G1 X116.7468 Y141.4467 Z2.6858 E0.2978
G1 X117.3234 Y141.9101 Z2.6879 E0.2979
G1 X117.9190 Y142.3489 Z2.69 E0.2979
G1 X118.5327 Y142.7626 Z2.6921 E0.298
G1 X119.1633 Y143.1503 Z2.6942 E0.2981
G1 X119.8098 Y143.5114 Z2.6963 E0.2982
G1 X120.4711 Y143.8452 Z2.6984 E0.2983
G1 X121.1459 Y144.1511 Z2.7004 E0.2984
G1 X121.8331 Y144.4285 Z2.7025 E0.2984
G1 X122.5316 Y144.6769 Z2.7046 E0.2985
G1 X123.2400 Y144.8960 Z2.7067 E0.2986
G1 X123.9572 Y145.0853 Z2.7088 E0.2987
G1 X124.6819 Y145.2444 Z2.7109 E0.2988
G1 X125.4128 Y145.3730 Z2.713 E0.2989
G1 X126.1486 Y145.4710 Z2.7151 E0.2989
G1 X126.8882 Y145.5381 Z2.7172 E0.299
G1 X127.6301 Y145.5741 Z2.7193 E0.2991
G1 X128.3730 Y145.5791 Z2.7214 E0.2992
G1 X129.1158 Y145.5529 Z2.7235 E0.2993
G1 X129.8570 Y145.4956 Z2.7255 E0.2994
G1 X130.5953 Y145.4074 Z2.7276 E0.2994
G1 X131.3295 Y145.2882 Z2.7297 E0.2995
G1 X132.0583 Y145.1384 Z2.7318 E0.2996
G1 X132.7803 Y144.9581 Z2.7339 E0.2997
G1 X133.4944 Y144.7477 Z2.736 E0.2998
G1 X134.1993 Y144.5075 Z2.7381 E0.2999
G1 X134.8936 Y144.2379 Z2.7402 E0.3
G1 X135.5763 Y143.9394 Z2.7423 E0.3
G1 X136.2460 Y143.6125 Z2.7444 E0.3001
G1 X136.9016 Y143.2577 Z2.7465 E0.3002
G1 X137.5420 Y142.8756 Z2.7485 E0.3003
G1 X138.1660 Y142.4670 Z2.7506 E0.3004
G1 X138.7725 Y142.0325 Z2.7527 E0.3005
G1 X139.3605 Y141.5728 Z2.7548 E0.3005
G1 X139.9288 Y141.0888 Z2.7569 E0.3006
G1 X140.4765 Y140.5813 Z2.759 E0.3007
G1 X141.0026 Y140.0511 Z2.7611 E0.3008
G1 X141.5062 Y139.4992 Z2.7632 E0.3009
G1 X141.9864 Y138.9265 Z2.7653 E0.301
G1 X142.4423 Y138.3341 Z2.7674 E0.301
G1 X142.8731 Y137.7229 Z2.7695 E0.3011
G1 X143.2781 Y137.0940 Z2.7716 E0.3012
G1 X143.6565 Y136.4486 Z2.7736 E0.3013
G1 X144.0076 Y135.7877 Z2.7757 E0.3014
G1 X144.3308 Y135.1125 Z2.7778 E0.3015
G1 X144.6255 Y134.4241 Z2.7799 E0.3015
G1 X144.8912 Y133.7238 Z2.782 E0.3016
G1 X145.1275 Y133.0128 Z2.7841 E0.3017
G1 X145.3338 Y132.2924 Z2.7862 E0.3018
G1 X145.5098 Y131.5637 Z2.7883 E0.3019
G1 X145.6551 Y130.8281 Z2.7904 E0.302
G1 X145.7696 Y130.0868 Z2.7925 E0.302
G1 X145.8530 Y129.3412 Z2.7946 E0.3021
G1 X145.9050 Y128.5926 Z2.7966 E0.3022
G1 X145.9257 Y127.8422 Z2.7987 E0.3023
G1 X145.9149 Y127.0914 Z2.8009 E0.3024
G1 X145.8727 Y126.3415 Z2.8031 E0.3025
G1 X145.7990 Y125.5938 Z2.8053 E0.3025
G1 X145.6941 Y124.8497 Z2.8074 E0.3026
G1 X145.5581 Y124.1104 Z2.8096 E0.3027
G1 X145.3912 Y123.3773 Z2.8118 E0.3028
G1 X145.1937 Y122.6516 Z2.8139 E0.3029
G1 X144.9659 Y121.9346 Z2.8161 E0.303
G1 X144.7082 Y121.2275 Z2.8183 E0.303
G1 X144.4211 Y120.5317 Z2.8205 E0.3031
G1 X144.1049 Y119.8484 Z2.8226 E0.3032
G1 X143.7604 Y119.1787 Z2.8248 E0.3033
G1 X143.3880 Y118.5238 Z2.827 E0.3034
G1 X142.9884 Y117.8849 Z2.8291 E0.3035
G1 X142.5622 Y117.2632 Z2.8313 E0.3035
G1 X142.1103 Y116.6597 Z2.8335 E0.3036
G1 X141.6334 Y116.0755 Z2.8357 E0.3037
G1 X141.1323 Y115.5116 Z2.8378 E0.3038
G1 X140.6079 Y114.9690 Z2.84 E0.3039
G1 X140.0610 Y114.4487 Z2.8422 E0.304
G1 X139.4927 Y113.9517 Z2.8443 E0.304
G1 X138.9040 Y113.4788 Z2.8465 E0.3041
G1 X138.2957 Y113.0308 Z2.8487 E0.3042
G1 X137.6691 Y112.6085 Z2.8509 E0.3043
G1 X137.0252 Y112.2128 Z2.853 E0.3044
G1 X136.3650 Y111.8443 Z2.8552 E0.3045
G1 X135.6899 Y111.5036 Z2.8574 E0.3045
G1 X135.0008 Y111.1914 Z2.8596 E0.3046
G1 X134.2992 Y110.9083 Z2.8617 E0.3047
G1 X133.5860 Y110.6548 Z2.8639 E0.3048
G1 X132.8627 Y110.4313 Z2.8661 E0.3049
G1 X132.1305 Y110.2382 Z2.8682 E0.3049
G1 X131.3906 Y110.0759 Z2.8704 E0.305
G1 X130.6444 Y109.9447 Z2.8726 E0.3051
G1 X129.8931 Y109.8448 Z2.8748 E0.3052
G1 X129.1381 Y109.7765 Z2.8769 E0.3053
G1 X128.3807 Y109.7398 Z2.8791 E0.3054
G1 X127.6222 Y109.7349 Z2.8813 E0.3055
G1 X126.8640 Y109.7617 Z2.8834 E0.3055
G1 X126.1073 Y109.8203 Z2.8856 E0.3056
G1 X125.3536 Y109.9106 Z2.8878 E0.3057
G1 X124.6041 Y110.0323 Z2.89 E0.3058
G1 X123.8602 Y110.1854 Z2.8921 E0.3059
G1 X123.1231 Y110.3696 Z2.8943 E0.3059
G1 X122.3941 Y110.5845 Z2.8965 E0.306
G1 X121.6747 Y110.8299 Z2.8987 E0.3061
G1 X120.9659 Y111.1052 Z2.9008 E0.3062
G1 X120.2691 Y111.4100 Z2.903 E0.3063
G1 X119.5855 Y111.7439 Z2.9052 E0.3064
G1 X118.9163 Y112.1062 Z2.9073 E0.3064
G1 X118.2627 Y112.4963 Z2.9095 E0.3065
G1 X117.6258 Y112.9135 Z2.9117 E0.3066
G1 X117.0068 Y113.3572 Z2.9139 E0.3067
G1 X116.4067 Y113.8265 Z2.916 E0.3068
G1 X115.8267 Y114.3207 Z2.9182 E0.3069
G1 X115.2677 Y114.8388 Z2.9204 E0.3069
G1 X114.7307 Y115.3801 Z2.9225 E0.307
G1 X114.2168 Y115.9435 Z2.9247 E0.3071
G1 X113.7268 Y116.5282 Z2.9269 E0.3072
G1 X113.2615 Y117.1330 Z2.9291 E0.3073
G1 X112.8219 Y117.7569 Z2.9312 E0.3074
G1 X112.4087 Y118.3988 Z2.9334 E0.3074
G1 X112.0226 Y119.0577 Z2.9356 E0.3075
G1 X111.6643 Y119.7324 Z2.9377 E0.3076
G1 X111.3346 Y120.4216 Z2.9399 E0.3077
G1 X111.0338 Y121.1242 Z2.9421 E0.3078
G1 X110.7628 Y121.8390 Z2.9443 E0.3079
G1 X110.5218 Y122.5648 Z2.9464 E0.3079
G1 X110.3114 Y123.3001 Z2.9486 E0.308
G1 X110.1319 Y124.0439 Z2.9508 E0.3081
G1 X109.9836 Y124.7947 Z2.953 E0.3082
G1 X109.8669 Y125.5513 Z2.9551 E0.3083
G1 X109.7820 Y126.3123 Z2.9573 E0.3084
G1 X109.7290 Y127.0764 Z2.9595 E0.3084
G1 X109.7080 Y127.8422 Z2.9616 E0.3085
G1 X109.7191 Y128.6085 Z2.9638 E0.3086
G1 X109.7624 Y129.3738 Z2.966 E0.3087
G1 X109.8376 Y130.1368 Z2.9682 E0.3088
G1 X109.9448 Y130.8963 Z2.9703 E0.3088
G1 X110.0837 Y131.6507 Z2.9725 E0.3089
G1 X110.2541 Y132.3989 Z2.9747 E0.309
G1 X110.4558 Y133.1396 Z2.9768 E0.3091
G1 X110.6884 Y133.8713 Z2.979 E0.3092
G1 X110.9515 Y134.5928 Z2.9812 E0.3093
G1 X111.2446 Y135.3029 Z2.9834 E0.3093
G1 X111.5673 Y136.0002 Z2.9855 E0.3094
G1 X111.9190 Y136.6836 Z2.9877 E0.3095
G1 X112.2992 Y137.3519 Z2.9899 E0.3096
G1 X112.7071 Y138.0038 Z2.992 E0.3097
G1 X113.1420 Y138.6383 Z2.9942 E0.3098
G1 X113.6033 Y139.2541 Z2.9964 E0.3098
G1 X114.0901 Y139.8502 Z2.9986 E0.3099
G1 X114.6015 Y140.4256 Z3.0007 E0.31
G1 X115.1368 Y140.9792 Z3.0029 E0.3101
G1 X115.6949 Y141.5101 Z3.0051 E0.3102
G1 X116.2749 Y142.0172 Z3.0072 E0.3103
G1 X116.8758 Y142.4998 Z3.0094 E0.3103
G1 X117.4965 Y142.9569 Z3.0116 E0.3104
G1 X118.1360 Y143.3877 Z3.0138 E0.3105
G1 X118.7932 Y143.7914 Z3.0159 E0.3106
G1 X119.4669 Y144.1674 Z3.0181 E0.3107
G1 X120.1559 Y144.5149 Z3.0203 E0.3108
G1 X120.8591 Y144.8334 Z3.0224 E0.3108
G1 X121.5751 Y145.1222 Z3.0246 E0.3109
G1 X122.3029 Y145.3808 Z3.0268 E0.311
G1 X123.0410 Y145.6088 Z3.0289 E0.3111
G1 X123.7882 Y145.8057 Z3.0311 E0.3112
G1 X124.5432 Y145.9713 Z3.0333 E0.3113
G1 X125.3047 Y146.1050 Z3.0355 E0.3113
G1 X126.0713 Y146.2069 Z3.0376 E0.3114
G1 X126.8417 Y146.2765 Z3.0398 E0.3115
G1 X127.6146 Y146.3138 Z3.042 E0.3116
G1 X128.3885 Y146.3187 Z3.0441 E0.3117
G1 X129.1622 Y146.2912 Z3.0463 E0.3118
G1 X129.9343 Y146.2313 Z3.0485 E0.3118
G1 X130.7034 Y146.1391 Z3.0507 E0.3119
G1 X131.4681 Y146.0148 Z3.0528 E0.312
G1 X132.2272 Y145.8585 Z3.055 E0.3121
G1 X132.9792 Y145.6705 Z3.0572 E0.3122
G1 X133.7230 Y145.4511 Z3.0593 E0.3123
G1 X134.4570 Y145.2006 Z3.0615 E0.3123
G1 X135.1802 Y144.9196 Z3.0637 E0.3124
G1 X135.8911 Y144.6085 Z3.0659 E0.3125
G1 X136.5886 Y144.2678 Z3.068 E0.3126
G1 X137.2713 Y143.8980 Z3.0702 E0.3127
G1 X137.9382 Y143.4999 Z3.0724 E0.3128
G1 X138.5880 Y143.0741 Z3.0745 E0.3128
G1 X139.2195 Y142.6214 Z3.0767 E0.3129
G1 X139.8317 Y142.1424 Z3.0789 E0.313
G1 X140.4234 Y141.6381 Z3.0811 E0.3131
G1 X140.9937 Y141.1094 Z3.0832 E0.3132
G1 X141.5415 Y140.5571 Z3.0854 E0.3133
G1 X142.0657 Y139.9821 Z3.0876 E0.3133
G1 X142.5656 Y139.3856 Z3.0897 E0.3134
G1 X143.0402 Y138.7685 Z3.0919 E0.3135
G1 X143.4887 Y138.1319 Z3.0941 E0.3136
G1 X143.9102 Y137.4769 Z3.0963 E0.3137
G1 X144.3040 Y136.8046 Z3.0984 E0.3138
G1 X144.6694 Y136.1162 Z3.1006 E0.3138
G1 X145.0058 Y135.4130 Z3.1028 E0.3139
G1 X145.3125 Y134.6961 Z3.1049 E0.314
G1 X145.5890 Y133.9668 Z3.1071 E0.3141
G1 X145.8347 Y133.2264 Z3.1093 E0.3142
G1 X146.0493 Y132.4761 Z3.1115 E0.3143
G1 X146.2324 Y131.7173 Z3.1136 E0.3143
G1 X146.3835 Y130.9513 Z3.1158 E0.3144
G1 X146.5024 Y130.1794 Z3.118 E0.3145
G1 X146.5890 Y129.4030 Z3.1201 E0.3146
G1 X146.6430 Y128.6235 Z3.1223 E0.3147
G1 X146.6643 Y127.8422 Z3.1245 E0.3148
G1 X146.6528 Y127.0605 Z3.1267 E0.3148
G1 X146.6085 Y126.2797 Z3.129 E0.3149
G1 X146.5316 Y125.5013 Z3.1313 E0.315
G1 X146.4222 Y124.7266 Z3.1335 E0.3151
G1 X146.2803 Y123.9569 Z3.1358 E0.3152
G1 X146.1063 Y123.1937 Z3.138 E0.3152
G1 X145.9005 Y122.4382 Z3.1403 E0.3153
G1 X145.6631 Y121.6918 Z3.1425 E0.3154
G1 X145.3946 Y120.9558 Z3.1448 E0.3155
G1 X145.0954 Y120.2315 Z3.147 E0.3156
G1 X144.7661 Y119.5202 Z3.1493 E0.3157
G1 X144.4072 Y118.8231 Z3.1515 E0.3157
G1 X144.0193 Y118.1415 Z3.1538 E0.3158
G1 X143.6031 Y117.4765 Z3.1561 E0.3159
G1 X143.1593 Y116.8294 Z3.1583 E0.316
G1 X142.6886 Y116.2013 Z3.1606 E0.3161
G1 X142.1920 Y115.5933 Z3.1628 E0.3162
G1 X141.6702 Y115.0065 Z3.1651 E0.3162
G1 X141.1241 Y114.4418 Z3.1673 E0.3163
G1 X140.5547 Y113.9005 Z3.1696 E0.3164
G1 X139.9630 Y113.3832 Z3.1718 E0.3165
G1 X139.3500 Y112.8911 Z3.1741 E0.3166
G1 X138.7167 Y112.4250 Z3.1764 E0.3166
G1 X138.0643 Y111.9857 Z3.1786 E0.3167
G1 X137.3939 Y111.5740 Z3.1809 E0.3168
G1 X136.7067 Y111.1906 Z3.1831 E0.3169
G1 X136.0039 Y110.8363 Z3.1854 E0.317
G1 X135.2866 Y110.5116 Z3.1876 E0.3171
G1 X134.5562 Y110.2171 Z3.1899 E0.3171
G1 X133.8139 Y109.9535 Z3.1921 E0.3172
G1 X133.0610 Y109.7211 Z3.1944 E0.3173
G1 X132.2989 Y109.5203 Z3.1967 E0.3174
G1 X131.5288 Y109.3516 Z3.1989 E0.3175
G1 X130.7521 Y109.2153 Z3.2012 E0.3176
G1 X129.9702 Y109.1116 Z3.2034 E0.3176
G1 X129.1844 Y109.0407 Z3.2057 E0.3177
G1 X128.3961 Y109.0028 Z3.2079 E0.3178
G1 X127.6068 Y108.9979 Z3.2102 E0.3179
G1 X126.8177 Y109.0261 Z3.2125 E0.318
G1 X126.0303 Y109.0873 Z3.2147 E0.318
G1 X125.2459 Y109.1815 Z3.217 E0.3181
G1 X124.4660 Y109.3084 Z3.2192 E0.3182
G1 X123.6919 Y109.4680 Z3.2215 E0.3183
G1 X122.9249 Y109.6599 Z3.2237 E0.3184
G1 X122.1665 Y109.8838 Z3.226 E0.3185
G1 X121.4178 Y110.1393 Z3.2282 E0.3185
G1 X120.6804 Y110.4260 Z3.2305 E0.3186
G1 X119.9554 Y110.7434 Z3.2328 E0.3187
G1 X119.2442 Y111.0910 Z3.235 E0.3188
G1 X118.5480 Y111.4682 Z3.2373 E0.3189
G1 X117.8680 Y111.8743 Z3.2395 E0.3189
G1 X117.2054 Y112.3087 Z3.2418 E0.319
G1 X116.5615 Y112.7705 Z3.244 E0.3191
G1 X115.9372 Y113.2590 Z3.2463 E0.3192
G1 X115.3339 Y113.7734 Z3.2485 E0.3193
G1 X114.7524 Y114.3127 Z3.2508 E0.3194
G1 X114.1939 Y114.8760 Z3.2531 E0.3194
G1 X113.6594 Y115.4624 Z3.2553 E0.3195
G1 X113.1497 Y116.0708 Z3.2576 E0.3196
G1 X112.6659 Y116.7002 Z3.2598 E0.3197
G1 X112.2087 Y117.3495 Z3.2621 E0.3198
G1 X111.7789 Y118.0175 Z3.2643 E0.3199
G1 X111.3775 Y118.7031 Z3.2666 E0.3199
G1 X111.0050 Y119.4051 Z3.2688 E0.32
G1 X110.6621 Y120.1222 Z3.2711 E0.3201
G1 X110.3495 Y120.8533 Z3.2734 E0.3202
G1 X110.0677 Y121.5970 Z3.2756 E0.3203
G1 X109.8172 Y122.3520 Z3.2779 E0.3203
G1 X109.5985 Y123.1171 Z3.2801 E0.3204
G1 X109.4120 Y123.8909 Z3.2824 E0.3205
G1 X109.2581 Y124.6720 Z3.2846 E0.3206
G1 X109.1369 Y125.4590 Z3.2869 E0.3207
G1 X109.0488 Y126.2507 Z3.2891 E0.3208
G1 X108.9939 Y127.0455 Z3.2914 E0.3208
G1 X108.9723 Y127.8422 Z3.2936 E0.3209
G1 X108.9841 Y128.6393 Z3.2959 E0.321
G1 X109.0293 Y129.4353 Z3.2982 E0.3211
G1 X109.1078 Y130.2290 Z3.3004 E0.3212
G1 X109.2195 Y131.0189 Z3.3027 E0.3213
G1 X109.3642 Y131.8037 Z3.3049 E0.3213
G1 X109.5418 Y132.5819 Z3.3072 E0.3214
G1 X109.7517 Y133.3521 Z3.3094 E0.3215
G1 X109.9939 Y134.1131 Z3.3117 E0.3216
G1 X110.2677 Y134.8635 Z3.3139 E0.3217
G1 X110.5728 Y135.6019 Z3.3162 E0.3217
G1 X110.9087 Y136.3271 Z3.3185 E0.3218
G1 X111.2747 Y137.0378 Z3.3207 E0.3219
G1 X111.6703 Y137.7327 Z3.323 E0.322
G1 X112.0947 Y138.4107 Z3.3252 E0.3221
G1 X112.5473 Y139.0704 Z3.3275 E0.3222
G1 X113.0272 Y139.7107 Z3.3297 E0.3222
G1 X113.5336 Y140.3305 Z3.332 E0.3223
G1 X114.0657 Y140.9288 Z3.3342 E0.3224
G1 X114.6225 Y141.5044 Z3.3365 E0.3225
G1 X115.2031 Y142.0563 Z3.3387 E0.3226
G1 X115.8064 Y142.5835 Z3.341 E0.3227
G1 X116.4315 Y143.0851 Z3.3433 E0.3227
G1 X117.0771 Y143.5603 Z3.3455 E0.3228
G1 X117.7423 Y144.0081 Z3.3478 E0.3229
G1 X118.4258 Y144.4277 Z3.35 E0.323
G1 X119.1265 Y144.8185 Z3.3523 E0.3231
G1 X119.8431 Y145.1797 Z3.3545 E0.3232
G1 X120.5744 Y145.5106 Z3.3568 E0.3232
G1 X121.3191 Y145.8107 Z3.359 E0.3233
G1 X122.0759 Y146.0794 Z3.3613 E0.3234
G1 X122.8434 Y146.3163 Z3.3636 E0.3235
G1 X123.6205 Y146.5208 Z3.3658 E0.3236
G1 X124.4056 Y146.6927 Z3.3681 E0.3236
G1 X125.1974 Y146.8316 Z3.3703 E0.3237
G1 X125.9945 Y146.9372 Z3.3726 E0.3238
G1 X126.7956 Y147.0094 Z3.3748 E0.3239
G1 X127.5992 Y147.0480 Z3.3771 E0.324
G1 X128.4039 Y147.0528 Z3.3793 E0.3241
G1 X129.2083 Y147.0240 Z3.3816 E0.3241
G1 X130.0110 Y146.9615 Z3.3838 E0.3242
G1 X130.8106 Y146.8654 Z3.3861 E0.3243
G1 X131.6057 Y146.7359 Z3.3884 E0.3244
G1 X132.3948 Y146.5732 Z3.3906 E0.3245
G1 X133.1766 Y146.3775 Z3.3929 E0.3246
G1 X133.9498 Y146.1491 Z3.3951 E0.3246
G1 X134.7129 Y145.8886 Z3.3974 E0.3247
G1 X135.4646 Y145.5962 Z3.3996 E0.3248
G1 X136.2036 Y145.2725 Z3.4019 E0.3249
G1 X136.9286 Y144.9181 Z3.4041 E0.325
G1 X137.6382 Y144.5335 Z3.4064 E0.325
G1 X138.3314 Y144.1195 Z3.4086 E0.3251
G1 X139.0067 Y143.6766 Z3.4109 E0.3252
G1 X139.6631 Y143.2058 Z3.4132 E0.3253
G1 X140.2993 Y142.7077 Z3.4154 E0.3254
G1 X140.9143 Y142.1833 Z3.4177 E0.3255
G1 X141.5070 Y141.6335 Z3.4199 E0.3255
G1 X142.0762 Y141.0592 Z3.4222 E0.3256
G1 X142.6210 Y140.4614 Z3.4244 E0.3257
G1 X143.1405 Y139.8412 Z3.4267 E0.3258
G1 X143.6336 Y139.1996 Z3.4289 E0.3259
G1 X144.0996 Y138.5377 Z3.4312 E0.326
G1 X144.5375 Y137.8568 Z3.4334 E0.326
G1 X144.9466 Y137.1579 Z3.4357 E0.3261
G1 X145.3263 Y136.4423 Z3.438 E0.3262
G1 X145.6757 Y135.7112 Z3.4402 E0.3263
G1 X145.9942 Y134.9660 Z3.4425 E0.3264
G1 X146.2814 Y134.2079 Z3.4447 E0.3265
G1 X146.5366 Y133.4383 Z3.447 E0.3265
G1 X146.7594 Y132.6584 Z3.4492 E0.3266
G1 X146.9494 Y131.8697 Z3.4515 E0.3267
G1 X147.1063 Y131.0735 Z3.4537 E0.3268
G1 X147.2297 Y130.2713 Z3.456 E0.3269
G1 X147.3194 Y129.4644 Z3.4583 E0.327
G1 X147.3752 Y128.6542 Z3.4605 E0.327
G1 X147.3971 Y127.8422 Z3.4628 E0.3271
G1 X147.3850 Y127.0298 Z3.4651 E0.3272
G1 X147.3388 Y126.2184 Z3.4674 E0.3273
G1 X147.2586 Y125.4095 Z3.4697 E0.3274
G1 X147.1447 Y124.6044 Z3.4721 E0.3274
G1 X146.9970 Y123.8046 Z3.4744 E0.3275
G1 X146.8160 Y123.0115 Z3.4767 E0.3276
G1 X146.6018 Y122.2264 Z3.479 E0.3277
G1 X146.3549 Y121.4509 Z3.4814 E0.3278
G1 X146.0757 Y120.6861 Z3.4837 E0.3279
G1 X145.7646 Y119.9335 Z3.486 E0.3279
G1 X145.4222 Y119.1945 Z3.4883 E0.328
G1 X145.0491 Y118.4702 Z3.4907 E0.3281
G1 X144.6458 Y117.7621 Z3.493 E0.3282
G1 X144.2131 Y117.0712 Z3.4953 E0.3283
G1 X143.7518 Y116.3989 Z3.4977 E0.3283
G1 X143.2626 Y115.7464 Z3.5 E0.3284
G1 X142.7464 Y115.1148 Z3.5023 E0.3285
G1 X142.2040 Y114.5052 Z3.5046 E0.3286
G1 X141.6364 Y113.9187 Z3.507 E0.3287
G1 X141.0447 Y113.3563 Z3.5093 E0.3288
G1 X140.4297 Y112.8191 Z3.5116 E0.3288
G1 X139.7926 Y112.3080 Z3.5139 E0.3289
G1 X139.1345 Y111.8238 Z3.5163 E0.329
G1 X138.4566 Y111.3676 Z3.5186 E0.3291
G1 X137.7600 Y110.9400 Z3.5209 E0.3292
G1 X137.0459 Y110.5419 Z3.5232 E0.3292
G1 X136.3155 Y110.1740 Z3.5256 E0.3293
G1 X135.5703 Y109.8368 Z3.5279 E0.3294
G1 X134.8113 Y109.5311 Z3.5302 E0.3295
G1 X134.0401 Y109.2574 Z3.5325 E0.3296
G1 X133.2578 Y109.0162 Z3.5349 E0.3297
G1 X132.4660 Y108.8078 Z3.5372 E0.3297
G1 X131.6659 Y108.6328 Z3.5395 E0.3298
G1 X130.8590 Y108.4914 Z3.5419 E0.3299
G1 X130.0467 Y108.3839 Z3.5442 E0.33
G1 X129.2303 Y108.3105 Z3.5465 E0.3301
G1 X128.4115 Y108.2713 Z3.5488 E0.3301
G1 X127.5915 Y108.2665 Z3.5512 E0.3302
G1 X126.7718 Y108.2960 Z3.5535 E0.3303
G1 X125.9538 Y108.3598 Z3.5558 E0.3304
G1 X125.1391 Y108.4578 Z3.5581 E0.3305
G1 X124.3289 Y108.5899 Z3.5605 E0.3306
G1 X123.5248 Y108.7559 Z3.5628 E0.3306
G1 X122.7282 Y108.9554 Z3.5651 E0.3307
G1 X121.9404 Y109.1882 Z3.5674 E0.3308
G1 X121.1629 Y109.4538 Z3.5698 E0.3309
G1 X120.3970 Y109.7518 Z3.5721 E0.331
G1 X119.6441 Y110.0817 Z3.5744 E0.331
G1 X118.9054 Y110.4430 Z3.5767 E0.3311
G1 X118.1824 Y110.8350 Z3.5791 E0.3312
G1 X117.4762 Y111.2570 Z3.5814 E0.3313
G1 X116.7881 Y111.7083 Z3.5837 E0.3314
G1 X116.1194 Y112.1881 Z3.5861 E0.3315
G1 X115.4712 Y112.6957 Z3.5884 E0.3315
G1 X114.8447 Y113.2301 Z3.5907 E0.3316
G1 X114.2410 Y113.7904 Z3.593 E0.3317
G1 X113.6611 Y114.3756 Z3.5954 E0.3318
G1 X113.1060 Y114.9848 Z3.5977 E0.3319
G1 X112.5769 Y115.6168 Z3.6 E0.3319
G1 X112.0745 Y116.2706 Z3.6023 E0.332
G1 X111.5999 Y116.9450 Z3.6047 E0.3321
G1 X111.1538 Y117.6389 Z3.607 E0.3322
G1 X110.7371 Y118.3510 Z3.6093 E0.3323
G1 X110.3504 Y119.0801 Z3.6116 E0.3324
G1 X109.9945 Y119.8250 Z3.614 E0.3324
G1 X109.6701 Y120.5843 Z3.6163 E0.3325
G1 X109.3777 Y121.3567 Z3.6186 E0.3326
G1 X109.1178 Y122.1409 Z3.6209 E0.3327
G1 X108.8909 Y122.9354 Z3.6233 E0.3328
G1 X108.6974 Y123.7390 Z3.6256 E0.3328
G1 X108.5378 Y124.5502 Z3.6279 E0.3329
G1 X108.4122 Y125.3675 Z3.6302 E0.333
G1 X108.3209 Y126.1896 Z3.6326 E0.3331
G1 X108.2641 Y127.0150 Z3.6349 E0.3332
G1 X108.2419 Y127.8422 Z3.6372 E0.3332
G1 X108.2544 Y128.6698 Z3.6396 E0.3333
G1 X108.3015 Y129.4965 Z3.6419 E0.3334
G1 X108.3833 Y130.3206 Z3.6442 E0.3335
G1 X108.4995 Y131.1407 Z3.6465 E0.3336
G1 X108.6500 Y131.9555 Z3.6489 E0.3337
G1 X108.8345 Y132.7634 Z3.6512 E0.3337
G1 X109.0527 Y133.5632 Z3.6535 E0.3338
G1 X109.3044 Y134.3532 Z3.6558 E0.3339
G1 X109.5889 Y135.1323 Z3.6582 E0.334
G1 X109.9059 Y135.8989 Z3.6605 E0.3341
G1 X110.2548 Y136.6517 Z3.6628 E0.3341
G1 X110.6350 Y137.3895 Z3.6651 E0.3342
G1 X111.0459 Y138.1109 Z3.6675 E0.3343
G1 X111.4867 Y138.8146 Z3.6698 E0.3344
G1 X111.9568 Y139.4994 Z3.6721 E0.3345
G1 X112.4552 Y140.1641 Z3.6744 E0.3346
G1 X112.9811 Y140.8074 Z3.6768 E0.3346
G1 X113.5337 Y141.4284 Z3.6791 E0.3347
G1 X114.1119 Y142.0258 Z3.6814 E0.3348
G1 X114.7148 Y142.5986 Z3.6837 E0.3349
G1 X115.3413 Y143.1457 Z3.6861 E0.335
G1 X115.9903 Y143.6663 Z3.6884 E0.3351
G1 X116.6607 Y144.1594 Z3.6907 E0.3351
G1 X117.3514 Y144.6241 Z3.693 E0.3352
G1 X118.0611 Y145.0596 Z3.6954 E0.3353
G1 X118.7885 Y145.4650 Z3.6977 E0.3354
G1 X119.5325 Y145.8398 Z3.7 E0.3355
G1 X120.2917 Y146.1831 Z3.7023 E0.3355
G1 X121.0648 Y146.4944 Z3.7047 E0.3356
G1 X121.8505 Y146.7731 Z3.707 E0.3357
G1 X122.6473 Y147.0188 Z3.7093 E0.3358
G1 X123.4539 Y147.2309 Z3.7116 E0.3359
G1 X124.2689 Y147.4091 Z3.714 E0.336
G1 X125.0909 Y147.5530 Z3.7163 E0.336
G1 X125.9183 Y147.6625 Z3.7186 E0.3361
G1 X126.7498 Y147.7371 Z3.7209 E0.3362
G1 X127.5839 Y147.7770 Z3.7233 E0.3363
G1 X128.4192 Y147.7818 Z3.7256 E0.3364
G1 X129.2541 Y147.7517 Z3.7279 E0.3364
G1 X130.0872 Y147.6866 Z3.7302 E0.3365
G1 X130.9171 Y147.5866 Z3.7326 E0.3366
G1 X131.7423 Y147.4520 Z3.7349 E0.3367
G1 X132.5613 Y147.2829 Z3.7372 E0.3368
G1 X133.3727 Y147.0795 Z3.7395 E0.3369
G1 X134.1750 Y146.8424 Z3.7419 E0.3369
G1 X134.9670 Y146.5717 Z3.7442 E0.337
G1 X135.7470 Y146.2681 Z3.7465 E0.3371
G1 X136.5139 Y145.9320 Z3.7488 E0.3372
G1 X137.2662 Y145.5639 Z3.7512 E0.3373
G1 X138.0026 Y145.1646 Z3.7535 E0.3373
G1 X138.7218 Y144.7347 Z3.7558 E0.3374
G1 X139.4226 Y144.2750 Z3.7581 E0.3375
G1 X140.1036 Y143.7862 Z3.7605 E0.3376
G1 X140.7638 Y143.2691 Z3.7628 E0.3377
G1 X141.4018 Y142.7248 Z3.7651 E0.3378
G1 X142.0167 Y142.1540 Z3.7674 E0.3378
G1 X142.6073 Y141.5579 Z3.7698 E0.3379
G1 X143.1725 Y140.9374 Z3.7721 E0.338
G1 X143.7113 Y140.2937 Z3.7744 E0.3381
G1 X144.2229 Y139.6277 Z3.7767 E0.3382
G1 X144.7062 Y138.9408 Z3.7791 E0.3382
G1 X145.1605 Y138.2341 Z3.7814 E0.3383
G1 X145.5849 Y137.5087 Z3.7837 E0.3384
G1 X145.9786 Y136.7661 Z3.7861 E0.3385
G1 X146.3409 Y136.0074 Z3.7884 E0.3386
G1 X146.6713 Y135.2341 Z3.7907 E0.3387
G1 X146.9690 Y134.4474 Z3.793 E0.3387
G1 X147.2336 Y133.6487 Z3.7954 E0.3388
G1 X147.4646 Y132.8395 Z3.7977 E0.3389
G1 X147.6616 Y132.0211 Z3.8 E0.339
G1 X147.8241 Y131.1949 Z3.8023 E0.3391
G1 X147.9519 Y130.3625 Z3.8047 E0.3392
G1 X148.0448 Y129.5253 Z3.807 E0.3392
G1 X148.1025 Y128.6847 Z3.8093 E0.3393
G1 X148.1250 Y127.8422 Z3.8116 E0.3394
G1 X148.1122 Y126.9993 Z3.814 E0.3395
G1 X148.0641 Y126.1575 Z3.8164 E0.3396
G1 X147.9807 Y125.3182 Z3.8188 E0.3396
G1 X147.8622 Y124.4830 Z3.8212 E0.3397
G1 X147.7089 Y123.6533 Z3.8236 E0.3398
G1 X147.5208 Y122.8305 Z3.826 E0.3399
G1 X147.2985 Y122.0161 Z3.8284 E0.34
G1 X147.0421 Y121.2116 Z3.8308 E0.34
G1 X146.7522 Y120.4183 Z3.8332 E0.3401
G1 X146.4293 Y119.6376 Z3.8356 E0.3402
G1 X146.0739 Y118.8710 Z3.838 E0.3403
G1 X145.6866 Y118.1197 Z3.8403 E0.3404
G1 X145.2681 Y117.3852 Z3.8427 E0.3405
G1 X144.8190 Y116.6687 Z3.8451 E0.3405
G1 X144.3403 Y115.9714 Z3.8475 E0.3406
G1 X143.8326 Y115.2946 Z3.8499 E0.3407
G1 X143.2969 Y114.6395 Z3.8523 E0.3408
G1 X142.7342 Y114.0073 Z3.8547 E0.3409
G1 X142.1453 Y113.3991 Z3.8571 E0.3409
G1 X141.5313 Y112.8159 Z3.8595 E0.341
G1 X140.8932 Y112.2588 Z3.8619 E0.3411
G1 X140.2323 Y111.7287 Z3.8643 E0.3412
G1 X139.5495 Y111.2267 Z3.8667 E0.3413
G1 X138.8462 Y110.7537 Z3.8691 E0.3413
G1 X138.1235 Y110.3103 Z3.8715 E0.3414
G1 X137.3827 Y109.8976 Z3.8739 E0.3415
G1 X136.6251 Y109.5161 Z3.8762 E0.3416
G1 X135.8520 Y109.1666 Z3.8786 E0.3417
G1 X135.0647 Y108.8498 Z3.881 E0.3417
G1 X134.2647 Y108.5661 Z3.8834 E0.3418
G1 X133.4533 Y108.3160 Z3.8858 E0.3419
G1 X132.6319 Y108.1002 Z3.8882 E0.342
G1 X131.8021 Y107.9189 Z3.8906 E0.3421
G1 X130.9652 Y107.7724 Z3.893 E0.3422
G1 X130.1226 Y107.6611 Z3.8954 E0.3422
G1 X129.2760 Y107.5852 Z3.8978 E0.3423
G1 X128.4267 Y107.5448 Z3.9002 E0.3424
G1 X127.5762 Y107.5400 Z3.9026 E0.3425
G1 X126.7261 Y107.5708 Z3.905 E0.3426
G1 X125.8779 Y107.6372 Z3.9074 E0.3426
G1 X125.0329 Y107.7390 Z3.9097 E0.3427
G1 X124.1928 Y107.8762 Z3.9121 E0.3428
G1 X123.3589 Y108.0486 Z3.9145 E0.3429
G1 X122.5329 Y108.2557 Z3.9169 E0.343
G1 X121.7160 Y108.4973 Z3.9193 E0.343
G1 X120.9097 Y108.7730 Z3.9217 E0.3431
G1 X120.1155 Y109.0822 Z3.9241 E0.3432
G1 X119.3348 Y109.4245 Z3.9265 E0.3433
G1 X118.5689 Y109.7993 Z3.9289 E0.3434
G1 X117.8192 Y110.2060 Z3.9313 E0.3435
G1 X117.0871 Y110.6438 Z3.9337 E0.3435
G1 X116.3737 Y111.1120 Z3.9361 E0.3436
G1 X115.6804 Y111.6097 Z3.9385 E0.3437
G1 X115.0084 Y112.1362 Z3.9409 E0.3438
G1 X114.3588 Y112.6905 Z3.9433 E0.3439
G1 X113.7329 Y113.2716 Z3.9456 E0.3439
G1 X113.1318 Y113.8786 Z3.948 E0.344
G1 X112.5565 Y114.5104 Z3.9504 E0.3441
G1 X112.0080 Y115.1659 Z3.9528 E0.3442
G1 X111.4872 Y115.8439 Z3.9552 E0.3443
G1 X110.9953 Y116.5433 Z3.9576 E0.3443
G1 X110.5329 Y117.2629 Z3.96 E0.3444
G1 X110.1010 Y118.0013 Z3.9624 E0.3445
G1 X109.7003 Y118.7574 Z3.9648 E0.3446
G1 X109.3315 Y119.5298 Z3.9672 E0.3447
G1 X108.9953 Y120.3171 Z3.9696 E0.3448
G1 X108.6923 Y121.1180 Z3.972 E0.3448
G1 X108.4231 Y121.9311 Z3.9744 E0.3449
G1 X108.1881 Y122.7550 Z3.9768 E0.345
G1 X107.9877 Y123.5881 Z3.9791 E0.3451
G1 X107.8223 Y124.4292 Z3.9815 E0.3452
G1 X107.6923 Y125.2766 Z3.9839 E0.3452
G1 X107.5979 Y126.1289 Z3.9863 E0.3453
G1 X107.5393 Y126.9846 Z3.9887 E0.3454
G1 X107.5165 Y127.8422 Z3.9911 E0.3455
G1 X107.5296 Y128.7002 Z3.9935 E0.3456
G1 X107.5787 Y129.5572 Z3.9959 E0.3456
G1 X107.6636 Y130.4115 Z3.9983 E0.3457
G1 X107.7843 Y131.2617 Z4.0007 E0.3458
G1 X107.9405 Y132.1063 Z4.0031 E0.3459
G1 X108.1320 Y132.9438 Z4.0055 E0.346
G1 X108.3585 Y133.7728 Z4.0079 E0.3461
G1 X108.6195 Y134.5917 Z4.0103 E0.3461
G1 X108.9147 Y135.3992 Z4.0126 E0.3462
G1 X109.2435 Y136.1938 Z4.015 E0.3463
G1 X109.6053 Y136.9741 Z4.0174 E0.3464
G1 X109.9996 Y137.7388 Z4.0198 E0.3465
G1 X110.4257 Y138.4865 Z4.0222 E0.3465
G1 X110.8829 Y139.2158 Z4.0246 E0.3466
G1 X111.3703 Y139.9255 Z4.027 E0.3467
G1 X111.8871 Y140.6143 Z4.0294 E0.3468
G1 X112.4324 Y141.2811 Z4.0318 E0.3469
G1 X113.0053 Y141.9246 Z4.0342 E0.347
G1 X113.6048 Y142.5436 Z4.0366 E0.347
G1 X114.2298 Y143.1372 Z4.039 E0.3471
G1 X114.8793 Y143.7042 Z4.0414 E0.3472
G1 X115.5522 Y144.2436 Z4.0437 E0.3473
G1 X116.2471 Y144.7545 Z4.0461 E0.3474
G1 X116.9631 Y145.2360 Z4.0485 E0.3474
G1 X117.6987 Y145.6871 Z4.0509 E0.3475
G1 X118.4528 Y146.1072 Z4.0533 E0.3476
G1 X119.2240 Y146.4954 Z4.0557 E0.3477
G1 X120.0109 Y146.8510 Z4.0581 E0.3478
G1 X120.8123 Y147.1735 Z4.0605 E0.3478
G1 X121.6266 Y147.4621 Z4.0629 E0.3479
G1 X122.4525 Y147.7165 Z4.0653 E0.348
G1 X123.2885 Y147.9362 Z4.0677 E0.3481
G1 X124.1332 Y148.1206 Z4.0701 E0.3482
G1 X124.9850 Y148.2696 Z4.0724 E0.3482
G1 X125.8426 Y148.3828 Z4.0748 E0.3483
G1 X126.7043 Y148.4600 Z4.0772 E0.3484
G1 X127.5688 Y148.5010 Z4.0796 E0.3485
G1 X128.4343 Y148.5059 Z4.082 E0.3486
G1 X129.2996 Y148.4744 Z4.0844 E0.3487
G1 X130.1629 Y148.4068 Z4.0868 E0.3487
G1 X131.0229 Y148.3030 Z4.0892 E0.3488
G1 X131.8779 Y148.1632 Z4.0916 E0.3489
G1 X132.7266 Y147.9878 Z4.094 E0.349
G1 X133.5674 Y147.7769 Z4.0964 E0.3491
G1 X134.3988 Y147.5309 Z4.0988 E0.3491
G1 X135.2193 Y147.2503 Z4.1012 E0.3492
G1 X136.0276 Y146.9354 Z4.1035 E0.3493
G1 X136.8221 Y146.5870 Z4.1059 E0.3494
G1 X137.6016 Y146.2054 Z4.1083 E0.3495
G1 X138.3645 Y145.7915 Z4.1107 E0.3495
G1 X139.1096 Y145.3458 Z4.1131 E0.3496
G1 X139.8356 Y144.8693 Z4.1155 E0.3497
G1 X140.5412 Y144.3626 Z4.1179 E0.3498
G1 X141.2251 Y143.8267 Z4.1203 E0.3499
G1 X141.8861 Y143.2626 Z4.1227 E0.35
G1 X142.5230 Y142.6710 Z4.1251 E0.35
G1 X143.1347 Y142.0532 Z4.1275 E0.3501
G1 X143.7202 Y141.4102 Z4.1299 E0.3502
G1 X144.2784 Y140.7431 Z4.1323 E0.3503
G1 X144.8082 Y140.0530 Z4.1346 E0.3504
G1 X145.3088 Y139.3412 Z4.137 E0.3504
G1 X145.7793 Y138.6088 Z4.1394 E0.3505
G1 X146.2188 Y137.8572 Z4.1418 E0.3506
G1 X146.6265 Y137.0877 Z4.1442 E0.3507
G1 X147.0017 Y136.3016 Z4.1466 E0.3508
G1 X147.3438 Y135.5004 Z4.149 E0.3509
G1 X147.6521 Y134.6853 Z4.1514 E0.3509
G1 X147.9260 Y133.8578 Z4.1538 E0.351
G1 X148.1651 Y133.0193 Z4.1562 E0.3511
G1 X148.3689 Y132.1714 Z4.1586 E0.3512
G1 X148.5371 Y131.3155 Z4.161 E0.3513
G1 X148.6693 Y130.4531 Z4.1634 E0.3514
G1 X148.7653 Y129.5858 Z4.1657 E0.3514
G1 X148.8249 Y128.7150 Z4.1681 E0.3515
G1 X148.8480 Y127.8422 Z4.1705 E0.3516
G1 X148.8345 Y126.9690 Z4.173 E0.3517
G1 X148.7845 Y126.0970 Z4.1754 E0.3518
G1 X148.6979 Y125.2276 Z4.1779 E0.3518
G1 X148.5750 Y124.3625 Z4.1804 E0.3519
G1 X148.4159 Y123.5030 Z4.1828 E0.352
G1 X148.2209 Y122.6507 Z4.1853 E0.3521
G1 X147.9904 Y121.8072 Z4.1877 E0.3522
G1 X147.7247 Y120.9739 Z4.1902 E0.3522
G1 X147.4242 Y120.1522 Z4.1927 E0.3523
G1 X147.0895 Y119.3437 Z4.1951 E0.3524
G1 X146.7212 Y118.5497 Z4.1976 E0.3525
G1 X146.3198 Y117.7716 Z4.2 E0.3526
G1 X145.8861 Y117.0109 Z4.2025 E0.3526
G1 X145.4209 Y116.2688 Z4.2049 E0.3527
G1 X144.9248 Y115.5467 Z4.2074 E0.3528
G1 X144.3988 Y114.8458 Z4.2099 E0.3529
G1 X143.8438 Y114.1675 Z4.2123 E0.353
G1 X143.2608 Y113.5128 Z4.2148 E0.353
G1 X142.6507 Y112.8829 Z4.2172 E0.3531
G1 X142.0146 Y112.2790 Z4.2197 E0.3532
G1 X141.3537 Y111.7022 Z4.2221 E0.3533
G1 X140.6690 Y111.1534 Z4.2246 E0.3534
G1 X139.9618 Y110.6337 Z4.2271 E0.3534
G1 X139.2332 Y110.1439 Z4.2295 E0.3535
G1 X138.4846 Y109.6849 Z4.232 E0.3536
G1 X137.7173 Y109.2576 Z4.2344 E0.3537
G1 X136.9326 Y108.8627 Z4.2369 E0.3538
G1 X136.1318 Y108.5010 Z4.2393 E0.3538
G1 X135.3164 Y108.1730 Z4.2418 E0.3539
G1 X134.4878 Y107.8794 Z4.2443 E0.354
G1 X133.6475 Y107.6207 Z4.2467 E0.3541
G1 X132.7968 Y107.3973 Z4.2492 E0.3542
G1 X131.9374 Y107.2097 Z4.2516 E0.3542
G1 X131.0706 Y107.0583 Z4.2541 E0.3543
G1 X130.1981 Y106.9432 Z4.2566 E0.3544
G1 X129.3213 Y106.8648 Z4.259 E0.3545
G1 X128.4418 Y106.8231 Z4.2615 E0.3546
G1 X127.5611 Y106.8184 Z4.2639 E0.3547
G1 X126.6808 Y106.8505 Z4.2664 E0.3547
G1 X125.8024 Y106.9194 Z4.2688 E0.3548
G1 X124.9275 Y107.0251 Z4.2713 E0.3549
G1 X124.0576 Y107.1674 Z4.2738 E0.355
G1 X123.1942 Y107.3460 Z4.2762 E0.3551
G1 X122.3388 Y107.5607 Z4.2787 E0.3551
G1 X121.4930 Y107.8111 Z4.2811 E0.3552
G1 X120.6582 Y108.0967 Z4.2836 E0.3553
G1 X119.8359 Y108.4171 Z4.2861 E0.3554
G1 X119.0276 Y108.7718 Z4.2885 E0.3555
G1 X118.2347 Y109.1600 Z4.291 E0.3555
G1 X117.4585 Y109.5813 Z4.2934 E0.3556
G1 X116.7005 Y110.0347 Z4.2959 E0.3557
G1 X115.9620 Y110.5197 Z4.2983 E0.3558
G1 X115.2443 Y111.0352 Z4.3008 E0.3559
G1 X114.5486 Y111.5805 Z4.3033 E0.3559
G1 X113.8763 Y112.1545 Z4.3057 E0.356
G1 X113.2284 Y112.7564 Z4.3082 E0.3561
G1 X112.6061 Y113.3850 Z4.3106 E0.3562
G1 X112.0106 Y114.0392 Z4.3131 E0.3563
G1 X111.4428 Y114.7180 Z4.3155 E0.3564
G1 X110.9039 Y115.4201 Z4.318 E0.3564
G1 X110.3947 Y116.1443 Z4.3205 E0.3565
G1 X109.9162 Y116.8894 Z4.3229 E0.3566
G1 X109.4692 Y117.6540 Z4.3254 E0.3567
G1 X109.0546 Y118.4369 Z4.3278 E0.3568
G1 X108.6730 Y119.2366 Z4.3303 E0.3568
G1 X108.3251 Y120.0518 Z4.3327 E0.3569
G1 X108.0116 Y120.8810 Z4.3352 E0.357
G1 X107.7331 Y121.7228 Z4.3377 E0.3571
G1 X107.4899 Y122.5757 Z4.3401 E0.3572
G1 X107.2827 Y123.4383 Z4.3426 E0.3572
G1 X107.1118 Y124.3090 Z4.345 E0.3573
G1 X106.9774 Y125.1862 Z4.3475 E0.3574
G1 X106.8798 Y126.0686 Z4.35 E0.3575
G1 X106.8193 Y126.9544 Z4.3524 E0.3576
G1 X106.7959 Y127.8422 Z4.3549 E0.3576
G1 X106.8097 Y128.7304 Z4.3573 E0.3577
G1 X106.8607 Y129.6174 Z4.3598 E0.3578
G1 X106.9489 Y130.5018 Z4.3622 E0.3579
G1 X107.0740 Y131.3818 Z4.3647 E0.358
G1 X107.2359 Y132.2561 Z4.3672 E0.358
G1 X107.4343 Y133.1230 Z4.3696 E0.3581
G1 X107.6689 Y133.9810 Z4.3721 E0.3582
G1 X107.9393 Y134.8286 Z4.3745 E0.3583
G1 X108.2450 Y135.6644 Z4.377 E0.3584
G1 X108.5855 Y136.4868 Z4.3794 E0.3584
G1 X108.9602 Y137.2944 Z4.3819 E0.3585
G1 X109.3686 Y138.0857 Z4.3844 E0.3586
G1 X109.8098 Y138.8595 Z4.3868 E0.3587
G1 X110.2831 Y139.6143 Z4.3893 E0.3588
G1 X110.7877 Y140.3487 Z4.3917 E0.3588
G1 X111.3228 Y141.0616 Z4.3942 E0.3589
G1 X111.8874 Y141.7515 Z4.3966 E0.359
G1 X112.4805 Y142.4174 Z4.3991 E0.3591
G1 X113.1011 Y143.0580 Z4.4016 E0.3592
G1 X113.7481 Y143.6722 Z4.404 E0.3593
G1 X114.4205 Y144.2588 Z4.4065 E0.3593
G1 X115.1169 Y144.8170 Z4.4089 E0.3594
G1 X115.8363 Y145.3456 Z4.4114 E0.3595
G1 X116.5774 Y145.8437 Z4.4138 E0.3596
G1 X117.3389 Y146.3104 Z4.4163 E0.3597
G1 X118.1194 Y146.7450 Z4.4188 E0.3597
G1 X118.9176 Y147.1466 Z4.4212 E0.3598
G1 X119.7321 Y147.5144 Z4.4237 E0.3599
G1 X120.5614 Y147.8479 Z4.4261 E0.36
G1 X121.4042 Y148.1465 Z4.4286 E0.3601
G1 X122.2590 Y148.4096 Z4.431 E0.3601
G1 X123.1242 Y148.6367 Z4.4335 E0.3602
G1 X123.9984 Y148.8274 Z4.4359 E0.3603
G1 X124.8799 Y148.9813 Z4.4384 E0.3604
G1 X125.7674 Y149.0983 Z4.4409 E0.3605
G1 X126.6592 Y149.1780 Z4.4433 E0.3605
G1 X127.5537 Y149.2202 Z4.4458 E0.3606
G1 X128.4494 Y149.2250 Z4.4482 E0.3607
G1 X129.3447 Y149.1923 Z4.4507 E0.3608
G1 X130.2381 Y149.1221 Z4.4531 E0.3609
G1 X131.1279 Y149.0145 Z4.4556 E0.361
G1 X132.0127 Y148.8697 Z4.4581 E0.361
G1 X132.8908 Y148.6879 Z4.4605 E0.3611
G1 X133.7607 Y148.4695 Z4.463 E0.3612
G1 X134.6210 Y148.2148 Z4.4654 E0.3613
G1 X135.4699 Y147.9242 Z4.4679 E0.3614
G1 X136.3062 Y147.5983 Z4.4703 E0.3614
G1 X137.1282 Y147.2375 Z4.4728 E0.3615
G1 X137.9347 Y146.8426 Z4.4753 E0.3616
G1 X138.7240 Y146.4141 Z4.4777 E0.3617
G1 X139.4948 Y145.9528 Z4.4802 E0.3618
G1 X140.2459 Y145.4596 Z4.4826 E0.3618
G1 X140.9758 Y144.9352 Z4.4851 E0.3619
G1 X141.6832 Y144.3806 Z4.4875 E0.362
G1 X142.3670 Y143.7967 Z4.49 E0.3621
G1 X143.0259 Y143.1846 Z4.4925 E0.3622
G1 X143.6586 Y142.5452 Z4.4949 E0.3622
G1 X144.2642 Y141.8798 Z4.4974 E0.3623
G1 X144.8415 Y141.1895 Z4.4998 E0.3624
G1 X145.3896 Y140.4754 Z4.5023 E0.3625
G1 X145.9073 Y139.7388 Z4.5047 E0.3626
G1 X146.3939 Y138.9810 Z4.5072 E0.3627
G1 X146.8484 Y138.2034 Z4.5097 E0.3627
G1 X147.2700 Y137.4072 Z4.5121 E0.3628
G1 X147.6581 Y136.5939 Z4.5146 E0.3629
G1 X148.0117 Y135.7648 Z4.517 E0.363
G1 X148.3305 Y134.9215 Z4.5195 E0.3631
G1 X148.6137 Y134.0654 Z4.5219 E0.3631
G1 X148.8608 Y133.1980 Z4.5244 E0.3632
G1 X149.0715 Y132.3208 Z4.5269 E0.3633
G1 X149.2453 Y131.4353 Z4.5293 E0.3634
G1 X149.3819 Y130.5432 Z4.5318 E0.3635
G1 X149.4810 Y129.6459 Z4.5342 E0.3635
G1 X149.5424 Y128.7450 Z4.5367 E0.3636
G1 X149.5662 Y127.8422 Z4.5391 E0.3637
G1 X149.5520 Y126.9390 Z4.5417 E0.3638
G1 X149.5000 Y126.0369 Z4.5442 E0.3639
G1 X149.4103 Y125.1376 Z4.5467 E0.3639
G1 X149.2829 Y124.2427 Z4.5492 E0.364
G1 X149.1182 Y123.3537 Z4.5517 E0.3641
G1 X148.9163 Y122.4722 Z4.5543 E0.3642
G1 X148.6776 Y121.5997 Z4.5568 E0.3643
G1 X148.4026 Y120.7378 Z4.5593 E0.3643
G1 X148.0916 Y119.8880 Z4.5618 E0.3644
G1 X147.7452 Y119.0517 Z4.5644 E0.3645
G1 X147.3641 Y118.2305 Z4.5669 E0.3646
G1 X146.9487 Y117.4259 Z4.5694 E0.3647
G1 X146.5000 Y116.6391 Z4.5719 E0.3647
G1 X146.0186 Y115.8717 Z4.5744 E0.3648
G1 X145.5054 Y115.1249 Z4.577 E0.3649
G1 X144.9612 Y114.4001 Z4.5795 E0.365
G1 X144.3870 Y113.6986 Z4.582 E0.3651
G1 X143.7838 Y113.0216 Z4.5845 E0.3651
G1 X143.1527 Y112.3703 Z4.587 E0.3652
G1 X142.4947 Y111.7459 Z4.5896 E0.3653
G1 X141.8110 Y111.1494 Z4.5921 E0.3654
G1 X141.1027 Y110.5820 Z4.5946 E0.3655
G1 X140.3711 Y110.0446 Z4.5971 E0.3655
G1 X139.6176 Y109.5382 Z4.5996 E0.3656
G1 X138.8433 Y109.0637 Z4.6022 E0.3657
G1 X138.0496 Y108.6220 Z4.6047 E0.3658
G1 X137.2379 Y108.2138 Z4.6072 E0.3659
G1 X136.4097 Y107.8398 Z4.6097 E0.3659
G1 X135.5664 Y107.5008 Z4.6122 E0.366
G1 X134.7094 Y107.1973 Z4.6148 E0.3661
G1 X133.8403 Y106.9300 Z4.6173 E0.3662
G1 X132.9606 Y106.6992 Z4.6198 E0.3663
G1 X132.0717 Y106.5054 Z4.6223 E0.3663
G1 X131.1754 Y106.3490 Z4.6249 E0.3664
G1 X130.2730 Y106.2302 Z4.6274 E0.3665
G1 X129.3663 Y106.1493 Z4.6299 E0.3666
G1 X128.4568 Y106.1064 Z4.6324 E0.3667
G1 X127.5461 Y106.1017 Z4.6349 E0.3667
G1 X126.6358 Y106.1350 Z4.6375 E0.3668
G1 X125.7275 Y106.2065 Z4.64 E0.3669
G1 X124.8228 Y106.3161 Z4.6425 E0.367
G1 X123.9233 Y106.4634 Z4.645 E0.3671
G1 X123.0305 Y106.6483 Z4.6475 E0.3671
G1 X122.1461 Y106.8705 Z4.6501 E0.3672
G1 X121.2716 Y107.1295 Z4.6526 E0.3673
G1 X120.4084 Y107.4251 Z4.6551 E0.3674
G1 X119.5583 Y107.7566 Z4.6576 E0.3675
G1 X118.7226 Y108.1234 Z4.6601 E0.3675
G1 X117.9028 Y108.5251 Z4.6627 E0.3676
G1 X117.1003 Y108.9608 Z4.6652 E0.3677
G1 X116.3167 Y109.4298 Z4.6677 E0.3678
G1 X115.5532 Y109.9314 Z4.6702 E0.3679
G1 X114.8112 Y110.4646 Z4.6728 E0.3679
G1 X114.0920 Y111.0285 Z4.6753 E0.368
G1 X113.3970 Y111.6222 Z4.6778 E0.3681
G1 X112.7272 Y112.2446 Z4.6803 E0.3682
G1 X112.0840 Y112.8947 Z4.6828 E0.3683
G1 X111.4684 Y113.5712 Z4.6854 E0.3683
G1 X110.8816 Y114.2731 Z4.6879 E0.3684
G1 X110.3246 Y114.9991 Z4.6904 E0.3685
G1 X109.7983 Y115.7480 Z4.6929 E0.3686
G1 X109.3037 Y116.5184 Z4.6954 E0.3687
G1 X108.8418 Y117.3091 Z4.698 E0.3687
G1 X108.4132 Y118.1185 Z4.7005 E0.3688
G1 X108.0189 Y118.9454 Z4.703 E0.3689
G1 X107.6594 Y119.7882 Z4.7055 E0.369
G1 X107.3355 Y120.6455 Z4.708 E0.3691
G1 X107.0477 Y121.5159 Z4.7106 E0.3691
G1 X106.7966 Y122.3977 Z4.7131 E0.3692
G1 X106.5826 Y123.2895 Z4.7156 E0.3693
G1 X106.4060 Y124.1896 Z4.7181 E0.3694
G1 X106.2673 Y125.0965 Z4.7206 E0.3695
G1 X106.1666 Y126.0087 Z4.7232 E0.3695
G1 X106.1043 Y126.9244 Z4.7257 E0.3696
G1 X106.0803 Y127.8422 Z4.7282 E0.3697
G1 X106.0948 Y128.7604 Z4.7307 E0.3698
G1 X106.1477 Y129.6773 Z4.7333 E0.3699
G1 X106.2390 Y130.5914 Z4.7358 E0.3699
G1 X106.3685 Y131.5012 Z4.7383 E0.37
G1 X106.5361 Y132.4048 Z4.7408 E0.3701
G1 X106.7413 Y133.3009 Z4.7433 E0.3702
G1 X106.9840 Y134.1878 Z4.7459 E0.3703
G1 X107.2637 Y135.0639 Z4.7484 E0.3704
G1 X107.5799 Y135.9277 Z4.7509 E0.3704
G1 X107.9320 Y136.7777 Z4.7534 E0.3705
G1 X108.3196 Y137.6124 Z4.7559 E0.3706
G1 X108.7418 Y138.4303 Z4.7585 E0.3707
G1 X109.1980 Y139.2300 Z4.761 E0.3707
G1 X109.6874 Y140.0101 Z4.7635 E0.3708
G1 X110.2092 Y140.7691 Z4.766 E0.3709
G1 X110.7624 Y141.5058 Z4.7685 E0.371
G1 X111.3461 Y142.2188 Z4.7711 E0.3711
G1 X111.9592 Y142.9069 Z4.7736 E0.3712
G1 X112.6008 Y143.5689 Z4.7761 E0.3712
G1 X113.2697 Y144.2035 Z4.7786 E0.3713
G1 X113.9647 Y144.8097 Z4.7811 E0.3714
G1 X114.6847 Y145.3864 Z4.7837 E0.3715
G1 X115.4283 Y145.9326 Z4.7862 E0.3716
G1 X116.1944 Y146.4472 Z4.7887 E0.3716
G1 X116.9815 Y146.9295 Z4.7912 E0.3717
G1 X117.7882 Y147.3784 Z4.7937 E0.3718
G1 X118.6132 Y147.7933 Z4.7963 E0.3719
G1 X119.4551 Y148.1733 Z4.7988 E0.372
G1 X120.3123 Y148.5178 Z4.8013 E0.372
G1 X121.1834 Y148.8262 Z4.8038 E0.3721
G1 X122.0668 Y149.0979 Z4.8063 E0.3722
G1 X122.9610 Y149.3324 Z4.8089 E0.3723
G1 X123.8645 Y149.5293 Z4.8114 E0.3724
G1 X124.7756 Y149.6882 Z4.8139 E0.3724
G1 X125.6927 Y149.8088 Z4.8164 E0.3725
G1 X126.6143 Y149.8910 Z4.8189 E0.3726
G1 X127.5387 Y149.9345 Z4.8215 E0.3727
G1 X128.4644 Y149.9393 Z4.824 E0.3728
G1 X129.3896 Y149.9052 Z4.8265 E0.3728
G1 X130.3128 Y149.8325 Z4.829 E0.3729
G1 X131.2323 Y149.7211 Z4.8315 E0.373
G1 X132.1466 Y149.5713 Z4.8341 E0.3731
G1 X133.0539 Y149.3833 Z4.8366 E0.3732
G1 X133.9528 Y149.1574 Z4.8391 E0.3732
G1 X134.8417 Y148.8940 Z4.8416 E0.3733
G1 X135.7189 Y148.5936 Z4.8441 E0.3734
G1 X136.5829 Y148.2566 Z4.8467 E0.3735
G1 X137.4323 Y147.8836 Z4.8492 E0.3736
G1 X138.2655 Y147.4753 Z4.8517 E0.3736
G1 X139.0810 Y147.0324 Z4.8542 E0.3737
G1 X139.8774 Y146.5556 Z4.8567 E0.3738
G1 X140.6533 Y146.0458 Z4.8593 E0.3739
G1 X141.4074 Y145.5038 Z4.8618 E0.374
G1 X142.1383 Y144.9306 Z4.8643 E0.374
G1 X142.8446 Y144.3272 Z4.8668 E0.3741
G1 X143.5253 Y143.6945 Z4.8693 E0.3742
G1 X144.1789 Y143.0338 Z4.8719 E0.3743
G1 X144.8045 Y142.3462 Z4.8744 E0.3744
G1 X145.4009 Y141.6328 Z4.8769 E0.3745
G1 X145.9669 Y140.8949 Z4.8794 E0.3745
G1 X146.5017 Y140.1337 Z4.8819 E0.3746
G1 X147.0043 Y139.3507 Z4.8845 E0.3747
G1 X147.4737 Y138.5471 Z4.887 E0.3748
G1 X147.9092 Y137.7244 Z4.8895 E0.3748
G1 X148.3099 Y136.8841 Z4.892 E0.3749
G1 X148.6751 Y136.0275 Z4.8945 E0.375
G1 X149.0042 Y135.1561 Z4.8971 E0.3751
G1 X149.2966 Y134.2716 Z4.8996 E0.3752
G1 X149.5518 Y133.3754 Z4.9021 E0.3753
G1 X149.7692 Y132.4691 Z4.9046 E0.3753
G1 X149.9486 Y131.5543 Z4.9071 E0.3754
G1 X150.0895 Y130.6326 Z4.9097 E0.3755
G1 X150.1917 Y129.7056 Z4.9122 E0.3756
G1 X150.2550 Y128.7749 Z4.9147 E0.3757
G1 X150.2793 Y127.8422 Z4.9172 E0.3757
G1 X150.2645 Y126.9091 Z4.9198 E0.3758
G1 X150.2106 Y125.9772 Z4.9224 E0.3759
G1 X150.1177 Y125.0483 Z4.925 E0.376
G1 X149.9860 Y124.1238 Z4.9275 E0.3761
G1 X149.8156 Y123.2055 Z4.9301 E0.3761
G1 X149.6069 Y122.2949 Z4.9327 E0.3762
G1 X149.3601 Y121.3937 Z4.9353 E0.3763
G1 X149.0758 Y120.5033 Z4.9379 E0.3764
G1 X148.7544 Y119.6255 Z4.9405 E0.3764
G1 X148.3964 Y118.7618 Z4.943 E0.3765
G1 X148.0025 Y117.9136 Z4.9456 E0.3766
G1 X147.5733 Y117.0825 Z4.9482 E0.3767
G1 X147.1096 Y116.2699 Z4.9508 E0.3768
G1 X146.6122 Y115.4773 Z4.9534 E0.3768
G1 X146.0819 Y114.7060 Z4.956 E0.3769
G1 X145.5197 Y113.9575 Z4.9585 E0.377
G1 X144.9265 Y113.2330 Z4.9611 E0.3771
G1 X144.3033 Y112.5338 Z4.9637 E0.3772
G1 X143.6512 Y111.8612 Z4.9663 E0.3772
G1 X142.9715 Y111.2164 Z4.9689 E0.3773
G1 X142.2651 Y110.6005 Z4.9715 E0.3774
G1 X141.5334 Y110.0145 Z4.974 E0.3775
G1 X140.7777 Y109.4596 Z4.9766 E0.3776
G1 X139.9993 Y108.9368 Z4.9792 E0.3776
G1 X139.1994 Y108.4468 Z4.9818 E0.3777
G1 X138.3796 Y107.9907 Z4.9844 E0.3778
G1 X137.5412 Y107.5693 Z4.9869 E0.3779
G1 X136.6857 Y107.1832 Z4.9895 E0.378
G1 X135.8147 Y106.8333 Z4.9921 E0.378
G1 X134.9295 Y106.5200 Z4.9947 E0.3781
G1 X134.0318 Y106.2441 Z4.9973 E0.3782
G1 X133.1232 Y106.0059 Z4.9999 E0.3783
G1 X132.2051 Y105.8059 Z5.0024 E0.3784
G1 X131.2794 Y105.6446 Z5.005 E0.3784
G1 X130.3474 Y105.5221 Z5.0076 E0.3785
G1 X129.4110 Y105.4387 Z5.0102 E0.3786
G1 X128.4717 Y105.3946 Z5.0128 E0.3787
G1 X127.5312 Y105.3899 Z5.0154 E0.3788
G1 X126.5911 Y105.4246 Z5.0179 E0.3788
G1 X125.6531 Y105.4986 Z5.0205 E0.3789
G1 X124.7188 Y105.6119 Z5.0231 E0.379
G1 X123.7899 Y105.7642 Z5.0257 E0.3791
G1 X122.8680 Y105.9553 Z5.0283 E0.3792
G1 X121.9547 Y106.1850 Z5.0309 E0.3792
G1 X121.0516 Y106.4527 Z5.0334 E0.3793
G1 X120.1604 Y106.7581 Z5.036 E0.3794
G1 X119.2825 Y107.1005 Z5.0386 E0.3795
G1 X118.4196 Y107.4796 Z5.0412 E0.3795
G1 X117.5731 Y107.8945 Z5.0438 E0.3796
G1 X116.7446 Y108.3446 Z5.0464 E0.3797
G1 X115.9354 Y108.8291 Z5.0489 E0.3798
G1 X115.1471 Y109.3472 Z5.0515 E0.3799
G1 X114.3811 Y109.8979 Z5.0541 E0.3799
G1 X113.6386 Y110.4804 Z5.0567 E0.38
G1 X112.9210 Y111.0936 Z5.0593 E0.3801
G1 X112.2296 Y111.7364 Z5.0619 E0.3802
G1 X111.5655 Y112.4078 Z5.0644 E0.3803
G1 X110.9300 Y113.1065 Z5.067 E0.3803
G1 X110.3242 Y113.8314 Z5.0696 E0.3804
G1 X109.7492 Y114.5811 Z5.0722 E0.3805
G1 X109.2060 Y115.3545 Z5.0748 E0.3806
G1 X108.6955 Y116.1501 Z5.0773 E0.3807
G1 X108.2187 Y116.9665 Z5.0799 E0.3807
G1 X107.7764 Y117.8024 Z5.0825 E0.3808
G1 X107.3694 Y118.6562 Z5.0851 E0.3809
G1 X106.9984 Y119.5265 Z5.0877 E0.381
G1 X106.6641 Y120.4117 Z5.0903 E0.3811
G1 X106.3672 Y121.3104 Z5.0928 E0.3811
G1 X106.1081 Y122.2209 Z5.0954 E0.3812
G1 X105.8873 Y123.1417 Z5.098 E0.3813
G1 X105.7052 Y124.0711 Z5.1006 E0.3814
G1 X105.5621 Y125.0074 Z5.1032 E0.3815
G1 X105.4584 Y125.9492 Z5.1058 E0.3815
G1 X105.3942 Y126.8947 Z5.1083 E0.3816
G1 X105.3696 Y127.8422 Z5.1109 E0.3817
G1 X105.3847 Y128.7901 Z5.1135 E0.3818
G1 X105.4396 Y129.7368 Z5.1161 E0.3819
G1 X105.5340 Y130.6805 Z5.1187 E0.3819
G1 X105.6679 Y131.6196 Z5.1212 E0.382
G1 X105.8411 Y132.5526 Z5.1238 E0.3821
G1 X106.0532 Y133.4776 Z5.1264 E0.3822
G1 X106.3039 Y134.3931 Z5.129 E0.3823
G1 X106.5928 Y135.2975 Z5.1316 E0.3823
G1 X106.9194 Y136.1892 Z5.1342 E0.3824
G1 X107.2831 Y137.0666 Z5.1367 E0.3825
G1 X107.6833 Y137.9282 Z5.1393 E0.3826
G1 X108.1194 Y138.7725 Z5.1419 E0.3827
G1 X108.5905 Y139.5979 Z5.1445 E0.3827
G1 X109.0959 Y140.4031 Z5.1471 E0.3828
G1 X109.6346 Y141.1865 Z5.1497 E0.3829
G1 X110.2058 Y141.9469 Z5.1522 E0.383
G1 X110.8085 Y142.6828 Z5.1548 E0.3831
G1 X111.4416 Y143.3930 Z5.1574 E0.3831
G1 X112.1040 Y144.0762 Z5.16 E0.3832
G1 X112.7946 Y144.7311 Z5.1626 E0.3833
G1 X113.5122 Y145.3568 Z5.1651 E0.3834
G1 X114.2555 Y145.9519 Z5.1677 E0.3835
G1 X115.0232 Y146.5155 Z5.1703 E0.3835
G1 X115.8140 Y147.0466 Z5.1729 E0.3836
G1 X116.6265 Y147.5442 Z5.1755 E0.3837
G1 X117.4594 Y148.0075 Z5.1781 E0.3838
G1 X118.3110 Y148.4355 Z5.1806 E0.3838
G1 X119.1801 Y148.8276 Z5.1832 E0.3839
G1 X120.0649 Y149.1830 Z5.1858 E0.384
G1 X120.9641 Y149.5011 Z5.1884 E0.3841
G1 X121.8760 Y149.7814 Z5.191 E0.3842
G1 X122.7990 Y150.0232 Z5.1935 E0.3842
G1 X123.7315 Y150.2263 Z5.1961 E0.3843
G1 X124.6719 Y150.3901 Z5.1987 E0.3844
G1 X125.6186 Y150.5145 Z5.2013 E0.3845
G1 X126.5698 Y150.5991 Z5.2039 E0.3846
G1 X127.5239 Y150.6438 Z5.2064 E0.3846
G1 X128.4792 Y150.6485 Z5.209 E0.3847
G1 X129.4341 Y150.6132 Z5.2116 E0.3848
G1 X130.3869 Y150.5379 Z5.2142 E0.3849
G1 X131.3359 Y150.4228 Z5.2168 E0.385
G1 X132.2795 Y150.2680 Z5.2194 E0.385
G1 X133.2159 Y150.0738 Z5.2219 E0.3851
G1 X134.1435 Y149.8405 Z5.2245 E0.3852
G1 X135.0608 Y149.5685 Z5.2271 E0.3853
G1 X135.9661 Y149.2582 Z5.2297 E0.3854
G1 X136.8577 Y148.9103 Z5.2323 E0.3854
G1 X137.7342 Y148.5252 Z5.2348 E0.3855
G1 X138.5940 Y148.1037 Z5.2374 E0.3856
G1 X139.4355 Y147.6464 Z5.24 E0.3857
G1 X140.2573 Y147.1542 Z5.2426 E0.3858
G1 X141.0579 Y146.6280 Z5.2452 E0.3858
G1 X141.8360 Y146.0685 Z5.2478 E0.3859
G1 X142.5901 Y145.4768 Z5.2503 E0.386
G1 X143.3190 Y144.8539 Z5.2529 E0.3861
G1 X144.0212 Y144.2010 Z5.2555 E0.3862
G1 X144.6956 Y143.5190 Z5.2581 E0.3862
G1 X145.3410 Y142.8093 Z5.2607 E0.3863
G1 X145.9563 Y142.0730 Z5.2632 E0.3864
G1 X146.5403 Y141.3114 Z5.2658 E0.3865
G1 X147.0920 Y140.5259 Z5.2684 E0.3866
G1 X147.6104 Y139.7178 Z5.271 E0.3866
G1 X148.0946 Y138.8885 Z5.2736 E0.3867
G1 X148.5438 Y138.0395 Z5.2762 E0.3868
G1 X148.9571 Y137.1722 Z5.2787 E0.3869
G1 X149.3338 Y136.2883 Z5.2813 E0.387
G1 X149.6733 Y135.3891 Z5.2839 E0.387
G1 X149.9748 Y134.4763 Z5.2865 E0.3871
G1 X150.2379 Y133.5515 Z5.2891 E0.3872
G1 X150.4621 Y132.6163 Z5.2917 E0.3873
G1 X150.6470 Y131.6724 Z5.2942 E0.3874
G1 X150.7922 Y130.7213 Z5.2968 E0.3874
G1 X150.8975 Y129.7648 Z5.2994 E0.3875
G1 X150.9626 Y128.8046 Z5.302 E0.3876
G1 X150.9875 Y127.8422 Z5.3046 E0.3877
G1 X150.9720 Y126.8794 Z5.3072 E0.3878
G1 X150.9162 Y125.9180 Z5.3098 E0.3878
G1 X150.8202 Y124.9595 Z5.3125 E0.3879
G1 X150.6841 Y124.0057 Z5.3151 E0.388
G1 X150.5081 Y123.0583 Z5.3178 E0.3881
G1 X150.2926 Y122.1188 Z5.3204 E0.3882
G1 X150.0378 Y121.1890 Z5.3231 E0.3882
G1 X149.7443 Y120.2705 Z5.3257 E0.3883
G1 X149.4126 Y119.3650 Z5.3284 E0.3884
G1 X149.0431 Y118.4739 Z5.331 E0.3885
G1 X148.6365 Y117.5989 Z5.3336 E0.3885
G1 X148.1936 Y116.7415 Z5.3363 E0.3886
G1 X147.7150 Y115.9033 Z5.3389 E0.3887
G1 X147.2017 Y115.0856 Z5.3416 E0.3888
G1 X146.6544 Y114.2900 Z5.3442 E0.3889
G1 X146.0742 Y113.5179 Z5.3469 E0.3889
G1 X145.4621 Y112.7706 Z5.3495 E0.389
G1 X144.8191 Y112.0495 Z5.3521 E0.3891
G1 X144.1463 Y111.3557 Z5.3548 E0.3892
G1 X143.4449 Y110.6906 Z5.3574 E0.3893
G1 X142.7161 Y110.0554 Z5.3601 E0.3893
G1 X141.9612 Y109.4510 Z5.3627 E0.3894
G1 X141.1814 Y108.8787 Z5.3654 E0.3895
G1 X140.3783 Y108.3395 Z5.368 E0.3896
G1 X139.5531 Y107.8343 Z5.3706 E0.3897
G1 X138.7073 Y107.3639 Z5.3733 E0.3897
G1 X137.8424 Y106.9293 Z5.3759 E0.3898
G1 X136.9598 Y106.5313 Z5.3786 E0.3899
G1 X136.0612 Y106.1704 Z5.3812 E0.39
G1 X135.1480 Y105.8475 Z5.3839 E0.39
G1 X134.2220 Y105.5630 Z5.3865 E0.3901
G1 X133.2846 Y105.3175 Z5.3892 E0.3902
G1 X132.3376 Y105.1114 Z5.3918 E0.3903
G1 X131.3826 Y104.9451 Z5.3944 E0.3904
G1 X130.4213 Y104.8190 Z5.3971 E0.3904
G1 X129.4554 Y104.7332 Z5.3997 E0.3905
G1 X128.4865 Y104.6879 Z5.4024 E0.3906
G1 X127.5164 Y104.6832 Z5.405 E0.3907
G1 X126.5467 Y104.7191 Z5.4077 E0.3908
G1 X125.5792 Y104.7957 Z5.4103 E0.3908
G1 X124.6156 Y104.9127 Z5.413 E0.3909
G1 X123.6575 Y105.0700 Z5.4156 E0.391
G1 X122.7066 Y105.2673 Z5.4182 E0.3911
G1 X121.7647 Y105.5043 Z5.4209 E0.3911
G1 X120.8333 Y105.7806 Z5.4235 E0.3912
G1 X119.9141 Y106.0958 Z5.4262 E0.3913
G1 X119.0087 Y106.4492 Z5.4288 E0.3914
G1 X118.1187 Y106.8403 Z5.4315 E0.3915
G1 X117.2458 Y107.2684 Z5.4341 E0.3915
G1 X116.3913 Y107.7328 Z5.4367 E0.3916
G1 X115.5569 Y108.2326 Z5.4394 E0.3917
G1 X114.7440 Y108.7671 Z5.442 E0.3918
G1 X113.9540 Y109.3353 Z5.4447 E0.3919
G1 X113.1883 Y109.9362 Z5.4473 E0.3919
G1 X112.4484 Y110.5687 Z5.45 E0.392
G1 X111.7354 Y111.2318 Z5.4526 E0.3921
G1 X111.0507 Y111.9243 Z5.4553 E0.3922
G1 X110.3954 Y112.6450 Z5.4579 E0.3923
G1 X109.7708 Y113.3927 Z5.4605 E0.3923
G1 X109.1779 Y114.1661 Z5.4632 E0.3924
G1 X108.6178 Y114.9637 Z5.4658 E0.3925
G1 X108.0915 Y115.7843 Z5.4685 E0.3926
G1 X107.5999 Y116.6263 Z5.4711 E0.3927
G1 X107.1440 Y117.4884 Z5.4738 E0.3927
G1 X106.7244 Y118.3690 Z5.4764 E0.3928
G1 X106.3420 Y119.2666 Z5.479 E0.3929
G1 X105.9975 Y120.1796 Z5.4817 E0.393
G1 X105.6914 Y121.1064 Z5.4843 E0.393
G1 X105.4244 Y122.0454 Z5.487 E0.3931
G1 X105.1969 Y122.9949 Z5.4896 E0.3932
G1 X105.0093 Y123.9534 Z5.4923 E0.3933
G1 X104.8619 Y124.9190 Z5.4949 E0.3934
G1 X104.7552 Y125.8902 Z5.4975 E0.3934
G1 X104.6891 Y126.8651 Z5.5002 E0.3935
G1 X104.6640 Y127.8422 Z5.5028 E0.3936
G1 X104.6798 Y128.8197 Z5.5055 E0.3937
G1 X104.7365 Y129.7958 Z5.5081 E0.3938
G1 X104.8340 Y130.7689 Z5.5108 E0.3938
G1 X104.9723 Y131.7373 Z5.5134 E0.3939
G1 X105.1510 Y132.6992 Z5.516 E0.394
G1 X105.3699 Y133.6530 Z5.5187 E0.3941
G1 X105.6286 Y134.5970 Z5.5213 E0.3942
G1 X105.9267 Y135.5295 Z5.524 E0.3942
G1 X106.2636 Y136.4489 Z5.5266 E0.3943
G1 X106.6388 Y137.3535 Z5.5293 E0.3944
G1 X107.0516 Y138.2418 Z5.5319 E0.3945
G1 X107.5014 Y139.1122 Z5.5345 E0.3945
G1 X107.9873 Y139.9632 Z5.5372 E0.3946
G1 X108.5085 Y140.7933 Z5.5398 E0.3947
G1 X109.0642 Y141.6010 Z5.5425 E0.3948
G1 X109.6532 Y142.3848 Z5.5451 E0.3949
G1 X110.2748 Y143.1435 Z5.5478 E0.3949
G1 X110.9277 Y143.8756 Z5.5504 E0.395
G1 X111.6108 Y144.5799 Z5.553 E0.3951
G1 X112.3229 Y145.2550 Z5.5557 E0.3952
G1 X113.0628 Y145.8999 Z5.5583 E0.3953
G1 X113.8293 Y146.5134 Z5.561 E0.3953
G1 X114.6209 Y147.0943 Z5.5636 E0.3954
G1 X115.4363 Y147.6417 Z5.5663 E0.3955
G1 X116.2741 Y148.1546 Z5.5689 E0.3956
G1 X117.1329 Y148.6320 Z5.5715 E0.3957
G1 X118.0110 Y149.0731 Z5.5742 E0.3957
G1 X118.9070 Y149.4772 Z5.5768 E0.3958
G1 X119.8193 Y149.8435 Z5.5795 E0.3959
G1 X120.7464 Y150.1713 Z5.5821 E0.396
G1 X121.6865 Y150.4600 Z5.5848 E0.3961
G1 X122.6381 Y150.7092 Z5.5874 E0.3961
G1 X123.5995 Y150.9183 Z5.59 E0.3962
G1 X124.5690 Y151.0870 Z5.5927 E0.3963
G1 X125.5449 Y151.2150 Z5.5953 E0.3964
G1 X126.5255 Y151.3021 Z5.598 E0.3964
G1 X127.5091 Y151.3480 Z5.6006 E0.3965
G1 X128.4940 Y151.3527 Z5.6033 E0.3966
G1 X129.4784 Y151.3161 Z5.6059 E0.3967
G1 X130.4605 Y151.2384 Z5.6085 E0.3968
G1 X131.4388 Y151.1195 Z5.6112 E0.3968
G1 X132.4114 Y150.9597 Z5.6138 E0.3969
G1 X133.3767 Y150.7594 Z5.6165 E0.397
G1 X134.3329 Y150.5187 Z5.6191 E0.3971
G1 X135.2784 Y150.2381 Z5.6218 E0.3972
G1 X136.2115 Y149.9181 Z5.6244 E0.3972
G1 X137.1305 Y149.5593 Z5.627 E0.3973
G1 X138.0339 Y149.1622 Z5.6297 E0.3974
G1 X138.9201 Y148.7276 Z5.6323 E0.3975
G1 X139.7874 Y148.2561 Z5.635 E0.3976
G1 X140.6345 Y147.7486 Z5.6376 E0.3976
G1 X141.4597 Y147.2059 Z5.6403 E0.3977
G1 X142.2616 Y146.6291 Z5.6429 E0.3978
G1 X143.0387 Y146.0191 Z5.6455 E0.3979
G1 X143.7899 Y145.3770 Z5.6482 E0.398
G1 X144.5136 Y144.7038 Z5.6508 E0.398
G1 X145.2086 Y144.0007 Z5.6535 E0.3981
G1 X145.8737 Y143.2691 Z5.6561 E0.3982
G1 X146.5077 Y142.5100 Z5.6588 E0.3983
G1 X147.1095 Y141.7250 Z5.6614 E0.3983
G1 X147.6780 Y140.9152 Z5.664 E0.3984
G1 X148.2122 Y140.0822 Z5.6667 E0.3985
G1 X148.7111 Y139.2274 Z5.6693 E0.3986
G1 X149.1739 Y138.3523 Z5.672 E0.3987
G1 X149.5997 Y137.4583 Z5.6746 E0.3987
G1 X149.9878 Y136.5472 Z5.6773 E0.3988
G1 X150.3375 Y135.6204 Z5.6799 E0.3989
G1 X150.6481 Y134.6796 Z5.6825 E0.399
G1 X150.9191 Y133.7264 Z5.6852 E0.3991
G1 X151.1500 Y132.7626 Z5.6878 E0.3991
G1 X151.3404 Y131.7897 Z5.6905 E0.3992
G1 X151.4898 Y130.8095 Z5.6931 E0.3993
G1 X151.5982 Y129.8237 Z5.6958 E0.3994
G1 X151.6651 Y128.8340 Z5.6984 E0.3995
G1 X151.6906 Y127.8422 Z5.701 E0.3995
G1 X151.6745 Y126.8500 Z5.7037 E0.3996
G1 X151.6168 Y125.8592 Z5.7064 E0.3997
G1 X151.5176 Y124.8714 Z5.7092 E0.3998
G1 X151.3772 Y123.8885 Z5.7119 E0.3998
G1 X151.1957 Y122.9121 Z5.7146 E0.3999
G1 X150.9734 Y121.9440 Z5.7173 E0.4
G1 X150.7107 Y120.9859 Z5.72 E0.4001
G1 X150.4081 Y120.0394 Z5.7227 E0.4002
G1 X150.0660 Y119.1063 Z5.7254 E0.4002
G1 X149.6851 Y118.1881 Z5.7281 E0.4003
G1 X149.2659 Y117.2864 Z5.7308 E0.4004
G1 X148.8093 Y116.4030 Z5.7335 E0.4005
G1 X148.3160 Y115.5393 Z5.7362 E0.4006
G1 X147.7869 Y114.6968 Z5.7389 E0.4006
G1 X147.2228 Y113.8771 Z5.7416 E0.4007
G1 X146.6248 Y113.0815 Z5.7443 E0.4008
G1 X145.9939 Y112.3116 Z5.747 E0.4009
G1 X145.3312 Y111.5686 Z5.7497 E0.4009
G1 X144.6377 Y110.8538 Z5.7524 E0.401
G1 X143.9149 Y110.1686 Z5.7551 E0.4011
G1 X143.1638 Y109.5142 Z5.7578 E0.4012
G1 X142.3858 Y108.8916 Z5.7605 E0.4013
G1 X141.5823 Y108.3021 Z5.7632 E0.4013
G1 X140.7546 Y107.7466 Z5.7659 E0.4014
G1 X139.9042 Y107.2261 Z5.7686 E0.4015
G1 X139.0326 Y106.7416 Z5.7713 E0.4016
G1 X138.1413 Y106.2940 Z5.774 E0.4017
G1 X137.2319 Y105.8840 Z5.7768 E0.4017
G1 X136.3059 Y105.5124 Z5.7795 E0.4018
G1 X135.3650 Y105.1798 Z5.7822 E0.4019
G1 X134.4108 Y104.8868 Z5.7849 E0.402
G1 X133.4449 Y104.6340 Z5.7876 E0.402
G1 X132.4692 Y104.4219 Z5.7903 E0.4021
G1 X131.4852 Y104.2507 Z5.793 E0.4022
G1 X130.4947 Y104.1209 Z5.7957 E0.4023
G1 X129.4995 Y104.0327 Z5.7984 E0.4024
G1 X128.5012 Y103.9862 Z5.8011 E0.4024
G1 X127.5017 Y103.9815 Z5.8038 E0.4025
G1 X126.5027 Y104.0188 Z5.8065 E0.4026
G1 X125.5059 Y104.0978 Z5.8092 E0.4027
G1 X124.5131 Y104.2185 Z5.8119 E0.4027
G1 X123.5260 Y104.3808 Z5.8146 E0.4028
G1 X122.5464 Y104.5842 Z5.8173 E0.4029
G1 X121.5760 Y104.8286 Z5.82 E0.403
G1 X120.6165 Y105.1134 Z5.8227 E0.4031
G1 X119.6695 Y105.4382 Z5.8254 E0.4031
G1 X118.7369 Y105.8025 Z5.8281 E0.4032
G1 X117.8201 Y106.2056 Z5.8308 E0.4033
G1 X116.9208 Y106.6468 Z5.8335 E0.4034
G1 X116.0406 Y107.1254 Z5.8362 E0.4035
G1 X115.1811 Y107.6405 Z5.8389 E0.4035
G1 X114.3437 Y108.1913 Z5.8417 E0.4036
G1 X113.5300 Y108.7767 Z5.8444 E0.4037
G1 X112.7414 Y109.3958 Z5.8471 E0.4038
G1 X111.9792 Y110.0476 Z5.8498 E0.4038
G1 X111.2448 Y110.7308 Z5.8525 E0.4039
G1 X110.5396 Y111.4444 Z5.8552 E0.404
G1 X109.8647 Y112.1869 Z5.8579 E0.4041
G1 X109.2214 Y112.9573 Z5.8606 E0.4042
G1 X108.6108 Y113.7540 Z5.8633 E0.4042
G1 X108.0340 Y114.5758 Z5.866 E0.4043
G1 X107.4920 Y115.4212 Z5.8687 E0.4044
G1 X106.9857 Y116.2887 Z5.8714 E0.4045
G1 X106.5162 Y117.1768 Z5.8741 E0.4045
G1 X106.0842 Y118.0840 Z5.8768 E0.4046
G1 X105.6904 Y119.0086 Z5.8795 E0.4047
G1 X105.3357 Y119.9491 Z5.8822 E0.4048
G1 X105.0206 Y120.9039 Z5.8849 E0.4049
G1 X104.7457 Y121.8711 Z5.8876 E0.4049
G1 X104.5115 Y122.8492 Z5.8903 E0.405
G1 X104.3184 Y123.8365 Z5.893 E0.4051
G1 X104.1669 Y124.8312 Z5.8957 E0.4052
G1 X104.0570 Y125.8315 Z5.8984 E0.4053
G1 X103.9892 Y126.8358 Z5.9011 E0.4053
G1 X103.9635 Y127.8422 Z5.9038 E0.4054
G1 X103.9799 Y128.8490 Z5.9065 E0.4055
G1 X104.0385 Y129.8544 Z5.9092 E0.4056
G1 X104.1392 Y130.8567 Z5.9119 E0.4056
G1 X104.2817 Y131.8541 Z5.9147 E0.4057
G1 X104.4660 Y132.8448 Z5.9174 E0.4058
G1 X104.6916 Y133.8272 Z5.9201 E0.4059
G1 X104.9582 Y134.7994 Z5.9228 E0.406
G1 X105.2654 Y135.7597 Z5.9255 E0.406
G1 X105.6126 Y136.7066 Z5.9282 E0.4061
G1 X105.9992 Y137.6383 Z5.9309 E0.4062
G1 X106.4245 Y138.5531 Z5.9336 E0.4063
G1 X106.8879 Y139.4495 Z5.9363 E0.4064
G1 X107.3885 Y140.3259 Z5.939 E0.4064
G1 X107.9255 Y141.1807 Z5.9417 E0.4065
G1 X108.4979 Y142.0124 Z5.9444 E0.4066
G1 X109.1047 Y142.8196 Z5.9471 E0.4067
G1 X109.7449 Y143.6008 Z5.9498 E0.4067
G1 X110.4175 Y144.3547 Z5.9525 E0.4068
G1 X111.1211 Y145.0799 Z5.9552 E0.4069
G1 X111.8546 Y145.7751 Z5.9579 E0.407
G1 X112.6168 Y146.4391 Z5.9606 E0.4071
G1 X113.4062 Y147.0708 Z5.9633 E0.4071
G1 X114.2216 Y147.6689 Z5.966 E0.4072
G1 X115.0614 Y148.2325 Z5.9687 E0.4073
G1 X115.9243 Y148.7605 Z5.9714 E0.4074
G1 X116.8087 Y149.2520 Z5.9741 E0.4075
G1 X117.7131 Y149.7061 Z5.9768 E0.4075
G1 X118.6359 Y150.1221 Z5.9795 E0.4076
G1 X119.5755 Y150.4991 Z5.9822 E0.4077
G1 X120.5302 Y150.8365 Z5.9849 E0.4078
G1 X121.4984 Y151.1337 Z5.9876 E0.4078
G1 X122.4784 Y151.3901 Z5.9903 E0.4079
G1 X123.4684 Y151.6053 Z5.993 E0.408
G1 X124.4668 Y151.7789 Z5.9957 E0.4081
G1 X125.4718 Y151.9105 Z5.9984 E0.4082
G1 X126.4816 Y152.0000 Z6.0012 E0.4082
G1 X127.4945 Y152.0471 Z6.0039 E0.4083
G1 X128.5086 Y152.0517 Z6.0066 E0.4084
G1 X129.5223 Y152.0139 Z6.0093 E0.4085
G1 X130.5336 Y151.9337 Z6.012 E0.4086
G1 X131.5409 Y151.8111 Z6.0147 E0.4086
G1 X132.5424 Y151.6464 Z6.0174 E0.4087
G1 X133.5363 Y151.4399 Z6.0201 E0.4088
G1 X134.5209 Y151.1919 Z6.0228 E0.4089
G1 X135.4944 Y150.9029 Z6.0255 E0.409
G1 X136.4551 Y150.5732 Z6.0282 E0.409
G1 X137.4014 Y150.2036 Z6.0309 E0.4091
G1 X138.3315 Y149.7945 Z6.0336 E0.4092
G1 X139.2439 Y149.3468 Z6.0363 E0.4093
G1 X140.1368 Y148.8612 Z6.039 E0.4093
G1 X141.0089 Y148.3385 Z6.0417 E0.4094
G1 X141.8584 Y147.7797 Z6.0444 E0.4095
G1 X142.6840 Y147.1856 Z6.0471 E0.4096
G1 X143.4841 Y146.5574 Z6.0498 E0.4097
G1 X144.2573 Y145.8961 Z6.0525 E0.4097
G1 X145.0023 Y145.2029 Z6.0552 E0.4098
G1 X145.7178 Y144.4789 Z6.0579 E0.4099
G1 X146.4025 Y143.7255 Z6.0606 E0.41
G1 X147.0551 Y142.9439 Z6.0633 E0.4101
G1 X147.6745 Y142.1355 Z6.066 E0.4101
G1 X148.2597 Y141.3017 Z6.0687 E0.4102
G1 X148.8095 Y140.4440 Z6.0714 E0.4103
G1 X149.3231 Y139.5638 Z6.0741 E0.4104
G1 X149.7994 Y138.6628 Z6.0768 E0.4104
G1 X150.2376 Y137.7424 Z6.0795 E0.4105
G1 X150.6370 Y136.8042 Z6.0822 E0.4106
G1 X150.9969 Y135.8500 Z6.0849 E0.4107
G1 X151.3165 Y134.8814 Z6.0876 E0.4108
G1 X151.5953 Y133.9001 Z6.0904 E0.4108
G1 X151.8328 Y132.9077 Z6.0931 E0.4109
G1 X152.0286 Y131.9061 Z6.0958 E0.411
G1 X152.1824 Y130.8969 Z6.0985 E0.4111
G1 X152.2937 Y129.8821 Z6.1012 E0.4112
G1 X152.3625 Y128.8632 Z6.1039 E0.4112
G1 X152.3885 Y127.8422 Z6.1066 E0.4113
G1 X152.3717 Y126.8208 Z6.1093 E0.4114
G1 X152.3122 Y125.8008 Z6.1121 E0.4115
G1 X152.2100 Y124.7840 Z6.1149 E0.4115
G1 X152.0652 Y123.7721 Z6.1176 E0.4116
G1 X151.8782 Y122.7671 Z6.1204 E0.4117
G1 X151.6492 Y121.7705 Z6.1232 E0.4118
G1 X151.3786 Y120.7842 Z6.1259 E0.4119
G1 X151.0669 Y119.8100 Z6.1287 E0.4119
G1 X150.7146 Y118.8494 Z6.1315 E0.412
G1 X150.3223 Y117.9043 Z6.1342 E0.4121
G1 X149.8907 Y116.9763 Z6.137 E0.4122
G1 X149.4205 Y116.0670 Z6.1398 E0.4122
G1 X148.9126 Y115.1780 Z6.1425 E0.4123
G1 X148.3678 Y114.3109 Z6.1453 E0.4124
G1 X147.7870 Y113.4672 Z6.1481 E0.4125
G1 X147.1713 Y112.6484 Z6.1508 E0.4125
G1 X146.5217 Y111.8560 Z6.1536 E0.4126
G1 X145.8394 Y111.0913 Z6.1564 E0.4127
G1 X145.1256 Y110.3557 Z6.1591 E0.4128
G1 X144.3814 Y109.6505 Z6.1619 E0.4129
G1 X143.6082 Y108.9770 Z6.1647 E0.4129
G1 X142.8073 Y108.3363 Z6.1674 E0.413
G1 X141.9801 Y107.7297 Z6.1702 E0.4131
G1 X141.1281 Y107.1580 Z6.173 E0.4132
G1 X140.2527 Y106.6225 Z6.1757 E0.4133
G1 X139.3555 Y106.1240 Z6.1785 E0.4133
G1 X138.4381 Y105.6634 Z6.1813 E0.4134
G1 X137.5019 Y105.2416 Z6.184 E0.4135
G1 X136.5488 Y104.8592 Z6.1868 E0.4136
G1 X135.5803 Y104.5171 Z6.1896 E0.4136
G1 X134.5981 Y104.2157 Z6.1923 E0.4137
G1 X133.6040 Y103.9557 Z6.1951 E0.4138
G1 X132.5997 Y103.7375 Z6.1979 E0.4139
G1 X131.5870 Y103.5615 Z6.2006 E0.414
G1 X130.5675 Y103.4281 Z6.2034 E0.414
G1 X129.5432 Y103.3375 Z6.2062 E0.4141
G1 X128.5158 Y103.2898 Z6.2089 E0.4142
G1 X127.4871 Y103.2852 Z6.2117 E0.4143
G1 X126.4589 Y103.3236 Z6.2144 E0.4143
G1 X125.4331 Y103.4052 Z6.2172 E0.4144
G1 X124.4113 Y103.5296 Z6.22 E0.4145
G1 X123.3955 Y103.6967 Z6.2227 E0.4146
G1 X122.3874 Y103.9063 Z6.2255 E0.4146
G1 X121.3887 Y104.1579 Z6.2283 E0.4147
G1 X120.4013 Y104.4512 Z6.231 E0.4148
G1 X119.4269 Y104.7857 Z6.2338 E0.4149
G1 X118.4671 Y105.1607 Z6.2366 E0.415
G1 X117.5237 Y105.5757 Z6.2393 E0.415
G1 X116.5983 Y106.0299 Z6.2421 E0.4151
G1 X115.6926 Y106.5226 Z6.2449 E0.4152
G1 X114.8081 Y107.0528 Z6.2476 E0.4153
G1 X113.9465 Y107.6197 Z6.2504 E0.4153
G1 X113.1092 Y108.2223 Z6.2532 E0.4154
G1 X112.2977 Y108.8596 Z6.2559 E0.4155
G1 X111.5135 Y109.5304 Z6.2587 E0.4156
G1 X110.7579 Y110.2337 Z6.2615 E0.4157
G1 X110.0323 Y110.9680 Z6.2642 E0.4157
G1 X109.3380 Y111.7323 Z6.267 E0.4158
G1 X108.6761 Y112.5251 Z6.2698 E0.4159
G1 X108.0479 Y113.3451 Z6.2725 E0.416
G1 X107.4545 Y114.1908 Z6.2753 E0.416
G1 X106.8969 Y115.0608 Z6.2781 E0.4161
G1 X106.3762 Y115.9536 Z6.2808 E0.4162
G1 X105.8932 Y116.8675 Z6.2836 E0.4163
G1 X105.4488 Y117.8011 Z6.2864 E0.4164
G1 X105.0438 Y118.7526 Z6.2891 E0.4164
G1 X104.6789 Y119.7204 Z6.2919 E0.4165
G1 X104.3549 Y120.7028 Z6.2947 E0.4166
G1 X104.0722 Y121.6982 Z6.2974 E0.4167
G1 X103.8313 Y122.7047 Z6.3002 E0.4167
G1 X103.6329 Y123.7205 Z6.303 E0.4168
G1 X103.4771 Y124.7440 Z6.3057 E0.4169
G1 X103.3642 Y125.7733 Z6.3085 E0.417
G1 X103.2946 Y126.8067 Z6.3113 E0.4171
G1 X103.2683 Y127.8422 Z6.314 E0.4171
G1 X103.2854 Y128.8781 Z6.3168 E0.4172
G1 X103.3458 Y129.9126 Z6.3196 E0.4173
G1 X103.4496 Y130.9438 Z6.3223 E0.4174
G1 X103.5964 Y131.9700 Z6.3251 E0.4175
G1 X103.7862 Y132.9893 Z6.3279 E0.4175
G1 X104.0185 Y134.0000 Z6.3306 E0.4176
G1 X104.2930 Y135.0002 Z6.3334 E0.4177
G1 X104.6092 Y135.9883 Z6.3362 E0.4178
G1 X104.9665 Y136.9624 Z6.3389 E0.4178
G1 X105.3644 Y137.9209 Z6.3417 E0.4179
G1 X105.8022 Y138.8620 Z6.3445 E0.418
G1 X106.2791 Y139.7842 Z6.3472 E0.4181
G1 X106.7943 Y140.6858 Z6.35 E0.4181
G1 X107.3469 Y141.5651 Z6.3527 E0.4182
G1 X107.9359 Y142.4207 Z6.3555 E0.4183
G1 X108.5604 Y143.2511 Z6.3583 E0.4184
G1 X109.2192 Y144.0547 Z6.361 E0.4185
G1 X109.9112 Y144.8301 Z6.3638 E0.4185
G1 X110.6352 Y145.5761 Z6.3666 E0.4186
G1 X111.3900 Y146.2912 Z6.3693 E0.4187
G1 X112.1742 Y146.9742 Z6.3721 E0.4188
G1 X112.9864 Y147.6238 Z6.3749 E0.4189
G1 X113.8253 Y148.2390 Z6.3776 E0.4189
G1 X114.6894 Y148.8187 Z6.3804 E0.419
G1 X115.5772 Y149.3617 Z6.3832 E0.4191
G1 X116.4871 Y149.8672 Z6.3859 E0.4192
G1 X117.4175 Y150.3343 Z6.3887 E0.4192
G1 X118.3669 Y150.7620 Z6.3915 E0.4193
G1 X119.3335 Y151.1497 Z6.3942 E0.4194
G1 X120.3157 Y151.4966 Z6.397 E0.4195
G1 X121.3118 Y151.8021 Z6.3998 E0.4196
G1 X122.3199 Y152.0657 Z6.4025 E0.4196
G1 X123.3384 Y152.2869 Z6.4053 E0.4197
G1 X124.3655 Y152.4653 Z6.408 E0.4198
G1 X125.3993 Y152.6006 Z6.4108 E0.4199
G1 X126.4381 Y152.6925 Z6.4136 E0.4199
G1 X127.4799 Y152.7407 Z6.4163 E0.42
G1 X128.5232 Y152.7454 Z6.4191 E0.4201
G1 X129.5658 Y152.7063 Z6.4219 E0.4202
G1 X130.6061 Y152.6236 Z6.4246 E0.4203
G1 X131.6422 Y152.4973 Z6.4274 E0.4203
G1 X132.6724 Y152.3278 Z6.4302 E0.4204
G1 X133.6947 Y152.1152 Z6.4329 E0.4205
G1 X134.7074 Y151.8599 Z6.4357 E0.4206
G1 X135.7087 Y151.5624 Z6.4385 E0.4206
G1 X136.6968 Y151.2232 Z6.4412 E0.4207
G1 X137.6701 Y150.8428 Z6.444 E0.4208
G1 X138.6267 Y150.4220 Z6.4468 E0.4209
G1 X139.5651 Y149.9613 Z6.4495 E0.421
G1 X140.4835 Y149.4617 Z6.4523 E0.421
G1 X141.3804 Y148.9239 Z6.4551 E0.4211
G1 X142.2541 Y148.3490 Z6.4578 E0.4212
G1 X143.1031 Y147.7378 Z6.4606 E0.4213
G1 X143.9259 Y147.0915 Z6.4634 E0.4213
G1 X144.7211 Y146.4112 Z6.4661 E0.4214
G1 X145.4873 Y145.6981 Z6.4689 E0.4215
G1 X146.2230 Y144.9534 Z6.4716 E0.4216
G1 X146.9271 Y144.1783 Z6.4744 E0.4217
G1 X147.5982 Y143.3744 Z6.4772 E0.4217
G1 X148.2352 Y142.5428 Z6.4799 E0.4218
G1 X148.8369 Y141.6852 Z6.4827 E0.4219
G1 X149.4022 Y140.8029 Z6.4855 E0.422
G1 X149.9302 Y139.8976 Z6.4882 E0.422
G1 X150.4199 Y138.9708 Z6.491 E0.4221
G1 X150.8705 Y138.0241 Z6.4938 E0.4222
G1 X151.2811 Y137.0593 Z6.4965 E0.4223
G1 X151.6510 Y136.0778 Z6.4993 E0.4224
G1 X151.9796 Y135.0816 Z6.5021 E0.4224
G1 X152.2662 Y134.0723 Z6.5048 E0.4225
G1 X152.5103 Y133.0517 Z6.5076 E0.4226
G1 X152.7115 Y132.0216 Z6.5104 E0.4227
G1 X152.8694 Y130.9837 Z6.5131 E0.4228
G1 X152.9838 Y129.9400 Z6.5159 E0.4228
G1 X153.0543 Y128.8922 Z6.5187 E0.4229
G1 X153.0809 Y127.8422 Z6.5214 E0.423
G1 X153.0635 Y126.7918 Z6.5243 E0.4231
G1 X153.0021 Y125.7428 Z6.5271 E0.4231
G1 X152.8968 Y124.6972 Z6.5299 E0.4232
G1 X152.7478 Y123.6567 Z6.5327 E0.4233
G1 X152.5553 Y122.6231 Z6.5356 E0.4234
G1 X152.3196 Y121.5984 Z6.5384 E0.4234
G1 X152.0412 Y120.5842 Z6.5412 E0.4235
G1 X151.7205 Y119.5824 Z6.544 E0.4236
G1 X151.3581 Y118.5947 Z6.5469 E0.4237
G1 X150.9545 Y117.6229 Z6.5497 E0.4238
G1 X150.5105 Y116.6686 Z6.5525 E0.4238
G1 X150.0269 Y115.7336 Z6.5553 E0.4239
G1 X149.5045 Y114.8195 Z6.5582 E0.424
G1 X148.9441 Y113.9280 Z6.561 E0.4241
G1 X148.3467 Y113.0605 Z6.5638 E0.4241
G1 X147.7135 Y112.2187 Z6.5667 E0.4242
G1 X147.0454 Y111.4039 Z6.5695 E0.4243
G1 X146.3437 Y110.6177 Z6.5723 E0.4244
G1 X145.6095 Y109.8615 Z6.5751 E0.4244
G1 X144.8442 Y109.1365 Z6.578 E0.4245
G1 X144.0490 Y108.4441 Z6.5808 E0.4246
G1 X143.2254 Y107.7855 Z6.5836 E0.4247
G1 X142.3748 Y107.1618 Z6.5864 E0.4248
G1 X141.4986 Y106.5742 Z6.5893 E0.4248
G1 X140.5985 Y106.0236 Z6.5921 E0.4249
G1 X139.6759 Y105.5112 Z6.5949 E0.425
G1 X138.7324 Y105.0378 Z6.5977 E0.4251
G1 X137.7699 Y104.6042 Z6.6006 E0.4251
G1 X136.7898 Y104.2112 Z6.6034 E0.4252
G1 X135.7939 Y103.8596 Z6.6062 E0.4253
G1 X134.7840 Y103.5499 Z6.6091 E0.4254
G1 X133.7619 Y103.2827 Z6.6119 E0.4254
G1 X132.7292 Y103.0586 Z6.6147 E0.4255
G1 X131.6879 Y102.8778 Z6.6175 E0.4256
G1 X130.6398 Y102.7408 Z6.6204 E0.4257
G1 X129.5866 Y102.6477 Z6.6232 E0.4258
G1 X128.5303 Y102.5989 Z6.626 E0.4258
G1 X127.4726 Y102.5943 Z6.6288 E0.4259
G1 X126.4155 Y102.6340 Z6.6317 E0.426
G1 X125.3608 Y102.7180 Z6.6345 E0.4261
G1 X124.3104 Y102.8461 Z6.6373 E0.4261
G1 X123.2660 Y103.0181 Z6.6402 E0.4262
G1 X122.2296 Y103.2337 Z6.643 E0.4263
G1 X121.2030 Y103.4926 Z6.6458 E0.4264
G1 X120.1879 Y103.7943 Z6.6486 E0.4265
G1 X119.1861 Y104.1383 Z6.6515 E0.4265
G1 X118.1994 Y104.5240 Z6.6543 E0.4266
G1 X117.2296 Y104.9508 Z6.6571 E0.4267
G1 X116.2784 Y105.4179 Z6.6599 E0.4268
G1 X115.3473 Y105.9245 Z6.6628 E0.4268
G1 X114.4381 Y106.4698 Z6.6656 E0.4269
G1 X113.5524 Y107.0527 Z6.6684 E0.427
G1 X112.6918 Y107.6724 Z6.6713 E0.4271
G1 X111.8577 Y108.3277 Z6.6741 E0.4271
G1 X111.0516 Y109.0174 Z6.6769 E0.4272
G1 X110.2749 Y109.7404 Z6.6797 E0.4273
G1 X109.5291 Y110.4955 Z6.6826 E0.4274
G1 X108.8155 Y111.2812 Z6.6854 E0.4275
G1 X108.1352 Y112.0964 Z6.6882 E0.4275
G1 X107.4896 Y112.9394 Z6.691 E0.4276
G1 X106.8797 Y113.8089 Z6.6939 E0.4277
G1 X106.3066 Y114.7033 Z6.6967 E0.4278
G1 X105.7714 Y115.6211 Z6.6995 E0.4278
G1 X105.2751 Y116.5607 Z6.7023 E0.4279
G1 X104.8184 Y117.5204 Z6.7052 E0.428
G1 X104.4022 Y118.4986 Z6.708 E0.4281
G1 X104.0274 Y119.4935 Z6.7108 E0.4282
G1 X103.6944 Y120.5034 Z6.7137 E0.4282
G1 X103.4040 Y121.5266 Z6.7165 E0.4283
G1 X103.1566 Y122.5613 Z6.7193 E0.4284
G1 X102.9527 Y123.6055 Z6.7221 E0.4285
G1 X102.7927 Y124.6576 Z6.725 E0.4285
G1 X102.6769 Y125.7156 Z6.7278 E0.4286
G1 X102.6055 Y126.7778 Z6.7306 E0.4287
G1 X102.5786 Y127.8422 Z6.7334 E0.4288
G1 X102.5964 Y128.9070 Z6.7363 E0.4288
G1 X102.6587 Y129.9703 Z6.7391 E0.4289
G1 X102.7655 Y131.0302 Z6.7419 E0.429
G1 X102.9166 Y132.0850 Z6.7447 E0.4291
G1 X103.1118 Y133.1327 Z6.7476 E0.4292
G1 X103.3507 Y134.1714 Z6.7504 E0.4292
G1 X103.6330 Y135.1995 Z6.7532 E0.4293
G1 X103.9582 Y136.2150 Z6.7561 E0.4294
G1 X104.3256 Y137.2161 Z6.7589 E0.4295
G1 X104.7347 Y138.2012 Z6.7617 E0.4295
G1 X105.1848 Y139.1685 Z6.7645 E0.4296
G1 X105.6751 Y140.1162 Z6.7674 E0.4297
G1 X106.2048 Y141.0428 Z6.7702 E0.4298
G1 X106.7729 Y141.9465 Z6.773 E0.4299
G1 X107.3784 Y142.8258 Z6.7758 E0.4299
G1 X108.0204 Y143.6791 Z6.7787 E0.43
G1 X108.6976 Y144.5049 Z6.7815 E0.4301
G1 X109.4090 Y145.3018 Z6.7843 E0.4302
G1 X110.1532 Y146.0683 Z6.7871 E0.4302
G1 X110.9290 Y146.8031 Z6.79 E0.4303
G1 X111.7351 Y147.5049 Z6.7928 E0.4304
G1 X112.5700 Y148.1725 Z6.7956 E0.4305
G1 X113.4322 Y148.8046 Z6.7984 E0.4305
G1 X114.3204 Y149.4002 Z6.8013 E0.4306
G1 X115.2328 Y149.9582 Z6.8041 E0.4307
G1 X116.1680 Y150.4775 Z6.8069 E0.4308
G1 X117.1243 Y150.9574 Z6.8097 E0.4309
G1 X118.1001 Y151.3968 Z6.8126 E0.4309
G1 X119.0935 Y151.7951 Z6.8154 E0.431
G1 X120.1030 Y152.1514 Z6.8182 E0.4311
G1 X121.1266 Y152.4653 Z6.821 E0.4312
G1 X122.1627 Y152.7360 Z6.8239 E0.4312
G1 X123.2094 Y152.9632 Z6.8267 E0.4313
G1 X124.2649 Y153.1463 Z6.8295 E0.4314
G1 X125.3273 Y153.2852 Z6.8324 E0.4315
G1 X126.3948 Y153.3794 Z6.8352 E0.4316
G1 X127.4655 Y153.4289 Z6.838 E0.4316
G1 X128.5376 Y153.4334 Z6.8408 E0.4317
G1 X129.6090 Y153.3931 Z6.8437 E0.4318
G1 X130.6781 Y153.3079 Z6.8465 E0.4319
G1 X131.7428 Y153.1781 Z6.8493 E0.4319
G1 X132.8013 Y153.0037 Z6.8521 E0.432
G1 X133.8518 Y152.7851 Z6.855 E0.4321
G1 X134.8924 Y152.5226 Z6.8578 E0.4322
G1 X135.9213 Y152.2167 Z6.8606 E0.4322
G1 X136.9366 Y151.8680 Z6.8634 E0.4323
G1 X137.9367 Y151.4770 Z6.8663 E0.4324
G1 X138.9196 Y151.0444 Z6.8691 E0.4325
G1 X139.8838 Y150.5709 Z6.8719 E0.4326
G1 X140.8274 Y150.0573 Z6.8747 E0.4326
G1 X141.7489 Y149.5046 Z6.8776 E0.4327
G1 X142.6466 Y148.9137 Z6.8804 E0.4328
G1 X143.5189 Y148.2856 Z6.8832 E0.4329
G1 X144.3643 Y147.6214 Z6.886 E0.4329
G1 X145.1812 Y146.9222 Z6.8889 E0.433
G1 X145.9684 Y146.1894 Z6.8917 E0.4331
G1 X146.7242 Y145.4240 Z6.8945 E0.4332
G1 X147.4475 Y144.6276 Z6.8973 E0.4333
G1 X148.1370 Y143.8014 Z6.9002 E0.4333
G1 X148.7913 Y142.9469 Z6.903 E0.4334
G1 X149.4094 Y142.0656 Z6.9058 E0.4335
G1 X149.9901 Y141.1590 Z6.9086 E0.4336
G1 X150.5325 Y140.2287 Z6.9115 E0.4336
G1 X151.0355 Y139.2764 Z6.9143 E0.4337
G1 X151.4983 Y138.3037 Z6.9171 E0.4338
G1 X151.9201 Y137.3122 Z6.92 E0.4339
G1 X152.3000 Y136.3038 Z6.9228 E0.434
G1 X152.6374 Y135.2802 Z6.9256 E0.434
G1 X152.9317 Y134.2432 Z6.9284 E0.4341
G1 X153.1823 Y133.1946 Z6.9313 E0.4342
G1 X153.3889 Y132.1362 Z6.9341 E0.4343
G1 X153.5510 Y131.0698 Z6.9369 E0.4343
G1 X153.6683 Y129.9975 Z6.9397 E0.4344
G1 X153.7406 Y128.9210 Z6.9426 E0.4345
G1 X153.7678 Y127.8422 Z6.9454 E0.4346
G1 X153.7497 Y126.7630 Z6.9483 E0.4346
G1 X153.6865 Y125.6854 Z6.9512 E0.4347
G1 X153.5781 Y124.6111 Z6.9541 E0.4348
G1 X153.4249 Y123.5422 Z6.9569 E0.4349
G1 X153.2269 Y122.4804 Z6.9598 E0.435
G1 X152.9847 Y121.4276 Z6.9627 E0.435
G1 X152.6985 Y120.3857 Z6.9656 E0.4351
G1 X152.3689 Y119.3566 Z6.9685 E0.4352
G1 X151.9964 Y118.3419 Z6.9714 E0.4353
G1 X151.5817 Y117.3436 Z6.9743 E0.4353
G1 X151.1254 Y116.3634 Z6.9771 E0.4354
G1 X150.6284 Y115.4029 Z6.98 E0.4355
G1 X150.0916 Y114.4640 Z6.9829 E0.4356
G1 X149.5158 Y113.5482 Z6.9858 E0.4356
G1 X148.9020 Y112.6571 Z6.9887 E0.4357
G1 X148.2513 Y111.7924 Z6.9916 E0.4358
G1 X147.5649 Y110.9555 Z6.9945 E0.4359
G1 X146.8439 Y110.1480 Z6.9974 E0.4359
G1 X146.0896 Y109.3712 Z7.0002 E0.436
G1 X145.3033 Y108.6266 Z7.0031 E0.4361
G1 X144.4863 Y107.9154 Z7.006 E0.4362
G1 X143.6402 Y107.2390 Z7.0089 E0.4363
G1 X142.7663 Y106.5985 Z7.0118 E0.4363
G1 X141.8662 Y105.9950 Z7.0147 E0.4364
G1 X140.9414 Y105.4296 Z7.0176 E0.4365
G1 X139.9936 Y104.9034 Z7.0204 E0.4366
G1 X139.0245 Y104.4172 Z7.0233 E0.4366
G1 X138.0356 Y103.9720 Z7.0262 E0.4367
G1 X137.0288 Y103.5685 Z7.0291 E0.4368
G1 X136.0058 Y103.2074 Z7.032 E0.4369
G1 X134.9684 Y102.8895 Z7.0349 E0.4369
G1 X133.9184 Y102.6152 Z7.0378 E0.437
G1 X132.8577 Y102.3851 Z7.0407 E0.4371
G1 X131.7881 Y102.1996 Z7.0435 E0.4372
G1 X130.7114 Y102.0590 Z7.0464 E0.4372
G1 X129.6297 Y101.9636 Z7.0493 E0.4373
G1 X128.5446 Y101.9136 Z7.0522 E0.4374
G1 X127.4583 Y101.9090 Z7.0551 E0.4375
G1 X126.3725 Y101.9500 Z7.058 E0.4376
G1 X125.2892 Y102.0364 Z7.0609 E0.4376
G1 X124.2103 Y102.1681 Z7.0638 E0.4377
G1 X123.1376 Y102.3449 Z7.0666 E0.4378
G1 X122.0732 Y102.5666 Z7.0695 E0.4379
G1 X121.0187 Y102.8326 Z7.0724 E0.4379
G1 X119.9761 Y103.1426 Z7.0753 E0.438
G1 X118.9473 Y103.4961 Z7.0782 E0.4381
G1 X117.9339 Y103.8924 Z7.0811 E0.4382
G1 X116.9379 Y104.3309 Z7.084 E0.4382
G1 X115.9610 Y104.8108 Z7.0869 E0.4383
G1 X115.0048 Y105.3313 Z7.0897 E0.4384
G1 X114.0711 Y105.8914 Z7.0926 E0.4385
G1 X113.1616 Y106.4903 Z7.0955 E0.4385
G1 X112.2777 Y107.1269 Z7.0984 E0.4386
G1 X111.4211 Y107.8000 Z7.1013 E0.4387
G1 X110.5934 Y108.5085 Z7.1042 E0.4388
G1 X109.7958 Y109.2512 Z7.1071 E0.4389
G1 X109.0300 Y110.0268 Z7.11 E0.4389
G1 X108.2972 Y110.8339 Z7.1128 E0.439
G1 X107.5986 Y111.6711 Z7.1157 E0.4391
G1 X106.9357 Y112.5370 Z7.1186 E0.4392
G1 X106.3095 Y113.4300 Z7.1215 E0.4392
G1 X105.7211 Y114.3487 Z7.1244 E0.4393
G1 X105.1716 Y115.2914 Z7.1273 E0.4394
G1 X104.6620 Y116.2564 Z7.1302 E0.4395
G1 X104.1932 Y117.2420 Z7.133 E0.4395
G1 X103.7659 Y118.2466 Z7.1359 E0.4396
G1 X103.3811 Y119.2685 Z7.1388 E0.4397
G1 X103.0393 Y120.3057 Z7.1417 E0.4398
G1 X102.7412 Y121.3565 Z7.1446 E0.4398
G1 X102.4873 Y122.4190 Z7.1475 E0.4399
G1 X102.2781 Y123.4914 Z7.1504 E0.44
G1 X102.1140 Y124.5718 Z7.1533 E0.4401
G1 X101.9952 Y125.6584 Z7.1561 E0.4402
G1 X101.9220 Y126.7491 Z7.159 E0.4402
G1 X101.8946 Y127.8422 Z7.1619 E0.4403
G1 X101.9130 Y128.9356 Z7.1648 E0.4404
G1 X101.9771 Y130.0275 Z7.1677 E0.4405
G1 X102.0869 Y131.1160 Z7.1706 E0.4405
G1 X102.2423 Y132.1990 Z7.1735 E0.4406
G1 X102.4429 Y133.2749 Z7.1763 E0.4407
G1 X102.6884 Y134.3415 Z7.1792 E0.4408
G1 X102.9784 Y135.3971 Z7.1821 E0.4408
G1 X103.3124 Y136.4398 Z7.185 E0.4409
G1 X103.6899 Y137.4678 Z7.1879 E0.441
G1 X104.1102 Y138.4793 Z7.1908 E0.4411
G1 X104.5725 Y139.4725 Z7.1937 E0.4411
G1 X105.0761 Y140.4456 Z7.1965 E0.4412
G1 X105.6201 Y141.3969 Z7.1994 E0.4413
G1 X106.2036 Y142.3247 Z7.2023 E0.4414
G1 X106.8255 Y143.2275 Z7.2052 E0.4415
G1 X107.4847 Y144.1036 Z7.2081 E0.4415
G1 X108.1803 Y144.9514 Z7.211 E0.4416
G1 X108.9108 Y145.7696 Z7.2139 E0.4417
G1 X109.6751 Y146.5565 Z7.2168 E0.4418
G1 X110.4718 Y147.3109 Z7.2196 E0.4418
G1 X111.2995 Y148.0314 Z7.2225 E0.4419
G1 X112.1569 Y148.7167 Z7.2254 E0.442
G1 X113.0423 Y149.3656 Z7.2283 E0.4421
G1 X113.9543 Y149.9770 Z7.2312 E0.4421
G1 X114.8913 Y150.5498 Z7.2341 E0.4422
G1 X115.8516 Y151.0829 Z7.237 E0.4423
G1 X116.8335 Y151.5754 Z7.2398 E0.4424
G1 X117.8354 Y152.0264 Z7.2427 E0.4425
G1 X118.8555 Y152.4352 Z7.2456 E0.4425
G1 X119.8919 Y152.8009 Z7.2485 E0.4426
G1 X120.9430 Y153.1230 Z7.2514 E0.4427
G1 X122.0068 Y153.4008 Z7.2543 E0.4428
G1 X123.0815 Y153.6339 Z7.2572 E0.4428
G1 X124.1652 Y153.8218 Z7.26 E0.4429
G1 X125.2560 Y153.9642 Z7.2629 E0.443
G1 X126.3520 Y154.0608 Z7.2658 E0.4431
G1 X127.4512 Y154.1114 Z7.2687 E0.4431
G1 X128.5519 Y154.1159 Z7.2716 E0.4432
G1 X129.6519 Y154.0744 Z7.2745 E0.4433
G1 X130.7494 Y153.9868 Z7.2774 E0.4434
G1 X131.8425 Y153.8532 Z7.2802 E0.4434
G1 X132.9292 Y153.6740 Z7.2831 E0.4435
G1 X134.0076 Y153.4495 Z7.286 E0.4436
G1 X135.0759 Y153.1799 Z7.2889 E0.4437
G1 X136.1321 Y152.8657 Z7.2918 E0.4438
G1 X137.1745 Y152.5075 Z7.2947 E0.4438
G1 X138.2010 Y152.1060 Z7.2976 E0.4439
G1 X139.2101 Y151.6617 Z7.3004 E0.444
G1 X140.1998 Y151.1754 Z7.3033 E0.4441
G1 X141.1685 Y150.6481 Z7.3062 E0.4441
G1 X142.1144 Y150.0805 Z7.3091 E0.4442
G1 X143.0358 Y149.4738 Z7.312 E0.4443
G1 X143.9312 Y148.8289 Z7.3149 E0.4444
G1 X144.7990 Y148.1469 Z7.3178 E0.4444
G1 X145.6376 Y147.4290 Z7.3206 E0.4445
G1 X146.4455 Y146.6766 Z7.3235 E0.4446
G1 X147.2213 Y145.8908 Z7.3264 E0.4447
G1 X147.9637 Y145.0731 Z7.3293 E0.4448
G1 X148.6713 Y144.2249 Z7.3322 E0.4448
G1 X149.3429 Y143.3476 Z7.3351 E0.4449
G1 X149.9772 Y142.4429 Z7.338 E0.445
G1 X150.5733 Y141.5121 Z7.3408 E0.4451
G1 X151.1299 Y140.5571 Z7.3437 E0.4451
G1 X151.6461 Y139.5795 Z7.3466 E0.4452
G1 X152.1210 Y138.5809 Z7.3495 E0.4453
G1 X152.5538 Y137.5631 Z7.3524 E0.4454
G1 X152.9436 Y136.5280 Z7.3553 E0.4454
G1 X153.2898 Y135.4772 Z7.3582 E0.4455
G1 X153.5917 Y134.4126 Z7.361 E0.4456
G1 X153.8489 Y133.3362 Z7.3639 E0.4457
G1 X154.0607 Y132.2498 Z7.3668 E0.4458
G1 X154.2270 Y131.1552 Z7.3697 E0.4458
G1 X154.3472 Y130.0545 Z7.3726 E0.4459
G1 X154.4213 Y128.9495 Z7.3755 E0.446
G1 X154.4490 Y127.8422 Z7.3784 E0.4461
G1 X154.4303 Y126.7345 Z7.3813 E0.4461
G1 X154.3652 Y125.6284 Z7.3843 E0.4462
G1 X154.2539 Y124.5258 Z7.3872 E0.4463
G1 X154.0964 Y123.4286 Z7.3902 E0.4464
G1 X153.8931 Y122.3388 Z7.3931 E0.4464
G1 X153.6443 Y121.2583 Z7.396 E0.4465
G1 X153.3504 Y120.1889 Z7.399 E0.4466
G1 X153.0119 Y119.1327 Z7.4019 E0.4467
G1 X152.6295 Y118.0913 Z7.4049 E0.4467
G1 X152.2036 Y117.0667 Z7.4078 E0.4468
G1 X151.7352 Y116.0607 Z7.4108 E0.4469
G1 X151.2250 Y115.0750 Z7.4137 E0.447
G1 X150.6738 Y114.1113 Z7.4167 E0.447
G1 X150.0827 Y113.1715 Z7.4196 E0.4471
G1 X149.4526 Y112.2570 Z7.4226 E0.4472
G1 X148.7847 Y111.3696 Z7.4255 E0.4473
G1 X148.0801 Y110.5108 Z7.4285 E0.4474
G1 X147.3400 Y109.6822 Z7.4314 E0.4474
G1 X146.5657 Y108.8850 Z7.4344 E0.4475
G1 X145.7586 Y108.1209 Z7.4373 E0.4476
G1 X144.9201 Y107.3912 Z7.4403 E0.4477
G1 X144.0515 Y106.6971 Z7.4432 E0.4477
G1 X143.1546 Y106.0398 Z7.4462 E0.4478
G1 X142.2307 Y105.4206 Z7.4491 E0.4479
G1 X141.2815 Y104.8405 Z7.452 E0.448
G1 X140.3088 Y104.3006 Z7.455 E0.448
G1 X139.3141 Y103.8018 Z7.4579 E0.4481
G1 X138.2992 Y103.3450 Z7.4609 E0.4482
G1 X137.2659 Y102.9310 Z7.4638 E0.4483
G1 X136.2160 Y102.5607 Z7.4668 E0.4483
G1 X135.1513 Y102.2345 Z7.4697 E0.4484
G1 X134.0737 Y101.9532 Z7.4727 E0.4485
G1 X132.9851 Y101.7172 Z7.4756 E0.4486
G1 X131.8874 Y101.5270 Z7.4786 E0.4486
G1 X130.7825 Y101.3828 Z7.4815 E0.4487
G1 X129.6723 Y101.2851 Z7.4845 E0.4488
G1 X128.5589 Y101.2339 Z7.4874 E0.4489
G1 X127.4441 Y101.2294 Z7.4904 E0.4489
G1 X126.3298 Y101.2716 Z7.4933 E0.449
G1 X125.2182 Y101.3604 Z7.4963 E0.4491
G1 X124.1110 Y101.4958 Z7.4992 E0.4492
G1 X123.0103 Y101.6774 Z7.5022 E0.4492
G1 X121.9180 Y101.9050 Z7.5051 E0.4493
G1 X120.8360 Y102.1781 Z7.5081 E0.4494
G1 X119.7662 Y102.4964 Z7.511 E0.4495
G1 X118.7104 Y102.8593 Z7.514 E0.4495
G1 X117.6707 Y103.2661 Z7.5169 E0.4496
G1 X116.6487 Y103.7162 Z7.5198 E0.4497
G1 X115.6463 Y104.2088 Z7.5228 E0.4498
G1 X114.6652 Y104.7430 Z7.5257 E0.4498
G1 X113.7072 Y105.3179 Z7.5287 E0.4499
G1 X112.7739 Y105.9326 Z7.5316 E0.45
G1 X111.8671 Y106.5859 Z7.5346 E0.4501
G1 X110.9882 Y107.2767 Z7.5375 E0.4502
G1 X110.1390 Y108.0038 Z7.5405 E0.4502
G1 X109.3207 Y108.7660 Z7.5434 E0.4503
G1 X108.5350 Y109.5619 Z7.5464 E0.4504
G1 X107.7832 Y110.3902 Z7.5493 E0.4505
G1 X107.0666 Y111.2494 Z7.5523 E0.4505
G1 X106.3865 Y112.1380 Z7.5552 E0.4506
G1 X105.7440 Y113.0544 Z7.5582 E0.4507
G1 X105.1405 Y113.9971 Z7.5611 E0.4508
G1 X104.5768 Y114.9644 Z7.5641 E0.4508
G1 X104.0540 Y115.9546 Z7.567 E0.4509
G1 X103.5731 Y116.9660 Z7.57 E0.451
G1 X103.1349 Y117.9968 Z7.5729 E0.4511
G1 X102.7402 Y119.0453 Z7.5758 E0.4511
G1 X102.3897 Y120.1095 Z7.5788 E0.4512
G1 X102.0840 Y121.1877 Z7.5817 E0.4513
G1 X101.8236 Y122.2779 Z7.5847 E0.4514
G1 X101.6092 Y123.3783 Z7.5876 E0.4514
G1 X101.4409 Y124.4868 Z7.5906 E0.4515
G1 X101.3192 Y125.6016 Z7.5935 E0.4516
G1 X101.2443 Y126.7207 Z7.5965 E0.4517
G1 X101.2163 Y127.8422 Z7.5994 E0.4517
G1 X101.2353 Y128.9640 Z7.6024 E0.4518
G1 X101.3013 Y130.0843 Z7.6053 E0.4519
G1 X101.4141 Y131.2010 Z7.6083 E0.452
G1 X101.5736 Y132.3121 Z7.6112 E0.4521
G1 X101.7796 Y133.4158 Z7.6142 E0.4521
G1 X102.0316 Y134.5101 Z7.6171 E0.4522
G1 X102.3293 Y135.5931 Z7.6201 E0.4523
G1 X102.6722 Y136.6628 Z7.623 E0.4524
G1 X103.0596 Y137.7174 Z7.6259 E0.4524
G1 X103.4909 Y138.7550 Z7.6289 E0.4525
G1 X103.9653 Y139.7739 Z7.6318 E0.4526
G1 X104.4821 Y140.7721 Z7.6348 E0.4527
G1 X105.0403 Y141.7480 Z7.6377 E0.4527
G1 X105.6390 Y142.6998 Z7.6407 E0.4528
G1 X106.2772 Y143.6258 Z7.6436 E0.4529
G1 X106.9537 Y144.5245 Z7.6466 E0.453
G1 X107.6673 Y145.3942 Z7.6495 E0.453
G1 X108.4169 Y146.2334 Z7.6525 E0.4531
G1 X109.2010 Y147.0406 Z7.6554 E0.4532
G1 X110.0184 Y147.8144 Z7.6584 E0.4533
G1 X110.8677 Y148.5534 Z7.6613 E0.4533
G1 X111.7473 Y149.2563 Z7.6643 E0.4534
G1 X112.6557 Y149.9219 Z7.6672 E0.4535
G1 X113.5914 Y150.5489 Z7.6701 E0.4536
G1 X114.5526 Y151.1364 Z7.6731 E0.4537
G1 X115.5378 Y151.6831 Z7.676 E0.4537
G1 X116.5452 Y152.1882 Z7.679 E0.4538
G1 X117.5730 Y152.6507 Z7.6819 E0.4539
G1 X118.6194 Y153.0699 Z7.6849 E0.454
G1 X119.6827 Y153.4449 Z7.6878 E0.454
G1 X120.7609 Y153.7751 Z7.6908 E0.4541
G1 X121.8522 Y154.0600 Z7.6937 E0.4542
G1 X122.9546 Y154.2989 Z7.6967 E0.4543
G1 X124.0663 Y154.4915 Z7.6996 E0.4543
G1 X125.1852 Y154.6374 Z7.7026 E0.4544
G1 X126.3095 Y154.7363 Z7.7055 E0.4545
G1 X127.4371 Y154.7881 Z7.7084 E0.4546
G1 X128.5660 Y154.7926 Z7.7114 E0.4546
G1 X129.6944 Y154.7498 Z7.7143 E0.4547
G1 X130.8201 Y154.6598 Z7.7173 E0.4548
G1 X131.9413 Y154.5227 Z7.7202 E0.4549
G1 X133.0560 Y154.3387 Z7.7232 E0.4549
G1 X134.1621 Y154.1082 Z7.7261 E0.455
G1 X135.2578 Y153.8315 Z7.7291 E0.4551
G1 X136.3412 Y153.5091 Z7.732 E0.4552
G1 X137.4103 Y153.1416 Z7.735 E0.4552
G1 X138.4632 Y152.7296 Z7.7379 E0.4553
G1 X139.4981 Y152.2737 Z7.7409 E0.4554
G1 X140.5132 Y151.7749 Z7.7438 E0.4555
G1 X141.5067 Y151.2338 Z7.7467 E0.4555
G1 X142.4768 Y150.6516 Z7.7497 E0.4556
G1 X143.4218 Y150.0291 Z7.7526 E0.4557
G1 X144.3401 Y149.3675 Z7.7556 E0.4558
G1 X145.2300 Y148.6679 Z7.7585 E0.4559
G1 X146.0900 Y147.9315 Z7.7615 E0.4559
G1 X146.9185 Y147.1596 Z7.7644 E0.456
G1 X147.7142 Y146.3536 Z7.7674 E0.4561
G1 X148.4755 Y145.5148 Z7.7703 E0.4562
G1 X149.2011 Y144.6448 Z7.7733 E0.4562
G1 X149.8897 Y143.7449 Z7.7762 E0.4563
G1 X150.5402 Y142.8169 Z7.7792 E0.4564
G1 X151.1514 Y141.8623 Z7.7821 E0.4565
G1 X151.7221 Y140.8827 Z7.7851 E0.4565
G1 X152.2514 Y139.8800 Z7.788 E0.4566
G1 X152.7384 Y138.8558 Z7.7909 E0.4567
G1 X153.1821 Y137.8119 Z7.7939 E0.4568
G1 X153.5817 Y136.7502 Z7.7968 E0.4568
G1 X153.9366 Y135.6725 Z7.7998 E0.4569
G1 X154.2461 Y134.5807 Z7.8027 E0.457
G1 X154.5097 Y133.4767 Z7.8057 E0.4571
G1 X154.7268 Y132.3625 Z7.8086 E0.4571
G1 X154.8971 Y131.2399 Z7.8116 E0.4572
G1 X155.0203 Y130.1110 Z7.8145 E0.4573
G1 X155.0961 Y128.9778 Z7.8175 E0.4574
G1 X155.1244 Y127.8422 Z7.8204 E0.4575
G1 X155.1051 Y126.7062 Z7.8234 E0.4575
G1 X155.0382 Y125.5719 Z7.8264 E0.4576
G1 X154.9238 Y124.4411 Z7.8294 E0.4577
G1 X154.7622 Y123.3160 Z7.8324 E0.4578
G1 X154.5535 Y122.1984 Z7.8355 E0.4578
G1 X154.2982 Y121.0904 Z7.8385 E0.4579
G1 X153.9967 Y119.9938 Z7.8415 E0.458
G1 X153.6494 Y118.9107 Z7.8445 E0.458
G1 X153.2571 Y117.8428 Z7.8475 E0.4581
G1 X152.8203 Y116.7922 Z7.8505 E0.4582
G1 X152.3398 Y115.7606 Z7.8535 E0.4583
G1 X151.8164 Y114.7499 Z7.8565 E0.4584
G1 X151.2511 Y113.7618 Z7.8595 E0.4584
G1 X150.6448 Y112.7981 Z7.8625 E0.4585
G1 X149.9985 Y111.8604 Z7.8655 E0.4586
G1 X149.3135 Y110.9505 Z7.8685 E0.4586
G1 X148.5908 Y110.0700 Z7.8716 E0.4587
G1 X147.8318 Y109.2203 Z7.8746 E0.4588
G1 X147.0377 Y108.4031 Z7.8776 E0.4589
G1 X146.2100 Y107.6197 Z7.8806 E0.459
G1 X145.3500 Y106.8715 Z7.8836 E0.459
G1 X144.4593 Y106.1598 Z7.8866 E0.4591
G1 X143.5395 Y105.4860 Z7.8896 E0.4592
G1 X142.5921 Y104.8512 Z7.8926 E0.4593
G1 X141.6187 Y104.2565 Z7.8956 E0.4593
G1 X140.6212 Y103.7030 Z7.8986 E0.4594
G1 X139.6012 Y103.1917 Z7.9016 E0.4595
G1 X138.5605 Y102.7234 Z7.9047 E0.4596
G1 X137.5009 Y102.2991 Z7.9077 E0.4596
G1 X136.4243 Y101.9195 Z7.9107 E0.4597
G1 X135.3326 Y101.5852 Z7.9137 E0.4598
G1 X134.2276 Y101.2969 Z7.9167 E0.4599
G1 X133.1114 Y101.0551 Z7.9197 E0.4599
G1 X131.9859 Y100.8602 Z7.9227 E0.46
G1 X130.8529 Y100.7126 Z7.9257 E0.4601
G1 X129.7147 Y100.6125 Z7.9287 E0.4602
G1 X128.5730 Y100.5602 Z7.9317 E0.4602
G1 X127.4299 Y100.5557 Z7.9347 E0.4603
G1 X126.2875 Y100.5992 Z7.9378 E0.4604
G1 X125.1477 Y100.6904 Z7.9408 E0.4605
G1 X124.0126 Y100.8293 Z7.9438 E0.4605
G1 X122.8841 Y101.0157 Z7.9468 E0.4606
G1 X121.7642 Y101.2491 Z7.9498 E0.4607
G1 X120.6548 Y101.5294 Z7.9528 E0.4608
G1 X119.5580 Y101.8558 Z7.9558 E0.4608
G1 X118.4757 Y102.2280 Z7.9588 E0.4609
G1 X117.4097 Y102.6453 Z7.9618 E0.461
G1 X116.3620 Y103.1069 Z7.9648 E0.4611
G1 X115.3343 Y103.6120 Z7.9678 E0.4611
G1 X114.3285 Y104.1599 Z7.9708 E0.4612
G1 X113.3464 Y104.7495 Z7.9739 E0.4613
G1 X112.3897 Y105.3797 Z7.9769 E0.4614
G1 X111.4601 Y106.0496 Z7.9799 E0.4614
G1 X110.5591 Y106.7580 Z7.9829 E0.4615
G1 X109.6885 Y107.5036 Z7.9859 E0.4616
G1 X108.8498 Y108.2851 Z7.9889 E0.4617
G1 X108.0444 Y109.1012 Z7.9919 E0.4617
G1 X107.2737 Y109.9504 Z7.9949 E0.4618
G1 X106.5392 Y110.8314 Z7.9979 E0.4619
G1 X105.8420 Y111.7424 Z8.0009 E0.462
G1 X105.1836 Y112.6820 Z8.0039 E0.462
G1 X104.5649 Y113.6485 Z8.007 E0.4621
G1 X103.9872 Y114.6402 Z8.01 E0.4622
G1 X103.4514 Y115.6554 Z8.013 E0.4623
G1 X102.9586 Y116.6924 Z8.016 E0.4623
G1 X102.5095 Y117.7492 Z8.019 E0.4624
G1 X102.1050 Y118.8241 Z8.022 E0.4625
G1 X101.7458 Y119.9151 Z8.025 E0.4626
G1 X101.4325 Y121.0204 Z8.028 E0.4626
G1 X101.1658 Y122.1381 Z8.031 E0.4627
G1 X100.9461 Y123.2661 Z8.034 E0.4628
G1 X100.7738 Y124.4025 Z8.037 E0.4629
G1 X100.6492 Y125.5454 Z8.04 E0.4629
G1 X100.5725 Y126.6926 Z8.0431 E0.463
G1 X100.5440 Y127.8422 Z8.0461 E0.4631
G1 X100.5636 Y128.9922 Z8.0491 E0.4632
G1 X100.6314 Y130.1405 Z8.0521 E0.4632
G1 X100.7472 Y131.2852 Z8.0551 E0.4633
G1 X100.9109 Y132.4242 Z8.0581 E0.4634
G1 X101.1222 Y133.5556 Z8.0611 E0.4635
G1 X101.3807 Y134.6773 Z8.0641 E0.4635
G1 X101.6860 Y135.7873 Z8.0671 E0.4636
G1 X102.0376 Y136.8838 Z8.0701 E0.4637
G1 X102.4348 Y137.9648 Z8.0731 E0.4638
G1 X102.8770 Y139.0283 Z8.0761 E0.4638
G1 X103.3635 Y140.0726 Z8.0792 E0.4639
G1 X103.8934 Y141.0958 Z8.0822 E0.464
G1 X104.4657 Y142.0960 Z8.0852 E0.4641
G1 X105.0795 Y143.0715 Z8.0882 E0.4641
G1 X105.7338 Y144.0207 Z8.0912 E0.4642
G1 X106.4273 Y144.9417 Z8.0942 E0.4643
G1 X107.1589 Y145.8331 Z8.0972 E0.4644
G1 X107.9273 Y146.6931 Z8.1002 E0.4644
G1 X108.7312 Y147.5204 Z8.1032 E0.4645
G1 X109.5691 Y148.3134 Z8.1062 E0.4646
G1 X110.4397 Y149.0708 Z8.1092 E0.4647
G1 X111.3414 Y149.7911 Z8.1122 E0.4647
G1 X112.2726 Y150.4732 Z8.1152 E0.4648
G1 X113.2316 Y151.1158 Z8.1183 E0.4649
G1 X114.2170 Y151.7177 Z8.1213 E0.465
G1 X115.2268 Y152.2780 Z8.1243 E0.465
G1 X116.2594 Y152.7955 Z8.1273 E0.4651
G1 X117.3129 Y153.2695 Z8.1303 E0.4652
G1 X118.3855 Y153.6989 Z8.1333 E0.4653
G1 X119.4753 Y154.0832 Z8.1363 E0.4653
G1 X120.5804 Y154.4215 Z8.1393 E0.4654
G1 X121.6990 Y154.7133 Z8.1423 E0.4655
G1 X122.8289 Y154.9580 Z8.1453 E0.4656
G1 X123.9683 Y155.1552 Z8.1483 E0.4656
G1 X125.1151 Y155.3046 Z8.1513 E0.4657
G1 X126.2673 Y155.4059 Z8.1543 E0.4658
G1 X127.4230 Y155.4588 Z8.1573 E0.4659
G1 X128.5801 Y155.4632 Z8.1604 E0.466
G1 X129.7365 Y155.4192 Z8.1634 E0.466
G1 X130.8902 Y155.3268 Z8.1664 E0.4661
G1 X132.0393 Y155.1861 Z8.1694 E0.4662
G1 X133.1816 Y154.9975 Z8.1724 E0.4662
G1 X134.3153 Y154.7611 Z8.1754 E0.4663
G1 X135.4382 Y154.4773 Z8.1784 E0.4664
G1 X136.5484 Y154.1468 Z8.1814 E0.4665
G1 X137.6440 Y153.7700 Z8.1844 E0.4665
G1 X138.7230 Y153.3476 Z8.1874 E0.4666
G1 X139.7835 Y152.8803 Z8.1904 E0.4667
G1 X140.8238 Y152.3689 Z8.1934 E0.4668
G1 X141.8418 Y151.8143 Z8.1964 E0.4668
G1 X142.8359 Y151.2175 Z8.1995 E0.4669
G1 X143.8043 Y150.5794 Z8.2025 E0.467
G1 X144.7453 Y149.9013 Z8.2055 E0.4671
G1 X145.6572 Y149.1842 Z8.2085 E0.4672
G1 X146.5384 Y148.4295 Z8.2115 E0.4672
G1 X147.3873 Y147.6384 Z8.2145 E0.4673
G1 X148.2026 Y146.8123 Z8.2175 E0.4674
G1 X148.9826 Y145.9526 Z8.2205 E0.4675
G1 X149.7261 Y145.0609 Z8.2235 E0.4675
G1 X150.4317 Y144.1387 Z8.2265 E0.4676
G1 X151.0981 Y143.1876 Z8.2295 E0.4677
G1 X151.7243 Y142.2092 Z8.2325 E0.4678
G1 X152.3090 Y141.2054 Z8.2355 E0.4678
G1 X152.8513 Y140.1778 Z8.2386 E0.4679
G1 X153.3501 Y139.1281 Z8.2416 E0.468
G1 X153.8047 Y138.0584 Z8.2446 E0.4681
G1 X154.2141 Y136.9704 Z8.2476 E0.4681
G1 X154.5776 Y135.8660 Z8.2506 E0.4682
G1 X154.8946 Y134.7472 Z8.2536 E0.4683
G1 X155.1645 Y133.6159 Z8.2566 E0.4684
G1 X155.3869 Y132.4741 Z8.2596 E0.4684
G1 X155.5612 Y131.3238 Z8.2626 E0.4685
G1 X155.6873 Y130.1670 Z8.2656 E0.4686
G1 X155.7648 Y129.0058 Z8.2686 E0.4687
G1 X155.7937 Y127.8422 Z8.2716 E0.4687
G1 X155.7737 Y126.6782 Z8.2747 E0.4688
G1 X155.7050 Y125.5159 Z8.2778 E0.4689
G1 X155.5877 Y124.3573 Z8.2809 E0.469
G1 X155.4219 Y123.2044 Z8.2839 E0.469
G1 X155.2080 Y122.0593 Z8.287 E0.4691
G1 X154.9462 Y120.9240 Z8.2901 E0.4692
G1 X154.6371 Y119.8004 Z8.2931 E0.4693
G1 X154.2811 Y118.6907 Z8.2962 E0.4693
G1 X153.8790 Y117.5966 Z8.2993 E0.4694
G1 X153.4313 Y116.5201 Z8.3023 E0.4695
G1 X152.9388 Y115.4632 Z8.3054 E0.4696
G1 X152.4024 Y114.4277 Z8.3085 E0.4696
G1 X151.8231 Y113.4154 Z8.3116 E0.4697
G1 X151.2017 Y112.4280 Z8.3146 E0.4698
G1 X150.5395 Y111.4674 Z8.3177 E0.4699
G1 X149.8375 Y110.5352 Z8.3208 E0.4699
G1 X149.0969 Y109.6331 Z8.3238 E0.47
G1 X148.3191 Y108.7627 Z8.3269 E0.4701
G1 X147.5054 Y107.9255 Z8.33 E0.4702
G1 X146.6572 Y107.1229 Z8.3331 E0.4702
G1 X145.7761 Y106.3565 Z8.3361 E0.4703
G1 X144.8634 Y105.6275 Z8.3392 E0.4704
G1 X143.9209 Y104.9372 Z8.3423 E0.4704
G1 X142.9501 Y104.2870 Z8.3453 E0.4705
G1 X141.9528 Y103.6778 Z8.3484 E0.4706
G1 X140.9307 Y103.1109 Z8.3515 E0.4707
G1 X139.8856 Y102.5871 Z8.3546 E0.4707
G1 X138.8194 Y102.1076 Z8.3576 E0.4708
G1 X137.7338 Y101.6730 Z8.3607 E0.4709
G1 X136.6307 Y101.2842 Z8.3638 E0.471
G1 X135.5122 Y100.9419 Z8.3668 E0.471
G1 X134.3802 Y100.6467 Z8.3699 E0.4711
G1 X133.2366 Y100.3991 Z8.373 E0.4712
G1 X132.0834 Y100.1995 Z8.3761 E0.4713
G1 X130.9227 Y100.0485 Z8.3791 E0.4713
G1 X129.7566 Y99.9461 Z8.3822 E0.4714
G1 X128.5870 Y99.8927 Z8.3853 E0.4715
G1 X127.4160 Y99.8882 Z8.3883 E0.4716
G1 X126.2456 Y99.9329 Z8.3914 E0.4716
G1 X125.0780 Y100.0265 Z8.3945 E0.4717
G1 X123.9151 Y100.1689 Z8.3975 E0.4718
G1 X122.7590 Y100.3600 Z8.4006 E0.4719
G1 X121.6118 Y100.5993 Z8.4037 E0.4719
G1 X120.4754 Y100.8865 Z8.4068 E0.472
G1 X119.3518 Y101.2212 Z8.4098 E0.4721
G1 X118.2431 Y101.6026 Z8.4129 E0.4722
G1 X117.1511 Y102.0302 Z8.416 E0.4722
G1 X116.0779 Y102.5032 Z8.419 E0.4723
G1 X115.0252 Y103.0208 Z8.4221 E0.4724
G1 X113.9949 Y103.5821 Z8.4252 E0.4725
G1 X112.9890 Y104.1862 Z8.4283 E0.4725
G1 X112.0090 Y104.8320 Z8.4313 E0.4726
G1 X111.0568 Y105.5183 Z8.4344 E0.4727
G1 X110.1340 Y106.2441 Z8.4375 E0.4728
G1 X109.2423 Y107.0080 Z8.4405 E0.4728
G1 X108.3832 Y107.8086 Z8.4436 E0.4729
G1 X107.5583 Y108.6447 Z8.4467 E0.473
G1 X106.7689 Y109.5147 Z8.4498 E0.4731
G1 X106.0166 Y110.4172 Z8.4528 E0.4731
G1 X105.3027 Y111.3505 Z8.4559 E0.4732
G1 X104.6283 Y112.3131 Z8.459 E0.4733
G1 X103.9947 Y113.3032 Z8.462 E0.4733
G1 X103.4031 Y114.3191 Z8.4651 E0.4734
G1 X102.8544 Y115.3591 Z8.4682 E0.4735
G1 X102.3497 Y116.4213 Z8.4713 E0.4736
G1 X101.8898 Y117.5039 Z8.4743 E0.4736
G1 X101.4756 Y118.6049 Z8.4774 E0.4737
G1 X101.1078 Y119.7225 Z8.4805 E0.4738
G1 X100.7871 Y120.8547 Z8.4835 E0.4739
G1 X100.5141 Y121.9996 Z8.4866 E0.474
G1 X100.2892 Y123.1550 Z8.4897 E0.474
G1 X100.1128 Y124.3190 Z8.4927 E0.4741
G1 X99.9853 Y125.4896 Z8.4958 E0.4742
G1 X99.9070 Y126.6647 Z8.4989 E0.4742
G1 X99.8779 Y127.8422 Z8.502 E0.4743
G1 X99.8982 Y129.0201 Z8.505 E0.4744
G1 X99.9677 Y130.1963 Z8.5081 E0.4745
G1 X100.0865 Y131.3687 Z8.5112 E0.4745
G1 X100.2543 Y132.5353 Z8.5142 E0.4746
G1 X100.4709 Y133.6940 Z8.5173 E0.4747
G1 X100.7358 Y134.8428 Z8.5204 E0.4748
G1 X101.0486 Y135.9798 Z8.5234 E0.4748
G1 X101.4088 Y137.1027 Z8.5265 E0.4749
G1 X101.8159 Y138.2098 Z8.5296 E0.475
G1 X102.2689 Y139.2991 Z8.5327 E0.4751
G1 X102.7673 Y140.3686 Z8.5357 E0.4751
G1 X103.3101 Y141.4164 Z8.5388 E0.4752
G1 X103.8964 Y142.4407 Z8.5419 E0.4753
G1 X104.5252 Y143.4398 Z8.5449 E0.4754
G1 X105.1954 Y144.4118 Z8.548 E0.4754
G1 X105.9058 Y145.3550 Z8.5511 E0.4755
G1 X106.6552 Y146.2678 Z8.5542 E0.4756
G1 X107.4423 Y147.1486 Z8.5572 E0.4757
G1 X108.2657 Y147.9957 Z8.5603 E0.4757
G1 X109.1240 Y148.8078 Z8.5634 E0.4758
G1 X110.0157 Y149.5833 Z8.5664 E0.4759
G1 X110.9392 Y150.3209 Z8.5695 E0.476
G1 X111.8930 Y151.0193 Z8.5726 E0.476
G1 X112.8753 Y151.6773 Z8.5756 E0.4761
G1 X113.8845 Y152.2936 Z8.5787 E0.4762
G1 X114.9187 Y152.8673 Z8.5818 E0.4763
G1 X115.9762 Y153.3972 Z8.5848 E0.4763
G1 X117.0552 Y153.8824 Z8.5879 E0.4764
G1 X118.1537 Y154.3221 Z8.591 E0.4765
G1 X119.2699 Y154.7154 Z8.5941 E0.4766
G1 X120.4017 Y155.0618 Z8.5971 E0.4766
G1 X121.5472 Y155.3604 Z8.6002 E0.4767
G1 X122.7043 Y155.6109 Z8.6033 E0.4768
G1 X123.8712 Y155.8127 Z8.6063 E0.4769
G1 X125.0456 Y155.9656 Z8.6094 E0.4769
G1 X126.2256 Y156.0691 Z8.6125 E0.477
G1 X127.4091 Y156.1231 Z8.6155 E0.4771
G1 X128.5940 Y156.1275 Z8.6186 E0.4772
G1 X129.7782 Y156.0823 Z8.6217 E0.4772
G1 X130.9597 Y155.9875 Z8.6248 E0.4773
G1 X132.1363 Y155.8433 Z8.6278 E0.4774
G1 X133.3061 Y155.6500 Z8.6309 E0.4775
G1 X134.4669 Y155.4078 Z8.634 E0.4775
G1 X135.6168 Y155.1171 Z8.637 E0.4776
G1 X136.7536 Y154.7785 Z8.6401 E0.4777
G1 X137.8755 Y154.3925 Z8.6432 E0.4778
G1 X138.9803 Y153.9598 Z8.6462 E0.4778
G1 X140.0663 Y153.4811 Z8.6493 E0.4779
G1 X141.1314 Y152.9573 Z8.6524 E0.478
G1 X142.1738 Y152.3893 Z8.6555 E0.4781
G1 X143.1916 Y151.7780 Z8.6585 E0.4781
G1 X144.1832 Y151.1246 Z8.6616 E0.4782
G1 X145.1466 Y150.4301 Z8.6647 E0.4783
G1 X146.0803 Y149.6957 Z8.6677 E0.4783
G1 X146.9825 Y148.9227 Z8.6708 E0.4784
G1 X147.8517 Y148.1126 Z8.6739 E0.4785
G1 X148.6864 Y147.2666 Z8.6769 E0.4786
G1 X149.4850 Y146.3862 Z8.68 E0.4786
G1 X150.2461 Y145.4731 Z8.6831 E0.4787
G1 X150.9685 Y144.5287 Z8.6861 E0.4788
G1 X151.6508 Y143.5547 Z8.6892 E0.4789
G1 X152.2918 Y142.5529 Z8.6923 E0.479
G1 X152.8904 Y141.5250 Z8.6954 E0.479
G1 X153.4455 Y140.4727 Z8.6984 E0.4791
G1 X153.9561 Y139.3979 Z8.7015 E0.4792
G1 X154.4214 Y138.3026 Z8.7046 E0.4792
G1 X154.8404 Y137.1885 Z8.7076 E0.4793
G1 X155.2125 Y136.0577 Z8.7107 E0.4794
G1 X155.5369 Y134.9121 Z8.7138 E0.4795
G1 X155.8131 Y133.7537 Z8.7169 E0.4795
G1 X156.0406 Y132.5847 Z8.7199 E0.4796
G1 X156.2190 Y131.4069 Z8.723 E0.4797
G1 X156.3480 Y130.2225 Z8.7261 E0.4798
G1 X156.4272 Y129.0336 Z8.7291 E0.4798
G1 X156.4565 Y127.8422 Z8.7322 E0.4799
G1 X156.4360 Y126.6504 Z8.7353 E0.48
G1 X156.3655 Y125.4604 Z8.7385 E0.4801
G1 X156.2452 Y124.2742 Z8.7416 E0.4801
G1 X156.0753 Y123.0939 Z8.7447 E0.4802
G1 X155.8561 Y121.9215 Z8.7479 E0.4803
G1 X155.5880 Y120.7592 Z8.751 E0.4804
G1 X155.2714 Y119.6089 Z8.7541 E0.4804
G1 X154.9068 Y118.4728 Z8.7573 E0.4805
G1 X154.4949 Y117.3527 Z8.7604 E0.4806
G1 X154.0364 Y116.2507 Z8.7635 E0.4807
G1 X153.5321 Y115.1687 Z8.7667 E0.4807
G1 X152.9829 Y114.1086 Z8.7698 E0.4808
G1 X152.3896 Y113.0723 Z8.7729 E0.4809
G1 X151.7533 Y112.0615 Z8.7761 E0.4809
G1 X151.0752 Y111.0782 Z8.7792 E0.481
G1 X150.3564 Y110.1239 Z8.7823 E0.4811
G1 X149.5981 Y109.2005 Z8.7855 E0.4812
G1 X148.8017 Y108.3095 Z8.7886 E0.4812
G1 X147.9686 Y107.4525 Z8.7917 E0.4813
G1 X147.1002 Y106.6310 Z8.7949 E0.4814
G1 X146.1980 Y105.8464 Z8.798 E0.4815
G1 X145.2636 Y105.1002 Z8.8012 E0.4815
G1 X144.2986 Y104.3937 Z8.8043 E0.4816
G1 X143.3047 Y103.7282 Z8.8074 E0.4817
G1 X142.2837 Y103.1047 Z8.8106 E0.4818
G1 X141.2373 Y102.5244 Z8.8137 E0.4818
G1 X140.1674 Y101.9884 Z8.8168 E0.4819
G1 X139.0757 Y101.4976 Z8.82 E0.482
G1 X137.9644 Y101.0529 Z8.8231 E0.4821
G1 X136.8351 Y100.6550 Z8.8262 E0.4821
G1 X135.6901 Y100.3048 Z8.8294 E0.4822
G1 X134.5312 Y100.0027 Z8.8325 E0.4823
G1 X133.3605 Y99.7494 Z8.8356 E0.4824
G1 X132.1800 Y99.5453 Z8.8388 E0.4824
G1 X130.9919 Y99.3908 Z8.8419 E0.4825
G1 X129.7981 Y99.2861 Z8.845 E0.4826
G1 X128.6008 Y99.2316 Z8.8482 E0.4826
G1 X127.4021 Y99.2272 Z8.8513 E0.4827
G1 X126.2041 Y99.2730 Z8.8544 E0.4828
G1 X125.0089 Y99.3690 Z8.8576 E0.4829
G1 X123.8185 Y99.5150 Z8.8607 E0.4829
G1 X122.6351 Y99.7107 Z8.8638 E0.483
G1 X121.4608 Y99.9558 Z8.867 E0.4831
G1 X120.2976 Y100.2500 Z8.8701 E0.4832
G1 X119.1476 Y100.5926 Z8.8732 E0.4832
G1 X118.0127 Y100.9832 Z8.8764 E0.4833
G1 X116.8951 Y101.4210 Z8.8795 E0.4834
G1 X115.7965 Y101.9053 Z8.8826 E0.4834
G1 X114.7191 Y102.4353 Z8.8858 E0.4835
G1 X113.6646 Y103.0100 Z8.8889 E0.4836
G1 X112.6350 Y103.6284 Z8.8921 E0.4837
G1 X111.6320 Y104.2896 Z8.8952 E0.4837
G1 X110.6574 Y104.9922 Z8.8983 E0.4838
G1 X109.7130 Y105.7352 Z8.9015 E0.4839
G1 X108.8004 Y106.5172 Z8.9046 E0.484
G1 X107.9212 Y107.3368 Z8.9077 E0.484
G1 X107.0769 Y108.1927 Z8.9109 E0.4841
G1 X106.2691 Y109.0833 Z8.914 E0.4842
G1 X105.4992 Y110.0071 Z8.9171 E0.4843
G1 X104.7685 Y110.9625 Z8.9203 E0.4843
G1 X104.0784 Y111.9477 Z8.9234 E0.4844
G1 X103.4301 Y112.9612 Z8.9265 E0.4845
G1 X102.8247 Y114.0011 Z8.9297 E0.4846
G1 X102.2632 Y115.0656 Z8.9328 E0.4846
G1 X101.7468 Y116.1528 Z8.9359 E0.4847
G1 X101.2762 Y117.2609 Z8.9391 E0.4848
G1 X100.8524 Y118.3879 Z8.9422 E0.4849
G1 X100.4762 Y119.5318 Z8.9453 E0.4849
G1 X100.1481 Y120.6906 Z8.9485 E0.485
G1 X99.8687 Y121.8624 Z8.9516 E0.4851
G1 X99.6387 Y123.0450 Z8.9547 E0.4851
G1 X99.4584 Y124.2364 Z8.9579 E0.4852
G1 X99.3280 Y125.4344 Z8.961 E0.4853
G1 X99.2480 Y126.6371 Z8.9641 E0.4854
G1 X99.2184 Y127.8422 Z8.9673 E0.4854
G1 X99.2392 Y129.0477 Z8.9704 E0.4855
G1 X99.3106 Y130.2514 Z8.9735 E0.4856
G1 X99.4323 Y131.4513 Z8.9767 E0.4857
G1 X99.6042 Y132.6452 Z8.9798 E0.4857
G1 X99.8260 Y133.8311 Z8.9829 E0.4858
G1 X100.0972 Y135.0068 Z8.9861 E0.4859
G1 X100.4175 Y136.1703 Z8.9892 E0.486
G1 X100.7863 Y137.3195 Z8.9923 E0.486
G1 X101.2030 Y138.4525 Z8.9955 E0.4861
G1 X101.6668 Y139.5671 Z8.9986 E0.4862
G1 X102.1770 Y140.6616 Z9.0017 E0.4863
G1 X102.7327 Y141.7339 Z9.0049 E0.4863
G1 X103.3328 Y142.7821 Z9.008 E0.4864
G1 X103.9764 Y143.8044 Z9.0111 E0.4865
G1 X104.6624 Y144.7991 Z9.0143 E0.4865
G1 X105.3895 Y145.7643 Z9.0174 E0.4866
G1 X106.1565 Y146.6983 Z9.0205 E0.4867
G1 X106.9621 Y147.5995 Z9.0237 E0.4868
G1 X107.8048 Y148.4663 Z9.0268 E0.4868
G1 X108.6833 Y149.2973 Z9.0299 E0.4869
G1 X109.5959 Y150.0908 Z9.0331 E0.487
G1 X110.5411 Y150.8455 Z9.0362 E0.4871
G1 X111.5172 Y151.5601 Z9.0393 E0.4871
G1 X112.5225 Y152.2332 Z9.0425 E0.4872
G1 X113.5553 Y152.8638 Z9.0456 E0.4873
G1 X114.6137 Y153.4507 Z9.0487 E0.4874
G1 X115.6960 Y153.9928 Z9.0519 E0.4874
G1 X116.8001 Y154.4892 Z9.055 E0.4875
G1 X117.9243 Y154.9390 Z9.0581 E0.4876
G1 X119.0665 Y155.3414 Z9.0613 E0.4877
G1 X120.2247 Y155.6957 Z9.0644 E0.4877
G1 X121.3969 Y156.0011 Z9.0675 E0.4878
G1 X122.5810 Y156.2573 Z9.0707 E0.4879
G1 X123.7750 Y156.4637 Z9.0738 E0.488
G1 X124.9768 Y156.6199 Z9.0769 E0.488
G1 X126.1843 Y156.7257 Z9.0801 E0.4881
G1 X127.3953 Y156.7808 Z9.0832 E0.4882
G1 X128.6078 Y156.7852 Z9.0863 E0.4883
G1 X129.8195 Y156.7388 Z9.0895 E0.4883
G1 X131.0284 Y156.6417 Z9.0926 E0.4884
G1 X132.2324 Y156.4940 Z9.0957 E0.4885
G1 X133.4294 Y156.2960 Z9.0989 E0.4885
G1 X134.6171 Y156.0480 Z9.102 E0.4886
G1 X135.7936 Y155.7504 Z9.1051 E0.4887
G1 X136.9568 Y155.4038 Z9.1083 E0.4888
G1 X138.1046 Y155.0087 Z9.1114 E0.4888
G1 X139.2351 Y154.5658 Z9.1145 E0.4889
G1 X140.3462 Y154.0759 Z9.1177 E0.489
G1 X141.4359 Y153.5399 Z9.1208 E0.4891
G1 X142.5024 Y152.9585 Z9.1239 E0.4891
G1 X143.5438 Y152.3330 Z9.1271 E0.4892
G1 X144.5583 Y151.6642 Z9.1302 E0.4893
G1 X145.5439 Y150.9535 Z9.1333 E0.4894
G1 X146.4991 Y150.2020 Z9.1365 E0.4894
G1 X147.4222 Y149.4110 Z9.1396 E0.4895
G1 X148.3114 Y148.5820 Z9.1427 E0.4896
G1 X149.1653 Y147.7163 Z9.1459 E0.4897
G1 X149.9823 Y146.8155 Z9.149 E0.4897
G1 X150.7609 Y145.8811 Z9.1521 E0.4898
G1 X151.4999 Y144.9148 Z9.1553 E0.4899
G1 X152.1979 Y143.9182 Z9.1584 E0.4899
G1 X152.8536 Y142.8931 Z9.1615 E0.49
G1 X153.4659 Y141.8414 Z9.1647 E0.4901
G1 X154.0337 Y140.7647 Z9.1678 E0.4902
G1 X154.5560 Y139.6650 Z9.1709 E0.4903
G1 X155.0318 Y138.5443 Z9.1741 E0.4903
G1 X155.4604 Y137.4044 Z9.1772 E0.4904
G1 X155.8409 Y136.2474 Z9.1803 E0.4905
G1 X156.1727 Y135.0753 Z9.1835 E0.4906
G1 X156.4552 Y133.8902 Z9.1866 E0.4906
G1 X156.6878 Y132.6941 Z9.1897 E0.4907
G1 X156.8702 Y131.4892 Z9.1929 E0.4908
G1 X157.0019 Y130.2774 Z9.196 E0.4908
G1 X157.0828 Y129.0611 Z9.1991 E0.4909
G1 X157.1127 Y127.8422 Z9.2023 E0.491
G1 X157.0915 Y126.6230 Z9.2055 E0.4911
G1 X157.0193 Y125.4055 Z9.2087 E0.4911
G1 X156.8961 Y124.1920 Z9.2119 E0.4912
G1 X156.7221 Y122.9845 Z9.2151 E0.4913
G1 X156.4977 Y121.7851 Z9.2183 E0.4914
G1 X156.2233 Y120.5961 Z9.2215 E0.4914
G1 X155.8993 Y119.4194 Z9.2247 E0.4915
G1 X155.5262 Y118.2571 Z9.2279 E0.4916
G1 X155.1046 Y117.1113 Z9.2311 E0.4916
G1 X154.6355 Y115.9840 Z9.2343 E0.4917
G1 X154.1194 Y114.8772 Z9.2375 E0.4918
G1 X153.5574 Y113.7927 Z9.2407 E0.4919
G1 X152.9503 Y112.7327 Z9.2439 E0.4919
G1 X152.2993 Y111.6988 Z9.247 E0.492
G1 X151.6055 Y110.6929 Z9.2502 E0.4921
G1 X150.8700 Y109.7168 Z9.2534 E0.4922
G1 X150.0943 Y108.7723 Z9.2566 E0.4922
G1 X149.2795 Y107.8609 Z9.2598 E0.4923
G1 X148.4271 Y106.9843 Z9.263 E0.4924
G1 X147.5386 Y106.1440 Z9.2662 E0.4924
G1 X146.6156 Y105.3416 Z9.2694 E0.4925
G1 X145.6597 Y104.5784 Z9.2726 E0.4926
G1 X144.6725 Y103.8558 Z9.2758 E0.4927
G1 X143.6557 Y103.1751 Z9.279 E0.4927
G1 X142.6112 Y102.5375 Z9.2822 E0.4928
G1 X141.5407 Y101.9440 Z9.2854 E0.4929
G1 X140.4462 Y101.3959 Z9.2886 E0.493
G1 X139.3295 Y100.8939 Z9.2918 E0.493
G1 X138.1926 Y100.4392 Z9.295 E0.4931
G1 X137.0375 Y100.0323 Z9.2982 E0.4932
G1 X135.8662 Y99.6742 Z9.3014 E0.4932
G1 X134.6807 Y99.3653 Z9.3046 E0.4933
G1 X133.4832 Y99.1063 Z9.3078 E0.4934
G1 X132.2757 Y98.8977 Z9.311 E0.4935
G1 X131.0603 Y98.7398 Z9.3142 E0.4935
G1 X129.8392 Y98.6329 Z9.3174 E0.4936
G1 X128.6145 Y98.5773 Z9.3206 E0.4937
G1 X127.3884 Y98.5730 Z9.3238 E0.4938
G1 X126.1630 Y98.6200 Z9.327 E0.4938
G1 X124.9405 Y98.7183 Z9.3302 E0.4939
G1 X123.7229 Y98.8678 Z9.3334 E0.494
G1 X122.5125 Y99.0681 Z9.3366 E0.494
G1 X121.3114 Y99.3190 Z9.3398 E0.4941
G1 X120.1217 Y99.6200 Z9.343 E0.4942
G1 X118.9455 Y99.9706 Z9.3462 E0.4943
G1 X117.7848 Y100.3702 Z9.3494 E0.4943
G1 X116.6416 Y100.8181 Z9.3526 E0.4944
G1 X115.5181 Y101.3136 Z9.3558 E0.4945
G1 X114.4162 Y101.8558 Z9.359 E0.4946
G1 X113.3377 Y102.4438 Z9.3622 E0.4946
G1 X112.2847 Y103.0764 Z9.3654 E0.4947
G1 X111.2589 Y103.7528 Z9.3686 E0.4948
G1 X110.2622 Y104.4715 Z9.3718 E0.4948
G1 X109.2964 Y105.2316 Z9.375 E0.4949
G1 X108.3630 Y106.0315 Z9.3782 E0.495
G1 X107.4639 Y106.8699 Z9.3814 E0.4951
G1 X106.6005 Y107.7453 Z9.3846 E0.4951
G1 X105.7745 Y108.6563 Z9.3878 E0.4952
G1 X104.9871 Y109.6012 Z9.391 E0.4953
G1 X104.2400 Y110.5784 Z9.3942 E0.4954
G1 X103.5343 Y111.5862 Z9.3974 E0.4954
G1 X102.8713 Y112.6228 Z9.4006 E0.4955
G1 X102.2522 Y113.6864 Z9.4038 E0.4956
G1 X101.6782 Y114.7752 Z9.407 E0.4956
G1 X101.1501 Y115.8872 Z9.4102 E0.4957
G1 X100.6690 Y117.0205 Z9.4134 E0.4958
G1 X100.2357 Y118.1731 Z9.4166 E0.4959
G1 X99.8511 Y119.3431 Z9.4198 E0.4959
G1 X99.5157 Y120.5283 Z9.423 E0.496
G1 X99.2301 Y121.7267 Z9.4262 E0.4961
G1 X98.9950 Y122.9361 Z9.4294 E0.4962
G1 X98.8107 Y124.1545 Z9.4326 E0.4962
G1 X98.6776 Y125.3798 Z9.4358 E0.4963
G1 X98.5959 Y126.6097 Z9.439 E0.4964
G1 X98.5657 Y127.8422 Z9.4422 E0.4965
G1 X98.5872 Y129.0750 Z9.4454 E0.4965
G1 X98.6603 Y130.3061 Z9.4486 E0.4966
G1 X98.7850 Y131.5331 Z9.4518 E0.4967
G1 X98.9609 Y132.7541 Z9.455 E0.4967
G1 X99.1878 Y133.9667 Z9.4582 E0.4968
G1 X99.4654 Y135.1690 Z9.4614 E0.4969
G1 X99.7931 Y136.3588 Z9.4646 E0.497
G1 X100.1704 Y137.5340 Z9.4678 E0.497
G1 X100.5966 Y138.6926 Z9.471 E0.4971
G1 X101.0710 Y139.8324 Z9.4742 E0.4972
G1 X101.5929 Y140.9515 Z9.4774 E0.4973
G1 X102.1612 Y142.0480 Z9.4806 E0.4973
G1 X102.7751 Y143.1199 Z9.4838 E0.4974
G1 X103.4334 Y144.1652 Z9.487 E0.4975
G1 X104.1349 Y145.1823 Z9.4902 E0.4975
G1 X104.8786 Y146.1692 Z9.4934 E0.4976
G1 X105.6631 Y147.1242 Z9.4966 E0.4977
G1 X106.4870 Y148.0457 Z9.4998 E0.4978
G1 X107.3488 Y148.9320 Z9.503 E0.4978
G1 X108.2472 Y149.7816 Z9.5062 E0.4979
G1 X109.1805 Y150.5929 Z9.5094 E0.498
G1 X110.1471 Y151.3645 Z9.5126 E0.4981
G1 X111.1453 Y152.0951 Z9.5158 E0.4981
G1 X112.1734 Y152.7833 Z9.5189 E0.4982
G1 X113.2295 Y153.4280 Z9.5221 E0.4983
G1 X114.3119 Y154.0280 Z9.5253 E0.4984
G1 X115.4186 Y154.5822 Z9.5285 E0.4984
G1 X116.5477 Y155.0897 Z9.5317 E0.4985
G1 X117.6973 Y155.5495 Z9.5349 E0.4986
G1 X118.8652 Y155.9608 Z9.5381 E0.4986
G1 X120.0496 Y156.3228 Z9.5413 E0.4987
G1 X121.2482 Y156.6351 Z9.5445 E0.4988
G1 X122.4590 Y156.8969 Z9.5477 E0.4989
G1 X123.6799 Y157.1078 Z9.5509 E0.4989
G1 X124.9088 Y157.2674 Z9.5541 E0.499
G1 X126.1434 Y157.3754 Z9.5573 E0.4991
G1 X127.3817 Y157.4316 Z9.5605 E0.4992
G1 X128.6214 Y157.4359 Z9.5637 E0.4992
G1 X129.8604 Y157.3883 Z9.5669 E0.4993
G1 X131.0965 Y157.2889 Z9.5701 E0.4994
G1 X132.3275 Y157.1377 Z9.5733 E0.4994
G1 X133.5513 Y156.9351 Z9.5765 E0.4995
G1 X134.7657 Y156.6814 Z9.5797 E0.4996
G1 X135.9686 Y156.3770 Z9.5829 E0.4997
G1 X137.1578 Y156.0225 Z9.5861 E0.4997
G1 X138.3314 Y155.6184 Z9.5893 E0.4998
G1 X139.4871 Y155.1655 Z9.5925 E0.4999
G1 X140.6231 Y154.6644 Z9.5957 E0.5
G1 X141.7372 Y154.1162 Z9.5989 E0.5
G1 X142.8276 Y153.5217 Z9.6021 E0.5001
G1 X143.8922 Y152.8820 Z9.6053 E0.5002
G1 X144.9293 Y152.1981 Z9.6085 E0.5003
G1 X145.9370 Y151.4714 Z9.6117 E0.5003
G1 X146.9135 Y150.7029 Z9.6149 E0.5004
G1 X147.8572 Y149.8941 Z9.6181 E0.5005
G1 X148.7662 Y149.0464 Z9.6213 E0.5005
G1 X149.6391 Y148.1612 Z9.6245 E0.5006
G1 X150.4742 Y147.2401 Z9.6277 E0.5007
G1 X151.2702 Y146.2848 Z9.6309 E0.5008
G1 X152.0256 Y145.2967 Z9.6341 E0.5008
G1 X152.7391 Y144.2778 Z9.6373 E0.5009
G1 X153.4093 Y143.2297 Z9.6405 E0.501
G1 X154.0352 Y142.1543 Z9.6437 E0.5011
G1 X154.6155 Y141.0535 Z9.6469 E0.5011
G1 X155.1494 Y139.9292 Z9.6501 E0.5012
G1 X155.6358 Y138.7834 Z9.6533 E0.5013
G1 X156.0738 Y137.6180 Z9.6565 E0.5013
G1 X156.4627 Y136.4351 Z9.6597 E0.5014
G1 X156.8017 Y135.2368 Z9.6629 E0.5015
G1 X157.0903 Y134.0252 Z9.6661 E0.5016
G1 X157.3280 Y132.8024 Z9.6692 E0.5016
G1 X157.5143 Y131.5705 Z9.6724 E0.5017
G1 X157.6488 Y130.3318 Z9.6756 E0.5018
G1 X157.7314 Y129.0883 Z9.6788 E0.5019
G1 X157.7618 Y127.8422 Z9.682 E0.5019
G1 X157.7400 Y126.5958 Z9.6853 E0.502
G1 X157.6660 Y125.3512 Z9.6886 E0.5021
G1 X157.5399 Y124.1106 Z9.6918 E0.5022
G1 X157.3619 Y122.8762 Z9.6951 E0.5022
G1 X157.1324 Y121.6502 Z9.6984 E0.5023
G1 X156.8517 Y120.4347 Z9.7016 E0.5024
G1 X156.5203 Y119.2319 Z9.7049 E0.5024
G1 X156.1388 Y118.0438 Z9.7082 E0.5025
G1 X155.7078 Y116.8725 Z9.7114 E0.5026
G1 X155.2280 Y115.7202 Z9.7147 E0.5027
G1 X154.7003 Y114.5888 Z9.718 E0.5027
G1 X154.1257 Y113.4803 Z9.7212 E0.5028
G1 X153.5050 Y112.3967 Z9.7245 E0.5029
G1 X152.8394 Y111.3399 Z9.7278 E0.5029
G1 X152.1300 Y110.3118 Z9.731 E0.503
G1 X151.3781 Y109.3141 Z9.7343 E0.5031
G1 X150.5850 Y108.3487 Z9.7376 E0.5032
G1 X149.7520 Y107.4171 Z9.7408 E0.5032
G1 X148.8806 Y106.5212 Z9.7441 E0.5033
G1 X147.9723 Y105.6624 Z9.7473 E0.5034
G1 X147.0287 Y104.8423 Z9.7506 E0.5034
G1 X146.0515 Y104.0622 Z9.7539 E0.5035
G1 X145.0423 Y103.3237 Z9.7571 E0.5036
G1 X144.0029 Y102.6280 Z9.7604 E0.5037
G1 X142.9351 Y101.9764 Z9.7637 E0.5037
G1 X141.8409 Y101.3699 Z9.7669 E0.5038
G1 X140.7220 Y100.8097 Z9.7702 E0.5039
G1 X139.5805 Y100.2968 Z9.7735 E0.5039
G1 X138.4184 Y99.8321 Z9.7767 E0.504
G1 X137.2376 Y99.4164 Z9.78 E0.5041
G1 X136.0403 Y99.0504 Z9.7833 E0.5042
G1 X134.8286 Y98.7349 Z9.7865 E0.5042
G1 X133.6045 Y98.4703 Z9.7898 E0.5043
G1 X132.3702 Y98.2573 Z9.7931 E0.5044
G1 X131.1280 Y98.0960 Z9.7963 E0.5045
G1 X129.8798 Y97.9869 Z9.7996 E0.5045
G1 X128.6281 Y97.9302 Z9.8029 E0.5046
G1 X127.3749 Y97.9259 Z9.8061 E0.5047
G1 X126.1224 Y97.9741 Z9.8094 E0.5047
G1 X124.8728 Y98.0747 Z9.8127 E0.5048
G1 X123.6284 Y98.2276 Z9.8159 E0.5049
G1 X122.3913 Y98.4325 Z9.8192 E0.505
G1 X121.1637 Y98.6891 Z9.8225 E0.505
G1 X119.9478 Y98.9969 Z9.8257 E0.5051
G1 X118.7456 Y99.3554 Z9.829 E0.5052
G1 X117.5593 Y99.7640 Z9.8323 E0.5052
G1 X116.3910 Y100.2219 Z9.8355 E0.5053
G1 X115.2428 Y100.7285 Z9.8388 E0.5054
G1 X114.1166 Y101.2827 Z9.8421 E0.5055
G1 X113.0144 Y101.8838 Z9.8453 E0.5055
G1 X111.9382 Y102.5305 Z9.8486 E0.5056
G1 X110.8899 Y103.2219 Z9.8518 E0.5057
G1 X109.8714 Y103.9566 Z9.8551 E0.5057
G1 X108.8843 Y104.7335 Z9.8584 E0.5058
G1 X107.9305 Y105.5511 Z9.8616 E0.5059
G1 X107.0117 Y106.4081 Z9.8649 E0.506
G1 X106.1294 Y107.3029 Z9.8682 E0.506
G1 X105.2853 Y108.2341 Z9.8714 E0.5061
G1 X104.4807 Y109.1999 Z9.8747 E0.5062
G1 X103.7173 Y110.1987 Z9.878 E0.5063
G1 X102.9962 Y111.2287 Z9.8812 E0.5063
G1 X102.3187 Y112.2882 Z9.8845 E0.5064
G1 X101.6862 Y113.3752 Z9.8878 E0.5065
G1 X101.0996 Y114.4880 Z9.891 E0.5065
G1 X100.5601 Y115.6245 Z9.8943 E0.5066
G1 X100.0686 Y116.7828 Z9.8976 E0.5067
G1 X99.6259 Y117.9608 Z9.9008 E0.5068
G1 X99.2329 Y119.1564 Z9.9041 E0.5068
G1 X98.8903 Y120.3677 Z9.9074 E0.5069
G1 X98.5986 Y121.5924 Z9.9106 E0.507
G1 X98.3585 Y122.8285 Z9.9139 E0.507
G1 X98.1703 Y124.0736 Z9.9172 E0.5071
G1 X98.0344 Y125.3258 Z9.9204 E0.5072
G1 X97.9510 Y126.5827 Z9.9237 E0.5073
G1 X97.9204 Y127.8422 Z9.9269 E0.5073
G1 X97.9425 Y129.1020 Z9.9302 E0.5074
G1 X98.0173 Y130.3600 Z9.9335 E0.5075
G1 X98.1448 Y131.6140 Z9.9367 E0.5075
G1 X98.3247 Y132.8616 Z9.94 E0.5076
G1 X98.5568 Y134.1009 Z9.9433 E0.5077
G1 X98.8406 Y135.3295 Z9.9465 E0.5078
G1 X99.1756 Y136.5453 Z9.9498 E0.5078
G1 X99.5613 Y137.7461 Z9.9531 E0.5079
G1 X99.9970 Y138.9300 Z9.9563 E0.508
G1 X100.4819 Y140.0947 Z9.9596 E0.5081
G1 X101.0153 Y141.2383 Z9.9629 E0.5081
G1 X101.5962 Y142.3586 Z9.9661 E0.5082
G1 X102.2236 Y143.4538 Z9.9694 E0.5083
G1 X102.8964 Y144.5220 Z9.9727 E0.5083
G1 X103.6134 Y145.5612 Z9.9759 E0.5084
G1 X104.3735 Y146.5695 Z9.9792 E0.5085
G1 X105.1752 Y147.5454 Z9.9824 E0.5086
G1 X106.0172 Y148.4869 Z9.9857 E0.5086
G1 X106.8980 Y149.3924 Z9.989 E0.5087
G1 X107.8160 Y150.2604 Z9.9922 E0.5088
G1 X108.7698 Y151.0893 Z9.9955 E0.5088
G1 X109.7576 Y151.8777 Z9.9988 E0.5089
G1 X110.7776 Y152.6241 Z10.002 E0.509
G1 X111.8282 Y153.3272 Z10.0053 E0.5091
G1 X112.9075 Y153.9859 Z10.0086 E0.5091
G1 X114.0135 Y154.5988 Z10.0118 E0.5092
G1 X115.1444 Y155.1649 Z10.0151 E0.5093
G1 X116.2982 Y155.6833 Z10.0184 E0.5094
G1 X117.4728 Y156.1530 Z10.0216 E0.5094
G1 X118.6663 Y156.5731 Z10.0249 E0.5095
G1 X119.8764 Y156.9430 Z10.0281 E0.5096
G1 X121.1012 Y157.2618 Z10.0314 E0.5096
G1 X122.3384 Y157.5292 Z10.0347 E0.5097
G1 X123.5859 Y157.7445 Z10.0379 E0.5098
G1 X124.8415 Y157.9075 Z10.0412 E0.5099
G1 X126.1030 Y158.0177 Z10.0445 E0.5099
G1 X127.3682 Y158.0750 Z10.0477 E0.51
G1 X128.6349 Y158.0793 Z10.051 E0.5101
G1 X129.9008 Y158.0305 Z10.0543 E0.5102
G1 X131.1637 Y157.9287 Z10.0575 E0.5102
G1 X132.4215 Y157.7741 Z10.0608 E0.5103
G1 X133.6718 Y157.5670 Z10.064 E0.5104
G1 X134.9126 Y157.3076 Z10.0673 E0.5104
G1 X136.1415 Y156.9965 Z10.0706 E0.5105
G1 X137.3566 Y156.6341 Z10.0738 E0.5106
G1 X138.5555 Y156.2211 Z10.0771 E0.5107
G1 X139.7363 Y155.7582 Z10.0804 E0.5107
G1 X140.8969 Y155.2462 Z10.0836 E0.5108
G1 X142.0351 Y154.6860 Z10.0869 E0.5109
G1 X143.1490 Y154.0785 Z10.0902 E0.5109
G1 X144.2367 Y153.4248 Z10.0934 E0.511
G1 X145.2962 Y152.7260 Z10.0967 E0.5111
G1 X146.3256 Y151.9833 Z10.1 E0.5112
G1 X147.3232 Y151.1981 Z10.1032 E0.5112
G1 X148.2872 Y150.3717 Z10.1065 E0.5113
G1 X149.2158 Y149.5055 Z10.1097 E0.5114
G1 X150.1075 Y148.6011 Z10.113 E0.5115
G1 X150.9606 Y147.6600 Z10.1163 E0.5115
G1 X151.7737 Y146.6838 Z10.1195 E0.5116
G1 X152.5453 Y145.6743 Z10.1228 E0.5117
G1 X153.2741 Y144.6333 Z10.1261 E0.5117
G1 X153.9587 Y143.5624 Z10.1293 E0.5118
G1 X154.5980 Y142.4637 Z10.1326 E0.5119
G1 X155.1908 Y141.3391 Z10.1359 E0.512
G1 X155.7360 Y140.1904 Z10.1391 E0.512
G1 X156.2327 Y139.0197 Z10.1424 E0.5121
G1 X156.6801 Y137.8291 Z10.1457 E0.5122
G1 X157.0772 Y136.6207 Z10.1489 E0.5122
G1 X157.4235 Y135.3965 Z10.1522 E0.5123
G1 X157.7182 Y134.1587 Z10.1554 E0.5124
G1 X157.9609 Y132.9095 Z10.1587 E0.5125
G1 X158.1510 Y131.6510 Z10.162 E0.5125
G1 X158.2883 Y130.3855 Z10.1652 E0.5126
G1 X158.3725 Y129.1151 Z10.1685 E0.5127
G1 X158.4035 Y127.8422 Z10.1718 E0.5128
G1 X158.3810 Y126.5689 Z10.1751 E0.5128
G1 X158.3053 Y125.2975 Z10.1784 E0.5129
G1 X158.1763 Y124.0302 Z10.1818 E0.513
G1 X157.9944 Y122.7693 Z10.1851 E0.513
G1 X157.7598 Y121.5169 Z10.1884 E0.5131
G1 X157.4729 Y120.2752 Z10.1918 E0.5132
G1 X157.1342 Y119.0465 Z10.1951 E0.5133
G1 X156.7443 Y117.8329 Z10.1984 E0.5133
G1 X156.3039 Y116.6365 Z10.2018 E0.5134
G1 X155.8137 Y115.4594 Z10.2051 E0.5135
G1 X155.2745 Y114.3038 Z10.2084 E0.5135
G1 X154.6874 Y113.1715 Z10.2118 E0.5136
G1 X154.0532 Y112.0647 Z10.2151 E0.5137
G1 X153.3732 Y110.9853 Z10.2184 E0.5137
G1 X152.6485 Y109.9351 Z10.2218 E0.5138
G1 X151.8803 Y108.9161 Z10.2251 E0.5139
G1 X151.0700 Y107.9300 Z10.2284 E0.514
G1 X150.2190 Y106.9786 Z10.2318 E0.514
G1 X149.3288 Y106.0635 Z10.2351 E0.5141
G1 X148.4009 Y105.1863 Z10.2384 E0.5142
G1 X147.4370 Y104.3487 Z10.2418 E0.5142
G1 X146.4387 Y103.5521 Z10.2451 E0.5143
G1 X145.4078 Y102.7979 Z10.2484 E0.5144
G1 X144.3460 Y102.0874 Z10.2518 E0.5145
G1 X143.2553 Y101.4219 Z10.2551 E0.5145
G1 X142.1375 Y100.8025 Z10.2584 E0.5146
G1 X140.9946 Y100.2305 Z10.2618 E0.5147
G1 X139.8286 Y99.7067 Z10.2651 E0.5147
G1 X138.6415 Y99.2322 Z10.2684 E0.5148
G1 X137.4354 Y98.8077 Z10.2718 E0.5149
G1 X136.2124 Y98.4340 Z10.2751 E0.515
G1 X134.9747 Y98.1119 Z10.2784 E0.515
G1 X133.7244 Y97.8418 Z10.2818 E0.5151
G1 X132.4637 Y97.6243 Z10.2851 E0.5152
G1 X131.1948 Y97.4597 Z10.2884 E0.5152
G1 X129.9200 Y97.3484 Z10.2918 E0.5153
G1 X128.6415 Y97.2906 Z10.2951 E0.5154
G1 X127.3615 Y97.2864 Z10.2984 E0.5155
G1 X126.0822 Y97.3358 Z10.3018 E0.5155
G1 X124.8060 Y97.4387 Z10.3051 E0.5156
G1 X123.5350 Y97.5950 Z10.3084 E0.5157
G1 X122.2715 Y97.8044 Z10.3118 E0.5157
G1 X121.0177 Y98.0666 Z10.3151 E0.5158
G1 X119.7758 Y98.3811 Z10.3185 E0.5159
G1 X118.5480 Y98.7474 Z10.3218 E0.5159
G1 X117.3365 Y99.1648 Z10.3251 E0.516
G1 X116.1433 Y99.6327 Z10.3285 E0.5161
G1 X114.9706 Y100.1502 Z10.3318 E0.5162
G1 X113.8205 Y100.7164 Z10.3351 E0.5162
G1 X112.6949 Y101.3304 Z10.3385 E0.5163
G1 X111.5959 Y101.9911 Z10.3418 E0.5164
G1 X110.5253 Y102.6973 Z10.3451 E0.5165
G1 X109.4851 Y103.4478 Z10.3485 E0.5165
G1 X108.4771 Y104.2413 Z10.3518 E0.5166
G1 X107.5031 Y105.0765 Z10.3551 E0.5167
G1 X106.5648 Y105.9518 Z10.3585 E0.5167
G1 X105.6639 Y106.8658 Z10.3618 E0.5168
G1 X104.8019 Y107.8168 Z10.3651 E0.5169
G1 X103.9804 Y108.8033 Z10.3685 E0.5169
G1 X103.2007 Y109.8234 Z10.3718 E0.517
G1 X102.4644 Y110.8754 Z10.3751 E0.5171
G1 X101.7727 Y111.9575 Z10.3785 E0.5172
G1 X101.1268 Y113.0677 Z10.3818 E0.5172
G1 X100.5279 Y114.2042 Z10.3851 E0.5173
G1 X99.9771 Y115.3649 Z10.3885 E0.5174
G1 X99.4752 Y116.5479 Z10.3918 E0.5174
G1 X99.0233 Y117.7509 Z10.3951 E0.5175
G1 X98.6221 Y118.9720 Z10.3985 E0.5176
G1 X98.2723 Y120.2090 Z10.4018 E0.5177
G1 X97.9746 Y121.4598 Z10.4051 E0.5177
G1 X97.7295 Y122.7221 Z10.4085 E0.5178
G1 X97.5375 Y123.9937 Z10.4118 E0.5179
G1 X97.3989 Y125.2724 Z10.4151 E0.5179
G1 X97.3139 Y126.5560 Z10.4185 E0.518
G1 X97.2827 Y127.8422 Z10.4218 E0.5181
G1 X97.3054 Y129.1287 Z10.4251 E0.5182
G1 X97.3820 Y130.4134 Z10.4285 E0.5182
G1 X97.5123 Y131.6939 Z10.4318 E0.5183
G1 X97.6962 Y132.9680 Z10.4351 E0.5184
G1 X97.9333 Y134.2334 Z10.4385 E0.5184
G1 X98.2232 Y135.4880 Z10.4418 E0.5185
G1 X98.5655 Y136.7295 Z10.4451 E0.5186
G1 X98.9595 Y137.9557 Z10.4485 E0.5187
G1 X99.4045 Y139.1645 Z10.4518 E0.5187
G1 X99.8999 Y140.3538 Z10.4551 E0.5188
G1 X100.4447 Y141.5215 Z10.4585 E0.5189
G1 X101.0380 Y142.6655 Z10.4618 E0.5189
G1 X101.6788 Y143.7838 Z10.4651 E0.519
G1 X102.3659 Y144.8745 Z10.4684 E0.5191
G1 X103.0982 Y145.9355 Z10.4718 E0.5192
G1 X103.8744 Y146.9651 Z10.4751 E0.5192
G1 X104.6932 Y147.9614 Z10.4784 E0.5193
G1 X105.5530 Y148.9227 Z10.4818 E0.5194
G1 X106.4525 Y149.8473 Z10.4851 E0.5194
G1 X107.3901 Y150.7335 Z10.4884 E0.5195
G1 X108.3640 Y151.5798 Z10.4918 E0.5196
G1 X109.3728 Y152.3847 Z10.4951 E0.5197
G1 X110.4144 Y153.1467 Z10.4984 E0.5197
G1 X111.4872 Y153.8646 Z10.5018 E0.5198
G1 X112.5893 Y154.5369 Z10.5051 E0.5199
G1 X113.7187 Y155.1627 Z10.5084 E0.5199
G1 X114.8735 Y155.7406 Z10.5118 E0.52
G1 X116.0517 Y156.2698 Z10.5151 E0.5201
G1 X117.2511 Y156.7492 Z10.5184 E0.5201
G1 X118.4697 Y157.1781 Z10.5218 E0.5202
G1 X119.7054 Y157.5555 Z10.5251 E0.5203
G1 X120.9560 Y157.8810 Z10.5284 E0.5204
G1 X122.2193 Y158.1538 Z10.5318 E0.5204
G1 X123.4930 Y158.3736 Z10.5351 E0.5205
G1 X124.7751 Y158.5398 Z10.5384 E0.5206
G1 X126.0631 Y158.6522 Z10.5418 E0.5207
G1 X127.3549 Y158.7105 Z10.5451 E0.5207
G1 X128.6482 Y158.7148 Z10.5484 E0.5208
G1 X129.9407 Y158.6648 Z10.5518 E0.5209
G1 X131.2302 Y158.5608 Z10.5551 E0.5209
G1 X132.5143 Y158.4028 Z10.5584 E0.521
G1 X133.7909 Y158.1912 Z10.5618 E0.5211
G1 X135.0577 Y157.9262 Z10.5651 E0.5212
G1 X136.3124 Y157.6084 Z10.5684 E0.5212
G1 X137.5529 Y157.2383 Z10.5717 E0.5213
G1 X138.7770 Y156.8165 Z10.5751 E0.5214
G1 X139.9825 Y156.3438 Z10.5784 E0.5214
G1 X141.1673 Y155.8209 Z10.5817 E0.5215
G1 X142.3293 Y155.2488 Z10.5851 E0.5216
G1 X143.4665 Y154.6284 Z10.5884 E0.5217
G1 X144.5769 Y153.9609 Z10.5917 E0.5217
G1 X145.6585 Y153.2473 Z10.5951 E0.5218
G1 X146.7094 Y152.4890 Z10.5984 E0.5219
G1 X147.7278 Y151.6872 Z10.6017 E0.5219
G1 X148.7119 Y150.8434 Z10.6051 E0.522
G1 X149.6599 Y149.9590 Z10.6084 E0.5221
G1 X150.5701 Y149.0355 Z10.6117 E0.5221
G1 X151.4410 Y148.0746 Z10.6151 E0.5222
G1 X152.2710 Y147.0779 Z10.6184 E0.5223
G1 X153.0586 Y146.0473 Z10.6217 E0.5224
G1 X153.8025 Y144.9843 Z10.6251 E0.5224
G1 X154.5013 Y143.8911 Z10.6284 E0.5225
G1 X155.1538 Y142.7693 Z10.6317 E0.5226
G1 X155.7589 Y141.6211 Z10.6351 E0.5227
G1 X156.3154 Y140.4483 Z10.6384 E0.5227
G1 X156.8224 Y139.2532 Z10.6417 E0.5228
G1 X157.2789 Y138.0377 Z10.6451 E0.5229
G1 X157.6842 Y136.8040 Z10.6484 E0.5229
G1 X158.0376 Y135.5541 Z10.6517 E0.523
G1 X158.3383 Y134.2905 Z10.6551 E0.5231
G1 X158.5859 Y133.0152 Z10.6584 E0.5232
G1 X158.7799 Y131.7304 Z10.6617 E0.5232
G1 X158.9199 Y130.4385 Z10.6651 E0.5233
G1 X159.0057 Y129.1417 Z10.6684 E0.5234
G1 X159.0372 Y127.8422 Z10.6717 E0.5234
G1 X159.0141 Y126.5424 Z10.6751 E0.5235
G1 X158.9366 Y125.2445 Z10.6785 E0.5236
G1 X158.8048 Y123.9508 Z10.6819 E0.5237
G1 X158.6190 Y122.6636 Z10.6853 E0.5237
G1 X158.3793 Y121.3852 Z10.6887 E0.5238
G1 X158.0863 Y120.1177 Z10.6921 E0.5239
G1 X157.7405 Y118.8635 Z10.6955 E0.5239
G1 X157.3423 Y117.6246 Z10.699 E0.524
G1 X156.8926 Y116.4034 Z10.7024 E0.5241
G1 X156.3921 Y115.2019 Z10.7058 E0.5241
G1 X155.8416 Y114.0223 Z10.7092 E0.5242
G1 X155.2421 Y112.8666 Z10.7126 E0.5243
G1 X154.5946 Y111.7368 Z10.716 E0.5244
G1 X153.9004 Y110.6350 Z10.7194 E0.5244
G1 X153.1605 Y109.5631 Z10.7228 E0.5245
G1 X152.3762 Y108.5230 Z10.7262 E0.5246
G1 X151.5490 Y107.5166 Z10.7296 E0.5246
G1 X150.6802 Y106.5455 Z10.733 E0.5247
G1 X149.7714 Y105.6115 Z10.7364 E0.5248
G1 X148.8242 Y104.7163 Z10.7398 E0.5248
G1 X147.8402 Y103.8614 Z10.7432 E0.5249
G1 X146.8211 Y103.0483 Z10.7466 E0.525
G1 X145.7687 Y102.2786 Z10.75 E0.5251
G1 X144.6848 Y101.5535 Z10.7534 E0.5251
G1 X143.5714 Y100.8743 Z10.7568 E0.5252
G1 X142.4304 Y100.2423 Z10.7602 E0.5253
G1 X141.2638 Y99.6585 Z10.7636 E0.5253
G1 X140.0735 Y99.1240 Z10.767 E0.5254
G1 X138.8618 Y98.6397 Z10.7704 E0.5255
G1 X137.6307 Y98.2066 Z10.7738 E0.5255
G1 X136.3824 Y97.8254 Z10.7772 E0.5256
G1 X135.1190 Y97.4967 Z10.7806 E0.5257
G1 X133.8428 Y97.2212 Z10.784 E0.5257
G1 X132.5560 Y96.9993 Z10.7875 E0.5258
G1 X131.2609 Y96.8315 Z10.7909 E0.5259
G1 X129.9597 Y96.7180 Z10.7943 E0.526
G1 X128.6547 Y96.6592 Z10.7977 E0.526
G1 X127.3482 Y96.6550 Z10.8011 E0.5261
G1 X126.0426 Y96.7055 Z10.8045 E0.5262
G1 X124.7400 Y96.8107 Z10.8079 E0.5262
G1 X123.4428 Y96.9704 Z10.8113 E0.5263
G1 X122.1532 Y97.1843 Z10.8147 E0.5264
G1 X120.8736 Y97.4520 Z10.8181 E0.5265
G1 X119.6061 Y97.7732 Z10.8215 E0.5265
G1 X118.3530 Y98.1471 Z10.8249 E0.5266
G1 X117.1165 Y98.5733 Z10.8283 E0.5267
G1 X115.8988 Y99.0510 Z10.8317 E0.5267
G1 X114.7020 Y99.5793 Z10.8351 E0.5268
G1 X113.5282 Y100.1573 Z10.8385 E0.5269
G1 X112.3795 Y100.7840 Z10.8419 E0.5269
G1 X111.2579 Y101.4584 Z10.8453 E0.527
G1 X110.1653 Y102.1793 Z10.8487 E0.5271
G1 X109.1038 Y102.9454 Z10.8521 E0.5272
G1 X108.0752 Y103.7554 Z10.8555 E0.5272
G1 X107.0812 Y104.6078 Z10.8589 E0.5273
G1 X106.1237 Y105.5013 Z10.8623 E0.5274
G1 X105.2043 Y106.4342 Z10.8657 E0.5274
G1 X104.3247 Y107.4049 Z10.8691 E0.5275
G1 X103.4863 Y108.4117 Z10.8726 E0.5276
G1 X102.6908 Y109.4529 Z10.876 E0.5276
G1 X101.9395 Y110.5266 Z10.8794 E0.5277
G1 X101.2337 Y111.6310 Z10.8828 E0.5278
G1 X100.5746 Y112.7642 Z10.8862 E0.5279
G1 X99.9636 Y113.9240 Z10.8896 E0.5279
G1 X99.4015 Y115.1087 Z10.893 E0.528
G1 X98.8895 Y116.3159 Z10.8964 E0.5281
G1 X98.4284 Y117.5438 Z10.8998 E0.5281
G1 X98.0191 Y118.7900 Z10.9032 E0.5282
G1 X97.6623 Y120.0524 Z10.9066 E0.5283
G1 X97.3587 Y121.3289 Z10.91 E0.5283
G1 X97.1087 Y122.6171 Z10.9134 E0.5284
G1 X96.9128 Y123.9148 Z10.9168 E0.5285
G1 X96.7715 Y125.2197 Z10.9202 E0.5286
G1 X96.6849 Y126.5296 Z10.9236 E0.5286
G1 X96.6532 Y127.8422 Z10.927 E0.5287
G1 X96.6766 Y129.1551 Z10.9304 E0.5288
G1 X96.7549 Y130.4661 Z10.9338 E0.5288
G1 X96.8880 Y131.7727 Z10.9372 E0.5289
G1 X97.0758 Y133.0729 Z10.9406 E0.529
G1 X97.3179 Y134.3642 Z10.944 E0.5291
G1 X97.6139 Y135.6444 Z10.9474 E0.5291
G1 X97.9633 Y136.9113 Z10.9508 E0.5292
G1 X98.3654 Y138.1626 Z10.9542 E0.5293
G1 X98.8197 Y139.3961 Z10.9576 E0.5293
G1 X99.3254 Y140.6096 Z10.961 E0.5294
G1 X99.8814 Y141.8011 Z10.9644 E0.5295
G1 X100.4870 Y142.9684 Z10.9678 E0.5295
G1 X101.1410 Y144.1095 Z10.9712 E0.5296
G1 X101.8423 Y145.2224 Z10.9747 E0.5297
G1 X102.5896 Y146.3050 Z10.9781 E0.5298
G1 X103.3818 Y147.3555 Z10.9815 E0.5298
G1 X104.2174 Y148.3721 Z10.9849 E0.5299
G1 X105.0949 Y149.3529 Z10.9883 E0.53
G1 X106.0129 Y150.2963 Z10.9917 E0.53
G1 X106.9696 Y151.2005 Z10.9951 E0.5301
G1 X107.9636 Y152.0639 Z10.9985 E0.5302
G1 X108.9929 Y152.8851 Z11.0019 E0.5303
G1 X110.0559 Y153.6625 Z11.0053 E0.5303
G1 X111.1507 Y154.3949 Z11.0087 E0.5304
G1 X112.2753 Y155.0808 Z11.0121 E0.5305
G1 X113.4278 Y155.7192 Z11.0155 E0.5305
G1 X114.6061 Y156.3088 Z11.0189 E0.5306
G1 X115.8083 Y156.8486 Z11.0223 E0.5307
G1 X117.0322 Y157.3377 Z11.0257 E0.5307
G1 X118.2757 Y157.7751 Z11.0291 E0.5308
G1 X119.5366 Y158.1601 Z11.0325 E0.5309
G1 X120.8126 Y158.4921 Z11.0359 E0.531
G1 X122.1017 Y158.7703 Z11.0393 E0.531
G1 X123.4013 Y158.9944 Z11.0427 E0.5311
G1 X124.7095 Y159.1638 Z11.0461 E0.5312
G1 X126.0237 Y159.2784 Z11.0495 E0.5312
G1 X127.3418 Y159.3378 Z11.0529 E0.5313
G1 X128.6613 Y159.3420 Z11.0563 E0.5314
G1 X129.9801 Y159.2909 Z11.0597 E0.5314
G1 X131.2957 Y159.1846 Z11.0631 E0.5315
G1 X132.6059 Y159.0232 Z11.0665 E0.5316
G1 X133.9084 Y158.8072 Z11.0699 E0.5317
G1 X135.2008 Y158.5367 Z11.0733 E0.5317
G1 X136.4810 Y158.2123 Z11.0767 E0.5318
G1 X137.7466 Y157.8346 Z11.0801 E0.5319
G1 X138.9955 Y157.4041 Z11.0835 E0.5319
G1 X140.2254 Y156.9216 Z11.0869 E0.532
G1 X141.4341 Y156.3880 Z11.0903 E0.5321
G1 X142.6197 Y155.8042 Z11.0937 E0.5322
G1 X143.7798 Y155.1711 Z11.0971 E0.5322
G1 X144.9126 Y154.4899 Z11.1005 E0.5323
G1 X146.0161 Y153.7618 Z11.1039 E0.5324
G1 X147.0882 Y152.9880 Z11.1073 E0.5324
G1 X148.1271 Y152.1699 Z11.1108 E0.5325
G1 X149.1310 Y151.3089 Z11.1142 E0.5326
G1 X150.0981 Y150.4065 Z11.1176 E0.5326
G1 X151.0266 Y149.4642 Z11.121 E0.5327
G1 X151.9150 Y148.4838 Z11.1244 E0.5328
G1 X152.7617 Y147.4669 Z11.1278 E0.5329
G1 X153.5651 Y146.4153 Z11.1312 E0.5329
G1 X154.3239 Y145.3308 Z11.1346 E0.533
G1 X155.0367 Y144.2153 Z11.138 E0.5331
G1 X155.7023 Y143.0709 Z11.1414 E0.5331
G1 X156.3195 Y141.8994 Z11.1448 E0.5332
G1 X156.8871 Y140.7029 Z11.1482 E0.5333
G1 X157.4042 Y139.4835 Z11.1516 E0.5334
G1 X157.8698 Y138.2434 Z11.155 E0.5334
G1 X158.2832 Y136.9848 Z11.1584 E0.5335
G1 X158.6435 Y135.7097 Z11.1618 E0.5336
G1 X158.9501 Y134.4205 Z11.1652 E0.5336
G1 X159.2026 Y133.1195 Z11.1686 E0.5337
G1 X159.4003 Y131.8088 Z11.172 E0.5338
G1 X159.5430 Y130.4908 Z11.1754 E0.5338
G1 X159.6305 Y129.1679 Z11.1788 E0.5339
G1 X159.6624 Y127.8422 Z11.1822 E0.534
G1 X159.6387 Y126.5162 Z11.1857 E0.5341
G1 X159.5595 Y125.1922 Z11.1892 E0.5341
G1 X159.4250 Y123.8725 Z11.1926 E0.5342
G1 X159.2352 Y122.5594 Z11.1961 E0.5343
G1 X158.9906 Y121.2553 Z11.1996 E0.5343
G1 X158.6916 Y119.9623 Z11.2031 E0.5344
G1 X158.3386 Y118.6829 Z11.2065 E0.5345
G1 X157.9323 Y117.4192 Z11.21 E0.5345
G1 X157.4734 Y116.1734 Z11.2135 E0.5346
G1 X156.9627 Y114.9478 Z11.217 E0.5347
G1 X156.4010 Y113.7446 Z11.2204 E0.5347
G1 X155.7894 Y112.5657 Z11.2239 E0.5348
G1 X155.1288 Y111.4133 Z11.2274 E0.5349
G1 X154.4204 Y110.2895 Z11.2309 E0.535
G1 X153.6656 Y109.1962 Z11.2344 E0.535
G1 X152.8655 Y108.1353 Z11.2378 E0.5351
G1 X152.0215 Y107.1087 Z11.2413 E0.5352
G1 X151.1352 Y106.1182 Z11.2448 E0.5352
G1 X150.2081 Y105.1656 Z11.2483 E0.5353
G1 X149.2417 Y104.2525 Z11.2517 E0.5354
G1 X148.2379 Y103.3806 Z11.2552 E0.5354
G1 X147.1983 Y102.5514 Z11.2587 E0.5355
G1 X146.1247 Y101.7663 Z11.2622 E0.5356
G1 X145.0191 Y101.0268 Z11.2656 E0.5356
G1 X143.8833 Y100.3341 Z11.2691 E0.5357
G1 X142.7194 Y99.6896 Z11.2726 E0.5358
G1 X141.5293 Y99.0942 Z11.2761 E0.5358
G1 X140.3152 Y98.5492 Z11.2795 E0.5359
G1 X139.0791 Y98.0554 Z11.283 E0.536
G1 X137.8233 Y97.6137 Z11.2865 E0.5361
G1 X136.5500 Y97.2250 Z11.29 E0.5361
G1 X135.2613 Y96.8898 Z11.2934 E0.5362
G1 X133.9596 Y96.6090 Z11.2969 E0.5363
G1 X132.6470 Y96.3828 Z11.3004 E0.5363
G1 X131.3260 Y96.2118 Z11.3039 E0.5364
G1 X129.9988 Y96.0962 Z11.3074 E0.5365
G1 X128.6677 Y96.0363 Z11.3108 E0.5365
G1 X127.3352 Y96.0322 Z11.3143 E0.5366
G1 X126.0034 Y96.0839 Z11.3178 E0.5367
G1 X124.6749 Y96.1913 Z11.3213 E0.5367
G1 X123.3518 Y96.3543 Z11.3247 E0.5368
G1 X122.0365 Y96.5726 Z11.3282 E0.5369
G1 X120.7314 Y96.8458 Z11.3317 E0.537
G1 X119.4387 Y97.1735 Z11.3352 E0.537
G1 X118.1606 Y97.5551 Z11.3386 E0.5371
G1 X116.8995 Y97.9899 Z11.3421 E0.5372
G1 X115.6576 Y98.4772 Z11.3456 E0.5372
G1 X114.4370 Y99.0162 Z11.3491 E0.5373
G1 X113.2399 Y99.6058 Z11.3526 E0.5374
G1 X112.0684 Y100.2452 Z11.356 E0.5374
G1 X110.9245 Y100.9331 Z11.3595 E0.5375
G1 X109.8103 Y101.6685 Z11.363 E0.5376
G1 X108.7277 Y102.4499 Z11.3665 E0.5376
G1 X107.6787 Y103.2761 Z11.3699 E0.5377
G1 X106.6651 Y104.1457 Z11.3734 E0.5378
G1 X105.6886 Y105.0570 Z11.3769 E0.5379
G1 X104.7510 Y106.0085 Z11.3804 E0.5379
G1 X103.8540 Y106.9986 Z11.3838 E0.538
G1 X102.9991 Y108.0256 Z11.3873 E0.5381
G1 X102.1879 Y109.0875 Z11.3908 E0.5381
G1 X101.4218 Y110.1827 Z11.3943 E0.5382
G1 X100.7021 Y111.3091 Z11.3977 E0.5383
G1 X100.0301 Y112.4648 Z11.4012 E0.5383
G1 X99.4070 Y113.6478 Z11.4047 E0.5384
G1 X98.8339 Y114.8559 Z11.4082 E0.5385
G1 X98.3119 Y116.0872 Z11.4116 E0.5385
G1 X97.8418 Y117.3395 Z11.4151 E0.5386
G1 X97.4245 Y118.6105 Z11.4186 E0.5387
G1 X97.0608 Y119.8980 Z11.4221 E0.5387
G1 X96.7512 Y121.1997 Z11.4256 E0.5388
G1 X96.4964 Y122.5135 Z11.429 E0.5389
G1 X96.2968 Y123.8370 Z11.4325 E0.539
G1 X96.1528 Y125.1678 Z11.436 E0.539
G1 X96.0647 Y126.5037 Z11.4395 E0.5391
G1 X96.0325 Y127.8422 Z11.4429 E0.5392
G1 X96.0565 Y129.1811 Z11.4464 E0.5392
G1 X96.1364 Y130.5180 Z11.4499 E0.5393
G1 X96.2724 Y131.8505 Z11.4534 E0.5394
G1 X96.4640 Y133.1764 Z11.4568 E0.5394
G1 X96.7110 Y134.4932 Z11.4603 E0.5395
G1 X97.0130 Y135.7987 Z11.4638 E0.5396
G1 X97.3694 Y137.0906 Z11.4673 E0.5397
G1 X97.7797 Y138.3665 Z11.4707 E0.5397
G1 X98.2431 Y139.6244 Z11.4742 E0.5398
G1 X98.7589 Y140.8619 Z11.4777 E0.5399
G1 X99.3260 Y142.0768 Z11.4812 E0.5399
G1 X99.9437 Y143.2671 Z11.4846 E0.54
G1 X100.6107 Y144.4307 Z11.4881 E0.5401
G1 X101.3260 Y145.5654 Z11.4916 E0.5401
G1 X102.0882 Y146.6693 Z11.4951 E0.5402
G1 X102.8961 Y147.7405 Z11.4985 E0.5403
G1 X103.7483 Y148.7770 Z11.502 E0.5403
G1 X104.6432 Y149.7771 Z11.5055 E0.5404
G1 X105.5794 Y150.7389 Z11.509 E0.5405
G1 X106.5551 Y151.6608 Z11.5124 E0.5406
G1 X107.5687 Y152.5412 Z11.5159 E0.5406
G1 X108.6184 Y153.3784 Z11.5194 E0.5407
G1 X109.7024 Y154.1711 Z11.5229 E0.5408
G1 X110.8188 Y154.9177 Z11.5263 E0.5408
G1 X111.9657 Y155.6171 Z11.5298 E0.5409
G1 X113.1409 Y156.2679 Z11.5333 E0.541
G1 X114.3425 Y156.8690 Z11.5368 E0.541
G1 X115.5685 Y157.4193 Z11.5402 E0.5411
G1 X116.8165 Y157.9178 Z11.5437 E0.5412
G1 X118.0845 Y158.3637 Z11.5472 E0.5412
G1 X119.3702 Y158.7562 Z11.5507 E0.5413
G1 X120.6713 Y159.0945 Z11.5541 E0.5414
G1 X121.9857 Y159.3781 Z11.5576 E0.5415
G1 X123.3110 Y159.6064 Z11.5611 E0.5415
G1 X124.6448 Y159.7791 Z11.5646 E0.5416
G1 X125.9849 Y159.8957 Z11.568 E0.5417
G1 X127.3288 Y159.9561 Z11.5715 E0.5417
G1 X128.6743 Y159.9602 Z11.575 E0.5418
G1 X130.0189 Y159.9080 Z11.5785 E0.5419
G1 X131.3603 Y159.7995 Z11.5819 E0.5419
G1 X132.6962 Y159.6349 Z11.5854 E0.542
G1 X134.0242 Y159.4144 Z11.5889 E0.5421
G1 X135.3420 Y159.1385 Z11.5924 E0.5421
G1 X136.6472 Y158.8076 Z11.5958 E0.5422
G1 X137.9376 Y158.4223 Z11.5993 E0.5423
G1 X139.2109 Y157.9833 Z11.6028 E0.5424
G1 X140.4648 Y157.4912 Z11.6063 E0.5424
G1 X141.6972 Y156.9470 Z11.6097 E0.5425
G1 X142.9059 Y156.3516 Z11.6132 E0.5426
G1 X144.0887 Y155.7060 Z11.6167 E0.5426
G1 X145.2436 Y155.0114 Z11.6202 E0.5427
G1 X146.3686 Y154.2689 Z11.6236 E0.5428
G1 X147.4616 Y153.4799 Z11.6271 E0.5428
G1 X148.5207 Y152.6457 Z11.6306 E0.5429
G1 X149.5441 Y151.7677 Z11.6341 E0.543
G1 X150.5300 Y150.8475 Z11.6375 E0.5431
G1 X151.4766 Y149.8868 Z11.641 E0.5431
G1 X152.3822 Y148.8871 Z11.6445 E0.5432
G1 X153.2453 Y147.8502 Z11.648 E0.5433
G1 X154.0644 Y146.7780 Z11.6514 E0.5433
G1 X154.8379 Y145.6722 Z11.6549 E0.5434
G1 X155.5645 Y144.5349 Z11.6584 E0.5435
G1 X156.2429 Y143.3681 Z11.6619 E0.5435
G1 X156.8720 Y142.1736 Z11.6653 E0.5436
G1 X157.4506 Y140.9538 Z11.6688 E0.5437
G1 X157.9776 Y139.7106 Z11.6723 E0.5438
G1 X158.4522 Y138.4462 Z11.6758 E0.5438
G1 X158.8735 Y137.1630 Z11.6792 E0.5439
G1 X159.2407 Y135.8631 Z11.6827 E0.544
G1 X159.5532 Y134.5487 Z11.6862 E0.544
G1 X159.8104 Y133.2223 Z11.6897 E0.5441
G1 X160.0119 Y131.8860 Z11.6931 E0.5442
G1 X160.1572 Y130.5424 Z11.6966 E0.5442
G1 X160.2462 Y129.1937 Z11.7001 E0.5443
G1 X160.2786 Y127.8422 Z11.7036 E0.5444
G1 X160.2543 Y126.4904 Z11.7071 E0.5444
G1 X160.1735 Y125.1406 Z11.7107 E0.5445
G1 X160.0361 Y123.7953 Z11.7142 E0.5446
G1 X159.8425 Y122.4567 Z11.7178 E0.5447
G1 X159.5930 Y121.1272 Z11.7213 E0.5447
G1 X159.2881 Y119.8092 Z11.7249 E0.5448
G1 X158.9281 Y118.5049 Z11.7284 E0.5449
G1 X158.5138 Y117.2167 Z11.732 E0.5449
G1 X158.0458 Y115.9468 Z11.7355 E0.545
G1 X157.5250 Y114.6975 Z11.7391 E0.5451
G1 X156.9523 Y113.4709 Z11.7426 E0.5451
G1 X156.3287 Y112.2692 Z11.7462 E0.5452
G1 X155.6551 Y111.0946 Z11.7497 E0.5453
G1 X154.9329 Y109.9490 Z11.7533 E0.5453
G1 X154.1633 Y108.8346 Z11.7568 E0.5454
G1 X153.3476 Y107.7532 Z11.7604 E0.5455
G1 X152.4871 Y106.7068 Z11.7639 E0.5455
G1 X151.5835 Y105.6972 Z11.7675 E0.5456
G1 X150.6384 Y104.7262 Z11.771 E0.5457
G1 X149.6532 Y103.7956 Z11.7746 E0.5457
G1 X148.6298 Y102.9069 Z11.7781 E0.5458
G1 X147.5700 Y102.0617 Z11.7817 E0.5459
G1 X146.4756 Y101.2615 Z11.7852 E0.5459
G1 X145.3484 Y100.5078 Z11.7888 E0.546
G1 X144.1906 Y99.8019 Z11.7923 E0.5461
G1 X143.0041 Y99.1450 Z11.7959 E0.5461
G1 X141.7909 Y98.5382 Z11.7994 E0.5462
G1 X140.5533 Y97.9828 Z11.803 E0.5463
G1 X139.2933 Y97.4796 Z11.8065 E0.5463
G1 X138.0132 Y97.0295 Z11.8101 E0.5464
G1 X136.7152 Y96.6334 Z11.8137 E0.5465
G1 X135.4016 Y96.2919 Z11.8172 E0.5465
G1 X134.0746 Y96.0058 Z11.8208 E0.5466
G1 X132.7367 Y95.7754 Z11.8243 E0.5467
G1 X131.3902 Y95.6012 Z11.8279 E0.5468
G1 X130.0373 Y95.4835 Z11.8314 E0.5468
G1 X128.6806 Y95.4226 Z11.835 E0.5469
G1 X127.3223 Y95.4186 Z11.8385 E0.547
G1 X125.9649 Y95.4714 Z11.8421 E0.547
G1 X124.6107 Y95.5811 Z11.8456 E0.5471
G1 X123.2622 Y95.7474 Z11.8492 E0.5472
G1 X121.9216 Y95.9700 Z11.8527 E0.5472
G1 X120.5913 Y96.2486 Z11.8563 E0.5473
G1 X119.2737 Y96.5828 Z11.8598 E0.5474
G1 X117.9711 Y96.9718 Z11.8634 E0.5474
G1 X116.6858 Y97.4151 Z11.8669 E0.5475
G1 X115.4200 Y97.9120 Z11.8705 E0.5476
G1 X114.1760 Y98.4614 Z11.874 E0.5476
G1 X112.9559 Y99.0626 Z11.8776 E0.5477
G1 X111.7619 Y99.7143 Z11.8811 E0.5478
G1 X110.5961 Y100.4156 Z11.8847 E0.5478
G1 X109.4605 Y101.1652 Z11.8882 E0.5479
G1 X108.3572 Y101.9618 Z11.8918 E0.548
G1 X107.2881 Y102.8040 Z11.8953 E0.548
G1 X106.2551 Y103.6904 Z11.8989 E0.5481
G1 X105.2600 Y104.6193 Z11.9024 E0.5482
G1 X104.3045 Y105.5892 Z11.906 E0.5482
G1 X103.3904 Y106.5984 Z11.9095 E0.5483
G1 X102.5192 Y107.6452 Z11.9131 E0.5484
G1 X101.6925 Y108.7276 Z11.9166 E0.5485
G1 X100.9118 Y109.8438 Z11.9202 E0.5485
G1 X100.1784 Y110.9919 Z11.9237 E0.5486
G1 X99.4937 Y112.1699 Z11.9273 E0.5487
G1 X98.8588 Y113.3756 Z11.9308 E0.5487
G1 X98.2748 Y114.6070 Z11.9344 E0.5488
G1 X97.7429 Y115.8620 Z11.9379 E0.5489
G1 X97.2640 Y117.1383 Z11.9415 E0.5489
G1 X96.8388 Y118.4336 Z11.945 E0.549
G1 X96.4682 Y119.7458 Z11.9486 E0.5491
G1 X96.1529 Y121.0726 Z11.9522 E0.5491
G1 X95.8934 Y122.4115 Z11.9557 E0.5492
G1 X95.6901 Y123.7603 Z11.9593 E0.5493
G1 X95.5435 Y125.1166 Z11.9628 E0.5493
G1 X95.4538 Y126.4780 Z11.9664 E0.5494
G1 X95.4212 Y127.8422 Z11.9699 E0.5495
G1 X95.4457 Y129.2067 Z11.9735 E0.5495
G1 X95.5274 Y130.5691 Z11.977 E0.5496
G1 X95.6660 Y131.9271 Z11.9806 E0.5497
G1 X95.8615 Y133.2783 Z11.9841 E0.5497
G1 X96.1134 Y134.6202 Z11.9877 E0.5498
G1 X96.4212 Y135.9506 Z11.9912 E0.5499
G1 X96.7846 Y137.2671 Z11.9948 E0.5499
G1 X97.2029 Y138.5674 Z11.9983 E0.55
G1 X97.6752 Y139.8492 Z12.0019 E0.5501
G1 X98.2009 Y141.1103 Z12.0054 E0.5502
G1 X98.7791 Y142.3483 Z12.009 E0.5502
G1 X99.4086 Y143.5613 Z12.0125 E0.5503
G1 X100.0885 Y144.7469 Z12.0161 E0.5504
G1 X100.8175 Y145.9032 Z12.0196 E0.5504
G1 X101.5944 Y147.0281 Z12.0232 E0.5505
G1 X102.4178 Y148.1196 Z12.0267 E0.5506
G1 X103.2863 Y149.1758 Z12.0303 E0.5506
G1 X104.1984 Y150.1948 Z12.0338 E0.5507
G1 X105.1525 Y151.1749 Z12.0374 E0.5508
G1 X106.1469 Y152.1142 Z12.0409 E0.5508
G1 X107.1799 Y153.0112 Z12.0445 E0.5509
G1 X108.2497 Y153.8643 Z12.048 E0.551
G1 X109.3544 Y154.6719 Z12.0516 E0.551
G1 X110.4921 Y155.4326 Z12.0551 E0.5511
G1 X111.6608 Y156.1451 Z12.0587 E0.5512
G1 X112.8585 Y156.8082 Z12.0622 E0.5512
G1 X114.0830 Y157.4206 Z12.0658 E0.5513
G1 X115.3322 Y157.9812 Z12.0693 E0.5514
G1 X116.6040 Y158.4891 Z12.0729 E0.5514
G1 X117.8961 Y158.9433 Z12.0764 E0.5515
G1 X119.2063 Y159.3431 Z12.08 E0.5516
G1 X120.5322 Y159.6877 Z12.0835 E0.5517
G1 X121.8716 Y159.9765 Z12.0871 E0.5517
G1 X123.2220 Y160.2090 Z12.0906 E0.5518
G1 X124.5811 Y160.3848 Z12.0942 E0.5519
G1 X125.9466 Y160.5035 Z12.0977 E0.5519
G1 X127.3161 Y160.5650 Z12.1013 E0.552
G1 X128.6870 Y160.5690 Z12.1048 E0.5521
G1 X130.0571 Y160.5156 Z12.1084 E0.5521
G1 X131.4240 Y160.4049 Z12.1119 E0.5522
G1 X132.7852 Y160.2370 Z12.1155 E0.5523
G1 X134.1383 Y160.0123 Z12.119 E0.5523
G1 X135.4810 Y159.7310 Z12.1226 E0.5524
G1 X136.8108 Y159.3937 Z12.1261 E0.5525
G1 X138.1256 Y159.0010 Z12.1297 E0.5526
G1 X139.4229 Y158.5535 Z12.1332 E0.5526
G1 X140.7005 Y158.0520 Z12.1368 E0.5527
G1 X141.9562 Y157.4974 Z12.1403 E0.5528
G1 X143.1876 Y156.8906 Z12.1439 E0.5528
G1 X144.3928 Y156.2327 Z12.1474 E0.5529
G1 X145.5694 Y155.5248 Z12.151 E0.553
G1 X146.7156 Y154.7682 Z12.1545 E0.553
G1 X147.8291 Y153.9641 Z12.1581 E0.5531
G1 X148.9082 Y153.1140 Z12.1616 E0.5532
G1 X149.9508 Y152.2194 Z12.1652 E0.5532
G1 X150.9552 Y151.2817 Z12.1687 E0.5533
G1 X151.9196 Y150.3027 Z12.1723 E0.5534
G1 X152.8422 Y149.2841 Z12.1758 E0.5534
G1 X153.7215 Y148.2276 Z12.1794 E0.5535
G1 X154.5558 Y147.1350 Z12.1829 E0.5536
G1 X155.3438 Y146.0084 Z12.1865 E0.5536
G1 X156.0840 Y144.8496 Z12.19 E0.5537
G1 X156.7751 Y143.6606 Z12.1936 E0.5538
G1 X157.4159 Y142.4436 Z12.1971 E0.5539
G1 X158.0052 Y141.2007 Z12.2007 E0.5539
G1 X158.5421 Y139.9341 Z12.2042 E0.554
G1 X159.0254 Y138.6459 Z12.2078 E0.5541
G1 X159.4545 Y137.3384 Z12.2113 E0.5541
G1 X159.8285 Y136.0140 Z12.2149 E0.5542
G1 X160.1467 Y134.6749 Z12.2184 E0.5543
G1 X160.4087 Y133.3235 Z12.222 E0.5543
G1 X160.6138 Y131.9621 Z12.2255 E0.5544
G1 X160.7617 Y130.5932 Z12.2291 E0.5545
G1 X160.8522 Y129.2191 Z12.2326 E0.5545
G1 X160.8851 Y127.8422 Z12.2362 E0.5546
G1 X160.8602 Y126.4650 Z12.2398 E0.5547
G1 X160.7777 Y125.0899 Z12.2434 E0.5547
G1 X160.6376 Y123.7193 Z12.247 E0.5548
G1 X160.4403 Y122.3556 Z12.2507 E0.5549
G1 X160.1860 Y121.0012 Z12.2543 E0.5549
G1 X159.8751 Y119.6585 Z12.2579 E0.555
G1 X159.5082 Y118.3298 Z12.2616 E0.5551
G1 X159.0860 Y117.0174 Z12.2652 E0.5551
G1 X158.6092 Y115.7238 Z12.2688 E0.5552
G1 X158.0785 Y114.4511 Z12.2724 E0.5553
G1 X157.4949 Y113.2016 Z12.2761 E0.5553
G1 X156.8594 Y111.9774 Z12.2797 E0.5554
G1 X156.1731 Y110.7809 Z12.2833 E0.5555
G1 X155.4373 Y109.6139 Z12.287 E0.5555
G1 X154.6531 Y108.4787 Z12.2906 E0.5556
G1 X153.8220 Y107.3771 Z12.2942 E0.5557
G1 X152.9454 Y106.3112 Z12.2978 E0.5557
G1 X152.0248 Y105.2829 Z12.3015 E0.5558
G1 X151.0618 Y104.2938 Z12.3051 E0.5559
G1 X150.0581 Y103.3459 Z12.3087 E0.5559
G1 X149.0155 Y102.4407 Z12.3124 E0.556
G1 X147.9358 Y101.5798 Z12.316 E0.5561
G1 X146.8208 Y100.7648 Z12.3196 E0.5561
G1 X145.6725 Y99.9971 Z12.3232 E0.5562
G1 X144.4930 Y99.2781 Z12.3269 E0.5563
G1 X143.2842 Y98.6091 Z12.3305 E0.5563
G1 X142.0483 Y97.9912 Z12.3341 E0.5564
G1 X140.7875 Y97.4255 Z12.3378 E0.5565
G1 X139.5040 Y96.9130 Z12.3414 E0.5565
G1 X138.1999 Y96.4547 Z12.345 E0.5566
G1 X136.8777 Y96.0513 Z12.3487 E0.5567
G1 X135.5395 Y95.7036 Z12.3523 E0.5567
G1 X134.1879 Y95.4122 Z12.3559 E0.5568
G1 X132.8250 Y95.1777 Z12.3595 E0.5569
G1 X131.4533 Y95.0004 Z12.3632 E0.5569
G1 X130.0753 Y94.8807 Z12.3668 E0.557
G1 X128.6932 Y94.8188 Z12.3704 E0.5571
G1 X127.3097 Y94.8148 Z12.3741 E0.5571
G1 X125.9270 Y94.8688 Z12.3777 E0.5572
G1 X124.5476 Y94.9807 Z12.3813 E0.5573
G1 X123.1740 Y95.1502 Z12.3849 E0.5573
G1 X121.8085 Y95.3771 Z12.3886 E0.5574
G1 X120.4535 Y95.6611 Z12.3922 E0.5575
G1 X119.1114 Y96.0015 Z12.3958 E0.5575
G1 X117.7847 Y96.3980 Z12.3995 E0.5576
G1 X116.4755 Y96.8497 Z12.4031 E0.5577
G1 X115.1862 Y97.3558 Z12.4067 E0.5577
G1 X113.9191 Y97.9156 Z12.4103 E0.5578
G1 X112.6765 Y98.5281 Z12.414 E0.5579
G1 X111.4604 Y99.1921 Z12.4176 E0.5579
G1 X110.2730 Y99.9065 Z12.4212 E0.558
G1 X109.1165 Y100.6702 Z12.4249 E0.5581
G1 X107.9928 Y101.4817 Z12.4285 E0.5581
G1 X106.9039 Y102.3396 Z12.4321 E0.5582
G1 X105.8518 Y103.2425 Z12.4357 E0.5583
G1 X104.8384 Y104.1888 Z12.4394 E0.5583
G1 X103.8653 Y105.1768 Z12.443 E0.5584
G1 X102.9343 Y106.2048 Z12.4466 E0.5585
G1 X102.0471 Y107.2710 Z12.4503 E0.5585
G1 X101.2052 Y108.3736 Z12.4539 E0.5586
G1 X100.4102 Y109.5106 Z12.4575 E0.5587
G1 X99.6633 Y110.6800 Z12.4612 E0.5587
G1 X98.9660 Y111.8798 Z12.4648 E0.5588
G1 X98.3195 Y113.1079 Z12.4684 E0.5589
G1 X97.7249 Y114.3622 Z12.472 E0.5589
G1 X97.1833 Y115.6404 Z12.4757 E0.559
G1 X96.6956 Y116.9403 Z12.4793 E0.5591
G1 X96.2627 Y118.2597 Z12.4829 E0.5591
G1 X95.8854 Y119.5962 Z12.4866 E0.5592
G1 X95.5644 Y120.9475 Z12.4902 E0.5593
G1 X95.3002 Y122.3112 Z12.4938 E0.5593
G1 X95.0934 Y123.6849 Z12.4974 E0.5594
G1 X94.9442 Y125.0663 Z12.5011 E0.5595
G1 X94.8530 Y126.4529 Z12.5047 E0.5595
G1 X94.8199 Y127.8422 Z12.5083 E0.5596
G1 X94.8450 Y129.2319 Z12.5119 E0.5597
G1 X94.9283 Y130.6194 Z12.5156 E0.5597
G1 X95.0697 Y132.0025 Z12.5192 E0.5598
G1 X95.2689 Y133.3785 Z12.5228 E0.5599
G1 X95.5255 Y134.7452 Z12.5265 E0.5599
G1 X95.8392 Y136.1001 Z12.5301 E0.56
G1 X96.2095 Y137.4408 Z12.5337 E0.5601
G1 X96.6355 Y138.7650 Z12.5373 E0.5601
G1 X97.1168 Y140.0703 Z12.541 E0.5602
G1 X97.6523 Y141.3545 Z12.5446 E0.5603
G1 X98.2412 Y142.6154 Z12.5482 E0.5603
G1 X98.8824 Y143.8505 Z12.5519 E0.5604
G1 X99.5749 Y145.0579 Z12.5555 E0.5605
G1 X100.3175 Y146.2354 Z12.5591 E0.5605
G1 X101.1088 Y147.3809 Z12.5627 E0.5606
G1 X101.9475 Y148.4924 Z12.5664 E0.5607
G1 X102.8320 Y149.5679 Z12.57 E0.5608
G1 X103.7610 Y150.6056 Z12.5736 E0.5608
G1 X104.7327 Y151.6035 Z12.5773 E0.5609
G1 X105.7455 Y152.5600 Z12.5809 E0.5609
G1 X106.7975 Y153.4734 Z12.5845 E0.561
G1 X107.8871 Y154.3420 Z12.5881 E0.5611
G1 X109.0121 Y155.1643 Z12.5918 E0.5612
G1 X110.1708 Y155.9389 Z12.5954 E0.5612
G1 X111.3610 Y156.6644 Z12.599 E0.5613
G1 X112.5807 Y157.3394 Z12.6026 E0.5613
G1 X113.8278 Y157.9629 Z12.6063 E0.5614
G1 X115.1000 Y158.5337 Z12.6099 E0.5615
G1 X116.3952 Y159.0508 Z12.6135 E0.5616
G1 X117.7110 Y159.5132 Z12.6172 E0.5616
G1 X119.0452 Y159.9202 Z12.6208 E0.5617
G1 X120.3954 Y160.2709 Z12.6244 E0.5618
G1 X121.7593 Y160.5649 Z12.628 E0.5618
G1 X123.1345 Y160.8015 Z12.6317 E0.5619
G1 X124.5186 Y160.9804 Z12.6353 E0.562
G1 X125.9090 Y161.1011 Z12.6389 E0.562
G1 X127.3035 Y161.1636 Z12.6425 E0.5621
G1 X128.6996 Y161.1675 Z12.6462 E0.5622
G1 X130.0947 Y161.1130 Z12.6498 E0.5622
G1 X131.4865 Y161.0001 Z12.6534 E0.5623
G1 X132.8726 Y160.8290 Z12.6571 E0.5624
G1 X134.2504 Y160.6000 Z12.6607 E0.5624
G1 X135.6176 Y160.3135 Z12.6643 E0.5625
G1 X136.9717 Y159.9699 Z12.6679 E0.5626
G1 X138.3105 Y159.5699 Z12.6716 E0.5626
G1 X139.6314 Y159.1141 Z12.6752 E0.5627
G1 X140.9323 Y158.6033 Z12.6788 E0.5628
G1 X142.2108 Y158.0384 Z12.6824 E0.5628
G1 X143.4646 Y157.4204 Z12.6861 E0.5629
G1 X144.6917 Y156.7504 Z12.6897 E0.563
G1 X145.8897 Y156.0295 Z12.6933 E0.563
G1 X147.0566 Y155.2589 Z12.697 E0.5631
G1 X148.1904 Y154.4401 Z12.7006 E0.5632
G1 X149.2891 Y153.5744 Z12.7042 E0.5632
G1 X150.3506 Y152.6634 Z12.7078 E0.5633
G1 X151.3732 Y151.7086 Z12.7115 E0.5634
G1 X152.3550 Y150.7116 Z12.7151 E0.5634
G1 X153.2943 Y149.6744 Z12.7187 E0.5635
G1 X154.1895 Y148.5985 Z12.7223 E0.5636
G1 X155.0389 Y147.4860 Z12.726 E0.5636
G1 X155.8411 Y146.3388 Z12.7296 E0.5637
G1 X156.5946 Y145.1588 Z12.7332 E0.5638
G1 X157.2982 Y143.9482 Z12.7369 E0.5638
G1 X157.9505 Y142.7090 Z12.7405 E0.5639
G1 X158.5504 Y141.4434 Z12.7441 E0.564
G1 X159.0969 Y140.1537 Z12.7477 E0.5641
G1 X159.5889 Y138.8421 Z12.7514 E0.5641
G1 X160.0256 Y137.5109 Z12.755 E0.5642
G1 X160.4063 Y136.1623 Z12.7586 E0.5643
G1 X160.7301 Y134.7989 Z12.7623 E0.5643
G1 X160.9966 Y133.4229 Z12.7659 E0.5644
G1 X161.2054 Y132.0368 Z12.7695 E0.5645
G1 X161.3558 Y130.6430 Z12.7731 E0.5645
G1 X161.4478 Y129.2440 Z12.7768 E0.5646
G1 X161.4812 Y127.8422 Z12.7804 E0.5647
G1 X161.4557 Y126.4401 Z12.7841 E0.5647
G1 X161.3715 Y125.0400 Z12.7878 E0.5648
G1 X161.2288 Y123.6446 Z12.7915 E0.5649
G1 X161.0277 Y122.2562 Z12.7952 E0.5649
G1 X160.7686 Y120.8773 Z12.7989 E0.565
G1 X160.4520 Y119.5103 Z12.8026 E0.5651
G1 X160.0784 Y118.1576 Z12.8064 E0.5651
G1 X159.6484 Y116.8216 Z12.8101 E0.5652
G1 X159.1627 Y115.5046 Z12.8138 E0.5652
G1 X158.6223 Y114.2089 Z12.8175 E0.5653
G1 X158.0281 Y112.9369 Z12.8212 E0.5654
G1 X157.3810 Y111.6907 Z12.8249 E0.5654
G1 X156.6822 Y110.4726 Z12.8286 E0.5655
G1 X155.9329 Y109.2846 Z12.8323 E0.5656
G1 X155.1344 Y108.1290 Z12.836 E0.5656
G1 X154.2882 Y107.0076 Z12.8397 E0.5657
G1 X153.3956 Y105.9226 Z12.8434 E0.5658
G1 X152.4583 Y104.8757 Z12.8472 E0.5658
G1 X151.4778 Y103.8690 Z12.8509 E0.5659
G1 X150.4560 Y102.9040 Z12.8546 E0.566
G1 X149.3944 Y101.9826 Z12.8583 E0.566
G1 X148.2951 Y101.1063 Z12.862 E0.5661
G1 X147.1600 Y100.2768 Z12.8657 E0.5662
G1 X145.9909 Y99.4954 Z12.8694 E0.5662
G1 X144.7901 Y98.7635 Z12.8731 E0.5663
G1 X143.5595 Y98.0826 Z12.8768 E0.5664
G1 X142.3013 Y97.4536 Z12.8805 E0.5664
G1 X141.0177 Y96.8779 Z12.8843 E0.5665
G1 X139.7110 Y96.3563 Z12.888 E0.5665
G1 X138.3834 Y95.8899 Z12.8917 E0.5666
G1 X137.0374 Y95.4794 Z12.8954 E0.5667
G1 X135.6751 Y95.1256 Z12.8991 E0.5667
G1 X134.2991 Y94.8292 Z12.9028 E0.5668
G1 X132.9117 Y94.5906 Z12.9065 E0.5669
G1 X131.5153 Y94.4102 Z12.9102 E0.5669
G1 X130.1125 Y94.2885 Z12.9139 E0.567
G1 X128.7057 Y94.2257 Z12.9176 E0.5671
G1 X127.2973 Y94.2218 Z12.9214 E0.5671
G1 X125.8898 Y94.2768 Z12.9251 E0.5672
G1 X124.4856 Y94.3908 Z12.9288 E0.5673
G1 X123.0873 Y94.5636 Z12.9325 E0.5673
G1 X121.6974 Y94.7947 Z12.9362 E0.5674
G1 X120.3181 Y95.0839 Z12.9399 E0.5675
G1 X118.9520 Y95.4306 Z12.9436 E0.5675
G1 X117.6015 Y95.8343 Z12.9473 E0.5676
G1 X116.2689 Y96.2942 Z12.951 E0.5677
G1 X114.9566 Y96.8096 Z12.9547 E0.5677
G1 X113.6669 Y97.3796 Z12.9584 E0.5678
G1 X112.4020 Y98.0031 Z12.9622 E0.5679
G1 X111.1642 Y98.6791 Z12.9659 E0.5679
G1 X109.9557 Y99.4065 Z12.9696 E0.568
G1 X108.7785 Y100.1839 Z12.9733 E0.5681
G1 X107.6348 Y101.0100 Z12.977 E0.5681
G1 X106.5266 Y101.8835 Z12.9807 E0.5682
G1 X105.4558 Y102.8026 Z12.9844 E0.5682
G1 X104.4243 Y103.7659 Z12.9881 E0.5683
G1 X103.4339 Y104.7717 Z12.9918 E0.5684
G1 X102.4864 Y105.8181 Z12.9955 E0.5684
G1 X101.5834 Y106.9035 Z12.9993 E0.5685
G1 X100.7266 Y108.0258 Z13.003 E0.5686
G1 X99.9175 Y109.1832 Z13.0067 E0.5686
G1 X99.1574 Y110.3736 Z13.0104 E0.5687
G1 X98.4478 Y111.5949 Z13.0141 E0.5688
G1 X97.7899 Y112.8450 Z13.0178 E0.5688
G1 X97.1848 Y114.1217 Z13.0215 E0.5689
G1 X96.6336 Y115.4228 Z13.0252 E0.569
G1 X96.1374 Y116.7459 Z13.0289 E0.569
G1 X95.6970 Y118.0889 Z13.0326 E0.5691
G1 X95.3131 Y119.4492 Z13.0363 E0.5692
G1 X94.9865 Y120.8246 Z13.0401 E0.5692
G1 X94.7178 Y122.2127 Z13.0438 E0.5693
G1 X94.5073 Y123.6109 Z13.0475 E0.5694
G1 X94.3556 Y125.0169 Z13.0512 E0.5694
G1 X94.2630 Y126.4281 Z13.0549 E0.5695
G1 X94.2294 Y127.8422 Z13.0586 E0.5696
G1 X94.2552 Y129.2566 Z13.0623 E0.5696
G1 X94.3401 Y130.6688 Z13.066 E0.5697
G1 X94.4841 Y132.0764 Z13.0697 E0.5698
G1 X94.6870 Y133.4769 Z13.0734 E0.5698
G1 X94.9484 Y134.8679 Z13.0771 E0.5699
G1 X95.2678 Y136.2468 Z13.0808 E0.57
G1 X95.6447 Y137.6113 Z13.0846 E0.57
G1 X96.0785 Y138.9590 Z13.0883 E0.5701
G1 X96.5684 Y140.2874 Z13.092 E0.5702
G1 X97.1136 Y141.5944 Z13.0957 E0.5702
G1 X97.7130 Y142.8775 Z13.0994 E0.5703
G1 X98.3658 Y144.1346 Z13.1031 E0.5703
G1 X99.0707 Y145.3633 Z13.1068 E0.5704
G1 X99.8266 Y146.5616 Z13.1105 E0.5705
G1 X100.6320 Y147.7273 Z13.1142 E0.5705
G1 X101.4857 Y148.8584 Z13.1179 E0.5706
G1 X102.3860 Y149.9529 Z13.1216 E0.5707
G1 X103.3316 Y151.0088 Z13.1254 E0.5708
G1 X104.3206 Y152.0244 Z13.1291 E0.5708
G1 X105.3514 Y152.9977 Z13.1328 E0.5709
G1 X106.4222 Y153.9271 Z13.1365 E0.5709
G1 X107.5311 Y154.8110 Z13.1402 E0.571
G1 X108.6761 Y155.6477 Z13.1439 E0.5711
G1 X109.8554 Y156.4359 Z13.1476 E0.5711
G1 X111.0667 Y157.1741 Z13.1513 E0.5712
G1 X112.3081 Y157.8610 Z13.155 E0.5713
G1 X113.5772 Y158.4953 Z13.1587 E0.5713
G1 X114.8720 Y159.0761 Z13.1624 E0.5714
G1 X116.1901 Y159.6021 Z13.1661 E0.5715
G1 X117.5292 Y160.0726 Z13.1698 E0.5715
G1 X118.8870 Y160.4866 Z13.1736 E0.5716
G1 X120.2611 Y160.8434 Z13.1773 E0.5717
G1 X121.6491 Y161.1425 Z13.181 E0.5717
G1 X123.0486 Y161.3831 Z13.1847 E0.5718
G1 X124.4571 Y161.5650 Z13.1884 E0.5719
G1 X125.8721 Y161.6877 Z13.1921 E0.5719
G1 X127.2912 Y161.7511 Z13.1958 E0.572
G1 X128.7119 Y161.7550 Z13.1995 E0.5721
G1 X130.1316 Y161.6994 Z13.2032 E0.5721
G1 X131.5479 Y161.5844 Z13.2069 E0.5722
G1 X132.9584 Y161.4101 Z13.2106 E0.5723
G1 X134.3604 Y161.1769 Z13.2143 E0.5723
G1 X135.7517 Y160.8852 Z13.218 E0.5724
G1 X137.1296 Y160.5354 Z13.2218 E0.5725
G1 X138.4919 Y160.1282 Z13.2255 E0.5725
G1 X139.8360 Y159.6643 Z13.2292 E0.5726
G1 X141.1597 Y159.1444 Z13.2329 E0.5727
G1 X142.4606 Y158.5694 Z13.2366 E0.5727
G1 X143.7365 Y157.9404 Z13.2403 E0.5728
G1 X144.9850 Y157.2585 Z13.244 E0.5729
G1 X146.2040 Y156.5248 Z13.2477 E0.5729
G1 X147.3914 Y155.7406 Z13.2514 E0.573
G1 X148.5450 Y154.9073 Z13.2551 E0.5731
G1 X149.6628 Y154.0263 Z13.2588 E0.5731
G1 X150.7429 Y153.0991 Z13.2625 E0.5732
G1 X151.7834 Y152.1274 Z13.2663 E0.5733
G1 X152.7823 Y151.1129 Z13.27 E0.5733
G1 X153.7380 Y150.0573 Z13.2737 E0.5734
G1 X154.6487 Y148.9625 Z13.2774 E0.5735
G1 X155.5129 Y147.8304 Z13.2811 E0.5735
G1 X156.3291 Y146.6630 Z13.2848 E0.5736
G1 X157.0957 Y145.4623 Z13.2885 E0.5737
G1 X157.8114 Y144.2304 Z13.2922 E0.5737
G1 X158.4751 Y142.9694 Z13.2959 E0.5738
G1 X159.0853 Y141.6816 Z13.2996 E0.5739
G1 X159.6412 Y140.3693 Z13.3033 E0.5739
G1 X160.1417 Y139.0346 Z13.307 E0.574
G1 X160.5860 Y137.6800 Z13.3108 E0.5741
G1 X160.9731 Y136.3079 Z13.3145 E0.5741
G1 X161.3025 Y134.9206 Z13.3182 E0.5742
G1 X161.5736 Y133.5205 Z13.3219 E0.5743
G1 X161.7858 Y132.1101 Z13.3256 E0.5743
G1 X161.9388 Y130.6920 Z13.3293 E0.5744
G1 X162.0322 Y129.2685 Z13.333 E0.5745
G1 X162.0660 Y127.8422 Z13.3367 E0.5745
G1 X162.0399 Y126.4156 Z13.3405 E0.5746
G1 X161.9541 Y124.9911 Z13.3443 E0.5747
G1 X161.8087 Y123.5714 Z13.3481 E0.5747
G1 X161.6040 Y122.1588 Z13.3519 E0.5748
G1 X161.3403 Y120.7558 Z13.3557 E0.5748
G1 X161.0180 Y119.3650 Z13.3595 E0.5749
G1 X160.6377 Y117.9888 Z13.3633 E0.575
G1 X160.2000 Y116.6295 Z13.3671 E0.575
G1 X159.7058 Y115.2896 Z13.3708 E0.5751
G1 X159.1558 Y113.9714 Z13.3746 E0.5752
G1 X158.5511 Y112.6773 Z13.3784 E0.5752
G1 X157.8926 Y111.4094 Z13.3822 E0.5753
G1 X157.1815 Y110.1702 Z13.386 E0.5754
G1 X156.4191 Y108.9616 Z13.3898 E0.5754
G1 X155.6066 Y107.7859 Z13.3936 E0.5755
G1 X154.7455 Y106.6452 Z13.3974 E0.5755
G1 X153.8373 Y105.5414 Z13.4012 E0.5756
G1 X152.8835 Y104.4764 Z13.405 E0.5757
G1 X151.8859 Y103.4522 Z13.4088 E0.5757
G1 X150.8462 Y102.4706 Z13.4126 E0.5758
G1 X149.7661 Y101.5333 Z13.4164 E0.5759
G1 X148.6476 Y100.6419 Z13.4202 E0.5759
G1 X147.4927 Y99.7981 Z13.4239 E0.576
G1 X146.3033 Y99.0033 Z13.4277 E0.5761
G1 X145.0815 Y98.2588 Z13.4315 E0.5761
G1 X143.8294 Y97.5662 Z13.4353 E0.5762
G1 X142.5493 Y96.9265 Z13.4391 E0.5762
G1 X141.2435 Y96.3409 Z13.4429 E0.5763
G1 X139.9140 Y95.8104 Z13.4467 E0.5764
G1 X138.5634 Y95.3360 Z13.4505 E0.5764
G1 X137.1939 Y94.9186 Z13.4543 E0.5765
G1 X135.8081 Y94.5588 Z13.4581 E0.5766
G1 X134.4082 Y94.2573 Z13.4619 E0.5766
G1 X132.9967 Y94.0148 Z13.4657 E0.5767
G1 X131.5762 Y93.8314 Z13.4695 E0.5768
G1 X130.1491 Y93.7078 Z13.4733 E0.5768
G1 X128.7179 Y93.6440 Z13.4771 E0.5769
G1 X127.2851 Y93.6402 Z13.4808 E0.5769
G1 X125.8532 Y93.6963 Z13.4846 E0.577
G1 X124.4248 Y93.8125 Z13.4884 E0.5771
G1 X123.0024 Y93.9883 Z13.4922 E0.5771
G1 X121.5884 Y94.2236 Z13.496 E0.5772
G1 X120.1854 Y94.5179 Z13.4998 E0.5773
G1 X118.7957 Y94.8708 Z13.5036 E0.5773
G1 X117.4219 Y95.2816 Z13.5074 E0.5774
G1 X116.0664 Y95.7496 Z13.5112 E0.5775
G1 X114.7315 Y96.2740 Z13.515 E0.5775
G1 X113.4195 Y96.8539 Z13.5188 E0.5776
G1 X112.1329 Y97.4884 Z13.5226 E0.5777
G1 X110.8738 Y98.1762 Z13.5264 E0.5777
G1 X109.6445 Y98.9162 Z13.5302 E0.5778
G1 X108.4472 Y99.7072 Z13.534 E0.5778
G1 X107.2838 Y100.5477 Z13.5377 E0.5779
G1 X106.1566 Y101.4362 Z13.5415 E0.578
G1 X105.0674 Y102.3713 Z13.5453 E0.578
G1 X104.0183 Y103.3513 Z13.5491 E0.5781
G1 X103.0110 Y104.3745 Z13.5529 E0.5782
G1 X102.0473 Y105.4391 Z13.5567 E0.5782
G1 X101.1289 Y106.5432 Z13.5605 E0.5783
G1 X100.2575 Y107.6850 Z13.5643 E0.5784
G1 X99.4345 Y108.8623 Z13.5681 E0.5784
G1 X98.6615 Y110.0733 Z13.5719 E0.5785
G1 X97.9398 Y111.3156 Z13.5757 E0.5785
G1 X97.2707 Y112.5873 Z13.5795 E0.5786
G1 X96.6554 Y113.8860 Z13.5833 E0.5787
G1 X96.0949 Y115.2095 Z13.5871 E0.5787
G1 X95.5903 Y116.5554 Z13.5908 E0.5788
G1 X95.1424 Y117.9215 Z13.5946 E0.5789
G1 X94.7521 Y119.3052 Z13.5984 E0.5789
G1 X94.4200 Y120.7042 Z13.6022 E0.579
G1 X94.1468 Y122.1161 Z13.606 E0.5791
G1 X93.9329 Y123.5383 Z13.6098 E0.5791
G1 X93.7788 Y124.9684 Z13.6136 E0.5792
G1 X93.6847 Y126.4039 Z13.6174 E0.5793
G1 X93.6507 Y127.8422 Z13.6212 E0.5793
G1 X93.6770 Y129.2808 Z13.625 E0.5794
G1 X93.7636 Y130.7172 Z13.6288 E0.5794
G1 X93.9102 Y132.1489 Z13.6326 E0.5795
G1 X94.1167 Y133.5734 Z13.6364 E0.5796
G1 X94.3827 Y134.9881 Z13.6401 E0.5796
G1 X94.7077 Y136.3906 Z13.6439 E0.5797
G1 X95.0912 Y137.7784 Z13.6477 E0.5798
G1 X95.5326 Y139.1491 Z13.6515 E0.5798
G1 X96.0310 Y140.5002 Z13.6553 E0.5799
G1 X96.5856 Y141.8294 Z13.6591 E0.58
G1 X97.1955 Y143.1344 Z13.6629 E0.58
G1 X97.8595 Y144.4129 Z13.6667 E0.5801
G1 X98.5766 Y145.6625 Z13.6705 E0.5802
G1 X99.3455 Y146.8812 Z13.6743 E0.5802
G1 X100.1648 Y148.0667 Z13.6781 E0.5803
G1 X101.0332 Y149.2171 Z13.6819 E0.5803
G1 X101.9490 Y150.3301 Z13.6857 E0.5804
G1 X102.9108 Y151.4040 Z13.6894 E0.5805
G1 X103.9168 Y152.4367 Z13.6932 E0.5805
G1 X104.9653 Y153.4265 Z13.697 E0.5806
G1 X106.0544 Y154.3717 Z13.7008 E0.5807
G1 X107.1823 Y155.2705 Z13.7046 E0.5807
G1 X108.3469 Y156.1214 Z13.7084 E0.5808
G1 X109.5463 Y156.9229 Z13.7122 E0.5809
G1 X110.7784 Y157.6735 Z13.716 E0.5809
G1 X112.0409 Y158.3719 Z13.7198 E0.581
G1 X113.3318 Y159.0170 Z13.7236 E0.5811
G1 X114.6486 Y159.6075 Z13.7274 E0.5811
G1 X115.9892 Y160.1423 Z13.7312 E0.5812
G1 X117.3511 Y160.6207 Z13.7349 E0.5812
G1 X118.7321 Y161.0416 Z13.7387 E0.5813
G1 X120.1296 Y161.4043 Z13.7425 E0.5814
G1 X121.5412 Y161.7083 Z13.7463 E0.5814
G1 X122.9645 Y161.9529 Z13.7501 E0.5815
G1 X124.3969 Y162.1377 Z13.7539 E0.5816
G1 X125.8360 Y162.2624 Z13.7577 E0.5816
G1 X127.2792 Y162.3267 Z13.7615 E0.5817
G1 X128.7239 Y162.3305 Z13.7653 E0.5818
G1 X130.1678 Y162.2738 Z13.7691 E0.5818
G1 X131.6081 Y162.1567 Z13.7729 E0.5819
G1 X133.0424 Y161.9793 Z13.7766 E0.582
G1 X134.4683 Y161.7420 Z13.7804 E0.582
G1 X135.8830 Y161.4452 Z13.7842 E0.5821
G1 X137.2843 Y161.0894 Z13.788 E0.5822
G1 X138.6696 Y160.6751 Z13.7918 E0.5822
G1 X140.0364 Y160.2032 Z13.7956 E0.5823
G1 X141.3825 Y159.6743 Z13.7994 E0.5824
G1 X142.7054 Y159.0895 Z13.8032 E0.5824
G1 X144.0028 Y158.4498 Z13.807 E0.5825
G1 X145.2723 Y157.7562 Z13.8108 E0.5825
G1 X146.5119 Y157.0099 Z13.8146 E0.5826
G1 X147.7193 Y156.2123 Z13.8184 E0.5827
G1 X148.8923 Y155.3648 Z13.8221 E0.5827
G1 X150.0289 Y154.4688 Z13.8259 E0.5828
G1 X151.1272 Y153.5258 Z13.8297 E0.5829
G1 X152.1851 Y152.5376 Z13.8335 E0.5829
G1 X153.2008 Y151.5059 Z13.8373 E0.583
G1 X154.1725 Y150.4324 Z13.8411 E0.5831
G1 X155.0985 Y149.3190 Z13.8449 E0.5831
G1 X155.9772 Y148.1677 Z13.8487 E0.5832
G1 X156.8070 Y146.9805 Z13.8525 E0.5833
G1 X157.5864 Y145.7594 Z13.8563 E0.5833
G1 X158.3141 Y144.5067 Z13.8601 E0.5834
G1 X158.9887 Y143.2244 Z13.8639 E0.5835
G1 X159.6092 Y141.9148 Z13.8676 E0.5835
G1 X160.1743 Y140.5803 Z13.8714 E0.5836
G1 X160.6831 Y139.2231 Z13.8752 E0.5837
G1 X161.1347 Y137.8457 Z13.879 E0.5837
G1 X161.5282 Y136.4504 Z13.8828 E0.5838
G1 X161.8630 Y135.0397 Z13.8866 E0.5838
G1 X162.1385 Y133.6160 Z13.8904 E0.5839
G1 X162.3541 Y132.1819 Z13.8942 E0.584
G1 X162.5095 Y130.7399 Z13.898 E0.584
G1 X162.6044 Y129.2925 Z13.9018 E0.5841
G1 X162.6386 Y127.8422 Z13.9056 E0.5842
G1 X162.6119 Y126.3916 Z13.9095 E0.5842
G1 X162.5246 Y124.9432 Z13.9133 E0.5843
G1 X162.3766 Y123.4996 Z13.9172 E0.5844
G1 X162.1682 Y122.0633 Z13.9211 E0.5844
G1 X161.8999 Y120.6369 Z13.925 E0.5845
G1 X161.5721 Y119.2227 Z13.9288 E0.5845
G1 X161.1853 Y117.8234 Z13.9327 E0.5846
G1 X160.7401 Y116.4414 Z13.9366 E0.5847
G1 X160.2375 Y115.0791 Z13.9405 E0.5847
G1 X159.6781 Y113.7389 Z13.9444 E0.5848
G1 X159.0631 Y112.4231 Z13.9482 E0.5849
G1 X158.3934 Y111.1341 Z13.9521 E0.5849
G1 X157.6703 Y109.8741 Z13.956 E0.585
G1 X156.8950 Y108.6454 Z13.9599 E0.585
G1 X156.0688 Y107.4501 Z13.9638 E0.5851
G1 X155.1931 Y106.2904 Z13.9676 E0.5852
G1 X154.2696 Y105.1682 Z13.9715 E0.5852
G1 X153.2998 Y104.0855 Z13.9754 E0.5853
G1 X152.2854 Y103.0443 Z13.9793 E0.5854
G1 X151.2282 Y102.0464 Z13.9832 E0.5854
G1 X150.1299 Y101.0935 Z13.987 E0.5855
G1 X148.9927 Y100.1874 Z13.9909 E0.5855
G1 X147.8183 Y99.3296 Z13.9948 E0.5856
G1 X146.6090 Y98.5216 Z13.9987 E0.5857
G1 X145.3667 Y97.7649 Z14.0026 E0.5857
G1 X144.0937 Y97.0608 Z14.0064 E0.5858
G1 X142.7921 Y96.4105 Z14.0103 E0.5859
G1 X141.4644 Y95.8153 Z14.0142 E0.5859
G1 X140.1127 Y95.2761 Z14.0181 E0.586
G1 X138.7395 Y94.7940 Z14.022 E0.586
G1 X137.3472 Y94.3697 Z14.0258 E0.5861
G1 X135.9382 Y94.0041 Z14.0297 E0.5862
G1 X134.5149 Y93.6977 Z14.0336 E0.5862
G1 X133.0799 Y93.4513 Z14.0375 E0.5863
G1 X131.6357 Y93.2651 Z14.0414 E0.5864
G1 X130.1848 Y93.1395 Z14.0452 E0.5864
G1 X128.7298 Y93.0748 Z14.0491 E0.5865
G1 X127.2732 Y93.0710 Z14.053 E0.5865
G1 X125.8175 Y93.1283 Z14.0569 E0.5866
G1 X124.3654 Y93.2465 Z14.0608 E0.5867
G1 X122.9193 Y93.4254 Z14.0646 E0.5867
G1 X121.4818 Y93.6648 Z14.0685 E0.5868
G1 X120.0555 Y93.9641 Z14.0724 E0.5868
G1 X118.6428 Y94.3230 Z14.0763 E0.5869
G1 X117.2462 Y94.7408 Z14.0802 E0.587
G1 X115.8682 Y95.2167 Z14.0841 E0.587
G1 X114.5112 Y95.7500 Z14.0879 E0.5871
G1 X113.1775 Y96.3397 Z14.0918 E0.5872
G1 X111.8696 Y96.9848 Z14.0957 E0.5872
G1 X110.5897 Y97.6841 Z14.0996 E0.5873
G1 X109.3401 Y98.4366 Z14.1035 E0.5873
G1 X108.1230 Y99.2408 Z14.1073 E0.5874
G1 X106.9405 Y100.0953 Z14.1112 E0.5875
G1 X105.7946 Y100.9987 Z14.1151 E0.5875
G1 X104.6875 Y101.9494 Z14.119 E0.5876
G1 X103.6211 Y102.9457 Z14.1229 E0.5877
G1 X102.5972 Y103.9860 Z14.1267 E0.5877
G1 X101.6177 Y105.0683 Z14.1306 E0.5878
G1 X100.6842 Y106.1908 Z14.1345 E0.5879
G1 X99.7985 Y107.3515 Z14.1384 E0.5879
G1 X98.9621 Y108.5484 Z14.1423 E0.588
G1 X98.1764 Y109.7795 Z14.1461 E0.588
G1 X97.4429 Y111.0425 Z14.15 E0.5881
G1 X96.7629 Y112.3352 Z14.1539 E0.5882
G1 X96.1375 Y113.6554 Z14.1578 E0.5882
G1 X95.5679 Y115.0008 Z14.1616 E0.5883
G1 X95.0551 Y116.3690 Z14.1655 E0.5884
G1 X94.6000 Y117.7577 Z14.1694 E0.5884
G1 X94.2034 Y119.1643 Z14.1733 E0.5885
G1 X93.8660 Y120.5865 Z14.1772 E0.5885
G1 X93.5884 Y122.0217 Z14.181 E0.5886
G1 X93.3712 Y123.4674 Z14.1849 E0.5887
G1 X93.2146 Y124.9211 Z14.1888 E0.5887
G1 X93.1191 Y126.3802 Z14.1927 E0.5888
G1 X93.0847 Y127.8422 Z14.1966 E0.5889
G1 X93.1116 Y129.3045 Z14.2004 E0.5889
G1 X93.1998 Y130.7646 Z14.2043 E0.589
G1 X93.3490 Y132.2198 Z14.2082 E0.589
G1 X93.5590 Y133.6677 Z14.2121 E0.5891
G1 X93.8295 Y135.1057 Z14.216 E0.5892
G1 X94.1600 Y136.5312 Z14.2198 E0.5892
G1 X94.5500 Y137.9418 Z14.2237 E0.5893
G1 X94.9988 Y139.3350 Z14.2276 E0.5894
G1 X95.5055 Y140.7083 Z14.2315 E0.5894
G1 X96.0694 Y142.0593 Z14.2354 E0.5895
G1 X96.6894 Y143.3857 Z14.2392 E0.5896
G1 X97.3645 Y144.6850 Z14.2431 E0.5896
G1 X98.0935 Y145.9551 Z14.247 E0.5897
G1 X98.8751 Y147.1937 Z14.2509 E0.5897
G1 X99.7080 Y148.3986 Z14.2548 E0.5898
G1 X100.5907 Y149.5677 Z14.2586 E0.5899
G1 X101.5217 Y150.6990 Z14.2625 E0.5899
G1 X102.4993 Y151.7903 Z14.2664 E0.59
G1 X103.5220 Y152.8399 Z14.2703 E0.5901
G1 X104.5877 Y153.8458 Z14.2741 E0.5901
G1 X105.6948 Y154.8064 Z14.278 E0.5902
G1 X106.8413 Y155.7198 Z14.2819 E0.5902
G1 X108.0251 Y156.5845 Z14.2858 E0.5903
G1 X109.2442 Y157.3990 Z14.2897 E0.5904
G1 X110.4965 Y158.1617 Z14.2935 E0.5904
G1 X111.7798 Y158.8715 Z14.2974 E0.5905
G1 X113.0918 Y159.5269 Z14.3013 E0.5906
G1 X114.4303 Y160.1269 Z14.3052 E0.5906
G1 X115.7928 Y160.6704 Z14.3091 E0.5907
G1 X117.1771 Y161.1564 Z14.3129 E0.5907
G1 X118.5806 Y161.5841 Z14.3168 E0.5908
G1 X120.0010 Y161.9526 Z14.3207 E0.5909
G1 X121.4357 Y162.2614 Z14.3246 E0.5909
G1 X122.8822 Y162.5098 Z14.3284 E0.591
G1 X124.3381 Y162.6975 Z14.3323 E0.5911
G1 X125.8006 Y162.8241 Z14.3362 E0.5911
G1 X127.2674 Y162.8893 Z14.3401 E0.5912
G1 X128.7357 Y162.8930 Z14.344 E0.5913
G1 X130.2031 Y162.8352 Z14.3478 E0.5913
G1 X131.6669 Y162.7160 Z14.3517 E0.5914
G1 X133.1246 Y162.5357 Z14.3556 E0.5914
G1 X134.5736 Y162.2943 Z14.3595 E0.5915
G1 X136.0114 Y161.9925 Z14.3633 E0.5916
G1 X137.4354 Y161.6308 Z14.3672 E0.5916
G1 X138.8432 Y161.2096 Z14.3711 E0.5917
G1 X140.2323 Y160.7298 Z14.375 E0.5918
G1 X141.6002 Y160.1923 Z14.3789 E0.5918
G1 X142.9446 Y159.5978 Z14.3827 E0.5919
G1 X144.2630 Y158.9475 Z14.3866 E0.592
G1 X145.5531 Y158.2425 Z14.3905 E0.592
G1 X146.8127 Y157.4840 Z14.3944 E0.5921
G1 X148.0397 Y156.6733 Z14.3983 E0.5922
G1 X149.2316 Y155.8119 Z14.4021 E0.5922
G1 X150.3866 Y154.9012 Z14.406 E0.5923
G1 X151.5026 Y153.9428 Z14.4099 E0.5923
G1 X152.5776 Y152.9385 Z14.4138 E0.5924
G1 X153.6097 Y151.8899 Z14.4176 E0.5925
G1 X154.5971 Y150.7989 Z14.4215 E0.5925
G1 X155.5380 Y149.6673 Z14.4254 E0.5926
G1 X156.4308 Y148.4973 Z14.4293 E0.5927
G1 X157.2739 Y147.2907 Z14.4332 E0.5927
G1 X158.0658 Y146.0498 Z14.437 E0.5928
G1 X158.8052 Y144.7767 Z14.4409 E0.5928
G1 X159.4906 Y143.4735 Z14.4448 E0.5929
G1 X160.1210 Y142.1427 Z14.4487 E0.593
G1 X160.6951 Y140.7865 Z14.4526 E0.593
G1 X161.2120 Y139.4073 Z14.4564 E0.5931
G1 X161.6708 Y138.0076 Z14.4603 E0.5932
G1 X162.0705 Y136.5896 Z14.4642 E0.5932
G1 X162.4106 Y135.1561 Z14.4681 E0.5933
G1 X162.6904 Y133.7094 Z14.472 E0.5934
G1 X162.9093 Y132.2521 Z14.4758 E0.5934
G1 X163.0671 Y130.7867 Z14.4797 E0.5935
G1 X163.1633 Y129.3159 Z14.4836 E0.5935
G1 X163.1980 Y127.8422 Z14.4875 E0.5936
G1 X163.1707 Y126.3682 Z14.4914 E0.5937
G1 X163.0818 Y124.8964 Z14.4954 E0.5937
G1 X162.9312 Y123.4295 Z14.4994 E0.5938
G1 X162.7194 Y121.9701 Z14.5033 E0.5939
G1 X162.4466 Y120.5207 Z14.5073 E0.5939
G1 X162.1133 Y119.0838 Z14.5113 E0.594
G1 X161.7201 Y117.6620 Z14.5153 E0.594
G1 X161.2676 Y116.2577 Z14.5192 E0.5941
G1 X160.7567 Y114.8735 Z14.5232 E0.5942
G1 X160.1883 Y113.5117 Z14.5272 E0.5942
G1 X159.5632 Y112.1749 Z14.5311 E0.5943
G1 X158.8826 Y110.8652 Z14.5351 E0.5943
G1 X158.1477 Y109.5850 Z14.5391 E0.5944
G1 X157.3597 Y108.3366 Z14.543 E0.5945
G1 X156.5201 Y107.1222 Z14.547 E0.5945
G1 X155.6303 Y105.9439 Z14.551 E0.5946
G1 X154.6918 Y104.8038 Z14.555 E0.5946
G1 X153.7063 Y103.7038 Z14.5589 E0.5947
G1 X152.6755 Y102.6460 Z14.5629 E0.5948
G1 X151.6011 Y101.6321 Z14.5669 E0.5948
G1 X150.4852 Y100.6641 Z14.5708 E0.5949
G1 X149.3296 Y99.7435 Z14.5748 E0.5949
G1 X148.1363 Y98.8721 Z14.5788 E0.595
G1 X146.9074 Y98.0512 Z14.5828 E0.5951
G1 X145.6451 Y97.2825 Z14.5867 E0.5951
G1 X144.3516 Y96.5673 Z14.5907 E0.5952
G1 X143.0292 Y95.9068 Z14.5947 E0.5952
G1 X141.6801 Y95.3021 Z14.5986 E0.5953
G1 X140.3067 Y94.7545 Z14.6026 E0.5954
G1 X138.9115 Y94.2647 Z14.6066 E0.5954
G1 X137.4968 Y93.8338 Z14.6105 E0.5955
G1 X136.0652 Y93.4625 Z14.6145 E0.5955
G1 X134.6191 Y93.1514 Z14.6185 E0.5956
G1 X133.1612 Y92.9011 Z14.6225 E0.5957
G1 X131.6938 Y92.7121 Z14.6264 E0.5957
G1 X130.2197 Y92.5847 Z14.6304 E0.5958
G1 X128.7414 Y92.5191 Z14.6344 E0.5958
G1 X127.2615 Y92.5155 Z14.6383 E0.5959
G1 X125.7826 Y92.5738 Z14.6423 E0.596
G1 X124.3073 Y92.6940 Z14.6463 E0.596
G1 X122.8381 Y92.8760 Z14.6502 E0.5961
G1 X121.3778 Y93.1193 Z14.6542 E0.5961
G1 X119.9287 Y93.4236 Z14.6582 E0.5962
G1 X118.4935 Y93.7883 Z14.6622 E0.5963
G1 X117.0747 Y94.2129 Z14.6661 E0.5963
G1 X115.6748 Y94.6966 Z14.6701 E0.5964
G1 X114.2962 Y95.2385 Z14.6741 E0.5964
G1 X112.9413 Y95.8377 Z14.678 E0.5965
G1 X111.6127 Y96.4932 Z14.682 E0.5966
G1 X110.3125 Y97.2039 Z14.686 E0.5966
G1 X109.0430 Y97.9684 Z14.69 E0.5967
G1 X107.8066 Y98.7856 Z14.6939 E0.5968
G1 X106.6054 Y99.6538 Z14.6979 E0.5968
G1 X105.4414 Y100.5717 Z14.7019 E0.5969
G1 X104.3168 Y101.5377 Z14.7058 E0.5969
G1 X103.2335 Y102.5500 Z14.7098 E0.597
G1 X102.1935 Y103.6068 Z14.7138 E0.5971
G1 X101.1985 Y104.7064 Z14.7177 E0.5971
G1 X100.2503 Y105.8469 Z14.7217 E0.5972
G1 X99.3507 Y107.0261 Z14.7257 E0.5972
G1 X98.5011 Y108.2421 Z14.7297 E0.5973
G1 X97.7031 Y109.4928 Z14.7336 E0.5974
G1 X96.9581 Y110.7759 Z14.7376 E0.5974
G1 X96.2674 Y112.0892 Z14.7416 E0.5975
G1 X95.6322 Y113.4305 Z14.7455 E0.5975
G1 X95.0538 Y114.7973 Z14.7495 E0.5976
G1 X94.5330 Y116.1872 Z14.7535 E0.5977
G1 X94.0708 Y117.5979 Z14.7574 E0.5977
G1 X93.6680 Y119.0269 Z14.7614 E0.5978
G1 X93.3255 Y120.4716 Z14.7654 E0.5979
G1 X93.0436 Y121.9295 Z14.7694 E0.5979
G1 X92.8231 Y123.3981 Z14.7733 E0.598
G1 X92.6643 Y124.8748 Z14.7773 E0.598
G1 X92.5674 Y126.3571 Z14.7813 E0.5981
G1 X92.5326 Y127.8422 Z14.7852 E0.5982
G1 X92.5601 Y129.3276 Z14.7892 E0.5982
G1 X92.6498 Y130.8108 Z14.7932 E0.5983
G1 X92.8015 Y132.2890 Z14.7971 E0.5983
G1 X93.0150 Y133.7597 Z14.8011 E0.5984
G1 X93.2899 Y135.2204 Z14.8051 E0.5985
G1 X93.6258 Y136.6684 Z14.8091 E0.5985
G1 X94.0221 Y138.1012 Z14.813 E0.5986
G1 X94.4781 Y139.5163 Z14.817 E0.5986
G1 X94.9930 Y140.9112 Z14.821 E0.5987
G1 X95.5659 Y142.2835 Z14.8249 E0.5988
G1 X96.1958 Y143.6307 Z14.8289 E0.5988
G1 X96.8817 Y144.9505 Z14.8329 E0.5989
G1 X97.6223 Y146.2405 Z14.8368 E0.599
G1 X98.4164 Y147.4985 Z14.8408 E0.599
G1 X99.2625 Y148.7223 Z14.8448 E0.5991
G1 X100.1592 Y149.9097 Z14.8487 E0.5991
G1 X101.1050 Y151.0587 Z14.8527 E0.5992
G1 X102.0981 Y152.1671 Z14.8567 E0.5993
G1 X103.1369 Y153.2331 Z14.8607 E0.5993
G1 X104.2196 Y154.2547 Z14.8646 E0.5994
G1 X105.3442 Y155.2302 Z14.8686 E0.5994
G1 X106.5087 Y156.1579 Z14.8726 E0.5995
G1 X107.7112 Y157.0361 Z14.8765 E0.5996
G1 X108.9496 Y157.8632 Z14.8805 E0.5996
G1 X110.2217 Y158.6378 Z14.8845 E0.5997
G1 X111.5252 Y159.3586 Z14.8884 E0.5998
G1 X112.8578 Y160.0242 Z14.8924 E0.5998
G1 X114.2174 Y160.6334 Z14.8964 E0.5999
G1 X115.6013 Y161.1853 Z14.9003 E0.5999
G1 X117.0073 Y161.6788 Z14.9043 E0.6
G1 X118.4329 Y162.1130 Z14.9083 E0.6001
G1 X119.8756 Y162.4871 Z14.9122 E0.6001
G1 X121.3328 Y162.8006 Z14.9162 E0.6002
G1 X122.8021 Y163.0528 Z14.9202 E0.6002
G1 X124.2807 Y163.2432 Z14.9242 E0.6003
G1 X125.7662 Y163.3716 Z14.9281 E0.6004
G1 X127.2559 Y163.4377 Z14.9321 E0.6004
G1 X128.7472 Y163.4413 Z14.9361 E0.6005
G1 X130.2375 Y163.3825 Z14.94 E0.6006
G1 X131.7242 Y163.2613 Z14.944 E0.6006
G1 X133.2047 Y163.0779 Z14.948 E0.6007
G1 X134.6763 Y162.8327 Z14.9519 E0.6007
G1 X136.1365 Y162.5260 Z14.9559 E0.6008
G1 X137.5828 Y162.1585 Z14.9599 E0.6009
G1 X139.0125 Y161.7306 Z14.9638 E0.6009
G1 X140.4232 Y161.2432 Z14.9678 E0.601
G1 X141.8124 Y160.6971 Z14.9718 E0.601
G1 X143.1777 Y160.0932 Z14.9757 E0.6011
G1 X144.5166 Y159.4326 Z14.9797 E0.6012
G1 X145.8268 Y158.7165 Z14.9837 E0.6012
G1 X147.1060 Y157.9460 Z14.9876 E0.6013
G1 X148.3519 Y157.1226 Z14.9916 E0.6014
G1 X149.5624 Y156.2476 Z14.9956 E0.6014
G1 X150.7353 Y155.3226 Z14.9996 E0.6015
G1 X151.8685 Y154.3492 Z15.0035 E0.6016
G1 X152.9601 Y153.3291 Z15.0075 E0.6016
G1 X154.0082 Y152.2641 Z15.0115 E0.6017
G1 X155.0108 Y151.1560 Z15.0154 E0.6017
G1 X155.9662 Y150.0068 Z15.0194 E0.6018
G1 X156.8728 Y148.8184 Z15.0234 E0.6019
G1 X157.7289 Y147.5930 Z15.0273 E0.6019
G1 X158.5330 Y146.3327 Z15.0313 E0.602
G1 X159.2837 Y145.0397 Z15.0353 E0.602
G1 X159.9797 Y143.7163 Z15.0392 E0.6021
G1 X160.6197 Y142.3647 Z15.0432 E0.6022
G1 X161.2026 Y140.9874 Z15.0472 E0.6022
G1 X161.7273 Y139.5868 Z15.0512 E0.6023
G1 X162.1931 Y138.1652 Z15.0551 E0.6024
G1 X162.5989 Y136.7253 Z15.0591 E0.6024
G1 X162.9441 Y135.2695 Z15.0631 E0.6025
G1 X163.2280 Y133.8003 Z15.067 E0.6025
G1 X163.4502 Y132.3204 Z15.071 E0.6026
G1 X163.6103 Y130.8324 Z15.075 E0.6027
G1 X163.7079 Y129.3387 Z15.0789 E0.6027
G1 X163.7429 Y127.8422 Z15.0829 E0.6028
G1 X163.7150 Y126.3454 Z15.087 E0.6029
G1 X163.6245 Y124.8509 Z15.091 E0.6029
G1 X163.4715 Y123.3613 Z15.0951 E0.603
G1 X163.2562 Y121.8793 Z15.0992 E0.603
G1 X162.9791 Y120.4075 Z15.1032 E0.6031
G1 X162.6405 Y118.9484 Z15.1073 E0.6031
G1 X162.2410 Y117.5047 Z15.1114 E0.6032
G1 X161.7814 Y116.0788 Z15.1154 E0.6033
G1 X161.2625 Y114.6733 Z15.1195 E0.6033
G1 X160.6851 Y113.2905 Z15.1236 E0.6034
G1 X160.0502 Y111.9331 Z15.1276 E0.6034
G1 X159.3590 Y110.6033 Z15.1317 E0.6035
G1 X158.6126 Y109.3035 Z15.1358 E0.6035
G1 X157.8123 Y108.0359 Z15.1398 E0.6036
G1 X156.9596 Y106.8029 Z15.1439 E0.6037
G1 X156.0560 Y105.6065 Z15.148 E0.6037
G1 X155.1029 Y104.4489 Z15.152 E0.6038
G1 X154.1021 Y103.3321 Z15.1561 E0.6038
G1 X153.0553 Y102.2581 Z15.1602 E0.6039
G1 X151.9643 Y101.2288 Z15.1642 E0.604
G1 X150.8311 Y100.2460 Z15.1683 E0.604
G1 X149.6576 Y99.3114 Z15.1724 E0.6041
G1 X148.4458 Y98.4267 Z15.1764 E0.6041
G1 X147.1980 Y97.5934 Z15.1805 E0.6042
G1 X145.9162 Y96.8130 Z15.1846 E0.6043
G1 X144.6028 Y96.0869 Z15.1886 E0.6043
G1 X143.2600 Y95.4164 Z15.1927 E0.6044
G1 X141.8901 Y94.8026 Z15.1968 E0.6044
G1 X140.4956 Y94.2467 Z15.2008 E0.6045
G1 X139.0789 Y93.7496 Z15.2049 E0.6045
G1 X137.6424 Y93.3122 Z15.209 E0.6046
G1 X136.1888 Y92.9354 Z15.213 E0.6047
G1 X134.7206 Y92.6197 Z15.2171 E0.6047
G1 X133.2402 Y92.3657 Z15.2212 E0.6048
G1 X131.7504 Y92.1740 Z15.2252 E0.6048
G1 X130.2537 Y92.0447 Z15.2293 E0.6049
G1 X128.7528 Y91.9783 Z15.2334 E0.605
G1 X127.2502 Y91.9748 Z15.2374 E0.605
G1 X125.7487 Y92.0342 Z15.2415 E0.6051
G1 X124.2508 Y92.1564 Z15.2456 E0.6051
G1 X122.7592 Y92.3413 Z15.2496 E0.6052
G1 X121.2765 Y92.5885 Z15.2537 E0.6052
G1 X119.8053 Y92.8976 Z15.2578 E0.6053
G1 X118.3482 Y93.2681 Z15.2618 E0.6054
G1 X116.9078 Y93.6993 Z15.2659 E0.6054
G1 X115.4866 Y94.1905 Z15.27 E0.6055
G1 X114.0870 Y94.7409 Z15.274 E0.6055
G1 X112.7116 Y95.3494 Z15.2781 E0.6056
G1 X111.3627 Y96.0150 Z15.2822 E0.6057
G1 X110.0427 Y96.7367 Z15.2862 E0.6057
G1 X108.7540 Y97.5130 Z15.2903 E0.6058
G1 X107.4988 Y98.3427 Z15.2944 E0.6058
G1 X106.2794 Y99.2243 Z15.2984 E0.6059
G1 X105.0978 Y100.1564 Z15.3025 E0.606
G1 X103.9562 Y101.1371 Z15.3066 E0.606
G1 X102.8565 Y102.1650 Z15.3106 E0.6061
G1 X101.8007 Y103.2380 Z15.3147 E0.6061
G1 X100.7907 Y104.3545 Z15.3188 E0.6062
G1 X99.8283 Y105.5124 Z15.3228 E0.6062
G1 X98.9151 Y106.7097 Z15.3269 E0.6063
G1 X98.0527 Y107.9443 Z15.331 E0.6064
G1 X97.2427 Y109.2140 Z15.335 E0.6064
G1 X96.4865 Y110.5167 Z15.3391 E0.6065
G1 X95.7855 Y111.8500 Z15.3432 E0.6065
G1 X95.1409 Y113.2117 Z15.3472 E0.6066
G1 X94.5538 Y114.5993 Z15.3513 E0.6067
G1 X94.0252 Y116.0104 Z15.3554 E0.6067
G1 X93.5562 Y117.4425 Z15.3594 E0.6068
G1 X93.1475 Y118.8932 Z15.3635 E0.6068
G1 X92.7999 Y120.3599 Z15.3675 E0.6069
G1 X92.5139 Y121.8399 Z15.3716 E0.607
G1 X92.2902 Y123.3308 Z15.3757 E0.607
G1 X92.1291 Y124.8299 Z15.3797 E0.6071
G1 X92.0309 Y126.3346 Z15.3838 E0.6071
G1 X91.9958 Y127.8422 Z15.3879 E0.6072
G1 X92.0239 Y129.3501 Z15.3919 E0.6072
G1 X92.1151 Y130.8557 Z15.396 E0.6073
G1 X92.2692 Y132.3562 Z15.4001 E0.6074
G1 X92.4861 Y133.8492 Z15.4041 E0.6074
G1 X92.7654 Y135.3319 Z15.4082 E0.6075
G1 X93.1065 Y136.8017 Z15.4123 E0.6075
G1 X93.5089 Y138.2561 Z15.4163 E0.6076
G1 X93.9720 Y139.6925 Z15.4204 E0.6077
G1 X94.4948 Y141.1085 Z15.4245 E0.6077
G1 X95.0765 Y142.5014 Z15.4285 E0.6078
G1 X95.7161 Y143.8688 Z15.4326 E0.6078
G1 X96.4124 Y145.2085 Z15.4367 E0.6079
G1 X97.1643 Y146.5179 Z15.4407 E0.608
G1 X97.9705 Y147.7948 Z15.4448 E0.608
G1 X98.8295 Y149.0369 Z15.4489 E0.6081
G1 X99.7399 Y150.2421 Z15.4529 E0.6081
G1 X100.7000 Y151.4082 Z15.457 E0.6082
G1 X101.7082 Y152.5332 Z15.4611 E0.6083
G1 X102.7628 Y153.6151 Z15.4651 E0.6083
G1 X103.8618 Y154.6520 Z15.4692 E0.6084
G1 X105.0034 Y155.6421 Z15.4732 E0.6084
G1 X106.1856 Y156.5836 Z15.4773 E0.6085
G1 X107.4063 Y157.4748 Z15.4814 E0.6086
G1 X108.6634 Y158.3142 Z15.4854 E0.6086
G1 X109.9546 Y159.1004 Z15.4895 E0.6087
G1 X111.2778 Y159.8318 Z15.4936 E0.6087
G1 X112.6305 Y160.5072 Z15.4976 E0.6088
G1 X114.0105 Y161.1255 Z15.5017 E0.6089
G1 X115.4153 Y161.6855 Z15.5058 E0.6089
G1 X116.8425 Y162.1862 Z15.5098 E0.609
G1 X118.2895 Y162.6268 Z15.5139 E0.609
G1 X119.7538 Y163.0064 Z15.518 E0.6091
G1 X121.2329 Y163.3244 Z15.522 E0.6092
G1 X122.7242 Y163.5802 Z15.5261 E0.6092
G1 X124.2250 Y163.7733 Z15.5302 E0.6093
G1 X125.7327 Y163.9035 Z15.5342 E0.6093
G1 X127.2447 Y163.9704 Z15.5383 E0.6094
G1 X128.7584 Y163.9739 Z15.5423 E0.6095
G1 X130.2710 Y163.9140 Z15.5464 E0.6095
G1 X131.7799 Y163.7909 Z15.5505 E0.6096
G1 X133.2824 Y163.6046 Z15.5545 E0.6096
G1 X134.7760 Y163.3556 Z15.5586 E0.6097
G1 X136.2580 Y163.0441 Z15.5627 E0.6098
G1 X137.7259 Y162.6709 Z15.5667 E0.6098
G1 X139.1769 Y162.2365 Z15.5708 E0.6099
G1 X140.6086 Y161.7417 Z15.5749 E0.6099
G1 X142.0185 Y161.1872 Z15.5789 E0.61
G1 X143.4040 Y160.5742 Z15.583 E0.6101
G1 X144.7628 Y159.9036 Z15.5871 E0.6101
G1 X146.0925 Y159.1767 Z15.5911 E0.6102
G1 X147.3906 Y158.3946 Z15.5952 E0.6102
G1 X148.6551 Y157.5588 Z15.5993 E0.6103
G1 X149.8835 Y156.6706 Z15.6033 E0.6104
G1 X151.0737 Y155.7317 Z15.6074 E0.6104
G1 X152.2237 Y154.7437 Z15.6114 E0.6105
G1 X153.3315 Y153.7083 Z15.6155 E0.6105
G1 X154.3950 Y152.6273 Z15.6196 E0.6106
G1 X155.4124 Y151.5026 Z15.6236 E0.6107
G1 X156.3819 Y150.3362 Z15.6277 E0.6107
G1 X157.3018 Y149.1301 Z15.6318 E0.6108
G1 X158.1705 Y147.8864 Z15.6358 E0.6108
G1 X158.9864 Y146.6073 Z15.6399 E0.6109
G1 X159.7481 Y145.2951 Z15.644 E0.611
G1 X160.4543 Y143.9519 Z15.648 E0.611
G1 X161.1036 Y142.5802 Z15.6521 E0.6111
G1 X161.6951 Y141.1824 Z15.6562 E0.6111
G1 X162.2275 Y139.7609 Z15.6602 E0.6112
G1 X162.6999 Y138.3183 Z15.6643 E0.6113
G1 X163.1116 Y136.8569 Z15.6684 E0.6113
G1 X163.4617 Y135.3795 Z15.6724 E0.6114
G1 X163.7497 Y133.8886 Z15.6765 E0.6115
G1 X163.9751 Y132.3867 Z15.6806 E0.6115
G1 X164.1373 Y130.8766 Z15.6846 E0.6116
G1 X164.2362 Y129.3609 Z15.6887 E0.6116
G1 X164.2716 Y127.8422 Z15.6927 E0.6117
G1 X164.2431 Y126.3232 Z15.6969 E0.6117
G1 X164.1511 Y124.8066 Z15.7011 E0.6118
G1 X163.9957 Y123.2951 Z15.7053 E0.6119
G1 X163.7770 Y121.7912 Z15.7094 E0.6119
G1 X163.4956 Y120.2977 Z15.7136 E0.612
G1 X163.1518 Y118.8171 Z15.7178 E0.612
G1 X162.7463 Y117.3521 Z15.7219 E0.6121
G1 X162.2798 Y115.9052 Z15.7261 E0.6121
G1 X161.7530 Y114.4790 Z15.7303 E0.6122
G1 X161.1669 Y113.0760 Z15.7344 E0.6122
G1 X160.5225 Y111.6986 Z15.7386 E0.6123
G1 X159.8210 Y110.3493 Z15.7428 E0.6124
G1 X159.0634 Y109.0304 Z15.747 E0.6124
G1 X158.2513 Y107.7443 Z15.7511 E0.6125
G1 X157.3859 Y106.4932 Z15.7553 E0.6125
G1 X156.4688 Y105.2793 Z15.7595 E0.6126
G1 X155.5015 Y104.1048 Z15.7636 E0.6126
G1 X154.4859 Y102.9717 Z15.7678 E0.6127
G1 X153.4236 Y101.8821 Z15.772 E0.6128
G1 X152.3164 Y100.8377 Z15.7761 E0.6128
G1 X151.1664 Y99.8406 Z15.7803 E0.6129
G1 X149.9756 Y98.8924 Z15.7845 E0.6129
G1 X148.7460 Y97.9948 Z15.7886 E0.613
G1 X147.4797 Y97.1495 Z15.7928 E0.613
G1 X146.1791 Y96.3578 Z15.797 E0.6131
G1 X144.8463 Y95.6212 Z15.8012 E0.6131
G1 X143.4837 Y94.9410 Z15.8053 E0.6132
G1 X142.0936 Y94.3184 Z15.8095 E0.6133
G1 X140.6786 Y93.7545 Z15.8137 E0.6133
G1 X139.2411 Y93.2503 Z15.8178 E0.6134
G1 X137.7836 Y92.8067 Z15.822 E0.6134
G1 X136.3087 Y92.4245 Z15.8262 E0.6135
G1 X134.8189 Y92.1043 Z15.8303 E0.6135
G1 X133.3168 Y91.8468 Z15.8345 E0.6136
G1 X131.8052 Y91.6524 Z15.8387 E0.6137
G1 X130.2866 Y91.5215 Z15.8429 E0.6137
G1 X128.7637 Y91.4543 Z15.847 E0.6138
G1 X127.2392 Y91.4509 Z15.8512 E0.6138
G1 X125.7158 Y91.5113 Z15.8554 E0.6139
G1 X124.1960 Y91.6355 Z15.8595 E0.6139
G1 X122.6827 Y91.8233 Z15.8637 E0.614
G1 X121.1784 Y92.0743 Z15.8679 E0.6141
G1 X119.6858 Y92.3880 Z15.872 E0.6141
G1 X118.2075 Y92.7641 Z15.8762 E0.6142
G1 X116.7461 Y93.2017 Z15.8804 E0.6142
G1 X115.3042 Y93.7003 Z15.8846 E0.6143
G1 X113.8843 Y94.2588 Z15.8887 E0.6143
G1 X112.4890 Y94.8763 Z15.8929 E0.6144
G1 X111.1205 Y95.5518 Z15.8971 E0.6145
G1 X109.7814 Y96.2841 Z15.9012 E0.6145
G1 X108.4741 Y97.0719 Z15.9054 E0.6146
G1 X107.2007 Y97.9138 Z15.9096 E0.6146
G1 X105.9637 Y98.8084 Z15.9137 E0.6147
G1 X104.7650 Y99.7541 Z15.9179 E0.6147
G1 X103.6069 Y100.7493 Z15.9221 E0.6148
G1 X102.4914 Y101.7921 Z15.9263 E0.6148
G1 X101.4204 Y102.8809 Z15.9304 E0.6149
G1 X100.3959 Y104.0137 Z15.9346 E0.615
G1 X99.4196 Y105.1885 Z15.9388 E0.615
G1 X98.4933 Y106.4032 Z15.9429 E0.6151
G1 X97.6186 Y107.6558 Z15.9471 E0.6151
G1 X96.7970 Y108.9441 Z15.9513 E0.6152
G1 X96.0300 Y110.2657 Z15.9554 E0.6152
G1 X95.3190 Y111.6185 Z15.9596 E0.6153
G1 X94.6652 Y112.9999 Z15.9638 E0.6154
G1 X94.0697 Y114.4077 Z15.9679 E0.6154
G1 X93.5337 Y115.8392 Z15.9721 E0.6155
G1 X93.0580 Y117.2921 Z15.9763 E0.6155
G1 X92.6436 Y118.7638 Z15.9805 E0.6156
G1 X92.2911 Y120.2517 Z15.9846 E0.6156
G1 X92.0012 Y121.7532 Z15.9888 E0.6157
G1 X91.7745 Y123.2657 Z15.993 E0.6158
G1 X91.6112 Y124.7864 Z15.9971 E0.6158
G1 X91.5118 Y126.3128 Z16.0013 E0.6159
G1 X91.4763 Y127.8422 Z16.0055 E0.6159
G1 X91.5050 Y129.3719 Z16.0096 E0.616
G1 X91.5976 Y130.8991 Z16.0138 E0.616
G1 X91.7542 Y132.4213 Z16.018 E0.6161
G1 X91.9744 Y133.9357 Z16.0221 E0.6162
G1 X92.2579 Y135.4397 Z16.0263 E0.6162
G1 X92.6041 Y136.9307 Z16.0305 E0.6163
G1 X93.0124 Y138.4060 Z16.0347 E0.6163
G1 X93.4823 Y139.8631 Z16.0388 E0.6164
G1 X94.0128 Y141.2993 Z16.043 E0.6165
G1 X94.6030 Y142.7122 Z16.0472 E0.6165
G1 X95.2520 Y144.0992 Z16.0513 E0.6166
G1 X95.9585 Y145.4580 Z16.0555 E0.6166
G1 X96.7213 Y146.7861 Z16.0597 E0.6167
G1 X97.5392 Y148.0813 Z16.0638 E0.6167
G1 X98.4107 Y149.3412 Z16.068 E0.6168
G1 X99.3343 Y150.5635 Z16.0722 E0.6169
G1 X100.3083 Y151.7463 Z16.0763 E0.6169
G1 X101.3312 Y152.8873 Z16.0805 E0.617
G1 X102.4010 Y153.9846 Z16.0847 E0.617
G1 X103.5159 Y155.0363 Z16.0888 E0.6171
G1 X104.6739 Y156.0404 Z16.093 E0.6171
G1 X105.8732 Y156.9952 Z16.0972 E0.6172
G1 X107.1114 Y157.8991 Z16.1013 E0.6173
G1 X108.3866 Y158.7504 Z16.1055 E0.6173
G1 X109.6964 Y159.5476 Z16.1097 E0.6174
G1 X111.0386 Y160.2893 Z16.1138 E0.6174
G1 X112.4107 Y160.9743 Z16.118 E0.6175
G1 X113.8105 Y161.6012 Z16.1222 E0.6176
G1 X115.2355 Y162.1691 Z16.1264 E0.6176
G1 X116.6831 Y162.6768 Z16.1305 E0.6177
G1 X118.1508 Y163.1235 Z16.1347 E0.6177
G1 X119.6361 Y163.5083 Z16.1389 E0.6178
G1 X121.1363 Y163.8307 Z16.143 E0.6178
G1 X122.6489 Y164.0900 Z16.1472 E0.6179
G1 X124.1711 Y164.2857 Z16.1514 E0.618
G1 X125.7004 Y164.4175 Z16.1555 E0.618
G1 X127.2339 Y164.4852 Z16.1597 E0.6181
G1 X128.7691 Y164.4886 Z16.1639 E0.6181
G1 X130.3033 Y164.4277 Z16.168 E0.6182
G1 X131.8337 Y164.3026 Z16.1722 E0.6182
G1 X133.3576 Y164.1135 Z16.1764 E0.6183
G1 X134.8724 Y163.8608 Z16.1805 E0.6184
G1 X136.3755 Y163.5448 Z16.1847 E0.6184
G1 X137.8641 Y163.1661 Z16.1889 E0.6185
G1 X139.3357 Y162.7253 Z16.193 E0.6185
G1 X140.7877 Y162.2233 Z16.1972 E0.6186
G1 X142.2175 Y161.6608 Z16.2014 E0.6187
G1 X143.6227 Y161.0389 Z16.2055 E0.6187
G1 X145.0007 Y160.3587 Z16.2097 E0.6188
G1 X146.3491 Y159.6212 Z16.2139 E0.6188
G1 X147.6656 Y158.8279 Z16.2181 E0.6189
G1 X148.9479 Y157.9801 Z16.2222 E0.619
G1 X150.1936 Y157.0792 Z16.2264 E0.619
G1 X151.4006 Y156.1269 Z16.2306 E0.6191
G1 X152.5668 Y155.1247 Z16.2347 E0.6191
G1 X153.6901 Y154.0746 Z16.2389 E0.6192
G1 X154.7686 Y152.9781 Z16.2431 E0.6192
G1 X155.8003 Y151.8374 Z16.2472 E0.6193
G1 X156.7834 Y150.6544 Z16.2514 E0.6194
G1 X157.7161 Y149.4311 Z16.2556 E0.6194
G1 X158.5969 Y148.1698 Z16.2597 E0.6195
G1 X159.4243 Y146.8725 Z16.2639 E0.6195
G1 X160.1966 Y145.5416 Z16.2681 E0.6196
G1 X160.9126 Y144.1794 Z16.2722 E0.6197
G1 X161.5709 Y142.7883 Z16.2764 E0.6197
G1 X162.1705 Y141.3707 Z16.2806 E0.6198
G1 X162.7103 Y139.9291 Z16.2847 E0.6198
G1 X163.1892 Y138.4660 Z16.2889 E0.6199
G1 X163.6065 Y136.9840 Z16.2931 E0.62
G1 X163.9615 Y135.4857 Z16.2973 E0.62
G1 X164.2533 Y133.9737 Z16.3014 E0.6201
G1 X164.4817 Y132.4507 Z16.3056 E0.6201
G1 X164.6461 Y130.9193 Z16.3098 E0.6202
G1 X164.7462 Y129.3823 Z16.3139 E0.6202
G1 X164.7818 Y127.8422 Z16.3181 E0.6203
G1 X164.7528 Y126.3019 Z16.3224 E0.6204
G1 X164.6594 Y124.7640 Z16.3266 E0.6204
G1 X164.5015 Y123.2312 Z16.3309 E0.6205
G1 X164.2797 Y121.7062 Z16.3352 E0.6205
G1 X163.9941 Y120.1917 Z16.3395 E0.6206
G1 X163.6453 Y118.6904 Z16.3437 E0.6206
G1 X163.2339 Y117.2049 Z16.348 E0.6207
G1 X162.7607 Y115.7378 Z16.3523 E0.6207
G1 X162.2263 Y114.2916 Z16.3566 E0.6208
G1 X161.6319 Y112.8690 Z16.3608 E0.6208
G1 X160.9783 Y111.4724 Z16.3651 E0.6209
G1 X160.2667 Y110.1042 Z16.3694 E0.6209
G1 X159.4984 Y108.7670 Z16.3737 E0.621
G1 X158.6747 Y107.4630 Z16.3779 E0.6211
G1 X157.7971 Y106.1944 Z16.3822 E0.6211
G1 X156.8670 Y104.9637 Z16.3865 E0.6212
G1 X155.8861 Y103.7729 Z16.3908 E0.6212
G1 X154.8561 Y102.6241 Z16.395 E0.6213
G1 X153.7788 Y101.5193 Z16.3993 E0.6213
G1 X152.6561 Y100.4605 Z16.4036 E0.6214
G1 X151.4899 Y99.4496 Z16.4079 E0.6214
G1 X150.2823 Y98.4883 Z16.4121 E0.6215
G1 X149.0355 Y97.5783 Z16.4164 E0.6215
G1 X147.7514 Y96.7213 Z16.4207 E0.6216
G1 X146.4325 Y95.9187 Z16.425 E0.6216
G1 X145.0811 Y95.1720 Z16.4292 E0.6217
G1 X143.6994 Y94.4825 Z16.4335 E0.6217
G1 X142.2899 Y93.8514 Z16.4378 E0.6218
G1 X140.8551 Y93.2798 Z16.4421 E0.6219
G1 X139.3976 Y92.7688 Z16.4463 E0.6219
G1 X137.9197 Y92.3192 Z16.4506 E0.622
G1 X136.4242 Y91.9318 Z16.4549 E0.622
G1 X134.9137 Y91.6074 Z16.4592 E0.6221
G1 X133.3907 Y91.3465 Z16.4634 E0.6221
G1 X131.8581 Y91.1496 Z16.4677 E0.6222
G1 X130.3184 Y91.0170 Z16.472 E0.6222
G1 X128.7743 Y90.9490 Z16.4763 E0.6223
G1 X127.2286 Y90.9458 Z16.4805 E0.6223
G1 X125.6841 Y91.0072 Z16.4848 E0.6224
G1 X124.1433 Y91.1333 Z16.4891 E0.6224
G1 X122.6090 Y91.3239 Z16.4934 E0.6225
G1 X121.0838 Y91.5785 Z16.4976 E0.6226
G1 X119.5706 Y91.8968 Z16.5019 E0.6226
G1 X118.0719 Y92.2782 Z16.5062 E0.6227
G1 X116.5903 Y92.7221 Z16.5105 E0.6227
G1 X115.1285 Y93.2277 Z16.5147 E0.6228
G1 X113.6890 Y93.7941 Z16.519 E0.6228
G1 X112.2744 Y94.4204 Z16.5233 E0.6229
G1 X110.8871 Y95.1054 Z16.5276 E0.6229
G1 X109.5296 Y95.8480 Z16.5318 E0.623
G1 X108.2043 Y96.6468 Z16.5361 E0.623
G1 X106.9135 Y97.5005 Z16.5404 E0.6231
G1 X105.6594 Y98.4076 Z16.5447 E0.6232
G1 X104.4443 Y99.3665 Z16.5489 E0.6232
G1 X103.2704 Y100.3755 Z16.5532 E0.6233
G1 X102.1396 Y101.4329 Z16.5575 E0.6233
G1 X101.0540 Y102.5368 Z16.5618 E0.6234
G1 X100.0155 Y103.6853 Z16.566 E0.6234
G1 X99.0259 Y104.8764 Z16.5703 E0.6235
G1 X98.0869 Y106.1080 Z16.5746 E0.6235
G1 X97.2003 Y107.3779 Z16.5788 E0.6236
G1 X96.3676 Y108.6840 Z16.5831 E0.6236
G1 X95.5902 Y110.0239 Z16.5874 E0.6237
G1 X94.8696 Y111.3954 Z16.5917 E0.6238
G1 X94.2069 Y112.7959 Z16.5959 E0.6238
G1 X93.6034 Y114.2230 Z16.6002 E0.6239
G1 X93.0602 Y115.6744 Z16.6045 E0.6239
G1 X92.5782 Y117.1473 Z16.6088 E0.624
G1 X92.1582 Y118.6392 Z16.613 E0.624
G1 X91.8011 Y120.1476 Z16.6173 E0.6241
G1 X91.5074 Y121.6697 Z16.6216 E0.6241
G1 X91.2777 Y123.2029 Z16.6259 E0.6242
G1 X91.1124 Y124.7445 Z16.6301 E0.6242
G1 X91.0118 Y126.2919 Z16.6344 E0.6243
G1 X90.9760 Y127.8422 Z16.6387 E0.6244
G1 X91.0052 Y129.3928 Z16.643 E0.6244
G1 X91.0994 Y130.9410 Z16.6472 E0.6245
G1 X91.2583 Y132.4839 Z16.6515 E0.6245
G1 X91.4816 Y134.0191 Z16.6558 E0.6246
G1 X91.7691 Y135.5436 Z16.6601 E0.6246
G1 X92.1203 Y137.0549 Z16.6643 E0.6247
G1 X92.5344 Y138.5504 Z16.6686 E0.6247
G1 X93.0108 Y140.0272 Z16.6729 E0.6248
G1 X93.5487 Y141.4830 Z16.6772 E0.6249
G1 X94.1472 Y142.9151 Z16.6814 E0.6249
G1 X94.8051 Y144.3210 Z16.6857 E0.625
G1 X95.5215 Y145.6983 Z16.69 E0.625
G1 X96.2949 Y147.0444 Z16.6942 E0.6251
G1 X97.1241 Y148.3571 Z16.6985 E0.6251
G1 X98.0076 Y149.6340 Z16.7028 E0.6252
G1 X98.9439 Y150.8730 Z16.7071 E0.6252
G1 X99.9313 Y152.0717 Z16.7113 E0.6253
G1 X100.9682 Y153.2282 Z16.7156 E0.6254
G1 X102.0527 Y154.3403 Z16.7199 E0.6254
G1 X103.1829 Y155.4061 Z16.7242 E0.6255
G1 X104.3568 Y156.4237 Z16.7284 E0.6255
G1 X105.5725 Y157.3914 Z16.7327 E0.6256
G1 X106.8277 Y158.3074 Z16.737 E0.6256
G1 X108.1202 Y159.1701 Z16.7413 E0.6257
G1 X109.4479 Y159.9780 Z16.7455 E0.6258
G1 X110.8084 Y160.7296 Z16.7498 E0.6258
G1 X112.1992 Y161.4237 Z16.7541 E0.6259
G1 X113.6181 Y162.0590 Z16.7583 E0.6259
G1 X115.0624 Y162.6344 Z16.7626 E0.626
G1 X116.5297 Y163.1488 Z16.7669 E0.626
G1 X118.0174 Y163.6014 Z16.7712 E0.6261
G1 X119.5228 Y163.9913 Z16.7754 E0.6261
G1 X121.0434 Y164.3178 Z16.7797 E0.6262
G1 X122.5765 Y164.5804 Z16.784 E0.6262
G1 X124.1193 Y164.7786 Z16.7883 E0.6263
G1 X125.6693 Y164.9121 Z16.7925 E0.6264
G1 X127.2236 Y164.9805 Z16.7968 E0.6264
G1 X128.7795 Y164.9837 Z16.8011 E0.6265
G1 X130.3344 Y164.9219 Z16.8053 E0.6265
G1 X131.8854 Y164.7949 Z16.8096 E0.6266
G1 X133.4299 Y164.6031 Z16.8139 E0.6266
G1 X134.9651 Y164.3467 Z16.8182 E0.6267
G1 X136.4884 Y164.0263 Z16.8224 E0.6268
G1 X137.9971 Y163.6423 Z16.8267 E0.6268
G1 X139.4885 Y163.1954 Z16.831 E0.6269
G1 X140.9600 Y162.6865 Z16.8353 E0.6269
G1 X142.4090 Y162.1163 Z16.8395 E0.627
G1 X143.8330 Y161.4858 Z16.8438 E0.627
G1 X145.2295 Y160.7963 Z16.8481 E0.6271
G1 X146.5960 Y160.0488 Z16.8524 E0.6271
G1 X147.9301 Y159.2446 Z16.8566 E0.6272
G1 X149.2295 Y158.3852 Z16.8609 E0.6273
G1 X150.4918 Y157.4721 Z16.8652 E0.6273
G1 X151.7150 Y156.5068 Z16.8694 E0.6274
G1 X152.8967 Y155.4911 Z16.8737 E0.6274
G1 X154.0350 Y154.4267 Z16.878 E0.6275
G1 X155.1278 Y153.3154 Z16.8823 E0.6275
G1 X156.1731 Y152.1593 Z16.8865 E0.6276
G1 X157.1693 Y150.9603 Z16.8908 E0.6277
G1 X158.1144 Y149.7205 Z16.8951 E0.6277
G1 X159.0069 Y148.4421 Z16.8994 E0.6278
G1 X159.8451 Y147.1274 Z16.9036 E0.6278
G1 X160.6277 Y145.7786 Z16.9079 E0.6279
G1 X161.3531 Y144.3981 Z16.9122 E0.6279
G1 X162.0201 Y142.9882 Z16.9164 E0.628
G1 X162.6275 Y141.5516 Z16.9207 E0.628
G1 X163.1743 Y140.0907 Z16.925 E0.6281
G1 X163.6595 Y138.6080 Z16.9293 E0.6282
G1 X164.0822 Y137.1062 Z16.9335 E0.6282
G1 X164.4417 Y135.5878 Z16.9378 E0.6283
G1 X164.7373 Y134.0556 Z16.9421 E0.6283
G1 X164.9685 Y132.5122 Z16.9464 E0.6284
G1 X165.1349 Y130.9604 Z16.9506 E0.6285
G1 X165.2362 Y129.4028 Z16.9549 E0.6285
G1 X165.2722 Y127.8422 Z16.9592 E0.6286
G1 X165.2426 Y126.2813 Z16.9636 E0.6286
G1 X165.1477 Y124.7230 Z16.9679 E0.6287
G1 X164.9876 Y123.1698 Z16.9723 E0.6287
G1 X164.7625 Y121.6245 Z16.9767 E0.6288
G1 X164.4730 Y120.0899 Z16.9811 E0.6288
G1 X164.1194 Y118.5687 Z16.9855 E0.6289
G1 X163.7024 Y117.0635 Z16.9898 E0.6289
G1 X163.2226 Y115.5769 Z16.9942 E0.629
G1 X162.6810 Y114.1116 Z16.9986 E0.629
G1 X162.0785 Y112.6701 Z17.003 E0.6291
G1 X161.4161 Y111.2551 Z17.0074 E0.6291
G1 X160.6949 Y109.8689 Z17.0118 E0.6292
G1 X159.9162 Y108.5140 Z17.0161 E0.6292
G1 X159.0815 Y107.1927 Z17.0205 E0.6293
G1 X158.1920 Y105.9075 Z17.0249 E0.6293
G1 X157.2495 Y104.6606 Z17.0293 E0.6294
G1 X156.2554 Y103.4541 Z17.0337 E0.6294
G1 X155.2117 Y102.2902 Z17.038 E0.6295
G1 X154.1200 Y101.1709 Z17.0424 E0.6295
G1 X152.9823 Y100.0983 Z17.0468 E0.6296
G1 X151.8005 Y99.0741 Z17.0512 E0.6296
G1 X150.5769 Y98.1002 Z17.0556 E0.6297
G1 X149.3134 Y97.1784 Z17.0599 E0.6297
G1 X148.0123 Y96.3102 Z17.0643 E0.6298
G1 X146.6759 Y95.4972 Z17.0687 E0.6298
G1 X145.3065 Y94.7408 Z17.0731 E0.6299
G1 X143.9065 Y94.0424 Z17.0775 E0.6299
G1 X142.4784 Y93.4031 Z17.0818 E0.63
G1 X141.0246 Y92.8241 Z17.0862 E0.63
G1 X139.5477 Y92.3065 Z17.0906 E0.6301
G1 X138.0504 Y91.8512 Z17.095 E0.6301
G1 X136.5351 Y91.4589 Z17.0994 E0.6302
G1 X135.0047 Y91.1304 Z17.1037 E0.6302
G1 X133.4616 Y90.8663 Z17.1081 E0.6303
G1 X131.9088 Y90.6669 Z17.1125 E0.6304
G1 X130.3488 Y90.5328 Z17.1169 E0.6304
G1 X128.7845 Y90.4641 Z17.1213 E0.6305
G1 X127.2185 Y90.4610 Z17.1257 E0.6305
G1 X125.6536 Y90.5235 Z17.13 E0.6306
G1 X124.0926 Y90.6514 Z17.1344 E0.6306
G1 X122.5382 Y90.8446 Z17.1388 E0.6307
G1 X120.9931 Y91.1028 Z17.1432 E0.6307
G1 X119.4600 Y91.4255 Z17.1476 E0.6308
G1 X117.9417 Y91.8121 Z17.1519 E0.6308
G1 X116.4408 Y92.2620 Z17.1563 E0.6309
G1 X114.9599 Y92.7744 Z17.1607 E0.6309
G1 X113.5016 Y93.3484 Z17.1651 E0.631
G1 X112.0686 Y93.9830 Z17.1695 E0.631
G1 X110.6632 Y94.6771 Z17.1738 E0.6311
G1 X109.2881 Y95.4295 Z17.1782 E0.6311
G1 X107.9455 Y96.2390 Z17.1826 E0.6312
G1 X106.6379 Y97.1040 Z17.187 E0.6312
G1 X105.3676 Y98.0231 Z17.1914 E0.6313
G1 X104.1367 Y98.9946 Z17.1957 E0.6313
G1 X102.9476 Y100.0170 Z17.2001 E0.6314
G1 X101.8022 Y101.0883 Z17.2045 E0.6314
G1 X100.7025 Y102.2067 Z17.2089 E0.6315
G1 X99.6506 Y103.3704 Z17.2133 E0.6315
G1 X98.6483 Y104.5771 Z17.2177 E0.6316
G1 X97.6972 Y105.8249 Z17.222 E0.6317
G1 X96.7992 Y107.1114 Z17.2264 E0.6317
G1 X95.9558 Y108.4346 Z17.2308 E0.6318
G1 X95.1685 Y109.7921 Z17.2352 E0.6318
G1 X94.4386 Y111.1814 Z17.2396 E0.6319
G1 X93.7675 Y112.6002 Z17.2439 E0.6319
G1 X93.1564 Y114.0460 Z17.2483 E0.632
G1 X92.6063 Y115.5163 Z17.2527 E0.632
G1 X92.1182 Y117.0084 Z17.2571 E0.6321
G1 X91.6929 Y118.5197 Z17.2615 E0.6321
G1 X91.3313 Y120.0477 Z17.2658 E0.6322
G1 X91.0340 Y121.5896 Z17.2702 E0.6322
G1 X90.8015 Y123.1428 Z17.2746 E0.6323
G1 X90.6342 Y124.7044 Z17.279 E0.6323
G1 X90.5325 Y126.2718 Z17.2834 E0.6324
G1 X90.4965 Y127.8422 Z17.2877 E0.6324
G1 X90.5262 Y129.4129 Z17.2921 E0.6325
G1 X90.6218 Y130.9811 Z17.2965 E0.6325
G1 X90.7829 Y132.5440 Z17.3009 E0.6326
G1 X91.0094 Y134.0990 Z17.3053 E0.6326
G1 X91.3008 Y135.6432 Z17.3096 E0.6327
G1 X91.6566 Y137.1740 Z17.314 E0.6328
G1 X92.0763 Y138.6887 Z17.3184 E0.6328
G1 X92.5590 Y140.1846 Z17.3228 E0.6329
G1 X93.1041 Y141.6591 Z17.3272 E0.6329
G1 X93.7104 Y143.1096 Z17.3315 E0.633
G1 X94.3770 Y144.5335 Z17.3359 E0.633
G1 X95.1027 Y145.9285 Z17.3403 E0.6331
G1 X95.8863 Y147.2919 Z17.3447 E0.6331
G1 X96.7263 Y148.6214 Z17.3491 E0.6332
G1 X97.6214 Y149.9147 Z17.3534 E0.6332
G1 X98.5699 Y151.1694 Z17.3578 E0.6333
G1 X99.5702 Y152.3835 Z17.3622 E0.6333
G1 X100.6205 Y153.5547 Z17.3666 E0.6334
G1 X101.7191 Y154.6809 Z17.3709 E0.6334
G1 X102.8639 Y155.7603 Z17.3753 E0.6335
G1 X104.0531 Y156.7909 Z17.3797 E0.6335
G1 X105.2844 Y157.7708 Z17.3841 E0.6336
G1 X106.5559 Y158.6985 Z17.3885 E0.6337
G1 X107.8651 Y159.5721 Z17.3928 E0.6337
G1 X109.2099 Y160.3902 Z17.3972 E0.6338
G1 X110.5879 Y161.1513 Z17.4016 E0.6338
G1 X111.9967 Y161.8541 Z17.406 E0.6339
G1 X113.4338 Y162.4974 Z17.4104 E0.6339
G1 X114.8967 Y163.0799 Z17.4147 E0.634
G1 X116.3828 Y163.6008 Z17.4191 E0.634
G1 X117.8896 Y164.0590 Z17.4235 E0.6341
G1 X119.4144 Y164.4537 Z17.4279 E0.6341
G1 X120.9544 Y164.7842 Z17.4323 E0.6342
G1 X122.5071 Y165.0500 Z17.4366 E0.6342
G1 X124.0697 Y165.2506 Z17.441 E0.6343
G1 X125.6395 Y165.3855 Z17.4454 E0.6343
G1 X127.2136 Y165.4546 Z17.4498 E0.6344
G1 X128.7894 Y165.4577 Z17.4542 E0.6345
G1 X130.3641 Y165.3949 Z17.4585 E0.6345
G1 X131.9349 Y165.2661 Z17.4629 E0.6346
G1 X133.4991 Y165.0717 Z17.4673 E0.6346
G1 X135.0539 Y164.8119 Z17.4717 E0.6347
G1 X136.5965 Y164.4872 Z17.476 E0.6347
G1 X138.1243 Y164.0981 Z17.4804 E0.6348
G1 X139.6347 Y163.6454 Z17.4848 E0.6348
G1 X141.1248 Y163.1297 Z17.4892 E0.6349
G1 X142.5922 Y162.5521 Z17.4936 E0.6349
G1 X144.0343 Y161.9135 Z17.4979 E0.635
G1 X145.4484 Y161.2150 Z17.5023 E0.6351
G1 X146.8322 Y160.4578 Z17.5067 E0.6351
G1 X148.1831 Y159.6433 Z17.5111 E0.6352
G1 X149.4989 Y158.7729 Z17.5155 E0.6352
G1 X150.7772 Y157.8480 Z17.5198 E0.6353
G1 X152.0157 Y156.8704 Z17.5242 E0.6353
G1 X153.2123 Y155.8416 Z17.5286 E0.6354
G1 X154.3649 Y154.7636 Z17.533 E0.6354
G1 X155.4714 Y153.6381 Z17.5374 E0.6355
G1 X156.5299 Y152.4672 Z17.5417 E0.6355
G1 X157.5385 Y151.2529 Z17.5461 E0.6356
G1 X158.4954 Y149.9973 Z17.5505 E0.6357
G1 X159.3990 Y148.7027 Z17.5549 E0.6357
G1 X160.2477 Y147.3712 Z17.5593 E0.6358
G1 X161.0400 Y146.0052 Z17.5636 E0.6358
G1 X161.7744 Y144.6072 Z17.568 E0.6359
G1 X162.4497 Y143.1795 Z17.5724 E0.6359
G1 X163.0646 Y141.7247 Z17.5768 E0.636
G1 X163.6181 Y140.2452 Z17.5812 E0.636
G1 X164.1093 Y138.7438 Z17.5855 E0.6361
G1 X164.5371 Y137.2229 Z17.5899 E0.6362
G1 X164.9010 Y135.6854 Z17.5943 E0.6362
G1 X165.2001 Y134.1339 Z17.5987 E0.6362
G1 X165.4341 Y132.5710 Z17.603 E0.6363
G1 X165.6024 Y130.9996 Z17.6074 E0.6364
G1 X165.7047 Y129.4224 Z17.6118 E0.6364
G1 X165.7409 Y127.8422 Z17.6162 E0.6365
G1 X165.7108 Y126.2617 Z17.6207 E0.6365
G1 X165.6145 Y124.6838 Z17.6252 E0.6366
G1 X165.4522 Y123.1111 Z17.6297 E0.6366
G1 X165.2241 Y121.5465 Z17.6341 E0.6367
G1 X164.9308 Y119.9926 Z17.6386 E0.6367
G1 X164.5725 Y118.4524 Z17.6431 E0.6368
G1 X164.1501 Y116.9283 Z17.6476 E0.6368
G1 X163.6641 Y115.4232 Z17.6521 E0.6369
G1 X163.1156 Y113.9396 Z17.6566 E0.6369
G1 X162.5053 Y112.4801 Z17.6611 E0.6369
G1 X161.8344 Y111.0474 Z17.6656 E0.637
G1 X161.1040 Y109.6439 Z17.6701 E0.637
G1 X160.3155 Y108.2722 Z17.6745 E0.6371
G1 X159.4701 Y106.9345 Z17.679 E0.6371
G1 X158.5694 Y105.6334 Z17.6835 E0.6372
G1 X157.6148 Y104.3710 Z17.688 E0.6372
G1 X156.6083 Y103.1495 Z17.6925 E0.6373
G1 X155.5513 Y101.9712 Z17.697 E0.6373
G1 X154.4458 Y100.8381 Z17.7015 E0.6374
G1 X153.2938 Y99.7522 Z17.706 E0.6374
G1 X152.0972 Y98.7155 Z17.7105 E0.6375
G1 X150.8582 Y97.7296 Z17.715 E0.6375
G1 X149.5789 Y96.7965 Z17.7194 E0.6376
G1 X148.2615 Y95.9176 Z17.7239 E0.6376
G1 X146.9083 Y95.0947 Z17.7284 E0.6377
G1 X145.5218 Y94.3290 Z17.7329 E0.6377
G1 X144.1043 Y93.6221 Z17.7374 E0.6378
G1 X142.6583 Y92.9750 Z17.7419 E0.6378
G1 X141.1864 Y92.3891 Z17.7464 E0.6379
G1 X139.6911 Y91.8652 Z17.7509 E0.6379
G1 X138.1751 Y91.4044 Z17.7554 E0.638
G1 X136.6410 Y91.0075 Z17.7599 E0.638
G1 X135.0915 Y90.6751 Z17.7643 E0.6381
G1 X133.5293 Y90.4079 Z17.7688 E0.6381
G1 X131.9572 Y90.2063 Z17.7733 E0.6382
G1 X130.3779 Y90.0707 Z17.7778 E0.6382
G1 X128.7942 Y90.0013 Z17.7823 E0.6382
G1 X127.2088 Y89.9983 Z17.7868 E0.6383
G1 X125.6246 Y90.0618 Z17.7913 E0.6383
G1 X124.0443 Y90.1915 Z17.7958 E0.6384
G1 X122.4707 Y90.3873 Z17.8003 E0.6384
G1 X120.9065 Y90.6489 Z17.8048 E0.6385
G1 X119.3546 Y90.9757 Z17.8092 E0.6385
G1 X117.8175 Y91.3673 Z17.8137 E0.6386
G1 X116.2981 Y91.8229 Z17.8182 E0.6386
G1 X114.7990 Y92.3418 Z17.8227 E0.6387
G1 X113.3229 Y92.9231 Z17.8272 E0.6387
G1 X111.8722 Y93.5657 Z17.8317 E0.6388
G1 X110.4496 Y94.2686 Z17.8362 E0.6388
G1 X109.0576 Y95.0304 Z17.8407 E0.6389
G1 X107.6987 Y95.8500 Z17.8452 E0.6389
G1 X106.3751 Y96.7258 Z17.8497 E0.639
G1 X105.0892 Y97.6564 Z17.8541 E0.639
G1 X103.8434 Y98.6400 Z17.8586 E0.6391
G1 X102.6397 Y99.6751 Z17.8631 E0.6391
G1 X101.4804 Y100.7597 Z17.8676 E0.6392
G1 X100.3674 Y101.8920 Z17.8721 E0.6392
G1 X99.3027 Y103.0701 Z17.8766 E0.6393
G1 X98.2882 Y104.2917 Z17.8811 E0.6393
G1 X97.3257 Y105.5549 Z17.8856 E0.6394
G1 X96.4168 Y106.8574 Z17.8901 E0.6394
G1 X95.5632 Y108.1969 Z17.8946 E0.6395
G1 X94.7664 Y109.5711 Z17.899 E0.6395
G1 X94.0278 Y110.9775 Z17.9035 E0.6396
G1 X93.3487 Y112.4138 Z17.908 E0.6396
G1 X92.7302 Y113.8773 Z17.9125 E0.6397
G1 X92.1736 Y115.3656 Z17.917 E0.6397
G1 X91.6797 Y116.8760 Z17.9215 E0.6398
G1 X91.2495 Y118.4059 Z17.926 E0.6398
G1 X90.8837 Y119.9526 Z17.9305 E0.6399
G1 X90.5829 Y121.5133 Z17.935 E0.6399
G1 X90.3478 Y123.0854 Z17.9394 E0.64
G1 X90.1786 Y124.6661 Z17.9439 E0.64
G1 X90.0759 Y126.2526 Z17.9484 E0.6401
G1 X90.0396 Y127.8422 Z17.9529 E0.6401
G1 X90.0699 Y129.4320 Z17.9574 E0.6402
G1 X90.1668 Y131.0193 Z17.9619 E0.6402
G1 X90.3301 Y132.6012 Z17.9664 E0.6403
G1 X90.5595 Y134.1750 Z17.9709 E0.6403
G1 X90.8546 Y135.7380 Z17.9754 E0.6404
G1 X91.2150 Y137.2874 Z17.9798 E0.6404
G1 X91.6399 Y138.8204 Z17.9843 E0.6405
G1 X92.1288 Y140.3344 Z17.9888 E0.6405
G1 X92.6806 Y141.8267 Z17.9933 E0.6406
G1 X93.2945 Y143.2948 Z17.9978 E0.6406
G1 X93.9693 Y144.7359 Z18.0023 E0.6407
G1 X94.7040 Y146.1476 Z18.0068 E0.6407
G1 X95.4973 Y147.5275 Z18.0113 E0.6408
G1 X96.3476 Y148.8730 Z18.0158 E0.6408
G1 X97.2537 Y150.1818 Z18.0202 E0.6409
G1 X98.2138 Y151.4516 Z18.0247 E0.6409
G1 X99.2264 Y152.6803 Z18.0292 E0.641
G1 X100.2895 Y153.8655 Z18.0337 E0.641
G1 X101.4015 Y155.0052 Z18.0382 E0.6411
G1 X102.5603 Y156.0975 Z18.0427 E0.6411
G1 X103.7640 Y157.1404 Z18.0472 E0.6412
G1 X105.0103 Y158.1320 Z18.0517 E0.6412
G1 X106.2972 Y159.0706 Z18.0561 E0.6413
G1 X107.6223 Y159.9546 Z18.0606 E0.6413
G1 X108.9835 Y160.7824 Z18.0651 E0.6414
G1 X110.3782 Y161.5525 Z18.0696 E0.6414
G1 X111.8040 Y162.2636 Z18.0741 E0.6415
G1 X113.2585 Y162.9145 Z18.0786 E0.6415
G1 X114.7391 Y163.5039 Z18.0831 E0.6416
G1 X116.2431 Y164.0308 Z18.0876 E0.6416
G1 X117.7681 Y164.4943 Z18.0921 E0.6417
G1 X119.3112 Y164.8935 Z18.0965 E0.6417
G1 X120.8698 Y165.2279 Z18.101 E0.6418
G1 X122.4412 Y165.4966 Z18.1055 E0.6418
G1 X124.0226 Y165.6994 Z18.11 E0.6419
G1 X125.6112 Y165.8358 Z18.1145 E0.6419
G1 X127.2042 Y165.9055 Z18.119 E0.642
G1 X128.7989 Y165.9085 Z18.1235 E0.6421
G1 X130.3924 Y165.8447 Z18.128 E0.6421
G1 X131.9820 Y165.7142 Z18.1324 E0.6422
G1 X133.5649 Y165.5172 Z18.1369 E0.6422
G1 X135.1382 Y165.2541 Z18.1414 E0.6423
G1 X136.6993 Y164.9253 Z18.1459 E0.6423
G1 X138.2453 Y164.5314 Z18.1504 E0.6424
G1 X139.7736 Y164.0731 Z18.1549 E0.6424
G1 X141.2815 Y163.5511 Z18.1594 E0.6425
G1 X142.7664 Y162.9664 Z18.1639 E0.6425
G1 X144.2255 Y162.3200 Z18.1683 E0.6426
G1 X145.6565 Y161.6130 Z18.1728 E0.6426
G1 X147.0566 Y160.8466 Z18.1773 E0.6427
G1 X148.4236 Y160.0223 Z18.1818 E0.6427
G1 X149.7549 Y159.1413 Z18.1863 E0.6428
G1 X151.0483 Y158.2052 Z18.1908 E0.6428
G1 X152.3015 Y157.2158 Z18.1953 E0.6429
G1 X153.5122 Y156.1747 Z18.1998 E0.6429
G1 X154.6783 Y155.0836 Z18.2043 E0.643
G1 X155.7978 Y153.9447 Z18.2087 E0.643
G1 X156.8687 Y152.7597 Z18.2132 E0.6431
G1 X157.8892 Y151.5309 Z18.2177 E0.6431
G1 X158.8573 Y150.2603 Z18.2222 E0.6432
G1 X159.7715 Y148.9502 Z18.2267 E0.6432
G1 X160.6301 Y147.6028 Z18.2312 E0.6433
G1 X161.4316 Y146.2205 Z18.2357 E0.6433
G1 X162.1745 Y144.8058 Z18.2402 E0.6434
G1 X162.8576 Y143.3611 Z18.2446 E0.6435
G1 X163.4796 Y141.8890 Z18.2491 E0.6435
G1 X164.0396 Y140.3920 Z18.2536 E0.6436
G1 X164.5363 Y138.8727 Z18.2581 E0.6436
G1 X164.9690 Y137.3338 Z18.2626 E0.6437
G1 X165.3370 Y135.7781 Z18.2671 E0.6437
G1 X165.6395 Y134.2082 Z18.2716 E0.6438
G1 X165.8760 Y132.6269 Z18.2761 E0.6438
G1 X166.0461 Y131.0369 Z18.2806 E0.6439
G1 X166.1494 Y129.4411 Z18.285 E0.6439
G1 X166.1859 Y127.8422 Z18.2895 E0.644
G1 X166.1552 Y126.2431 Z18.2941 E0.644
G1 X166.0576 Y124.6465 Z18.2987 E0.6441
G1 X165.8931 Y123.0554 Z18.3033 E0.6441
G1 X165.6622 Y121.4724 Z18.3079 E0.6441
G1 X165.3651 Y119.9003 Z18.3125 E0.6442
G1 X165.0025 Y118.3420 Z18.3171 E0.6442
G1 X164.5749 Y116.8000 Z18.3217 E0.6443
G1 X164.0830 Y115.2773 Z18.3263 E0.6443
G1 X163.5278 Y113.7763 Z18.3309 E0.6444
G1 X162.9102 Y112.2998 Z18.3355 E0.6444
G1 X162.2312 Y110.8504 Z18.3401 E0.6445
G1 X161.4921 Y109.4306 Z18.3447 E0.6445
G1 X160.6941 Y108.0429 Z18.3493 E0.6446
G1 X159.8387 Y106.6897 Z18.3539 E0.6446
G1 X158.9272 Y105.3734 Z18.3585 E0.6446
G1 X157.9614 Y104.0963 Z18.3631 E0.6447
G1 X156.9428 Y102.8607 Z18.3677 E0.6447
G1 X155.8734 Y101.6688 Z18.3723 E0.6448
G1 X154.7548 Y100.5226 Z18.3769 E0.6448
G1 X153.5892 Y99.4242 Z18.3815 E0.6449
G1 X152.3785 Y98.3755 Z18.3861 E0.6449
G1 X151.1249 Y97.3783 Z18.3907 E0.6449
G1 X149.8305 Y96.4344 Z18.3954 E0.645
G1 X148.4976 Y95.5455 Z18.4 E0.645
G1 X147.1286 Y94.7131 Z18.4046 E0.6451
G1 X145.7258 Y93.9387 Z18.4092 E0.6451
G1 X144.2917 Y93.2237 Z18.4138 E0.6452
G1 X142.8288 Y92.5694 Z18.4184 E0.6452
G1 X141.3397 Y91.9768 Z18.423 E0.6453
G1 X139.8270 Y91.4470 Z18.4276 E0.6453
G1 X138.2933 Y90.9811 Z18.4322 E0.6453
G1 X136.7413 Y90.5797 Z18.4368 E0.6454
G1 X135.1738 Y90.2437 Z18.4414 E0.6454
G1 X133.5935 Y89.9736 Z18.446 E0.6455
G1 X132.0031 Y89.7698 Z18.4506 E0.6455
G1 X130.4054 Y89.6329 Z18.4552 E0.6456
G1 X128.8033 Y89.5629 Z18.4598 E0.6456
G1 X127.1996 Y89.5601 Z18.4644 E0.6457
G1 X125.5971 Y89.6245 Z18.469 E0.6457
G1 X123.9985 Y89.7560 Z18.4736 E0.6458
G1 X122.4067 Y89.9542 Z18.4782 E0.6458
G1 X120.8245 Y90.2190 Z18.4828 E0.6458
G1 X119.2547 Y90.5498 Z18.4874 E0.6459
G1 X117.6999 Y90.9461 Z18.492 E0.6459
G1 X116.1631 Y91.4072 Z18.4966 E0.646
G1 X114.6467 Y91.9323 Z18.5012 E0.646
G1 X113.1536 Y92.5205 Z18.5058 E0.6461
G1 X111.6864 Y93.1707 Z18.5104 E0.6461
G1 X110.2475 Y93.8819 Z18.515 E0.6462
G1 X108.8395 Y94.6527 Z18.5196 E0.6462
G1 X107.4650 Y95.4819 Z18.5242 E0.6463
G1 X106.1263 Y96.3679 Z18.5288 E0.6463
G1 X104.8258 Y97.3094 Z18.5334 E0.6463
G1 X103.5658 Y98.3045 Z18.538 E0.6464
G1 X102.3484 Y99.3516 Z18.5426 E0.6464
G1 X101.1759 Y100.4488 Z18.5472 E0.6465
G1 X100.0503 Y101.5943 Z18.5518 E0.6465
G1 X98.9736 Y102.7860 Z18.5564 E0.6466
G1 X97.9476 Y104.0218 Z18.561 E0.6466
G1 X96.9742 Y105.2996 Z18.5656 E0.6467
G1 X96.0551 Y106.6171 Z18.5702 E0.6467
G1 X95.1919 Y107.9720 Z18.5748 E0.6468
G1 X94.3862 Y109.3620 Z18.5794 E0.6468
G1 X93.6393 Y110.7847 Z18.584 E0.6469
G1 X92.9526 Y112.2374 Z18.5886 E0.6469
G1 X92.3273 Y113.7178 Z18.5932 E0.647
G1 X91.7645 Y115.2231 Z18.5978 E0.647
G1 X91.2652 Y116.7508 Z18.6024 E0.647
G1 X90.8302 Y118.2982 Z18.607 E0.6471
G1 X90.4604 Y119.8626 Z18.6116 E0.6471
G1 X90.1565 Y121.4412 Z18.6162 E0.6472
G1 X89.9189 Y123.0312 Z18.6208 E0.6472
G1 X89.7480 Y124.6300 Z18.6254 E0.6473
G1 X89.6443 Y126.2346 Z18.63 E0.6473
G1 X89.6078 Y127.8422 Z18.6346 E0.6474
G1 X89.6387 Y129.4501 Z18.6392 E0.6474
G1 X89.7369 Y131.0554 Z18.6438 E0.6475
G1 X89.9022 Y132.6553 Z18.6484 E0.6475
G1 X90.1345 Y134.2469 Z18.653 E0.6476
G1 X90.4331 Y135.8276 Z18.6576 E0.6476
G1 X90.7978 Y137.3945 Z18.6622 E0.6477
G1 X91.2278 Y138.9449 Z18.6668 E0.6477
G1 X91.7223 Y140.4760 Z18.6714 E0.6477
G1 X92.2806 Y141.9851 Z18.676 E0.6478
G1 X92.9016 Y143.4697 Z18.6806 E0.6478
G1 X93.5843 Y144.9270 Z18.6852 E0.6479
G1 X94.3275 Y146.3546 Z18.6898 E0.6479
G1 X95.1299 Y147.7500 Z18.6944 E0.648
G1 X95.9900 Y149.1106 Z18.699 E0.648
G1 X96.9065 Y150.4341 Z18.7036 E0.6481
G1 X97.8776 Y151.7181 Z18.7082 E0.6481
G1 X98.9017 Y152.9604 Z18.7128 E0.6482
G1 X99.9771 Y154.1589 Z18.7174 E0.6482
G1 X101.1017 Y155.3113 Z18.722 E0.6483
G1 X102.2738 Y156.4158 Z18.7266 E0.6483
G1 X103.4911 Y157.4702 Z18.7312 E0.6484
G1 X104.7516 Y158.4728 Z18.7358 E0.6484
G1 X106.0531 Y159.4219 Z18.7404 E0.6485
G1 X107.3932 Y160.3156 Z18.745 E0.6485
G1 X108.7698 Y161.1525 Z18.7496 E0.6486
G1 X110.1802 Y161.9312 Z18.7542 E0.6486
G1 X111.6222 Y162.6500 Z18.7588 E0.6486
G1 X113.0931 Y163.3080 Z18.7634 E0.6487
G1 X114.5903 Y163.9038 Z18.768 E0.6488
G1 X116.1113 Y164.4364 Z18.7726 E0.6488
G1 X117.6534 Y164.9049 Z18.7772 E0.6488
G1 X119.2139 Y165.3085 Z18.7818 E0.6489
G1 X120.7900 Y165.6463 Z18.7864 E0.6489
G1 X122.3790 Y165.9179 Z18.791 E0.649
G1 X123.9781 Y166.1227 Z18.7956 E0.649
G1 X125.5844 Y166.2604 Z18.8002 E0.6491
G1 X127.1953 Y166.3307 Z18.8048 E0.6491
G1 X128.8078 Y166.3335 Z18.8094 E0.6492
G1 X130.4191 Y166.2688 Z18.814 E0.6492
G1 X132.0264 Y166.1366 Z18.8186 E0.6493
G1 X133.6269 Y165.9372 Z18.8232 E0.6493
G1 X135.2177 Y165.6710 Z18.8278 E0.6494
G1 X136.7961 Y165.3383 Z18.8324 E0.6494
G1 X138.3594 Y164.9399 Z18.837 E0.6495
G1 X139.9046 Y164.4762 Z18.8416 E0.6495
G1 X141.4292 Y163.9483 Z18.8462 E0.6496
G1 X142.9305 Y163.3569 Z18.8508 E0.6496
G1 X144.4058 Y162.7031 Z18.8554 E0.6497
G1 X145.8525 Y161.9880 Z18.86 E0.6497
G1 X147.2681 Y161.2130 Z18.8646 E0.6498
G1 X148.6502 Y160.3793 Z18.8692 E0.6498
G1 X149.9962 Y159.4883 Z18.8738 E0.6499
G1 X151.3037 Y158.5418 Z18.8784 E0.6499
G1 X152.5706 Y157.5412 Z18.883 E0.65
G1 X153.7946 Y156.4883 Z18.8876 E0.65
G1 X154.9735 Y155.3851 Z18.8922 E0.6501
G1 X156.1053 Y154.2334 Z18.8968 E0.6501
G1 X157.1879 Y153.0352 Z18.9014 E0.6502
G1 X158.2195 Y151.7926 Z18.906 E0.6502
G1 X159.1981 Y150.5079 Z18.9106 E0.6503
G1 X160.1222 Y149.1832 Z18.9152 E0.6503
G1 X160.9901 Y147.8208 Z18.9198 E0.6504
G1 X161.8003 Y146.4232 Z18.9244 E0.6504
G1 X162.5512 Y144.9928 Z18.929 E0.6505
G1 X163.2416 Y143.5321 Z18.9335 E0.6505
G1 X163.8703 Y142.0437 Z18.9382 E0.6506
G1 X164.4362 Y140.5301 Z18.9428 E0.6506
G1 X164.9382 Y138.9941 Z18.9473 E0.6507
G1 X165.3755 Y137.4382 Z18.9519 E0.6507
G1 X165.7473 Y135.8653 Z18.9565 E0.6508
G1 X166.0529 Y134.2781 Z18.9611 E0.6508
G1 X166.2918 Y132.6794 Z18.9657 E0.6509
G1 X166.4636 Y131.0720 Z18.9703 E0.6509
G1 X166.5679 Y129.4586 Z18.9749 E0.651
G1 X166.6045 Y127.8422 Z18.9795 E0.651
G1 X166.5733 Y126.2256 Z18.9843 E0.6511
G1 X166.4743 Y124.6115 Z18.989 E0.6511
G1 X166.3078 Y123.0030 Z18.9937 E0.6511
G1 X166.0741 Y121.4027 Z18.9984 E0.6512
G1 X165.7736 Y119.8135 Z19.0031 E0.6512
G1 X165.4068 Y118.2382 Z19.0078 E0.6513
G1 X164.9743 Y116.6795 Z19.0126 E0.6513
G1 X164.4769 Y115.1401 Z19.0173 E0.6513
G1 X163.9154 Y113.6229 Z19.022 E0.6514
G1 X163.2908 Y112.1304 Z19.0267 E0.6514
G1 X162.6042 Y110.6653 Z19.0314 E0.6515
G1 X161.8568 Y109.2301 Z19.0361 E0.6515
G1 X161.0500 Y107.8274 Z19.0409 E0.6515
G1 X160.1850 Y106.4596 Z19.0456 E0.6516
G1 X159.2634 Y105.1291 Z19.0503 E0.6516
G1 X158.2869 Y103.8383 Z19.055 E0.6517
G1 X157.2571 Y102.5894 Z19.0597 E0.6517
G1 X156.1759 Y101.3847 Z19.0644 E0.6517
G1 X155.0451 Y100.2262 Z19.0692 E0.6518
G1 X153.8666 Y99.1161 Z19.0739 E0.6518
G1 X152.6427 Y98.0562 Z19.0786 E0.6519
G1 X151.3753 Y97.0484 Z19.0833 E0.6519
G1 X150.0668 Y96.0944 Z19.088 E0.6519
G1 X148.7194 Y95.1961 Z19.0927 E0.652
G1 X147.3354 Y94.3549 Z19.0975 E0.652
G1 X145.9173 Y93.5724 Z19.1022 E0.6521
G1 X144.4677 Y92.8499 Z19.1069 E0.6521
G1 X142.9889 Y92.1886 Z19.1116 E0.6521
G1 X141.4836 Y91.5899 Z19.1163 E0.6522
G1 X139.9545 Y91.0546 Z19.121 E0.6522
G1 X138.4042 Y90.5839 Z19.1258 E0.6523
G1 X136.8355 Y90.1784 Z19.1305 E0.6523
G1 X135.2510 Y89.8390 Z19.1352 E0.6523
G1 X133.6536 Y89.5662 Z19.1399 E0.6524
G1 X132.0461 Y89.3605 Z19.1446 E0.6524
G1 X130.4313 Y89.2223 Z19.1493 E0.6525
G1 X128.8120 Y89.1518 Z19.1541 E0.6525
G1 X127.1910 Y89.1492 Z19.1588 E0.6526
G1 X125.5713 Y89.2145 Z19.1635 E0.6526
G1 X123.9556 Y89.3476 Z19.1682 E0.6526
G1 X122.3468 Y89.5483 Z19.1729 E0.6527
G1 X120.7476 Y89.8161 Z19.1776 E0.6527
G1 X119.1610 Y90.1507 Z19.1824 E0.6528
G1 X117.5897 Y90.5515 Z19.1871 E0.6528
G1 X116.0365 Y91.0177 Z19.1918 E0.6528
G1 X114.5040 Y91.5486 Z19.1965 E0.6529
G1 X112.9951 Y92.1433 Z19.2012 E0.6529
G1 X111.5122 Y92.8007 Z19.2059 E0.653
G1 X110.0581 Y93.5196 Z19.2107 E0.653
G1 X108.6353 Y94.2989 Z19.2154 E0.6531
G1 X107.2462 Y95.1371 Z19.2201 E0.6531
G1 X105.8934 Y96.0328 Z19.2248 E0.6531
G1 X104.5792 Y96.9844 Z19.2295 E0.6532
G1 X103.3059 Y97.9903 Z19.2342 E0.6532
G1 X102.0757 Y99.0487 Z19.239 E0.6533
G1 X100.8909 Y100.1578 Z19.2437 E0.6533
G1 X99.7535 Y101.3156 Z19.2484 E0.6534
G1 X98.6655 Y102.5200 Z19.2531 E0.6534
G1 X97.6288 Y103.7691 Z19.2578 E0.6534
G1 X96.6453 Y105.0606 Z19.2625 E0.6535
G1 X95.7166 Y106.3922 Z19.2673 E0.6535
G1 X94.8445 Y107.7616 Z19.272 E0.6536
G1 X94.0304 Y109.1664 Z19.2767 E0.6536
G1 X93.2759 Y110.6042 Z19.2814 E0.6537
G1 X92.5821 Y112.0725 Z19.2861 E0.6537
G1 X91.9504 Y113.5685 Z19.2908 E0.6537
G1 X91.3819 Y115.0899 Z19.2956 E0.6538
G1 X90.8775 Y116.6338 Z19.3003 E0.6538
G1 X90.4382 Y118.1976 Z19.305 E0.6539
G1 X90.0647 Y119.7785 Z19.3097 E0.6539
G1 X89.7578 Y121.3738 Z19.3144 E0.654
G1 X89.5179 Y122.9806 Z19.3191 E0.654
G1 X89.3455 Y124.5962 Z19.3239 E0.654
G1 X89.2409 Y126.2177 Z19.3286 E0.6541
G1 X89.2042 Y127.8422 Z19.3333 E0.6541
G1 X89.2357 Y129.4670 Z19.338 E0.6542
G1 X89.3351 Y131.0891 Z19.3427 E0.6542
G1 X89.5025 Y132.7058 Z19.3474 E0.6543
G1 X89.7373 Y134.3141 Z19.3521 E0.6543
G1 X90.0394 Y135.9113 Z19.3569 E0.6544
G1 X90.4081 Y137.4946 Z19.3616 E0.6544
G1 X90.8428 Y139.0611 Z19.3663 E0.6544
G1 X91.3427 Y140.6081 Z19.371 E0.6545
G1 X91.9070 Y142.1330 Z19.3757 E0.6545
G1 X92.5348 Y143.6330 Z19.3804 E0.6546
G1 X93.2248 Y145.1055 Z19.3852 E0.6546
G1 X93.9760 Y146.5479 Z19.3899 E0.6547
G1 X94.7869 Y147.9577 Z19.3946 E0.6547
G1 X95.6562 Y149.3324 Z19.3993 E0.6547
G1 X96.5824 Y150.6695 Z19.404 E0.6548
G1 X97.5639 Y151.9668 Z19.4087 E0.6548
G1 X98.5988 Y153.2219 Z19.4135 E0.6549
G1 X99.6855 Y154.4327 Z19.4182 E0.6549
G1 X100.8221 Y155.5970 Z19.4229 E0.655
G1 X102.0064 Y156.7127 Z19.4276 E0.655
G1 X103.2365 Y157.7779 Z19.4323 E0.6551
G1 X104.5103 Y158.7908 Z19.437 E0.6551
G1 X105.8254 Y159.7495 Z19.4417 E0.6551
G1 X107.1796 Y160.6523 Z19.4465 E0.6552
G1 X108.5705 Y161.4977 Z19.4512 E0.6552
G1 X109.9957 Y162.2842 Z19.4559 E0.6553
G1 X111.4527 Y163.0103 Z19.4606 E0.6553
G1 X112.9389 Y163.6748 Z19.4653 E0.6554
G1 X114.4517 Y164.2766 Z19.47 E0.6554
G1 X115.9885 Y164.8145 Z19.4747 E0.6555
G1 X117.5466 Y165.2876 Z19.4795 E0.6555
G1 X119.1232 Y165.6951 Z19.4842 E0.6556
G1 X120.7156 Y166.0362 Z19.4889 E0.6556
G1 X122.3210 Y166.3104 Z19.4936 E0.6556
G1 X123.9366 Y166.5171 Z19.4983 E0.6557
G1 X125.5596 Y166.6560 Z19.503 E0.6557
G1 X127.1870 Y166.7268 Z19.5077 E0.6558
G1 X128.8161 Y166.7294 Z19.5125 E0.6558
G1 X130.4440 Y166.6637 Z19.5172 E0.6559
G1 X132.0678 Y166.5300 Z19.5219 E0.6559
G1 X133.6846 Y166.3283 Z19.5266 E0.656
G1 X135.2918 Y166.0591 Z19.5313 E0.656
G1 X136.8863 Y165.7228 Z19.536 E0.656
G1 X138.4655 Y165.3200 Z19.5408 E0.6561
G1 X140.0265 Y164.8514 Z19.5455 E0.6561
G1 X141.5667 Y164.3178 Z19.5502 E0.6562
G1 X143.0832 Y163.7202 Z19.5549 E0.6562
G1 X144.5735 Y163.0595 Z19.5596 E0.6563
G1 X146.0349 Y162.3370 Z19.5643 E0.6563
G1 X147.4649 Y161.5538 Z19.569 E0.6564
G1 X148.8609 Y160.7114 Z19.5738 E0.6564
G1 X150.2205 Y159.8111 Z19.5785 E0.6565
G1 X151.5413 Y158.8547 Z19.5832 E0.6565
G1 X152.8210 Y157.8438 Z19.5879 E0.6566
G1 X154.0573 Y156.7801 Z19.5926 E0.6566
G1 X155.2480 Y155.6654 Z19.5973 E0.6566
G1 X156.3911 Y154.5018 Z19.602 E0.6567
G1 X157.4846 Y153.2913 Z19.6068 E0.6567
G1 X158.5264 Y152.0360 Z19.6115 E0.6568
G1 X159.5149 Y150.7380 Z19.6162 E0.6568
G1 X160.4482 Y149.3997 Z19.6209 E0.6569
G1 X161.3247 Y148.0234 Z19.6256 E0.6569
G1 X162.1428 Y146.6115 Z19.6303 E0.657
G1 X162.9012 Y145.1665 Z19.6351 E0.657
G1 X163.5984 Y143.6909 Z19.6398 E0.6571
G1 X164.2332 Y142.1874 Z19.6445 E0.6571
G1 X164.8046 Y140.6584 Z19.6492 E0.6572
G1 X165.3115 Y139.1068 Z19.6539 E0.6572
G1 X165.7530 Y137.5351 Z19.6586 E0.6573
G1 X166.1283 Y135.9463 Z19.6633 E0.6573
G1 X166.4368 Y134.3430 Z19.6681 E0.6574
G1 X166.6779 Y132.7282 Z19.6728 E0.6574
G1 X166.8511 Y131.1045 Z19.6775 E0.6575
G1 X166.9562 Y129.4749 Z19.6822 E0.6575
G1 X166.9930 Y127.8422 Z19.6869 E0.6575
G1 X166.9612 Y126.2093 Z19.6918 E0.6576
G1 X166.8610 Y124.5791 Z19.6966 E0.6576
G1 X166.6926 Y122.9544 Z19.7014 E0.6577
G1 X166.4563 Y121.3381 Z19.7063 E0.6577
G1 X166.1525 Y119.7330 Z19.7111 E0.6577
G1 X165.7817 Y118.1419 Z19.716 E0.6578
G1 X165.3446 Y116.5677 Z19.7208 E0.6578
G1 X164.8419 Y115.0130 Z19.7257 E0.6578
G1 X164.2746 Y113.4807 Z19.7305 E0.6579
G1 X163.6435 Y111.9734 Z19.7353 E0.6579
G1 X162.9498 Y110.4937 Z19.7402 E0.6579
G1 X162.1947 Y109.0443 Z19.745 E0.658
G1 X161.3796 Y107.6277 Z19.7499 E0.658
G1 X160.5058 Y106.2464 Z19.7547 E0.658
G1 X159.5748 Y104.9029 Z19.7595 E0.6581
G1 X158.5884 Y103.5994 Z19.7644 E0.6581
G1 X157.5481 Y102.3382 Z19.7692 E0.6581
G1 X156.4559 Y101.1217 Z19.7741 E0.6582
G1 X155.3137 Y99.9519 Z19.7789 E0.6582
G1 X154.1234 Y98.8309 Z19.7837 E0.6582
G1 X152.8871 Y97.7607 Z19.7886 E0.6583
G1 X151.6070 Y96.7431 Z19.7934 E0.6583
G1 X150.2853 Y95.7800 Z19.7983 E0.6584
G1 X148.9244 Y94.8730 Z19.8031 E0.6584
G1 X147.5266 Y94.0237 Z19.808 E0.6584
G1 X146.0944 Y93.2337 Z19.8128 E0.6585
G1 X144.6303 Y92.5042 Z19.8176 E0.6585
G1 X143.1368 Y91.8367 Z19.8225 E0.6585
G1 X141.6166 Y91.2323 Z19.8273 E0.6586
G1 X140.0723 Y90.6921 Z19.8322 E0.6586
G1 X138.5067 Y90.2169 Z19.837 E0.6586
G1 X136.9224 Y89.8077 Z19.8418 E0.6587
G1 X135.3223 Y89.4652 Z19.8467 E0.6587
G1 X133.7092 Y89.1900 Z19.8515 E0.6587
G1 X132.0858 Y88.9825 Z19.8564 E0.6588
G1 X130.4551 Y88.8432 Z19.8612 E0.6588
G1 X128.8199 Y88.7724 Z19.8661 E0.6589
G1 X127.1831 Y88.7700 Z19.8709 E0.6589
G1 X125.5475 Y88.8362 Z19.8757 E0.6589
G1 X123.9160 Y88.9709 Z19.8806 E0.659
G1 X122.2914 Y89.1737 Z19.8854 E0.659
G1 X120.6767 Y89.4444 Z19.8903 E0.659
G1 X119.0747 Y89.7826 Z19.8951 E0.6591
G1 X117.4881 Y90.1875 Z19.9 E0.6591
G1 X115.9198 Y90.6585 Z19.9048 E0.6592
G1 X114.3725 Y91.1949 Z19.9096 E0.6592
G1 X112.8489 Y91.7956 Z19.9145 E0.6592
G1 X111.3517 Y92.4596 Z19.9193 E0.6593
G1 X109.8836 Y93.1858 Z19.9242 E0.6593
G1 X108.4470 Y93.9729 Z19.929 E0.6593
G1 X107.0446 Y94.8194 Z19.9338 E0.6594
G1 X105.6788 Y95.7241 Z19.9387 E0.6594
G1 X104.3520 Y96.6851 Z19.9435 E0.6595
G1 X103.0665 Y97.7010 Z19.9484 E0.6595
G1 X101.8247 Y98.7699 Z19.9532 E0.6595
G1 X100.6286 Y99.8899 Z19.958 E0.6596
G1 X99.4803 Y101.0590 Z19.9629 E0.6596
G1 X98.3820 Y102.2753 Z19.9677 E0.6596
G1 X97.3355 Y103.5366 Z19.9726 E0.6597
G1 X96.3427 Y104.8407 Z19.9774 E0.6597
G1 X95.4053 Y106.1853 Z19.9823 E0.6598
G1 X94.5250 Y107.5681 Z19.9871 E0.6598
G1 X93.7033 Y108.9866 Z19.9919 E0.6598
G1 X92.9417 Y110.4384 Z19.9968 E0.6599
G1 X92.2415 Y111.9208 Z20.0016 E0.6599
G1 X91.6040 Y113.4314 Z20.0065 E0.66
G1 X91.0302 Y114.9674 Z20.0113 E0.66
G1 X90.5213 Y116.5263 Z20.0161 E0.66
G1 X90.0780 Y118.1051 Z20.021 E0.6601
G1 X89.7012 Y119.7012 Z20.0258 E0.6601
G1 X89.3916 Y121.3118 Z20.0307 E0.6601
G1 X89.1497 Y122.9341 Z20.0355 E0.6602
G1 X88.9759 Y124.5651 Z20.0403 E0.6602
G1 X88.8706 Y126.2021 Z20.0452 E0.6603
G1 X88.8339 Y127.8422 Z20.05 E0.6603
G1 X88.8659 Y129.4825 Z20.0549 E0.6603
G1 X88.9665 Y131.1201 Z20.0597 E0.6604
G1 X89.1357 Y132.7521 Z20.0646 E0.6604
G1 X89.3731 Y134.3757 Z20.0694 E0.6605
G1 X89.6783 Y135.9881 Z20.0742 E0.6605
G1 X90.0507 Y137.5863 Z20.0791 E0.6605
G1 X90.4898 Y139.1676 Z20.0839 E0.6606
G1 X90.9948 Y140.7293 Z20.0888 E0.6606
G1 X91.5647 Y142.2686 Z20.0936 E0.6607
G1 X92.1986 Y143.7827 Z20.0984 E0.6607
G1 X92.8954 Y145.2690 Z20.1033 E0.6608
G1 X93.6539 Y146.7249 Z20.1081 E0.6608
G1 X94.4728 Y148.1479 Z20.113 E0.6608
G1 X95.3506 Y149.5354 Z20.1178 E0.6609
G1 X96.2857 Y150.8851 Z20.1226 E0.6609
G1 X97.2766 Y152.1944 Z20.1275 E0.661
G1 X98.3216 Y153.4612 Z20.1323 E0.661
G1 X99.4187 Y154.6832 Z20.1372 E0.661
G1 X100.5661 Y155.8583 Z20.142 E0.6611
G1 X101.7618 Y156.9843 Z20.1468 E0.6611
G1 X103.0037 Y158.0594 Z20.1517 E0.6612
G1 X104.2896 Y159.0816 Z20.1565 E0.6612
G1 X105.6172 Y160.0490 Z20.1614 E0.6612
G1 X106.9842 Y160.9601 Z20.1662 E0.6613
G1 X108.3883 Y161.8132 Z20.171 E0.6613
G1 X109.8270 Y162.6068 Z20.1759 E0.6614
G1 X111.2977 Y163.3395 Z20.1807 E0.6614
G1 X112.7980 Y164.0100 Z20.1856 E0.6615
G1 X114.3250 Y164.6172 Z20.1904 E0.6615
G1 X115.8763 Y165.1598 Z20.1952 E0.6615
G1 X117.4490 Y165.6371 Z20.2001 E0.6616
G1 X119.0404 Y166.0482 Z20.2049 E0.6616
G1 X120.6477 Y166.3922 Z20.2098 E0.6617
G1 X122.2681 Y166.6687 Z20.2146 E0.6617
G1 X123.8988 Y166.8770 Z20.2194 E0.6617
G1 X125.5368 Y167.0169 Z20.2243 E0.6618
G1 X127.1794 Y167.0881 Z20.2291 E0.6618
G1 X128.8237 Y167.0905 Z20.234 E0.6619
G1 X130.4666 Y167.0240 Z20.2388 E0.6619
G1 X132.1055 Y166.8887 Z20.2436 E0.662
G1 X133.7373 Y166.6849 Z20.2485 E0.662
G1 X135.3593 Y166.4130 Z20.2533 E0.662
G1 X136.9685 Y166.0733 Z20.2582 E0.6621
G1 X138.5623 Y165.6665 Z20.263 E0.6621
G1 X140.1376 Y165.1934 Z20.2678 E0.6622
G1 X141.6919 Y164.6546 Z20.2727 E0.6622
G1 X143.2224 Y164.0512 Z20.2775 E0.6623
G1 X144.7263 Y163.3841 Z20.2824 E0.6623
G1 X146.2010 Y162.6547 Z20.2872 E0.6623
G1 X147.6440 Y161.8641 Z20.292 E0.6624
G1 X149.0528 Y161.0137 Z20.2969 E0.6624
G1 X150.4247 Y160.1050 Z20.3017 E0.6625
G1 X151.7575 Y159.1395 Z20.3066 E0.6625
G1 X153.0487 Y158.1191 Z20.3114 E0.6626
G1 X154.2962 Y157.0454 Z20.3162 E0.6626
G1 X155.4977 Y155.9204 Z20.3211 E0.6626
G1 X156.6511 Y154.7459 Z20.3259 E0.6627
G1 X157.7543 Y153.5242 Z20.3308 E0.6627
G1 X158.8055 Y152.2572 Z20.3356 E0.6628
G1 X159.8028 Y150.9472 Z20.3404 E0.6628
G1 X160.7444 Y149.5965 Z20.3453 E0.6629
G1 X161.6287 Y148.2075 Z20.3501 E0.6629
G1 X162.4540 Y146.7826 Z20.355 E0.663
G1 X163.2191 Y145.3243 Z20.3598 E0.663
G1 X163.9224 Y143.8352 Z20.3646 E0.6631
G1 X164.5628 Y142.3178 Z20.3695 E0.6631
G1 X165.1391 Y140.7749 Z20.3743 E0.6631
G1 X165.6503 Y139.2091 Z20.3792 E0.6632
G1 X166.0956 Y137.6231 Z20.384 E0.6632
G1 X166.4740 Y136.0198 Z20.3888 E0.6633
G1 X166.7851 Y134.4020 Z20.3937 E0.6633
G1 X167.0281 Y132.7724 Z20.3985 E0.6634
G1 X167.2026 Y131.1340 Z20.4034 E0.6634
G1 X167.3084 Y129.4897 Z20.4082 E0.6634
G1 X167.3453 Y127.8422 Z20.413 E0.6635
G1 X167.3129 Y126.1946 Z20.418 E0.6635
G1 X167.2115 Y124.5496 Z20.423 E0.6636
G1 X167.0413 Y122.9103 Z20.4279 E0.6636
G1 X166.8026 Y121.2795 Z20.4329 E0.6636
G1 X166.4958 Y119.6600 Z20.4378 E0.6636
G1 X166.1214 Y118.0547 Z20.4428 E0.6637
G1 X165.6801 Y116.4664 Z20.4477 E0.6637
G1 X165.1727 Y114.8978 Z20.4527 E0.6637
G1 X164.6000 Y113.3518 Z20.4576 E0.6638
G1 X163.9630 Y111.8311 Z20.4626 E0.6638
G1 X163.2629 Y110.3383 Z20.4675 E0.6638
G1 X162.5008 Y108.8761 Z20.4725 E0.6639
G1 X161.6781 Y107.4469 Z20.4775 E0.6639
G1 X160.7962 Y106.0534 Z20.4824 E0.6639
G1 X159.8567 Y104.6980 Z20.4874 E0.664
G1 X158.8613 Y103.3831 Z20.4923 E0.664
G1 X157.8115 Y102.1109 Z20.4973 E0.664
G1 X156.7094 Y100.8837 Z20.5022 E0.664
G1 X155.5568 Y99.7037 Z20.5072 E0.6641
G1 X154.3557 Y98.5729 Z20.5121 E0.6641
G1 X153.1082 Y97.4934 Z20.5171 E0.6641
G1 X151.8166 Y96.4670 Z20.5221 E0.6642
G1 X150.4831 Y95.4955 Z20.527 E0.6642
G1 X149.1099 Y94.5807 Z20.532 E0.6642
G1 X147.6996 Y93.7241 Z20.5369 E0.6643
G1 X146.2546 Y92.9273 Z20.5419 E0.6643
G1 X144.7774 Y92.1917 Z20.5468 E0.6643
G1 X143.2706 Y91.5185 Z20.5518 E0.6644
G1 X141.7369 Y90.9090 Z20.5568 E0.6644
G1 X140.1788 Y90.3642 Z20.5617 E0.6644
G1 X138.5993 Y89.8851 Z20.5667 E0.6644
G1 X137.0010 Y89.4726 Z20.5716 E0.6645
G1 X135.3868 Y89.1274 Z20.5766 E0.6645
G1 X133.7594 Y88.8500 Z20.5815 E0.6645
G1 X132.1217 Y88.6410 Z20.5865 E0.6646
G1 X130.4767 Y88.5007 Z20.5914 E0.6646
G1 X128.8271 Y88.4295 Z20.5964 E0.6646
G1 X127.1759 Y88.4274 Z20.6014 E0.6647
G1 X125.5260 Y88.4945 Z20.6063 E0.6647
G1 X123.8802 Y88.6306 Z20.6113 E0.6647
G1 X122.2415 Y88.8355 Z20.6162 E0.6648
G1 X120.6127 Y89.1088 Z20.6212 E0.6648
G1 X118.9967 Y89.4502 Z20.6261 E0.6648
G1 X117.3964 Y89.8589 Z20.6311 E0.6649
G1 X115.8145 Y90.3343 Z20.636 E0.6649
G1 X114.2538 Y90.8756 Z20.641 E0.6649
G1 X112.7170 Y91.4818 Z20.646 E0.665
G1 X111.2069 Y92.1518 Z20.6509 E0.665
G1 X109.7261 Y92.8846 Z20.6559 E0.665
G1 X108.2772 Y93.6787 Z20.6608 E0.6651
G1 X106.8628 Y94.5329 Z20.6658 E0.6651
G1 X105.4853 Y95.4456 Z20.6707 E0.6651
G1 X104.1471 Y96.4152 Z20.6757 E0.6652
G1 X102.8507 Y97.4401 Z20.6807 E0.6652
G1 X101.5982 Y98.5184 Z20.6856 E0.6652
G1 X100.3920 Y99.6483 Z20.6906 E0.6653
G1 X99.2340 Y100.8277 Z20.6955 E0.6653
G1 X98.1264 Y102.0547 Z20.7005 E0.6653
G1 X97.0711 Y103.3271 Z20.7054 E0.6654
G1 X96.0700 Y104.6426 Z20.7104 E0.6654
G1 X95.1247 Y105.9989 Z20.7153 E0.6654
G1 X94.2371 Y107.3937 Z20.7203 E0.6655
G1 X93.4086 Y108.8246 Z20.7253 E0.6655
G1 X92.6407 Y110.2889 Z20.7302 E0.6655
G1 X91.9347 Y111.7842 Z20.7352 E0.6656
G1 X91.2920 Y113.3079 Z20.7401 E0.6656
G1 X90.7135 Y114.8572 Z20.7451 E0.6656
G1 X90.2005 Y116.4294 Z20.75 E0.6657
G1 X89.7537 Y118.0218 Z20.755 E0.6657
G1 X89.3740 Y119.6317 Z20.7599 E0.6657
G1 X89.0619 Y121.2561 Z20.7649 E0.6658
G1 X88.8182 Y122.8922 Z20.7699 E0.6658
G1 X88.6432 Y124.5372 Z20.7748 E0.6658
G1 X88.5373 Y126.1882 Z20.7798 E0.6659
G1 X88.5005 Y127.8422 Z20.7847 E0.6659
G1 X88.5331 Y129.4964 Z20.7897 E0.666
G1 X88.6349 Y131.1479 Z20.7946 E0.666
G1 X88.8057 Y132.7938 Z20.7996 E0.666
G1 X89.0454 Y134.4311 Z20.8045 E0.6661
G1 X89.3534 Y136.0571 Z20.8095 E0.6661
G1 X89.7293 Y137.6688 Z20.8144 E0.6661
G1 X90.1724 Y139.2635 Z20.8194 E0.6662
G1 X90.6819 Y140.8383 Z20.8244 E0.6662
G1 X91.2569 Y142.3904 Z20.8293 E0.6662
G1 X91.8964 Y143.9172 Z20.8343 E0.6663
G1 X92.5993 Y145.4160 Z20.8392 E0.6663
G1 X93.3645 Y146.8841 Z20.8442 E0.6664
G1 X94.1905 Y148.3189 Z20.8491 E0.6664
G1 X95.0758 Y149.7180 Z20.8541 E0.6664
G1 X96.0191 Y151.0788 Z20.859 E0.6665
G1 X97.0185 Y152.3990 Z20.864 E0.6665
G1 X98.0725 Y153.6763 Z20.8689 E0.6665
G1 X99.1790 Y154.9083 Z20.8739 E0.6666
G1 X100.3362 Y156.0930 Z20.8789 E0.6666
G1 X101.5421 Y157.2283 Z20.8838 E0.6666
G1 X102.7946 Y158.3122 Z20.8888 E0.6667
G1 X104.0914 Y159.3427 Z20.8937 E0.6667
G1 X105.4302 Y160.3180 Z20.8987 E0.6668
G1 X106.8089 Y161.2365 Z20.9036 E0.6668
G1 X108.2248 Y162.0965 Z20.9086 E0.6668
G1 X109.6756 Y162.8964 Z20.9135 E0.6669
G1 X111.1587 Y163.6350 Z20.9185 E0.6669
G1 X112.6715 Y164.3108 Z20.9234 E0.6669
G1 X114.2114 Y164.9228 Z20.9284 E0.667
G1 X115.7756 Y165.4697 Z20.9334 E0.667
G1 X117.3614 Y165.9507 Z20.9383 E0.6671
G1 X118.9661 Y166.3649 Z20.9433 E0.6671
G1 X120.5868 Y166.7115 Z20.9482 E0.6671
G1 X122.2207 Y166.9900 Z20.9532 E0.6672
G1 X123.8649 Y167.1998 Z20.9581 E0.6672
G1 X125.5165 Y167.3406 Z20.9631 E0.6672
G1 X127.1726 Y167.4121 Z20.968 E0.6673
G1 X128.8304 Y167.4142 Z20.973 E0.6673
G1 X130.4869 Y167.3469 Z20.9779 E0.6674
G1 X132.1393 Y167.2102 Z20.9829 E0.6674
G1 X133.7845 Y167.0045 Z20.9878 E0.6674
G1 X135.4198 Y166.7300 Z20.9928 E0.6675
G1 X137.0422 Y166.3873 Z20.9978 E0.6675
G1 X138.6489 Y165.9769 Z21.0027 E0.6675
G1 X140.2372 Y165.4996 Z21.0077 E0.6676
G1 X141.8041 Y164.9562 Z21.0126 E0.6676
G1 X143.3469 Y164.3476 Z21.0176 E0.6677
G1 X144.8631 Y163.6748 Z21.0225 E0.6677
G1 X146.3498 Y162.9392 Z21.0275 E0.6677
G1 X147.8044 Y162.1419 Z21.0324 E0.6678
G1 X149.2245 Y161.2843 Z21.0374 E0.6678
G1 X150.6075 Y160.3679 Z21.0423 E0.6679
G1 X151.9510 Y159.3944 Z21.0473 E0.6679
G1 X153.2526 Y158.3655 Z21.0522 E0.6679
G1 X154.5100 Y157.2829 Z21.0572 E0.668
G1 X155.7211 Y156.1485 Z21.0622 E0.668
G1 X156.8836 Y154.9643 Z21.0671 E0.6681
G1 X157.9956 Y153.7324 Z21.0721 E0.6681
G1 X159.0551 Y152.4550 Z21.077 E0.6681
G1 X160.0603 Y151.1342 Z21.082 E0.6682
G1 X161.0093 Y149.7725 Z21.0869 E0.6682
G1 X161.9004 Y148.3721 Z21.0919 E0.6683
G1 X162.7322 Y146.9356 Z21.0968 E0.6683
G1 X163.5032 Y145.4654 Z21.1018 E0.6683
G1 X164.2120 Y143.9641 Z21.1067 E0.6684
G1 X164.8573 Y142.4344 Z21.1117 E0.6684
G1 X165.4380 Y140.8790 Z21.1167 E0.6685
G1 X165.9531 Y139.3005 Z21.1216 E0.6685
G1 X166.4016 Y137.7017 Z21.1266 E0.6686
G1 X166.7829 Y136.0854 Z21.1315 E0.6686
G1 X167.0961 Y134.4546 Z21.1365 E0.6686
G1 X167.3408 Y132.8119 Z21.1414 E0.6687
G1 X167.5165 Y131.1604 Z21.1464 E0.6687
G1 X167.6229 Y129.5028 Z21.1513 E0.6688
G1 X167.6597 Y127.8422 Z21.1563 E0.6688
G1 X167.6268 Y126.1814 Z21.1614 E0.6688
G1 X167.5243 Y124.5234 Z21.1664 E0.6688
G1 X167.3525 Y122.8710 Z21.1715 E0.6689
G1 X167.1116 Y121.2272 Z21.1765 E0.6689
G1 X166.8021 Y119.5949 Z21.1816 E0.6689
G1 X166.4244 Y117.9769 Z21.1867 E0.6689
G1 X165.9793 Y116.3760 Z21.1917 E0.669
G1 X165.4676 Y114.7951 Z21.1968 E0.669
G1 X164.8901 Y113.2370 Z21.2018 E0.669
G1 X164.2478 Y111.7043 Z21.2069 E0.669
G1 X163.5418 Y110.1998 Z21.212 E0.6691
G1 X162.7735 Y108.7261 Z21.217 E0.6691
G1 X161.9440 Y107.2859 Z21.2221 E0.6691
G1 X161.0550 Y105.8815 Z21.2272 E0.6691
G1 X160.1078 Y104.5156 Z21.2322 E0.6692
G1 X159.1043 Y103.1904 Z21.2373 E0.6692
G1 X158.0461 Y101.9084 Z21.2423 E0.6692
G1 X156.9351 Y100.6718 Z21.2474 E0.6692
G1 X155.7732 Y99.4827 Z21.2525 E0.6693
G1 X154.5625 Y98.3433 Z21.2575 E0.6693
G1 X153.3051 Y97.2555 Z21.2626 E0.6693
G1 X152.0031 Y96.2213 Z21.2677 E0.6693
G1 X150.6590 Y95.2424 Z21.2727 E0.6694
G1 X149.2749 Y94.3207 Z21.2778 E0.6694
G1 X147.8534 Y93.4576 Z21.2828 E0.6694
G1 X146.3970 Y92.6549 Z21.2879 E0.6695
G1 X144.9081 Y91.9138 Z21.293 E0.6695
G1 X143.3895 Y91.2356 Z21.298 E0.6695
G1 X141.8437 Y90.6216 Z21.3031 E0.6695
G1 X140.2735 Y90.0729 Z21.3082 E0.6696
G1 X138.6816 Y89.5904 Z21.3132 E0.6696
G1 X137.0708 Y89.1749 Z21.3183 E0.6696
G1 X135.4440 Y88.8273 Z21.3233 E0.6696
G1 X133.8040 Y88.5480 Z21.3284 E0.6697
G1 X132.1536 Y88.3377 Z21.3335 E0.6697
G1 X130.4958 Y88.1967 Z21.3385 E0.6697
G1 X128.8335 Y88.1252 Z21.3436 E0.6698
G1 X127.1695 Y88.1233 Z21.3487 E0.6698
G1 X125.5069 Y88.1912 Z21.3537 E0.6698
G1 X123.8485 Y88.3286 Z21.3588 E0.6698
G1 X122.1972 Y88.5354 Z21.3638 E0.6699
G1 X120.5559 Y88.8111 Z21.3689 E0.6699
G1 X118.9276 Y89.1554 Z21.374 E0.6699
G1 X117.3150 Y89.5675 Z21.379 E0.6699
G1 X115.7211 Y90.0469 Z21.3841 E0.67
G1 X114.1485 Y90.5926 Z21.3892 E0.67
G1 X112.6001 Y91.2037 Z21.3942 E0.67
G1 X111.0786 Y91.8791 Z21.3993 E0.6701
G1 X109.5866 Y92.6177 Z21.4043 E0.6701
G1 X108.1268 Y93.4181 Z21.4094 E0.6701
G1 X106.7017 Y94.2791 Z21.4145 E0.6701
G1 X105.3139 Y95.1990 Z21.4195 E0.6702
G1 X103.9657 Y96.1762 Z21.4246 E0.6702
G1 X102.6596 Y97.2091 Z21.4297 E0.6702
G1 X101.3978 Y98.2958 Z21.4347 E0.6703
G1 X100.1826 Y99.4345 Z21.4398 E0.6703
G1 X99.0161 Y100.6231 Z21.4448 E0.6703
G1 X97.9003 Y101.8595 Z21.4499 E0.6703
G1 X96.8372 Y103.1417 Z21.455 E0.6704
G1 X95.8287 Y104.4673 Z21.46 E0.6704
G1 X94.8766 Y105.8341 Z21.4651 E0.6704
G1 X93.9825 Y107.2396 Z21.4702 E0.6705
G1 X93.1480 Y108.6813 Z21.4752 E0.6705
G1 X92.3746 Y110.1568 Z21.4803 E0.6705
G1 X91.6636 Y111.6635 Z21.4853 E0.6706
G1 X91.0162 Y113.1987 Z21.4904 E0.6706
G1 X90.4338 Y114.7597 Z21.4955 E0.6706
G1 X89.9171 Y116.3438 Z21.5005 E0.6706
G1 X89.4673 Y117.9483 Z21.5056 E0.6707
G1 X89.0850 Y119.5702 Z21.5106 E0.6707
G1 X88.7709 Y121.2068 Z21.5157 E0.6707
G1 X88.5256 Y122.8552 Z21.5208 E0.6708
G1 X88.3496 Y124.5125 Z21.5258 E0.6708
G1 X88.2431 Y126.1758 Z21.5309 E0.6708
G1 X88.2064 Y127.8422 Z21.536 E0.6709
G1 X88.2395 Y129.5087 Z21.541 E0.6709
G1 X88.3423 Y131.1725 Z21.5461 E0.6709
G1 X88.5148 Y132.8305 Z21.5511 E0.6709
G1 X88.7565 Y134.4800 Z21.5562 E0.671
G1 X89.0671 Y136.1180 Z21.5613 E0.671
G1 X89.4460 Y137.7416 Z21.5663 E0.671
G1 X89.8927 Y139.3479 Z21.5714 E0.6711
G1 X90.4062 Y140.9343 Z21.5764 E0.6711
G1 X90.9857 Y142.4978 Z21.5815 E0.6711
G1 X91.6302 Y144.0357 Z21.5866 E0.6712
G1 X92.3386 Y145.5454 Z21.5916 E0.6712
G1 X93.1096 Y147.0242 Z21.5967 E0.6712
G1 X93.9419 Y148.4694 Z21.6017 E0.6713
G1 X94.8341 Y149.8786 Z21.6068 E0.6713
G1 X95.7845 Y151.2493 Z21.6119 E0.6713
G1 X96.7915 Y152.5790 Z21.6169 E0.6714
G1 X97.8533 Y153.8654 Z21.622 E0.6714
G1 X98.9682 Y155.1063 Z21.6271 E0.6714
G1 X100.1341 Y156.2995 Z21.6321 E0.6715
G1 X101.3490 Y157.4428 Z21.6372 E0.6715
G1 X102.6107 Y158.5344 Z21.6422 E0.6715
G1 X103.9172 Y159.5722 Z21.6473 E0.6716
G1 X105.2660 Y160.5544 Z21.6524 E0.6716
G1 X106.6548 Y161.4793 Z21.6574 E0.6716
G1 X108.0812 Y162.3453 Z21.6625 E0.6717
G1 X109.5426 Y163.1508 Z21.6675 E0.6717
G1 X111.0366 Y163.8945 Z21.6726 E0.6717
G1 X112.5605 Y164.5749 Z21.6777 E0.6718
G1 X114.1116 Y165.1910 Z21.6827 E0.6718
G1 X115.6872 Y165.7417 Z21.6878 E0.6718
G1 X117.2846 Y166.2258 Z21.6928 E0.6719
G1 X118.9009 Y166.6427 Z21.6979 E0.6719
G1 X120.5334 Y166.9916 Z21.703 E0.6719
G1 X122.1791 Y167.2718 Z21.708 E0.672
G1 X123.8351 Y167.4828 Z21.7131 E0.672
G1 X125.4986 Y167.6243 Z21.7181 E0.672
G1 X127.1667 Y167.6961 Z21.7232 E0.6721
G1 X128.8364 Y167.6979 Z21.7283 E0.6721
G1 X130.5047 Y167.6298 Z21.7333 E0.6721
G1 X132.1689 Y167.4919 Z21.7384 E0.6722
G1 X133.8258 Y167.2844 Z21.7434 E0.6722
G1 X135.4727 Y167.0077 Z21.7485 E0.6722
G1 X137.1067 Y166.6623 Z21.7536 E0.6723
G1 X138.7248 Y166.2487 Z21.7586 E0.6723
G1 X140.3243 Y165.7677 Z21.7637 E0.6723
G1 X141.9022 Y165.2201 Z21.7687 E0.6724
G1 X143.4560 Y164.6069 Z21.7738 E0.6724
G1 X144.9827 Y163.9291 Z21.7789 E0.6724
G1 X146.4799 Y163.1880 Z21.7839 E0.6725
G1 X147.9447 Y162.3848 Z21.789 E0.6725
G1 X149.3747 Y161.5209 Z21.794 E0.6725
G1 X150.7673 Y160.5978 Z21.7991 E0.6726
G1 X152.1201 Y159.6172 Z21.8042 E0.6726
G1 X153.4307 Y158.5808 Z21.8092 E0.6726
G1 X154.6968 Y157.4903 Z21.8143 E0.6727
G1 X155.9162 Y156.3477 Z21.8193 E0.6727
G1 X157.0867 Y155.1550 Z21.8244 E0.6728
G1 X158.2063 Y153.9143 Z21.8295 E0.6728
G1 X159.2731 Y152.6277 Z21.8345 E0.6728
G1 X160.2850 Y151.2975 Z21.8396 E0.6729
G1 X161.2404 Y149.9261 Z21.8447 E0.6729
G1 X162.1376 Y148.5157 Z21.8497 E0.673
G1 X162.9750 Y147.0690 Z21.8548 E0.673
G1 X163.7511 Y145.5884 Z21.8598 E0.673
G1 X164.4645 Y144.0766 Z21.8649 E0.6731
G1 X165.1140 Y142.5361 Z21.87 E0.6731
G1 X165.6985 Y140.9697 Z21.875 E0.6731
G1 X166.2169 Y139.3801 Z21.8801 E0.6732
G1 X166.6683 Y137.7701 Z21.8851 E0.6732
G1 X167.0519 Y136.1426 Z21.8902 E0.6732
G1 X167.3671 Y134.5004 Z21.8953 E0.6733
G1 X167.6132 Y132.8463 Z21.9003 E0.6733
G1 X167.7898 Y131.1833 Z21.9054 E0.6733
G1 X167.8966 Y129.5143 Z21.9104 E0.6734
G1 X167.9335 Y127.8422 Z21.9155 E0.6734
G1 X167.9000 Y126.1700 Z21.9207 E0.6734
G1 X167.7965 Y124.5005 Z21.9258 E0.6735
G1 X167.6231 Y122.8368 Z21.931 E0.6735
G1 X167.3803 Y121.1818 Z21.9362 E0.6735
G1 X167.0683 Y119.5383 Z21.9413 E0.6735
G1 X166.6877 Y117.9093 Z21.9465 E0.6735
G1 X166.2393 Y116.2975 Z21.9516 E0.6735
G1 X165.7238 Y114.7059 Z21.9568 E0.6736
G1 X165.1420 Y113.1372 Z21.962 E0.6736
G1 X164.4950 Y111.5942 Z21.9671 E0.6736
G1 X163.7840 Y110.0796 Z21.9723 E0.6736
G1 X163.0101 Y108.5961 Z21.9775 E0.6736
G1 X162.1747 Y107.1462 Z21.9826 E0.6737
G1 X161.2794 Y105.7324 Z21.9878 E0.6737
G1 X160.3256 Y104.3574 Z21.9929 E0.6737
G1 X159.3149 Y103.0235 Z21.9981 E0.6737
G1 X158.2493 Y101.7330 Z22.0033 E0.6737
G1 X157.1306 Y100.4882 Z22.0084 E0.6737
G1 X155.9606 Y99.2913 Z22.0136 E0.6738
G1 X154.7415 Y98.1444 Z22.0188 E0.6738
G1 X153.4754 Y97.0496 Z22.0239 E0.6738
G1 X152.1645 Y96.0086 Z22.0291 E0.6738
G1 X150.8111 Y95.0235 Z22.0342 E0.6738
G1 X149.4176 Y94.0958 Z22.0394 E0.6739
G1 X147.9864 Y93.2273 Z22.0446 E0.6739
G1 X146.5201 Y92.4194 Z22.0497 E0.6739
G1 X145.0211 Y91.6736 Z22.0549 E0.6739
G1 X143.4922 Y90.9913 Z22.0601 E0.6739
G1 X141.9360 Y90.3735 Z22.0652 E0.674
G1 X140.3552 Y89.8214 Z22.0704 E0.674
G1 X138.7526 Y89.3360 Z22.0755 E0.674
G1 X137.1311 Y88.9181 Z22.0807 E0.674
G1 X135.4934 Y88.5684 Z22.0859 E0.674
G1 X133.8424 Y88.2876 Z22.091 E0.6741
G1 X132.1811 Y88.0762 Z22.0962 E0.6741
G1 X130.5123 Y87.9346 Z22.1014 E0.6741
G1 X128.8390 Y87.8629 Z22.1065 E0.6741
G1 X127.1640 Y87.8614 Z22.1117 E0.6741
G1 X125.4905 Y87.9300 Z22.1169 E0.6742
G1 X123.8211 Y88.0687 Z22.122 E0.6742
G1 X122.1591 Y88.2771 Z22.1272 E0.6742
G1 X120.5071 Y88.5550 Z22.1323 E0.6742
G1 X118.8681 Y88.9018 Z22.1375 E0.6743
G1 X117.2451 Y89.3170 Z22.1427 E0.6743
G1 X115.6408 Y89.7998 Z22.1478 E0.6743
G1 X114.0580 Y90.3493 Z22.153 E0.6743
G1 X112.4996 Y90.9647 Z22.1582 E0.6743
G1 X110.9683 Y91.6448 Z22.1633 E0.6744
G1 X109.4668 Y92.3885 Z22.1685 E0.6744
G1 X107.9976 Y93.1945 Z22.1736 E0.6744
G1 X106.5635 Y94.0613 Z22.1788 E0.6744
G1 X105.1668 Y94.9874 Z22.184 E0.6745
G1 X103.8101 Y95.9712 Z22.1891 E0.6745
G1 X102.4957 Y97.0110 Z22.1943 E0.6745
G1 X101.2260 Y98.1050 Z22.1995 E0.6745
G1 X100.0032 Y99.2513 Z22.2046 E0.6745
G1 X98.8294 Y100.4477 Z22.2098 E0.6746
G1 X97.7067 Y101.6924 Z22.2149 E0.6746
G1 X96.6370 Y102.9830 Z22.2201 E0.6746
G1 X95.6223 Y104.3173 Z22.2253 E0.6746
G1 X94.6643 Y105.6930 Z22.2304 E0.6747
G1 X93.7648 Y107.1077 Z22.2356 E0.6747
G1 X92.9252 Y108.5588 Z22.2408 E0.6747
G1 X92.1471 Y110.0439 Z22.2459 E0.6747
G1 X91.4318 Y111.5603 Z22.2511 E0.6748
G1 X90.7807 Y113.1054 Z22.2562 E0.6748
G1 X90.1948 Y114.6765 Z22.2614 E0.6748
G1 X89.6752 Y116.2708 Z22.2666 E0.6748
G1 X89.2228 Y117.8855 Z22.2717 E0.6749
G1 X88.8384 Y119.5178 Z22.2769 E0.6749
G1 X88.5226 Y121.1648 Z22.2821 E0.6749
G1 X88.2761 Y122.8237 Z22.2872 E0.6749
G1 X88.0993 Y124.4915 Z22.2924 E0.675
G1 X87.9925 Y126.1653 Z22.2975 E0.675
G1 X87.9559 Y127.8422 Z22.3027 E0.675
G1 X87.9895 Y129.5192 Z22.3079 E0.675
G1 X88.0933 Y131.1934 Z22.313 E0.6751
G1 X88.2671 Y132.8618 Z22.3182 E0.6751
G1 X88.5107 Y134.5216 Z22.3234 E0.6751
G1 X88.8235 Y136.1697 Z22.3285 E0.6751
G1 X89.2052 Y137.8034 Z22.3337 E0.6752
G1 X89.6549 Y139.4197 Z22.3388 E0.6752
G1 X90.1719 Y141.0159 Z22.344 E0.6752
G1 X90.7553 Y142.5890 Z22.3492 E0.6752
G1 X91.4041 Y144.1364 Z22.3543 E0.6753
G1 X92.1172 Y145.6553 Z22.3595 E0.6753
G1 X92.8933 Y147.1431 Z22.3646 E0.6753
G1 X93.7310 Y148.5971 Z22.3698 E0.6753
G1 X94.6290 Y150.0149 Z22.375 E0.6754
G1 X95.5855 Y151.3938 Z22.3801 E0.6754
G1 X96.5990 Y152.7315 Z22.3853 E0.6754
G1 X97.6677 Y154.0257 Z22.3905 E0.6754
G1 X98.7896 Y155.2740 Z22.3956 E0.6755
G1 X99.9629 Y156.4743 Z22.4008 E0.6755
G1 X101.1855 Y157.6244 Z22.4059 E0.6755
G1 X102.4552 Y158.7224 Z22.4111 E0.6756
G1 X103.7698 Y159.7663 Z22.4163 E0.6756
G1 X105.1270 Y160.7543 Z22.4214 E0.6756
G1 X106.5245 Y161.6846 Z22.4266 E0.6756
G1 X107.9597 Y162.5556 Z22.4317 E0.6757
G1 X109.4303 Y163.3657 Z22.4369 E0.6757
G1 X110.9335 Y164.1136 Z22.4421 E0.6757
G1 X112.4668 Y164.7979 Z22.4472 E0.6758
G1 X114.0274 Y165.4175 Z22.4524 E0.6758
G1 X115.6127 Y165.9711 Z22.4575 E0.6758
G1 X117.2198 Y166.4579 Z22.4627 E0.6758
G1 X118.8460 Y166.8770 Z22.4679 E0.6759
G1 X120.4883 Y167.2277 Z22.473 E0.6759
G1 X122.1440 Y167.5092 Z22.4782 E0.6759
G1 X123.8101 Y167.7212 Z22.4834 E0.676
G1 X125.4836 Y167.8633 Z22.4885 E0.676
G1 X127.1617 Y167.9351 Z22.4937 E0.676
G1 X128.8414 Y167.9367 Z22.4988 E0.676
G1 X130.5197 Y167.8678 Z22.504 E0.6761
G1 X132.1938 Y167.7288 Z22.5092 E0.6761
G1 X133.8606 Y167.5197 Z22.5143 E0.6761
G1 X135.5173 Y167.2411 Z22.5195 E0.6762
G1 X137.1609 Y166.8933 Z22.5246 E0.6762
G1 X138.7885 Y166.4769 Z22.5298 E0.6762
G1 X140.3974 Y165.9927 Z22.535 E0.6763
G1 X141.9846 Y165.4416 Z22.5401 E0.6763
G1 X143.5474 Y164.8245 Z22.5453 E0.6763
G1 X145.0831 Y164.1424 Z22.5504 E0.6763
G1 X146.5889 Y163.3966 Z22.5556 E0.6764
G1 X148.0622 Y162.5884 Z22.5608 E0.6764
G1 X149.5005 Y161.7191 Z22.5659 E0.6764
G1 X150.9011 Y160.7904 Z22.5711 E0.6765
G1 X152.2616 Y159.8037 Z22.5762 E0.6765
G1 X153.5797 Y158.7610 Z22.5814 E0.6765
G1 X154.8531 Y157.6639 Z22.5866 E0.6766
G1 X156.0794 Y156.5144 Z22.5917 E0.6766
G1 X157.2565 Y155.3145 Z22.5969 E0.6766
G1 X158.3824 Y154.0663 Z22.6021 E0.6766
G1 X159.4551 Y152.7720 Z22.6072 E0.6767
G1 X160.4727 Y151.4339 Z22.6124 E0.6767
G1 X161.4334 Y150.0543 Z22.6175 E0.6767
G1 X162.3355 Y148.6356 Z22.6227 E0.6768
G1 X163.1775 Y147.1804 Z22.6279 E0.6768
G1 X163.9578 Y145.6910 Z22.633 E0.6768
G1 X164.6751 Y144.1703 Z22.6382 E0.6769
G1 X165.3280 Y142.6208 Z22.6433 E0.6769
G1 X165.9156 Y141.0453 Z22.6485 E0.6769
G1 X166.4367 Y139.4465 Z22.6537 E0.677
G1 X166.8904 Y137.8272 Z22.6588 E0.677
G1 X167.2759 Y136.1902 Z22.664 E0.677
G1 X167.5925 Y134.5385 Z22.6692 E0.6771
G1 X167.8397 Y132.8749 Z22.6743 E0.6771
G1 X168.0170 Y131.2024 Z22.6795 E0.6771
G1 X168.1241 Y129.5238 Z22.6846 E0.6772
G1 X168.1608 Y127.8422 Z22.6898 E0.6772
G1 X168.1268 Y126.1605 Z22.6951 E0.6772
G1 X168.0223 Y124.4816 Z22.7003 E0.6772
G1 X167.8476 Y122.8085 Z22.7056 E0.6772
G1 X167.6029 Y121.1441 Z22.7108 E0.6772
G1 X167.2888 Y119.4914 Z22.7161 E0.6772
G1 X166.9058 Y117.8533 Z22.7214 E0.6773
G1 X166.4544 Y116.2326 Z22.7266 E0.6773
G1 X165.9356 Y114.6321 Z22.7319 E0.6773
G1 X165.3502 Y113.0548 Z22.7371 E0.6773
G1 X164.6993 Y111.5033 Z22.7424 E0.6773
G1 X163.9839 Y109.9804 Z22.7477 E0.6773
G1 X163.2054 Y108.4887 Z22.7529 E0.6773
G1 X162.3650 Y107.0309 Z22.7582 E0.6773
G1 X161.4643 Y105.6096 Z22.7634 E0.6773
G1 X160.5049 Y104.2271 Z22.7687 E0.6773
G1 X159.4884 Y102.8860 Z22.774 E0.6773
G1 X158.4166 Y101.5886 Z22.7792 E0.6774
G1 X157.2913 Y100.3372 Z22.7845 E0.6774
G1 X156.1146 Y99.1340 Z22.7897 E0.6774
G1 X154.8886 Y97.9811 Z22.795 E0.6774
G1 X153.6152 Y96.8805 Z22.8002 E0.6774
G1 X152.2969 Y95.8342 Z22.8055 E0.6774
G1 X150.9359 Y94.8439 Z22.8108 E0.6774
G1 X149.5346 Y93.9115 Z22.816 E0.6774
G1 X148.0954 Y93.0386 Z22.8213 E0.6774
G1 X146.6209 Y92.2267 Z22.8265 E0.6775
G1 X145.1136 Y91.4772 Z22.8318 E0.6775
G1 X143.5762 Y90.7915 Z22.8371 E0.6775
G1 X142.0114 Y90.1707 Z22.8423 E0.6775
G1 X140.4220 Y89.6160 Z22.8476 E0.6775
G1 X138.8106 Y89.1283 Z22.8528 E0.6775
G1 X137.1802 Y88.7085 Z22.8581 E0.6775
G1 X135.5337 Y88.3574 Z22.8634 E0.6775
G1 X133.8738 Y88.0755 Z22.8686 E0.6776
G1 X132.2035 Y87.8633 Z22.8739 E0.6776
G1 X130.5257 Y87.7213 Z22.8792 E0.6776
G1 X128.8434 Y87.6497 Z22.8844 E0.6776
G1 X127.1596 Y87.6485 Z22.8897 E0.6776
G1 X125.4771 Y87.7179 Z22.8949 E0.6776
G1 X123.7990 Y87.8577 Z22.9002 E0.6776
G1 X122.1281 Y88.0676 Z22.9055 E0.6776
G1 X120.4675 Y88.3473 Z22.9107 E0.6777
G1 X118.8199 Y88.6964 Z22.916 E0.6777
G1 X117.1884 Y89.1141 Z22.9212 E0.6777
G1 X115.5758 Y89.5998 Z22.9265 E0.6777
G1 X113.9849 Y90.1526 Z22.9318 E0.6777
G1 X112.4185 Y90.7716 Z22.937 E0.6777
G1 X110.8793 Y91.4556 Z22.9423 E0.6777
G1 X109.3701 Y92.2035 Z22.9475 E0.6778
G1 X107.8935 Y93.0140 Z22.9528 E0.6778
G1 X106.4520 Y93.8856 Z22.9581 E0.6778
G1 X105.0483 Y94.8169 Z22.9633 E0.6778
G1 X103.6848 Y95.8061 Z22.9686 E0.6778
G1 X102.3639 Y96.8516 Z22.9738 E0.6778
G1 X101.0879 Y97.9516 Z22.9791 E0.6779
G1 X99.8590 Y99.1040 Z22.9844 E0.6779
G1 X98.6794 Y100.3069 Z22.9896 E0.6779
G1 X97.5512 Y101.5582 Z22.9949 E0.6779
G1 X96.4764 Y102.8557 Z23.0001 E0.6779
G1 X95.4568 Y104.1971 Z23.0054 E0.6779
G1 X94.4942 Y105.5800 Z23.0106 E0.678
G1 X93.5904 Y107.0021 Z23.0159 E0.678
G1 X92.7469 Y108.4608 Z23.0212 E0.678
G1 X91.9652 Y109.9536 Z23.0264 E0.678
G1 X91.2467 Y111.4779 Z23.0317 E0.678
G1 X90.5926 Y113.0310 Z23.0369 E0.678
G1 X90.0041 Y114.6101 Z23.0422 E0.6781
G1 X89.4823 Y116.2125 Z23.0475 E0.6781
G1 X89.0280 Y117.8355 Z23.0527 E0.6781
G1 X88.6420 Y119.4761 Z23.058 E0.6781
G1 X88.3251 Y121.1314 Z23.0632 E0.6781
G1 X88.0777 Y122.7987 Z23.0685 E0.6782
G1 X87.9004 Y124.4748 Z23.0738 E0.6782
G1 X87.7934 Y126.1570 Z23.079 E0.6782
G1 X87.7570 Y127.8422 Z23.0843 E0.6782
G1 X87.7912 Y129.5275 Z23.0895 E0.6782
G1 X87.8959 Y131.2100 Z23.0948 E0.6783
G1 X88.0710 Y132.8866 Z23.1001 E0.6783
G1 X88.3161 Y134.5545 Z23.1053 E0.6783
G1 X88.6309 Y136.2107 Z23.1106 E0.6783
G1 X89.0148 Y137.8523 Z23.1158 E0.6783
G1 X89.4670 Y139.4764 Z23.1211 E0.6784
G1 X89.9870 Y141.0803 Z23.1264 E0.6784
G1 X90.5736 Y142.6610 Z23.1316 E0.6784
G1 X91.2259 Y144.2157 Z23.1369 E0.6784
G1 X91.9428 Y145.7419 Z23.1421 E0.6784
G1 X92.7230 Y147.2367 Z23.1474 E0.6785
G1 X93.5652 Y148.6976 Z23.1526 E0.6785
G1 X94.4678 Y150.1220 Z23.1579 E0.6785
G1 X95.4292 Y151.5073 Z23.1632 E0.6785
G1 X96.4479 Y152.8513 Z23.1684 E0.6785
G1 X97.5220 Y154.1514 Z23.1737 E0.6786
G1 X98.6496 Y155.4055 Z23.1789 E0.6786
G1 X99.8288 Y156.6112 Z23.1842 E0.6786
G1 X101.0575 Y157.7666 Z23.1895 E0.6786
G1 X102.3335 Y158.8695 Z23.1947 E0.6787
G1 X103.6546 Y159.9181 Z23.2 E0.6787
G1 X105.0185 Y160.9104 Z23.2052 E0.6787
G1 X106.4228 Y161.8448 Z23.2105 E0.6787
G1 X107.8651 Y162.7196 Z23.2157 E0.6788
G1 X109.3427 Y163.5332 Z23.221 E0.6788
G1 X110.8532 Y164.2843 Z23.2263 E0.6788
G1 X112.3938 Y164.9714 Z23.2315 E0.6788
G1 X113.9619 Y165.5935 Z23.2368 E0.6788
G1 X115.5547 Y166.1494 Z23.242 E0.6789
G1 X117.1695 Y166.6381 Z23.2473 E0.6789
G1 X118.8033 Y167.0588 Z23.2525 E0.6789
G1 X120.4534 Y167.4107 Z23.2578 E0.6789
G1 X122.1168 Y167.6932 Z23.2631 E0.679
G1 X123.7907 Y167.9058 Z23.2683 E0.679
G1 X125.4720 Y168.0481 Z23.2736 E0.679
G1 X127.1578 Y168.1199 Z23.2788 E0.679
G1 X128.8452 Y168.1210 Z23.2841 E0.6791
G1 X130.5313 Y168.0515 Z23.2894 E0.6791
G1 X132.2130 Y167.9114 Z23.2946 E0.6791
G1 X133.8873 Y167.7011 Z23.2999 E0.6791
G1 X135.5515 Y167.4207 Z23.3051 E0.6792
G1 X137.2025 Y167.0710 Z23.3104 E0.6792
G1 X138.8375 Y166.6524 Z23.3156 E0.6792
G1 X140.4535 Y166.1656 Z23.3209 E0.6793
G1 X142.0478 Y165.6116 Z23.3262 E0.6793
G1 X143.6176 Y164.9913 Z23.3314 E0.6793
G1 X145.1600 Y164.3059 Z23.3367 E0.6793
G1 X146.6724 Y163.5563 Z23.3419 E0.6794
G1 X148.1522 Y162.7441 Z23.3472 E0.6794
G1 X149.5966 Y161.8707 Z23.3525 E0.6794
G1 X151.0033 Y160.9374 Z23.3577 E0.6794
G1 X152.3697 Y159.9461 Z23.363 E0.6795
G1 X153.6934 Y158.8984 Z23.3682 E0.6795
G1 X154.9722 Y157.7961 Z23.3735 E0.6795
G1 X156.2036 Y156.6412 Z23.3787 E0.6796
G1 X157.3857 Y155.4358 Z23.384 E0.6796
G1 X158.5163 Y154.1818 Z23.3893 E0.6796
G1 X159.5934 Y152.8816 Z23.3945 E0.6796
G1 X160.6151 Y151.5374 Z23.3998 E0.6797
G1 X161.5797 Y150.1515 Z23.405 E0.6797
G1 X162.4855 Y148.7264 Z23.4103 E0.6797
G1 X163.3308 Y147.2646 Z23.4156 E0.6798
G1 X164.1141 Y145.7687 Z23.4208 E0.6798
G1 X164.8342 Y144.2411 Z23.4261 E0.6798
G1 X165.4896 Y142.6848 Z23.4313 E0.6798
G1 X166.0794 Y141.1023 Z23.4366 E0.6799
G1 X166.6023 Y139.4965 Z23.4418 E0.6799
G1 X167.0576 Y137.8701 Z23.4471 E0.6799
G1 X167.4444 Y136.2260 Z23.4524 E0.68
G1 X167.7620 Y134.5672 Z23.4576 E0.68
G1 X168.0098 Y132.8964 Z23.4629 E0.68
G1 X168.1875 Y131.2167 Z23.4681 E0.6801
G1 X168.2947 Y129.5310 Z23.4734 E0.6801
G1 X168.3312 Y127.8422 Z23.4787 E0.6801
G1 X168.2966 Y126.1533 Z23.484 E0.6801
G1 X168.1913 Y124.4674 Z23.4893 E0.6801
G1 X168.0155 Y122.7873 Z23.4946 E0.6801
G1 X167.7695 Y121.1160 Z23.5 E0.6801
G1 X167.4537 Y119.4564 Z23.5053 E0.6801
G1 X167.0687 Y117.8115 Z23.5106 E0.6801
G1 X166.6151 Y116.1841 Z23.5159 E0.6802
G1 X166.0938 Y114.5771 Z23.5212 E0.6802
G1 X165.5056 Y112.9933 Z23.5266 E0.6802
G1 X164.8516 Y111.4355 Z23.5319 E0.6802
G1 X164.1330 Y109.9064 Z23.5372 E0.6802
G1 X163.3509 Y108.4087 Z23.5425 E0.6802
G1 X162.5067 Y106.9451 Z23.5479 E0.6802
G1 X161.6020 Y105.5181 Z23.5532 E0.6802
G1 X160.6384 Y104.1301 Z23.5585 E0.6802
G1 X159.6174 Y102.7838 Z23.5638 E0.6802
G1 X158.5409 Y101.4813 Z23.5692 E0.6802
G1 X157.4108 Y100.2250 Z23.5745 E0.6802
G1 X156.2291 Y99.0172 Z23.5798 E0.6802
G1 X154.9977 Y97.8598 Z23.5851 E0.6802
G1 X153.7190 Y96.7551 Z23.5905 E0.6802
G1 X152.3952 Y95.7048 Z23.5958 E0.6802
G1 X151.0284 Y94.7108 Z23.6011 E0.6802
G1 X149.6212 Y93.7750 Z23.6064 E0.6802
G1 X148.1761 Y92.8988 Z23.6118 E0.6802
G1 X146.6955 Y92.0840 Z23.6171 E0.6802
G1 X145.1820 Y91.3318 Z23.6224 E0.6803
G1 X143.6383 Y90.6437 Z23.6277 E0.6803
G1 X142.0672 Y90.0208 Z23.6331 E0.6803
G1 X140.4713 Y89.4642 Z23.6384 E0.6803
G1 X138.8535 Y88.9749 Z23.6437 E0.6803
G1 X137.2165 Y88.5538 Z23.649 E0.6803
G1 X135.5634 Y88.2017 Z23.6544 E0.6803
G1 X133.8969 Y87.9190 Z23.6597 E0.6803
G1 X132.2200 Y87.7064 Z23.665 E0.6803
G1 X130.5356 Y87.5642 Z23.6703 E0.6803
G1 X128.8467 Y87.4926 Z23.6757 E0.6803
G1 X127.1563 Y87.4918 Z23.681 E0.6803
G1 X125.4673 Y87.5618 Z23.6863 E0.6803
G1 X123.7827 Y87.7025 Z23.6916 E0.6804
G1 X122.1054 Y87.9136 Z23.697 E0.6804
G1 X120.4384 Y88.1948 Z23.7023 E0.6804
G1 X118.7846 Y88.5455 Z23.7076 E0.6804
G1 X117.1469 Y88.9652 Z23.7129 E0.6804
G1 X115.5281 Y89.4531 Z23.7183 E0.6804
G1 X113.9312 Y90.0084 Z23.7236 E0.6804
G1 X112.3590 Y90.6301 Z23.7289 E0.6804
G1 X110.8141 Y91.3170 Z23.7342 E0.6804
G1 X109.2993 Y92.0681 Z23.7396 E0.6804
G1 X107.8172 Y92.8820 Z23.7449 E0.6804
G1 X106.3705 Y93.7572 Z23.7502 E0.6805
G1 X104.9617 Y94.6923 Z23.7556 E0.6805
G1 X103.5933 Y95.6856 Z23.7609 E0.6805
G1 X102.2676 Y96.7353 Z23.7662 E0.6805
G1 X100.9871 Y97.8396 Z23.7715 E0.6805
G1 X99.7539 Y98.9966 Z23.7768 E0.6805
G1 X98.5701 Y100.2043 Z23.7822 E0.6805
G1 X97.4380 Y101.4605 Z23.7875 E0.6805
G1 X96.3595 Y102.7630 Z23.7928 E0.6805
G1 X95.3364 Y104.1096 Z23.7981 E0.6806
G1 X94.3706 Y105.4978 Z23.8035 E0.6806
G1 X93.4637 Y106.9254 Z23.8088 E0.6806
G1 X92.6174 Y108.3896 Z23.8141 E0.6806
G1 X91.8332 Y109.8881 Z23.8194 E0.6806
G1 X91.1123 Y111.4181 Z23.8248 E0.6806
G1 X90.4562 Y112.9770 Z23.8301 E0.6806
G1 X89.8659 Y114.5620 Z23.8354 E0.6806
G1 X89.3425 Y116.1704 Z23.8407 E0.6806
G1 X88.8869 Y117.7993 Z23.8461 E0.6807
G1 X88.4999 Y119.4459 Z23.8514 E0.6807
G1 X88.1822 Y121.1073 Z23.8567 E0.6807
G1 X87.9343 Y122.7805 Z23.862 E0.6807
G1 X87.7567 Y124.4627 Z23.8674 E0.6807
G1 X87.6497 Y126.1510 Z23.8727 E0.6807
G1 X87.6135 Y127.8422 Z23.878 E0.6807
G1 X87.6482 Y129.5335 Z23.8833 E0.6807
G1 X87.7536 Y131.2219 Z23.8887 E0.6808
G1 X87.9297 Y132.9044 Z23.894 E0.6808
G1 X88.1760 Y134.5782 Z23.8993 E0.6808
G1 X88.4923 Y136.2401 Z23.9046 E0.6808
G1 X88.8779 Y137.8874 Z23.91 E0.6808
G1 X89.3321 Y139.5172 Z23.9153 E0.6808
G1 X89.8542 Y141.1265 Z23.9206 E0.6808
G1 X90.4432 Y142.7126 Z23.9259 E0.6809
G1 X91.0981 Y144.2726 Z23.9313 E0.6809
G1 X91.8179 Y145.8039 Z23.9366 E0.6809
G1 X92.6011 Y147.3038 Z23.9419 E0.6809
G1 X93.4464 Y148.7695 Z23.9472 E0.6809
G1 X94.3524 Y150.1986 Z23.9525 E0.6809
G1 X95.3175 Y151.5885 Z23.9579 E0.6809
G1 X96.3400 Y152.9368 Z23.9632 E0.681
G1 X97.4180 Y154.2412 Z23.9685 E0.681
G1 X98.5497 Y155.4993 Z23.9738 E0.681
G1 X99.7332 Y156.7089 Z23.9792 E0.681
G1 X100.9663 Y157.8679 Z23.9845 E0.681
G1 X102.2468 Y158.9742 Z23.9898 E0.681
G1 X103.5726 Y160.0261 Z23.9951 E0.6811
G1 X104.9413 Y161.0214 Z24.0005 E0.6811
G1 X106.3505 Y161.9587 Z24.0058 E0.6811
G1 X107.7978 Y162.8361 Z24.0111 E0.6811
G1 X109.2806 Y163.6521 Z24.0164 E0.6811
G1 X110.7962 Y164.4053 Z24.0218 E0.6811
G1 X112.3421 Y165.0945 Z24.0271 E0.6812
G1 X113.9155 Y165.7183 Z24.0324 E0.6812
G1 X115.5137 Y166.2756 Z24.0377 E0.6812
G1 X117.1339 Y166.7656 Z24.043 E0.6812
G1 X118.7732 Y167.1873 Z24.0484 E0.6812
G1 X120.4288 Y167.5400 Z24.0537 E0.6813
G1 X122.0976 Y167.8231 Z24.059 E0.6813
G1 X123.7770 Y168.0360 Z24.0643 E0.6813
G1 X125.4638 Y168.1784 Z24.0697 E0.6813
G1 X127.1551 Y168.2501 Z24.075 E0.6813
G1 X128.8480 Y168.2509 Z24.0803 E0.6813
G1 X130.5394 Y168.1807 Z24.0856 E0.6814
G1 X132.2265 Y168.0399 Z24.091 E0.6814
G1 X133.9062 Y167.8285 Z24.0963 E0.6814
G1 X135.5756 Y167.5469 Z24.1016 E0.6814
G1 X137.2318 Y167.1956 Z24.1069 E0.6814
G1 X138.8718 Y166.7753 Z24.1122 E0.6815
G1 X140.4929 Y166.2867 Z24.1176 E0.6815
G1 X142.0921 Y165.7307 Z24.1229 E0.6815
G1 X143.6666 Y165.1081 Z24.1282 E0.6815
G1 X145.2138 Y164.4201 Z24.1335 E0.6815
G1 X146.7308 Y163.6679 Z24.1389 E0.6816
G1 X148.2149 Y162.8529 Z24.1442 E0.6816
G1 X149.6637 Y161.9764 Z24.1495 E0.6816
G1 X151.0746 Y161.0400 Z24.1548 E0.6816
G1 X152.4450 Y160.0453 Z24.1602 E0.6816
G1 X153.7725 Y158.9940 Z24.1655 E0.6817
G1 X155.0550 Y157.8881 Z24.1708 E0.6817
G1 X156.2900 Y156.7294 Z24.1761 E0.6817
G1 X157.4754 Y155.5200 Z24.1814 E0.6817
G1 X158.6092 Y154.2620 Z24.1868 E0.6817
G1 X159.6893 Y152.9576 Z24.1921 E0.6818
G1 X160.7138 Y151.6091 Z24.1974 E0.6818
G1 X161.6810 Y150.2188 Z24.2027 E0.6818
G1 X162.5892 Y148.7892 Z24.2081 E0.6818
G1 X163.4367 Y147.3229 Z24.2134 E0.6819
G1 X164.2221 Y145.8222 Z24.2187 E0.6819
G1 X164.9439 Y144.2900 Z24.224 E0.6819
G1 X165.6010 Y142.7289 Z24.2294 E0.6819
G1 X166.1922 Y141.1416 Z24.2347 E0.6819
G1 X166.7163 Y139.5309 Z24.24 E0.682
G1 X167.1726 Y137.8996 Z24.2453 E0.682
G1 X167.5602 Y136.2506 Z24.2506 E0.682
G1 X167.8783 Y134.5869 Z24.256 E0.682
G1 X168.1266 Y132.9112 Z24.2613 E0.6821
G1 X168.3044 Y131.2265 Z24.2666 E0.6821
G1 X168.4115 Y129.5359 Z24.2719 E0.6821
G1 X168.4478 Y127.8422 Z24.2773 E0.6821
G1 X168.4127 Y126.1485 Z24.2826 E0.6821
G1 X168.3067 Y124.4577 Z24.288 E0.6821
G1 X168.1300 Y122.7728 Z24.2934 E0.6821
G1 X167.8829 Y121.0968 Z24.2987 E0.6821
G1 X167.5659 Y119.4325 Z24.3041 E0.6821
G1 X167.1794 Y117.7830 Z24.3095 E0.6821
G1 X166.7241 Y116.1512 Z24.3148 E0.6821
G1 X166.2010 Y114.5397 Z24.3202 E0.6821
G1 X165.6108 Y112.9516 Z24.3256 E0.6821
G1 X164.9546 Y111.3896 Z24.3309 E0.6821
G1 X164.2336 Y109.8565 Z24.3363 E0.6821
G1 X163.4490 Y108.3548 Z24.3417 E0.6821
G1 X162.6021 Y106.8873 Z24.347 E0.6821
G1 X161.6946 Y105.4566 Z24.3524 E0.6821
G1 X160.7280 Y104.0650 Z24.3578 E0.6821
G1 X159.7039 Y102.7152 Z24.3631 E0.6821
G1 X158.6242 Y101.4094 Z24.3685 E0.6821
G1 X157.4907 Y100.1500 Z24.3739 E0.6821
G1 X156.3055 Y98.9392 Z24.3792 E0.6821
G1 X155.0706 Y97.7790 Z24.3846 E0.6821
G1 X153.7882 Y96.6715 Z24.39 E0.682
G1 X152.4605 Y95.6187 Z24.3953 E0.682
G1 X151.0899 Y94.6224 Z24.4007 E0.682
G1 X149.6787 Y93.6844 Z24.4061 E0.682
G1 X148.2295 Y92.8063 Z24.4114 E0.682
G1 X146.7448 Y91.9896 Z24.4168 E0.682
G1 X145.2272 Y91.2358 Z24.4222 E0.682
G1 X143.6793 Y90.5462 Z24.4275 E0.682
G1 X142.1039 Y89.9221 Z24.4329 E0.682
G1 X140.5037 Y89.3644 Z24.4383 E0.682
G1 X138.8816 Y88.8742 Z24.4436 E0.682
G1 X137.2403 Y88.4524 Z24.449 E0.682
G1 X135.5828 Y88.0997 Z24.4544 E0.682
G1 X133.9120 Y87.8167 Z24.4597 E0.682
G1 X132.2307 Y87.6039 Z24.4651 E0.682
G1 X130.5420 Y87.4618 Z24.4705 E0.682
G1 X128.8489 Y87.3904 Z24.4758 E0.682
G1 X127.1542 Y87.3900 Z24.4812 E0.682
G1 X125.4609 Y87.4606 Z24.4866 E0.682
G1 X123.7721 Y87.6020 Z24.4919 E0.682
G1 X122.0907 Y87.8140 Z24.4973 E0.682
G1 X120.4196 Y88.0963 Z24.5027 E0.682
G1 X118.7618 Y88.4483 Z24.508 E0.682
G1 X117.1201 Y88.8694 Z24.5134 E0.682
G1 X115.4975 Y89.3589 Z24.5188 E0.682
G1 X113.8968 Y89.9159 Z24.5241 E0.682
G1 X112.3209 Y90.5394 Z24.5295 E0.682
G1 X110.7724 Y91.2284 Z24.5349 E0.682
G1 X109.2541 Y91.9817 Z24.5402 E0.682
G1 X107.7687 Y92.7979 Z24.5456 E0.682
G1 X106.3187 Y93.6755 Z24.551 E0.682
G1 X104.9067 Y94.6132 Z24.5564 E0.682
G1 X103.5353 Y95.6091 Z24.5617 E0.682
G1 X102.2067 Y96.6616 Z24.5671 E0.6821
G1 X100.9234 Y97.7689 Z24.5725 E0.6821
G1 X99.6875 Y98.9289 Z24.5778 E0.6821
G1 X98.5013 Y100.1396 Z24.5832 E0.6821
G1 X97.3668 Y101.3990 Z24.5886 E0.6821
G1 X96.2861 Y102.7048 Z24.5939 E0.6821
G1 X95.2609 Y104.0548 Z24.5993 E0.6821
G1 X94.2932 Y105.4464 Z24.6047 E0.6821
G1 X93.3846 Y106.8774 Z24.61 E0.6821
G1 X92.5367 Y108.3453 Z24.6154 E0.6821
G1 X91.7510 Y109.8473 Z24.6208 E0.6821
G1 X91.0289 Y111.3809 Z24.6261 E0.6821
G1 X90.3717 Y112.9435 Z24.6315 E0.6821
G1 X89.7804 Y114.5322 Z24.6369 E0.6821
G1 X89.2562 Y116.1443 Z24.6422 E0.6821
G1 X88.7999 Y117.7769 Z24.6476 E0.6821
G1 X88.4125 Y119.4273 Z24.653 E0.6821
G1 X88.0944 Y121.0924 Z24.6583 E0.6821
G1 X87.8464 Y122.7694 Z24.6637 E0.6821
G1 X87.6688 Y124.4554 Z24.6691 E0.6821
G1 X87.5620 Y126.1473 Z24.6744 E0.6821
G1 X87.5261 Y127.8422 Z24.6798 E0.6822
G1 X87.5612 Y129.5371 Z24.6851 E0.6822
G1 X87.6673 Y131.2292 Z24.6905 E0.6822
G1 X87.8441 Y132.9153 Z24.6959 E0.6822
G1 X88.0914 Y134.5925 Z24.7012 E0.6822
G1 X88.4087 Y136.2579 Z24.7066 E0.6822
G1 X88.7954 Y137.9086 Z24.712 E0.6822
G1 X89.2510 Y139.5417 Z24.7173 E0.6822
G1 X89.7745 Y141.1542 Z24.7227 E0.6822
G1 X90.3652 Y142.7435 Z24.7281 E0.6822
G1 X91.0218 Y144.3066 Z24.7334 E0.6822
G1 X91.7434 Y145.8409 Z24.7388 E0.6822
G1 X92.5285 Y147.3436 Z24.7442 E0.6822
G1 X93.3759 Y148.8122 Z24.7495 E0.6822
G1 X94.2841 Y150.2440 Z24.7549 E0.6823
G1 X95.2515 Y151.6365 Z24.7603 E0.6823
G1 X96.2763 Y152.9873 Z24.7656 E0.6823
G1 X97.3568 Y154.2940 Z24.771 E0.6823
G1 X98.4911 Y155.5543 Z24.7764 E0.6823
G1 X99.6772 Y156.7661 Z24.7817 E0.6823
G1 X100.9130 Y157.9271 Z24.7871 E0.6823
G1 X102.1963 Y159.0353 Z24.7925 E0.6823
G1 X103.5249 Y160.0889 Z24.7978 E0.6823
G1 X104.8965 Y161.0859 Z24.8032 E0.6823
G1 X106.3087 Y162.0246 Z24.8086 E0.6823
G1 X107.7589 Y162.9034 Z24.8139 E0.6824
G1 X109.2447 Y163.7206 Z24.8193 E0.6824
G1 X110.7634 Y164.4750 Z24.8247 E0.6824
G1 X112.3124 Y165.1651 Z24.83 E0.6824
G1 X113.8890 Y165.7897 Z24.8354 E0.6824
G1 X115.4903 Y166.3477 Z24.8407 E0.6824
G1 X117.1136 Y166.8382 Z24.8461 E0.6824
G1 X118.7561 Y167.2604 Z24.8515 E0.6824
G1 X120.4148 Y167.6133 Z24.8568 E0.6824
G1 X122.0868 Y167.8965 Z24.8622 E0.6825
G1 X123.7693 Y168.1094 Z24.8676 E0.6825
G1 X125.4592 Y168.2517 Z24.8729 E0.6825
G1 X127.1536 Y168.3231 Z24.8783 E0.6825
G1 X128.8495 Y168.3235 Z24.8837 E0.6825
G1 X130.5439 Y168.2529 Z24.889 E0.6825
G1 X132.2340 Y168.1114 Z24.8944 E0.6825
G1 X133.9166 Y167.8992 Z24.8998 E0.6825
G1 X135.5889 Y167.6168 Z24.9051 E0.6826
G1 X137.2479 Y167.2645 Z24.9105 E0.6826
G1 X138.8908 Y166.8431 Z24.9159 E0.6826
G1 X140.5145 Y166.3533 Z24.9212 E0.6826
G1 X142.1164 Y165.7959 Z24.9266 E0.6826
G1 X143.6935 Y165.1719 Z24.932 E0.6826
G1 X145.2431 Y164.4824 Z24.9373 E0.6826
G1 X146.7625 Y163.7286 Z24.9427 E0.6826
G1 X148.2490 Y162.9118 Z24.948 E0.6827
G1 X149.7000 Y162.0335 Z24.9534 E0.6827
G1 X151.1129 Y161.0952 Z24.9588 E0.6827
G1 X152.4854 Y160.0985 Z24.9641 E0.6827
G1 X153.8149 Y159.0452 Z24.9695 E0.6827
G1 X155.0992 Y157.9372 Z24.9749 E0.6827
G1 X156.3359 Y156.7763 Z24.9802 E0.6828
G1 X157.5230 Y155.5647 Z24.9856 E0.6828
G1 X158.6583 Y154.3044 Z24.991 E0.6828
G1 X159.7398 Y152.9977 Z24.9963 E0.6828
G1 X160.7657 Y151.6468 Z25.0017 E0.6828
G1 X161.7341 Y150.2541 Z25.0071 E0.6828
G1 X162.6434 Y148.8221 Z25.0124 E0.6829
G1 X163.4919 Y147.3532 Z25.0178 E0.6829
G1 X164.2781 Y145.8501 Z25.0232 E0.6829
G1 X165.0008 Y144.3153 Z25.0285 E0.6829
G1 X165.6585 Y142.7516 Z25.0339 E0.6829
G1 X166.2502 Y141.1618 Z25.0393 E0.6829
G1 X166.7748 Y139.5485 Z25.0446 E0.6829
G1 X167.2313 Y137.9147 Z25.05 E0.683
G1 X167.6191 Y136.2632 Z25.0554 E0.683
G1 X167.9374 Y134.5968 Z25.0607 E0.683
G1 X168.1856 Y132.9186 Z25.0661 E0.683
G1 X168.3633 Y131.2315 Z25.0715 E0.683
G1 X168.4702 Y129.5383 Z25.0768 E0.6831
G1 X168.5061 Y127.8422 Z25.0822 E0.6831
G1 X168.4705 Y126.1460 Z25.0876 E0.6831
G1 X168.3639 Y124.4529 Z25.0929 E0.683
G1 X168.1864 Y122.7657 Z25.0983 E0.683
G1 X167.9385 Y121.0874 Z25.1037 E0.683
G1 X167.6205 Y119.4209 Z25.1091 E0.683
G1 X167.2330 Y117.7693 Z25.1145 E0.683
G1 X166.7767 Y116.1353 Z25.1199 E0.6829
G1 X166.2524 Y114.5218 Z25.1252 E0.6829
G1 X165.6610 Y112.9318 Z25.1306 E0.6829
G1 X165.0035 Y111.3679 Z25.136 E0.6829
G1 X164.2810 Y109.8329 Z25.1414 E0.6829
G1 X163.4950 Y108.3295 Z25.1468 E0.6829
G1 X162.6467 Y106.8604 Z25.1521 E0.6828
G1 X161.7376 Y105.4280 Z25.1575 E0.6828
G1 X160.7693 Y104.0350 Z25.1629 E0.6828
G1 X159.7435 Y102.6838 Z25.1683 E0.6828
G1 X158.6621 Y101.3767 Z25.1737 E0.6828
G1 X157.5269 Y100.1160 Z25.179 E0.6828
G1 X156.3399 Y98.9040 Z25.1844 E0.6827
G1 X155.1031 Y97.7428 Z25.1898 E0.6827
G1 X153.8189 Y96.6344 Z25.1952 E0.6827
G1 X152.4893 Y95.5807 Z25.2006 E0.6827
G1 X151.1168 Y94.5836 Z25.2059 E0.6827
G1 X149.7038 Y93.6449 Z25.2113 E0.6827
G1 X148.2527 Y92.7662 Z25.2167 E0.6827
G1 X146.7660 Y91.9490 Z25.2221 E0.6827
G1 X145.2465 Y91.1948 Z25.2275 E0.6826
G1 X143.6967 Y90.5049 Z25.2328 E0.6826
G1 X142.1194 Y89.8805 Z25.2382 E0.6826
G1 X140.5173 Y89.3227 Z25.2436 E0.6826
G1 X138.8932 Y88.8325 Z25.249 E0.6826
G1 X137.2501 Y88.4107 Z25.2544 E0.6826
G1 X135.5907 Y88.0581 Z25.2597 E0.6826
G1 X133.9181 Y87.7752 Z25.2651 E0.6826
G1 X132.2351 Y87.5627 Z25.2705 E0.6825
G1 X130.5446 Y87.4209 Z25.2759 E0.6825
G1 X128.8497 Y87.3499 Z25.2813 E0.6825
G1 X127.1533 Y87.3500 Z25.2867 E0.6825
G1 X125.4584 Y87.4211 Z25.292 E0.6825
G1 X123.7680 Y87.5632 Z25.2974 E0.6825
G1 X122.0850 Y87.7759 Z25.3028 E0.6825
G1 X120.4124 Y88.0589 Z25.3082 E0.6825
G1 X118.7532 Y88.4117 Z25.3136 E0.6825
G1 X117.1101 Y88.8336 Z25.3189 E0.6825
G1 X115.4862 Y89.3240 Z25.3243 E0.6825
G1 X113.8842 Y89.8820 Z25.3297 E0.6824
G1 X112.3070 Y90.5065 Z25.3351 E0.6824
G1 X110.7574 Y91.1966 Z25.3405 E0.6824
G1 X109.2380 Y91.9509 Z25.3458 E0.6824
G1 X107.7515 Y92.7682 Z25.3512 E0.6824
G1 X106.3006 Y93.6470 Z25.3566 E0.6824
G1 X104.8877 Y94.5858 Z25.362 E0.6824
G1 X103.5154 Y95.5830 Z25.3674 E0.6824
G1 X102.1861 Y96.6367 Z25.3728 E0.6824
G1 X100.9021 Y97.7452 Z25.3781 E0.6824
G1 X99.6656 Y98.9065 Z25.3835 E0.6824
G1 X98.4788 Y100.1185 Z25.3889 E0.6824
G1 X97.3438 Y101.3792 Z25.3943 E0.6824
G1 X96.2626 Y102.6863 Z25.3997 E0.6824
G1 X95.2371 Y104.0375 Z25.405 E0.6824
G1 X94.2691 Y105.4304 Z25.4104 E0.6823
G1 X93.3602 Y106.8627 Z25.4158 E0.6823
G1 X92.5122 Y108.3318 Z25.4212 E0.6823
G1 X91.7264 Y109.8351 Z25.4266 E0.6823
G1 X91.0042 Y111.3699 Z25.4319 E0.6823
G1 X90.3470 Y112.9337 Z25.4373 E0.6823
G1 X89.7558 Y114.5236 Z25.4427 E0.6823
G1 X89.2317 Y116.1369 Z25.4481 E0.6823
G1 X88.7756 Y117.7707 Z25.4535 E0.6823
G1 X88.3884 Y119.4222 Z25.4588 E0.6823
G1 X88.0706 Y121.0884 Z25.4642 E0.6823
G1 X87.8229 Y122.7665 Z25.4696 E0.6823
G1 X87.6457 Y124.4534 Z25.475 E0.6823
G1 X87.5393 Y126.1463 Z25.4804 E0.6823
G1 X87.5039 Y127.8422 Z25.4857 E0.6823
G1 X87.5395 Y129.5381 Z25.4911 E0.6823
G1 X87.6461 Y131.2309 Z25.4965 E0.6823
G1 X87.8235 Y132.9179 Z25.5019 E0.6823
G1 X88.0714 Y134.5959 Z25.5073 E0.6823
G1 X88.3893 Y136.2620 Z25.5126 E0.6823
G1 X88.7767 Y137.9134 Z25.518 E0.6823
G1 X89.2329 Y139.5471 Z25.5234 E0.6823
G1 X89.7572 Y141.1603 Z25.5288 E0.6823
G1 X90.3485 Y142.7501 Z25.5342 E0.6823
G1 X91.0059 Y144.3137 Z25.5395 E0.6823
G1 X91.7282 Y145.8484 Z25.5449 E0.6823
G1 X92.5141 Y147.3516 Z25.5503 E0.6823
G1 X93.3623 Y148.8204 Z25.5557 E0.6823
G1 X94.2712 Y150.2525 Z25.5611 E0.6823
G1 X95.2394 Y151.6453 Z25.5664 E0.6823
G1 X96.2649 Y152.9963 Z25.5718 E0.6823
G1 X97.3462 Y154.3032 Z25.5772 E0.6823
G1 X98.4812 Y155.5636 Z25.5826 E0.6823
G1 X99.6680 Y156.7754 Z25.5879 E0.6823
G1 X100.9045 Y157.9364 Z25.5933 E0.6823
G1 X102.1886 Y159.0447 Z25.5987 E0.6823
G1 X103.5179 Y160.0982 Z25.6041 E0.6823
G1 X104.8902 Y161.0951 Z25.6095 E0.6823
G1 X106.3030 Y162.0336 Z25.6148 E0.6823
G1 X107.7538 Y162.9122 Z25.6202 E0.6824
G1 X109.2402 Y163.7292 Z25.6256 E0.6824
G1 X110.7595 Y164.4833 Z25.631 E0.6824
G1 X112.3091 Y165.1731 Z25.6364 E0.6824
G1 X113.8861 Y165.7974 Z25.6417 E0.6824
G1 X115.4879 Y166.3551 Z25.6471 E0.6824
G1 X117.1117 Y166.8453 Z25.6525 E0.6824
G1 X118.7545 Y167.2670 Z25.6579 E0.6824
G1 X120.4136 Y167.6195 Z25.6633 E0.6824
G1 X122.0859 Y167.9023 Z25.6686 E0.6824
G1 X123.7687 Y168.1148 Z25.674 E0.6824
G1 X125.4589 Y168.2566 Z25.6794 E0.6824
G1 X127.1535 Y168.3275 Z25.6848 E0.6824
G1 X128.8496 Y168.3274 Z25.6901 E0.6824
G1 X130.5442 Y168.2563 Z25.6955 E0.6824
G1 X132.2343 Y168.1143 Z25.7009 E0.6825
G1 X133.9170 Y167.9016 Z25.7063 E0.6825
G1 X135.5893 Y167.6187 Z25.7117 E0.6825
G1 X137.2483 Y167.2660 Z25.717 E0.6825
G1 X138.8910 Y166.8441 Z25.7224 E0.6825
G1 X140.5147 Y166.3538 Z25.7278 E0.6825
G1 X142.1164 Y165.7959 Z25.7332 E0.6825
G1 X143.6933 Y165.1715 Z25.7386 E0.6825
G1 X145.2427 Y164.4815 Z25.7439 E0.6825
G1 X146.7618 Y163.7273 Z25.7493 E0.6825
G1 X148.2480 Y162.9102 Z25.7547 E0.6826
G1 X149.6987 Y162.0315 Z25.7601 E0.6826
G1 X151.1113 Y161.0929 Z25.7655 E0.6826
G1 X152.4834 Y160.0959 Z25.7708 E0.6826
G1 X153.8125 Y159.0423 Z25.7762 E0.6826
G1 X155.0963 Y157.9340 Z25.7816 E0.6826
G1 X156.3326 Y156.7730 Z25.787 E0.6826
G1 X157.5192 Y155.5611 Z25.7923 E0.6826
G1 X158.6540 Y154.3007 Z25.7977 E0.6827
G1 X159.7350 Y152.9938 Z25.8031 E0.6827
G1 X160.7603 Y151.6429 Z25.8085 E0.6827
G1 X161.7282 Y150.2501 Z25.8139 E0.6827
G1 X162.6368 Y148.8181 Z25.8192 E0.6827
G1 X163.4848 Y147.3493 Z25.8246 E0.6827
G1 X164.2704 Y145.8463 Z25.83 E0.6827
G1 X164.9925 Y144.3116 Z25.8354 E0.6828
G1 X165.6496 Y142.7481 Z25.8408 E0.6828
G1 X166.2407 Y141.1585 Z25.8461 E0.6828
G1 X166.7647 Y139.5455 Z25.8515 E0.6828
G1 X167.2207 Y137.9120 Z25.8569 E0.6828
G1 X167.6079 Y136.2608 Z25.8623 E0.6828
G1 X167.9256 Y134.5949 Z25.8677 E0.6828
G1 X168.1732 Y132.9171 Z25.873 E0.6829
G1 X168.3504 Y131.2304 Z25.8784 E0.6829
G1 X168.4568 Y129.5378 Z25.8838 E0.6829
G1 X168.4922 Y127.8422 Z25.8892 E0.6829
G1 X168.4562 Y126.1466 Z25.8945 E0.6829
G1 X168.3492 Y124.4541 Z25.8999 E0.6829
G1 X168.1714 Y122.7676 Z25.9053 E0.6828
G1 X167.9232 Y121.0900 Z25.9106 E0.6828
G1 X167.6049 Y119.4242 Z25.916 E0.6828
G1 X167.2172 Y117.7733 Z25.9213 E0.6828
G1 X166.7607 Y116.1401 Z25.9267 E0.6828
G1 X166.2362 Y114.5275 Z25.932 E0.6827
G1 X165.6446 Y112.9383 Z25.9374 E0.6827
G1 X164.9870 Y111.3752 Z25.9428 E0.6827
G1 X164.2645 Y109.8411 Z25.9481 E0.6827
G1 X163.4785 Y108.3386 Z25.9535 E0.6827
G1 X162.6302 Y106.8703 Z25.9588 E0.6826
G1 X161.7212 Y105.4389 Z25.9642 E0.6826
G1 X160.7531 Y104.0468 Z25.9695 E0.6826
G1 X159.7275 Y102.6965 Z25.9749 E0.6826
G1 X158.6463 Y101.3904 Z25.9803 E0.6826
G1 X157.5113 Y100.1306 Z25.9856 E0.6826
G1 X156.3247 Y98.9196 Z25.991 E0.6825
G1 X155.0883 Y97.7593 Z25.9963 E0.6825
G1 X153.8045 Y96.6518 Z26.0017 E0.6825
G1 X152.4754 Y95.5990 Z26.0071 E0.6825
G1 X151.1035 Y94.6028 Z26.0124 E0.6825
G1 X149.6910 Y93.6650 Z26.0178 E0.6824
G1 X148.2405 Y92.7872 Z26.0231 E0.6824
G1 X146.7546 Y91.9708 Z26.0285 E0.6824
G1 X145.2358 Y91.2175 Z26.0338 E0.6824
G1 X143.6868 Y90.5284 Z26.0392 E0.6824
G1 X142.1103 Y89.9047 Z26.0446 E0.6824
G1 X140.5091 Y89.3477 Z26.0499 E0.6823
G1 X138.8861 Y88.8582 Z26.0553 E0.6823
G1 X137.2439 Y88.4371 Z26.0606 E0.6823
G1 X135.5856 Y88.0851 Z26.066 E0.6823
G1 X133.9140 Y87.8029 Z26.0714 E0.6823
G1 X132.2321 Y87.5909 Z26.0767 E0.6823
G1 X130.5428 Y87.4496 Z26.0821 E0.6822
G1 X128.8491 Y87.3791 Z26.0874 E0.6822
G1 X127.1540 Y87.3796 Z26.0928 E0.6822
G1 X125.4603 Y87.4511 Z26.0981 E0.6822
G1 X123.7712 Y87.5934 Z26.1035 E0.6822
G1 X122.0895 Y87.8064 Z26.1089 E0.6822
G1 X120.4183 Y88.0896 Z26.1142 E0.6822
G1 X118.7604 Y88.4425 Z26.1196 E0.6821
G1 X117.1187 Y88.8645 Z26.1249 E0.6821
G1 X115.4962 Y89.3549 Z26.1303 E0.6821
G1 X113.8957 Y89.9128 Z26.1357 E0.6821
G1 X112.3199 Y90.5372 Z26.141 E0.6821
G1 X110.7717 Y91.2271 Z26.1464 E0.6821
G1 X109.2538 Y91.9811 Z26.1517 E0.6821
G1 X107.7688 Y92.7981 Z26.1571 E0.6821
G1 X106.3193 Y93.6765 Z26.1624 E0.682
G1 X104.9079 Y94.6149 Z26.1678 E0.682
G1 X103.5371 Y95.6115 Z26.1732 E0.682
G1 X102.2092 Y96.6646 Z26.1785 E0.682
G1 X100.9265 Y97.7724 Z26.1839 E0.682
G1 X99.6915 Y98.9329 Z26.1892 E0.682
G1 X98.5061 Y100.1441 Z26.1946 E0.682
G1 X97.3724 Y101.4039 Z26.1999 E0.682
G1 X96.2926 Y102.7100 Z26.2053 E0.6819
G1 X95.2684 Y104.0602 Z26.2107 E0.6819
G1 X94.3016 Y105.4520 Z26.216 E0.6819
G1 X93.3940 Y106.8832 Z26.2214 E0.6819
G1 X92.5471 Y108.3510 Z26.2267 E0.6819
G1 X91.7625 Y109.8530 Z26.2321 E0.6819
G1 X91.0414 Y111.3865 Z26.2375 E0.6819
G1 X90.3852 Y112.9489 Z26.2428 E0.6819
G1 X89.7950 Y114.5373 Z26.2482 E0.6819
G1 X89.2719 Y116.1490 Z26.2535 E0.6818
G1 X88.8167 Y117.7812 Z26.2589 E0.6818
G1 X88.4302 Y119.4311 Z26.2642 E0.6818
G1 X88.1132 Y121.0956 Z26.2696 E0.6818
G1 X87.8662 Y122.7719 Z26.275 E0.6818
G1 X87.6896 Y124.4571 Z26.2803 E0.6818
G1 X87.5837 Y126.1482 Z26.2857 E0.6818
G1 X87.5487 Y127.8422 Z26.291 E0.6818
G1 X87.5847 Y129.5362 Z26.2964 E0.6818
G1 X87.6916 Y131.2271 Z26.3017 E0.6818
G1 X87.8692 Y132.9121 Z26.3071 E0.6818
G1 X88.1172 Y134.5881 Z26.3125 E0.6818
G1 X88.4352 Y136.2523 Z26.3178 E0.6818
G1 X88.8226 Y137.9016 Z26.3232 E0.6817
G1 X89.2787 Y139.5333 Z26.3285 E0.6817
G1 X89.8027 Y141.1444 Z26.3339 E0.6817
G1 X90.3937 Y142.7322 Z26.3392 E0.6817
G1 X91.0507 Y144.2938 Z26.3446 E0.6817
G1 X91.7725 Y145.8265 Z26.35 E0.6817
G1 X92.5578 Y147.3276 Z26.3553 E0.6817
G1 X93.4053 Y148.7944 Z26.3607 E0.6817
G1 X94.3134 Y150.2245 Z26.366 E0.6817
G1 X95.2807 Y151.6153 Z26.3714 E0.6817
G1 X96.3053 Y152.9643 Z26.3767 E0.6817
G1 X97.3855 Y154.2693 Z26.3821 E0.6817
G1 X98.5193 Y155.5278 Z26.3874 E0.6817
G1 X99.7049 Y156.7378 Z26.3928 E0.6817
G1 X100.9401 Y157.8970 Z26.3982 E0.6817
G1 X102.2227 Y159.0034 Z26.4035 E0.6816
G1 X103.5505 Y160.0552 Z26.4089 E0.6817
G1 X104.9212 Y161.0504 Z26.4142 E0.6816
G1 X106.3323 Y161.9874 Z26.4196 E0.6816
G1 X107.7814 Y162.8644 Z26.4249 E0.6816
G1 X109.2660 Y163.6800 Z26.4303 E0.6816
G1 X110.7834 Y164.4326 Z26.4357 E0.6816
G1 X112.3309 Y165.1211 Z26.441 E0.6816
G1 X113.9059 Y165.7441 Z26.4464 E0.6816
G1 X115.5056 Y166.3007 Z26.4517 E0.6816
G1 X117.1272 Y166.7897 Z26.4571 E0.6816
G1 X118.7678 Y167.2104 Z26.4624 E0.6816
G1 X120.4245 Y167.5621 Z26.4678 E0.6816
G1 X122.0946 Y167.8440 Z26.4732 E0.6816
G1 X123.7749 Y168.0558 Z26.4785 E0.6816
G1 X125.4626 Y168.1970 Z26.4839 E0.6816
G1 X127.1547 Y168.2674 Z26.4892 E0.6816
G1 X128.8483 Y168.2669 Z26.4946 E0.6816
G1 X130.5403 Y168.1955 Z26.4999 E0.6816
G1 X132.2279 Y168.0533 Z26.5053 E0.6816
G1 X133.9079 Y167.8405 Z26.5106 E0.6816
G1 X135.5776 Y167.5576 Z26.516 E0.6816
G1 X137.2340 Y167.2050 Z26.5214 E0.6816
G1 X138.8741 Y166.7834 Z26.5267 E0.6816
G1 X140.4951 Y166.2935 Z26.5321 E0.6816
G1 X142.0941 Y165.7361 Z26.5374 E0.6816
G1 X143.6684 Y165.1122 Z26.5428 E0.6816
G1 X145.2152 Y164.4230 Z26.5481 E0.6816
G1 X146.7317 Y163.6697 Z26.5535 E0.6816
G1 X148.2153 Y162.8535 Z26.5588 E0.6816
G1 X149.6634 Y161.9759 Z26.5642 E0.6816
G1 X151.0735 Y161.0384 Z26.5696 E0.6816
G1 X152.4430 Y160.0427 Z26.5749 E0.6816
G1 X153.7697 Y158.9906 Z26.5803 E0.6816
G1 X155.0511 Y157.8838 Z26.5856 E0.6816
G1 X156.2851 Y156.7244 Z26.591 E0.6816
G1 X157.4693 Y155.5143 Z26.5963 E0.6816
G1 X158.6019 Y154.2557 Z26.6017 E0.6816
G1 X159.6807 Y152.9508 Z26.6071 E0.6816
G1 X160.7040 Y151.6019 Z26.6124 E0.6816
G1 X161.6698 Y150.2114 Z26.6178 E0.6816
G1 X162.5766 Y148.7816 Z26.6231 E0.6816
G1 X163.4227 Y147.3151 Z26.6285 E0.6816
G1 X164.2066 Y145.8146 Z26.6338 E0.6816
G1 X164.9270 Y144.2825 Z26.6392 E0.6816
G1 X165.5826 Y142.7216 Z26.6446 E0.6816
G1 X166.1722 Y141.1346 Z26.6499 E0.6816
G1 X166.6949 Y139.5244 Z26.6553 E0.6816
G1 X167.1496 Y137.8937 Z26.6606 E0.6816
G1 X167.5357 Y136.2455 Z26.666 E0.6816
G1 X167.8524 Y134.5825 Z26.6713 E0.6817
G1 X168.0992 Y132.9077 Z26.6767 E0.6817
G1 X168.2757 Y131.2241 Z26.6821 E0.6817
G1 X168.3815 Y129.5346 Z26.6874 E0.6817
G1 X168.4164 Y127.8422 Z26.6928 E0.6817
G1 X168.3800 Y126.1498 Z26.6981 E0.6816
G1 X168.2728 Y124.4605 Z26.7034 E0.6816
G1 X168.0950 Y122.7772 Z26.7087 E0.6816
G1 X167.8468 Y121.1029 Z26.714 E0.6816
G1 X167.5288 Y119.4404 Z26.7193 E0.6815
G1 X167.1414 Y117.7928 Z26.7246 E0.6815
G1 X166.6853 Y116.1629 Z26.7299 E0.6815
G1 X166.1614 Y114.5535 Z26.7352 E0.6814
G1 X165.5706 Y112.9675 Z26.7405 E0.6814
G1 X164.9140 Y111.4077 Z26.7458 E0.6814
G1 X164.1926 Y109.8768 Z26.7511 E0.6814
G1 X163.4077 Y108.3775 Z26.7564 E0.6813
G1 X162.5607 Y106.9124 Z26.7617 E0.6813
G1 X161.6532 Y105.4841 Z26.767 E0.6813
G1 X160.6867 Y104.0950 Z26.7723 E0.6813
G1 X159.6629 Y102.7477 Z26.7776 E0.6812
G1 X158.5836 Y101.4445 Z26.7829 E0.6812
G1 X157.4506 Y100.1876 Z26.7882 E0.6812
G1 X156.2661 Y98.9793 Z26.7935 E0.6812
G1 X155.0320 Y97.8217 Z26.7988 E0.6811
G1 X153.7506 Y96.7169 Z26.8041 E0.6811
G1 X152.4241 Y95.6666 Z26.8094 E0.6811
G1 X151.0548 Y94.6729 Z26.8147 E0.6811
G1 X149.6451 Y93.7374 Z26.82 E0.681
G1 X148.1975 Y92.8618 Z26.8253 E0.681
G1 X146.7145 Y92.0476 Z26.8306 E0.681
G1 X145.1988 Y91.2962 Z26.8359 E0.681
G1 X143.6529 Y90.6089 Z26.8412 E0.6809
G1 X142.0797 Y89.9870 Z26.8465 E0.6809
G1 X140.4819 Y89.4316 Z26.8518 E0.6809
G1 X138.8622 Y88.9435 Z26.8571 E0.6809
G1 X137.2236 Y88.5238 Z26.8625 E0.6808
G1 X135.5688 Y88.1730 Z26.8678 E0.6808
G1 X133.9009 Y87.8918 Z26.8731 E0.6808
G1 X132.2227 Y87.6807 Z26.8784 E0.6808
G1 X130.5371 Y87.5401 Z26.8837 E0.6807
G1 X128.8472 Y87.4702 Z26.889 E0.6807
G1 X127.1559 Y87.4711 Z26.8943 E0.6807
G1 X125.4661 Y87.5428 Z26.8996 E0.6807
G1 X123.7809 Y87.6853 Z26.9049 E0.6807
G1 X122.1031 Y87.8982 Z26.9102 E0.6806
G1 X120.4358 Y88.1811 Z26.9155 E0.6806
G1 X118.7818 Y88.5336 Z26.9208 E0.6806
G1 X117.1440 Y88.9551 Z26.9261 E0.6806
G1 X115.5254 Y89.4447 Z26.9314 E0.6806
G1 X113.9288 Y90.0017 Z26.9367 E0.6805
G1 X112.3569 Y90.6250 Z26.942 E0.6805
G1 X110.8125 Y91.3136 Z26.9473 E0.6805
G1 X109.2983 Y92.0663 Z26.9526 E0.6805
G1 X107.8171 Y92.8817 Z26.9579 E0.6805
G1 X106.3713 Y93.7584 Z26.9632 E0.6804
G1 X104.9635 Y94.6948 Z26.9685 E0.6804
G1 X103.5962 Y95.6893 Z26.9738 E0.6804
G1 X102.2717 Y96.7402 Z26.9791 E0.6804
G1 X100.9925 Y97.8457 Z26.9844 E0.6804
G1 X99.7607 Y99.0036 Z26.9897 E0.6803
G1 X98.5785 Y100.2122 Z26.995 E0.6803
G1 X97.4480 Y101.4691 Z27.0003 E0.6803
G1 X96.3711 Y102.7723 Z27.0056 E0.6803
G1 X95.3498 Y104.1193 Z27.0109 E0.6803
G1 X94.3858 Y105.5080 Z27.0162 E0.6802
G1 X93.4808 Y106.9357 Z27.0215 E0.6802
G1 X92.6364 Y108.4001 Z27.0268 E0.6802
G1 X91.8541 Y109.8985 Z27.0321 E0.6802
G1 X91.1353 Y111.4283 Z27.0375 E0.6802
G1 X90.4811 Y112.9868 Z27.0428 E0.6802
G1 X89.8928 Y114.5713 Z27.0481 E0.6801
G1 X89.3714 Y116.1791 Z27.0534 E0.6801
G1 X88.9178 Y117.8072 Z27.0587 E0.6801
G1 X88.5327 Y119.4529 Z27.064 E0.6801
G1 X88.2170 Y121.1131 Z27.0693 E0.6801
G1 X87.9710 Y122.7852 Z27.0746 E0.6801
G1 X87.7952 Y124.4660 Z27.0799 E0.68
G1 X87.6900 Y126.1526 Z27.0852 E0.68
G1 X87.6556 Y127.8422 Z27.0905 E0.68
G1 X87.6919 Y129.5317 Z27.0958 E0.68
G1 X87.7989 Y131.2181 Z27.1011 E0.68
G1 X87.9765 Y132.8985 Z27.1064 E0.68
G1 X88.2242 Y134.5700 Z27.1117 E0.68
G1 X88.5417 Y136.2296 Z27.117 E0.6799
G1 X88.9285 Y137.8745 Z27.1223 E0.6799
G1 X89.3837 Y139.5016 Z27.1276 E0.6799
G1 X89.9067 Y141.1082 Z27.1329 E0.6799
G1 X90.4965 Y142.6915 Z27.1382 E0.6799
G1 X91.1521 Y144.2486 Z27.1435 E0.6799
G1 X91.8722 Y145.7769 Z27.1488 E0.6799
G1 X92.6558 Y147.2737 Z27.1541 E0.6798
G1 X93.5013 Y148.7363 Z27.1594 E0.6798
G1 X94.4073 Y150.1622 Z27.1647 E0.6798
G1 X95.3721 Y151.5488 Z27.17 E0.6798
G1 X96.3942 Y152.8939 Z27.1753 E0.6798
G1 X97.4717 Y154.1949 Z27.1806 E0.6798
G1 X98.6027 Y155.4496 Z27.1859 E0.6798
G1 X99.7852 Y156.6558 Z27.1912 E0.6797
G1 X101.0171 Y157.8114 Z27.1965 E0.6797
G1 X102.2963 Y158.9144 Z27.2018 E0.6797
G1 X103.6206 Y159.9628 Z27.2071 E0.6797
G1 X104.9876 Y160.9549 Z27.2124 E0.6797
G1 X106.3949 Y161.8888 Z27.2177 E0.6797
G1 X107.8400 Y162.7629 Z27.223 E0.6797
G1 X109.3205 Y163.5757 Z27.2283 E0.6797
G1 X110.8336 Y164.3258 Z27.2336 E0.6797
G1 X112.3768 Y165.0119 Z27.2389 E0.6797
G1 X113.9473 Y165.6327 Z27.2442 E0.6796
G1 X115.5425 Y166.1872 Z27.2495 E0.6796
G1 X117.1594 Y166.6744 Z27.2548 E0.6796
G1 X118.7952 Y167.0935 Z27.2601 E0.6796
G1 X120.4471 Y167.4437 Z27.2654 E0.6796
G1 X122.1122 Y167.7244 Z27.2707 E0.6796
G1 X123.7876 Y167.9351 Z27.276 E0.6796
G1 X125.4703 Y168.0755 Z27.2813 E0.6796
G1 X127.1573 Y168.1453 Z27.2866 E0.6796
G1 X128.8457 Y168.1444 Z27.2919 E0.6796
G1 X130.5326 Y168.0727 Z27.2972 E0.6795
G1 X132.2150 Y167.9305 Z27.3025 E0.6795
G1 X133.8899 Y167.7180 Z27.3078 E0.6795
G1 X135.5544 Y167.4356 Z27.3131 E0.6795
G1 X137.2055 Y167.0837 Z27.3184 E0.6795
G1 X138.8405 Y166.6629 Z27.3237 E0.6795
G1 X140.4563 Y166.1741 Z27.329 E0.6795
G1 X142.0502 Y165.6181 Z27.3343 E0.6795
G1 X143.6195 Y164.9958 Z27.3396 E0.6795
G1 X145.1612 Y164.3084 Z27.3449 E0.6795
G1 X146.6728 Y163.5570 Z27.3502 E0.6795
G1 X148.1515 Y162.7430 Z27.3555 E0.6795
G1 X149.5948 Y161.8678 Z27.3608 E0.6795
G1 X151.0002 Y160.9330 Z27.3661 E0.6795
G1 X152.3652 Y159.9401 Z27.3714 E0.6794
G1 X153.6873 Y158.8910 Z27.3767 E0.6794
G1 X154.9644 Y157.7875 Z27.382 E0.6794
G1 X156.1941 Y156.6315 Z27.3873 E0.6794
G1 X157.3742 Y155.4250 Z27.3926 E0.6794
G1 X158.5028 Y154.1702 Z27.398 E0.6794
G1 X159.5779 Y152.8693 Z27.4033 E0.6794
G1 X160.5974 Y151.5245 Z27.4086 E0.6794
G1 X161.5598 Y150.1383 Z27.4139 E0.6794
G1 X162.4632 Y148.7130 Z27.4192 E0.6794
G1 X163.3062 Y147.2511 Z27.4245 E0.6794
G1 X164.0871 Y145.7553 Z27.4298 E0.6794
G1 X164.8048 Y144.2281 Z27.4351 E0.6794
G1 X165.4578 Y142.6722 Z27.4404 E0.6794
G1 X166.0451 Y141.0904 Z27.4457 E0.6794
G1 X166.5656 Y139.4854 Z27.451 E0.6794
G1 X167.0185 Y137.8601 Z27.4563 E0.6794
G1 X167.4029 Y136.2172 Z27.4616 E0.6794
G1 X167.7181 Y134.5598 Z27.4669 E0.6794
G1 X167.9637 Y132.8906 Z27.4722 E0.6794
G1 X168.1391 Y131.2126 Z27.4775 E0.6794
G1 X168.2441 Y129.5289 Z27.4828 E0.6794
G1 X168.2785 Y127.8422 Z27.4881 E0.6794
G1 X168.2432 Y126.1556 Z27.5681 E0.7421
G1 X168.1373 Y124.4719 E0.7367
G1 X167.9609 Y122.7942 E0.7322
G1 X167.7145 Y121.1253 E0.7277
G1 X167.3984 Y119.4681 Z27.5681 E0.7231
G1 X167.0131 Y117.8257 E0.7186
G1 X166.5595 Y116.2009 E0.7141
G1 X166.0382 Y114.5964 E0.7096
G1 X165.4501 Y113.0152 E0.705
G1 X164.7964 Y111.4601 E0.7005
G1 X164.0781 Y109.9336 Z27.5681 E0.696
G1 X163.2965 Y108.4386 E0.6914
G1 X162.4530 Y106.9776 E0.6869
G1 X161.5491 Y105.5533 Z27.5681 E0.6824
G1 X160.5863 Y104.1680 E0.6779
G1 X159.5663 Y102.8242 E0.6733
G1 X158.4910 Y101.5244 Z27.5681 E0.6688
G1 X157.3622 Y100.2707 E0.6643
G1 X156.1819 Y99.0654 E0.6597
G1 X154.9521 Y97.9106 Z27.5681 E0.6552
G1 X153.6750 Y96.8082 E0.6507
G1 X152.3530 Y95.7604 Z27.5681 E0.6462
G1 X150.9881 Y94.7688 E0.6416
G1 X149.5830 Y93.8352 Z27.5681 E0.6371
G1 X148.1400 Y92.9613 E0.6326
G1 X146.6617 Y92.1486 Z27.5681 E0.628
G1 X145.1506 Y91.3985 E0.6235
G1 X143.6095 Y90.7123 Z27.5681 E0.619
G1 X142.0410 Y90.0913 E0.6145
G1 X140.4478 Y89.5365 Z27.5681 E0.6099
G1 X138.8328 Y89.0489 E0.6054
G1 X137.1988 Y88.6294 Z27.5681 E0.6009
G1 X135.5487 Y88.2786 E0.5964
G1 X133.8853 Y87.9973 Z27.5681 E0.5918
G1 X132.2116 Y87.7858 Z27.5681 E0.5873
G1 X130.5305 Y87.6447 E0.5828
G1 X128.8450 Y87.5740 Z27.5681 E0.5782
G1 X127.1580 E0.5737
G1 X125.4725 Y87.6447 Z27.5681 E0.5692
G1 X123.7914 Y87.7858 E0.5647
G1 X122.1177 Y87.9973 Z27.5681 E0.5601
G1 X120.4544 Y88.2786 Z27.5681 E0.5556
G1 X118.8042 Y88.6294 E0.5511
G1 X117.1702 Y89.0489 Z27.5681 E0.5465
G1 X115.5552 Y89.5365 E0.542
G1 X113.9621 Y90.0913 Z27.5681 E0.5375
G1 X112.3936 Y90.7123 E0.533
G1 X110.8524 Y91.3985 Z27.5681 E0.5284
G1 X109.3413 Y92.1486 E0.5239
G1 X107.8630 Y92.9613 Z27.5681 E0.5194
G1 X106.4200 Y93.8352 E0.5148
G1 X105.0149 Y94.7688 Z27.5681 E0.5103
G1 X103.6501 Y95.7604 E0.5058
G1 X102.3280 Y96.8082 Z27.5681 E0.5013
G1 X101.0509 Y97.9106 E0.4967
G1 X99.8212 Y99.0654 Z27.5681 E0.4922
G1 X98.6409 Y100.2707 E0.4877
G1 X97.5120 Y101.5244 E0.4831
G1 X96.4367 Y102.8242 Z27.5681 E0.4786
G1 X95.4167 Y104.1680 E0.4741
G1 X94.4540 Y105.5533 E0.4696
G1 X93.5500 Y106.9776 Z27.5681 E0.465
G1 X92.7065 Y108.4386 E0.4605
G1 X91.9249 Y109.9336 E0.456
G1 X91.2067 Y111.4601 Z27.5681 E0.4515
G1 X90.5529 Y113.0152 E0.4469
G1 X89.9649 Y114.5964 E0.4424
G1 X89.4436 Y116.2009 E0.4379
G1 X88.9899 Y117.8257 E0.4333
G1 X88.6047 Y119.4681 E0.4288
G1 X88.2886 Y121.1253 Z27.5681 E0.4243
G1 X88.0421 Y122.7942 E0.4198
G1 X87.8658 Y124.4719 E0.4152
G1 X87.7599 Y126.1556 E0.4107
G1 X87.7245 Y127.8422 E0.4062
G1 X87.7599 Y129.5288 E0.4017
G1 X87.8658 Y131.2125 E0.3971
G1 X88.0421 Y132.8902 E0.3926
G1 X88.2886 Y134.5591 E0.3881
G1 X88.6047 Y136.2163 Z27.5681 E0.3835
G1 X88.9899 Y137.8587 E0.379
G1 X89.4436 Y139.4835 E0.3745
G1 X89.9649 Y141.0880 E0.37
G1 X90.5529 Y142.6692 E0.3654
G1 X91.2067 Y144.2243 E0.3609
G1 X91.9249 Y145.7508 Z27.5681 E0.3564
G1 X92.7065 Y147.2458 E0.3519
G1 X93.5500 Y148.7068 E0.3473
G1 X94.4540 Y150.1311 Z27.5681 E0.3428
G1 X95.4167 Y151.5164 E0.3383
G1 X96.4367 Y152.8602 E0.3338
G1 X97.5120 Y154.1600 Z27.5681 E0.3292
G1 X98.6409 Y155.4137 E0.3247
G1 X99.8212 Y156.6190 E0.3202
G1 X101.0509 Y157.7738 Z27.5681 E0.3156
G1 X102.3280 Y158.8762 E0.3111
G1 X103.6501 Y159.9240 Z27.5681 E0.3066
G1 X105.0149 Y160.9156 E0.3021
G1 X106.4200 Y161.8492 Z27.5681 E0.2975
G1 X107.8630 Y162.7231 E0.293
G1 X109.3413 Y163.5358 Z27.5681 E0.2885
G1 X110.8524 Y164.2859 E0.284
G1 X112.3936 Y164.9721 Z27.5681 E0.2794
G1 X113.9621 Y165.5931 E0.2749
G1 X115.5552 Y166.1479 Z27.5681 E0.2704
G1 X117.1702 Y166.6355 E0.2659
G1 X118.8042 Y167.0550 Z27.5681 E0.2613
G1 X120.4544 Y167.4058 E0.2568
G1 X122.1177 Y167.6871 Z27.5681 E0.2523
G1 X123.7914 Y167.8986 Z27.5681 E0.2478
G1 X125.4725 Y168.0397 E0.2432
G1 X127.1580 Y168.1104 Z27.5681 E0.2387
G1 X128.8450 E0.2342
G1 X130.5305 Y168.0397 Z27.5681 E0.2297
G1 X132.2116 Y167.8986 E0.2252
G1 X133.8853 Y167.6871 Z27.5681 E0.2206
G1 X135.5487 Y167.4058 Z27.5681 E0.2161
G1 X137.1988 Y167.0550 E0.2116
G1 X138.8328 Y166.6355 Z27.5681 E0.2071
G1 X140.4478 Y166.1479 E0.2025
G1 X142.0410 Y165.5931 Z27.5681 E0.198
G1 X143.6095 Y164.9721 E0.1935
G1 X145.1506 Y164.2859 Z27.5681 E0.189
G1 X146.6617 Y163.5358 E0.1845
G1 X148.1400 Y162.7231 Z27.5681 E0.1799
G1 X149.5830 Y161.8492 E0.1754
G1 X150.9881 Y160.9156 Z27.5681 E0.1709
G1 X152.3529 Y159.9240 E0.1664
G1 X153.6750 Y158.8762 Z27.5681 E0.1619
G1 X154.9521 Y157.7738 E0.1573
G1 X156.1819 Y156.6190 Z27.5681 E0.1528
G1 X157.3622 Y155.4137 E0.1483
G1 X158.4910 Y154.1600 E0.1438
G1 X159.5663 Y152.8602 Z27.5681 E0.1393
G1 X160.5863 Y151.5164 E0.1348
G1 X161.5491 Y150.1312 E0.1303
G1 X162.4530 Y148.7068 Z27.5681 E0.1257
G1 X163.2965 Y147.2458 E0.1212
G1 X164.0781 Y145.7508 E0.1167
G1 X164.7964 Y144.2243 Z27.5681 E0.1122
G1 X165.4501 Y142.6692 E0.1077
G1 X166.0382 Y141.0880 E0.1032
G1 X166.5595 Y139.4835 E0.0987
G1 X167.0131 Y137.8587 E0.0942
G1 X167.3984 Y136.2163 E0.0897
G1 X167.7145 Y134.5591 Z27.5681 E0.0852
G1 X167.9609 Y132.8902 E0.0808
G1 X168.1373 Y131.2125 E0.0763
G1 X168.2432 Y129.5288 E0.0718
G1 X168.2785 Y127.8422 E0.0673
M106 S255
G1 F12000
G1 X167.9697 Y127.8422 Z27.6235
G1 F480.0
G1 X167.9346 Y129.5159 Z27.624 E0.9058
G1 X167.8295 Y131.1867 Z27.6241 E0.9058
G1 X167.6545 Y132.8516 Z27.6238 E0.9058
G1 X167.4100 Y134.5076 Z27.6238 E0.9058
G1 X167.0963 Y136.1521 Z27.6241 E0.9059
G1 X166.7140 Y137.7819 Z27.6239 E0.9059
G1 X166.2639 Y139.3943 Z27.6236 E0.9058
G1 X165.7465 Y140.9864 Z27.624 E0.9059
G1 X165.1630 Y142.5555 Z27.624 E0.9059
G1 X164.5143 Y144.0988 Z27.6236 E0.9059
G1 X163.8015 Y145.6134 Z27.6239 E0.9059
G1 X163.0259 Y147.0970 Z27.6241 E0.906
G1 X162.1889 Y148.5468 Z27.6239 E0.906
G1 X161.2919 Y149.9602 Z27.6237 E0.906
G1 X160.3365 Y151.3349 Z27.6241 E0.906
G1 X159.3243 Y152.6684 Z27.624 E0.9061
G1 X158.2573 Y153.9583 Z27.6235 E0.9061
G1 X157.1371 Y155.2023 Z27.624 E0.9061
G1 X155.9658 Y156.3984 Z27.6241 E0.9062
G1 X154.7454 Y157.5444 Z27.6238 E0.9062
G1 X153.4782 Y158.6382 Z27.6238 E0.9062
G1 X152.1662 Y159.6781 Z27.6241 E0.9063
G1 X150.8119 Y160.6621 Z27.6239 E0.9063
G1 X149.4176 Y161.5885 Z27.6236 E0.9063
G1 X147.9856 Y162.4557 Z27.624 E0.9064
G1 X146.5186 Y163.2622 Z27.6241 E0.9064
G1 X145.0191 Y164.0065 Z27.6237 E0.9065
G1 X143.4898 Y164.6874 Z27.6239 E0.9065
G1 X141.9333 Y165.3037 Z27.6241 E0.9066
G1 X140.3523 Y165.8542 Z27.6239 E0.9066
G1 X138.7498 Y166.3381 Z27.6237 E0.9066
G1 X137.1283 Y166.7544 Z27.624 E0.9067
G1 X135.4908 Y167.1025 Z27.624 E0.9067
G1 X133.8402 Y167.3817 Z27.6235 E0.9067
G1 X132.1793 Y167.5915 Z27.624 E0.9068
G1 X130.5111 Y167.7315 Z27.6241 E0.9069
G1 X128.8385 Y167.8016 Z27.6238 E0.9069
G1 X127.1645 Z27.6238 E0.9069
G1 X125.4919 Y167.7315 Z27.6241 E0.907
G1 X123.8237 Y167.5914 Z27.624 E0.9071
G1 X122.1628 Y167.3817 Z27.6235 E0.907
G1 X120.5122 Y167.1025 Z27.624 E0.9071
G1 X118.8747 Y166.7544 Z27.624 E0.9072
G1 X117.2532 Y166.3381 Z27.6237 E0.9072
G1 X115.6507 Y165.8542 Z27.6239 E0.9072
G1 X114.0697 Y165.3037 Z27.6241 E0.9073
G1 X112.5132 Y164.6874 Z27.6239 E0.9073
G1 X110.9839 Y164.0065 Z27.6237 E0.9074
G1 X109.4844 Y163.2622 Z27.6241 E0.9074
G1 X108.0174 Y162.4557 Z27.624 E0.9075
G1 X106.5854 Y161.5885 Z27.6236 E0.9075
G1 X105.1911 Y160.6621 Z27.6239 E0.9075
G1 X103.8368 Y159.6781 Z27.6241 E0.9076
G1 X102.5248 Y158.6382 Z27.6238 E0.9076
G1 X101.2576 Y157.5444 Z27.6238 E0.9076
G1 X100.0372 Y156.3984 Z27.6241 E0.9077
G1 X98.8659 Y155.2023 Z27.624 E0.9077
G1 X97.7458 Y153.9583 Z27.6235 E0.9078
G1 X96.6787 Y152.6684 Z27.624 E0.9078
G1 X95.6666 Y151.3349 Z27.624 E0.9078
G1 X94.7111 Y149.9602 Z27.6237 E0.9079
G1 X93.8141 Y148.5468 Z27.6239 E0.9078
G1 X92.9771 Y147.0970 Z27.6241 E0.9079
G1 X92.2015 Y145.6134 Z27.6239 E0.9079
G1 X91.4887 Y144.0988 Z27.6236 E0.9079
G1 X90.8400 Y142.5555 Z27.624 E0.9079
G1 X90.2565 Y140.9864 Z27.624 E0.908
G1 X89.7391 Y139.3943 Z27.6236 E0.908
G1 X89.2890 Y137.7819 Z27.6239 E0.908
G1 X88.9067 Y136.1520 Z27.6241 E0.908
G1 X88.5930 Y134.5076 Z27.6238 E0.908
G1 X88.3485 Y132.8516 Z27.6238 E0.908
G1 X88.1735 Y131.1867 Z27.6241 E0.908
G1 X88.0684 Y129.5159 Z27.624 E0.908
G1 X88.0333 Y127.8422 Z27.6235 E0.908
G1 X88.0684 Y126.1685 Z27.624 E0.908
G1 X88.1735 Y124.4977 Z27.6241 E0.908
G1 X88.3485 Y122.8328 Z27.6238 E0.908
G1 X88.5930 Y121.1768 Z27.6238 E0.908
G1 X88.9067 Y119.5323 Z27.6241 E0.908
G1 X89.2890 Y117.9025 Z27.6239 E0.908
G1 X89.7391 Y116.2901 Z27.6236 E0.9079
G1 X90.2565 Y114.6980 Z27.624 E0.908
G1 X90.8400 Y113.1289 Z27.624 E0.908
G1 X91.4887 Y111.5856 Z27.6236 E0.9079
G1 X92.2015 Y110.0710 Z27.6239 E0.9079
G1 X92.9771 Y108.5874 Z27.6241 E0.9079
G1 X93.8142 Y107.1376 Z27.6239 E0.9079
G1 X94.7111 Y105.7242 Z27.6237 E0.9078
G1 X95.6666 Y104.3495 Z27.6241 E0.9078
G1 X96.6787 Y103.0160 Z27.624 E0.9078
G1 X97.7458 Y101.7261 Z27.6235 E0.9078
G1 X98.8659 Y100.4821 Z27.624 E0.9077
G1 X100.0372 Y99.2860 Z27.6241 E0.9077
G1 X101.2576 Y98.1400 Z27.6238 E0.9077
G1 X102.5248 Y97.0462 Z27.6238 E0.9076
G1 X103.8368 Y96.0063 Z27.6241 E0.9076
G1 X105.1911 Y95.0223 Z27.6239 E0.9076
G1 X106.5854 Y94.0959 Z27.6236 E0.9075
G1 X108.0174 Y93.2287 Z27.624 E0.9075
G1 X109.4844 Y92.4222 Z27.6241 E0.9075
G1 X110.9839 Y91.6779 Z27.6237 E0.9074
G1 X112.5132 Y90.9970 Z27.6239 E0.9073
G1 X114.0697 Y90.3807 Z27.6241 E0.9073
G1 X115.6507 Y89.8302 Z27.6239 E0.9073
G1 X117.2532 Y89.3463 Z27.6237 E0.9072
G1 X118.8747 Y88.9300 Z27.624 E0.9072
G1 X120.5122 Y88.5819 Z27.624 E0.9071
G1 X122.1628 Y88.3027 Z27.6235 E0.9071
G1 X123.8237 Y88.0929 Z27.624 E0.907
G1 X125.4919 Y87.9529 Z27.6241 E0.907
G1 X127.1645 Y87.8828 Z27.6238 E0.907
G1 X128.8385 Z27.6238 E0.9069
G1 X130.5111 Y87.9529 Z27.6241 E0.9069
G1 X132.1793 Y88.0930 Z27.624 E0.9068
G1 X133.8402 Y88.3027 Z27.6235 E0.9067
G1 X135.4908 Y88.5819 Z27.624 E0.9067
G1 X137.1283 Y88.9300 Z27.624 E0.9067
G1 X138.7498 Y89.3463 Z27.6237 E0.9066
G1 X140.3523 Y89.8302 Z27.6239 E0.9065
G1 X141.9333 Y90.3807 Z27.6241 E0.9065
G1 X143.4898 Y90.9970 Z27.6239 E0.9065
G1 X145.0191 Y91.6779 Z27.6237 E0.9064
G1 X146.5186 Y92.4222 Z27.6241 E0.9064
G1 X147.9856 Y93.2287 Z27.624 E0.9064
G1 X149.4176 Y94.0959 Z27.6236 E0.9064
G1 X150.8119 Y95.0223 Z27.6239 E0.9063
G1 X152.1662 Y96.0063 Z27.6241 E0.9063
G1 X153.4782 Y97.0462 Z27.6238 E0.9063
G1 X154.7454 Y98.1400 Z27.6238 E0.9062
G1 X155.9658 Y99.2860 Z27.6241 E0.9062
G1 X157.1371 Y100.4821 Z27.624 E0.9061
G1 X158.2573 Y101.7261 Z27.6235 E0.9061
G1 X159.3243 Y103.0160 Z27.624 E0.9061
G1 X160.3364 Y104.3495 Z27.624 E0.906
G1 X161.2919 Y105.7242 Z27.6237 E0.906
G1 X162.1889 Y107.1376 Z27.6239 E0.9059
G1 X163.0259 Y108.5874 Z27.6241 E0.906
G1 X163.8015 Y110.0710 Z27.6239 E0.906
G1 X164.5143 Y111.5856 Z27.6236 E0.9059
G1 X165.1630 Y113.1289 Z27.624 E0.9059
G1 X165.7465 Y114.6980 Z27.624 E0.9059
G1 X166.2639 Y116.2901 Z27.6236 E0.9059
G1 X166.7140 Y117.9025 Z27.6239 E0.9058
G1 X167.0963 Y119.5324 Z27.6241 E0.9059
G1 X167.4100 Y121.1768 Z27.6238 E0.9058
G1 X167.6545 Y122.8328 Z27.6238 E0.9058
G1 X167.8295 Y124.4977 Z27.6241 E0.9058
G1 X167.9347 Y126.1685 Z27.624 E0.9058
G1 X167.9697 Y127.8422 Z27.6235 E0.9058
G1 F12000
G1 X167.9436 Z27.7645
G1 F480.0
G1 X167.9073 Y129.5147 Z27.7716 E0.9052
G1 X167.8006 Y131.1842 Z27.7806 E0.3482
G1 X167.6132 Y132.8463 Z27.8457 E0.3484
G1 X167.3556 Y134.4984 Z27.9132 E0.3483
G1 X167.0291 Y136.1378 Z27.9809 E0.3482
G1 X166.6362 Y137.7619 Z28.0396 E0.348 F240
;---
G1 E-1.5
G4 P1500 ;ms dwell, no motion
G1 E1.5
;---
G1 X166.1858 Y139.3707 Z28.0451 E0.3477

G1 X165.6802 Y140.9633 Z27.989 E0.348 F480
G1 X165.1109 Y142.5348 Z27.9178 E0.3482
G1 X164.4761 Y144.0817 Z27.8463 E0.3484
G1 X163.7760 Y145.6008 Z27.7774 E0.3484
G1 X163.0029 Y147.0844 Z27.7654 E0.3482
G1 X162.1655 Y148.5327 Z27.7713 E0.9054
G1 X161.2654 Y149.9427 Z27.7952 E0.3482
G1 X160.2976 Y151.3067 Z27.8774 E0.3486
G1 X159.2736 Y152.6282 Z27.961 E0.3485
G1 X158.1957 Y153.9051 Z28.044 E0.3483
G1 X157.0679 Y155.1373 Z28.1126 E0.348 F240
;---
G1 E-1.5
G4 P1500 ;ms dwell, no motion
G1 E1.5
;---
G1 X155.8986 Y156.3298 Z28.1185 E0.3477

G1 X154.6900 Y157.4828 Z28.0521 E0.3481 F480
G1 X153.4365 Y158.5877 Z27.965 E0.3484
G1 X152.1372 Y159.6397 Z27.878 E0.3486
G1 X150.7940 Y160.6364 Z27.7927 E0.3487
G1 X149.4036 Y161.5664 Z27.7645 E0.3484
G1 X147.9719 Y162.4319 Z27.7716 E0.9058
G1 X146.5025 Y163.2315 Z27.8106 E0.3485
G1 X144.9960 Y163.9574 Z27.9085 E0.3489
G1 X143.4611 Y164.6191 Z28.0083 E0.3487
G1 X141.9005 Y165.2156 Z28.108 E0.3486
G1 X140.3187 Y165.7508 Z28.1824 E0.3481 F240
;---
G1 E-1.5
G4 P1500 ;ms dwell, no motion
G1 E1.5
;---
G1 X138.7202 Y166.2322 Z28.1874 E0.3477

G1 X137.1065 Y166.6614 Z28.1155 E0.3482 F480
G1 X135.4767 Y167.0288 Z28.0125 E0.3487
G1 X133.8322 Y167.3279 Z27.9089 E0.3489
G1 X132.1758 Y167.5575 Z27.8076 E0.3491
G1 X130.5095 Y167.7054 Z27.7653 E0.3486
G1 X128.8379 Y167.7743 Z27.7712 E0.9063
G1 X127.1653 Y167.7641 Z27.8253 E0.3487
G1 X125.4957 Y167.6711 Z27.9404 E0.3493
G1 X123.8324 Y167.5083 Z28.0557 E0.3491
G1 X122.1783 Y167.2768 Z28.1685 E0.3488
G1 X120.5355 Y166.9802 Z28.2519 E0.3484 F240
;---
G1 E-1.5
G4 P1500 ;ms dwell, no motion
G1 E1.5
;---
G1 X118.9034 Y166.6319 Z28.2576 E0.3478

G1 X117.2821 Y166.2347 Z28.1756 E0.3483 F480
G1 X115.6767 Y165.7740 Z28.0595 E0.349
G1 X114.0908 Y165.2468 Z27.9407 E0.3493
G1 X112.5275 Y164.6533 Z27.8224 E0.3495
G1 X110.9950 Y163.9829 Z27.7647 E0.3489
G1 X109.4971 Y163.2379 Z27.7717 E0.9068
G1 X108.0377 Y162.4205 Z27.8405 E0.3491
G1 X106.6212 Y161.5321 Z27.9711 E0.3497
G1 X105.2442 Y160.5858 Z28.1028 E0.3495
G1 X103.9088 Y159.5832 Z28.2282 E0.3492
G1 X102.6146 Y158.5297 Z28.324 E0.3486 F240
;---
G1 E-1.5
G4 P1500 ;ms dwell, no motion
G1 E1.5
;---
G1 X101.3527 Y157.4387 Z28.3296 E0.3479

G1 X100.1217 Y156.3122 Z28.2351 E0.3486 F480
G1 X98.9342 Y155.1382 Z28.1065 E0.3493
G1 X97.7963 Y153.9146 Z27.9713 E0.3496
G1 X96.7100 Y152.6435 Z27.8374 E0.3499
G1 X95.6878 Y151.3195 Z27.7653 E0.3492
G1 X94.7339 Y149.9451 Z27.7711 E0.9072
G1 X93.8515 Y148.5242 Z27.8557 E0.3494
G1 X93.0411 Y147.0619 Z28.0029 E0.3501
G1 X92.2930 Y145.5680 Z28.1492 E0.3498
G1 X91.6105 Y144.0446 Z28.2902 E0.3495
G1 X90.9871 Y142.4973 Z28.4006 E0.3487 F240
;---
G1 E-1.5
G4 P1500 ;ms dwell, no motion
G1 E1.5
;---
G1 X90.4072 Y140.9339 Z28.407 E0.3479

G1 X89.8682 Y139.3553 Z28.297 E0.3487 F480
G1 X89.3885 Y137.7564 Z28.1526 E0.3495
G1 X88.9781 Y136.1369 Z28.0029 E0.3499
G1 X88.6354 Y134.5005 Z27.8525 E0.3502
G1 X88.3744 Y132.8483 Z27.7648 E0.3494
G1 X88.2008 Y131.1844 Z27.7717 E0.9074
G1 X88.1151 Y129.5139 Z27.871 E0.3496
G1 X88.1124 Y127.8422 Z28.0333 E0.3504
G1 X88.1792 Y126.1732 Z28.1925 E0.35
G1 X88.3204 Y124.5101 Z28.3532 E0.3498
G1 X88.5226 Y122.8548 Z28.4773 E0.3488 F240
;---
G1 E-1.5
G4 P1500 ;ms dwell, no motion
G1 E1.5
;---
G1 X88.7675 Y121.2063 Z28.4838 E0.3477

G1 X89.0524 Y119.5633 Z28.3597 E0.3488 F480
G1 X89.3971 Y117.9303 Z28.1955 E0.3499
G1 X89.8149 Y116.3130 Z28.0334 E0.3501
G1 X90.3000 Y114.7132 Z27.8678 E0.3505
G1 X90.8644 Y113.1386 Z27.7653 E0.3496
G1 X91.5137 Y111.5967 Z27.7709 E0.9073
G1 X92.2461 Y110.0931 Z27.8863 E0.3497
G1 X93.0519 Y108.6285 Z28.0649 E0.3507
G1 X93.9178 Y107.2003 Z28.2372 E0.3502
G1 X94.8456 Y105.8135 Z28.415 E0.35
G1 X95.8220 Y104.4624 Z28.5513 E0.3488 F240
;---
G1 E-1.5
G4 P1500 ;ms dwell, no motion
G1 E1.5
;---
G1 X96.8303 Y103.1362 Z28.5565 E0.3474

G1 X97.8691 Y101.8326 Z28.4211 E0.3488 F480
G1 X98.9548 Y100.5655 Z28.2403 E0.35
G1 X100.0969 Y99.3470 Z28.0647 E0.3502
G1 X101.2904 Y98.1765 Z27.8828 E0.3507
G1 X102.5415 Y97.0664 Z27.7649 E0.3496
G1 X103.8533 Y96.0282 Z27.7717 E0.907
G1 X105.2213 Y95.0657 Z27.9015 E0.3498
G1 X106.6344 Y94.1731 Z28.095 E0.3508
G1 X108.0832 Y93.3428 Z28.2836 E0.3504
G1 X109.5658 Y92.5778 Z28.4775 E0.3501
G1 X111.0738 Y91.8690 Z28.6228 E0.3487 F240
;---
G1 E-1.5
G4 P1500 ;ms dwell, no motion
G1 E1.5
;---
G1 X112.5957 Y91.1933 Z28.6294 E0.3471

G1 X114.1314 Y90.5465 Z28.4835 E0.3487 F480
G1 X115.6915 Y89.9560 Z28.2863 E0.3501
G1 X117.2778 Y89.4344 Z28.0949 E0.3503
G1 X118.8866 Y88.9808 Z27.8982 E0.3508
G1 X120.5171 Y88.6077 Z27.7652 E0.3497
G1 X122.1668 Y88.3297 Z27.7708 E0.9065
G1 X123.8295 Y88.1485 Z27.9167 E0.3499
G1 X125.4980 Y88.0503 Z28.1263 E0.351
G1 X127.1675 Y88.0249 Z28.3296 E0.3505
G1 X128.8345 Y88.0715 Z28.5367 E0.3501
G1 X130.4966 Y88.1843 Z28.7003 E0.3487 F240
;---
G1 E-1.5
G4 P1500 ;ms dwell, no motion
G1 E1.5
;---
G1 X132.1549 Y88.3253 Z28.7066 E0.3467

G1 X133.8124 Y88.4906 Z28.5413 E0.3487 F480
G1 X135.4640 Y88.7222 Z28.3325 E0.3501
G1 X137.1060 Y89.0250 Z28.1259 E0.3505
G1 X138.7349 Y89.3994 Z27.913 E0.351
G1 X140.3442 Y89.8551 Z27.765 E0.3497
G1 X141.9237 Y90.4064 Z27.7717 E0.9059
G1 X143.4670 Y91.0512 Z27.9317 E0.3499
G1 X144.9751 Y91.7713 Z28.1553 E0.3511
G1 X146.4479 Y92.5575 Z28.376 E0.3507
G1 X147.8841 Y93.4046 Z28.5924 E0.3501
G1 X149.2823 Y94.3091 Z28.7767 E0.3489 F240
;---
G1 E-1.5
G4 P1500 ;ms dwell, no motion
G1 E1.5
;---
G1 X150.6668 Y95.2310 Z28.7836 E0.3464

G1 X152.0426 Y96.1692 Z28.5978 E0.3489 F480
G1 X153.3806 Y97.1642 Z28.3783 E0.3502
G1 X154.6763 Y98.2167 Z28.1551 E0.3506
G1 X155.9251 Y99.3276 Z27.9284 E0.3512
G1 X157.1180 Y100.5001 Z27.7652 E0.3499
G1 X158.2366 Y101.7440 Z27.7708 E0.9055
G1 X159.2758 Y103.0545 Z27.9469 E0.3501
G1 X160.2482 Y104.4136 Z28.1843 E0.3513
G1 X161.1562 Y105.8144 Z28.4215 E0.351
G1 X162.0012 Y107.2512 Z28.6532 E0.3503
G1 X162.7866 Y108.7189 Z28.8545 E0.349 F240
;---
G1 E-1.5
G4 P1500 ;ms dwell, no motion
G1 E1.5
;---
G1 X163.5555 Y110.1931 Z28.8606 E0.3461

G1 X164.3126 Y111.6754 Z28.6582 E0.349 F480
G1 X165.0109 Y113.1891 Z28.4242 E0.3504
G1 X165.6436 Y114.7339 Z28.1838 E0.351
G1 X166.2053 Y116.3078 Z27.943 E0.3514
G1 X166.6886 Y117.9090 Z27.7651 E0.3501
G1 X167.0695 Y119.5381 Z27.7717 E0.9053
G1 X167.3461 Y121.1876 Z27.9617 E0.3503
G1 X167.5400 Y122.8473 Z28.2124 E0.3516
G1 X167.6568 Y124.5122 Z28.4678 E0.3514
G1 X167.6991 Y126.1784 Z28.7146 E0.3506
G1 X167.6778 Y127.8422 Z28.9248 E0.3489 F240
;---
G1 E-1.5
G4 P1500 ;ms dwell, no motion
G1 E1.5
;---
G1 X167.6414 Y129.5036 Z28.9306 E0.3457

G1 X167.5877 Y131.1664 Z28.7405 E0.3485 F480
G1 X167.4647 Y132.8276 Z28.548 E0.3489
G1 X167.2644 Y134.4830 Z28.3543 E0.3494
G1 X166.9939 Y136.1303 Z28.1623 E0.3497
G1 X166.6388 Y137.7626 Z28.0262 E0.3488
G1 X166.1883 Y139.3714 Z28.0323 E0.904
G1 X165.6444 Y140.9508 Z28.1796 E0.349
G1 X165.0189 Y142.4984 Z28.3865 E0.3501
G1 X164.3297 Y144.0166 Z28.5888 E0.3495
G1 X163.5704 Y145.4987 Z28.7981 E0.3493
G1 X162.7497 Y146.9452 Z28.9974 E0.3486 F240
;---
G1 E-1.5
G4 P1500 ;ms dwell, no motion
G1 E1.5
;---
G1 X161.9176 Y148.3825 Z29.0035 E0.3457

G1 X161.0727 Y149.8146 Z28.8171 E0.3483 F480
G1 X160.1661 Y151.2112 Z28.6203 E0.349
G1 X159.1948 Y152.5658 Z28.4316 E0.3492
G1 X158.1661 Y153.8796 Z28.234 E0.3498
G1 X157.0693 Y155.1386 Z28.1033 E0.3487
G1 X155.8998 Y156.3310 Z28.1099 E0.9041
G1 X154.6620 Y157.4517 Z28.253 E0.3489
G1 X153.3684 Y158.5054 Z28.4633 E0.3501
G1 X152.0317 Y159.5008 Z28.6652 E0.3495
G1 X150.6529 Y160.4334 Z28.8749 E0.3493
G1 X149.2355 Y161.3015 Z29.0736 E0.3486 F240
;---
G1 E-1.5
G4 P1500 ;ms dwell, no motion
G1 E1.5
;---
G1 X147.8146 Y162.1595 Z29.0808 E0.3456

G1 X146.3872 Y163.0109 Z28.894 E0.3483 F480
G1 X144.9207 Y163.7974 Z28.6969 E0.349
G1 X143.4191 Y164.5192 Z28.5082 E0.3492
G1 X141.8852 Y165.1744 Z28.3113 E0.3499
G1 X140.3190 Y165.7517 Z28.1779 E0.3488
G1 X138.7205 Y166.2330 Z28.1835 E0.9041
G1 X137.0958 Y166.6159 Z28.3304 E0.3491
G1 X135.4553 Y166.9165 Z28.5389 E0.3501
G1 X133.8046 Y167.1412 Z28.7416 E0.3496
G1 X132.1483 Y167.2956 Z28.943 E0.3491
G1 X130.4882 Y167.3676 Z29.1516 E0.3489 F240
;---
G1 E-1.5
G4 P1500 ;ms dwell, no motion
G1 E1.5
;---
G1 X128.8308 Y167.4351 Z29.1575 E0.3456

G1 X127.1709 Y167.4984 Z28.961 E0.3485 F480
G1 X125.5077 Y167.4803 Z28.7746 E0.3488
G1 X123.8445 Y167.3934 Z28.5781 E0.3495
G1 X122.1855 Y167.2280 Z28.3877 E0.3497
G1 X120.5355 Y166.9802 Z28.2516 E0.3489
G1 X118.9035 Y166.6318 Z28.2581 E0.9044
G1 X117.2962 Y166.1843 Z28.407 E0.3492
G1 X115.7148 Y165.6569 Z28.609 E0.35
G1 X114.1616 Y165.0565 Z28.8194 E0.3499
G1 X112.6379 Y164.3907 Z29.018 E0.3491
G1 X111.1496 Y163.6545 Z29.2275 E0.3489 F240
;---
G1 E-1.5
G4 P1500 ;ms dwell, no motion
G1 E1.5
;---
G1 X109.6658 Y162.9153 Z29.235 E0.3456

G1 X108.1814 Y162.1716 Z29.0375 E0.3486 F480
G1 X106.7312 Y161.3588 Z28.8506 E0.3488
G1 X105.3164 Y160.4818 Z28.654 E0.3495
G1 X103.9413 Y159.5404 Z28.4655 E0.3497
G1 X102.6152 Y158.5289 Z28.3285 E0.349
G1 X101.3535 Y157.4379 Z28.3349 E0.9044
G1 X100.1612 Y156.2718 Z28.4846 E0.3492
G1 X99.0322 Y155.0461 Z28.686 E0.3501
G1 X97.9602 Y153.7732 Z28.8936 E0.3497
G1 X96.9504 Y152.4531 Z29.0953 E0.3492
G1 X95.9993 Y151.0931 Z29.2968 E0.3485 F240
;---
G1 E-1.5
G4 P1500 ;ms dwell, no motion
G1 E1.5
;---
G1 X95.0556 Y149.7313 Z29.3023 E0.3454

G1 X94.1159 Y148.3641 Z29.1143 E0.3483 F480
G1 X93.2323 Y146.9567 Z28.9233 E0.3488
G1 X92.4166 Y145.5067 Z28.731 E0.3494
G1 X91.6617 Y144.0218 Z28.5392 E0.3497
G1 X90.9882 Y142.4968 Z28.4058 E0.3489
G1 X90.4083 Y140.9335 Z28.4123 E0.9044
G1 X89.9244 Y139.3383 Z28.5564 E0.349
G1 X89.5299 Y137.7201 Z28.7631 E0.3502
G1 X89.2040 Y136.0889 Z28.9626 E0.3495
G1 X88.9591 Y134.4456 Z29.1721 E0.3493
G1 X88.7848 Y132.7965 Z29.3689 E0.3484 F240
;---
G1 E-1.5
G4 P1500 ;ms dwell, no motion
G1 E1.5
;---
G1 X88.6144 Y131.1496 Z29.3759 E0.3454

G1 X88.4456 Y129.5000 Z29.1916 E0.3481 F480
G1 X88.3474 Y127.8422 Z28.9939 E0.3489
G1 X88.3289 Y126.1795 Z28.8082 E0.3491
G1 X88.3808 Y124.5152 Z28.6109 E0.3498
G1 X88.5238 Y122.8549 Z28.4824 E0.3487
G1 X88.7687 Y121.2065 Z28.489 E0.9039
G1 X89.1152 Y119.5767 Z28.63 E0.3489
G1 X89.5498 Y117.9694 Z28.8401 E0.3501
G1 X90.0537 Y116.3851 Z29.0387 E0.3493
G1 X90.6304 Y114.8283 Z29.2492 E0.3491
G1 X91.2769 Y113.3019 Z29.4464 E0.3482 F240
;---
G1 E-1.5
G4 P1500 ;ms dwell, no motion
G1 E1.5
;---
G1 X91.9202 Y111.7777 Z29.4521 E0.3451

G1 X92.5610 Y110.2495 Z29.2668 E0.3477 F480
G1 X93.2742 Y108.7507 Z29.0716 E0.3486
G1 X94.0544 Y107.2830 Z28.8844 E0.3488
G1 X94.9015 Y105.8506 Z28.6875 E0.3495
G1 X95.8228 Y104.4630 Z28.5556 E0.3484
G1 X96.8312 Y103.1368 Z28.5609 E0.9032
G1 X97.9226 Y101.8788 Z28.7064 E0.3487
G1 X99.0763 Y100.6797 Z28.9139 E0.3496
G1 X100.2845 Y99.5385 Z29.1165 E0.3492
G1 X101.5376 Y98.4510 Z29.315 E0.3484
G1 X102.8433 Y97.4314 Z29.5232 E0.3482 F240
;---
G1 E-1.5
G4 P1500 ;ms dwell, no motion
G1 E1.5
;---
G1 X104.1405 Y96.4065 Z29.5301 E0.3447

G1 X105.4340 Y95.3718 Z29.3328 E0.3478 F480
G1 X106.7803 Y94.4030 Z29.1479 E0.348
G1 X108.1676 Y93.4889 Z28.952 E0.3488
G1 X109.5999 Y92.6430 Z28.7651 E0.349
G1 X111.0744 Y91.8703 Z28.628 E0.3482
G1 X112.5963 Y91.1946 Z28.6346 E0.9025
G1 X114.1583 Y90.6191 Z28.7842 E0.3484
G1 X115.7467 Y90.1255 Z28.9831 E0.3492
G1 X117.3548 Y89.7105 Z29.1929 E0.3489
G1 X118.9770 Y89.3662 Z29.3903 E0.3481
G1 X120.6115 Y89.1023 Z29.6004 E0.3478 F240
;---
G1 E-1.5
G4 P1500 ;ms dwell, no motion
G1 E1.5
;---
G1 X122.2405 Y88.8284 Z29.605 E0.3442

G1 X123.8713 Y88.5460 Z29.4095 E0.3473 F480
G1 X125.5163 Y88.3406 Z29.2258 E0.3476
G1 X127.1713 Y88.2077 Z29.0279 E0.3484
G1 X128.8328 Y88.1524 Z28.8417 E0.3486
G1 X130.4965 Y88.1857 Z28.7055 E0.3479
G1 X132.1548 Y88.3266 Z28.7118 E0.9015
G1 X133.8001 Y88.5743 Z28.8601 E0.348
G1 X135.4279 Y88.9114 Z29.0602 E0.3488
G1 X137.0365 Y89.3216 Z29.2693 E0.3484
G1 X138.6213 Y89.8067 Z29.4667 E0.3477
G1 X140.1804 Y90.3590 Z29.6668 E0.3468 F240
;---
G1 E-1.5
G4 P1500 ;ms dwell, no motion
G1 E1.5
;---
G1 X141.7387 Y90.9040 Z29.6715 E0.3437

G1 X143.3018 Y91.4446 Z29.4864 E0.3466 F480
G1 X144.8442 Y92.0494 Z29.2945 E0.3472
G1 X146.3565 Y92.7323 Z29.1054 E0.3478
G1 X147.8411 Y93.4791 Z28.9157 E0.3482
G1 X149.2816 Y94.3102 Z28.7819 E0.3474
G1 X150.6660 Y95.2322 Z28.7888 E0.9005
G1 X151.9888 Y96.2402 Z28.9308 E0.3475
G1 X153.2487 Y97.3237 Z29.137 E0.3487
G1 X154.4601 Y98.4568 Z29.3346 E0.3478
G1 X155.6103 Y99.6489 Z29.5445 E0.3476
G1 X156.7065 Y100.8865 Z29.7398 E0.3466 F240
;---
G1 E-1.5
G4 P1500 ;ms dwell, no motion
G1 E1.5
;---
G1 X157.8079 Y102.1140 Z29.7453 E0.3433

G1 X158.9203 Y103.3362 Z29.5637 E0.3461 F480
G1 X159.9814 Y104.6074 Z29.3666 E0.3471
G1 X160.9800 Y105.9315 Z29.1819 E0.3473
G1 X161.9227 Y107.2987 Z28.9849 E0.3481
G1 X162.7854 Y108.7196 Z28.8597 E0.347
G1 X163.5543 Y110.1937 Z28.8657 E0.8997
G1 X164.2245 Y111.7147 Z29.0036 E0.3471
G1 X164.8051 Y113.2706 Z29.2145 E0.3484
G1 X165.3157 Y114.8481 Z29.4114 E0.3475
G1 X165.7502 Y116.4453 Z29.6188 E0.3471
G1 X166.1067 Y118.0583 Z29.8168 E0.3463 F240
;---
G1 E-1.5
G4 P1500 ;ms dwell, no motion
G1 E1.5
;---
G1 X166.4800 Y119.6634 Z29.8235 E0.343

G1 X166.8740 Y121.2675 Z29.6372 E0.3458 F480
G1 X167.1895 Y122.8915 Z29.4431 E0.3467
G1 X167.4319 Y124.5311 Z29.2591 E0.347
G1 X167.5990 Y126.1826 Z29.062 E0.3479
G1 X167.6765 Y127.8422 Z28.9294 E0.3468
G1 X167.6401 Y129.5035 Z28.9349 E0.8989
G1 X167.4886 Y131.1580 Z29.0813 E0.3471
G1 X167.2504 Y132.8006 Z29.2853 E0.3479
G1 X166.9306 Y134.4265 Z29.4881 E0.3474
G1 X166.5440 Y136.0347 Z29.6845 E0.3466
G1 X166.0716 Y137.6171 Z29.8939 E0.3464 F240
;---
G1 E-1.5
G4 P1500 ;ms dwell, no motion
G1 E1.5
;---
G1 X165.6263 Y139.2016 Z29.8995 E0.3426

G1 X165.2049 Y140.7978 Z29.7032 E0.346 F480
G1 X164.6992 Y142.3719 Z29.5207 E0.3462
G1 X164.1286 Y143.9271 Z29.3242 E0.3472
G1 X163.4785 Y145.4530 Z29.139 E0.3474
G1 X162.7483 Y146.9444 Z29.0026 E0.3468
G1 X161.9161 Y148.3817 Z29.0087 E0.8988
G1 X160.9864 Y149.7572 Z29.1578 E0.347
G1 X159.9850 Y151.0796 Z29.3553 E0.3477
G1 X158.9197 Y152.3478 Z29.5655 E0.3476
G1 X157.8027 Y153.5660 Z29.7598 E0.3464
G1 X156.6275 Y154.7236 Z29.9708 E0.3462 F240
;---
G1 E-1.5
G4 P1500 ;ms dwell, no motion
G1 E1.5
;---
G1 X155.4744 Y155.8967 Z29.9774 E0.3424

G1 X154.3375 Y157.0914 Z29.7796 E0.3458 F480
G1 X153.1415 Y158.2310 Z29.597 E0.346
G1 X151.8930 Y159.3180 Z29.4004 E0.3471
G1 X150.5919 Y160.3456 Z29.2161 E0.3474
G1 X149.2346 Y161.3001 Z29.0788 E0.3467
G1 X147.8138 Y162.1581 Z29.086 E0.8986
G1 X146.3372 Y162.9152 Z29.2354 E0.347
G1 X144.8214 Y163.5864 Z29.4316 E0.3477
G1 X143.2790 Y164.1855 Z29.6391 E0.3471
G1 X141.7113 Y164.7067 Z29.838 E0.3466
G1 X140.1264 Y165.1592 Z30.0355 E0.3456 F240
;---
G1 E-1.5
G4 P1500 ;ms dwell, no motion
G1 E1.5
;---
G1 X138.5525 Y165.6310 Z30.0412 E0.3421

G1 X136.9808 Y166.1255 Z29.8573 E0.3454 F480
G1 X135.3868 Y166.5575 Z29.6642 E0.3463
G1 X133.7697 Y166.9050 Z29.4765 E0.3468
G1 X132.1367 Y167.1857 Z29.2875 E0.3473
G1 X130.4881 Y167.3659 Z29.1568 E0.3466
G1 X128.8307 Y167.4334 Z29.1627 E0.8986
G1 X127.1732 Y167.3881 Z29.3026 E0.3467
G1 X125.5229 Y167.2381 Z29.5095 E0.348
G1 X123.8837 Y167.0203 Z29.705 E0.347
G1 X122.2612 Y166.7161 Z29.9138 E0.3468
G1 X120.6571 Y166.3431 Z30.1096 E0.3456 F240
;---
G1 E-1.5
G4 P1500 ;ms dwell, no motion
G1 E1.5
;---
G1 X119.0521 Y165.9982 Z30.1161 E0.3422

G1 X117.4365 Y165.6813 Z29.9334 E0.3453 F480
G1 X115.8329 Y165.2937 Z29.7368 E0.3463
G1 X114.2481 Y164.8239 Z29.5546 E0.3466
G1 X112.6818 Y164.2863 Z29.3569 E0.3477
G1 X111.1503 Y163.6531 Z29.2326 E0.3464
G1 X109.6665 Y162.9138 Z29.2401 E0.8986
G1 X108.2387 Y162.0724 Z29.3762 E0.3467
G1 X106.8661 Y161.1461 Z29.5852 E0.3479
G1 X105.5396 Y160.1608 Z29.7817 E0.347
G1 X104.2652 Y159.1135 Z29.9914 E0.3466
G1 X103.0451 Y158.0090 Z30.1862 E0.3456 F240
;---
G1 E-1.5
G4 P1500 ;ms dwell, no motion
G1 E1.5
;---
G1 X101.8065 Y156.9351 Z30.1925 E0.3419

G1 X100.5384 Y155.8866 Z30.0081 E0.3451 F480
G1 X99.3220 Y154.7739 Z29.814 E0.3462
G1 X98.1545 Y153.6055 Z29.6276 E0.3465
G1 X97.0432 Y152.3795 Z29.4341 E0.3475
G1 X96.0006 Y151.0922 Z29.3009 E0.3465
G1 X95.0570 Y149.7304 Z29.3068 E0.8981
G1 X94.2183 Y148.3021 Z29.4529 E0.3468
G1 X93.4600 Y146.8316 Z29.6561 E0.3475
G1 X92.7807 Y145.3258 Z29.8588 E0.3472
G1 X92.1663 Y143.7972 Z30.0542 E0.346
G1 X91.6398 Y142.2389 Z30.2638 E0.3459 F240
;---
G1 E-1.5
G4 P1500 ;ms dwell, no motion
G1 E1.5
;---
G1 X91.0722 Y140.7022 Z30.2703 E0.3417

G1 X90.4592 Y139.1768 Z30.0725 E0.3454 F480
G1 X89.9301 Y137.6174 Z29.891 E0.3456
G1 X89.4635 Y136.0337 Z29.6942 E0.3469
G1 X89.0811 Y134.4250 Z29.5109 E0.3471
G1 X88.7868 Y132.7962 Z29.3741 E0.3464
G1 X88.6164 Y131.1495 Z29.3811 E0.898
G1 X88.5704 Y129.4948 Z29.5303 E0.3468
G1 X88.6173 Y127.8422 Z29.725 E0.3473
G1 X88.7507 Y126.1972 Z29.936 E0.3471
G1 X88.9557 Y124.5634 Z30.1307 E0.3459
G1 X89.2438 Y122.9457 Z30.3391 E0.3455 F240
;---
G1 E-1.5
G4 P1500 ;ms dwell, no motion
G1 E1.5
;---
G1 X89.4864 Y121.3281 Z30.3456 E0.3412

G1 X89.6851 Y119.6978 Z30.15 E0.345 F480
G1 X89.9649 Y118.0759 Z29.9678 E0.3454
G1 X90.3185 Y116.4651 Z29.7699 E0.3465
G1 X90.7523 Y114.8707 Z29.5883 E0.3468
G1 X91.2788 Y113.3026 Z29.4516 E0.3462
G1 X91.9221 Y111.7785 Z29.4573 E0.8972
G1 X92.6781 Y110.3076 Z29.6069 E0.3463
G1 X93.5208 Y108.8863 Z29.803 E0.3471
G1 X94.4269 Y107.5085 Z30.008 E0.3464
G1 X95.4009 Y106.1827 Z30.2068 E0.3456
G1 X96.4280 Y104.9028 Z30.4042 E0.3446 F240
;---
G1 E-1.5
G4 P1500 ;ms dwell, no motion
G1 E1.5
;---
G1 X97.4196 Y103.6031 Z30.4101 E0.3409

G1 X98.3810 Y102.2744 Z30.2257 E0.3442 F480
G1 X99.3975 Y100.9814 Z30.0329 E0.3452
G1 X100.4861 Y99.7444 Z29.848 E0.3458
G1 X101.6267 Y98.5499 Z29.6569 E0.3465
G1 X102.8446 Y97.4329 Z29.5284 E0.3456
G1 X104.1417 Y96.4081 Z29.5353 E0.8962
G1 X105.5100 Y95.4810 Z29.6722 E0.3458
G1 X106.9371 Y94.6502 Z29.8789 E0.347
G1 X108.3940 Y93.8811 Z30.0747 E0.3459
G1 X109.8885 Y93.1949 Z30.2848 E0.3456
G1 X111.4064 Y92.5753 Z30.4787 E0.3442 F240
;---
G1 E-1.5
G4 P1500 ;ms dwell, no motion
G1 E1.5
;---
G1 X112.8992 Y91.9156 Z30.4857 E0.3402

G1 X114.3775 Y91.2082 Z30.3042 E0.3437 F480
G1 X115.8891 Y90.5638 Z30.1065 E0.345
G1 X117.4353 Y89.9990 Z29.9242 E0.3452
G1 X119.0083 Y89.4996 Z29.7276 E0.3464
G1 X120.6119 Y89.1042 Z29.6056 E0.3451
G1 X122.2408 Y88.8303 Z29.6099 E0.8948
G1 X123.8857 Y88.6837 Z29.7466 E0.3454
G1 X125.5354 Y88.6443 Z29.9572 E0.3467
G1 X127.1813 Y88.6793 Z30.1511 E0.3454
G1 X128.8192 Y88.7957 Z30.3585 E0.3447
G1 X130.4455 Y88.9947 Z30.557 E0.3439 F240
;---
G1 E-1.5
G4 P1500 ;ms dwell, no motion
G1 E1.5
;---
G1 X132.0699 Y89.1354 Z30.5631 E0.3397

G1 X133.7054 Y89.2147 Z30.3737 E0.3431 F480
G1 X135.3380 Y89.3825 Z30.1838 E0.3442
G1 X136.9656 Y89.6240 Z30.0003 E0.3447
G1 X138.5829 Y89.9446 Z29.8039 E0.3459
G1 X140.1798 Y90.3609 Z29.6711 E0.3447
G1 X141.7379 Y90.9061 Z29.676 E0.8937
G1 X143.2457 Y91.5780 Z29.8235 E0.3452
G1 X144.7105 Y92.3334 Z30.024 E0.3456
G1 X146.1292 Y93.1669 Z30.2289 E0.3453
G1 X147.5083 Y94.0556 Z30.4239 E0.344
G1 X148.8309 Y95.0207 Z30.6325 E0.3437 F240
;---
G1 E-1.5
G4 P1500 ;ms dwell, no motion
G1 E1.5
;---
G1 X150.1840 Y95.9252 Z30.6401 E0.3389

G1 X151.5813 Y96.7771 Z30.4431 E0.3432 F480
G1 X152.9312 Y97.7077 Z30.2605 E0.3435
G1 X154.2454 Y98.6951 Z30.0637 E0.3447
G1 X155.5057 Y99.7557 Z29.8819 E0.345
G1 X156.7047 Y100.8882 Z29.745 E0.3445
G1 X157.8060 Y102.1156 Z29.7505 E0.8925
G1 X158.8020 Y103.4299 Z29.9009 E0.3447
G1 X159.7175 Y104.7992 Z30.0956 E0.3453
G1 X160.5562 Y106.2132 Z30.3048 E0.345
G1 X161.3282 Y107.6586 Z30.5001 E0.3435
G1 X162.0209 Y109.1398 Z30.7109 E0.3431 F240
;---
G1 E-1.5
G4 P1500 ;ms dwell, no motion
G1 E1.5
;---
G1 X162.7714 Y110.5826 Z30.716 E0.3384

G1 X163.5834 Y111.9999 Z30.5187 E0.3424 F480
G1 X164.3245 Y113.4608 Z30.3378 E0.343
G1 X165.0000 Y114.9581 Z30.1406 E0.3443
G1 X165.6005 Y116.4905 Z29.9573 E0.3446
G1 X166.1043 Y118.0589 Z29.822 E0.344
G1 X166.4776 Y119.6639 Z29.8287 E0.8916
G1 X166.7180 Y121.2940 Z29.9767 E0.3442
G1 X166.8524 Y122.9340 Z30.1719 E0.3449
G1 X166.9090 Y124.5750 Z30.3777 E0.3441
G1 X166.8777 Y126.2130 Z30.5776 E0.3435
G1 X166.7763 Y127.8422 Z30.7756 E0.3421 F240
;---
G1 E-1.5
G4 P1500 ;ms dwell, no motion
G1 E1.5
;---
G1 X166.7377 Y129.4656 Z30.7819 E0.3379

G1 X166.7624 Y131.0971 Z30.5972 E0.3418 F480
G1 X166.7220 Y132.7340 Z30.4022 E0.343
G1 X166.5877 Y134.3683 Z30.2172 E0.3435
G1 X166.3872 Y136.0013 Z30.0254 E0.3446
G1 X166.0692 Y137.6165 Z29.8991 E0.3436
G1 X165.6239 Y139.2009 Z29.9047 E0.8906
G1 X165.0534 Y140.7450 Z30.041 E0.3437
G1 X164.3706 Y142.2419 Z30.2497 E0.3452
G1 X163.6294 Y143.7050 Z30.4439 E0.3437
G1 X162.8079 Y145.1199 Z30.6545 E0.3434
G1 X161.9283 Y146.4936 Z30.8522 E0.342 F240
;---
G1 E-1.5
G4 P1500 ;ms dwell, no motion
G1 E1.5
;---
G1 X161.1133 Y147.8957 Z30.8579 E0.3376

G1 X160.3576 Y149.3391 Z30.673 E0.3413 F480
G1 X159.5353 Y150.7528 Z30.477 E0.3429
G1 X158.6364 Y152.1234 Z30.2948 E0.3433
G1 X157.6775 Y153.4578 Z30.0963 E0.3446
G1 X156.6258 Y154.7220 Z29.9758 E0.3432
G1 X155.4727 Y155.8950 Z29.9825 E0.8902
G1 X154.2256 Y156.9672 Z30.1158 E0.3436
G1 X152.9078 Y157.9483 Z30.3259 E0.3448
G1 X151.5493 Y158.8652 Z30.5219 E0.3437
G1 X150.1503 Y159.7105 Z30.7292 E0.3429
G1 X148.7149 Y160.4808 Z30.9276 E0.3417 F240
;---
G1 E-1.5
G4 P1500 ;ms dwell, no motion
G1 E1.5
;---
G1 X147.3272 Y161.3149 Z30.9355 E0.3372

G1 X145.9766 Y162.2256 Z30.7455 E0.3413 F480
G1 X144.5753 Y163.0641 Z30.5529 E0.3424
G1 X143.1341 Y163.8408 Z30.3678 E0.3429
G1 X141.6511 Y164.5448 Z30.1746 E0.3443
G1 X140.1256 Y165.1568 Z30.04 E0.3434
G1 X138.5518 Y165.6284 Z30.0458 E0.8894
G1 X136.9410 Y165.9556 Z30.1936 E0.3438
G1 X135.3158 Y166.1857 Z30.3925 E0.3443
G1 X133.6835 Y166.3215 Z30.5974 E0.3439
G1 X132.0531 Y166.3890 Z30.7959 E0.3425
G1 X130.4249 Y166.3623 Z31.0064 E0.3421 F240
;---
G1 E-1.5
G4 P1500 ;ms dwell, no motion
G1 E1.5
;---
G1 X128.8093 Y166.4254 Z31.0118 E0.3369

G1 X127.1904 Y166.5781 Z30.8145 E0.3413 F480
G1 X125.5606 Y166.6400 Z30.6312 E0.342
G1 X123.9240 Y166.6354 Z30.4337 E0.3435
G1 X122.2875 Y166.5379 Z30.2502 E0.3438
G1 X120.6577 Y166.3402 Z30.1148 E0.3433
G1 X119.0527 Y165.9953 Z30.1213 E0.8896
G1 X117.4853 Y165.5061 Z30.2697 E0.3437
G1 X115.9545 Y164.9197 Z30.4652 E0.3441
G1 X114.4614 Y164.2505 Z30.6761 E0.3439
G1 X113.0046 Y163.5179 Z30.8725 E0.3424
G1 X111.5928 Y162.7133 Z31.0804 E0.3414 F240
;---
G1 E-1.5
G4 P1500 ;ms dwell, no motion
G1 E1.5
;---
G1 X110.1496 Y161.9900 Z31.0889 E0.3365

G1 X108.6591 Y161.3439 Z30.8922 E0.3412 F480
G1 X107.1979 Y160.6231 Z30.7053 E0.3418
G1 X105.7693 Y159.8304 Z30.5104 E0.3431
G1 X104.3789 Y158.9638 Z30.3287 E0.3437
G1 X103.0470 Y158.0067 Z30.1914 E0.3432
G1 X101.8084 Y156.9329 Z30.1977 E0.8888
G1 X100.6719 Y155.7503 Z30.3474 E0.3434
G1 X99.6199 Y154.4941 Z30.5425 E0.3442
G1 X98.6316 Y153.1937 Z30.7451 E0.3431
G1 X97.7199 Y151.8434 Z30.95 E0.3425
G1 X96.8691 Y150.4611 Z31.1499 E0.3411 F240
;---
G1 E-1.5
G4 P1500 ;ms dwell, no motion
G1 E1.5
;---
G1 X95.9536 Y149.1344 Z31.1556 E0.3362

G1 X94.9632 Y147.8513 Z30.9688 E0.3403 F480
G1 X94.0209 Y146.5232 Z30.7732 E0.3421
G1 X93.1549 Y145.1399 Z30.5875 E0.3426
G1 X92.3426 Y143.7187 Z30.3941 E0.3437
G1 X91.6425 Y142.2379 Z30.269 E0.3427
G1 X91.0749 Y140.7013 Z30.2755 E0.8885
G1 X90.6446 Y139.1208 Z30.4108 E0.3428
G1 X90.3409 Y137.5121 Z30.6195 E0.3443
G1 X90.1054 Y135.8973 Z30.8171 E0.3429
G1 X89.9613 Y134.2758 Z31.0264 E0.3424
G1 X89.8897 Y132.6572 Z31.2256 E0.3405 F240
;---
G1 E-1.5
G4 P1500 ;ms dwell, no motion
G1 E1.5
;---
G1 X89.7274 Y131.0562 Z31.2331 E0.3357

G1 X89.4700 Y129.4569 Z31.0463 E0.3402 F480
G1 X89.2831 Y127.8422 Z30.8475 E0.3416
G1 X89.1836 Y126.2155 Z30.6648 E0.3421
G1 X89.1541 Y124.5800 Z30.4676 E0.3437
G1 X89.2465 Y122.9461 Z30.344 E0.3423
G1 X89.4890 Y121.3285 Z30.3505 E0.8869
G1 X89.8818 Y119.7396 Z30.4867 E0.3427
G1 X90.3906 Y118.1851 Z30.6963 E0.344
G1 X90.9689 Y116.6617 Z30.8927 E0.3424
G1 X91.6214 Y115.1735 Z31.1017 E0.3416
G1 X92.3474 Y113.7256 Z31.3036 E0.3405 F240
;---
G1 E-1.5
G4 P1500 ;ms dwell, no motion
G1 E1.5
;---
G1 X92.9746 Y112.2468 Z31.3086 E0.3351

G1 X93.5071 Y110.7194 Z31.117 E0.3396 F480
G1 X94.1251 Y109.2185 Z30.9265 E0.3409
G1 X94.8101 Y107.7405 Z30.7371 E0.3419
G1 X95.5734 Y106.2973 Z30.5435 E0.3429
G1 X96.4306 Y104.9047 Z30.4089 E0.3422
G1 X97.4222 Y103.6052 Z30.415 E0.8863
G1 X98.5392 Y102.4109 Z30.5622 E0.3424
G1 X99.7284 Y101.2923 Z30.7632 E0.343
G1 X100.9782 Y100.2468 Z30.9713 E0.3426
G1 X102.2644 Y99.2578 Z31.1698 E0.3409
G1 X103.6006 Y98.3474 Z31.38 E0.34 F240
;---
G1 E-1.5
G4 P1500 ;ms dwell, no motion
G1 E1.5
;---
G1 X104.8611 Y97.3559 Z31.3874 E0.3344

G1 X106.0596 Y96.2715 Z31.1894 E0.3395 F480
G1 X107.3189 Y95.2521 Z31.0018 E0.3401
G1 X108.6257 Y94.2826 Z30.806 E0.3417
G1 X109.9882 Y93.3857 Z30.6217 E0.3423
G1 X111.4079 Y92.5785 Z30.4839 E0.3417
G1 X112.9005 Y91.9188 Z30.4909 E0.8845
G1 X114.4532 Y91.4118 Z30.6409 E0.3419
G1 X116.0345 Y91.0108 Z30.8375 E0.3425
G1 X117.6304 Y90.6984 Z31.0469 E0.3417
G1 X119.2336 Y90.4606 Z31.2476 E0.3404
G1 X120.8413 Y90.3057 Z31.4569 E0.3394 F240
;---
G1 E-1.5
G4 P1500 ;ms dwell, no motion
G1 E1.5
;---
G1 X122.4199 Y90.0422 Z31.4602 E0.3334

G1 X123.9895 Y89.6731 Z31.2666 E0.3384 F480
G1 X125.5817 Y89.3790 Z31.0802 E0.3396
G1 X127.1915 Y89.1587 Z30.8822 E0.3411
G1 X128.8144 Y89.0205 Z30.6974 E0.3415
G1 X130.4453 Y88.9982 Z30.5622 E0.341
G1 X132.0696 Y89.1388 Z30.5683 E0.8831
G1 X133.6722 Y89.4396 Z30.7142 E0.3409
G1 X135.2468 Y89.8601 Z30.9149 E0.3421
G1 X136.7952 Y90.3505 Z31.1188 E0.3409
G1 X138.3094 Y90.9252 Z31.3234 E0.34
G1 X139.7898 Y91.5606 Z31.5258 E0.3382 F240
;---
G1 E-1.5
G4 P1500 ;ms dwell, no motion
G1 E1.5
;---
G1 X141.2968 Y92.0921 Z31.5326 E0.3328

G1 X142.8484 Y92.5239 Z31.3434 E0.3377 F480
G1 X144.3870 Y93.0206 Z31.1468 E0.3392
G1 X145.8994 Y93.6063 Z30.9602 E0.34
G1 X147.3935 Y94.2546 Z30.7647 E0.3416
G1 X148.8291 Y95.0236 Z30.6377 E0.3401
G1 X150.1821 Y95.9281 Z30.6453 E0.8811
G1 X151.4418 Y96.9609 Z30.7823 E0.3404
G1 X152.6111 Y98.0949 Z30.9915 E0.342
G1 X153.7263 Y99.2715 Z31.1907 E0.34
G1 X154.7714 Y100.5055 Z31.4018 E0.3395
G1 X155.7563 Y101.7791 Z31.6027 E0.3378 F240
;---
G1 E-1.5
G4 P1500 ;ms dwell, no motion
G1 E1.5
;---
G1 X156.8188 Y102.9676 Z31.6075 E0.3319

G1 X157.9733 Y104.0865 Z31.4209 E0.3369 F480
G1 X159.0815 Y105.2614 Z31.2238 E0.3387
G1 X160.1299 Y106.4966 Z31.0359 E0.3395
G1 X161.1257 Y107.7812 Z30.8392 E0.3408
G1 X162.0180 Y109.1414 Z30.7159 E0.3395
G1 X162.7685 Y110.5840 Z30.7208 E0.8797
G1 X163.3655 Y112.0968 Z30.8575 E0.3397
G1 X163.8423 Y113.6516 Z31.069 E0.3413
G1 X164.2445 Y115.2212 Z31.2686 E0.3398
G1 X164.5693 Y116.8020 Z31.4736 E0.3385
G1 X164.8066 Y118.3919 Z31.6797 E0.3373 F240
;---
G1 E-1.5
G4 P1500 ;ms dwell, no motion
G1 E1.5
;---
G1 X165.1639 Y119.9431 Z31.6866 E0.3313

G1 X165.6489 Y121.4750 Z31.4915 E0.3368 F480
G1 X166.0489 Y123.0353 Z31.2998 E0.3376
G1 X166.3827 Y124.6191 Z31.1102 E0.339
G1 X166.6332 Y126.2233 Z30.9167 E0.3403
G1 X166.7725 Y127.8422 Z30.7804 E0.3392
G1 X166.7337 Y129.4654 Z30.7869 E0.8785
G1 X166.5166 Y131.0765 Z30.9361 E0.3398
G1 X166.1912 Y132.6670 Z31.1365 E0.3404
G1 X165.7755 Y134.2308 Z31.345 E0.3395
G1 X165.2965 Y135.7695 Z31.5469 E0.338
G1 X164.7340 Y137.2740 Z31.7568 E0.3371 F240
;---
G1 E-1.5
G4 P1500 ;ms dwell, no motion
G1 E1.5
;---
G1 X164.3017 Y138.8015 Z31.7619 E0.3304

G1 X163.9913 Y140.3750 Z31.5661 E0.3363 F480
G1 X163.5952 Y141.9350 Z31.3779 E0.3373
G1 X163.1320 Y143.4836 Z31.1793 E0.339
G1 X162.5814 Y145.0075 Z30.9936 E0.3395
G1 X161.9247 Y146.4917 Z30.8574 E0.339
G1 X161.1098 Y147.8936 Z30.8631 E0.8776
G1 X160.1453 Y149.1980 Z31.0119 E0.3391
G1 X159.0895 Y150.4288 Z31.2125 E0.3402
G1 X157.9721 Y151.5970 Z31.4227 E0.3393
G1 X156.8081 Y152.7076 Z31.622 E0.3375
G1 X155.5938 Y153.7526 Z31.8328 E0.3363 F240
;---
G1 E-1.5
G4 P1500 ;ms dwell, no motion
G1 E1.5
;---
G1 X154.4799 Y154.8812 Z31.8393 E0.3301

G1 X153.4515 Y156.1080 Z31.6422 E0.3358 F480
G1 X152.3619 Y157.2882 Z31.453 E0.3367
G1 X151.2105 Y158.4188 Z31.2577 E0.3385
G1 X150.0004 Y159.4950 Z31.0703 E0.3394
G1 X148.7127 Y160.4774 Z30.9328 E0.3385
G1 X147.3251 Y161.3114 Z30.9407 E0.8765
G1 X145.8533 Y161.9898 Z31.0893 E0.3388
G1 X144.3339 Y162.5514 Z31.2882 E0.3399
G1 X142.7974 Y163.0393 Z31.4931 E0.3384
G1 X141.2397 Y163.4387 Z31.7012 E0.3377
G1 X139.6749 Y163.7705 Z31.9035 E0.3358 F240
;---
G1 E-1.5
G4 P1500 ;ms dwell, no motion
G1 E1.5
;---
G1 X138.1591 Y164.2212 Z31.9092 E0.3294

G1 X136.6698 Y164.7990 Z31.7204 E0.3351 F480
G1 X135.1502 Y165.3177 Z31.5232 E0.337
G1 X133.5993 Y165.7516 Z31.3329 E0.3379
G1 X132.0252 Y166.1232 Z31.1383 E0.3394
G1 X130.4246 Y166.3583 Z31.0116 E0.3381
G1 X128.8092 Y166.4213 Z31.017 E0.8758
G1 X127.1960 Y166.3097 Z31.1561 E0.3382
G1 X125.5972 Y166.0585 Z31.3668 E0.3401
G1 X124.0179 Y165.7413 Z31.5677 E0.3383
G1 X122.4645 Y165.3402 Z31.7761 E0.3372
G1 X120.9384 Y164.8696 Z31.9807 E0.3356 F240
;---
G1 E-1.5
G4 P1500 ;ms dwell, no motion
G1 E1.5
;---
G1 X119.3953 Y164.5345 Z31.9874 E0.3291

G1 X117.8127 Y164.3324 Z31.7958 E0.3349 F480
G1 X116.2355 Y164.0554 Z31.5996 E0.3363
G1 X114.6678 Y163.6956 Z31.4119 E0.3376
G1 X113.1108 Y163.2651 Z31.2138 E0.3393
G1 X111.5943 Y162.7100 Z31.0852 E0.3376
G1 X110.1513 Y161.9868 Z31.0937 E0.8748
G1 X108.7971 Y161.1049 Z31.2334 E0.3382
G1 X107.5185 Y160.1178 Z31.4409 E0.3395
G1 X106.2958 Y159.0732 Z31.6446 E0.338
G1 X105.1281 Y157.9767 Z31.852 E0.3367
G1 X104.0255 Y156.8233 Z32.0572 E0.3355 F240
;---
G1 E-1.5
G4 P1500 ;ms dwell, no motion
G1 E1.5
;---
G1 X102.8383 Y155.7896 Z32.0634 E0.3283

G1 X101.5439 Y154.8600 Z31.8686 E0.3348 F480
G1 X100.2993 Y153.8559 Z31.677 E0.3359
G1 X99.0920 Y152.7963 Z31.4824 E0.3374
G1 X97.9409 Y151.6682 Z31.2913 E0.3385
G1 X96.8727 Y150.4585 Z31.155 E0.3378
G1 X95.9573 Y149.1319 Z31.1606 E0.8739
G1 X95.2060 Y147.7043 Z31.3099 E0.338
G1 X94.5600 Y146.2269 Z31.5125 E0.339
G1 X94.0018 Y144.7193 Z31.7217 E0.3382
G1 X93.5105 Y143.1990 Z31.9233 E0.3359
G1 X93.1062 Y141.6585 Z32.1351 E0.3352 F240
;---
G1 E-1.5
G4 P1500 ;ms dwell, no motion
G1 E1.5
;---
G1 X92.5645 Y140.1823 Z32.1415 E0.328

G1 X91.8772 Y138.7484 Z31.9424 E0.3343 F480
G1 X91.2663 Y137.2746 Z31.754 E0.3351
G1 X90.7160 Y135.7674 Z31.557 E0.3373
G1 X90.2471 Y134.2274 Z31.3678 E0.3382
G1 X89.8942 Y132.6566 Z31.2308 E0.3371
G1 X89.7320 Y131.0559 Z31.2384 E0.8727
G1 X89.7614 Y129.4446 Z31.3874 E0.3377
G1 X89.9134 Y127.8422 Z31.5869 E0.3384
G1 X90.1513 Y126.2562 Z31.7989 E0.3375
G1 X90.4610 Y124.6897 Z32.002 E0.3358
G1 X90.8451 Y123.1477 Z32.2092 E0.3343 F240
;---
G1 E-1.5
G4 P1500 ;ms dwell, no motion
G1 E1.5
;---
G1 X91.0807 Y121.5980 Z32.2155 E0.327

G1 X91.1722 Y120.0139 Z32.0213 E0.3335 F480
G1 X91.3373 Y118.4280 Z31.8299 E0.3349
G1 X91.5810 Y116.8466 Z31.6324 E0.3364
G1 X91.9042 Y115.2720 Z31.4452 E0.3376
G1 X92.3516 Y113.7272 Z31.3089 E0.3367
G1 X92.9788 Y112.2486 Z31.3138 E0.8711
G1 X93.7777 Y110.8538 Z31.4626 E0.3367
G1 X94.6909 Y109.5295 Z31.6662 E0.3382
G1 X95.6578 Y108.2537 Z31.8699 E0.3366
G1 X96.6908 Y107.0401 Z32.0776 E0.3352
G1 X97.7697 Y105.8776 Z32.2831 E0.3335 F240
;---
G1 E-1.5
G4 P1500 ;ms dwell, no motion
G1 E1.5
;---
G1 X98.7219 Y104.6352 Z32.2893 E0.3265

G1 X99.5607 Y103.2926 Z32.0963 E0.3326 F480
G1 X100.4609 Y101.9802 Z31.9009 E0.3344
G1 X101.4363 Y100.7145 Z31.7111 E0.3356
G1 X102.4676 Y99.4834 Z31.5138 E0.3375
G1 X103.6035 Y98.3509 Z31.3852 E0.3356
G1 X104.8638 Y97.3595 Z31.3926 E0.8693
G1 X106.2335 Y96.5218 Z31.5325 E0.3361
G1 X107.6729 Y95.8100 Z31.7412 E0.3376
G1 X109.1352 Y95.1652 Z31.9458 E0.3359
G1 X110.6241 Y94.6018 Z32.1561 E0.3348
G1 X112.1288 Y94.1098 Z32.3585 E0.3327 F240
;---
G1 E-1.5
G4 P1500 ;ms dwell, no motion
G1 E1.5
;---
G1 X113.5575 Y93.4822 Z32.3659 E0.3253

G1 X114.9342 Y92.7052 Z32.1755 E0.3319 F480
G1 X116.3525 Y91.9890 Z31.9775 E0.3338
G1 X117.8104 Y91.3436 Z31.7866 E0.3347
G1 X119.3045 Y90.7628 Z31.5907 E0.3366
G1 X120.8421 Y90.3098 Z31.4617 E0.3351
G1 X122.4205 Y90.0464 Z31.4649 E0.8668
G1 X124.0222 Y89.9836 Z31.6096 E0.3354
G1 X125.6242 Y90.0537 Z31.82 E0.337
G1 X127.2135 Y90.1999 Z32.022 E0.3352
G1 X128.7849 Y90.4197 Z32.2286 E0.3334
G1 X130.3366 Y90.7248 Z32.4374 E0.3324 F240
;---
G1 E-1.5
G4 P1500 ;ms dwell, no motion
G1 E1.5
;---
G1 X131.8886 Y90.8624 Z32.4433 E0.3246

G1 X133.4664 Y90.8331 Z32.2458 E0.3313 F480
G1 X135.0498 Y90.8924 Z32.055 E0.3325
G1 X136.6387 Y91.0181 Z31.8604 E0.3344
G1 X138.2239 Y91.2314 Z31.6665 E0.3357
G1 X139.7882 Y91.5654 Z31.5309 E0.3343
G1 X141.2951 Y92.0969 Z31.5377 E0.8652
G1 X142.7245 Y92.8186 Z31.6863 E0.335
G1 X144.0922 Y93.6468 Z31.8891 E0.3357
G1 X145.4065 Y94.5491 Z32.1002 E0.3349
G1 X146.6739 Y95.5010 Z32.3039 E0.3328
G1 X147.8825 Y96.5154 Z32.5122 E0.3314 F240
;---
G1 E-1.5
G4 P1500 ;ms dwell, no motion
G1 E1.5
;---
G1 X149.1716 Y97.3816 Z32.5203 E0.3234

G1 X150.5665 Y98.1141 Z32.3234 E0.3306 F480
G1 X151.9272 Y98.9219 Z32.1314 E0.3319
G1 X153.2571 Y99.7924 Z31.9338 E0.3335
G1 X154.5438 Y100.7380 Z31.745 E0.3348
G1 X155.7526 Y101.7825 Z31.6079 E0.3338
G1 X156.8150 Y102.9709 Z31.6128 E0.8628
G1 X157.7169 Y104.2896 Z31.7639 E0.3341
G1 X158.5095 Y105.6769 Z31.9669 E0.3353
G1 X159.2259 Y107.0975 Z32.1754 E0.334
G1 X159.8686 Y108.5423 Z32.3803 E0.3319
G1 X160.4381 Y110.0100 Z32.59 E0.3305 F240
;---
G1 E-1.5
G4 P1500 ;ms dwell, no motion
G1 E1.5
;---
G1 X161.1509 Y111.3872 Z32.595 E0.3227

G1 X162.0162 Y112.6973 Z32.3986 E0.3294 F480
G1 X162.8248 Y114.0545 Z32.2082 E0.3311
G1 X163.5687 Y115.4566 Z32.0119 E0.3329
G1 X164.2489 Y116.8988 Z31.8191 E0.3342
G1 X164.8017 Y118.3931 Z31.6849 E0.3328
G1 X165.1589 Y119.9442 Z31.6918 E0.8613
G1 X165.3169 Y121.5312 Z31.8382 E0.3332
G1 X165.3330 Y123.1256 Z32.0428 E0.3346
G1 X165.2786 Y124.7118 Z32.2488 E0.3331
G1 X165.1357 Y126.2862 Z32.4579 E0.3319
G1 X164.9272 Y127.8422 Z32.6612 E0.3294 F240
;---
G1 E-1.5
G4 P1500 ;ms dwell, no motion
G1 E1.5
;---
G1 X164.8862 Y129.3879 Z32.6694 E0.3218

G1 X165.0156 Y130.9505 Z32.4776 E0.3288 F480
G1 X165.0789 Y132.5266 Z32.2792 E0.3309
G1 X165.0556 Y134.1089 Z32.0882 E0.3318
G1 X164.9656 Y135.6991 Z31.8919 E0.334
G1 X164.7291 Y137.2727 Z31.762 E0.3323
G1 X164.2969 Y138.8000 Z31.7671 E0.8589
G1 X163.6704 Y140.2632 Z31.9107 E0.3327
G1 X162.9107 Y141.6640 Z32.121 E0.3346
G1 X162.0955 Y143.0223 Z32.3233 E0.3324
G1 X161.2131 Y144.3280 Z32.5347 E0.3309
G1 X160.2754 Y145.5849 Z32.7405 E0.3292 F240
;---
G1 E-1.5
G4 P1500 ;ms dwell, no motion
G1 E1.5
;---
G1 X159.4974 Y146.9173 Z32.7459 E0.3211

G1 X158.8673 Y148.3487 Z32.5527 E0.328 F480
G1 X158.1641 Y149.7565 Z32.3573 E0.3301
G1 X157.3883 Y151.1343 Z32.1659 E0.3316
G1 X156.5467 Y152.4819 Z31.9667 E0.3334
G1 X155.5904 Y153.7494 Z31.8376 E0.3316
G1 X154.4768 Y154.8780 Z31.8439 E0.858
G1 X153.2194 Y155.8502 Z31.9867 E0.3323
G1 X151.8834 Y156.7096 Z32.1963 E0.3336
G1 X150.5115 Y157.4979 Z32.4023 E0.3322
G1 X149.1135 Y158.2190 Z32.6083 E0.3303
G1 X147.6854 Y158.8582 Z32.8153 E0.3286 F240
;---
G1 E-1.5
G4 P1500 ;ms dwell, no motion
G1 E1.5
;---
G1 X146.3649 Y159.6478 Z32.8237 E0.3204

G1 X145.1295 Y160.6054 Z32.6268 E0.3281 F480
G1 X143.8377 Y161.4972 Z32.4328 E0.3294
G1 X142.5028 Y162.3384 Z32.2381 E0.3311
G1 X141.1168 Y163.1083 Z32.0459 E0.3327
G1 X139.6732 Y163.7652 Z31.9086 E0.3316
G1 X138.1576 Y164.2159 Z31.9144 E0.8563
G1 X136.5890 Y164.4542 Z32.0649 E0.332
G1 X135.0065 Y164.5649 Z32.2689 E0.3332
G1 X133.4272 Y164.5869 Z32.4772 E0.3319
G1 X131.8588 Y164.5392 Z32.6838 E0.3297
G1 X130.3019 Y164.4085 Z32.8946 E0.3285 F240
;---
G1 E-1.5
G4 P1500 ;ms dwell, no motion
G1 E1.5
;---
G1 X128.7680 Y164.4655 Z32.8997 E0.3198

G1 X127.2297 Y164.7097 Z32.7023 E0.3271 F480
G1 X125.6718 Y164.8741 Z32.5116 E0.3289
G1 X124.0989 Y164.9706 Z32.3137 E0.331
G1 X122.5171 Y164.9842 Z32.1208 E0.3321
G1 X120.9394 Y164.8641 Z31.986 E0.3309
G1 X119.3965 Y164.5291 Z31.9926 E0.8556
G1 X117.9099 Y163.9840 Z32.1405 E0.3315
G1 X116.4767 Y163.3131 Z32.3454 E0.3326
G1 X115.0857 Y162.5719 Z32.5564 E0.3315
G1 X113.7390 Y161.7701 Z32.7605 E0.3295
G1 X112.4411 Y160.9108 Z32.9678 E0.3273 F240
;---
G1 E-1.5
G4 P1500 ;ms dwell, no motion
G1 E1.5
;---
G1 X111.0736 Y160.2227 Z32.9756 E0.3191

G1 X109.6114 Y159.6942 Z32.7805 E0.3267 F480
G1 X108.1651 Y159.0988 Z32.5846 E0.3286
G1 X106.7461 Y158.4254 Z32.3906 E0.33
G1 X105.3516 Y157.6823 Z32.1996 E0.3319
G1 X104.0291 Y156.8191 Z32.0624 E0.3306
G1 X102.8420 Y155.7855 Z32.0686 E0.8534
G1 X101.8034 Y154.5950 Z32.2172 E0.3309
G1 X100.8784 Y153.3120 Z32.4228 E0.3327
G1 X100.0167 Y151.9981 Z32.6271 E0.3304
G1 X99.2337 Y150.6437 Z32.8382 E0.3292
G1 X98.5147 Y149.2655 Z33.0442 E0.3271 F240
;---
G1 E-1.5
G4 P1500 ;ms dwell, no motion
G1 E1.5
;---
G1 X97.6498 Y148.0073 Z33.0492 E0.3185

G1 X96.6232 Y146.8463 Z32.8568 E0.3257 F480
G1 X95.6409 Y145.6326 Z32.6606 E0.3283
G1 X94.7209 Y144.3623 Z32.4677 E0.3297
G1 X93.8505 Y143.0476 Z32.2695 E0.3315
G1 X93.1114 Y141.6565 Z32.1403 E0.3297
G1 X92.5698 Y140.1805 Z32.1467 E0.8527
G1 X92.2347 Y138.6405 Z32.2883 E0.3302
G1 X92.0494 Y137.0737 Z32.4997 E0.3321
G1 X91.9344 Y135.5085 Z32.7053 E0.3302
G1 X91.9007 Y133.9475 Z32.9144 E0.3286
G1 X91.9417 Y132.3982 Z33.1201 E0.3262 F240
;---
G1 E-1.5
G4 P1500 ;ms dwell, no motion
G1 E1.5
;---
G1 X91.7915 Y130.8830 Z33.1279 E0.3177

G1 X91.4442 Y129.3740 Z32.9343 E0.3255 F480
G1 X91.1676 Y127.8422 Z32.7352 E0.3274
G1 X90.9675 Y126.2904 Z32.545 E0.3288
G1 X90.8385 Y124.7214 Z32.3479 E0.331
G1 X90.8503 Y123.1484 Z32.214 E0.3293
G1 X91.0858 Y121.5988 Z32.2203 E0.85
G1 X91.5442 Y120.0930 Z32.367 E0.3298
G1 X92.1341 Y118.6326 Z32.576 E0.3314
G1 X92.7930 Y117.2126 Z32.7805 E0.3293
G1 X93.5120 Y115.8320 Z32.989 E0.3276
G1 X94.3025 Y114.4995 Z33.1983 E0.3261 F240
;---
G1 E-1.5
G4 P1500 ;ms dwell, no motion
G1 E1.5
;---
G1 X94.8980 Y113.1029 Z33.203 E0.3167

G1 X95.3112 Y111.6150 Z33.0072 E0.3247 F480
G1 X95.8082 Y110.1437 Z32.8148 E0.3264
G1 X96.3693 Y108.6845 Z32.6175 E0.3287
G1 X97.0119 Y107.2535 Z32.4235 E0.3297
G1 X97.7745 Y105.8812 Z32.2883 E0.3287
G1 X98.7266 Y104.6389 Z32.2945 E0.8487
G1 X99.8537 Y103.5455 Z32.442 E0.329
G1 X101.0714 Y102.5536 Z32.6489 E0.3304
G1 X102.3366 Y101.6338 Z32.8595 E0.3292
G1 X103.6318 Y100.7761 Z33.064 E0.3267
G1 X104.9624 Y99.9939 Z33.2745 E0.3249 F240
;---
G1 E-1.5
G4 P1500 ;ms dwell, no motion
G1 E1.5
;---
G1 X106.1547 Y99.0603 Z33.2821 E0.3158

G1 X107.2308 Y97.9565 Z33.084 E0.3241 F480
G1 X108.3668 Y96.9035 Z32.8895 E0.3255
G1 X109.5580 Y95.8976 Z32.6941 E0.3276
G1 X110.8060 Y94.9497 Z32.5021 E0.3292
G1 X112.1314 Y94.1152 Z32.3638 E0.3278
G1 X113.5598 Y93.4877 Z32.3711 E0.8456
G1 X115.0716 Y93.0746 Z32.5213 E0.3282
G1 X116.6155 Y92.7983 Z32.7255 E0.3297
G1 X118.1616 Y92.6019 Z32.9345 E0.3277
G1 X119.7080 Y92.4834 Z33.1422 E0.3261
G1 X121.2479 Y92.4368 Z33.3503 E0.324 F240
;---
G1 E-1.5
G4 P1500 ;ms dwell, no motion
G1 E1.5
;---
G1 X122.7374 Y92.1927 Z33.3546 E0.3145

G1 X124.2074 Y91.7480 Z33.1612 E0.3226 F480
G1 X125.7067 Y91.3653 Z32.9673 E0.3249
G1 X127.2316 Y91.0587 Z32.7702 E0.3267
G1 X128.7764 Y90.8208 Z32.5768 E0.3281
G1 X130.3362 Y90.7308 Z32.4426 E0.3267
G1 X131.8880 Y90.8684 Z32.4486 E0.8439
G1 X133.4077 Y91.2302 Z32.5937 E0.3268
G1 X134.8877 Y91.7415 Z32.8031 E0.3291
G1 X136.3350 Y92.3127 Z33.0094 E0.327
G1 X137.7417 Y92.9592 Z33.2178 E0.3254
G1 X139.1068 Y93.6624 Z33.4252 E0.3227 F240
;---
G1 E-1.5
G4 P1500 ;ms dwell, no motion
G1 E1.5
;---
G1 X140.5255 Y94.1662 Z33.4325 E0.3136

G1 X142.0269 Y94.4788 Z33.2379 E0.322 F480
G1 X143.5216 Y94.8592 Z33.0398 E0.3239
G1 X145.0023 Y95.3222 Z32.8484 E0.3255
G1 X146.4718 Y95.8512 Z32.6509 E0.3279
G1 X147.8793 Y96.5204 Z32.5174 E0.3257
G1 X149.1681 Y97.3865 Z32.5255 E0.8407
G1 X150.3212 Y98.4372 Z32.6702 E0.3262
G1 X151.3678 Y99.5983 Z32.8795 E0.3284
G1 X152.3526 Y100.7968 Z33.0851 E0.3258
G1 X153.2698 Y102.0388 Z33.2965 E0.3244
G1 X154.1214 Y103.3145 Z33.5027 E0.3222 F240
;---
G1 E-1.5
G4 P1500 ;ms dwell, no motion
G1 E1.5
;---
G1 X155.1190 Y104.4348 Z33.5072 E0.3123

G1 X156.2849 Y105.4245 Z33.3153 E0.3208 F480
G1 X157.4091 Y106.4765 Z33.1185 E0.3231
G1 X158.4881 Y107.5877 Z32.9236 E0.3249
G1 X159.5172 Y108.7551 Z32.7272 E0.3265
G1 X160.4333 Y110.0126 Z32.5948 E0.325
G1 X161.1458 Y111.3897 Z32.5998 E0.8389
G1 X161.6396 Y112.8650 Z32.7453 E0.3253
G1 X161.9960 Y114.3826 Z32.9565 E0.3274
G1 X162.2735 Y115.9077 Z33.1633 E0.3255
G1 X162.4811 Y117.4326 Z33.3687 E0.3231
G1 X162.6024 Y118.9576 Z33.5796 E0.3214 F240
;---
G1 E-1.5
G4 P1500 ;ms dwell, no motion
G1 E1.5
;---
G1 X162.9353 Y120.4169 Z33.5866 E0.3115

G1 X163.4876 Y121.8406 Z33.3884 E0.3205 F480
G1 X163.9641 Y123.2984 Z33.1943 E0.3217
G1 X164.3815 Y124.7871 Z32.9987 E0.3244
G1 X164.7187 Y126.3037 Z32.8048 E0.3259
G1 X164.9208 Y127.8422 Z32.6664 E0.3242
G1 X164.8798 Y129.3876 Z32.6746 E0.8365
G1 X164.5983 Y130.9155 Z32.8243 E0.3249
G1 X164.1806 Y132.4132 Z33.029 E0.3264
G1 X163.6841 Y133.8768 Z33.2395 E0.3246
G1 X163.1260 Y135.3081 Z33.4469 E0.3226
G1 X162.4983 Y136.7001 Z33.6567 E0.3208 F240
;---
G1 E-1.5
G4 P1500 ;ms dwell, no motion
G1 E1.5
;---
G1 X162.0897 Y138.1335 Z33.6615 E0.3102

G1 X161.8879 Y139.6425 Z33.4661 E0.3195 F480
G1 X161.6095 Y141.1489 Z33.2726 E0.3214
G1 X161.2613 Y142.6509 Z33.0733 E0.3236
G1 X160.8333 Y144.1394 Z32.8817 E0.3249
G1 X160.2697 Y145.5818 Z32.7457 E0.3236
G1 X159.4918 Y146.9140 Z32.7511 E0.8348
G1 X158.5126 Y148.1129 Z32.8997 E0.3237
G1 X157.4212 Y149.2167 Z33.1072 E0.326
G1 X156.2831 Y150.2584 Z33.3171 E0.3241
G1 X155.1037 Y151.2364 Z33.5217 E0.3218
G1 X153.8880 Y152.1506 Z33.7319 E0.3197 F240
;---
G1 E-1.5
G4 P1500 ;ms dwell, no motion
G1 E1.5
;---
G1 X152.8407 Y153.2073 Z33.7383 E0.3097

G1 X151.9392 Y154.4287 Z33.5421 E0.3187 F480
G1 X150.9796 Y155.6171 Z33.3469 E0.3206
G1 X149.9516 Y156.7602 Z33.1524 E0.3227
G1 X148.8667 Y157.8640 Z32.9577 E0.3248
G1 X147.6819 Y158.8528 Z32.8206 E0.3226
G1 X146.3616 Y159.6422 Z32.829 E0.8329
G1 X144.9291 Y160.2223 Z32.976 E0.3233
G1 X143.4412 Y160.6547 Z33.1826 E0.3256
G1 X141.9476 Y161.0176 Z33.3903 E0.323
G1 X140.4434 Y161.2975 Z33.6012 E0.3217
G1 X138.9400 Y161.5089 Z33.8075 E0.3191 F240
;---
G1 E-1.5
G4 P1500 ;ms dwell, no motion
G1 E1.5
;---
G1 X137.5191 Y161.9284 Z33.8131 E0.3086

G1 X136.1464 Y162.5668 Z33.6204 E0.3179 F480
G1 X134.7362 Y163.1480 Z33.4229 E0.3204
G1 X133.2901 Y163.6582 Z33.2272 E0.3221
G1 X131.8133 Y164.1064 Z33.0317 E0.3241
G1 X130.3015 Y164.4021 Z32.8999 E0.3221
G1 X128.7678 Y164.4591 Z32.9049 E0.8314
G1 X127.2388 Y164.2734 Z33.0499 E0.3224
G1 X125.7311 Y163.9321 Z33.2615 E0.3252
G1 X124.2507 Y163.5255 Z33.4676 E0.3228
G1 X122.8030 Y163.0485 Z33.6756 E0.3206
G1 X121.3899 Y162.5030 Z33.8851 E0.3187 F240
;---
G1 E-1.5
G4 P1500 ;ms dwell, no motion
G1 E1.5
;---
G1 X119.9459 Y162.1864 Z33.8918 E0.3081

G1 X118.4378 Y162.0934 Z33.6952 E0.3176 F480
G1 X116.9283 Y161.9235 Z33.4995 E0.3193
G1 X115.4174 Y161.6799 Z33.3065 E0.3216
G1 X113.9101 Y161.3633 Z33.1083 E0.3238
G1 X112.4438 Y160.9051 Z32.9728 E0.3215
G1 X111.0765 Y160.2172 Z32.9804 E0.8296
G1 X109.8328 Y159.3109 Z33.128 E0.3224
G1 X108.6779 Y158.2907 Z33.3349 E0.3241
G1 X107.5861 Y157.2168 Z33.5446 E0.3223
G1 X106.5497 Y156.1038 Z33.7525 E0.3201
G1 X105.5809 Y154.9430 Z33.9615 E0.3183 F240
;---
G1 E-1.5
G4 P1500 ;ms dwell, no motion
G1 E1.5
;---
G1 X104.4730 Y153.9744 Z33.9676 E0.3069

G1 X103.1965 Y153.1724 Z33.7715 E0.317 F480
G1 X101.9571 Y152.2989 Z33.5769 E0.3188
G1 X100.7474 Y151.3674 Z33.3783 E0.3211
G1 X99.5845 Y150.3657 Z33.186 E0.3227
G1 X98.5202 Y149.2615 Z33.0495 E0.3211
G1 X97.6555 Y148.0035 Z33.0544 E0.8278
G1 X97.0072 Y146.6138 Z33.2044 E0.3214
G1 X96.4913 Y145.1651 Z33.412 E0.3237
G1 X96.0559 Y143.6994 Z33.6216 E0.3219
G1 X95.6906 Y142.2285 Z33.8272 E0.3191
G1 X95.4041 Y140.7488 Z34.0394 E0.3175 F240
;---
G1 E-1.5
G4 P1500 ;ms dwell, no motion
G1 E1.5
;---
G1 X94.9008 Y139.3687 Z34.0459 E0.3064

G1 X94.1692 Y138.0563 Z33.8465 E0.3162 F480
G1 X93.5009 Y136.7011 Z33.6539 E0.3178
G1 X92.8908 Y135.3052 Z33.457 E0.3205
G1 X92.3485 Y133.8717 Z33.2623 E0.3223
G1 X91.9485 Y132.3973 Z33.1253 E0.32
G1 X91.7983 Y130.8824 Z33.1331 E0.8257
G1 X91.8993 Y129.3549 Z33.282 E0.3209
G1 X92.1501 Y127.8422 Z33.4865 E0.3227
G1 X92.4748 Y126.3536 Z33.6986 E0.3209
G1 X92.8702 Y124.8920 Z33.9064 E0.3189
G1 X93.3282 Y123.4614 Z34.1134 E0.3163 F240
;---
G1 E-1.5
G4 P1500 ;ms dwell, no motion
G1 E1.5
;---
G1 X93.5514 Y122.0159 Z34.12 E0.3051

G1 X93.5446 Y120.5182 Z33.9257 E0.3151 F480
G1 X93.6027 Y119.0096 Z33.7291 E0.3176
G1 X93.7405 Y117.4988 Z33.5321 E0.3192
G1 X93.9480 Y115.9838 Z33.3391 E0.3215
G1 X94.3089 Y114.5020 Z33.2035 E0.3194
G1 X94.9043 Y113.1057 Z33.2082 E0.8233
G1 X95.7243 Y111.8202 Z33.3564 E0.3196
G1 X96.6799 Y110.6229 Z33.5662 E0.3225
G1 X97.6786 Y109.4775 Z33.7725 E0.3199
G1 X98.7302 Y108.3953 Z33.9818 E0.3178
G1 X99.8224 Y107.3691 Z34.1911 E0.3156 F240
;---
G1 E-1.5
G4 P1500 ;ms dwell, no motion
G1 E1.5
;---
G1 X100.7124 Y106.2128 Z34.1973 E0.3043

G1 X101.4201 Y104.8975 Z34.0004 E0.3142 F480
G1 X102.1935 Y103.6073 Z33.805 E0.3164
G1 X103.0377 Y102.3497 Z33.6111 E0.3185
G1 X103.9426 Y101.1213 Z33.4125 E0.3209
G1 X104.9668 Y99.9991 Z33.2797 E0.318
G1 X106.1589 Y99.0658 Z33.2873 E0.8208
G1 X107.4966 Y98.3389 Z33.4323 E0.3189
G1 X108.9063 Y97.7537 Z33.6409 E0.3212
G1 X110.3327 Y97.2394 Z33.8502 E0.3192
G1 X111.7730 Y96.7993 Z34.0604 E0.317
G1 X113.2217 Y96.4321 Z34.2664 E0.3145 F240
;---
G1 E-1.5
G4 P1500 ;ms dwell, no motion
G1 E1.5
;---
G1 X114.5529 Y95.8506 Z34.2739 E0.3028

G1 X115.8011 Y95.0362 Z34.0795 E0.3133 F480
G1 X117.0967 Y94.2791 Z33.8818 E0.3155
G1 X118.4343 Y93.5789 Z33.6861 E0.3173
G1 X119.8154 Y92.9414 Z33.4907 E0.3197
G1 X121.2491 Y92.4433 Z33.3552 E0.3176
G1 X122.7384 Y92.1995 Z33.3596 E0.8176
G1 X124.2568 Y92.2171 Z33.5095 E0.318
G1 X125.7707 Y92.3828 Z33.7191 E0.3203
G1 X127.2645 Y92.6255 Z33.9262 E0.3183
G1 X128.7323 Y92.9323 Z34.134 E0.3154
G1 X130.1736 Y93.3158 Z34.3454 E0.3139 F240
;---
G1 E-1.5
G4 P1500 ;ms dwell, no motion
G1 E1.5
;---
G1 X131.6172 Y93.4467 Z34.3514 E0.302

G1 X133.0979 Y93.3279 Z34.1521 E0.3123 F480
G1 X134.5926 Y93.2884 Z33.9594 E0.3141
G1 X136.1005 Y93.3129 Z33.7622 E0.3169
G1 X137.6136 Y93.4180 Z33.5663 E0.3186
G1 X139.1045 Y93.6693 Z33.4304 E0.3162
G1 X140.5229 Y94.1731 Z33.4377 E0.8151
G1 X141.8418 Y94.9191 Z33.5862 E0.3171
G1 X143.0823 Y95.7928 Z33.7924 E0.3189
G1 X144.2680 Y96.7267 Z34.0046 E0.3174
G1 X145.4012 Y97.7054 Z34.2119 E0.3148
G1 X146.4760 Y98.7317 Z34.42 E0.3125 F240
;---
G1 E-1.5
G4 P1500 ;ms dwell, no motion
G1 E1.5
;---
G1 X147.6719 Y99.5392 Z34.4282 E0.3005

G1 X149.0231 Y100.1474 Z34.2315 E0.3112 F480
G1 X150.3529 Y100.8252 Z34.0356 E0.3134
G1 X151.6575 Y101.5688 Z33.838 E0.3154
G1 X152.9323 Y102.3834 Z33.645 E0.3176
G1 X154.1161 Y103.3195 Z33.5079 E0.3155
G1 X155.1135 Y104.4396 Z33.5124 E0.8118
G1 X155.9056 Y105.7251 Z33.6638 E0.3159
G1 X156.5651 Y107.0897 Z33.8713 E0.3185
G1 X157.1539 Y108.4741 Z34.0793 E0.3161
G1 X157.6663 Y109.8759 Z34.2883 E0.3137
G1 X158.1115 Y111.2890 Z34.4978 E0.3114 F240
;---
G1 E-1.5
G4 P1500 ;ms dwell, no motion
G1 E1.5
;---
G1 X158.7697 Y112.5692 Z34.5034 E0.2996

G1 X159.6574 Y113.7474 Z34.3065 E0.3098 F480
G1 X160.4998 Y114.9750 Z34.1118 E0.3125
G1 X161.2817 Y116.2531 Z33.9163 E0.3145
G1 X162.0134 Y117.5738 Z33.7185 E0.3169
G1 X162.5954 Y118.9594 Z33.5848 E0.314
G1 X162.9282 Y120.4184 Z33.5918 E0.8097
G1 X163.0058 Y121.9222 Z33.7379 E0.3149
G1 X162.9177 Y123.4305 Z33.947 E0.3175
G1 X162.7640 Y124.9230 Z34.1562 E0.3153
G1 X162.5340 Y126.3953 Z34.3659 E0.3132
G1 X162.2402 Y127.8422 Z34.5719 E0.3102 F240
;---
G1 E-1.5
G4 P1500 ;ms dwell, no motion
G1 E1.5
;---
G1 X162.1991 Y129.2752 Z34.5805 E0.2984

G1 X162.4134 Y130.7321 Z34.3857 E0.3091 F480
G1 X162.5628 Y132.2088 Z34.1869 E0.3117
G1 X162.6372 Y133.6997 Z33.9924 E0.3133
G1 X162.6444 Y135.2057 Z33.796 E0.3162
G1 X162.4913 Y136.6983 Z33.6619 E0.3135
G1 X162.0828 Y138.1315 Z33.6667 E0.8064
G1 X161.4220 Y139.4802 Z33.815 E0.3142
G1 X160.6182 Y140.7564 Z34.0253 E0.317
G1 X159.7629 Y141.9839 Z34.2312 E0.3143
G1 X158.8548 Y143.1572 Z34.4425 E0.3119
G1 X157.8965 Y144.2772 Z34.6517 E0.3099 F240
;---
G1 E-1.5
G4 P1500 ;ms dwell, no motion
G1 E1.5
;---
G1 X157.1734 Y145.5100 Z34.657 E0.2975

G1 X156.6684 Y146.8877 Z34.4603 E0.3082 F480
G1 X156.0885 Y148.2484 Z34.2654 E0.3106
G1 X155.4420 Y149.5918 Z34.0701 E0.313
G1 X154.7268 Y150.9111 Z33.8708 E0.3152
G1 X153.8827 Y152.1457 Z33.7368 E0.3126
G1 X152.8355 Y153.2020 Z33.7433 E0.8051
G1 X151.6054 Y154.0579 Z33.8909 E0.3136
G1 X150.2923 Y154.7863 Z34.1001 E0.3157
G1 X148.9500 Y155.4407 Z34.3104 E0.314
G1 X147.5923 Y156.0303 Z34.5178 E0.3112
G1 X146.2162 Y156.5431 Z34.7263 E0.3089 F240
;---
G1 E-1.5
G4 P1500 ;ms dwell, no motion
G1 E1.5
;---
G1 X144.9928 Y157.2711 Z34.7349 E0.2965

G1 X143.8908 Y158.2359 Z34.5376 E0.3078 F480
G1 X142.7328 Y159.1493 Z34.3407 E0.3099
G1 X141.5270 Y160.0170 Z34.1443 E0.3121
G1 X140.2679 Y160.8257 Z33.9503 E0.3143
G1 X138.9377 Y161.5016 Z33.8128 E0.3121
G1 X137.5170 Y161.9210 Z33.8183 E0.8022
G1 X136.0312 Y162.0757 Z33.9693 E0.3128
G1 X134.5321 Y162.0778 Z34.1767 E0.3153
G1 X133.0456 Y162.0031 Z34.385 E0.3131
G1 X131.5772 Y161.8593 Z34.5949 E0.3105
G1 X130.1280 Y161.6446 Z34.8058 E0.3084 F240
;---
G1 E-1.5
G4 P1500 ;ms dwell, no motion
G1 E1.5
;---
G1 X128.7099 Y161.6946 Z34.8107 E0.2957

G1 X127.2864 Y162.0088 Z34.6134 E0.3065 F480
G1 X125.8366 Y162.2551 Z34.4197 E0.3091
G1 X124.3653 Y162.4354 Z34.2217 E0.3117
G1 X122.8774 Y162.5446 Z34.0249 E0.3136
G1 X121.3913 Y162.4955 Z33.8903 E0.3111
G1 X119.9477 Y162.1790 Z33.897 E0.8009
G1 X118.5750 Y161.6014 Z34.0446 E0.3119
G1 X117.2683 Y160.8772 Z34.2534 E0.3145
G1 X116.0061 Y160.0970 Z34.464 E0.3124
G1 X114.7938 Y159.2607 Z34.6716 E0.3101
G1 X113.6326 Y158.3787 Z34.8794 E0.3071 F240
;---
G1 E-1.5
G4 P1500 ;ms dwell, no motion
G1 E1.5
;---
G1 X112.3714 Y157.7403 Z34.8875 E0.2947

G1 X110.9758 Y157.3309 Z34.6916 E0.306 F480
G1 X109.5875 Y156.8576 Z34.4928 E0.3086
G1 X108.2177 Y156.3082 Z34.2987 E0.3104
G1 X106.8607 Y155.6940 Z34.103 E0.3133
G1 X105.5857 Y154.9371 Z33.9667 E0.3105
G1 X104.4781 Y153.9687 Z33.9729 E0.7977
G1 X103.5564 Y152.8049 Z34.1212 E0.3112
G1 X102.7668 Y151.5385 Z34.3308 E0.3143
G1 X102.0408 Y150.2510 Z34.5371 E0.3113
G1 X101.3886 Y148.9360 Z34.7493 E0.3093
G1 X100.8017 Y147.6039 Z34.958 E0.3067 F240
;---
G1 E-1.5
G4 P1500 ;ms dwell, no motion
G1 E1.5
;---
G1 X100.0061 Y146.4417 Z34.9628 E0.2938

G1 X98.9809 Y145.4186 Z34.7679 E0.3048 F480
G1 X97.9949 Y144.3385 Z34.5717 E0.3078
G1 X97.0566 Y143.2027 Z34.3757 E0.31
G1 X96.1639 Y142.0177 Z34.1769 E0.3123
G1 X95.4112 Y140.7460 Z34.0446 E0.3095
G1 X94.9080 Y139.3662 Z34.0511 E0.7966
G1 X94.6661 Y137.9063 Z34.1959 E0.3102
G1 X94.5870 Y136.4222 Z34.4077 E0.3132
G1 X94.5775 Y134.9466 Z34.6165 E0.3109
G1 X94.6383 Y133.4845 Z34.8253 E0.3084
G1 X94.7715 Y132.0408 Z35.0338 E0.3056 F240
;---
G1 E-1.5
G4 P1500 ;ms dwell, no motion
G1 E1.5
;---
G1 X94.6359 Y130.6441 Z35.0417 E0.2927

G1 X94.2248 Y129.2575 Z34.845 E0.3045 F480
G1 X93.8812 Y127.8422 Z34.6462 E0.3067
G1 X93.6018 Y126.4008 Z34.4527 E0.3089
G1 X93.3915 Y124.9358 Z34.256 E0.3115
G1 X93.3359 Y123.4624 Z34.1185 E0.3089
G1 X93.5591 Y122.0172 Z34.1251 E0.7931
G1 X94.0574 Y120.6272 Z34.2751 E0.3097
G1 X94.6997 Y119.2913 Z34.4835 E0.3123
G1 X95.4060 Y118.0016 Z34.6915 E0.3098
G1 X96.1633 Y116.7552 Z34.9018 E0.3074
G1 X96.9781 Y115.5588 Z35.1121 E0.3051 F240
;---
G1 E-1.5
G4 P1500 ;ms dwell, no motion
G1 E1.5
;---
G1 X97.5288 Y114.2742 Z35.1166 E0.2916

G1 X97.8322 Y112.8664 Z34.9206 E0.3032 F480
G1 X98.2102 Y111.4642 Z34.7259 E0.3056
G1 X98.6529 Y110.0675 Z34.5274 E0.3084
G1 X99.1702 Y108.6876 Z34.3314 E0.3102
G1 X99.8289 Y107.3738 Z34.1963 E0.3078
G1 X100.7186 Y106.2177 Z34.2025 E0.791
G1 X101.8208 Y105.2434 Z34.3498 E0.3084
G1 X103.0266 Y104.3896 Z34.5599 E0.3113
G1 X104.2656 Y103.6036 Z34.7707 E0.3091
G1 X105.5280 Y102.8820 Z34.9777 E0.3063
G1 X106.8128 Y102.2305 Z35.1881 E0.3036 F240
;---
G1 E-1.5
G4 P1500 ;ms dwell, no motion
G1 E1.5
;---
G1 X107.9111 Y101.3743 Z35.1958 E0.2904

G1 X108.8517 Y100.2886 Z34.9977 E0.3024 F480
G1 X109.8500 Y99.2408 Z34.8004 E0.3046
G1 X110.9071 Y98.2343 Z34.6052 E0.3071
G1 X112.0202 Y97.2721 Z34.4101 E0.3095
G1 X113.2251 Y96.4393 Z34.2717 E0.3067
G1 X114.5560 Y95.8580 Z34.2791 E0.7872
G1 X115.9876 Y95.5377 Z34.4293 E0.3074
G1 X117.4529 Y95.3753 Z34.6366 E0.3104
G1 X118.9104 Y95.2834 Z34.8452 E0.3075
G1 X120.3608 Y95.2671 Z35.056 E0.3055
G1 X121.7969 Y95.3152 Z35.2647 E0.3026 F240
;---
G1 E-1.5
G4 P1500 ;ms dwell, no motion
G1 E1.5
;---
G1 X123.1659 Y95.0940 Z35.2691 E0.289

G1 X124.5069 Y94.5979 Z35.075 E0.3007 F480
G1 X125.8823 Y94.1565 Z34.8784 E0.3038
G1 X127.2888 Y93.7837 Z34.6812 E0.306
G1 X128.7209 Y93.4702 Z34.4845 E0.3083
G1 X130.1731 Y93.3237 Z34.3507 E0.3054
G1 X131.6163 Y93.4546 Z34.3566 E0.785
G1 X133.0193 Y93.8605 Z34.5023 E0.3058
G1 X134.3748 Y94.4300 Z34.7142 E0.3095
G1 X135.6922 Y95.0535 Z34.923 E0.3067
G1 X136.9661 Y95.7375 Z35.1315 E0.3043
G1 X138.1934 Y96.4735 Z35.3412 E0.3013 F240
;---
G1 E-1.5
G4 P1500 ;ms dwell, no motion
G1 E1.5
;---
G1 X139.4945 Y96.9385 Z35.3485 E0.2878

G1 X140.9067 Y97.1438 Z35.1517 E0.3 F480
G1 X142.3184 Y97.4161 Z34.9533 E0.3023
G1 X143.7267 Y97.7620 Z34.7596 E0.3047
G1 X145.1304 Y98.1746 Z34.562 E0.3075
G1 X146.4718 Y98.7384 Z34.4251 E0.3043
G1 X147.6674 Y99.5457 Z34.4334 E0.781
G1 X148.6950 Y100.5796 Z34.5813 E0.3051
G1 X149.6058 Y101.7283 Z34.7905 E0.3083
G1 X150.4517 Y102.9079 Z34.9988 E0.3053
G1 X151.2341 Y104.1176 Z35.2101 E0.3031
G1 X151.9498 Y105.3538 Z35.4187 E0.3005 F240
;---
G1 E-1.5
G4 P1500 ;ms dwell, no motion
G1 E1.5
;---
G1 X152.8624 Y106.3826 Z35.4231 E0.2863

G1 X154.0000 Y107.2356 Z35.2287 E0.2987 F480
G1 X155.1024 Y108.1525 Z35.0323 E0.3013
G1 X156.1726 Y109.1261 Z34.8344 E0.304
G1 X157.1989 Y110.1590 Z34.6383 E0.3059
G1 X158.1044 Y111.2930 Z34.5029 E0.3033
G1 X158.7623 Y112.5729 Z34.5085 E0.7788
G1 X159.1575 Y113.9700 Z34.6563 E0.3038
G1 X159.4005 Y115.4102 Z34.8672 E0.3072
G1 X159.5668 Y116.8503 Z35.0771 E0.3049
G1 X159.6685 Y118.2817 Z35.2838 E0.3018
G1 X159.6945 Y119.7042 Z35.4956 E0.2994 F240
;---
G1 E-1.5
G4 P1500 ;ms dwell, no motion
G1 E1.5
;---
G1 X159.9967 Y121.0415 Z35.5027 E0.2853

G1 X160.5843 Y122.3316 Z35.3041 E0.2979 F480
G1 X161.1101 Y123.6589 Z35.108 E0.2999
G1 X161.5800 Y125.0224 Z34.912 E0.303
G1 X161.9834 Y126.4184 Z34.716 E0.3052
G1 X162.2319 Y127.8422 Z34.5771 E0.3022
G1 X162.1908 Y129.2749 Z34.5857 E0.7755
G1 X161.8634 Y130.6859 Z34.7355 E0.3031
G1 X161.3807 Y132.0595 Z34.9425 E0.3061
G1 X160.8331 Y133.3945 Z35.1532 E0.3035
G1 X160.2286 Y134.6922 Z35.363 E0.3011
G1 X159.5681 Y135.9477 Z35.5726 E0.2984 F240
;---
G1 E-1.5
G4 P1500 ;ms dwell, no motion
G1 E1.5
;---
G1 X159.1917 Y137.2586 Z35.5773 E0.2838

G1 X159.0851 Y138.6664 Z35.3821 E0.2966 F480
G1 X158.9113 Y140.0806 Z35.1863 E0.2994
G1 X158.6694 Y141.4970 Z34.987 E0.302
G1 X158.3567 Y142.9099 Z34.7928 E0.3039
G1 X157.8892 Y144.2732 Z34.6569 E0.3013
G1 X157.1662 Y145.5057 Z34.6622 E0.7733
G1 X156.2042 Y146.5792 Z34.8106 E0.3017
G1 X155.1174 Y147.5428 Z35.021 E0.3056
G1 X153.9977 Y148.4470 Z35.2304 E0.3028
G1 X152.8438 Y149.2857 Z35.4376 E0.3001
G1 X151.6639 Y150.0623 Z35.6487 E0.2973 F240
;---
G1 E-1.5
G4 P1500 ;ms dwell, no motion
G1 E1.5
;---
G1 X150.7045 Y151.0258 Z35.6555 E0.2831

G1 X149.9377 Y152.2059 Z35.458 E0.2959 F480
G1 X149.1124 Y153.3601 Z35.2612 E0.2983
G1 X148.2209 Y154.4802 Z35.0662 E0.3008
G1 X147.2728 Y155.5708 Z34.8685 E0.3038
G1 X146.2117 Y156.5361 Z34.7315 E0.3001
G1 X144.9886 Y157.2639 Z34.7401 E0.7706
G1 X143.6313 Y157.7397 Z34.8879 E0.3012
G1 X142.2179 Y158.0552 Z35.0963 E0.3047
G1 X140.8063 Y158.3026 Z35.3061 E0.3017
G1 X139.3947 Y158.4776 Z35.5172 E0.2995
G1 X137.9903 Y158.5860 Z35.7254 E0.2966 F240
;---
G1 E-1.5
G4 P1500 ;ms dwell, no motion
G1 E1.5
;---
G1 X136.6921 Y158.9666 Z35.7309 E0.2818

G1 X135.4580 Y159.6321 Z35.5364 E0.2949 F480
G1 X134.1825 Y160.2454 Z35.3389 E0.2977
G1 X132.8682 Y160.8014 Z35.1408 E0.3002
G1 X131.5182 Y161.2990 Z34.9454 E0.3026
G1 X130.1275 Y161.6363 Z34.811 E0.2995
G1 X128.7097 Y161.6865 Z34.8158 E0.7685
G1 X127.2981 Y161.4448 Z34.9636 E0.3001
G1 X125.9131 Y161.0394 Z35.1753 E0.304
G1 X124.5610 Y160.5732 Z35.3837 E0.3012
G1 X123.2458 Y160.0494 Z35.5914 E0.2982
G1 X121.9698 Y159.4635 Z35.803 E0.2959 F240
;---
G1 E-1.5
G4 P1500 ;ms dwell, no motion
G1 E1.5
;---
G1 X120.6529 Y159.1721 Z35.8097 E0.2811

G1 X119.2548 Y159.1675 Z35.611 E0.2944 F480
G1 X117.8487 Y159.0911 Z35.4155 E0.2964
G1 X116.4326 Y158.9500 Z35.22 E0.2994
G1 X115.0138 Y158.7376 Z35.0221 E0.302
G1 X113.6362 Y158.3710 Z34.8845 E0.2985
G1 X112.3753 Y157.7327 Z34.8927 E0.766
G1 X111.2600 Y156.8388 Z35.0418 E0.2997
G1 X110.2452 Y155.8212 Z35.2489 E0.3028
G1 X109.2936 Y154.7603 Z35.4606 E0.3004
G1 X108.3984 Y153.6682 Z35.6701 E0.2977
G1 X107.5667 Y152.5425 Z35.8793 E0.2951 F240
;---
G1 E-1.5
G4 P1500 ;ms dwell, no motion
G1 E1.5
;---
G1 X106.5588 Y151.6579 Z35.8855 E0.2797

G1 X105.3397 Y150.9838 Z35.6893 E0.2934 F480
G1 X104.1450 Y150.2442 Z35.4929 E0.2959
G1 X102.9740 Y149.4455 Z35.2935 E0.2986
G1 X101.8366 Y148.5808 Z35.0997 E0.3008
G1 X100.8086 Y147.5988 Z34.9632 E0.2979
G1 X100.0132 Y146.4369 Z34.968 E0.7636
G1 X99.4706 Y145.1220 Z35.1181 E0.2984
G1 X99.0777 Y143.7432 Z35.328 E0.3023
G1 X98.7564 Y142.3589 Z35.5376 E0.2997
G1 X98.5035 Y140.9761 Z35.7451 E0.2964
G1 X98.3201 Y139.5942 Z35.9573 E0.2941 F240
;---
G1 E-1.5
G4 P1500 ;ms dwell, no motion
G1 E1.5
;---
G1 X97.8643 Y138.3368 Z35.9637 E0.279

G1 X97.1219 Y137.1648 Z35.7644 E0.2924 F480
G1 X96.4303 Y135.9489 Z35.5698 E0.2946
G1 X95.7911 Y134.6887 Z35.373 E0.2977
G1 X95.2067 Y133.3883 Z35.1759 E0.3003
G1 X94.7800 Y132.0397 Z35.039 E0.2965
G1 X94.6445 Y130.6434 Z35.0469 E0.7609
G1 X94.8019 Y129.2332 Z35.1957 E0.2977
G1 X95.1249 Y127.8422 Z35.4024 E0.3011
G1 X95.5100 Y126.4808 Z35.6142 E0.2985
G1 X95.9594 Y125.1514 Z35.8243 E0.296
G1 X96.4628 Y123.8575 Z36.0321 E0.2929 F240
;---
G1 E-1.5
G4 P1500 ;ms dwell, no motion
G1 E1.5
;---
G1 X96.6686 Y122.5430 Z36.0389 E0.2776

G1 X96.5822 Y121.1639 Z35.8436 E0.2912 F480
G1 X96.5567 Y119.7682 Z35.6458 E0.2941
G1 X96.6013 Y118.3625 Z35.448 E0.2963
G1 X96.7103 Y116.9457 Z35.2527 E0.2993
G1 X96.9861 Y115.5620 Z35.1173 E0.2957
G1 X97.5366 Y114.2777 Z35.1218 E0.7578
G1 X98.3514 Y113.1242 Z35.2712 E0.2963
G1 X99.3070 Y112.0672 Z35.4823 E0.3005
G1 X100.2992 Y111.0646 Z35.6902 E0.2974
G1 X101.3298 Y110.1225 Z35.8996 E0.2945
G1 X102.3946 Y109.2379 Z36.1106 E0.2921 F240
;---
G1 E-1.5
G4 P1500 ;ms dwell, no motion
G1 E1.5
;---
G1 X103.2053 Y108.1886 Z36.1168 E0.2765

G1 X103.7867 Y106.9404 Z35.9182 E0.2902 F480
G1 X104.4333 Y105.7106 Z35.7229 E0.2926
G1 X105.1448 Y104.5014 Z35.5272 E0.2954
G1 X105.9179 Y103.3151 Z35.3284 E0.2982
G1 X106.8182 Y102.2371 Z35.1933 E0.2942
G1 X107.9163 Y101.3810 Z35.201 E0.7548
G1 X109.1847 Y100.7677 Z35.3482 E0.2954
G1 X110.5251 Y100.3045 Z35.5567 E0.2989
G1 X111.8751 Y99.9110 Z35.7681 E0.2965
G1 X113.2285 Y99.5835 Z35.9781 E0.2936
G1 X114.5835 Y99.3261 Z36.1859 E0.2908 F240
;---
G1 E-1.5
G4 P1500 ;ms dwell, no motion
G1 E1.5
;---
G1 X115.7929 Y98.8005 Z36.1934 E0.2749

G1 X116.8981 Y97.9861 Z35.9971 E0.2891 F480
G1 X118.0527 Y97.2213 Z35.7997 E0.2916
G1 X119.2505 Y96.5018 Z35.6019 E0.2942
G1 X120.4948 Y95.8381 Z35.4067 E0.2968
G1 X121.7986 Y95.3239 Z35.2699 E0.2935
G1 X123.1671 Y95.1027 Z35.2743 E0.7512
G1 X124.5683 Y95.1818 Z35.4255 E0.2942
G1 X125.9619 Y95.4222 Z35.6352 E0.298
G1 X127.3296 Y95.7307 Z35.8441 E0.2954
G1 X128.6661 Y96.0971 Z36.0532 E0.292
G1 X129.9716 Y96.5266 Z36.265 E0.2897 F240
;---
G1 E-1.5
G4 P1500 ;ms dwell, no motion
G1 E1.5
;---
G1 X131.2807 Y96.6478 Z36.2709 E0.2739

G1 X132.6348 Y96.4643 Z36.0714 E0.2877 F480
G1 X134.0089 Y96.3478 Z35.8773 E0.2901
G1 X135.4015 Y96.2926 Z35.68 E0.2933
G1 X136.8073 Y96.3061 Z35.4822 E0.2958
G1 X138.1907 Y96.4819 Z35.3464 E0.2918
G1 X139.4914 Y96.9468 Z35.3537 E0.748
G1 X140.6776 Y97.6887 Z35.5022 E0.2931
G1 X141.7753 Y98.5702 Z35.7102 E0.2964
G1 X142.8193 Y99.4978 Z35.9225 E0.2942
G1 X143.8090 Y100.4633 Z36.1314 E0.2912
G1 X144.7420 Y101.4640 Z36.3393 E0.2882 F240
;---
G1 E-1.5
G4 P1500 ;ms dwell, no motion
G1 E1.5
;---
G1 X145.8244 Y102.1977 Z36.3476 E0.2723

G1 X147.0949 Y102.6877 Z36.151 E0.2865 F480
G1 X148.3541 Y103.2411 Z35.9534 E0.2893
G1 X149.5953 Y103.8590 Z35.7558 E0.2916
G1 X150.8181 Y104.5424 Z35.561 E0.2945
G1 X151.9433 Y105.3599 Z35.4239 E0.2909
G1 X152.8557 Y106.3884 Z35.4283 E0.7441
G1 X153.5331 Y107.6056 Z35.5798 E0.2917
G1 X154.0648 Y108.9063 Z35.7892 E0.2958
G1 X154.5314 Y110.2164 Z35.9971 E0.2927
G1 X154.9261 Y111.5354 Z36.2077 E0.2899
G1 X155.2574 Y112.8581 Z36.4183 E0.2872 F240
;---
G1 E-1.5
G4 P1500 ;ms dwell, no motion
G1 E1.5
;---
G1 X155.8509 Y114.0180 Z36.424 E0.2712

G1 X156.7266 Y115.0523 Z36.2259 E0.2851 F480
G1 X157.5627 Y116.1379 Z36.0306 E0.2881
G1 X158.3514 Y117.2736 Z35.8342 E0.2907
G1 X159.0969 Y118.4543 Z35.6349 E0.2936
G1 X159.6859 Y119.7064 Z35.5008 E0.2893
G1 X159.9881 Y121.0433 Z35.5079 E0.7417
G1 X159.9954 Y122.4313 Z35.6549 E0.2905
G1 X159.8306 Y123.8205 Z35.8649 E0.2944
G1 X159.6043 Y125.1883 Z36.0757 E0.2919
G1 X159.3145 Y126.5303 Z36.2854 E0.289
G1 X158.9660 Y127.8422 Z36.4927 E0.2858 F240
;---
G1 E-1.5
G4 P1500 ;ms dwell, no motion
G1 E1.5
;---
G1 X158.9265 Y129.1381 Z36.5014 E0.2698

G1 X159.1977 Y130.4620 Z36.3052 E0.2842 F480
G1 X159.4091 Y131.8104 Z36.1064 E0.2871
G1 X159.5571 Y133.1787 Z35.9103 E0.2894
G1 X159.6415 Y134.5675 Z35.7139 E0.2925
G1 X159.5596 Y135.9455 Z35.5778 E0.2887
G1 X159.1833 Y137.2561 Z35.5825 E0.7378
G1 X158.5178 Y138.4689 Z35.7329 E0.2897
G1 X157.7056 Y139.6032 Z35.9432 E0.2937
G1 X156.8489 Y140.6865 Z36.1506 E0.2907
G1 X155.9517 Y141.7163 Z36.3618 E0.2877
G1 X155.0127 Y142.6918 Z36.5725 E0.2852 F240
;---
G1 E-1.5
G4 P1500 ;ms dwell, no motion
G1 E1.5
;---
G1 X154.3573 Y143.8045 Z36.5779 E0.2688

G1 X153.9641 Y145.0911 Z36.3798 E0.2831 F480
G1 X153.5016 Y146.3689 Z36.1849 E0.2858
G1 X152.9777 Y147.6385 Z35.9877 E0.2889
G1 X152.3869 Y148.8913 Z35.7886 E0.2914
G1 X151.6573 Y150.0561 Z35.6539 E0.2875
G1 X150.6981 Y151.0194 Z35.6607 E0.7358
G1 X149.5336 Y151.7570 Z35.8088 E0.2887
G1 X148.2810 Y152.3552 Z36.0184 E0.2923
G1 X147.0101 Y152.8849 Z36.2299 E0.2901
G1 X145.7308 Y153.3518 Z36.4385 E0.2869
G1 X144.4438 Y153.7504 Z36.6471 E0.2839 F240
;---
G1 E-1.5
G4 P1500 ;ms dwell, no motion
G1 E1.5
;---
G1 X143.3383 Y154.4055 Z36.6558 E0.2676

G1 X142.3776 Y155.3415 Z36.4584 E0.2823 F480
G1 X141.3632 Y156.2389 Z36.2601 E0.2851
G1 X140.2992 Y157.0965 Z36.0637 E0.2876
G1 X139.1831 Y157.9088 Z35.8682 E0.2904
G1 X137.9875 Y158.5773 Z35.7306 E0.2868
G1 X136.6897 Y158.9578 Z35.7362 E0.7325
G1 X135.3193 Y159.0407 Z35.8872 E0.2878
G1 X133.9370 Y158.9581 Z36.0962 E0.2918
G1 X132.5742 Y158.8102 Z36.3044 E0.2889
G1 X131.2344 Y158.5986 Z36.5158 E0.286
G1 X129.9193 Y158.3271 Z36.7266 E0.2832 F240
;---
G1 E-1.5
G4 P1500 ;ms dwell, no motion
G1 E1.5
;---
G1 X128.6404 Y158.3698 Z36.7314 E0.2666

G1 X127.3551 Y158.7266 Z36.5342 E0.281 F480
G1 X126.0397 Y159.0263 Z36.3391 E0.2841
G1 X124.6984 Y159.2659 Z36.1412 E0.287
G1 X123.3350 Y159.4452 Z35.9427 E0.2896
G1 X121.9715 Y159.4546 Z35.8082 E0.2856
G1 X120.6550 Y159.1632 Z35.8149 E0.7307
G1 X119.4191 Y158.5788 Z35.9623 E0.2867
G1 X118.2556 Y157.8387 Z36.1728 E0.2908
G1 X117.1378 Y157.0539 Z36.3834 E0.2881
G1 X116.0708 Y156.2228 Z36.5925 E0.2853
G1 X115.0557 Y155.3542 Z36.8011 E0.2819 F240
;---
G1 E-1.5
G4 P1500 ;ms dwell, no motion
G1 E1.5
;---
G1 X113.9206 Y154.7768 Z36.8094 E0.2655

G1 X112.6256 Y154.4734 Z36.6125 E0.2803 F480
G1 X111.3322 Y154.1084 Z36.413 E0.2833
G1 X110.0474 Y153.6756 Z36.2182 E0.2856
G1 X108.7688 Y153.1803 Z36.0214 E0.2889
G1 X107.5725 Y152.5355 Z35.8845 E0.2848
G1 X106.5649 Y151.6511 Z35.8907 E0.7269
G1 X105.7686 Y150.5459 Z36.0404 E0.2859
G1 X105.1095 Y149.3385 Z36.2503 E0.2902
G1 X104.5136 Y148.1165 Z36.4578 E0.2868
G1 X103.9842 Y146.8787 Z36.6702 E0.2843
G1 X103.5179 Y145.6305 Z36.8801 E0.2813 F240
;---
G1 E-1.5
G4 P1500 ;ms dwell, no motion
G1 E1.5
;---
G1 X102.8036 Y144.5830 Z36.8848 E0.2644

G1 X101.8174 Y143.7006 Z36.6887 E0.2791 F480
G1 X100.8634 Y142.7615 Z36.4926 E0.2822
G1 X99.9451 Y141.7688 Z36.2952 E0.2851
G1 X99.0657 Y140.7257 Z36.0963 E0.2877
G1 X98.3285 Y139.5909 Z35.9624 E0.2837
G1 X97.8728 Y138.3338 Z35.9688 E0.7252
G1 X97.7115 Y136.9869 Z36.1154 E0.2847
G1 X97.7180 Y135.6183 Z36.3272 E0.2889
G1 X97.7890 Y134.2640 Z36.5374 E0.2863
G1 X97.9207 Y132.9295 Z36.746 E0.2831
G1 X98.1169 Y131.6181 Z36.9558 E0.2801 F240
;---
G1 E-1.5
G4 P1500 ;ms dwell, no motion
G1 E1.5
;---
G1 X97.9972 Y130.3619 Z36.9637 E0.2633

G1 X97.5555 Y129.1180 Z36.7659 E0.2785 F480
G1 X97.1715 Y127.8422 Z36.5669 E0.281
G1 X96.8425 Y126.5366 Z36.372 E0.2839
G1 X96.5756 Y125.2031 Z36.1755 E0.2867
G1 X96.4720 Y123.8587 Z36.0373 E0.2828
G1 X96.6778 Y122.5446 Z36.0441 E0.7214
G1 X97.1874 Y121.2925 Z36.1946 E0.2838
G1 X97.8506 Y120.1004 Z36.4035 E0.2879
G1 X98.5651 Y118.9554 Z36.6123 E0.2849
G1 X99.3240 Y117.8558 Z36.8238 E0.2822
G1 X100.1268 Y116.8055 Z37.0342 E0.2792 F240
;---
G1 E-1.5
G4 P1500 ;ms dwell, no motion
G1 E1.5
;---
G1 X100.6237 Y115.6522 Z37.0386 E0.2619

G1 X100.8333 Y114.3561 Z36.8426 E0.2769 F480
G1 X101.1081 Y113.0574 Z36.6468 E0.2799
G1 X101.4448 Y111.7585 Z36.4482 E0.283
G1 X101.8474 Y110.4663 Z36.2509 E0.2853
G1 X102.4021 Y109.2433 Z36.1158 E0.2815
G1 X103.2125 Y108.1944 Z36.122 E0.7188
G1 X104.2575 Y107.3467 Z36.2692 E0.2823
G1 X105.4111 Y106.6287 Z36.4807 E0.2868
G1 X106.5861 Y105.9733 Z36.6915 E0.284
G1 X107.7772 Y105.3801 Z36.8997 E0.2809
G1 X108.9809 Y104.8510 Z37.1101 E0.2777 F240
;---
G1 E-1.5
G4 P1500 ;ms dwell, no motion
G1 E1.5
;---
G1 X109.9680 Y104.0841 Z37.1177 E0.2607

G1 X110.7722 Y103.0518 Z36.9198 E0.276 F480
G1 X111.6310 Y102.0470 Z36.7211 E0.2787
G1 X112.5475 Y101.0756 Z36.5261 E0.2815
G1 X113.5180 Y100.1372 Z36.3296 E0.2845
G1 X114.5875 Y99.3344 Z36.1911 E0.2803
G1 X115.7965 Y98.8090 Z36.1986 E0.7145
G1 X117.1161 Y98.5721 Z36.3487 E0.2813
G1 X118.4689 Y98.5021 Z36.5575 E0.2857
G1 X119.8072 Y98.4950 Z36.7663 E0.2824
G1 X121.1317 Y98.5538 Z36.9781 E0.2799
G1 X122.4371 Y98.6716 Z37.1877 E0.2766 F240
;---
G1 E-1.5
G4 P1500 ;ms dwell, no motion
G1 E1.5
;---
G1 X123.6652 Y98.4754 Z37.192 E0.2592

G1 X124.8601 Y97.9589 Z36.9971 E0.2743 F480
G1 X126.0921 Y97.4920 Z36.8003 E0.2776
G1 X127.3578 Y97.0806 Z36.6021 E0.2804
G1 X128.6530 Y96.7231 Z36.4046 E0.283
G1 X129.9710 Y96.5358 Z36.2702 E0.2788
G1 X131.2798 Y96.6570 Z36.2761 E0.712
G1 X132.5433 Y97.0841 Z36.4226 E0.2796
G1 X133.7556 Y97.6760 Z36.6351 E0.2846
G1 X134.9270 Y98.3158 Z36.845 E0.2815
G1 X136.0542 Y99.0031 Z37.0535 E0.2784
G1 X137.1337 Y99.7351 Z37.2643 E0.2752 F240
;---
G1 E-1.5
G4 P1500 ;ms dwell, no motion
G1 E1.5
;---
G1 X138.2987 Y100.1537 Z37.2716 E0.2578

G1 X139.5913 Y100.2727 Z37.0737 E0.2735 F480
G1 X140.8891 Y100.4536 Z36.8754 E0.276
G1 X142.1913 Y100.6991 Z36.6805 E0.279
G1 X143.4946 Y101.0077 Z36.4828 E0.282
G1 X144.7370 Y101.4718 Z36.3445 E0.2777
G1 X145.8191 Y102.2052 Z36.3527 E0.7077
G1 X146.7146 Y103.1887 Z36.5022 E0.2787
G1 X147.4887 Y104.2872 Z36.7113 E0.2832
G1 X148.1998 Y105.4089 Z36.9208 E0.28
G1 X148.8518 Y106.5504 Z37.132 E0.2772
G1 X149.4408 Y107.7099 Z37.3418 E0.2742 F240
;---
G1 E-1.5
G4 P1500 ;ms dwell, no motion
G1 E1.5
;---
G1 X150.2561 Y108.6323 Z37.3461 E0.2563

G1 X151.3280 Y109.3536 Z37.1509 E0.272 F480
G1 X152.3748 Y110.1342 Z36.9543 E0.2749
G1 X153.3975 Y110.9697 Z36.7553 E0.278
G1 X154.3863 Y111.8624 Z36.5591 E0.2803
G1 X155.2491 Y112.8627 Z36.4236 E0.2764
G1 X155.8425 Y114.0221 Z36.4292 E0.7048
G1 X156.1497 Y115.3092 Z36.5771 E0.2772
G1 X156.2954 Y116.6397 Z36.7888 E0.2821
G1 X156.3749 Y117.9619 Z36.9991 E0.2792
G1 X156.3940 Y119.2703 Z37.2068 E0.2758
G1 X156.3488 Y120.5633 Z37.4187 E0.2728 F240
;---
G1 E-1.5
G4 P1500 ;ms dwell, no motion
G1 E1.5
;---
G1 X156.6170 Y121.7599 Z37.4258 E0.2552

G1 X157.2087 Y122.9025 Z37.2271 E0.271 F480
G1 X157.7508 Y124.0833 Z37.03 E0.2735
G1 X158.2431 Y125.3027 Z36.8341 E0.2767
G1 X158.6814 Y126.5568 Z36.6368 E0.2796
G1 X158.9565 Y127.8422 Z36.4979 E0.2751
G1 X158.9170 Y129.1377 Z36.5066 E0.7013
G1 X158.5660 Y130.4090 Z36.6564 E0.2763
G1 X158.0523 Y131.6389 Z36.8645 E0.2808
G1 X157.4862 Y132.8285 Z37.0752 E0.2777
G1 X156.8709 Y133.9785 Z37.2861 E0.275
G1 X156.2105 Y135.0854 Z37.4956 E0.2718 F240
;---
G1 E-1.5
G4 P1500 ;ms dwell, no motion
G1 E1.5
;---
G1 X155.8716 Y136.2564 Z37.5004 E0.2537

G1 X155.8404 Y137.5365 Z37.3052 E0.2696 F480
G1 X155.7497 Y138.8287 Z37.1083 E0.2727
G1 X155.5968 Y140.1290 Z36.909 E0.2757
G1 X155.3815 Y141.4332 Z36.7135 E0.2782
G1 X155.0045 Y142.6872 Z36.5778 E0.274
G1 X154.3492 Y143.7996 Z36.5831 E0.6987
G1 X153.4339 Y144.7388 Z36.7313 E0.2748
G1 X152.3916 Y145.5624 Z36.9431 E0.2801
G1 X151.3253 Y146.3287 Z37.1527 E0.2768
G1 X150.2357 Y147.0345 Z37.3607 E0.2737
G1 X149.1271 Y147.6803 Z37.5727 E0.2707 F240
;---
G1 E-1.5
G4 P1500 ;ms dwell, no motion
G1 E1.5
;---
G1 X148.2692 Y148.5390 Z37.5795 E0.2527

G1 X147.6304 Y149.6433 Z37.3811 E0.2688 F480
G1 X146.9345 Y150.7278 Z37.1841 E0.2714
G1 X146.1787 Y151.7896 Z36.9883 E0.2745
G1 X145.3668 Y152.8281 Z36.7901 E0.2776
G1 X144.4388 Y153.7425 Z36.6523 E0.2728
G1 X143.3336 Y154.3973 Z36.661 E0.6955
G1 X142.0821 Y154.7762 Z36.8098 E0.2741
G1 X140.7772 Y154.9933 Z37.0183 E0.2789
G1 X139.4794 Y155.1464 Z37.2292 E0.2757
G1 X138.1895 Y155.2369 Z37.4403 E0.2729
G1 X136.9119 Y155.2667 Z37.6494 E0.2697 F240
;---
G1 E-1.5
G4 P1500 ;ms dwell, no motion
G1 E1.5
;---
G1 X135.7533 Y155.6042 Z37.655 E0.2514

G1 X134.6678 Y156.2629 Z37.4595 E0.2676 F480
G1 X133.5400 Y156.8772 Z37.262 E0.2707
G1 X132.3727 Y157.4453 Z37.0628 E0.2737
G1 X131.1675 Y157.9623 Z36.8674 E0.2763
G1 X129.9188 Y158.3178 Z36.7317 E0.272
G1 X128.6402 Y158.3604 Z36.7365 E0.693
G1 X127.3684 Y158.0868 Z36.8856 E0.2729
G1 X126.1264 Y157.6478 Z37.0973 E0.2781
G1 X124.9202 Y157.1559 Z37.3067 E0.275
G1 X123.7527 Y156.6158 Z37.5146 E0.2716
G1 X122.6256 Y156.0252 Z37.727 E0.2689 F240
;---
G1 E-1.5
G4 P1500 ;ms dwell, no motion
G1 E1.5
;---
G1 X121.4524 Y155.7635 Z37.7337 E0.2505

G1 X120.1892 Y155.8214 Z37.5345 E0.2668 F480
G1 X118.9121 Y155.8181 Z37.3386 E0.2693
G1 X117.6203 Y155.7563 Z37.142 E0.2727
G1 X116.3196 Y155.6312 Z36.9441 E0.2756
G1 X115.0598 Y155.3455 Z36.8063 E0.2708
G1 X113.9250 Y154.7683 Z36.8146 E0.6901
G1 X112.9466 Y153.9174 Z36.9639 E0.2722
G1 X112.0747 Y152.9384 Z37.1715 E0.2768
G1 X111.2617 Y151.9285 Z37.3837 E0.2739
G1 X110.5040 Y150.8943 Z37.5942 E0.2709
G1 X109.8045 Y149.8376 Z37.8033 E0.2678 F240
;---
G1 E-1.5
G4 P1500 ;ms dwell, no motion
G1 E1.5
;---
G1 X108.9083 Y149.0483 Z37.8095 E0.249

G1 X107.7781 Y148.4937 Z37.6134 E0.2657 F480
G1 X106.6627 Y147.8800 Z37.416 E0.2687
G1 X105.5645 Y147.2094 Z37.2165 E0.2716
G1 X104.4888 Y146.4787 Z37.0218 E0.2743
G1 X103.5256 Y145.6248 Z36.8853 E0.27
G1 X102.8116 Y144.5777 Z36.8901 E0.6873
G1 X102.3684 Y143.3669 Z37.0402 E0.2708
G1 X102.0809 Y142.0922 Z37.2511 E0.2762
G1 X101.8564 Y140.8201 Z37.4607 E0.273
G1 X101.6945 Y139.5554 Z37.6691 E0.2695
G1 X101.5936 Y138.2980 Z37.8813 E0.2668 F240
;---
G1 E-1.5
G4 P1500 ;ms dwell, no motion
G1 E1.5
;---
G1 X101.1901 Y137.1787 Z37.8877 E0.2482

G1 X100.4682 Y136.1545 Z37.6884 E0.2647 F480
G1 X99.7875 Y135.0867 Z37.4928 E0.2673
G1 X99.1504 Y133.9746 Z37.2961 E0.2705
G1 X98.5579 Y132.8217 Z37.0979 E0.2736
G1 X98.1264 Y131.6169 Z36.961 E0.2685
G1 X98.0068 Y130.3611 Z36.9689 E0.6843
G1 X98.2011 Y129.0909 Z37.1176 E0.2699
G1 X98.5645 Y127.8422 Z37.3255 E0.2748
G1 X98.9814 Y126.6261 Z37.5377 E0.2718
G1 X99.4502 Y125.4445 Z37.7483 E0.2688
G1 X99.9664 Y124.3003 Z37.9569 E0.2655 F240
;---
G1 E-1.5
G4 P1500 ;ms dwell, no motion
G1 E1.5
;---
G1 X100.1513 Y123.1319 Z37.9637 E0.2468

G1 X100.0111 Y121.8927 Z37.7676 E0.2634 F480
G1 X99.9268 Y120.6336 Z37.5697 E0.2665
G1 X99.9011 Y119.3587 Z37.371 E0.2693
G1 X99.9352 Y118.0686 Z37.1756 E0.2723
G1 X100.1357 Y116.8090 Z37.0394 E0.2676
G1 X100.6324 Y115.6561 Z37.0438 E0.6808
G1 X101.4131 Y114.6439 Z37.1942 E0.2685
G1 X102.3320 Y113.7302 Z37.4054 E0.2739
G1 X103.2805 Y112.8703 Z37.6142 E0.2706
G1 X104.2563 Y112.0666 Z37.8236 E0.2673
G1 X105.2580 Y111.3182 Z38.0355 E0.2645 F240
;---
G1 E-1.5
G4 P1500 ;ms dwell, no motion
G1 E1.5
;---
G1 X105.9796 Y110.3876 Z38.0417 E0.2456

G1 X106.4483 Y109.2379 Z37.8422 E0.2623 F480
G1 X106.9772 Y108.0994 Z37.6469 E0.265
G1 X107.5650 Y106.9729 Z37.4503 E0.2682
G1 X108.2113 Y105.8623 Z37.2514 E0.2712
G1 X108.9869 Y104.8583 Z37.1152 E0.2661
G1 X109.9738 Y104.0917 Z37.1229 E0.6775
G1 X111.1425 Y103.5847 Z37.2713 E0.2675
G1 X112.3815 Y103.2296 Z37.4797 E0.2723
G1 X113.6229 Y102.9383 Z37.6921 E0.2695
G1 X114.8611 Y102.7065 Z37.9023 E0.2663
G1 X116.0939 Y102.5360 Z38.1107 E0.2631 F240
;---
G1 E-1.5
G4 P1500 ;ms dwell, no motion
G1 E1.5
;---
G1 X117.1679 Y102.0714 Z38.1182 E0.2439

G1 X118.1276 Y101.2919 Z37.9217 E0.261 F480
G1 X119.1343 Y100.5499 Z37.7237 E0.2639
G1 X120.1845 Y99.8463 Z37.5253 E0.2668
G1 X121.2803 Y99.1870 Z37.3298 E0.2697
G1 X122.4389 Y98.6812 Z37.1929 E0.265
G1 X123.6666 Y98.4849 Z37.1972 E0.6737
G1 X124.9282 Y98.6059 Z37.3486 E0.2661
G1 X126.1802 Y98.8932 Z37.5591 E0.2713
G1 X127.4029 Y99.2358 Z37.7681 E0.2682
G1 X128.5922 Y99.6299 Z37.978 E0.2647
G1 X129.7483 Y100.0750 Z38.1898 E0.2619 F240
;---
G1 E-1.5
G4 P1500 ;ms dwell, no motion
G1 E1.5
;---
G1 X130.9089 Y100.1845 Z38.1957 E0.2429

G1 X132.1183 Y99.9621 Z37.9962 E0.2595 F480
G1 X133.3512 Y99.7958 Z37.8013 E0.2624
G1 X134.6059 Y99.6845 Z37.604 E0.2656
G1 X135.8788 Y99.6312 Z37.4053 E0.2686
G1 X137.1307 Y99.7443 Z37.2695 E0.2633
G1 X138.2954 Y100.1628 Z37.2768 E0.6702
G1 X139.3386 Y100.8740 Z37.4253 E0.2648
G1 X140.2902 Y101.7265 Z37.6342 E0.2697
G1 X141.1904 Y102.6137 Z37.8465 E0.2669
G1 X142.0382 Y103.5304 Z38.0563 E0.2637
G1 X142.8321 Y104.4733 Z38.2643 E0.2603 F240
;---
G1 E-1.5
G4 P1500 ;ms dwell, no motion
G1 E1.5
;---
G1 X143.7901 Y105.1249 Z38.2726 E0.2413

G1 X144.9525 Y105.5103 Z38.0759 E0.2583 F480
G1 X146.1099 Y105.9536 Z37.8774 E0.2614
G1 X147.2573 Y106.4558 Z37.6799 E0.264
G1 X148.3942 Y107.0177 Z37.484 E0.2672
G1 X149.4338 Y107.7165 Z37.347 E0.2623
G1 X150.2488 Y108.6387 Z37.3514 E0.6661
G1 X150.8156 Y109.7596 Z37.5028 E0.2634
G1 X151.2345 Y110.9626 Z37.7132 E0.2688
G1 X151.5933 Y112.1682 Z37.9216 E0.2654
G1 X151.8899 Y113.3742 Z38.1326 E0.2622
G1 X152.1276 Y114.5787 Z38.344 E0.2593 F240
;---
G1 E-1.5
G4 P1500 ;ms dwell, no motion
G1 E1.5
;---
G1 X152.6513 Y115.6061 Z38.3496 E0.24

G1 X153.4819 Y116.4970 Z38.1507 E0.2569 F480
G1 X154.2797 Y117.4378 Z37.9554 E0.2599
G1 X155.0420 Y118.4260 Z37.7582 E0.263
G1 X155.7672 Y119.4595 Z37.5587 E0.2661
G1 X156.3394 Y120.5657 Z37.4239 E0.2607
G1 X156.6076 Y121.7619 Z37.431 E0.6633
G1 X156.5633 Y123.0116 Z37.5788 E0.2621
G1 X156.3496 Y124.2603 Z37.7888 E0.2673
G1 X156.0810 Y125.4842 Z38.0006 E0.2645
G1 X155.7599 Y126.6792 Z38.2103 E0.2612
G1 X155.3883 Y127.8422 Z38.4183 E0.2577 F240
;---
G1 E-1.5
G4 P1500 ;ms dwell, no motion
G1 E1.5
;---
G1 X155.3516 Y128.9883 Z38.427 E0.2386

G1 X155.6505 Y130.1641 Z38.23 E0.2558 F480
G1 X155.8978 Y131.3667 Z38.0312 E0.2589
G1 X156.0916 Y132.5927 Z37.8343 E0.2616
G1 X156.2294 Y133.8422 Z37.638 E0.2649
G1 X156.2011 Y135.0830 Z37.5008 E0.2599
G1 X155.8623 Y136.2536 Z37.5056 E0.6594
G1 X155.2211 Y137.3209 Z37.6569 E0.2611
G1 X154.4339 Y138.3078 Z37.8672 E0.2664
G1 X153.6114 Y139.2450 Z38.0755 E0.2632
G1 X152.7571 Y140.1307 Z38.287 E0.2599
G1 X151.8727 Y140.9655 Z38.4982 E0.2569 F240
;---
G1 E-1.5
G4 P1500 ;ms dwell, no motion
G1 E1.5
;---
G1 X151.2918 Y141.9479 Z38.5035 E0.2376

G1 X150.9916 Y143.1165 Z38.3052 E0.2545 F480
G1 X150.6319 Y144.2839 Z38.1098 E0.2575
G1 X150.2147 Y145.4484 Z37.9121 E0.2608
G1 X149.7384 Y146.6051 Z37.7126 E0.2638
G1 X149.1200 Y147.6736 Z37.5779 E0.2585
G1 X148.2624 Y148.5320 Z37.5848 E0.6568
G1 X147.1908 Y149.1550 Z37.7328 E0.26
G1 X146.0309 Y149.6356 Z37.9432 E0.2651
G1 X144.8627 Y150.0558 Z38.1548 E0.2622
G1 X143.6916 Y150.4175 Z38.3642 E0.2589
G1 X142.5204 Y150.7198 Z38.5727 E0.2556 F240
;---
G1 E-1.5
G4 P1500 ;ms dwell, no motion
G1 E1.5
;---
G1 X141.5434 Y151.2968 Z38.5814 E0.2363

G1 X140.7215 Y152.1736 Z38.3841 E0.2536 F480
G1 X139.8496 Y153.0219 Z38.1849 E0.2567
G1 X138.9294 Y153.8381 Z37.9886 E0.2595
G1 X137.9601 Y154.6200 Z37.7922 E0.2627
G1 X136.9089 Y155.2574 Z37.6546 E0.2577
G1 X135.7507 Y155.5948 Z37.6602 E0.6533
G1 X134.5175 Y155.6222 Z37.8112 E0.2589
G1 X133.2741 Y155.4828 Z38.0211 E0.2643
G1 X132.0542 Y155.2882 Z38.2293 E0.261
G1 X130.8603 Y155.0391 Z38.4415 E0.2579
G1 X129.6936 Y154.7388 Z38.6524 E0.2548 F240
;---
G1 E-1.5
G4 P1500 ;ms dwell, no motion
G1 E1.5
;---
G1 X128.5653 Y154.7743 Z38.6573 E0.2352

G1 X127.4300 Y155.1468 Z38.4599 E0.2524 F480
G1 X126.2634 Y155.4699 Z38.264 E0.2556
G1 X125.0687 Y155.7426 Z38.0661 E0.2587
G1 X123.8491 Y155.9634 Z37.8667 E0.2617
G1 X122.6275 Y156.0156 Z37.7323 E0.2564
G1 X121.4546 Y155.7540 Z37.7389 E0.6512
G1 X120.3665 Y155.1865 Z37.8864 E0.2577
G1 X119.3513 Y154.4662 Z38.0977 E0.2632
G1 X118.3817 Y153.7091 Z38.3089 E0.2602
G1 X117.4601 Y152.9180 Z38.5181 E0.2569
G1 X116.5888 Y152.0961 Z38.7275 E0.2535 F240
;---
G1 E-1.5
G4 P1500 ;ms dwell, no motion
G1 E1.5
;---
G1 X115.5888 Y151.5857 Z38.7358 E0.2341

G1 X114.4188 Y151.3675 Z38.5381 E0.2516 F480
G1 X113.2460 Y151.0928 Z38.3386 E0.2546
G1 X112.0738 Y150.7600 Z38.143 E0.2574
G1 X110.9030 Y150.3686 Z37.9462 E0.2607
G1 X109.8107 Y149.8301 Z37.8085 E0.2556
G1 X108.9149 Y149.0411 Z37.8147 E0.6472
G1 X108.2398 Y148.0223 Z37.9652 E0.2569
G1 X107.7003 Y146.9057 Z38.1752 E0.2623
G1 X107.2199 Y145.7806 Z38.3834 E0.2588
G1 X106.7982 Y144.6481 Z38.5958 E0.2559
G1 X106.4338 Y143.5120 Z38.8065 E0.2527 F240
;---
G1 E-1.5
G4 P1500 ;ms dwell, no motion
G1 E1.5
;---
G1 X105.8061 Y142.5883 Z38.8112 E0.2329

G1 X104.8902 Y141.8394 Z38.6144 E0.2502 F480
G1 X103.9982 Y141.0382 Z38.4183 E0.2535
G1 X103.1328 Y140.1866 Z38.22 E0.2566
G1 X102.2981 Y139.2865 Z38.0211 E0.2595
G1 X101.6026 Y138.2945 Z37.8864 E0.2543
G1 X101.1994 Y137.1755 Z37.8929 E0.6451
G1 X101.1006 Y135.9637 Z38.0402 E0.2555
G1 X101.1682 Y134.7322 Z38.2521 E0.2611
G1 X101.2914 Y133.5196 Z38.463 E0.2581
G1 X101.4678 Y132.3298 Z38.6721 E0.2547
G1 X101.6965 Y131.1658 Z38.8821 E0.2513 F240
;---
G1 E-1.5
G4 P1500 ;ms dwell, no motion
G1 E1.5
;---
G1 X101.5928 Y130.0600 Z38.8901 E0.2317

G1 X101.1511 Y128.9675 Z38.6922 E0.2493 F480
G1 X100.7548 Y127.8422 Z38.4926 E0.2524
G1 X100.4070 Y126.6858 Z38.2974 E0.2552
G1 X100.1093 Y125.4999 Z38.1004 E0.2584
G1 X99.9762 Y124.3015 Z37.9621 E0.2532
G1 X100.1610 Y123.1336 Z37.969 E0.6414
G1 X100.6580 Y122.0302 Z38.1195 E0.2545
G1 X101.3089 Y120.9886 Z38.3291 E0.26
G1 X101.9988 Y119.9919 Z38.5379 E0.2566
G1 X102.7252 Y119.0402 Z38.7502 E0.2537
G1 X103.4848 Y118.1351 Z38.9605 E0.2504 F240
;---
G1 E-1.5
G4 P1500 ;ms dwell, no motion
G1 E1.5
;---
G1 X103.9236 Y117.1216 Z38.965 E0.2304

G1 X104.0602 Y115.9578 Z38.769 E0.2478 F480
G1 X104.2531 Y114.7864 Z38.5725 E0.251
G1 X104.5018 Y113.6100 Z38.3739 E0.2542
G1 X104.8079 Y112.4331 Z38.1757 E0.257
G1 X105.2660 Y111.3240 Z38.0407 E0.2519
G1 X105.9873 Y110.3937 Z38.0469 E0.6384
G1 X106.9496 Y109.6706 Z38.1941 E0.253
G1 X108.0182 Y109.0769 Z38.4064 E0.2588
G1 X109.0996 Y108.5400 Z38.6172 E0.2556
G1 X110.1896 Y108.0594 Z38.8261 E0.2522
G1 X111.2860 Y107.6370 Z39.0368 E0.2489 F240
;---
G1 E-1.5
G4 P1500 ;ms dwell, no motion
G1 E1.5
;---
G1 X112.1544 Y106.9645 Z39.0445 E0.229

G1 X112.8303 Y106.0131 Z38.8462 E0.2468 F480
G1 X113.5578 Y105.0828 Z38.647 E0.2497
G1 X114.3374 Y104.1758 Z38.4518 E0.2527
G1 X115.1683 Y103.2941 Z38.2545 E0.2559
G1 X116.0981 Y102.5449 Z38.1159 E0.2506
G1 X117.1717 Y102.0804 Z38.1234 E0.634
G1 X118.3586 Y101.9131 Z38.2737 E0.2519
G1 X119.5758 Y101.9091 Z38.4831 E0.2575
G1 X120.7752 Y101.9612 Z38.6926 E0.254
G1 X121.9559 Y102.0674 Z38.9045 E0.251
G1 X123.1150 Y102.2259 Z39.1148 E0.2477 F240
;---
G1 E-1.5
G4 P1500 ;ms dwell, no motion
G1 E1.5
;---
G1 X124.1937 Y102.0552 Z39.1191 E0.2276

G1 X125.2376 Y101.5491 Z38.9234 E0.2452 F480
G1 X126.3181 Y101.0853 Z38.7266 E0.2485
G1 X127.4328 Y100.6656 Z38.5277 E0.2517
G1 X128.5784 Y100.2931 Z38.3302 E0.2544
G1 X129.7477 Y100.0848 Z38.195 E0.2491
G1 X130.9079 Y100.1943 Z38.201 E0.6312
G1 X132.0215 Y100.6181 Z38.3482 E0.2502
G1 X133.0833 Y101.2006 Z38.5607 E0.2562
G1 X134.1043 Y101.8232 Z38.7714 E0.253
G1 X135.0824 Y102.4829 Z38.9799 E0.2496
G1 X136.0152 Y103.1778 Z39.1914 E0.2462 F240
;---
G1 E-1.5
G4 P1500 ;ms dwell, no motion
G1 E1.5
;---
G1 X137.0369 Y103.5466 Z39.1987 E0.2263

G1 X138.1906 Y103.6041 Z39.0001 E0.2441 F480
G1 X139.3545 Y103.7149 Z38.8018 E0.247
G1 X140.5274 Y103.8820 Z38.6061 E0.2501
G1 X141.7063 Y104.1050 Z38.4085 E0.2533
G1 X142.8268 Y104.4816 Z38.2695 E0.2478
G1 X143.7845 Y105.1330 Z38.2778 E0.6271
G1 X144.5514 Y106.0386 Z38.4279 E0.2491
G1 X145.1973 Y107.0566 Z38.637 E0.2548
G1 X145.7867 Y108.0890 Z38.8472 E0.2514
G1 X146.3212 Y109.1347 Z39.0589 E0.2484
G1 X146.8009 Y110.1888 Z39.2689 E0.245 F240
;---
G1 E-1.5
G4 P1500 ;ms dwell, no motion
G1 E1.5
;---
G1 X147.5146 Y110.9989 Z39.2733 E0.2247

G1 X148.4930 Y111.6007 Z39.078 E0.2426 F480
G1 X149.4560 Y112.2548 Z38.8807 E0.2458
G1 X150.4004 Y112.9607 Z38.6815 E0.2489
G1 X151.3220 Y113.7182 Z38.4848 E0.2517
G1 X152.1190 Y114.5835 Z38.3492 E0.2465
G1 X152.6425 Y115.6105 Z38.3548 E0.6238
G1 X152.8756 Y116.7670 Z38.5028 E0.2475
G1 X152.9484 Y117.9650 Z38.7151 E0.2537
G1 X152.9657 Y119.1490 Z38.9256 E0.2503
G1 X152.9295 Y120.3162 Z39.1339 E0.2469
G1 X152.8397 Y121.4644 Z39.3458 E0.2437 F240
;---
G1 E-1.5
G4 P1500 ;ms dwell, no motion
G1 E1.5
;---
G1 X153.0732 Y122.5131 Z39.3529 E0.2236

G1 X153.6402 Y123.5060 Z39.1543 E0.2415 F480
G1 X154.1676 Y124.5361 Z38.9564 E0.2444
G1 X154.6537 Y125.6041 Z38.7605 E0.2476
G1 X155.0963 Y126.7070 Z38.5625 E0.2508
G1 X155.3785 Y127.8422 Z38.4235 E0.2451
G1 X155.3418 Y128.9879 Z38.4322 E0.6202
G1 X154.9889 Y130.1086 Z38.5821 E0.2466
G1 X154.4771 Y131.1872 Z38.7909 E0.2523
G1 X153.9227 Y132.2261 Z39.0017 E0.249
G1 X153.3298 Y133.2259 Z39.2132 E0.2459
G1 X152.6994 Y134.1837 Z39.4232 E0.2426 F240
;---
G1 E-1.5
G4 P1500 ;ms dwell, no motion
G1 E1.5
;---
G1 X152.4011 Y135.2087 Z39.428 E0.2222

G1 X152.4211 Y136.3458 Z39.2323 E0.2402 F480
G1 X152.3880 Y137.4976 Z39.035 E0.2433
G1 X152.3027 Y138.6622 Z38.8354 E0.2466
G1 X152.1618 Y139.8351 Z38.6393 E0.2493
G1 X151.8640 Y140.9608 Z38.5034 E0.244
G1 X151.2834 Y141.9428 Z38.5087 E0.6174
G1 X150.4383 Y142.7488 Z38.6573 E0.2451
G1 X149.4732 Y143.4421 Z38.8695 E0.2513
G1 X148.4904 Y144.0816 Z39.0798 E0.248
G1 X147.4939 Y144.6677 Z39.2878 E0.2445
G1 X146.4847 Y145.1990 Z39.5005 E0.2415 F240
;---
G1 E-1.5
G4 P1500 ;ms dwell, no motion
G1 E1.5
;---
G1 X145.7332 Y145.9492 Z39.5074 E0.2211

G1 X145.2067 Y146.9513 Z39.3082 E0.2393 F480
G1 X144.6280 Y147.9400 Z39.1112 E0.242
G1 X143.9964 Y148.9146 Z38.9147 E0.2453
G1 X143.3124 Y149.8718 Z38.7165 E0.2485
G1 X142.5151 Y150.7115 Z38.5779 E0.2428
G1 X141.5384 Y151.2882 Z38.5866 E0.6141
G1 X140.4139 Y151.5850 Z38.7362 E0.2443
G1 X139.2397 Y151.7257 Z38.9446 E0.2501
G1 X138.0768 Y151.8100 Z39.1563 E0.2468
G1 X136.9265 Y151.8408 Z39.3675 E0.2437
G1 X135.7920 Y151.8198 Z39.5772 E0.2403 F240
;---
G1 E-1.5
G4 P1500 ;ms dwell, no motion
G1 E1.5
;---
G1 X134.7785 Y152.1135 Z39.5828 E0.2198

G1 X133.8401 Y152.7347 Z39.3867 E0.238 F480
G1 X132.8618 Y153.3216 Z39.1891 E0.2412
G1 X131.8448 Y153.8704 Z38.9893 E0.2444
G1 X130.7908 Y154.3784 Z38.7938 E0.2472
G1 X129.6930 Y154.7289 Z38.6576 E0.2418
G1 X128.5652 Y154.7644 Z38.6625 E0.6113
G1 X127.4438 Y154.4829 Z38.812 E0.243
G1 X126.3533 Y154.0399 Z39.0239 E0.2493
G1 X125.2987 Y153.5551 Z39.2338 E0.2458
G1 X124.2823 Y153.0294 Z39.4423 E0.2424
G1 X123.3046 Y152.4659 Z39.6549 E0.2393 F240
;---
G1 E-1.5
G4 P1500 ;ms dwell, no motion
G1 E1.5
;---
G1 X122.2799 Y152.2358 Z39.6615 E0.2189

G1 X121.1643 Y152.3298 Z39.4623 E0.237 F480
G1 X120.0311 Y152.3740 Z39.2657 E0.2399
G1 X118.8812 Y152.3659 Z39.0691 E0.2432
G1 X117.7175 Y152.3056 Z38.8705 E0.2465
G1 X116.5930 Y152.0872 Z38.7327 E0.2405
G1 X115.5933 Y151.5770 Z38.741 E0.6084
G1 X114.7508 Y150.7926 Z38.8903 E0.2421
G1 X114.0135 Y149.8834 Z39.0986 E0.2479
G1 X113.3289 Y148.9540 Z39.3108 E0.2447
G1 X112.6954 Y148.0072 Z39.522 E0.2416
G1 X112.1141 Y147.0461 Z39.7312 E0.2382 F240
;---
G1 E-1.5
G4 P1500 ;ms dwell, no motion
G1 E1.5
;---
G1 X111.3325 Y146.3556 Z39.7373 E0.2175

G1 X110.3140 Y145.9041 Z39.5412 E0.2359 F480
G1 X109.3038 Y145.4001 Z39.3431 E0.2391
G1 X108.3042 Y144.8446 Z39.1436 E0.2421
G1 X107.3187 Y144.2356 Z38.9482 E0.2451
G1 X106.4417 Y143.5062 Z38.8117 E0.2396
G1 X105.8143 Y142.5829 Z38.8165 E0.6054
G1 X105.4580 Y141.4956 Z38.9666 E0.2407
G1 X105.2527 Y140.3485 Z39.1783 E0.2471
G1 X105.1027 Y139.2090 Z39.3879 E0.2437
G1 X105.0052 Y138.0811 Z39.5969 E0.2401
G1 X104.9618 Y136.9643 Z39.8096 E0.2373 F240
;---
G1 E-1.5
G4 P1500 ;ms dwell, no motion
G1 E1.5
;---
G1 X104.6112 Y135.9875 Z39.8161 E0.2165

G1 X103.9376 Y135.1072 Z39.6162 E0.235 F480
G1 X103.2985 Y134.1850 Z39.4203 E0.2376
G1 X102.6917 Y133.2219 Z39.2232 E0.241
G1 X102.1226 Y132.2190 Z39.0245 E0.2442
G1 X101.7063 Y131.1646 Z38.8874 E0.2382
G1 X101.6026 Y130.0591 Z38.8953 E0.6023
G1 X101.8143 Y128.9396 Z39.0444 E0.2398
G1 X102.1858 Y127.8422 Z39.2526 E0.2456
G1 X102.6033 Y126.7777 Z39.4655 E0.2427
G1 X103.0608 Y125.7477 Z39.6762 E0.2392
G1 X103.5581 Y124.7541 Z39.8855 E0.2359 F240
;---
G1 E-1.5
G4 P1500 ;ms dwell, no motion
G1 E1.5
;---
G1 X103.7206 Y123.7355 Z39.8923 E0.2152

G1 X103.5551 Y122.6460 Z39.6954 E0.2335 F480
G1 X103.4377 Y121.5352 Z39.4975 E0.2367
G1 X103.3687 Y120.4055 Z39.2981 E0.2398
G1 X103.3520 Y119.2584 Z39.1027 E0.2428
G1 X103.4940 Y118.1387 Z38.9658 E0.2372
G1 X103.9326 Y117.1256 Z38.9702 E0.5987
G1 X104.6543 Y116.2527 Z39.1213 E0.2384
G1 X105.5064 Y115.4754 Z39.3325 E0.2446
G1 X106.3807 Y114.7479 Z39.5421 E0.2412
G1 X107.2743 Y114.0715 Z39.7515 E0.2378
G1 X108.1845 Y113.4444 Z39.964 E0.2348 F240
;---
G1 E-1.5
G4 P1500 ;ms dwell, no motion
G1 E1.5
;---
G1 X108.8142 Y112.6343 Z39.9702 E0.214

G1 X109.1912 Y111.6055 Z39.7702 E0.2323 F480
G1 X109.6192 Y110.5803 Z39.5748 E0.2353
G1 X110.1003 Y109.5620 Z39.3774 E0.2385
G1 X110.6333 Y108.5523 Z39.1786 E0.2417
G1 X111.2922 Y107.6446 Z39.042 E0.2356
G1 X112.1603 Y106.9723 Z39.0497 E0.5953
G1 X113.2084 Y106.5573 Z39.1985 E0.2371
G1 X114.3240 Y106.2901 Z39.4072 E0.2431
G1 X115.4349 Y106.0765 Z39.62 E0.24
G1 X116.5390 Y105.9165 Z39.8308 E0.2367
G1 X117.6328 Y105.8067 Z40.0392 E0.2332 F240
;---
G1 E-1.5
G4 P1500 ;ms dwell, no motion
G1 E1.5
;---
G1 X118.5686 Y105.4032 Z40.0467 E0.2124

G1 X119.3899 Y104.6862 Z39.8502 E0.2309 F480
G1 X120.2539 Y103.9962 Z39.6515 E0.2342
G1 X121.1596 Y103.3380 Z39.453 E0.237
G1 X122.1072 Y102.7125 Z39.2569 E0.2402
G1 X123.1168 Y102.2355 Z39.12 E0.2345
G1 X124.1952 Y102.0649 Z39.1243 E0.5915
G1 X125.3068 Y102.2075 Z39.2757 E0.2357
G1 X126.4078 Y102.5109 Z39.4869 E0.242
G1 X127.4787 Y102.8583 Z39.6959 E0.2386
G1 X128.5165 Y103.2485 Z39.9066 E0.2352
G1 X129.5216 Y103.6796 Z40.1184 E0.2321 F240
;---
G1 E-1.5
G4 P1500 ;ms dwell, no motion
G1 E1.5
;---
G1 X130.5312 Y103.7763 Z40.1243 E0.2113

G1 X131.5897 Y103.5421 Z39.9247 E0.2297 F480
G1 X132.6725 Y103.3546 Z39.7291 E0.2325
G1 X133.7782 Y103.2132 Z39.5319 E0.2359
G1 X134.9044 Y103.1206 Z39.3324 E0.2391
G1 X136.0121 Y103.1871 Z39.1966 E0.2329
G1 X137.0335 Y103.5558 Z39.2039 E0.5881
G1 X137.9344 Y104.2139 Z39.3524 E0.2345
G1 X138.7471 Y105.0061 Z39.5621 E0.2404
G1 X139.5120 Y105.8245 Z39.7746 E0.2375
G1 X140.2299 Y106.6623 Z39.9848 E0.2339
G1 X140.8980 Y107.5207 Z40.1935 E0.2306 F240
;---
G1 E-1.5
G4 P1500 ;ms dwell, no motion
G1 E1.5
;---
G1 X141.7308 Y108.0883 Z40.2018 E0.2099

G1 X142.7664 Y108.3903 Z40.0044 E0.2283 F480
G1 X143.8004 Y108.7449 Z39.8058 E0.2313
G1 X144.8324 Y109.1490 Z39.6077 E0.2345
G1 X145.8582 Y109.6074 Z39.4115 E0.2375
G1 X146.7938 Y110.1956 Z39.2741 E0.2318
G1 X147.5071 Y111.0053 Z39.2785 E0.5841
G1 X147.9748 Y112.0114 Z39.4304 E0.2332
G1 X148.3030 Y113.0925 Z39.641 E0.2393
G1 X148.5767 Y114.1722 Z39.8501 E0.2359
G1 X148.7989 Y115.2464 Z40.0611 E0.2325
G1 X148.9693 Y116.3150 Z40.2732 E0.2295 F240
;---
G1 E-1.5
G4 P1500 ;ms dwell, no motion
G1 E1.5
;---
G1 X149.4233 Y117.2084 Z40.2789 E0.2086

G1 X150.1811 Y117.9668 Z40.0793 E0.227 F480
G1 X150.9138 Y118.7706 Z39.8839 E0.23
G1 X151.6203 Y119.6175 Z39.686 E0.2333
G1 X152.2968 Y120.5072 Z39.4865 E0.2363
G1 X152.8302 Y121.4669 Z39.351 E0.2302
G1 X153.0636 Y122.5151 Z39.3581 E0.5811
G1 X152.9892 Y123.6160 Z39.5067 E0.2318
G1 X152.7550 Y124.7146 Z39.7167 E0.2379
G1 X152.4752 Y125.7870 Z39.9291 E0.2349
G1 X152.1518 Y126.8302 Z40.139 E0.2315
G1 X151.7889 Y127.8422 Z40.3476 E0.2279 F240
;---
G1 E-1.5
G4 P1500 ;ms dwell, no motion
G1 E1.5
;---
G1 X151.7560 Y128.8377 Z40.3563 E0.2073

G1 X152.0524 Y129.8619 Z40.159 E0.2257 F480
G1 X152.3089 Y130.9132 Z39.9598 E0.229
G1 X152.5192 Y131.9888 Z39.7622 E0.2318
G1 X152.6844 Y133.0887 Z39.5658 E0.2351
G1 X152.6900 Y134.1813 Z39.4284 E0.2292
G1 X152.3917 Y135.2059 Z39.4332 E0.5775
G1 X151.7986 Y136.1291 Z39.5847 E0.2306
G1 X151.0655 Y136.9740 Z39.7955 E0.2369
G1 X150.3082 Y137.7741 Z40.004 E0.2334
G1 X149.5254 Y138.5267 Z40.2163 E0.2303
G1 X148.7231 Y139.2340 Z40.4275 E0.2269 F240
;---
G1 E-1.5
G4 P1500 ;ms dwell, no motion
G1 E1.5
;---
G1 X148.2178 Y140.0861 Z40.4328 E0.2062

G1 X147.9874 Y141.1207 Z40.2345 E0.2245 F480
G1 X147.7077 Y142.1594 Z40.0383 E0.2276
G1 X147.3765 Y143.1986 Z39.8406 E0.2308
G1 X146.9952 Y144.2372 Z39.6404 E0.2341
G1 X146.4776 Y145.1923 Z39.5057 E0.2279
G1 X145.7264 Y145.9423 Z39.5126 E0.5746
G1 X144.7663 Y146.4621 Z39.6606 E0.2294
G1 X143.7228 Y146.8459 Z39.8717 E0.2357
G1 X142.6783 Y147.1780 Z40.0833 E0.2324
G1 X141.6355 Y147.4590 Z40.2934 E0.2291
G1 X140.5967 Y147.6888 Z40.5021 E0.2257 F240
;---
G1 E-1.5
G4 P1500 ;ms dwell, no motion
G1 E1.5
;---
G1 X139.7487 Y148.1886 Z40.5108 E0.205

G1 X139.0530 Y148.9819 Z40.3133 E0.2235 F480
G1 X138.3118 Y149.7534 Z40.1135 E0.2267
G1 X137.5269 Y150.5019 Z39.9171 E0.2296
G1 X136.6972 Y151.2243 Z39.7201 E0.2328
G1 X135.7890 Y151.8106 Z39.5825 E0.227
G1 X134.7759 Y152.1041 Z39.588 E0.5712
G1 X133.6901 Y152.0950 Z39.739 E0.2284
G1 X132.5962 Y151.9291 Z39.9496 E0.2347
G1 X131.5268 Y151.7159 Z40.1582 E0.2313
G1 X130.4842 Y151.4610 Z40.3707 E0.228
G1 X129.4686 Y151.1617 Z40.5824 E0.2249 F240
;---
G1 E-1.5
G4 P1500 ;ms dwell, no motion
G1 E1.5
;---
G1 X128.4906 Y151.1913 Z40.5873 E0.2039

G1 X127.5052 Y151.5509 Z40.3891 E0.2224 F480
G1 X126.4899 Y151.8678 Z40.1932 E0.2254
G1 X125.4468 Y152.1463 Z39.9946 E0.2288
G1 X124.3783 Y152.3792 Z39.7949 E0.2317
G1 X123.3064 Y152.4563 Z39.6601 E0.2257
G1 X122.2821 Y152.2263 Z39.6667 E0.5689
G1 X121.3409 Y151.6973 Z39.8148 E0.2272
G1 X120.4683 Y151.0281 Z40.0262 E0.2334
G1 X119.6388 Y150.3288 Z40.2381 E0.2305
G1 X118.8525 Y149.6059 Z40.4474 E0.2269
G1 X118.1118 Y148.8592 Z40.6575 E0.2236 F240
;---
G1 E-1.5
G4 P1500 ;ms dwell, no motion
G1 E1.5
;---
G1 X117.2457 Y148.4162 Z40.6658 E0.2028

G1 X116.2147 Y148.2571 Z40.4674 E0.2214 F480
G1 X115.1775 Y148.0494 Z40.2679 E0.2245
G1 X114.1359 Y147.7928 Z40.0715 E0.2274
G1 X113.0920 Y147.4847 Z39.8748 E0.2307
G1 X112.1203 Y147.0386 Z39.7364 E0.2248
G1 X111.3390 Y146.3483 Z39.7425 E0.5653
G1 X110.7724 Y145.4360 Z39.8937 E0.2262
G1 X110.3336 Y144.4330 Z40.1037 E0.2325
G1 X109.9463 Y143.4271 Z40.3127 E0.229
G1 X109.6104 Y142.4190 Z40.5254 E0.226
G1 X109.3219 Y141.4137 Z40.7365 E0.2225 F240
;---
G1 E-1.5
G4 P1500 ;ms dwell, no motion
G1 E1.5
;---
G1 X108.7793 Y140.6131 Z40.7413 E0.2017

G1 X107.9586 Y139.9808 Z40.5442 E0.22 F480
G1 X107.1523 Y139.3042 Z40.3475 E0.2234
G1 X106.3674 Y138.5812 Z40.1488 E0.2264
G1 X105.6032 Y137.8149 Z39.9497 E0.2296
G1 X104.9707 Y136.9608 Z39.8149 E0.2235
G1 X104.6203 Y135.9844 Z39.8213 E0.5627
G1 X104.5635 Y134.9183 Z39.9688 E0.2249
G1 X104.6646 Y133.8342 Z40.1812 E0.2314
G1 X104.8092 Y132.7718 Z40.3923 E0.228
G1 X105.0000 Y131.7326 Z40.6021 E0.2247
G1 X105.2314 Y130.7191 Z40.8122 E0.2213 F240
;---
G1 E-1.5
G4 P1500 ;ms dwell, no motion
G1 E1.5
;---
G1 X105.1424 Y129.7618 Z40.8201 E0.2006

G1 X104.7284 Y128.8177 Z40.6222 E0.219 F480
G1 X104.3495 Y127.8422 Z40.4219 E0.2223
G1 X104.0110 Y126.8367 Z40.2266 E0.2251
G1 X103.7115 Y125.8024 Z40.0289 E0.2284
G1 X103.5676 Y124.7553 Z39.8907 E0.2224
G1 X103.7300 Y123.7371 Z39.8975 E0.5593
G1 X104.1932 Y122.7816 Z40.048 E0.2238
G1 X104.8008 Y121.8852 Z40.2584 E0.2302
G1 X105.4374 Y121.0299 Z40.4672 E0.2267
G1 X106.1015 Y120.2158 Z40.6802 E0.2236
G1 X106.7910 Y119.4443 Z40.8907 E0.2203 F240
;---
G1 E-1.5
G4 P1500 ;ms dwell, no motion
G1 E1.5
;---
G1 X107.1720 Y118.5681 Z40.8953 E0.1993

G1 X107.2609 Y117.5466 Z40.699 E0.2178 F480
G1 X107.3986 Y116.5156 Z40.5018 E0.2208
G1 X107.5830 Y115.4762 Z40.3031 E0.2241
G1 X107.8169 Y114.4321 Z40.1042 E0.2271
G1 X108.1923 Y113.4500 Z39.9692 E0.2211
G1 X108.8217 Y112.6403 Z39.9754 E0.5562
G1 X109.6839 Y112.0308 Z40.1227 E0.2224
G1 X110.6426 Y111.5413 Z40.3357 E0.2289
G1 X111.6094 Y111.1030 Z40.5471 E0.2257
G1 X112.5770 Y110.7112 Z40.7561 E0.222
G1 X113.5480 Y110.3708 Z40.9677 E0.219 F240
;---
G1 E-1.5
G4 P1500 ;ms dwell, no motion
G1 E1.5
;---
G1 X114.2991 Y109.7900 Z40.9753 E0.198

G1 X114.8655 Y108.9415 Z40.7762 E0.2167 F480
G1 X115.4787 Y108.1095 Z40.577 E0.2195
G1 X116.1361 Y107.2910 Z40.381 E0.2227
G1 X116.8405 Y106.4932 Z40.1836 E0.2257
G1 X117.6369 Y105.8154 Z40.0444 E0.2199
G1 X118.5723 Y105.4121 Z40.052 E0.5521
G1 X119.6164 Y105.2954 Z40.2029 E0.2213
G1 X120.6867 Y105.3284 Z40.4124 E0.2275
G1 X121.7382 Y105.4098 Z40.6226 E0.2242
G1 X122.7690 Y105.5341 Z40.8345 E0.2209
G1 X123.7780 Y105.7020 Z41.0456 E0.2177 F240
;---
G1 E-1.5
G4 P1500 ;ms dwell, no motion
G1 E1.5
;---
G1 X124.7105 Y105.5555 Z41.05 E0.1967

G1 X125.6097 Y105.0887 Z40.8535 E0.2151 F480
G1 X126.5427 Y104.6555 Z40.6567 E0.2182
G1 X127.5079 Y104.2571 Z40.457 E0.2215
G1 X128.5030 Y103.8974 Z40.2595 E0.2243
G1 X129.5210 Y103.6893 Z40.1236 E0.2183
G1 X130.5301 Y103.7860 Z40.1296 E0.5491
G1 X131.4950 Y104.1834 Z40.2775 E0.2196
G1 X132.4107 Y104.7273 Z40.49 E0.2263
G1 X133.2883 Y105.3019 Z40.7014 E0.2229
G1 X134.1262 Y105.9065 Z40.9103 E0.2196
G1 X134.9246 Y106.5346 Z41.1222 E0.2161 F240
;---
G1 E-1.5
G4 P1500 ;ms dwell, no motion
G1 E1.5
;---
G1 X135.8070 Y106.8539 Z41.1295 E0.1954

G1 X136.8137 Y106.8791 Z40.9309 E0.2138 F480
G1 X137.8345 Y106.9456 Z40.7318 E0.2171
G1 X138.8652 Y107.0617 Z40.5358 E0.2199
G1 X139.9063 Y107.2226 Z40.3377 E0.2233
G1 X140.8929 Y107.5287 Z40.1987 E0.217
G1 X141.7253 Y108.0961 Z40.207 E0.5454
G1 X142.3756 Y108.9051 Z40.3571 E0.2184
G1 X142.9116 Y109.8191 Z40.567 E0.2249
G1 X143.4006 Y110.7393 Z40.7772 E0.2213
G1 X143.8406 Y111.6679 Z40.9897 E0.2185
G1 X144.2347 Y112.5985 Z41.1997 E0.2149 F240
;---
G1 E-1.5
G4 P1500 ;ms dwell, no motion
G1 E1.5
;---
G1 X144.8502 Y113.2988 Z41.2041 E0.1941

G1 X145.7163 Y113.8017 Z41.0088 E0.2124 F480
G1 X146.5735 Y114.3490 Z40.8108 E0.2157
G1 X147.4171 Y114.9425 Z40.6116 E0.2187
G1 X148.2470 Y115.5807 Z40.414 E0.2218
G1 X148.9610 Y116.3196 Z40.2785 E0.2157
G1 X149.4147 Y117.2126 Z40.2841 E0.5421
G1 X149.5924 Y118.2290 Z40.432 E0.217
G1 X149.6213 Y119.2823 Z40.6451 E0.2238
G1 X149.6048 Y120.3193 Z40.8556 E0.2203
G1 X149.5439 Y121.3382 Z41.0648 E0.2169
G1 X149.4386 Y122.3380 Z41.2769 E0.2138 F240
;---
G1 E-1.5
G4 P1500 ;ms dwell, no motion
G1 E1.5
;---
G1 X149.6392 Y123.2430 Z41.2841 E0.1929

G1 X150.1557 Y124.0952 Z41.0851 E0.2115 F480
G1 X150.6391 Y124.9822 Z40.8866 E0.2143
G1 X151.0921 Y125.9032 Z40.6905 E0.2175
G1 X151.5093 Y126.8572 Z40.4918 E0.2206
G1 X151.7794 Y127.8422 Z40.3528 E0.2145
G1 X151.7465 Y128.8372 Z40.3615 E0.5387
G1 X151.4125 Y129.8081 Z40.5114 E0.216
G1 X150.9339 Y130.7394 Z40.721 E0.2223
G1 X150.4199 Y131.6339 Z40.9324 E0.2192
G1 X149.8799 Y132.4926 Z41.144 E0.2157
G1 X149.3085 Y133.3128 Z41.3549 E0.2126 F240
;---
G1 E-1.5
G4 P1500 ;ms dwell, no motion
G1 E1.5
;---
G1 X149.0502 Y134.1972 Z41.3598 E0.1917

G1 X149.0926 Y135.1867 Z41.1632 E0.2102 F480
G1 X149.0887 Y136.1912 Z40.9658 E0.2131
G1 X149.0439 Y137.2111 Z40.7654 E0.2166
G1 X148.9502 Y138.2412 Z40.5693 E0.2192
G1 X148.7148 Y139.2295 Z40.4327 E0.2134
G1 X148.2097 Y140.0811 Z40.438 E0.5359
G1 X147.4532 Y140.7658 Z40.5873 E0.2147
G1 X146.5898 Y141.3473 Z40.7995 E0.2212
G1 X145.7138 Y141.8807 Z41.0106 E0.218
G1 X144.8308 Y142.3689 Z41.2187 E0.2145
G1 X143.9410 Y142.8104 Z41.4322 E0.2115 F240
;---
G1 E-1.5
G4 P1500 ;ms dwell, no motion
G1 E1.5
;---
G1 X143.2925 Y143.4568 Z41.4391 E0.1906

G1 X142.8545 Y144.3385 Z41.2391 E0.2092 F480
G1 X142.3719 Y145.2130 Z41.042 E0.212
G1 X141.8442 Y146.0791 Z40.8447 E0.2152
G1 X141.2703 Y146.9335 Z40.6465 E0.2183
G1 X140.5916 Y147.6807 Z40.5074 E0.2122
G1 X139.7438 Y148.1803 Z40.5161 E0.5328
G1 X138.7570 Y148.4156 Z40.6662 E0.2136
G1 X137.7252 Y148.5067 Z40.8748 E0.2201
G1 X136.7073 Y148.5524 Z41.0872 E0.2168
G1 X135.7033 Y148.5516 Z41.299 E0.2137
G1 X134.7174 Y148.5121 Z41.509 E0.2101 F240
;---
G1 E-1.5
G4 P1500 ;ms dwell, no motion
G1 E1.5
;---
G1 X133.8433 Y148.7645 Z41.5145 E0.1895

G1 X133.0393 Y149.3207 Z41.3185 E0.2077 F480
G1 X132.2004 Y149.8543 Z41.1199 E0.2112
G1 X131.3258 Y150.3548 Z40.9199 E0.214
G1 X130.4174 Y150.8269 Z40.7238 E0.2172
G1 X129.4681 Y151.1523 Z40.5876 E0.211
G1 X128.4904 Y151.1819 Z40.5926 E0.5299
G1 X127.5184 Y150.9143 Z40.742 E0.2124
G1 X126.5762 Y150.4971 Z40.9548 E0.2193
G1 X125.6672 Y150.0500 Z41.1647 E0.2156
G1 X124.7932 Y149.5688 Z41.3741 E0.2124
G1 X123.9540 Y149.0608 Z41.5866 E0.2092 F240
;---
G1 E-1.5
G4 P1500 ;ms dwell, no motion
G1 E1.5
;---
G1 X123.0713 Y148.8619 Z41.5933 E0.1886

G1 X122.1044 Y148.9635 Z41.3941 E0.2069 F480
G1 X121.1189 Y149.0257 Z41.1965 E0.2099
G1 X120.1167 Y149.0439 Z40.9999 E0.213
G1 X119.0988 Y149.0202 Z40.8005 E0.2163
G1 X118.1157 Y148.8507 Z40.6627 E0.2099
G1 X117.2500 Y148.4079 Z40.671 E0.5271
G1 X116.5319 Y147.7077 Z40.8203 E0.2115
G1 X115.9108 Y146.8939 Z41.0294 E0.2179
G1 X115.3349 Y146.0674 Z41.2416 E0.2147
G1 X114.8032 Y145.2303 Z41.4537 E0.2115
G1 X114.3173 Y144.3835 Z41.6634 E0.2082 F240
;---
G1 E-1.5
G4 P1500 ;ms dwell, no motion
G1 E1.5
;---
G1 X113.6441 Y143.7877 Z41.6696 E0.1875

G1 X112.7511 Y143.4154 Z41.4729 E0.2059 F480
G1 X111.8639 Y142.9963 Z41.2742 E0.2088
G1 X110.9804 Y142.5345 Z41.0745 E0.2121
G1 X110.1062 Y142.0261 Z40.8783 E0.2149
G1 X109.3294 Y141.4082 Z40.7417 E0.209
G1 X108.7871 Y140.6079 Z40.7465 E0.5242
G1 X108.4992 Y139.6534 Z40.8968 E0.2104
G1 X108.3470 Y138.6473 Z41.1091 E0.2168
G1 X108.2436 Y137.6501 Z41.3197 E0.2137
G1 X108.1797 Y136.6675 Z41.5286 E0.21
G1 X108.1625 Y135.6969 Z41.7424 E0.2074 F240
;---
G1 E-1.5
G4 P1500 ;ms dwell, no motion
G1 E1.5
;---
G1 X107.8612 Y134.8559 Z41.7488 E0.1864

G1 X107.2616 Y134.1038 Z41.5479 E0.205 F480
G1 X106.6898 Y133.3140 Z41.3521 E0.2075
G1 X106.1403 Y132.4889 Z41.1541 E0.2109
G1 X105.6228 Y131.6273 Z40.9553 E0.2138
G1 X105.2406 Y130.7179 Z40.8174 E0.2078
G1 X105.1517 Y129.7611 Z40.8253 E0.5213
G1 X105.3585 Y128.7913 Z40.9753 E0.2093
G1 X105.7080 Y127.8422 Z41.1835 E0.2154
G1 X106.0948 Y126.9240 Z41.3973 E0.2126
G1 X106.5119 Y126.0376 Z41.6079 E0.209
G1 X106.9600 Y125.1841 Z41.8182 E0.2058 F240
;---
G1 E-1.5
G4 P1500 ;ms dwell, no motion
G1 E1.5
;---
G1 X107.1004 Y124.3070 Z41.825 E0.1853

G1 X106.9399 Y123.3655 Z41.6272 E0.2035 F480
G1 X106.8179 Y122.4032 Z41.4292 E0.2065
G1 X106.7355 Y121.4218 Z41.229 E0.2097
G1 X106.6954 Y120.4226 Z41.0335 E0.2126
G1 X106.7998 Y119.4478 Z40.896 E0.2065
G1 X107.1806 Y118.5720 Z40.9006 E0.5179
G1 X107.8234 Y117.8257 Z41.0521 E0.2079
G1 X108.5846 Y117.1677 Z41.2634 E0.2145
G1 X109.3600 Y116.5525 Z41.4738 E0.2111
G1 X110.1504 Y115.9820 Z41.6841 E0.208
G1 X110.9474 Y115.4517 Z41.8967 E0.2045 F240
;---
G1 E-1.5
G4 P1500 ;ms dwell, no motion
G1 E1.5
;---
G1 X111.4897 Y114.7550 Z41.903 E0.1841

G1 X111.8025 Y113.8596 Z41.703 E0.2022 F480
G1 X112.1548 Y112.9613 Z41.5065 E0.2054
G1 X112.5547 Y112.0684 Z41.3091 E0.2082
G1 X112.9959 Y111.1766 Z41.1094 E0.2117
G1 X113.5538 Y110.3779 Z40.9729 E0.2051
G1 X114.3047 Y109.7973 Z40.9806 E0.5146
G1 X115.2222 Y109.4549 Z41.1293 E0.2066
G1 X116.2013 Y109.2481 Z41.3389 E0.2132
G1 X117.1707 Y109.0830 Z41.5517 E0.2098
G1 X118.1321 Y108.9640 Z41.7635 E0.2067
G1 X119.0810 Y108.8849 Z41.972 E0.2032 F240
;---
G1 E-1.5
G4 P1500 ;ms dwell, no motion
G1 E1.5
;---
G1 X119.8865 Y108.5379 Z41.9795 E0.1828

G1 X120.5873 Y107.9060 Z41.7829 E0.2009 F480
G1 X121.3251 Y107.2935 Z41.5832 E0.2042
G1 X122.1001 Y106.7056 Z41.3848 E0.207
G1 X122.9114 Y106.1410 Z41.1878 E0.2101
G1 X123.7797 Y105.7110 Z41.0508 E0.204
G1 X124.7119 Y105.5646 Z41.0552 E0.5113
G1 X125.6748 Y105.7076 Z41.2066 E0.2054
G1 X126.6270 Y105.9954 Z41.4187 E0.212
G1 X127.5509 Y106.3182 Z41.6277 E0.2085
G1 X128.4450 Y106.6731 Z41.8393 E0.2052
G1 X129.3089 Y107.0619 Z42.0518 E0.2023 F240
;---
G1 E-1.5
G4 P1500 ;ms dwell, no motion
G1 E1.5
;---
G1 X130.1768 Y107.1458 Z42.0579 E0.1817

G1 X131.0899 Y106.9275 Z41.8575 E0.2 F480
G1 X132.0251 Y106.7495 Z41.6612 E0.2025
G1 X132.9824 Y106.6059 Z41.4636 E0.2058
G1 X133.9594 Y106.5042 Z41.2634 E0.2089
G1 X134.9217 Y106.5433 Z41.1275 E0.2026
G1 X135.8038 Y106.8625 Z41.1348 E0.508
G1 X136.5735 Y107.4504 Z41.2836 E0.2041
G1 X137.2654 Y108.1551 Z41.4938 E0.2103
G1 X137.9142 Y108.8811 Z41.7074 E0.2076
G1 X138.5241 Y109.6167 Z41.9175 E0.2037
G1 X139.0903 Y110.3689 Z42.1274 E0.2009 F240
;---
G1 E-1.5
G4 P1500 ;ms dwell, no motion
G1 E1.5
;---
G1 X139.8066 Y110.8572 Z42.1357 E0.1805

G1 X140.7059 Y111.1049 Z41.9371 E0.1986 F480
G1 X141.6054 Y111.3977 Z41.7386 E0.2013
G1 X142.5084 Y111.7304 Z41.5394 E0.2046
G1 X143.4075 Y112.1101 Z41.3432 E0.2073
G1 X144.2281 Y112.6048 Z41.2049 E0.2015
G1 X144.8432 Y113.3048 Z41.2094 E0.5044
G1 X145.2321 Y114.1855 Z41.3621 E0.203
G1 X145.4969 Y115.1312 Z41.5728 E0.2091
G1 X145.7153 Y116.0731 Z41.7829 E0.206
G1 X145.8924 Y117.0069 Z41.9939 E0.2027
G1 X146.0274 Y117.9324 Z42.2071 E0.1997 F240
;---
G1 E-1.5
G4 P1500 ;ms dwell, no motion
G1 E1.5
;---
G1 X146.4172 Y118.7005 Z42.2127 E0.1793

G1 X147.0795 Y119.3480 Z42.0122 E0.1973 F480
G1 X147.7253 Y120.0331 Z41.8167 E0.2001
G1 X148.3510 Y120.7559 Z41.6178 E0.2033
G1 X148.9543 Y121.5162 Z41.4183 E0.2063
G1 X149.4296 Y122.3403 Z41.2822 E0.2
G1 X149.6300 Y123.2449 Z41.2894 E0.5014
G1 X149.5496 Y124.1976 Z41.4384 E0.2014
G1 X149.3244 Y125.1484 Z41.6487 E0.208
G1 X149.0658 Y126.0734 Z41.8618 E0.2048
G1 X148.7695 Y126.9717 Z42.0729 E0.2017
G1 X148.4471 Y127.8422 Z42.2815 E0.198 F240
;---
G1 E-1.5
G4 P1500 ;ms dwell, no motion
G1 E1.5
;---
G1 X148.4189 Y128.6979 Z42.2901 E0.1782

G1 X148.6833 Y129.5789 Z42.093 E0.1958 F480
G1 X148.9200 Y130.4849 Z41.8925 E0.1993
G1 X149.1163 Y131.4135 Z41.695 E0.2018
G1 X149.2807 Y132.3652 Z41.4975 E0.2052
G1 X149.2998 Y133.3106 Z41.3602 E0.1988
G1 X149.0416 Y134.1946 Z41.365 E0.4983
G1 X148.5151 Y134.9857 Z41.5165 E0.2003
G1 X147.8624 Y135.7056 Z41.7283 E0.207
G1 X147.1949 Y136.3877 Z41.9368 E0.2033
G1 X146.5078 Y137.0290 Z42.1501 E0.2006
G1 X145.8090 Y137.6319 Z42.3613 E0.1971 F240
;---
G1 E-1.5
G4 P1500 ;ms dwell, no motion
G1 E1.5
;---
G1 X145.3743 Y138.3637 Z42.3667 E0.1772

G1 X145.1845 Y139.2587 Z42.1684 E0.1949 F480
G1 X144.9553 Y140.1598 Z41.971 E0.1979
G1 X144.6830 Y141.0636 Z41.7733 E0.2008
G1 X144.3695 Y141.9707 Z41.5722 E0.2042
G1 X143.9344 Y142.8043 Z41.4374 E0.1977
G1 X143.2862 Y143.4504 Z41.4443 E0.4954
G1 X142.4475 Y143.8865 Z41.5923 E0.1993
G1 X141.5354 Y144.2020 Z41.8045 E0.2058
G1 X140.6261 Y144.4745 Z42.0161 E0.2025
G1 X139.7220 Y144.7057 Z42.2273 E0.1992
G1 X138.8223 Y144.8931 Z42.437 E0.1963 F240
;---
G1 E-1.5
G4 P1500 ;ms dwell, no motion
G1 E1.5
;---
G1 X138.0936 Y145.3222 Z42.4459 E0.1761

G1 X137.5015 Y146.0140 Z42.2472 E0.1941 F480
G1 X136.8688 Y146.6862 Z42.0469 E0.1967
G1 X136.2002 Y147.3460 Z41.8498 E0.1999
G1 X135.4922 Y147.9840 Z41.652 E0.2028
G1 X134.7146 Y148.5036 Z41.5142 E0.1969
G1 X133.8409 Y148.7559 Z41.5197 E0.4925
G1 X132.9010 Y148.7314 Z41.6714 E0.1984
G1 X131.9559 Y148.5720 Z41.8824 E0.2045
G1 X131.0330 Y148.3713 Z42.0921 E0.2015
G1 X130.1352 Y148.1422 Z42.3046 E0.1981
G1 X129.2620 Y147.8757 Z42.5175 E0.1953 F240
;---
G1 E-1.5
G4 P1500 ;ms dwell, no motion
G1 E1.5
;---
G1 X128.4219 Y147.9008 Z42.5226 E0.1751

G1 X127.5748 Y148.2183 Z42.323 E0.193 F480
G1 X126.7017 Y148.5009 Z42.1271 E0.1955
G1 X125.8033 Y148.7553 Z41.9273 E0.199
G1 X124.8815 Y148.9710 Z41.7277 E0.2017
G1 X123.9557 Y149.0521 Z41.5918 E0.1957
G1 X123.0733 Y148.8532 Z41.5985 E0.4902
G1 X122.2666 Y148.3826 Z41.7476 E0.1972
G1 X121.5201 Y147.7905 Z41.959 E0.2035
G1 X120.8115 Y147.1755 Z42.172 E0.2006
G1 X120.1399 Y146.5440 Z42.3813 E0.1971
G1 X119.5059 Y145.8960 Z42.5927 E0.194 F240
;---
G1 E-1.5
G4 P1500 ;ms dwell, no motion
G1 E1.5
;---
G1 X118.7620 Y145.5157 Z42.601 E0.1742

G1 X117.8737 Y145.3841 Z42.4014 E0.1918 F480
G1 X116.9770 Y145.2142 Z42.2018 E0.1948
G1 X116.0740 Y145.0038 Z42.0043 E0.1977
G1 X115.1664 Y144.7519 Z41.8075 E0.2007
G1 X114.3231 Y144.3765 Z41.6687 E0.1946
G1 X113.6502 Y143.7810 Z41.675 E0.4872
G1 X113.1705 Y142.9871 Z41.8265 E0.196
G1 X112.8059 Y142.1118 Z42.0368 E0.2026
G1 X112.4814 Y141.2388 Z42.2466 E0.1991
G1 X112.2015 Y140.3651 Z42.4607 E0.1965
G1 X111.9564 Y139.4996 Z42.6716 E0.1927 F240
;---
G1 E-1.5
G4 P1500 ;ms dwell, no motion
G1 E1.5
;---
G1 X111.4908 Y138.8119 Z42.6764 E0.1732

G1 X110.7824 Y138.2702 Z42.4795 E0.1905 F480
G1 X110.0808 Y137.6942 Z42.2813 E0.1938
G1 X109.3979 Y137.0772 Z42.0828 E0.1964
G1 X108.7252 Y136.4246 Z41.8824 E0.2
G1 X108.1706 Y135.6937 Z41.7476 E0.1934
G1 X107.8694 Y134.8530 Z41.7541 E0.4844
G1 X107.8321 Y133.9317 Z41.9015 E0.1948
G1 X107.9346 Y132.9943 Z42.1151 E0.2017
G1 X108.0691 Y132.0789 Z42.3261 E0.198
G1 X108.2417 Y131.1845 Z42.5373 E0.1951
G1 X108.4446 Y130.3129 Z42.7474 E0.1918 F240
;---
G1 E-1.5
G4 P1500 ;ms dwell, no motion
G1 E1.5
;---
G1 X108.3680 Y129.4909 Z42.7553 E0.1722

G1 X108.0087 Y128.6803 Z42.5573 E0.1895 F480
G1 X107.6761 Y127.8422 Z42.3558 E0.1928
G1 X107.3747 Y126.9775 Z42.1605 E0.1953
G1 X107.1032 Y126.0873 Z41.9616 E0.1986
G1 X106.9687 Y125.1852 Z41.8235 E0.1924
G1 X107.1090 Y124.3084 Z41.8302 E0.4816
G1 X107.5192 Y123.4886 Z41.9807 E0.1938
G1 X108.0553 Y122.7210 Z42.1922 E0.2003
G1 X108.6138 Y121.9888 Z42.4015 E0.197
G1 X109.1892 Y121.2910 Z42.6153 E0.1939
G1 X109.7869 Y120.6306 Z42.8274 E0.191 F240
;---
G1 E-1.5
G4 P1500 ;ms dwell, no motion
G1 E1.5
;---
G1 X110.1139 Y119.8782 Z42.8319 E0.1711

G1 X110.1856 Y118.9983 Z42.6342 E0.1887 F480
G1 X110.3007 Y118.1111 Z42.4366 E0.1911
G1 X110.4492 Y117.2122 Z42.237 E0.1946
G1 X110.6417 Y116.3084 Z42.0375 E0.1972
G1 X110.9544 Y115.4568 Z41.902 E0.1913
G1 X111.4965 Y114.7604 Z41.9082 E0.4786
G1 X112.2486 Y114.2447 Z42.0563 E0.1927
G1 X113.0806 Y113.8306 Z42.2695 E0.1989
G1 X113.9188 Y113.4615 Z42.4823 E0.1961
G1 X114.7527 Y113.1279 Z42.6913 E0.1923
G1 X115.5886 Y112.8371 Z42.9044 E0.1898 F240
;---
G1 E-1.5
G4 P1500 ;ms dwell, no motion
G1 E1.5
;---
G1 X116.2334 Y112.3382 Z42.912 E0.17

G1 X116.7185 Y111.6080 Z42.7113 E0.1875 F480
G1 X117.2436 Y110.8902 Z42.5122 E0.19
G1 X117.8036 Y110.1791 Z42.3149 E0.1932
G1 X118.4043 Y109.4847 Z42.1175 E0.1958
G1 X119.0848 Y108.8928 Z41.9772 E0.1903
G1 X119.8899 Y108.5460 Z41.9847 E0.4752
G1 X120.7917 Y108.4555 Z42.1367 E0.1916
G1 X121.7151 Y108.4941 Z42.3463 E0.1976
G1 X122.6213 Y108.5717 Z42.5578 E0.1946
G1 X123.5076 Y108.6823 Z42.7697 E0.1913
G1 X124.3739 Y108.8264 Z42.9823 E0.1883 F240
;---
G1 E-1.5
G4 P1500 ;ms dwell, no motion
G1 E1.5
;---
G1 X125.1749 Y108.7009 Z42.9867 E0.1689

G1 X125.9476 Y108.3007 Z42.7889 E0.186 F480
G1 X126.7483 Y107.9242 Z42.5918 E0.1889
G1 X127.5771 Y107.5762 Z42.391 E0.1919
G1 X128.4328 Y107.2565 Z42.1934 E0.1948
G1 X129.3083 Y107.0708 Z42.0572 E0.1886
G1 X130.1759 Y107.1545 Z42.0633 E0.4721
G1 X131.0049 Y107.5035 Z42.2114 E0.1899
G1 X131.7900 Y107.9823 Z42.4245 E0.1967
G1 X132.5428 Y108.4803 Z42.6365 E0.1932
G1 X133.2609 Y109.0044 Z42.8471 E0.1903
G1 X133.9481 Y109.5406 Z43.0589 E0.1868 F240
;---
G1 E-1.5
G4 P1500 ;ms dwell, no motion
G1 E1.5
;---
G1 X134.7059 Y109.8146 Z43.0662 E0.1678

G1 X135.5691 Y109.8390 Z42.8677 E0.1845 F480
G1 X136.4478 Y109.8930 Z42.667 E0.1881
G1 X137.3347 Y109.9896 Z42.4712 E0.1902
G1 X138.2343 Y110.1185 Z42.2716 E0.1938
G1 X139.0858 Y110.3760 Z42.1327 E0.1875
G1 X139.8018 Y110.8641 Z42.1409 E0.4691
G1 X140.3563 Y111.5654 Z42.291 E0.1888
G1 X140.8104 Y112.3586 Z42.5022 E0.1953
G1 X141.2282 Y113.1523 Z42.7124 E0.1918
G1 X141.6049 Y113.9510 Z42.9264 E0.1892
G1 X141.9453 Y114.7482 Z43.1364 E0.1857 F240
;---
G1 E-1.5
G4 P1500 ;ms dwell, no motion
G1 E1.5
;---
G1 X142.4735 Y115.3503 Z43.1411 E0.1667

G1 X143.2161 Y115.7835 Z42.9455 E0.1835 F480
G1 X143.9529 Y116.2529 Z42.7459 E0.1866
G1 X144.6804 Y116.7605 Z42.5468 E0.1893
G1 X145.4003 Y117.3050 Z42.3479 E0.1924
G1 X146.0200 Y117.9364 Z42.2123 E0.1863
G1 X146.4097 Y118.7042 Z42.2179 E0.4659
G1 X146.5553 Y119.5814 Z42.366 E0.1877
G1 X146.5738 Y120.4890 Z42.5803 E0.1942
G1 X146.5551 Y121.3811 Z42.791 E0.1908
G1 X146.5038 Y122.2559 Z43.0015 E0.1876
G1 X146.4148 Y123.1146 Z43.2155 E0.1851 F240
;---
G1 E-1.5
G4 P1500 ;ms dwell, no motion
G1 E1.5
;---
G1 X146.5872 Y123.8917 Z43.2229 E0.1657

G1 X147.0297 Y124.6237 Z43.0218 E0.1829 F480
G1 X147.4418 Y125.3864 Z42.823 E0.1851
G1 X147.8364 Y126.1766 Z42.6256 E0.1884
G1 X148.1988 Y126.9957 Z42.4263 E0.191
G1 X148.4387 Y127.8422 Z42.2867 E0.1854
G1 X148.4105 Y128.6975 Z42.2953 E0.4631
G1 X148.1142 Y129.5311 Z42.4466 E0.1868
G1 X147.6997 Y130.3306 Z42.6561 E0.1925
G1 X147.2543 Y131.0988 Z42.8692 E0.19
G1 X146.7939 Y131.8366 Z43.0806 E0.1863
G1 X146.3075 Y132.5421 Z43.2934 E0.1837 F240
;---
G1 E-1.5
G4 P1500 ;ms dwell, no motion
G1 E1.5
;---
G1 X146.0856 Y133.3023 Z43.2983 E0.1648

G1 X146.1178 Y134.1509 Z43.0998 E0.1815 F480
G1 X146.1120 Y135.0125 Z42.9024 E0.184
G1 X146.0754 Y135.8892 Z42.7006 E0.1874
G1 X145.9983 Y136.7761 Z42.5045 E0.1898
G1 X145.8016 Y137.6279 Z42.3665 E0.1842
G1 X145.3671 Y138.3593 Z42.3719 E0.4604
G1 X144.7118 Y138.9447 Z42.5226 E0.1856
G1 X143.9672 Y139.4419 Z42.7346 E0.1915
G1 X143.2140 Y139.8992 Z42.9473 E0.1887
G1 X142.4568 Y140.3197 Z43.1558 E0.1854
G1 X141.6986 Y140.7048 Z43.3706 E0.1826 F240
;---
G1 E-1.5
G4 P1500 ;ms dwell, no motion
G1 E1.5
;---
G1 X141.1417 Y141.2605 Z43.3774 E0.1638

G1 X140.7596 Y142.0113 Z43.1764 E0.1803 F480
G1 X140.3437 Y142.7617 Z42.9787 E0.1833
G1 X139.8904 Y143.5052 Z42.7799 E0.186
G1 X139.4000 Y144.2422 Z42.5817 E0.1889
G1 X138.8178 Y144.8860 Z42.4423 E0.183
G1 X138.0893 Y145.3149 Z42.4513 E0.4577
G1 X137.2408 Y145.5151 Z42.6013 E0.1843
G1 X136.3522 Y145.5881 Z42.8109 E0.1908
G1 X135.4788 Y145.6303 Z43.0238 E0.1874
G1 X134.6174 Y145.6318 Z43.2377 E0.1849
G1 X133.7740 Y145.6078 Z43.4474 E0.1811 F240
;---
G1 E-1.5
G4 P1500 ;ms dwell, no motion
G1 E1.5
;---
G1 X133.0223 Y145.8250 Z43.453 E0.163

G1 X132.3292 Y146.2938 Z43.257 E0.179 F480
G1 X131.6082 Y146.7490 Z43.0565 E0.1825
G1 X130.8565 Y147.1755 Z42.8566 E0.1848
G1 X130.0766 Y147.5854 Z42.6589 E0.1881
G1 X129.2614 Y147.8676 Z42.5227 E0.182
G1 X128.4217 Y147.8927 Z42.5278 E0.4551
G1 X127.5864 Y147.6599 Z42.6772 E0.1834
G1 X126.7773 Y147.2988 Z42.8914 E0.19
G1 X125.9966 Y146.9177 Z43.1013 E0.1863
G1 X125.2449 Y146.5094 Z43.3126 E0.1836
G1 X124.5218 Y146.0831 Z43.525 E0.1804 F240
;---
G1 E-1.5
G4 P1500 ;ms dwell, no motion
G1 E1.5
;---
G1 X123.7632 Y145.9125 Z43.5317 E0.1621

G1 X122.9347 Y145.9904 Z43.3326 E0.1783 F480
G1 X122.0893 Y146.0380 Z43.1332 E0.1813
G1 X121.2296 Y146.0514 Z42.9365 E0.1839
G1 X120.3551 Y146.0321 Z42.7357 E0.1871
G1 X119.5093 Y145.8887 Z42.5979 E0.1811
G1 X118.7657 Y145.5085 Z42.6062 E0.4527
G1 X118.1505 Y144.9045 Z42.7554 E0.1825
G1 X117.6175 Y144.2050 Z42.9662 E0.1886
G1 X117.1213 Y143.4966 Z43.1789 E0.1857
G1 X116.6592 Y142.7852 Z43.3921 E0.1824
G1 X116.2365 Y142.0641 Z43.6041 E0.1798 F240
;---
G1 E-1.5
G4 P1500 ;ms dwell, no motion
G1 E1.5
;---
G1 X115.6568 Y141.5519 Z43.6104 E0.1613

G1 X114.8950 Y141.2260 Z43.4113 E0.1777 F480
G1 X114.1405 Y140.8587 Z43.2127 E0.1798
G1 X113.3822 Y140.4612 Z43.0112 E0.1835
G1 X112.6334 Y140.0227 Z42.8144 E0.1856
G1 X111.9630 Y139.4948 Z42.6768 E0.1803
G1 X111.4975 Y138.8074 Z42.6817 E0.4502
G1 X111.2536 Y137.9849 Z42.8335 E0.1817
G1 X111.1198 Y137.1230 Z43.0457 E0.1873
G1 X111.0282 Y136.2682 Z43.2582 E0.1847
G1 X110.9640 Y135.4276 Z43.4671 E0.1812
G1 X110.9376 Y134.5981 Z43.6829 E0.1789 F240
;---
G1 E-1.5
G4 P1500 ;ms dwell, no motion
G1 E1.5
;---
G1 X110.6779 Y133.8751 Z43.6893 E0.1603

G1 X110.1742 Y133.2247 Z43.4864 E0.1768 F480
G1 X109.6916 Y132.5431 Z43.2905 E0.179
G1 X109.2239 Y131.8335 Z43.0907 E0.1822
G1 X108.7822 Y131.0932 Z42.8921 E0.1846
G1 X108.4527 Y130.3118 Z42.7526 E0.1793
G1 X108.3762 Y129.4902 Z42.7605 E0.4476
G1 X108.5548 Y128.6575 Z42.9119 E0.1805
G1 X108.8527 Y127.8422 Z43.1203 E0.1862
G1 X109.1783 Y127.0531 Z43.3357 E0.1837
G1 X109.5268 Y126.2909 Z43.5465 E0.1803
G1 X109.8970 Y125.5554 Z43.7588 E0.1774 F240
;---
G1 E-1.5
G4 P1500 ;ms dwell, no motion
G1 E1.5
;---
G1 X110.0173 Y124.8001 Z43.7656 E0.1595

G1 X109.8948 Y123.9935 Z43.5663 E0.1752 F480
G1 X109.7980 Y123.1685 Z43.3676 E0.1782
G1 X109.7355 Y122.3273 Z43.1662 E0.1809
G1 X109.7023 Y121.4696 Z42.9701 E0.1837
G1 X109.7945 Y120.6336 Z42.8328 E0.1778
G1 X110.1212 Y119.8815 Z42.8372 E0.4447
G1 X110.6709 Y119.2391 Z42.9888 E0.1792
G1 X111.3238 Y118.6736 Z43.2015 E0.1856
G1 X111.9806 Y118.1398 Z43.4122 E0.1819
G1 X112.6522 Y117.6437 Z43.6249 E0.1797
G1 X113.3224 Y117.1772 Z43.8372 E0.176 F240
;---
G1 E-1.5
G4 P1500 ;ms dwell, no motion
G1 E1.5
;---
G1 X113.7886 Y116.5773 Z43.8434 E0.1585

G1 X114.0711 Y115.8179 Z43.6437 E0.174 F480
G1 X114.3815 Y115.0521 Z43.4449 E0.1773
G1 X114.7319 Y114.2919 Z43.2477 E0.1794
G1 X115.1128 Y113.5280 Z43.0461 E0.1829
G1 X115.5936 Y112.8431 Z42.9096 E0.1768
G1 X116.2381 Y112.3444 Z42.9172 E0.4418
G1 X117.0248 Y112.0489 Z43.0659 E0.178
G1 X117.8640 Y111.8678 Z43.2775 E0.1844
G1 X118.6915 Y111.7168 Z43.4901 E0.1809
G1 X119.5117 Y111.6031 Z43.7039 E0.1783
G1 X120.3207 Y111.5200 Z43.9129 E0.175 F240
;---
G1 E-1.5
G4 P1500 ;ms dwell, no motion
G1 E1.5
;---
G1 X121.0144 Y111.2202 Z43.9202 E0.1575

G1 X121.6232 Y110.6915 Z43.7233 E0.173 F480
G1 X122.2619 Y110.1776 Z43.5217 E0.176
G1 X122.9312 Y109.6813 Z43.3233 E0.1785
G1 X123.6293 Y109.2015 Z43.1244 E0.1814
G1 X124.3754 Y108.8341 Z42.9875 E0.1757
G1 X125.1760 Y108.7086 Z42.9919 E0.4391
G1 X126.0031 Y108.8292 Z43.1433 E0.1771
G1 X126.8204 Y109.0693 Z43.357 E0.183
G1 X127.6137 Y109.3383 Z43.5672 E0.18
G1 X128.3833 Y109.6261 Z43.7799 E0.1768
G1 X129.1276 Y109.9445 Z43.9954 E0.1745 F240
;---
G1 E-1.5
G4 P1500 ;ms dwell, no motion
G1 E1.5
;---
G1 X129.8749 Y110.0156 Z44.0014 E0.1564

G1 X130.6594 Y109.8436 Z43.7981 E0.1726 F480
G1 X131.4610 Y109.7079 Z43.6021 E0.1742
G1 X132.2820 Y109.5918 Z43.402 E0.1777
G1 X133.1186 Y109.5142 Z43.2014 E0.1799
G1 X133.9457 Y109.5481 Z43.0641 E0.1748
G1 X134.7032 Y109.8219 Z43.0714 E0.4362
G1 X135.3643 Y110.3263 Z43.2223 E0.176
G1 X135.9636 Y110.9222 Z43.4323 E0.1814
G1 X136.5263 Y111.5361 Z43.6479 E0.1792
G1 X137.0595 Y112.1532 Z43.858 E0.1754
G1 X137.5574 Y112.7840 Z44.0706 E0.1731 F240
;---
G1 E-1.5
G4 P1500 ;ms dwell, no motion
G1 E1.5
;---
G1 X138.1757 Y113.2041 Z44.0787 E0.1556

G1 X138.9387 Y113.4329 Z43.8776 E0.1711 F480
G1 X139.7020 Y113.6981 Z43.6791 E0.1732
G1 X140.4712 Y113.9933 Z43.4778 E0.1766
G1 X141.2373 Y114.3263 Z43.2816 E0.1787
G1 X141.9396 Y114.7535 Z43.1416 E0.1736
G1 X142.4675 Y115.3555 Z43.1464 E0.4334
G1 X142.8056 Y116.1089 Z43.3005 E0.1749
G1 X143.0412 Y116.9152 Z43.5111 E0.1803
G1 X143.2401 Y117.7173 Z43.7235 E0.1776
G1 X143.4072 Y118.5124 Z43.935 E0.1748
G1 X143.5445 Y119.2974 Z44.15 E0.1718 F240
;---
G1 E-1.5
G4 P1500 ;ms dwell, no motion
G1 E1.5
;---
G1 X143.8811 Y119.9592 Z44.1558 E0.1545

G1 X144.4298 Y120.5281 Z43.9543 E0.1698 F480
G1 X144.9722 Y121.1232 Z43.7571 E0.1725
G1 X145.4960 Y121.7499 Z43.5566 E0.1751
G1 X146.0059 Y122.4061 Z43.3567 E0.1779
G1 X146.4073 Y123.1166 Z43.2209 E0.1722
G1 X146.5798 Y123.8932 Z43.2282 E0.4305
G1 X146.5185 Y124.7101 Z43.3769 E0.1733
G1 X146.3332 Y125.5266 Z43.589 E0.1798
G1 X146.1295 Y126.3200 Z43.8022 E0.1762
G1 X145.8920 Y127.0921 Z44.0162 E0.1739
G1 X145.6399 Y127.8422 Z44.2247 E0.1703 F240
;---
G1 E-1.5
G4 P1500 ;ms dwell, no motion
G1 E1.5
;---
G1 X145.6168 Y128.5806 Z44.2331 E0.1538

G1 X145.8205 Y129.3384 Z44.036 E0.1684 F480
G1 X146.0064 Y130.1165 Z43.833 E0.1718
G1 X146.1584 Y130.9136 Z43.6357 E0.1738
G1 X146.2904 Y131.7296 Z43.4359 E0.177
G1 X146.3003 Y132.5402 Z43.2986 E0.1711
G1 X146.0785 Y133.3002 Z43.3035 E0.4284
G1 X145.6332 Y133.9822 Z43.4548 E0.1725
G1 X145.0832 Y134.6051 Z43.6687 E0.1786
G1 X144.5249 Y135.1987 Z43.8774 E0.1751
G1 X143.9523 Y135.7607 Z44.0931 E0.1729
G1 X143.3726 Y136.2925 Z44.3044 E0.1696 F240
;---
G1 E-1.5
G4 P1500 ;ms dwell, no motion
G1 E1.5
;---
G1 X142.9976 Y136.9239 Z44.3102 E0.1529

G1 X142.8135 Y137.6837 Z44.1115 E0.1679 F480
G1 X142.5993 Y138.4482 Z43.9115 E0.1704
G1 X142.3517 Y139.2157 Z43.7138 E0.1729
G1 X142.0716 Y139.9872 Z43.5108 E0.176
G1 X141.6932 Y140.6997 Z43.3758 E0.1703
G1 X141.1365 Y141.2552 Z43.3827 E0.4257
G1 X140.4203 Y141.6346 Z43.531 E0.1716
G1 X139.6454 Y141.9177 Z43.745 E0.1775
G1 X138.8729 Y142.1648 Z43.9581 E0.1746
G1 X138.1092 Y142.3848 Z44.1703 E0.1713
G1 X137.3460 Y142.5673 Z44.3834 E0.1693 F240
;---
G1 E-1.5
G4 P1500 ;ms dwell, no motion
G1 E1.5
;---
G1 X136.7174 Y142.9391 Z44.3925 E0.1521

G1 X136.1954 Y143.5154 Z44.1902 E0.1673 F480
G1 X135.6389 Y144.0718 Z43.9901 E0.1691
G1 X135.0566 Y144.6262 Z43.7903 E0.1726
G1 X134.4413 Y145.1582 Z43.5926 E0.1744
G1 X133.7717 Y145.6007 Z43.4526 E0.1697
G1 X133.0203 Y145.8179 Z43.4582 E0.4236
G1 X132.2140 Y145.8027 Z43.6124 E0.171
G1 X131.4051 Y145.6839 Z43.8228 E0.1759
G1 X130.6135 Y145.5293 Z44.0354 E0.1738
G1 X129.8424 Y145.3580 Z44.2476 E0.1704
G1 X129.0909 Y145.1565 Z44.4636 E0.1682 F240
;---
G1 E-1.5
G4 P1500 ;ms dwell, no motion
G1 E1.5
;---
G1 X128.3652 Y145.1790 Z44.4688 E0.1513

G1 X127.6330 Y145.4258 Z44.2661 E0.1665 F480
G1 X126.8813 Y145.6455 Z44.0701 E0.1682
G1 X126.1094 Y145.8455 Z43.8678 E0.1715
G1 X125.3180 Y146.0140 Z43.6684 E0.1737
G1 X124.5232 Y146.0758 Z43.5303 E0.1686
G1 X123.7649 Y145.9052 Z43.5369 E0.4212
G1 X123.0690 Y145.5098 Z43.6882 E0.1698
G1 X122.4209 Y145.0172 Z43.8995 E0.1753
G1 X121.8034 Y144.5085 Z44.1149 E0.1727
G1 X121.2154 Y143.9865 Z44.3254 E0.1697
G1 X120.6536 Y143.4564 Z44.5389 E0.1671 F240
;---
G1 E-1.5
G4 P1500 ;ms dwell, no motion
G1 E1.5
;---
G1 X120.0097 Y143.1288 Z44.547 E0.1506

G1 X119.2582 Y142.9863 Z44.3466 E0.1648 F480
G1 X118.4961 Y142.8208 Z44.145 E0.168
G1 X117.7304 Y142.6200 Z43.9458 E0.1702
G1 X116.9584 Y142.3910 Z43.7479 E0.1729
G1 X116.2412 Y142.0585 Z43.6094 E0.1674
G1 X115.6616 Y141.5465 Z43.6157 E0.4193
G1 X115.2401 Y140.8737 Z43.7669 E0.1686
G1 X114.9153 Y140.1312 Z43.98 E0.1747
G1 X114.6155 Y139.3966 Z44.1898 E0.1712
G1 X114.3533 Y138.6592 Z44.407 E0.1694
G1 X114.1140 Y137.9321 Z44.6177 E0.1656 F240
;---
G1 E-1.5
G4 P1500 ;ms dwell, no motion
G1 E1.5
;---
G1 X113.7106 Y137.3375 Z44.6226 E0.1499

G1 X113.1248 Y136.8513 Z44.4257 E0.164 F480
G1 X112.5411 Y136.3416 Z44.2243 E0.167
G1 X111.9744 Y135.7986 Z44.026 E0.1689
G1 X111.4108 Y135.2286 Z43.823 E0.1725
G1 X110.9441 Y134.5955 Z43.6881 E0.1665
G1 X110.6846 Y133.8728 Z43.6945 E0.4165
G1 X110.6408 Y133.0839 Z43.8421 E0.1677
G1 X110.7096 Y132.2816 Z44.0581 E0.1739
G1 X110.8003 Y131.4985 Z44.2691 E0.1703
G1 X110.9207 Y130.7317 Z44.4835 E0.168
G1 X111.0633 Y129.9817 Z44.6943 E0.1652 F240
;---
G1 E-1.5
G4 P1500 ;ms dwell, no motion
G1 E1.5
;---
G1 X110.9952 Y129.2702 Z44.7018 E0.1491

G1 X110.7159 Y128.5670 Z44.5034 E0.1632 F480
G1 X110.4586 Y127.8422 Z44.2996 E0.166
G1 X110.2217 Y127.0967 Z44.1035 E0.1682
G1 X110.0080 Y126.3313 Z43.9021 E0.1711
G1 X109.9040 Y125.5563 Z43.764 E0.1657
G1 X110.0242 Y124.8013 Z43.7708 E0.4147
G1 X110.3648 Y124.0934 Z43.9213 E0.1669
G1 X110.8045 Y123.4271 Z44.1353 E0.1724
G1 X111.2638 Y122.7886 Z44.3468 E0.1699
G1 X111.7277 Y122.1749 Z44.5614 E0.1666
G1 X112.2137 Y121.5916 Z44.7778 E0.1647 F240
;---
G1 E-1.5
G4 P1500 ;ms dwell, no motion
G1 E1.5
;---
G1 X112.4961 Y120.9392 Z44.7822 E0.1483

G1 X112.5870 Y120.1900 Z44.5803 E0.163 F480
G1 X112.7157 Y119.4388 Z44.3834 E0.1642
G1 X112.8636 Y118.6747 Z44.18 E0.1678
G1 X113.0512 Y117.9089 Z43.9805 E0.1696
G1 X113.3281 Y117.1813 Z43.8424 E0.1649
G1 X113.7942 Y116.5817 Z43.8486 E0.4118
G1 X114.4330 Y116.1302 Z43.9996 E0.1661
G1 X115.1303 Y115.7552 Z44.2125 E0.171
G1 X115.8343 Y115.4176 Z44.4284 E0.1689
G1 X116.5319 Y115.1044 Z44.6375 E0.1653
G1 X117.2324 Y114.8237 Z44.8544 E0.1637 F240
;---
G1 E-1.5
G4 P1500 ;ms dwell, no motion
G1 E1.5
;---
G1 X117.7906 Y114.3897 Z44.8618 E0.1474

G1 X118.2319 Y113.7859 Z44.6575 E0.1617 F480
G1 X118.7045 Y113.1919 Z44.4585 E0.1636
G1 X119.2018 Y112.6005 Z44.2579 E0.1665
G1 X119.7313 Y112.0231 Z44.0605 E0.1684
G1 X120.3238 Y111.5265 Z43.9182 E0.1639
G1 X121.0172 Y111.2268 Z43.9256 E0.4095
G1 X121.7878 Y111.1340 Z44.0797 E0.165
G1 X122.5755 Y111.1432 Z44.2894 E0.1699
G1 X123.3501 Y111.1810 Z44.5041 E0.1677
G1 X124.1088 Y111.2448 Z44.7172 E0.1648
G1 X124.8511 Y111.3286 Z44.9321 E0.162 F240
;---
G1 E-1.5
G4 P1500 ;ms dwell, no motion
G1 E1.5
;---
G1 X125.5465 Y111.2187 Z44.9368 E0.1467

G1 X126.2224 Y110.9125 Z44.7383 E0.16 F480
G1 X126.9176 Y110.6157 Z44.5378 E0.163
G1 X127.6347 Y110.3472 Z44.3357 E0.165
G1 X128.3737 Y110.0938 Z44.1364 E0.168
G1 X129.1272 Y109.9512 Z44.0008 E0.1623
G1 X129.8742 Y110.0222 Z44.0067 E0.4064
G1 X130.5914 Y110.3046 Z44.1546 E0.1635
G1 X131.2729 Y110.6943 Z44.3711 E0.1696
G1 X131.9307 Y111.0894 Z44.5826 E0.1658
G1 X132.5610 Y111.5100 Z44.7974 E0.164
G1 X133.1708 Y111.9339 Z45.0088 E0.1608 F240
;---
G1 E-1.5
G4 P1500 ;ms dwell, no motion
G1 E1.5
;---
G1 X133.8297 Y112.1705 Z45.016 E0.1458

G1 X134.5639 Y112.2295 Z44.8177 E0.1589 F480
G1 X135.3119 Y112.3076 Z44.6132 E0.1623
G1 X136.0645 Y112.4196 Z44.4173 E0.1636
G1 X136.8287 Y112.5528 Z44.2146 E0.167
G1 X137.5539 Y112.7896 Z44.0759 E0.1614
G1 X138.1719 Y113.2095 Z44.0839 E0.4045
G1 X138.6608 Y113.7991 Z44.2339 E0.1625
G1 X139.0699 Y114.4620 Z44.4484 E0.1682
G1 X139.4542 Y115.1231 Z44.6587 E0.1651
G1 X139.8070 Y115.7871 Z44.8762 E0.1629
G1 X140.1326 Y116.4499 Z45.0871 E0.1599 F240
;---
G1 E-1.5
G4 P1500 ;ms dwell, no motion
G1 E1.5
;---
G1 X140.5923 Y116.9742 Z45.093 E0.1451

G1 X141.2083 Y117.3750 Z44.8953 E0.1584 F480
G1 X141.8175 Y117.8042 Z44.6922 E0.1608
G1 X142.4203 Y118.2618 Z44.493 E0.1629
G1 X143.0184 Y118.7479 Z44.2911 E0.1659
G1 X143.5387 Y119.3006 Z44.1553 E0.1605
G1 X143.8752 Y119.9621 Z44.161 E0.4017
G1 X144.0164 Y120.7121 Z44.3098 E0.1619
G1 X144.0624 Y121.4834 Z44.5263 E0.167
G1 X144.0754 Y122.2445 Z44.7407 E0.1645
G1 X144.0729 Y122.9895 Z44.9515 E0.1611
G1 X144.0370 Y123.7255 Z45.1706 E0.16 F240
;---
G1 E-1.5
G4 P1500 ;ms dwell, no motion
G1 E1.5
;---
G1 X144.1891 Y124.4014 Z45.1777 E0.1442

G1 X144.5339 Y125.0455 Z44.9717 E0.158 F480
G1 X144.8507 Y125.7142 Z44.7733 E0.1594
G1 X145.1617 Y126.4013 Z44.5716 E0.1625
G1 X145.4412 Y127.1110 Z44.3729 E0.164
G1 X145.6333 Y127.8422 Z44.2299 E0.1601
G1 X145.6102 Y128.5803 Z44.2383 E0.3996
G1 X145.3722 Y129.3007 Z44.3931 E0.1612
G1 X145.0483 Y129.9953 Z44.6023 E0.1654
G1 X144.6980 Y130.6668 Z44.8193 E0.164
G1 X144.3409 Y131.3153 Z45.0305 E0.1602
G1 X143.9626 Y131.9398 Z45.248 E0.1586 F240
;---
G1 E-1.5
G4 P1500 ;ms dwell, no motion
G1 E1.5
;---
G1 X143.7701 Y132.6035 Z45.2532 E0.1438

G1 X143.7567 Y133.3289 Z45.0497 E0.1568 F480
G1 X143.7137 Y134.0628 Z44.8523 E0.1584
G1 X143.6492 Y134.8087 Z44.6469 E0.1616
G1 X143.5535 Y135.5628 Z44.4506 E0.1634
G1 X143.3667 Y136.2893 Z44.3097 E0.1589
G1 X142.9917 Y136.9203 Z44.3156 E0.3972
G1 X142.4441 Y137.4385 Z44.4688 E0.1601
G1 X141.8285 Y137.8882 Z44.6808 E0.1647
G1 X141.2068 Y138.3081 Z44.8971 E0.1625
G1 X140.5797 Y138.6993 Z45.1087 E0.16
G1 X139.9578 Y139.0704 Z45.3252 E0.1574 F240
;---
G1 E-1.5
G4 P1500 ;ms dwell, no motion
G1 E1.5
;---
G1 X139.4731 Y139.5564 Z45.332 E0.1429

G1 X139.1056 Y140.1737 Z45.1306 E0.1553 F480
G1 X138.7190 Y140.7982 Z44.9286 E0.1586
G1 X138.3007 Y141.4110 Z44.7284 E0.16
G1 X137.8589 Y142.0246 Z44.5278 E0.1629
G1 X137.3426 Y142.5619 Z44.3888 E0.1578
G1 X136.7143 Y142.9337 Z44.3978 E0.3953
G1 X135.9931 Y143.1284 Z44.5474 E0.1587
G1 X135.2384 Y143.2203 Z44.7611 E0.1644
G1 X134.4980 Y143.2977 Z44.9737 E0.1612
G1 X133.7651 Y143.3399 Z45.1923 E0.1595
G1 X133.0466 Y143.3682 Z45.4021 E0.156 F240
;---
G1 E-1.5
G4 P1500 ;ms dwell, no motion
G1 E1.5
;---
G1 X132.3893 Y143.5595 Z45.4078 E0.1426

G1 X131.7726 Y143.9214 Z45.2116 E0.1545 F480
G1 X131.1366 Y144.2762 Z45.0064 E0.1576
G1 X130.4772 Y144.6058 Z44.8069 E0.1591
G1 X129.7971 Y144.9285 Z44.605 E0.1624
G1 X129.0905 Y145.1503 Z44.4688 E0.1569
G1 X128.3650 Y145.1728 Z44.474 E0.3932
G1 X127.6419 Y144.9959 Z44.6234 E0.1582
G1 X126.9395 Y144.7200 Z44.8412 E0.1637
G1 X126.2581 Y144.4319 Z45.0513 E0.1603
G1 X125.5971 Y144.1228 Z45.2674 E0.1586
G1 X124.9569 Y143.8012 Z45.481 E0.1558 F240
;---
G1 E-1.5
G4 P1500 ;ms dwell, no motion
G1 E1.5
;---
G1 X124.2933 Y143.6532 Z45.4882 E0.1417

G1 X123.5816 Y143.6751 Z45.2874 E0.1542 F480
G1 X122.8577 Y143.6720 Z45.084 E0.1567
G1 X122.1239 Y143.6466 Z44.8863 E0.1585
G1 X121.3797 Y143.5955 Z44.6821 E0.1613
G1 X120.6562 Y143.4508 Z44.5442 E0.1565
G1 X120.0126 Y143.1233 Z44.5522 E0.3915
G1 X119.4689 Y142.6214 Z44.7021 E0.1574
G1 X118.9858 Y142.0493 Z44.9163 E0.1624
G1 X118.5318 Y141.4667 Z45.1336 E0.1605
G1 X118.0974 Y140.8905 Z45.3466 E0.1569
G1 X117.6959 Y140.3007 Z45.565 E0.1556 F240
;---
G1 E-1.5
G4 P1500 ;ms dwell, no motion
G1 E1.5
;---
G1 X117.1861 Y139.8528 Z45.5713 E0.1415

G1 X116.5535 Y139.5324 Z45.3658 E0.154 F480
G1 X115.9313 Y139.1775 Z45.1679 E0.155
G1 X115.3013 Y138.8045 Z44.9613 E0.1586
G1 X114.6834 Y138.3976 Z44.765 E0.1596
G1 X114.1190 Y137.9285 Z44.6229 E0.1559
G1 X113.7157 Y137.3341 Z44.6279 E0.3896
G1 X113.4836 Y136.6339 Z44.7838 E0.1573
G1 X113.3297 Y135.9081 Z44.9955 E0.161
G1 X113.2104 Y135.1852 Z45.2129 E0.1594
G1 X113.1073 Y134.4730 Z45.4221 E0.1563
G1 X113.0321 Y133.7687 Z45.6433 E0.1548 F240
;---
G1 E-1.5
G4 P1500 ;ms dwell, no motion
G1 E1.5
;---
G1 X112.8027 Y133.1354 Z45.6497 E0.1405

G1 X112.4129 Y132.5491 Z45.4417 E0.1531 F480
G1 X112.0377 Y131.9405 Z45.2452 E0.1547
G1 X111.6728 Y131.3130 Z45.0405 E0.1573
G1 X111.3295 Y130.6626 Z44.8421 E0.1589
G1 X111.0697 Y129.9808 Z44.6997 E0.1551
G1 X111.0017 Y129.2696 Z44.7073 E0.3875
G1 X111.1281 Y128.5498 Z44.8618 E0.1559
G1 X111.3454 Y127.8422 Z45.0713 E0.1605
G1 X111.5791 Y127.1535 Z45.2902 E0.1585
G1 X111.8347 Y126.4848 Z45.5052 E0.1559
G1 X112.0972 Y125.8337 Z45.7194 E0.1531 F240
;---
G1 E-1.5
G4 P1500 ;ms dwell, no motion
G1 E1.5
;---
G1 X112.2010 Y125.1691 Z45.7261 E0.1403

G1 X112.1526 Y124.4734 Z45.5277 E0.1512 F480
G1 X112.1120 Y123.7629 Z45.3223 E0.1545
G1 X112.1058 Y123.0427 Z45.1198 E0.1561
G1 X112.1125 Y122.3088 Z44.92 E0.1587
G1 X112.2191 Y121.5938 Z44.7831 E0.1535
G1 X112.5013 Y120.9416 Z44.7875 E0.3854
G1 X112.9502 Y120.3703 Z44.9387 E0.1548
G1 X113.4812 Y119.8596 Z45.157 E0.1603
G1 X114.0075 Y119.3677 Z45.3669 E0.1565
G1 X114.5507 Y118.9046 Z45.5857 E0.1557
G1 X115.0878 Y118.4596 Z45.7976 E0.152 F240
;---
G1 E-1.5
G4 P1500 ;ms dwell, no motion
G1 E1.5
;---
G1 X115.4963 Y117.9311 Z45.8039 E0.1393

G1 X115.7897 Y117.3014 Z45.6045 E0.1507 F480
G1 X116.0990 Y116.6646 Z45.3995 E0.1537
G1 X116.4396 Y116.0358 Z45.2023 E0.1547
G1 X116.7997 Y115.4020 Z44.996 E0.158
G1 X117.2360 Y114.8280 Z44.8596 E0.153
G1 X117.7941 Y114.3943 Z44.867 E0.3832
G1 X118.4591 Y114.1130 Z45.0158 E0.1537
G1 X119.1649 Y113.9173 Z45.2324 E0.1593
G1 X119.8600 Y113.7403 Z45.4447 E0.156
G1 X120.5509 Y113.5910 Z45.6643 E0.1543
G1 X121.2357 Y113.4655 Z45.8768 E0.1517 F240
;---
G1 E-1.5
G4 P1500 ;ms dwell, no motion
G1 E1.5
;---
G1 X121.8469 Y113.1994 Z45.8845 E0.1389

G1 X122.4020 Y112.7857 Z45.6837 E0.1503 F480
G1 X122.9798 Y112.3884 Z45.4779 E0.1523
G1 X123.5791 Y112.0004 Z45.2781 E0.1545
G1 X124.1982 Y111.6261 Z45.0745 E0.1567
G1 X124.8522 Y111.3342 Z44.9373 E0.152
G1 X125.5473 Y111.2243 Z44.942 E0.3813
G1 X126.2631 Y111.2996 Z45.0944 E0.1533
G1 X126.9706 Y111.4584 Z45.3116 E0.1577
G1 X127.6616 Y111.6446 Z45.5278 E0.1557
G1 X128.3375 Y111.8338 Z45.7404 E0.1528
G1 X128.9951 Y112.0516 Z45.9632 E0.1516 F240
;---
G1 E-1.5
G4 P1500 ;ms dwell, no motion
G1 E1.5
;---
G1 X129.6542 Y112.1123 Z45.9693 E0.1379

G1 X130.3383 Y112.0196 Z45.7589 E0.1503 F480
G1 X131.0321 Y111.9575 Z45.563 E0.1507
G1 X131.7397 Y111.9034 Z45.3565 E0.154
G1 X132.4564 Y111.8845 Z45.1565 E0.155
G1 X133.1690 Y111.9393 Z45.014 E0.1518
G1 X133.8278 Y112.1759 Z45.0212 E0.379
G1 X134.4138 Y112.5865 Z45.1773 E0.1525
G1 X134.9587 Y113.0587 Z45.3871 E0.1564
G1 X135.4753 Y113.5468 Z45.6083 E0.155
G1 X135.9730 Y114.0345 Z45.8185 E0.1516
G1 X136.4457 Y114.5352 Z46.0387 E0.1505 F240
;---
G1 E-1.5
G4 P1500 ;ms dwell, no motion
G1 E1.5
;---
G1 X136.9941 Y114.9046 Z46.0463 E0.1377

G1 X137.6305 Y115.1564 Z45.8381 E0.149 F480
G1 X138.2648 Y115.4349 Z45.6397 E0.15
G1 X138.9045 Y115.7339 Z45.4328 E0.1532
G1 X139.5398 Y116.0599 Z45.2362 E0.1542
G1 X140.1281 Y116.4541 Z45.0926 E0.1504
G1 X140.5878 Y116.9781 Z45.0986 E0.3772
G1 X140.9107 Y117.6110 Z45.2551 E0.1515
G1 X141.1577 Y118.2834 Z45.4661 E0.1555
G1 X141.3793 Y118.9531 Z45.6842 E0.1537
G1 X141.5758 Y119.6220 Z45.9014 E0.1519
G1 X141.7601 Y120.2784 Z46.1176 E0.1489 F240
;---
G1 E-1.5
G4 P1500 ;ms dwell, no motion
G1 E1.5
;---
G1 X142.0597 Y120.8630 Z46.1234 E0.1367

G1 X142.4827 Y121.3954 Z45.922 E0.1475 F480
G1 X142.9093 Y121.9401 Z45.7175 E0.1502
G1 X143.3122 Y122.5101 Z45.5168 E0.1511
G1 X143.7145 Y123.0976 Z45.3116 E0.1542
G1 X144.0319 Y123.7268 Z45.1759 E0.1494
G1 X144.1840 Y124.4024 Z45.183 E0.3747
G1 X144.1668 Y125.1075 Z45.3315 E0.15
G1 X144.0553 Y125.8148 Z45.55 E0.1558
G1 X143.9391 Y126.5040 Z45.7626 E0.152
G1 X143.7927 Y127.1798 Z45.9839 E0.1511
G1 X143.6400 Y127.8422 Z46.193 E0.148 F240
;---
G1 E-1.5
G4 P1500 ;ms dwell, no motion
G1 E1.5
;---
G1 X143.6225 Y128.4973 Z46.2007 E0.1364

G1 X143.7363 Y129.1633 Z46.0035 E0.1465 F480
G1 X143.8399 Y129.8424 Z45.7937 E0.1495
G1 X143.9160 Y130.5347 Z45.5964 E0.1506
G1 X143.9821 Y131.2390 Z45.3904 E0.1534
G1 X143.9575 Y131.9385 Z45.2532 E0.1484
G1 X143.7651 Y132.6020 Z45.2584 E0.3738
G1 X143.4123 Y133.2090 Z45.4094 E0.1495
G1 X142.9826 Y133.7733 Z45.6292 E0.1545
G1 X142.5478 Y134.3181 Z45.839 E0.1515
G1 X142.1037 Y134.8433 Z46.0608 E0.1504
G1 X141.6509 Y135.3460 Z46.2761 E0.1477 F240
;---
G1 E-1.5
G4 P1500 ;ms dwell, no motion
G1 E1.5
;---
G1 X141.3192 Y135.9069 Z46.2837 E0.1356

G1 X141.1019 Y136.5471 Z46.0794 E0.147 F480
G1 X140.8599 Y137.1846 Z45.8739 E0.1482
G1 X140.5974 Y137.8251 Z45.6742 E0.15
G1 X140.3087 Y138.4654 Z45.4672 E0.1524
G1 X139.9540 Y139.0668 Z45.3304 E0.1481
G1 X139.4695 Y139.5527 Z45.3372 E0.3714
G1 X138.8674 Y139.9092 Z45.4883 E0.149
G1 X138.2274 Y140.2042 Z45.7056 E0.1536
G1 X137.5843 Y140.4673 Z45.9271 E0.1518
G1 X136.9529 Y140.7207 Z46.1379 E0.1483
G1 X136.3145 Y140.9424 Z46.3605 E0.1481 F240
;---
G1 E-1.5
G4 P1500 ;ms dwell, no motion
G1 E1.5
;---
G1 X135.7570 Y141.2761 Z46.3689 E0.1353

G1 X135.2611 Y141.7280 Z46.1577 E0.1465 F480
G1 X134.7394 Y142.1592 Z45.9584 E0.1469
G1 X134.2025 Y142.5951 Z45.7509 E0.1504
G1 X133.6414 Y143.0073 Z45.5538 E0.1507
G1 X133.0450 Y143.3632 Z45.4073 E0.1478
G1 X132.3879 Y143.5544 Z45.413 E0.3706
G1 X131.6920 Y143.5779 Z45.573 E0.1488
G1 X130.9952 Y143.5340 Z45.7833 E0.1519
G1 X130.3082 Y143.4604 Z46.0035 E0.1511
G1 X129.6341 Y143.3799 Z46.2153 E0.1482
G1 X128.9727 Y143.2760 Z46.4398 E0.1471 F240
;---
G1 E-1.5
G4 P1500 ;ms dwell, no motion
G1 E1.5
;---
G1 X128.3262 Y143.2981 Z46.4453 E0.1348

G1 X127.6740 Y143.4455 Z46.2348 E0.1461 F480
G1 X127.0116 Y143.5745 Z46.0376 E0.1465
G1 X126.3363 Y143.6893 Z45.8284 E0.1493
G1 X125.6478 Y143.7793 Z45.6292 E0.1505
G1 X124.9579 Y143.7956 Z45.4868 E0.1468
G1 X124.2946 Y143.6475 Z45.4942 E0.3682
G1 X123.6744 Y143.3428 Z45.6489 E0.1476
G1 X123.0864 Y142.9677 Z45.8615 E0.152
G1 X122.5191 Y142.5839 Z46.0824 E0.15
G1 X121.9737 Y142.1836 Z46.3013 E0.1481
G1 X121.4389 Y141.7864 Z46.5156 E0.1459 F240
;---
G1 E-1.5
G4 P1500 ;ms dwell, no motion
G1 E1.5
;---
G1 X120.8628 Y141.4966 Z46.5232 E0.1345

G1 X120.2310 Y141.3019 Z46.3244 E0.1439 F480
G1 X119.5885 Y141.0999 Z46.1129 E0.1472
G1 X118.9497 Y140.8652 Z45.9136 E0.1478
G1 X118.3025 Y140.6203 Z45.7083 E0.1505
G1 X117.6989 Y140.2970 Z45.5704 E0.1456
G1 X117.1892 Y139.8493 Z45.5766 E0.3678
G1 X116.7893 Y139.2916 Z45.7273 E0.1466
G1 X116.4603 Y138.6809 Z45.9484 E0.1518
G1 X116.1420 Y138.0788 Z46.1578 E0.1486
G1 X115.8523 Y137.4708 Z46.3834 E0.1481
G1 X115.5750 Y136.8708 Z46.5939 E0.1447 F240
;---
G1 E-1.5
G4 P1500 ;ms dwell, no motion
G1 E1.5
;---
G1 X115.2128 Y136.3399 Z46.5996 E0.134

G1 X114.7526 Y135.8650 Z46.4022 E0.144 F480
G1 X114.2940 Y135.3779 Z46.1918 E0.1463
G1 X113.8522 Y134.8668 Z45.9937 E0.1469
G1 X113.4098 Y134.3382 Z45.7838 E0.1503
G1 X113.0364 Y133.7670 Z45.6485 E0.1451
G1 X112.8071 Y133.1338 Z45.6549 E0.3652
G1 X112.7275 Y132.4542 Z45.803 E0.1461
G1 X112.7249 Y131.7639 Z46.0258 E0.1513
G1 X112.7359 Y131.0871 Z46.237 E0.1479
G1 X112.7684 Y130.4196 Z46.4599 E0.147
G1 X112.8197 Y129.7593 Z46.6778 E0.1453 F240
;---
G1 E-1.5
G4 P1500 ;ms dwell, no motion
G1 E1.5
;---
G1 X112.7569 Y129.1221 Z46.687 E0.1335

G1 X112.5782 Y128.4892 Z46.4797 E0.1439 F480
G1 X112.4252 Y127.8422 Z46.2721 E0.1452
G1 X112.2787 Y127.1827 Z46.0711 E0.147
G1 X112.1538 Y126.5116 Z45.8635 E0.1489
G1 X112.1018 Y125.8343 Z45.7246 E0.1446
G1 X112.2056 Y125.1699 Z45.7313 E0.3647
G1 X112.4645 Y124.5396 Z45.8852 E0.1457
G1 X112.7835 Y123.9355 Z46.1029 E0.1496
G1 X113.1249 Y123.3501 Z46.3236 E0.1486
G1 X113.4601 Y122.7780 Z46.5377 E0.1454
G1 X113.8184 Y122.2272 Z46.7647 E0.145 F240
;---
G1 E-1.5
G4 P1500 ;ms dwell, no motion
G1 E1.5
;---
G1 X114.0701 Y121.6405 Z46.7697 E0.1332

G1 X114.2215 Y121.0010 Z46.5566 E0.1441 F480
G1 X114.4027 Y120.3662 Z46.3598 E0.1437
G1 X114.5926 Y119.7223 Z46.1477 E0.1469
G1 X114.8160 Y119.0808 Z45.9488 E0.1476
G1 X115.0916 Y118.4624 Z45.8028 E0.1445
G1 X115.5000 Y117.9340 Z45.8091 E0.3621
G1 X116.0292 Y117.5082 Z45.9678 E0.1455
G1 X116.5928 Y117.1281 Z46.1801 E0.1485
G1 X117.1650 Y116.7767 Z46.4047 E0.1477
G1 X117.7333 Y116.4394 Z46.6146 E0.1446
G1 X118.3068 Y116.1217 Z46.8414 E0.1446 F240
;---
G1 E-1.5
G4 P1500 ;ms dwell, no motion
G1 E1.5
;---
G1 X118.8072 Y115.7289 Z46.8484 E0.1327

G1 X119.2510 Y115.2529 Z46.6348 E0.1428 F480
G1 X119.7155 Y114.7844 Z46.4353 E0.1437
G1 X120.1941 Y114.3187 Z46.2256 E0.1459
G1 X120.6947 Y113.8662 Z46.028 E0.1466
G1 X121.2379 Y113.4701 Z45.8827 E0.1433
G1 X121.8489 Y113.2042 Z45.8906 E0.361
G1 X122.5094 Y113.0745 Z46.0472 E0.1441
G1 X123.1840 Y113.0176 Z46.2596 E0.1479
G1 X123.8516 Y112.9755 Z46.4807 E0.1468
G1 X124.5110 Y112.9587 Z46.7054 E0.1451
G1 X125.1589 Y112.9433 Z46.9189 E0.1422 F240
;---
G1 E-1.5
G4 P1500 ;ms dwell, no motion
G1 E1.5
;---
G1 X125.7860 Y112.8421 Z46.9241 E0.1324

G1 X126.4055 Y112.6507 Z46.7266 E0.1412 F480
G1 X127.0335 Y112.4585 Z46.514 E0.1439
G1 X127.6751 Y112.2971 Z46.3123 E0.144
G1 X128.3313 Y112.1360 Z46.1042 E0.1473
G1 X128.9949 Y112.0557 Z45.9685 E0.1421
G1 X129.6538 Y112.1163 Z45.9745 E0.3584
G1 X130.2945 Y112.3165 Z46.1226 E0.1432
G1 X130.9112 Y112.5916 Z46.3481 E0.1483
G1 X131.5141 Y112.8648 Z46.5588 E0.1447
G1 X132.0993 Y113.1619 Z46.7847 E0.1446
G1 X132.6758 Y113.4588 Z46.9959 E0.1421 F240
;---
G1 E-1.5
G4 P1500 ;ms dwell, no motion
G1 E1.5
;---
G1 X133.2723 Y113.6696 Z47.0027 E0.1318

G1 X133.9030 Y113.8008 Z46.8046 E0.1404 F480
G1 X134.5425 Y113.9437 Z46.5901 E0.1436
G1 X135.1808 Y114.1103 Z46.3936 E0.1433
G1 X135.8260 Y114.2891 Z46.1821 E0.1462
G1 X136.4435 Y114.5387 Z46.0439 E0.1416
G1 X136.9917 Y114.9080 Z46.0516 E0.3579
G1 X137.4542 Y115.3886 Z46.2015 E0.1423
G1 X137.8638 Y115.9193 Z46.4249 E0.1471
G1 X138.2594 Y116.4508 Z46.637 E0.1448
G1 X138.6360 Y116.9829 Z46.8629 E0.1436
G1 X138.9908 Y117.5217 Z47.0842 E0.1418 F240
;---
G1 E-1.5
G4 P1500 ;ms dwell, no motion
G1 E1.5
;---
G1 X139.4102 Y117.9947 Z47.0906 E0.1315

G1 X139.9048 Y118.4084 Z46.8821 E0.1411 F480
G1 X140.3840 Y118.8454 Z46.6746 E0.1416
G1 X140.8634 Y119.2957 Z46.4696 E0.1434
G1 X141.3336 Y119.7688 Z46.2616 E0.1454
G1 X141.7565 Y120.2803 Z46.1228 E0.1412
G1 X142.0560 Y120.8648 Z46.1286 E0.3554
G1 X142.2240 Y121.5106 Z46.2835 E0.1425
G1 X142.3403 Y122.1654 Z46.5026 E0.1458
G1 X142.4258 Y122.8186 Z46.729 E0.1449
G1 X142.5093 Y123.4612 Z46.9388 E0.1418
G1 X142.5665 Y124.1034 Z47.17 E0.1425 F240
;---
G1 E-1.5
G4 P1500 ;ms dwell, no motion
G1 E1.5
;---
G1 X142.7077 Y124.7162 Z47.1768 E0.1309

G1 X142.9339 Y125.3157 Z46.9587 E0.1409 F480
G1 X143.1364 Y125.9312 Z46.7608 E0.141
G1 X143.3389 Y126.5545 Z46.5478 E0.1434
G1 X143.5123 Y127.1915 Z46.3498 E0.1434
G1 X143.6358 Y127.8422 Z46.1983 E0.1414
G1 X143.6184 Y128.4971 Z46.206 E0.3545
G1 X143.4589 Y129.1399 Z46.3694 E0.142
G1 X143.2492 Y129.7676 Z46.579 E0.1445
G1 X143.0181 Y130.3831 Z46.8063 E0.1448
G1 X142.7839 Y130.9844 Z47.0173 E0.1413
G1 X142.5335 Y131.5725 Z47.2472 E0.1414 F240
;---
G1 E-1.5
G4 P1500 ;ms dwell, no motion
G1 E1.5
;---
G1 X142.3604 Y132.1784 Z47.253 E0.1311

G1 X142.2623 Y132.8088 Z47.0377 E0.1401 F480
G1 X142.1459 Y133.4419 Z46.839 E0.1402
G1 X142.0126 Y134.0796 Z46.625 E0.1427
G1 X141.8598 Y134.7224 Z46.427 E0.1436
G1 X141.6466 Y135.3436 Z46.2827 E0.1399
G1 X141.3153 Y135.9045 Z46.29 E0.3523
G1 X140.8769 Y136.3978 Z46.4454 E0.1411
G1 X140.3916 Y136.8445 Z46.6602 E0.1444
G1 X139.9040 Y137.2753 Z46.8839 E0.1432
G1 X139.4041 Y137.6844 Z47.1079 E0.1422
G1 X138.9130 Y138.0897 Z47.3244 E0.14 F240
;---
G1 E-1.5
G4 P1500 ;ms dwell, no motion
G1 E1.5
;---
G1 X138.4732 Y138.5352 Z47.331 E0.1303

G1 X138.0750 Y139.0284 Z47.1311 E0.1383 F480
G1 X137.6697 Y139.5305 Z46.9156 E0.1416
G1 X137.2401 Y140.0139 Z46.7173 E0.1408
G1 X136.8025 Y140.5041 Z46.5041 E0.1439
G1 X136.3126 Y140.9394 Z46.3658 E0.1394
G1 X135.7553 Y141.2731 Z46.3741 E0.3517
G1 X135.1401 Y141.4963 Z46.5236 E0.1398
G1 X134.5002 Y141.6506 Z46.7488 E0.1448
G1 X133.8692 Y141.8029 Z46.9607 E0.1422
G1 X133.2400 Y141.9280 Z47.1914 E0.142
G1 X132.6173 Y142.0454 Z47.4017 E0.139 F240
;---
G1 E-1.5
G4 P1500 ;ms dwell, no motion
G1 E1.5
;---
G1 X132.0157 Y142.2230 Z47.4084 E0.1306

G1 X131.4309 Y142.4652 Z47.2106 E0.1381 F480
G1 X130.8363 Y142.7001 Z46.9932 E0.1407
G1 X130.2276 Y142.9142 Z46.7944 E0.1407
G1 X129.6074 Y143.1263 Z46.5814 E0.1436
G1 X128.9724 Y143.2725 Z46.445 E0.1387
G1 X128.3261 Y143.2945 Z46.4505 E0.3504
G1 X127.6792 Y143.1934 Z46.6002 E0.14
G1 X127.0457 Y143.0311 Z46.8279 E0.1443
G1 X126.4238 Y142.8589 Z47.04 E0.1415
G1 X125.8108 Y142.6740 Z47.2673 E0.1416
G1 X125.2098 Y142.4739 Z47.4946 E0.1401 F240
;---
G1 E-1.5
G4 P1500 ;ms dwell, no motion
G1 E1.5
;---
G1 X124.6011 Y142.3415 Z47.5038 E0.1297

G1 X123.9729 Y142.2751 Z47.287 E0.1392 F480
G1 X123.3415 Y142.1814 Z47.0802 E0.1397
G1 X122.7054 Y142.0830 Z46.873 E0.141
G1 X122.0683 Y141.9586 Z46.6628 E0.1422
G1 X121.4404 Y141.7832 Z46.5208 E0.1391
G1 X120.8645 Y141.4934 Z46.5284 E0.3495
G1 X120.3530 Y141.0907 Z46.6873 E0.1396
G1 X119.8712 Y140.6547 Z46.9036 E0.1428
G1 X119.4099 Y140.2025 Z47.1342 E0.143
G1 X118.9567 Y139.7585 Z47.3456 E0.1394
G1 X118.5253 Y139.2988 Z47.579 E0.1402 F240
;---
G1 E-1.5
G4 P1500 ;ms dwell, no motion
G1 E1.5
;---
G1 X118.0536 Y138.8887 Z47.5853 E0.1303

G1 X117.5403 Y138.5245 Z47.3648 E0.1391 F480
G1 X117.0394 Y138.1373 Z47.1673 E0.1383
G1 X116.5337 Y137.7407 Z46.9487 E0.1416
G1 X116.0412 Y137.3211 Z46.7523 E0.141
G1 X115.5779 Y136.8688 Z46.5991 E0.1388
G1 X115.2158 Y136.3379 Z46.6049 E0.3484
G1 X114.9568 Y135.7413 Z46.771 E0.14
G1 X114.7407 Y135.1323 Z46.9821 E0.1418
G1 X114.5496 Y134.5208 Z47.2122 E0.142
G1 X114.3682 Y133.9112 Z47.424 E0.1398
G1 X114.2000 Y133.3061 Z47.6566 E0.1397 F240
;---
G1 E-1.5
G4 P1500 ;ms dwell, no motion
G1 E1.5
;---
G1 X113.9855 Y132.7236 Z47.663 E0.1295

G1 X113.7249 Y132.1533 Z47.4463 E0.1383 F480
G1 X113.4683 Y131.5728 Z47.2444 E0.1389
G1 X113.2249 Y130.9832 Z47.0277 E0.1406
G1 X112.9975 Y130.3809 Z46.8291 E0.1405
G1 X112.8236 Y129.7588 Z46.6841 E0.138
G1 X112.7610 Y129.1217 Z46.6939 E0.347
G1 X112.8079 Y128.4796 Z46.8486 E0.1381
G1 X112.9181 Y127.8422 Z47.0655 E0.1422
G1 X113.0300 Y127.2141 Z47.2894 E0.1411
G1 X113.1667 Y126.5968 Z47.5216 E0.1404
G1 X113.3001 Y125.9862 Z47.7332 E0.1377 F240
;---
G1 E-1.5
G4 P1500 ;ms dwell, no motion
G1 E1.5
;---
G1 X113.3928 Y125.3702 Z47.7398 E0.1299

G1 X113.4462 Y124.7483 Z47.5423 E0.1366 F480
G1 X113.5014 Y124.1200 Z47.3215 E0.1394
G1 X113.5867 Y123.4894 Z47.1198 E0.1391
G1 X113.6711 Y122.8514 Z46.9067 E0.1414
G1 X113.8211 Y122.2282 Z46.7699 E0.1367
G1 X114.0727 Y121.6417 Z46.775 E0.3462
G1 X114.4196 Y121.0993 Z46.9255 E0.1379
G1 X114.8184 Y120.5948 Z47.1563 E0.1425
G1 X115.2133 Y120.0984 Z47.3663 E0.1394
G1 X115.6243 Y119.6174 Z47.5998 E0.1407
G1 X116.0329 Y119.1461 Z47.811 E0.1373 F240
;---
G1 E-1.5
G4 P1500 ;ms dwell, no motion
G1 E1.5
;---
G1 X116.4088 Y118.6547 Z47.8176 E0.129

G1 X116.7569 Y118.1365 Z47.6188 E0.1366 F480
G1 X117.1140 Y117.6173 Z47.3988 E0.1392
G1 X117.4897 Y117.1082 Z47.2014 E0.1382
G1 X117.8765 Y116.5987 Z46.9833 E0.141
G1 X118.3086 Y116.1240 Z46.8466 E0.1369
G1 X118.8090 Y115.7312 Z46.8536 E0.3449
G1 X119.3717 Y115.4266 Z47.0029 E0.137
G1 X119.9603 Y115.1699 Z47.2323 E0.1422
G1 X120.5445 Y114.9252 Z47.4467 E0.1394
G1 X121.1271 Y114.6937 Z47.6775 E0.1393
G1 X121.7141 Y114.4829 Z47.906 E0.1382 F240
;---
G1 E-1.5
G4 P1500 ;ms dwell, no motion
G1 E1.5
;---
G1 X122.2813 Y114.2317 Z47.9159 E0.1292

G1 X122.8318 Y113.9414 Z47.6969 E0.1375 F480
G1 X123.3972 Y113.6747 Z47.4899 E0.1371
G1 X123.9718 Y113.4053 Z47.2777 E0.1395
G1 X124.5573 Y113.1561 Z47.0675 E0.1396
G1 X125.1594 Y112.9462 Z46.9241 E0.1362
G1 X125.7864 Y112.8450 Z46.9294 E0.3441
G1 X126.4268 Y112.8533 Z47.0933 E0.1376
G1 X127.0610 Y112.8961 Z47.3105 E0.14
G1 X127.6888 Y112.9664 Z47.5427 E0.1402
G1 X128.3128 Y113.0340 Z47.7542 E0.138
G1 X128.9279 Y113.1216 Z47.9921 E0.1386 F240
;---
G1 E-1.5
G4 P1500 ;ms dwell, no motion
G1 E1.5
;---
G1 X129.5423 Y113.1748 Z47.9984 E0.1285

G1 X130.1647 Y113.1967 Z47.7734 E0.1379 F480
G1 X130.7883 Y113.2364 Z47.5765 E0.1365
G1 X131.4163 Y113.2817 Z47.3556 E0.139
G1 X132.0456 Y113.3540 Z47.1566 E0.1383
G1 X132.6749 Y113.4616 Z47.0012 E0.1368
G1 X133.2712 Y113.6724 Z47.0079 E0.3425
G1 X133.8266 Y113.9825 Z47.1768 E0.1371
G1 X134.3635 Y114.3246 Z47.3871 E0.1396
G1 X134.8842 Y114.6778 Z47.6216 E0.1398
G1 X135.3945 Y115.0360 Z47.8329 E0.1371
G1 X135.8951 Y115.4023 Z48.0687 E0.1382 F240
;---
G1 E-1.5
G4 P1500 ;ms dwell, no motion
G1 E1.5
;---
G1 X136.4105 Y115.7447 Z48.0755 E0.1289

G1 X136.9374 Y116.0693 Z47.8553 E0.1367 F480
G1 X137.4626 Y116.4039 Z47.6534 E0.1363
G1 X137.9850 Y116.7559 Z47.435 E0.1388
G1 X138.5029 Y117.1189 Z47.2352 E0.1381
G1 X138.9883 Y117.5240 Z47.0912 E0.1349
G1 X139.4080 Y117.9966 Z47.0969 E0.3418
G1 X139.7575 Y118.5253 Z47.2542 E0.1359
G1 X140.0584 Y119.0820 Z47.4745 E0.1393
G1 X140.3524 Y119.6348 Z47.6981 E0.1384
G1 X140.6274 Y120.1969 Z47.933 E0.139
G1 X140.9005 Y120.7510 Z48.1463 E0.136 F240
;---
G1 E-1.5
G4 P1500 ;ms dwell, no motion
G1 E1.5
;---
G1 X141.1840 Y121.2973 Z48.1526 E0.1281

G1 X141.4816 Y121.8415 Z47.953 E0.1356 F480
G1 X141.7809 Y122.3871 Z47.7308 E0.1375
G1 X142.0569 Y122.9470 Z47.5324 E0.1363
G1 X142.3356 Y123.5135 Z47.3113 E0.1392
G1 X142.5643 Y124.1040 Z47.1753 E0.1348
G1 X142.7054 Y124.7167 Z47.182 E0.3402
G1 X142.7574 Y125.3454 Z47.3309 E0.1349
G1 X142.7565 Y125.9794 Z47.5644 E0.1406
G1 X142.7553 Y126.6036 Z47.7758 E0.1372
G1 X142.7339 Y127.2240 Z48.0129 E0.1383
G1 X142.7033 Y127.8422 Z48.2253 E0.1361 F240
;---
G1 E-1.5
G4 P1500 ;ms dwell, no motion
G1 E1.5
;---
G1 X142.6913 Y128.4586 Z48.2306 E0.1283

G1 X142.6917 Y129.0755 Z48.0323 E0.1348 F480
G1 X142.6788 Y129.6953 Z47.8084 E0.1372
G1 X142.6512 Y130.3211 Z47.6101 E0.1368
G1 X142.6156 Y130.9486 Z47.3895 E0.1386
G1 X142.5312 Y131.5719 Z47.2524 E0.134
G1 X142.3582 Y132.1777 Z47.2582 E0.3409
G1 X142.1027 Y132.7533 Z47.4087 E0.1348
G1 X141.8072 Y133.3078 Z47.6424 E0.1395
G1 X141.5010 Y133.8517 Z47.8601 E0.1374
G1 X141.1950 Y134.3926 Z48.09 E0.1379
G1 X140.8734 Y134.9185 Z48.3265 E0.1373 F240
;---
G1 E-1.5
G4 P1500 ;ms dwell, no motion
G1 E1.5
;---
G1 X140.5651 Y135.4497 Z48.3323 E0.1277

G1 X140.2661 Y135.9923 Z48.1091 E0.1371 F480
G1 X139.9477 Y136.5221 Z47.9053 E0.1353
G1 X139.6270 Y137.0556 Z47.6875 E0.1373
G1 X139.2813 Y137.5784 Z47.4767 E0.1375
G1 X138.9113 Y138.0881 Z47.3296 E0.1346
G1 X138.4715 Y138.5335 Z47.3362 E0.3388
G1 X137.9671 Y138.9086 Z47.5018 E0.1351
G1 X137.4491 Y139.2642 Z47.7192 E0.1384
G1 X136.9232 Y139.5964 Z47.9569 E0.1386
G1 X136.4003 Y139.9250 Z48.1671 E0.1358
G1 X135.8677 Y140.2387 Z48.4071 E0.1381 F240
;---
G1 E-1.5
G4 P1500 ;ms dwell, no motion
G1 E1.5
;---
G1 X135.3424 Y140.5583 Z48.4139 E0.128

G1 X134.8178 Y140.8796 Z48.1866 E0.1366 F480
G1 X134.2823 Y141.1869 Z47.9885 E0.135
G1 X133.7392 Y141.4941 Z47.7644 E0.1381
G1 X133.1857 Y141.7820 Z47.5672 E0.1363
G1 X132.6166 Y142.0431 Z47.4071 E0.1346
G1 X132.0150 Y142.2206 Z47.4139 E0.3396
G1 X131.3958 Y142.3159 Z47.5863 E0.1354
G1 X130.7751 Y142.3786 Z47.7967 E0.1372
G1 X130.1553 Y142.4238 Z48.0336 E0.1385
G1 X129.5372 Y142.4612 Z48.247 E0.1364
G1 X128.9234 Y142.4916 Z48.4846 E0.1373 F240
;---
G1 E-1.5
G4 P1500 ;ms dwell, no motion
G1 E1.5
;---
G1 X128.3101 Y142.5160 Z48.4909 E0.1279

G1 X127.6927 Y142.5328 Z48.2728 E0.1363 F480
G1 X127.0761 Y142.5484 Z48.0664 E0.1355
G1 X126.4570 Y142.5442 Z47.8447 E0.137
G1 X125.8322 Y142.5290 Z47.6435 E0.1368
G1 X125.2102 Y142.4715 Z47.5017 E0.1334
G1 X124.6016 Y142.3394 Z47.5104 E0.3373
G1 X124.0118 Y142.1364 Z47.6628 E0.1338
G1 X123.4364 Y141.8890 Z47.888 E0.1385
G1 X122.8682 Y141.6450 Z48.1113 E0.137
G1 X122.3112 Y141.3815 Z48.3494 E0.1376
G1 X121.7534 Y141.1172 Z48.5616 E0.1361 F240
;---
G1 E-1.5
G4 P1500 ;ms dwell, no motion
G1 E1.5
;---
G1 X121.2032 Y140.8451 Z48.5681 E0.128

G1 X120.6592 Y140.5607 Z48.3704 E0.1345 F480
G1 X120.1156 Y140.2698 Z48.143 E0.137
G1 X119.5780 Y139.9605 Z47.9448 E0.1357
G1 X119.0396 Y139.6494 Z47.7215 E0.1378
G1 X118.5263 Y139.2975 Z47.5842 E0.1329
G1 X118.0547 Y138.8874 Z47.5906 E0.3389
G1 X117.6345 Y138.4283 Z47.7405 E0.1335
G1 X117.2482 Y137.9413 Z47.9778 E0.1388
G1 X116.8664 Y137.4534 Z48.1883 E0.1365
G1 X116.4950 Y136.9613 Z48.4284 E0.138
G1 X116.1350 Y136.4641 Z48.6394 E0.1354 F240
;---
G1 E-1.5
G4 P1500 ;ms dwell, no motion
G1 E1.5
;---
G1 X115.7866 Y135.9592 Z48.6485 E0.1279

G1 X115.4441 Y135.4459 Z48.4477 E0.1353 F480
G1 X115.1153 Y134.9264 Z48.2208 E0.1367
G1 X114.7963 Y134.3984 Z48.0229 E0.1351
G1 X114.4839 Y133.8596 Z47.7986 E0.1381
G1 X114.2015 Y133.3055 Z47.6618 E0.1328
G1 X113.9871 Y132.7231 Z47.6682 E0.3366
G1 X113.8433 Y132.1176 Z47.8189 E0.1335
G1 X113.7273 Y131.5062 Z48.0549 E0.1388
G1 X113.6278 Y130.8976 Z48.2734 E0.1363
G1 X113.5310 Y130.2909 Z48.5055 E0.137
G1 X113.4518 Y129.6791 Z48.7417 E0.1376 F240
;---
G1 E-1.5
G4 P1500 ;ms dwell, no motion
G1 E1.5
;---
G1 X113.3857 Y129.0692 Z48.752 E0.128

G1 X113.3390 Y128.4575 Z48.5248 E0.1365 F480
G1 X113.3143 Y127.8422 Z48.3184 E0.1352
G1 X113.2861 Y127.2247 Z48.1001 E0.1368
G1 X113.2834 Y126.6066 Z47.8913 E0.1359
G1 X113.3017 Y125.9864 Z47.7384 E0.1333
G1 X113.3945 Y125.3705 Z47.745 E0.3378
G1 X113.5602 Y124.7725 Z47.9183 E0.1343
G1 X113.7419 Y124.1819 Z48.1321 E0.1364
G1 X113.9445 Y123.5972 Z48.3709 E0.1383
G1 X114.1460 Y123.0166 Z48.5826 E0.1356
G1 X114.3597 Y122.4416 Z48.8243 E0.1375 F240
;---
G1 E-1.5
G4 P1500 ;ms dwell, no motion
G1 E1.5
;---
G1 X114.5985 Y121.8760 Z48.8307 E0.1281

G1 X114.8617 Y121.3185 Z48.602 E0.1372 F480
G1 X115.1340 Y120.7683 Z48.4047 E0.1345
G1 X115.4161 Y120.2215 Z48.1771 E0.1368
G1 X115.7159 Y119.6782 Z47.979 E0.1358
G1 X116.0343 Y119.1471 Z47.8163 E0.1335
G1 X116.4102 Y118.6558 Z47.8231 E0.3354
G1 X116.8382 Y118.2067 Z47.9981 E0.1344
G1 X117.2812 Y117.7741 Z48.2094 E0.1364
G1 X117.7298 Y117.3535 Z48.4496 E0.1377
G1 X118.1878 Y116.9447 Z48.6656 E0.1356
G1 X118.6474 Y116.5331 Z48.9015 E0.1377 F240
;---
G1 E-1.5
G4 P1500 ;ms dwell, no motion
G1 E1.5
;---
G1 X119.1276 Y116.1509 Z48.9078 E0.128

G1 X119.6314 Y115.8008 Z48.6907 E0.1355 F480
G1 X120.1380 Y115.4497 Z48.4816 E0.1357
G1 X120.6533 Y115.1136 Z48.2587 E0.1363
G1 X121.1735 Y114.7824 Z48.0569 E0.1353
G1 X121.7147 Y114.4842 Z47.9126 E0.1321
G1 X122.2818 Y114.2329 Z47.9224 E0.336
G1 X122.8658 Y114.0329 Z48.076 E0.1326
G1 X123.4611 Y113.8716 Z48.3051 E0.1369
G1 X124.0565 Y113.7080 Z48.5266 E0.1367
G1 X124.6524 Y113.5615 Z48.7676 E0.1374
G1 X125.2497 Y113.4204 Z48.9785 E0.1353 F240
;---
G1 E-1.5
G4 P1500 ;ms dwell, no motion
G1 E1.5
;---
G1 X125.8563 Y113.3189 Z48.9852 E0.1282

G1 X126.4690 Y113.2532 Z48.7872 E0.1349 F480
G1 X127.0799 Y113.1976 Z48.5589 E0.1364
G1 X127.6928 Y113.1601 Z48.3598 E0.1344
G1 X128.3110 Y113.1244 Z48.1337 E0.1374
G1 X128.9278 Y113.1226 Z47.9973 E0.1316
G1 X129.5422 Y113.1758 Z48.0036 E0.334
G1 X130.1519 Y113.2837 Z48.1527 E0.1327
G1 X130.7537 Y113.4183 Z48.3933 E0.1379
G1 X131.3511 Y113.5593 Z48.6038 E0.1352
G1 X131.9459 Y113.7102 Z48.8453 E0.1374
G1 X132.5409 Y113.8748 Z49.0579 E0.1359 F240
;---
G1 E-1.5
G4 P1500 ;ms dwell, no motion
G1 E1.5
;---
G1 X133.1213 Y114.0757 Z49.0635 E0.1279

G1 X133.6870 Y114.3143 Z48.8646 E0.1344 F480
G1 X134.2471 Y114.5721 Z48.6383 E0.1367
G1 X134.8037 Y114.8317 Z48.4385 E0.1345
G1 X135.3544 Y115.1055 Z48.2112 E0.1365
G1 X135.8946 Y115.4031 Z48.0739 E0.1316
G1 X136.4099 Y115.7456 Z48.0807 E0.335
G1 X136.8908 Y116.1307 Z48.2308 E0.132
G1 X137.3570 Y116.5314 Z48.4704 E0.1374
G1 X137.8145 Y116.9455 Z48.6941 E0.1364
G1 X138.2717 Y117.3550 Z48.9223 E0.1363
G1 X138.7167 Y117.7789 Z49.1604 E0.1371 F240
;---
G1 E-1.5
G4 P1500 ;ms dwell, no motion
G1 E1.5
;---
G1 X139.1288 Y118.2376 Z49.1655 E0.1283

G1 X139.5062 Y118.7246 Z48.9416 E0.1364 F480
G1 X139.8667 Y119.2212 Z48.741 E0.1343
G1 X140.2240 Y119.7200 Z48.5155 E0.1361
G1 X140.5669 Y120.2335 Z48.3075 E0.1354
G1 X140.8996 Y120.7515 Z48.1515 E0.1322
G1 X141.1831 Y121.2977 Z48.1578 E0.3331
G1 X141.4187 Y121.8695 Z48.331 E0.1335
G1 X141.6453 Y122.4408 Z48.5476 E0.1356
G1 X141.8549 Y123.0173 Z48.7891 E0.1372
G1 X142.0566 Y123.5977 Z48.9999 E0.1352
G1 X142.2549 Y124.1835 Z49.2398 E0.1381 F240
;---
G1 E-1.5
G4 P1500 ;ms dwell, no motion
G1 E1.5
;---
G1 X142.3971 Y124.7822 Z49.2461 E0.1281

G1 X142.4797 Y125.3922 Z49.0191 E0.1365 F480
G1 X142.5567 Y126.0047 Z48.8214 E0.1349
G1 X142.6214 Y126.6149 Z48.5927 E0.1363
G1 X142.6726 Y127.2265 Z48.3951 E0.1342
G1 X142.7021 Y127.8422 Z48.2311 E0.1326
G1 X142.6902 Y128.4585 Z48.2363 E0.3335
G1 X142.6331 Y129.0705 Z48.4143 E0.1332
G1 X142.5537 Y129.6794 Z48.6258 E0.1351
G1 X142.4698 Y130.2905 Z48.8664 E0.1378
G1 X142.3694 Y130.8963 Z49.0811 E0.1353
G1 X142.2695 Y131.5046 Z49.3169 E0.1374 F240
;---
G1 E-1.5
G4 P1500 ;ms dwell, no motion
G1 E1.5
;---
G1 X142.1032 Y132.1009 Z49.3237 E0.1288

G1 X141.8757 Y132.6743 Z49.1101 E0.1356 F480
G1 X141.6479 Y133.2446 Z48.8986 E0.1352
G1 X141.3980 Y133.8057 Z48.6795 E0.1355
G1 X141.1489 Y134.3698 Z48.4723 E0.1354
G1 X140.8730 Y134.9183 Z48.3329 E0.131
G1 X140.5648 Y135.4495 Z48.3385 E0.3321
G1 X140.2253 Y135.9653 Z48.4913 E0.1324
G1 X139.8660 Y136.4627 Z48.7259 E0.1365
G1 X139.5064 Y136.9599 Z48.9435 E0.1355
G1 X139.1313 Y137.4489 Z49.1818 E0.1374
G1 X138.7501 Y137.9369 Z49.394 E0.1363 F240
;---
G1 E-1.5
G4 P1500 ;ms dwell, no motion
G1 E1.5
;---
G1 X138.3198 Y138.3785 Z49.4003 E0.1284

G1 X137.8436 Y138.7712 Z49.2027 E0.1349 F480
G1 X137.3587 Y139.1551 Z48.9758 E0.1372
G1 X136.8702 Y139.5266 Z48.778 E0.1343
G1 X136.3767 Y139.8910 Z48.5494 E0.1363
G1 X135.8675 Y140.2385 Z48.4123 E0.1315
G1 X135.3423 Y140.5580 Z48.4191 E0.3329
G1 X134.7998 Y140.8451 Z48.5685 E0.1316
G1 X134.2486 Y141.1152 Z48.81 E0.1373
G1 X133.6909 Y141.3795 Z49.0208 E0.1358
G1 X133.1325 Y141.6390 Z49.2606 E0.1376
G1 X132.5638 Y141.8802 Z49.474 E0.1361 F240
;---
G1 E-1.5
G4 P1500 ;ms dwell, no motion
G1 E1.5
;---
G1 X131.9702 Y142.0604 Z49.4832 E0.1291

G1 X131.3633 Y142.1770 Z49.28 E0.1355 F480
G1 X130.7542 Y142.2687 Z49.0538 E0.1367
G1 X130.1455 Y142.3570 Z48.8554 E0.1346
G1 X129.5339 Y142.4305 Z48.627 E0.1369
G1 X128.9234 Y142.4913 Z48.4898 E0.131
G1 X128.3101 Y142.5156 Z48.4962 E0.3325
G1 X127.6932 Y142.5052 Z48.6485 E0.1324
G1 X127.0798 Y142.4895 Z48.8873 E0.1372
G1 X126.4666 Y142.4536 Z49.113 E0.1361
G1 X125.8486 Y142.4174 Z49.3383 E0.1373
G1 X125.2300 Y142.3678 Z49.5742 E0.1383 F240
;---
G1 E-1.5
G4 P1500 ;ms dwell, no motion
G1 E1.5
;---
G1 X124.6245 Y142.2416 Z49.5811 E0.1289

G1 X124.0395 Y142.0373 Z49.3574 E0.1373 F480
G1 X123.4584 Y141.8212 Z49.1564 E0.1357
G1 X122.8847 Y141.6008 Z48.9324 E0.1364
G1 X122.3195 Y141.3617 Z48.7269 E0.1346
G1 X121.7536 Y141.1169 Z48.5669 E0.1328
G1 X121.2034 Y140.8448 Z48.5734 E0.3327
G1 X120.6685 Y140.5445 Z48.7521 E0.1331
G1 X120.1365 Y140.2370 Z48.9646 E0.1356
G1 X119.6064 Y139.9197 Z49.2046 E0.1382
G1 X119.0837 Y139.5913 Z49.4148 E0.136
G1 X118.5606 Y139.2560 Z49.6526 E0.1387 F240
;---
G1 E-1.5
G4 P1500 ;ms dwell, no motion
G1 E1.5
;---
G1 X118.0880 Y138.8505 Z49.6592 E0.1299

G1 X117.6786 Y138.3832 Z49.4342 E0.1378 F480
G1 X117.2752 Y137.9159 Z49.2369 E0.1352
G1 X116.8869 Y137.4358 Z49.0102 E0.1372
G1 X116.5035 Y136.9545 Z48.812 E0.1348
G1 X116.1353 Y136.4639 Z48.645 E0.1326
G1 X115.7869 Y135.9589 Z48.6546 E0.3324
G1 X115.4512 Y135.4416 Z48.8311 E0.1338
G1 X115.1316 Y134.9174 Z49.0417 E0.1354
G1 X114.8137 Y134.3897 Z49.2819 E0.1379
G1 X114.5122 Y133.8471 Z49.5017 E0.1372
G1 X114.2056 Y133.3039 Z49.7294 E0.1385 F240
;---
G1 E-1.5
G4 P1500 ;ms dwell, no motion
G1 E1.5
;---
G1 X113.9873 Y132.7230 Z49.7358 E0.1295

G1 X113.8605 Y132.1124 Z49.527 E0.137 F480
G1 X113.7340 Y131.5045 Z49.3141 E0.1369
G1 X113.6325 Y130.8966 Z49.0954 E0.1363
G1 X113.5317 Y130.2908 Z48.8892 E0.1351
G1 X113.4514 Y129.6791 Z48.748 E0.1319
G1 X113.3853 Y129.0692 Z48.7577 E0.3327
G1 X113.3371 Y128.4576 Z48.9082 E0.1318
G1 X113.3071 Y127.8422 Z49.1406 E0.1371
G1 X113.2755 Y127.2243 Z49.3589 E0.1369
G1 X113.2583 Y126.6045 Z49.5959 E0.1385
G1 X113.2570 Y125.9807 Z49.8071 E0.1374 F240
;---
G1 E-1.5
G4 P1500 ;ms dwell, no motion
G1 E1.5
;---
G1 X113.3459 Y125.3623 Z49.8134 E0.1304

G1 X113.5237 Y124.7647 Z49.6154 E0.1365 F480
G1 X113.7195 Y124.1762 Z49.3912 E0.1376
G1 X113.9245 Y123.5912 Z49.1928 E0.1357
G1 X114.1370 Y123.0135 Z48.9662 E0.1368
G1 X114.3594 Y122.4415 Z48.8295 E0.1312
G1 X114.5982 Y121.8759 Z48.836 E0.333
G1 X114.8509 Y121.3131 Z48.9854 E0.1324
G1 X115.1081 Y120.7541 Z49.2256 E0.1378
G1 X115.3813 Y120.2004 Z49.4366 E0.1361
G1 X115.6594 Y119.6407 Z49.6738 E0.1394
G1 X115.9572 Y119.0911 Z49.8857 E0.1376 F240
;---
G1 E-1.5
G4 P1500 ;ms dwell, no motion
G1 E1.5
;---
G1 X116.3317 Y118.5937 Z49.894 E0.1298

G1 X116.7793 Y118.1559 Z49.6934 E0.1371 F480
G1 X117.2422 Y117.7375 Z49.47 E0.1382
G1 X117.7009 Y117.3240 Z49.2707 E0.1353
G1 X118.1742 Y116.9297 Z49.045 E0.1368
G1 X118.6472 Y116.5328 Z48.9067 E0.1319
G1 X119.1274 Y116.1507 Z48.913 E0.3327
G1 X119.6186 Y115.7823 Z49.0651 E0.1319
G1 X120.1113 Y115.4077 Z49.3032 E0.1383
G1 X120.6149 Y115.0472 Z49.5302 E0.1373
G1 X121.1237 Y114.6871 Z49.7503 E0.1378
G1 X121.6462 Y114.3386 Z49.9831 E0.1396 F240
;---
G1 E-1.5
G4 P1500 ;ms dwell, no motion
G1 E1.5
;---
G1 X122.2172 Y114.0796 Z49.9904 E0.1307

G1 X122.8249 Y113.9228 Z49.7696 E0.1387 F480
G1 X123.4315 Y113.7803 Z49.5703 E0.1363
G1 X124.0400 Y113.6488 Z49.3482 E0.1378
G1 X124.6457 Y113.5329 Z49.1463 E0.1351
G1 X125.2497 Y113.4201 Z48.9837 E0.1325
G1 X125.8563 Y113.3186 Z48.9905 E0.3332
G1 X126.4656 Y113.2212 Z49.168 E0.1337
G1 X127.0756 Y113.1280 Z49.3798 E0.136
G1 X127.6904 Y113.0447 Z49.6174 E0.1384
G1 X128.3140 Y112.9771 Z49.8281 E0.1379
G1 X128.9411 Y112.9106 Z50.0613 E0.1401 F240
;---
G1 E-1.5
G4 P1500 ;ms dwell, no motion
G1 E1.5
;---
G1 X129.5649 Y112.9605 Z50.068 E0.1304

G1 X130.1748 Y113.1279 Z49.8488 E0.1394 F480
G1 X130.7776 Y113.2927 Z49.6495 E0.1366
G1 X131.3697 Y113.4798 Z49.4249 E0.1376
G1 X131.9568 Y113.6716 Z49.2276 E0.135
G1 X132.5410 Y113.8744 Z49.0638 E0.1332
G1 X133.1214 Y114.0753 Z49.0695 E0.3324
G1 X133.7035 Y114.2751 Z49.2467 E0.1334
G1 X134.2857 Y114.4901 Z49.4597 E0.1366
G1 X134.8710 Y114.7030 Z49.6943 E0.1386
G1 X135.4494 Y114.9409 Z49.9131 E0.1378
G1 X136.0349 Y115.1822 Z50.1396 E0.14 F240
;---
G1 E-1.5
G4 P1500 ;ms dwell, no motion
G1 E1.5
;---
G1 X136.5615 Y115.5273 Z50.1452 E0.1311

G1 X137.0146 Y115.9676 Z49.9409 E0.1381 F480
G1 X137.4576 Y116.4100 Z49.7269 E0.1377
G1 X137.8847 Y116.8674 Z49.5145 E0.1374
G1 X138.3067 Y117.3192 Z49.3045 E0.1359
G1 X138.7176 Y117.7781 Z49.1663 E0.1314
G1 X139.1297 Y118.2369 Z49.1715 E0.3336
G1 X139.5474 Y118.6919 Z49.3237 E0.1324
G1 X139.9609 Y119.1528 Z49.5585 E0.1377
G1 X140.3699 Y119.6232 Z49.772 E0.1372
G1 X140.7771 Y120.1061 Z50.0053 E0.1401
G1 X141.1719 Y120.6018 Z50.2155 E0.139 F240
;---
G1 E-1.5
G4 P1500 ;ms dwell, no motion
G1 E1.5
;---
G1 X141.4652 Y121.1578 Z50.2224 E0.1308

G1 X141.6531 Y121.7651 Z50.0252 E0.1385 F480
G1 X141.8196 Y122.3718 Z49.8037 E0.1388
G1 X141.9764 Y122.9751 Z49.6061 E0.1361
G1 X142.1141 Y123.5803 Z49.3821 E0.1373
G1 X142.2559 Y124.1832 Z49.245 E0.132
G1 X142.3981 Y124.7820 Z49.2513 E0.333
G1 X142.5414 Y125.3818 Z49.401 E0.1321
G1 X142.6924 Y125.9875 Z49.6386 E0.139
G1 X142.8255 Y126.5977 Z49.8486 E0.1371
G1 X142.9584 Y127.2147 Z50.0825 E0.1401
G1 X143.0654 Y127.8422 Z50.2995 E0.1398 F240
;---
G1 E-1.5
G4 P1500 ;ms dwell, no motion
G1 E1.5
;---
G1 X143.0563 Y128.4738 Z50.3042 E0.1314

G1 X142.9279 Y129.0953 Z50.1016 E0.1386 F480
G1 X142.7705 Y129.7069 Z49.8851 E0.1388
G1 X142.6161 Y130.3152 Z49.6836 E0.1372
G1 X142.4377 Y130.9108 Z49.4592 E0.1376
G1 X142.2705 Y131.5049 Z49.3221 E0.1316
G1 X142.1042 Y132.1011 Z49.3289 E0.335
G1 X141.9428 Y132.6977 Z49.4806 E0.1324
G1 X141.7932 Y133.3022 Z49.7153 E0.1385
G1 X141.6194 Y133.9044 Z49.942 E0.1385
G1 X141.4404 Y134.5143 Z50.1597 E0.1398
G1 X141.2460 Y135.1234 Z50.3895 E0.1414 F240
;---
G1 E-1.5
G4 P1500 ;ms dwell, no motion
G1 E1.5
;---
G1 X140.9322 Y135.6724 Z50.3963 E0.1316

G1 X140.5046 Y136.1506 Z50.1795 E0.1409 F480
G1 X140.0762 Y136.6153 Z49.9809 E0.1379
G1 X139.6379 Y137.0642 Z49.7604 E0.1384
G1 X139.1904 Y137.4999 Z49.5579 E0.1365
G1 X138.7509 Y137.9376 Z49.3992 E0.1333
G1 X138.3205 Y138.3792 Z49.4056 E0.3338
G1 X137.8979 Y138.8316 Z49.5806 E0.1339
G1 X137.4710 Y139.2907 Z49.7928 E0.1378
G1 X137.0375 Y139.7469 Z50.0263 E0.1398
G1 X136.5847 Y140.1903 Z50.2369 E0.1391
G1 X136.1219 Y140.6391 Z50.4682 E0.1426 F240
;---
G1 E-1.5
G4 P1500 ;ms dwell, no motion
G1 E1.5
;---
G1 X135.5815 Y140.9721 Z50.4734 E0.1322

G1 X134.9731 Y141.1768 Z50.256 E0.1411 F480
G1 X134.3715 Y141.3767 Z50.0594 E0.1382
G1 X133.7637 Y141.5525 Z49.838 E0.1396
G1 X133.1636 Y141.7226 Z49.6399 E0.1363
G1 X132.5642 Y141.8813 Z49.4802 E0.1333
G1 X131.9706 Y142.0617 Z49.4896 E0.3356
G1 X131.3842 Y142.2661 Z49.6591 E0.1341
G1 X130.7909 Y142.4612 Z49.8705 E0.1374
G1 X130.1901 Y142.6596 Z50.1046 E0.1405
G1 X129.5768 Y142.8368 Z50.3235 E0.1405
G1 X128.9561 Y143.0127 Z50.544 E0.142 F240
;---
G1 E-1.5
G4 P1500 ;ms dwell, no motion
G1 E1.5
;---
G1 X128.3209 Y143.0422 Z50.5512 E0.1325

G1 X127.6846 Y142.9282 Z50.3483 E0.141 F480
G1 X127.0598 Y142.8066 Z50.1356 E0.1398
G1 X126.4446 Y142.6626 Z49.9275 E0.1384
G1 X125.8342 Y142.5153 Z49.7179 E0.138
G1 X125.2296 Y142.3696 Z49.5797 E0.1327
G1 X124.6241 Y142.2433 Z49.5865 E0.3352
G1 X124.0122 Y142.1348 Z49.7368 E0.1333
G1 X123.3905 Y142.0305 Z49.968 E0.1399
G1 X122.7681 Y141.9144 Z50.1805 E0.1392
G1 X122.1410 Y141.7858 Z50.4111 E0.1418
G1 X121.5106 Y141.6338 Z50.6224 E0.1422 F240
;---
G1 E-1.5
G4 P1500 ;ms dwell, no motion
G1 E1.5
;---
G1 X120.9371 Y141.3543 Z50.6276 E0.133

G1 X120.4336 Y140.9510 Z50.4301 E0.1407 F480
G1 X119.9504 Y140.5299 Z50.214 E0.141
G1 X119.4743 Y140.1099 Z50.0154 E0.1387
G1 X119.0181 Y139.6777 Z49.7942 E0.1389
G1 X118.5595 Y139.2573 Z49.6578 E0.1328
G1 X118.0868 Y138.8518 Z49.6644 E0.3377
G1 X117.6010 Y138.4625 Z49.8133 E0.1335
G1 X117.1006 Y138.0797 Z50.0475 E0.1402
G1 X116.6111 Y137.6738 Z50.2603 E0.1398
G1 X116.1134 Y137.2639 Z50.488 E0.1426
G1 X115.6327 Y136.8290 Z50.7019 E0.1423 F240
;---
G1 E-1.5
G4 P1500 ;ms dwell, no motion
G1 E1.5
;---
G1 X115.2640 Y136.3060 Z50.7122 E0.1334

G1 X115.0172 Y135.7047 Z50.5077 E0.1421 F480
G1 X114.8016 Y135.0988 Z50.292 E0.1415
G1 X114.5892 Y134.5011 Z50.0927 E0.1387
G1 X114.4053 Y133.8946 Z49.8751 E0.1397
G1 X114.2040 Y133.3045 Z49.7346 E0.1333
G1 X113.9857 Y132.7236 Z49.7411 E0.3366
G1 X113.7474 Y132.1465 Z49.8976 E0.1342
G1 X113.4836 Y131.5689 Z50.1246 E0.1407
G1 X113.2389 Y130.9802 Z50.3516 E0.1411
G1 X113.0030 Y130.3800 Z50.5656 E0.1417
G1 X112.7763 Y129.7648 Z50.7924 E0.1447 F240
;---
G1 E-1.5
G4 P1500 ;ms dwell, no motion
G1 E1.5
;---
G1 X112.7035 Y129.1266 Z50.7984 E0.134

G1 X112.7920 Y128.4803 Z50.5845 E0.1432 F480
G1 X112.8920 Y127.8422 Z50.3866 E0.1408
G1 X113.0060 Y127.2130 Z50.1696 E0.1409
G1 X113.1329 Y126.5939 Z49.9708 E0.1382
G1 X113.2553 Y125.9805 Z49.8123 E0.1346
G1 X113.3443 Y125.3620 Z49.8186 E0.339
G1 X113.3980 Y124.7380 Z49.9909 E0.1355
G1 X113.4506 Y124.1070 Z50.2018 E0.1392
G1 X113.5115 Y123.4667 Z50.4329 E0.1426
G1 X113.5948 Y122.8248 Z50.6422 E0.1419
G1 X113.6833 Y122.1736 Z50.8693 E0.145 F240
;---
G1 E-1.5
G4 P1500 ;ms dwell, no motion
G1 E1.5
;---
G1 X113.9300 Y121.5780 Z50.8769 E0.1345

G1 X114.3279 Y121.0536 Z50.6623 E0.1444 F480
G1 X114.7204 Y120.5409 Z50.464 E0.1409
G1 X115.1342 Y120.0507 Z50.2473 E0.1412
G1 X115.5462 Y119.5656 Z50.0498 E0.139
G1 X115.9556 Y119.0900 Z49.8919 E0.1349
G1 X116.3300 Y118.5923 Z49.9006 E0.3374
G1 X116.6748 Y118.0656 Z50.0693 E0.1359
G1 X117.0257 Y117.5342 Z50.2802 E0.1399
G1 X117.3799 Y116.9960 Z50.509 E0.1426
G1 X117.7604 Y116.4696 Z50.7296 E0.1429
G1 X118.1533 Y115.9364 Z50.947 E0.1454 F240
;---
G1 E-1.5
G4 P1500 ;ms dwell, no motion
G1 E1.5
;---
G1 X118.6569 Y115.5310 Z50.9527 E0.1348

G1 X119.2575 Y115.2624 Z50.7529 E0.1433 F480
G1 X119.8588 Y115.0101 Z50.5425 E0.1429
G1 X120.4597 Y114.7785 Z50.337 E0.1408
G1 X121.0565 Y114.5584 Z50.1262 E0.1397
G1 X121.6451 Y114.3363 Z49.9888 E0.1342
G1 X122.2162 Y114.0774 Z49.9958 E0.3399
G1 X122.7735 Y113.7846 Z50.1453 E0.1349
G1 X123.3332 Y113.4772 Z50.3747 E0.1414
G1 X123.9087 Y113.1796 Z50.5871 E0.1421
G1 X124.4939 Y112.8864 Z50.813 E0.1443
G1 X125.0959 Y112.6134 Z51.0236 E0.1446 F240
;---
G1 E-1.5
G4 P1500 ;ms dwell, no motion
G1 E1.5
;---
G1 X125.7358 Y112.5018 Z51.0317 E0.1354

G1 X126.3950 Y112.5519 Z50.8326 E0.1439 F480
G1 X127.0443 Y112.6301 Z50.6182 E0.1434
G1 X127.6837 Y112.7150 Z50.4214 E0.1405
G1 X128.3172 Y112.8225 Z50.2039 E0.1413
G1 X128.9412 Y112.9083 Z50.0666 E0.1343
G1 X129.5652 Y112.9582 Z50.0732 E0.3391
G1 X130.1977 Y112.9727 Z50.2238 E0.1355
G1 X130.8407 Y112.9614 Z50.453 E0.1422
G1 X131.4875 Y112.9781 Z50.6635 E0.1417
G1 X132.1455 Y112.9969 Z50.8912 E0.1451
G1 X132.8100 Y113.0453 Z51.1061 E0.1457 F240
;---
G1 E-1.5
G4 P1500 ;ms dwell, no motion
G1 E1.5
;---
G1 X133.4268 Y113.2540 Z51.113 E0.1355

G1 X133.9788 Y113.6210 Z50.91 E0.1444 F480
G1 X134.5109 Y114.0107 Z50.7014 E0.144
G1 X135.0322 Y114.3945 Z50.4979 E0.1413
G1 X135.5302 Y114.8011 Z50.2818 E0.1412
G1 X136.0361 Y115.1802 Z50.1448 E0.1347
G1 X136.5628 Y115.5255 Z50.1504 E0.3409
G1 X137.1117 Y115.8398 Z50.3039 E0.1355
G1 X137.6845 Y116.1359 Z50.5305 E0.1423
G1 X138.2535 Y116.4574 Z50.7547 E0.1437
G1 X138.8224 Y116.7925 Z50.9672 E0.1444
G1 X139.3913 Y117.1458 Z51.1917 E0.147 F240
;---
G1 E-1.5
G4 P1500 ;ms dwell, no motion
G1 E1.5
;---
G1 X139.8324 Y117.6302 Z51.1991 E0.1364

G1 X140.1324 Y118.2281 Z50.9867 E0.1461 F480
G1 X140.4161 Y118.8222 Z50.7891 E0.1431
G1 X140.6754 Y119.4204 Z50.576 E0.1428
G1 X140.9226 Y120.0178 Z50.3766 E0.1408
G1 X141.1739 Y120.6007 Z50.2207 E0.136
G1 X141.4673 Y121.1567 Z50.2276 E0.3402
G1 X141.8108 Y121.6947 Z50.3968 E0.1374
G1 X142.1675 Y122.2339 Z50.6071 E0.1415
G1 X142.5220 Y122.7853 Z50.8342 E0.1444
G1 X142.8559 Y123.3567 Z51.0463 E0.1446
G1 X143.1945 Y123.9419 Z51.269 E0.1481 F240
;---
G1 E-1.5
G4 P1500 ;ms dwell, no motion
G1 E1.5
;---
G1 X143.3495 Y124.5798 Z51.275 E0.1366

G1 X143.3144 Y125.2513 Z51.0652 E0.1466 F480
G1 X143.2771 Y125.9133 Z50.8673 E0.144
G1 X143.2092 Y126.5654 Z50.6522 E0.1436
G1 X143.1384 Y127.2072 Z50.4548 E0.1405
G1 X143.0683 Y127.8422 Z50.3057 E0.1364
G1 X143.0594 Y128.4739 Z50.3109 E0.3415
G1 X143.1095 Y129.1106 Z50.4737 E0.1372
G1 X143.1606 Y129.7563 Z50.6879 E0.1419
G1 X143.2127 Y130.4158 Z50.9119 E0.1454
G1 X143.2391 Y131.0811 Z51.1314 E0.1458
G1 X143.2531 Y131.7575 Z51.3461 E0.1477 F240
;---
G1 E-1.5
G4 P1500 ;ms dwell, no motion
G1 E1.5
;---
G1 X143.0796 Y132.3952 Z51.3536 E0.1376

G1 X142.7291 Y132.9713 Z51.1535 E0.1463 F480
G1 X142.3663 Y133.5292 Z50.9436 E0.1453
G1 X141.9893 Y134.0693 Z50.7418 E0.1432
G1 X141.6099 Y134.5983 Z50.5321 E0.1424
G1 X141.2486 Y135.1248 Z50.3948 E0.1359
G1 X140.9348 Y135.6739 Z50.4016 E0.3423
G1 X140.6642 Y136.2565 Z50.5518 E0.1373
G1 X140.4098 Y136.8576 Z50.7776 E0.1438
G1 X140.1333 Y137.4571 Z50.9885 E0.1443
G1 X139.8413 Y138.0618 Z51.2139 E0.1474
G1 X139.5238 Y138.6631 Z51.4231 E0.1481 F240
;---
G1 E-1.5
G4 P1500 ;ms dwell, no motion
G1 E1.5
;---
G1 X139.0647 Y139.1393 Z51.4292 E0.1377

G1 X138.4781 Y139.4766 Z51.2326 E0.1467 F480
G1 X137.8816 Y139.7866 Z51.0213 E0.1467
G1 X137.2932 Y140.0837 Z50.823 E0.1433
G1 X136.6978 Y140.3532 Z50.6092 E0.1432
G1 X136.1235 Y140.6416 Z50.4735 E0.1368
G1 X135.5830 Y140.9746 Z50.4787 E0.3437
G1 X135.0660 Y141.3545 Z50.628 E0.1372
G1 X134.5546 Y141.7663 Z50.8563 E0.1448
G1 X134.0196 Y142.1608 Z51.0668 E0.1452
G1 X133.4749 Y142.5597 Z51.2894 E0.1481
G1 X132.9066 Y142.9367 Z51.5057 E0.1489 F240
;---
G1 E-1.5
G4 P1500 ;ms dwell, no motion
G1 E1.5
;---
G1 X132.2706 Y143.1348 Z51.5139 E0.1387

G1 X131.5903 Y143.1445 Z51.3088 E0.148 F480
G1 X130.9169 Y143.1227 Z51.1019 E0.1468
G1 X130.2544 Y143.0960 Z50.9017 E0.1443
G1 X129.5981 Y143.0393 Z50.6883 E0.1443
G1 X128.9563 Y143.0157 Z50.5492 E0.1369
G1 X128.3210 Y143.0451 Z50.5564 E0.3446
G1 X127.6804 Y143.1324 Z50.7123 E0.1385
G1 X127.0317 Y143.2538 Z50.9321 E0.1449
G1 X126.3717 Y143.3531 Z51.1554 E0.1466
G1 X125.6986 Y143.4349 Z51.3683 E0.1481
G1 X125.0133 Y143.5052 Z51.5886 E0.1507 F240
;---
G1 E-1.5
G4 P1500 ;ms dwell, no motion
G1 E1.5
;---
G1 X124.3592 Y143.3721 Z51.5948 E0.1391

G1 X123.7595 Y143.0385 Z51.3871 E0.1494 F480
G1 X123.1733 Y142.6998 Z51.1889 E0.147
G1 X122.6082 Y142.3443 Z50.9772 E0.146
G1 X122.0584 Y141.9821 Z50.7796 E0.1433
G1 X121.5094 Y141.6364 Z50.6277 E0.1389
G1 X120.9358 Y141.3568 Z50.6328 E0.3459
G1 X120.3259 Y141.1376 Z50.7989 E0.1395
G1 X119.7005 Y140.9236 Z51.0109 E0.1447
G1 X119.0648 Y140.6995 Z51.2339 E0.148
G1 X118.4347 Y140.4462 Z51.4437 E0.1482
G1 X117.7943 Y140.1816 Z51.6663 E0.1518 F240
;---
G1 E-1.5
G4 P1500 ;ms dwell, no motion
G1 E1.5
;---
G1 X117.2818 Y139.7466 Z51.6729 E0.1402

G1 X116.9195 Y139.1585 Z51.4634 E0.1505 F480
G1 X116.5691 Y138.5786 Z51.266 E0.1472
G1 X116.2501 Y137.9855 Z51.0571 E0.147
G1 X115.9393 Y137.4020 Z50.857 E0.1441
G1 X115.6297 Y136.8312 Z50.7085 E0.1388
G1 X115.2608 Y136.3081 Z50.7185 E0.3469
G1 X114.8254 Y135.8211 Z50.8766 E0.1402
G1 X114.3774 Y135.3321 Z51.088 E0.1452
G1 X113.9224 Y134.8318 Z51.3111 E0.1485
G1 X113.4840 Y134.3053 Z51.5304 E0.15
G1 X113.0477 Y133.7625 Z51.7427 E0.1519 F240
;---
G1 E-1.5
G4 P1500 ;ms dwell, no motion
G1 E1.5
;---
G1 X112.8076 Y133.1336 Z51.7491 E0.1404

G1 X112.7708 Y132.4410 Z51.5515 E0.1504 F480
G1 X112.7520 Y131.7569 Z51.3432 E0.1492
G1 X112.7548 Y131.0831 Z51.1433 E0.1466
G1 X112.7751 Y130.4184 Z50.9347 E0.1454
G1 X112.7727 Y129.7652 Z50.7978 E0.1392
G1 X112.7000 Y129.1269 Z50.8036 E0.3485
G1 X112.5591 Y128.4900 Z50.9533 E0.1396
G1 X112.3898 Y127.8422 Z51.178 E0.1473
G1 X112.2361 Y127.1809 Z51.388 E0.1483
G1 X112.0932 Y126.5065 Z51.6093 E0.1511
G1 X111.9773 Y125.8186 Z51.821 E0.1521 F240
;---
G1 E-1.5
G4 P1500 ;ms dwell, no motion
G1 E1.5
;---
G1 X112.0705 Y125.1469 Z51.8272 E0.1415

G1 X112.3692 Y124.5194 Z51.6286 E0.1508 F480
G1 X112.6934 Y123.9124 Z51.4204 E0.15
G1 X113.0211 Y123.3187 Z51.2238 E0.1473
G1 X113.3683 Y122.7459 Z51.0112 E0.1466
G1 X113.6800 Y122.1723 Z50.8745 E0.1391
G1 X113.9268 Y121.5766 Z50.8821 E0.3497
G1 X114.1112 Y120.9462 Z51.0307 E0.1405
G1 X114.2655 Y120.2908 Z51.2543 E0.148
G1 X114.4520 Y119.6372 Z51.4666 E0.1485
G1 X114.6481 Y118.9694 Z51.6877 E0.1523
G1 X114.8744 Y118.3046 Z51.9022 E0.1531 F240
;---
G1 E-1.5
G4 P1500 ;ms dwell, no motion
G1 E1.5
;---
G1 X115.2795 Y117.7593 Z51.9098 E0.1416

G1 X115.8521 Y117.3553 Z51.7076 E0.1521 F480
G1 X116.4340 Y116.9789 Z51.502 E0.1507
G1 X117.0095 Y116.6178 Z51.2995 E0.1479
G1 X117.5969 Y116.2879 Z51.0925 E0.1469
G1 X118.1511 Y115.9337 Z50.9522 E0.1402
G1 X118.6548 Y115.5282 Z50.9579 E0.3506
G1 X119.1181 Y115.0617 Z51.1141 E0.1408
G1 X119.5711 Y114.5570 Z51.3332 E0.1486
G1 X120.0449 Y114.0604 Z51.5529 E0.1502
G1 X120.5413 Y113.5728 Z51.7635 E0.1516
G1 X121.0584 Y113.0885 Z51.9847 E0.1547 F240
;---
G1 E-1.5
G4 P1500 ;ms dwell, no motion
G1 E1.5
;---
G1 X121.6804 Y112.8039 Z51.9904 E0.1426

G1 X122.3828 Y112.7340 Z51.7828 E0.1534 F480
G1 X123.0745 Y112.6801 Z51.586 E0.1503
G1 X123.7614 Y112.6529 Z51.3779 E0.1497
G1 X124.4359 Y112.6393 Z51.179 E0.1466
G1 X125.0953 Y112.6100 Z51.0288 E0.1411
G1 X125.7353 Y112.4983 Z51.037 E0.352
G1 X126.3681 Y112.2974 Z51.1985 E0.1424
G1 X127.0095 Y112.0774 Z51.4086 E0.1479
G1 X127.6662 Y111.8631 Z51.6314 E0.1512
G1 X128.3409 Y111.6754 Z51.8422 E0.1524
G1 X129.0303 Y111.4910 Z52.0603 E0.1555 F240
;---
G1 E-1.5
G4 P1500 ;ms dwell, no motion
G1 E1.5
;---
G1 X129.7143 Y111.5422 Z52.0672 E0.1429

G1 X130.3666 Y111.8279 Z51.8636 E0.1543 F480
G1 X131.0021 Y112.1141 Z51.6629 E0.1511
G1 X131.6163 Y112.4290 Z51.454 E0.1502
G1 X132.2162 Y112.7440 Z51.2574 E0.147
G1 X132.8114 Y113.0411 Z51.1124 E0.1417
G1 X133.4285 Y113.2494 Z51.1197 E0.3525
G1 X134.0814 Y113.3771 Z51.276 E0.1423
G1 X134.7541 Y113.4937 Z51.4907 E0.149
G1 X135.4385 Y113.6170 Z51.7076 E0.1517
G1 X136.1259 Y113.7698 Z51.926 E0.1535
G1 X136.8205 Y113.9448 Z52.1394 E0.1556 F240
;---
G1 E-1.5
G4 P1500 ;ms dwell, no motion
G1 E1.5
;---
G1 X137.3995 Y114.3211 Z52.1444 E0.1438

G1 X137.8382 Y114.8828 Z51.9461 E0.154 F480
G1 X138.2509 Y115.4517 Z51.7406 E0.1525
G1 X138.6422 Y116.0254 Z51.5413 E0.1504
G1 X139.0121 Y116.5988 Z51.3334 E0.1485
G1 X139.3943 Y117.1430 Z51.1969 E0.1413
G1 X139.8356 Y117.6275 Z51.2045 E0.3547
G1 X140.3463 Y118.0584 Z51.3527 E0.1425
G1 X140.8914 Y118.4769 Z51.5742 E0.1503
G1 X141.4278 Y118.9208 Z51.786 E0.1515
G1 X141.9675 Y119.3846 Z52.005 E0.155
G1 X142.4930 Y119.8755 Z52.2145 E0.1559 F240
;---
G1 E-1.5
G4 P1500 ;ms dwell, no motion
G1 E1.5
;---
G1 X142.8191 Y120.4860 Z52.2217 E0.1441

G1 X142.9346 Y121.1941 Z52.0252 E0.1548 F480
G1 X143.0170 Y121.8975 Z51.817 E0.1536
G1 X143.0861 Y122.5889 Z51.6195 E0.1504
G1 X143.1235 Y123.2760 Z51.4121 E0.1496
G1 X143.1984 Y123.9409 Z51.2742 E0.1422
G1 X143.3535 Y124.5790 Z51.2802 E0.3553
G1 X143.5918 Y125.2045 Z51.4305 E0.1428
G1 X143.8767 Y125.8374 Z51.6525 E0.1516
G1 X144.1347 Y126.4876 Z51.8624 E0.152
G1 X144.3913 Y127.1549 Z52.0816 E0.1556
G1 X144.6198 Y127.8422 Z52.2986 E0.1573 F240
;---
G1 E-1.5
G4 P1500 ;ms dwell, no motion
G1 E1.5
;---
G1 X144.6142 Y128.5388 Z52.3043 E0.1449

G1 X144.3675 Y129.2163 Z52.1006 E0.1559 F480
G1 X144.0960 Y129.8748 Z51.9 E0.1539
G1 X143.8184 Y130.5181 Z51.6973 E0.1518
G1 X143.5146 Y131.1397 Z51.4901 E0.1503
G1 X143.2571 Y131.7585 Z51.3513 E0.1425
G1 X143.0835 Y132.3964 Z51.3588 E0.3577
G1 X142.9968 Y133.0645 Z51.5134 E0.1438
G1 X142.9436 Y133.7579 Z51.7286 E0.1515
G1 X142.8648 Y134.4593 Z51.949 E0.1539
G1 X142.7633 Y135.1706 Z52.159 E0.1558
G1 X142.6419 Y135.8908 Z52.3764 E0.1586 F240
;---
G1 E-1.5
G4 P1500 ;ms dwell, no motion
G1 E1.5
;---
G1 X142.2978 Y136.5000 Z52.3837 E0.1456

G1 X141.7441 Y136.9735 Z52.1792 E0.1575 F480
G1 X141.1916 Y137.4255 Z51.9805 E0.1542
G1 X140.6277 Y137.8490 Z51.7738 E0.153
G1 X140.0626 Y138.2529 Z51.5773 E0.1502
G1 X139.5268 Y138.6659 Z51.4283 E0.1442
G1 X139.0676 Y139.1423 Z51.4344 E0.3581
G1 X138.6752 Y139.6957 Z51.5961 E0.1452
G1 X138.2883 Y140.2780 Z51.8065 E0.152
G1 X137.8858 Y140.8644 Z52.0253 E0.155
G1 X137.4516 Y141.4383 Z52.2364 E0.1562
G1 X136.9980 Y142.0190 Z52.4556 E0.1601 F240
;---
G1 E-1.5
G4 P1500 ;ms dwell, no motion
G1 E1.5
;---
G1 X136.4003 Y142.3899 Z52.4602 E0.1465

G1 X135.6820 Y142.5332 Z52.2557 E0.1584 F480
G1 X134.9763 Y142.6630 Z52.0591 E0.155
G1 X134.2708 Y142.7578 Z51.852 E0.1544
G1 X133.5799 Y142.8420 Z51.6531 E0.1508
G1 X132.9082 Y142.9415 Z51.5118 E0.1444
G1 X132.2720 Y143.1396 Z51.5198 E0.3607
G1 X131.6596 Y143.4395 Z51.6724 E0.1456
G1 X131.0394 Y143.7656 Z51.8859 E0.1526
G1 X130.4012 Y144.0905 Z52.1044 E0.156
G1 X129.7410 Y144.3953 Z52.3199 E0.158
G1 X129.0612 Y144.6842 Z52.5306 E0.16 F240
;---
G1 E-1.5
G4 P1500 ;ms dwell, no motion
G1 E1.5
;---
G1 X128.3556 Y144.7204 Z52.5382 E0.1472

G1 X127.6521 Y144.5040 Z52.3403 E0.1588 F480
G1 X126.9680 Y144.2671 Z52.1346 E0.1568
G1 X126.3023 Y144.0129 Z51.9367 E0.1541
G1 X125.6534 Y143.7410 Z51.7321 E0.1527
G1 X125.0125 Y143.5097 Z51.5938 E0.1449
G1 X124.3581 Y143.3766 Z51.6001 E0.3619
G1 X123.6757 Y143.3384 Z51.7507 E0.1459
G1 X122.9665 Y143.3369 Z51.9697 E0.1547
G1 X122.2493 Y143.3093 Z52.1795 E0.1559
G1 X121.5189 Y143.2646 Z52.3981 E0.1592
G1 X120.7802 Y143.1870 Z52.6098 E0.161 F240
;---
G1 E-1.5
G4 P1500 ;ms dwell, no motion
G1 E1.5
;---
G1 X120.1408 Y142.8779 Z52.6143 E0.1481

G1 X119.6263 Y142.3489 Z52.4169 E0.1593 F480
G1 X119.1428 Y141.8020 Z52.214 E0.158
G1 X118.6773 Y141.2574 Z52.0148 E0.1551
G1 X118.2427 Y140.6991 Z51.8073 E0.1537
G1 X117.7913 Y140.1852 Z51.6715 E0.1454
G1 X117.2786 Y139.7501 Z51.6782 E0.3646
G1 X116.6961 Y139.3866 Z51.8266 E0.1465
G1 X116.0690 Y139.0480 Z52.0466 E0.1556
G1 X115.4509 Y138.6754 Z52.2606 E0.157
G1 X114.8244 Y138.2859 Z52.4747 E0.1602
G1 X114.2073 Y137.8644 Z52.6899 E0.1622 F240
;---
G1 E-1.5
G4 P1500 ;ms dwell, no motion
G1 E1.5
;---
G1 X113.7943 Y137.2819 Z52.6977 E0.1489

G1 X113.6014 Y136.5627 Z52.4947 E0.161 F480
G1 X113.4403 Y135.8472 Z52.2937 E0.1586
G1 X113.2994 Y135.1409 Z52.0919 E0.156
G1 X113.1907 Y134.4359 Z51.89 E0.1546
G1 X113.0433 Y133.7642 Z51.7479 E0.1465
G1 X112.8032 Y133.1352 Z51.7543 E0.3652
G1 X112.4621 Y132.5342 Z51.9112 E0.1478
G1 X112.0721 Y131.9317 Z52.1239 E0.1562
G1 X111.6973 Y131.3078 Z52.3413 E0.1585
G1 X111.3404 Y130.6608 Z52.5526 E0.1603
G1 X110.9934 Y129.9905 Z52.7695 E0.1638 F240
;---
G1 E-1.5
G4 P1500 ;ms dwell, no motion
G1 E1.5
;---
G1 X110.9103 Y129.2773 Z52.7747 E0.1498

G1 X111.0972 Y128.5511 Z52.5713 E0.1621 F480
G1 X111.2989 Y127.8422 Z52.3757 E0.1591
G1 X111.5251 Y127.1512 Z52.1688 E0.1577
G1 X111.7641 Y126.4788 Z51.9709 E0.1545
G1 X111.9727 Y125.8180 Z51.8263 E0.1477
G1 X112.0659 Y125.1462 Z51.8324 E0.3679
G1 X112.0444 Y124.4504 Z51.9901 E0.1489
G1 X111.9978 Y123.7337 Z52.201 E0.1562
G1 X111.9645 Y122.9999 Z52.4204 E0.1599
G1 X111.9637 Y122.2570 Z52.6291 E0.161
G1 X111.9768 Y121.4977 Z52.8455 E0.1647 F240
;---
G1 E-1.5
G4 P1500 ;ms dwell, no motion
G1 E1.5
;---
G1 X112.2499 Y120.8296 Z52.8536 E0.1506

G1 X112.7706 Y120.2811 Z52.65 E0.1634 F480
G1 X113.2900 Y119.7545 Z52.4506 E0.1598
G1 X113.8296 Y119.2601 Z52.2472 E0.1585
G1 X114.3663 Y118.7823 Z52.0495 E0.1555
G1 X114.8696 Y118.3011 Z51.9084 E0.1481
G1 X115.2749 Y117.7557 Z51.9157 E0.3684
G1 X115.5947 Y117.1331 Z52.0692 E0.1494
G1 X115.8989 Y116.4766 Z52.2813 E0.1572
G1 X116.2212 Y115.8127 Z52.4957 E0.1603
G1 X116.5755 Y115.1528 Z52.7126 E0.1626
G1 X116.9578 Y114.4919 Z52.9235 E0.1652 F240
;---
G1 E-1.5
G4 P1500 ;ms dwell, no motion
G1 E1.5
;---
G1 X117.5215 Y114.0351 Z52.9288 E0.1513

G1 X118.2423 Y113.8009 Z52.7318 E0.1633 F480
G1 X118.9616 Y113.5969 Z52.5299 E0.1615
G1 X119.6737 Y113.4177 Z52.3302 E0.1587
G1 X120.3810 Y113.2661 Z52.1252 E0.1568
G1 X121.0562 Y113.0837 Z51.99 E0.1485
G1 X121.6784 Y112.7991 Z51.9956 E0.3709
G1 X122.2615 Y112.4080 Z52.1443 E0.1496
G1 X122.8434 Y111.9682 Z52.363 E0.1587
G1 X123.4517 Y111.5446 Z52.5743 E0.1607
G1 X124.0812 Y111.1273 Z52.7893 E0.1637
G1 X124.7375 Y110.7332 Z53.0 E0.1655 F240
;---
G1 E-1.5
G4 P1500 ;ms dwell, no motion
G1 E1.5
;---
G1 X125.4558 Y110.6043 Z53.0087 E0.1521

G1 X126.2047 Y110.7451 Z52.8089 E0.1642 F480
G1 X126.9367 Y110.9192 Z52.6049 E0.1624
G1 X127.6505 Y111.1056 Z52.4086 E0.1591
G1 X128.3482 Y111.3216 Z52.2035 E0.1581
G1 X129.0307 Y111.4858 Z52.0655 E0.149
G1 X129.7149 Y111.5370 Z52.0724 E0.3717
G1 X130.4184 Y111.4767 Z52.2239 E0.1505
G1 X131.1452 Y111.3638 Z52.4398 E0.1597
G1 X131.8848 Y111.2850 Z52.6511 E0.1611
G1 X132.6425 Y111.2185 Z52.8678 E0.1647
G1 X133.4143 Y111.1841 Z53.0816 E0.167 F240
;---
G1 E-1.5
G4 P1500 ;ms dwell, no motion
G1 E1.5
;---
G1 X134.1101 Y111.4166 Z53.0878 E0.1528

G1 X134.6984 Y111.9100 Z52.8864 E0.1653 F480
G1 X135.2595 Y112.4190 Z52.688 E0.1631
G1 X135.7966 Y112.9320 Z52.4846 E0.1604
G1 X136.3037 Y113.4618 Z52.2831 E0.1584
G1 X136.8233 Y113.9405 Z52.1446 E0.1499
G1 X137.4025 Y114.3168 Z52.1496 E0.3739
G1 X138.0548 Y114.5973 Z52.3046 E0.1513
G1 X138.7478 Y114.8513 Z52.5175 E0.1599
G1 X139.4448 Y115.1336 Z52.7342 E0.1629
G1 X140.1415 Y115.4454 Z52.9434 E0.1648
G1 X140.8423 Y115.7838 Z53.1594 E0.1681 F240
;---
G1 E-1.5
G4 P1500 ;ms dwell, no motion
G1 E1.5
;---
G1 X141.3419 Y116.3272 Z53.1676 E0.1537

G1 X141.6175 Y117.0507 Z52.963 E0.1667 F480
G1 X141.8683 Y117.7673 Z52.7655 E0.1633
G1 X142.0847 Y118.4846 Z52.5631 E0.1616
G1 X142.2802 Y119.1951 Z52.3649 E0.1588
G1 X142.4975 Y119.8730 Z52.2198 E0.1512
G1 X142.8238 Y120.4837 Z52.227 E0.3747
G1 X143.2702 Y121.0446 Z52.385 E0.1528
G1 X143.7558 Y121.6049 Z52.5939 E0.1603
G1 X144.2386 Y122.1877 Z52.8105 E0.1638
G1 X144.6995 Y122.8005 Z53.0234 E0.1656
G1 X145.1581 Y123.4374 Z53.2366 E0.1693 F240
;---
G1 E-1.5
G4 P1500 ;ms dwell, no motion
G1 E1.5
;---
G1 X145.3355 Y124.1577 Z53.2425 E0.1544

G1 X145.2235 Y124.9289 Z53.0425 E0.1674 F480
G1 X145.0970 Y125.6830 Z52.8438 E0.1644
G1 X144.9357 Y126.4203 Z52.6392 E0.1628
G1 X144.7643 Y127.1394 Z52.4416 E0.1593
G1 X144.6258 Y127.8422 Z52.3042 E0.1518
G1 X144.6204 Y128.5390 Z52.31 E0.377
G1 X144.7411 Y129.2477 Z52.4604 E0.1529
G1 X144.8991 Y129.9764 Z52.6755 E0.1615
G1 X145.0439 Y130.7252 Z52.8884 E0.1648
G1 X145.1617 Y131.4897 Z53.1026 E0.1671
G1 X145.2530 Y132.2713 Z53.3137 E0.1695 F240
;---
G1 E-1.5
G4 P1500 ;ms dwell, no motion
G1 E1.5
;---
G1 X145.0597 Y132.9927 Z53.3215 E0.1554

G1 X144.5925 Y133.6199 Z53.1222 E0.168 F480
G1 X144.1080 Y134.2190 Z52.9198 E0.1658
G1 X143.6118 Y134.7921 Z52.7235 E0.163
G1 X143.1045 Y135.3399 Z52.519 E0.1611
G1 X142.6469 Y135.8935 Z52.3816 E0.1522
G1 X142.3027 Y136.5029 Z52.3889 E0.3788
G1 X142.0628 Y137.1852 Z52.539 E0.1538
G1 X141.8575 Y137.9092 Z52.7542 E0.163
G1 X141.6192 Y138.6350 Z52.9648 E0.165
G1 X141.3559 Y139.3693 Z53.1821 E0.1686
G1 X141.0564 Y140.1020 Z53.3908 E0.1704 F240
;---
G1 E-1.5
G4 P1500 ;ms dwell, no motion
G1 E1.5
;---
G1 X140.5376 Y140.6435 Z53.3969 E0.1561

G1 X139.8226 Y140.9704 Z53.2004 E0.1687 F480
G1 X139.1012 Y141.2603 Z52.9979 E0.1673
G1 X138.3887 Y141.5270 Z52.7992 E0.1637
G1 X137.6732 Y141.7571 Z52.5961 E0.1621
G1 X137.0010 Y142.0238 Z52.4608 E0.1532
G1 X136.4032 Y142.3948 Z52.4654 E0.3809
G1 X135.8625 Y142.8783 Z52.6147 E0.1542
G1 X135.3329 Y143.4212 Z52.8329 E0.1644
G1 X134.7707 Y143.9463 Z53.0441 E0.1661
G1 X134.1851 Y144.4693 Z53.2569 E0.1694
G1 X133.5682 Y144.9742 Z53.4718 E0.172 F240
;---
G1 E-1.5
G4 P1500 ;ms dwell, no motion
G1 E1.5
;---
G1 X132.8478 Y145.2004 Z53.4791 E0.1573

G1 X132.0579 Y145.1371 Z53.2764 E0.1704 F480
G1 X131.2831 Y145.0441 Z53.0784 E0.1677
G1 X130.5247 Y144.9280 Z52.8785 E0.1652
G1 X129.7818 Y144.7834 Z52.6766 E0.1632
G1 X129.0616 Y144.6899 Z52.5359 E0.1541
G1 X128.3558 Y144.7261 Z52.5435 E0.3829
G1 X127.6439 Y144.8966 Z52.6979 E0.1559
G1 X126.9145 Y145.1177 Z52.9083 E0.1648
G1 X126.1650 Y145.3164 Z53.1243 E0.1677
G1 X125.3956 Y145.4880 Z53.3363 E0.1701
G1 X124.6063 Y145.6403 Z53.5491 E0.1733 F240
;---
G1 E-1.5
G4 P1500 ;ms dwell, no motion
G1 E1.5
;---
G1 X123.8620 Y145.4910 Z53.5553 E0.1582

G1 X123.1985 Y145.0462 Z53.3551 E0.1717 F480
G1 X122.5591 Y144.5916 Z53.1569 E0.1687
G1 X121.9492 Y144.1162 Z52.9534 E0.1667
G1 X121.3640 Y143.6328 Z52.7567 E0.1635
G1 X120.7778 Y143.1922 Z52.6151 E0.1557
G1 X120.1381 Y142.8830 Z52.6196 E0.3851
G1 X119.4257 Y142.6961 Z52.7752 E0.157
G1 X118.6782 Y142.5340 Z52.9878 E0.1656
G1 X117.9177 Y142.3506 Z53.2016 E0.1691
G1 X117.1575 Y142.1288 Z53.4116 E0.1708
G1 X116.3859 Y141.8835 Z53.6269 E0.1747 F240
;---
G1 E-1.5
G4 P1500 ;ms dwell, no motion
G1 E1.5
;---
G1 X115.8019 Y141.3908 Z53.6335 E0.1593

G1 X115.4342 Y140.6754 Z53.4321 E0.1729 F480
G1 X115.0920 Y139.9653 Z53.2336 E0.1695
G1 X114.7882 Y139.2475 Z53.0341 E0.1678
G1 X114.5059 Y138.5385 Z52.8333 E0.1646
G1 X114.2020 Y137.8683 Z52.6955 E0.1561
G1 X113.7888 Y137.2855 Z52.7032 E0.3874
G1 X113.2524 Y136.7742 Z52.853 E0.1577
G1 X112.6687 Y136.2715 Z53.066 E0.1667
G1 X112.0880 Y135.7421 Z53.2787 E0.1698
G1 X111.5192 Y135.1804 Z53.4942 E0.1727
G1 X110.9611 Y134.5888 Z53.7031 E0.1752 F240
;---
G1 E-1.5
G4 P1500 ;ms dwell, no motion
G1 E1.5
;---
G1 X110.6854 Y133.8725 Z53.7095 E0.1601

G1 X110.7042 Y133.0647 Z53.5138 E0.1734 F480
G1 X110.7535 Y132.2704 Z53.3109 E0.1713
G1 X110.8287 Y131.4924 Z53.1128 E0.1682
G1 X110.9325 Y130.7297 Z52.9112 E0.166
G1 X110.9872 Y129.9913 Z52.7748 E0.1571
G1 X110.9042 Y129.2778 Z52.7799 E0.3896
G1 X110.6824 Y128.5684 Z52.9296 E0.1582
G1 X110.4050 Y127.8422 Z53.1471 E0.1684
G1 X110.1528 Y127.0938 Z53.3556 E0.1704
G1 X109.9178 Y126.3237 Z53.5696 E0.1738
G1 X109.7153 Y125.5325 Z53.7819 E0.176 F240
;---
G1 E-1.5
G4 P1500 ;ms dwell, no motion
G1 E1.5
;---
G1 X109.8195 Y124.7666 Z53.788 E0.1612

G1 X110.2252 Y124.0637 Z53.589 E0.1743 F480
G1 X110.6586 Y123.3897 Z53.3881 E0.1724
G1 X111.1010 Y122.7394 Z53.1919 E0.1691
G1 X111.5666 Y122.1187 Z52.9874 E0.1674
G1 X111.9710 Y121.4955 Z52.8508 E0.1576
G1 X112.2442 Y120.8271 Z52.8588 E0.3916
G1 X112.3933 Y120.0938 Z53.0073 E0.1592
G1 X112.4950 Y119.3175 Z53.2218 E0.1693
G1 X112.6352 Y118.5364 Z53.4351 E0.1714
G1 X112.7998 Y117.7419 Z53.6484 E0.175
G1 X113.0000 Y116.9429 Z53.8606 E0.1774 F240
;---
G1 E-1.5
G4 P1500 ;ms dwell, no motion
G1 E1.5
;---
G1 X113.4623 Y116.3186 Z53.8672 E0.162

G1 X114.1657 Y115.8996 Z53.6684 E0.1757 F480
G1 X114.8729 Y115.5134 Z53.4687 E0.1731
G1 X115.5807 Y115.1586 Z53.2671 E0.1704
G1 X116.2923 Y114.8384 Z53.069 E0.1679
G1 X116.9539 Y114.4872 Z52.9287 E0.1589
G1 X117.5177 Y114.0302 Z52.9341 E0.3935
G1 X117.9997 Y113.4519 Z53.0886 E0.1602
G1 X118.4679 Y112.8192 Z53.3012 E0.17
G1 X118.9657 Y112.1916 Z53.5139 E0.1728
G1 X119.4973 Y111.5754 Z53.7239 E0.1752
G1 X120.0593 Y110.9646 Z53.9396 E0.1788 F240
;---
G1 E-1.5
G4 P1500 ;ms dwell, no motion
G1 E1.5
;---
G1 X120.7696 Y110.6381 Z53.9451 E0.163

G1 X121.5941 Y110.6133 Z53.7432 E0.177 F480
G1 X122.4035 Y110.6138 Z53.5467 E0.1736
G1 X123.2017 Y110.6496 Z53.3458 E0.1717
G1 X123.9827 Y110.7077 Z53.1467 E0.1684
G1 X124.7363 Y110.7271 Z53.0052 E0.1599
G1 X125.4549 Y110.5980 Z53.0141 E0.3956
G1 X126.1595 Y110.3150 Z53.1662 E0.1614
G1 X126.8780 Y109.9864 Z53.3761 E0.1704
G1 X127.6206 Y109.6705 Z53.592 E0.1741
G1 X128.3884 Y109.3858 Z53.8032 E0.1762
G1 X129.1797 Y109.1161 Z54.0149 E0.1797 F240
;---
G1 E-1.5
G4 P1500 ;ms dwell, no motion
G1 E1.5
;---
G1 X129.9636 Y109.1728 Z54.0218 E0.1637

G1 X130.7024 Y109.5526 Z53.8244 E0.1779 F480
G1 X131.4156 Y109.9456 Z53.6233 E0.1747
G1 X132.1001 Y110.3672 Z53.4222 E0.1726
G1 X132.7603 Y110.7969 Z53.2253 E0.1691
G1 X133.4164 Y111.1775 Z53.0871 E0.1606
G1 X134.1125 Y111.4102 Z53.0932 E0.3975
G1 X134.8686 Y111.5052 Z53.2437 E0.1618
G1 X135.6629 Y111.5614 Z53.458 E0.1717
G1 X136.4707 Y111.6424 Z53.668 E0.1746
G1 X137.2880 Y111.7575 Z53.8818 E0.1776
G1 X138.1139 Y111.9073 Z54.0943 E0.1803 F240
;---
G1 E-1.5
G4 P1500 ;ms dwell, no motion
G1 E1.5
;---
G1 X138.7780 Y112.3373 Z54.099 E0.1647

G1 X139.2475 Y113.0262 Z53.9009 E0.1784 F480
G1 X139.6810 Y113.7236 Z53.7011 E0.176
G1 X140.0835 Y114.4240 Z53.5038 E0.1731
G1 X140.4524 Y115.1279 Z53.3009 E0.1708
G1 X140.8471 Y115.7792 Z53.1646 E0.1611
G1 X141.3469 Y116.3229 Z53.1728 E0.3997
G1 X141.9668 Y116.7738 Z53.3202 E0.1625
G1 X142.6447 Y117.2033 Z53.5347 E0.1729
G1 X143.3136 Y117.6684 Z53.7467 E0.1753
G1 X143.9823 Y118.1640 Z53.9597 E0.1788
G1 X144.6365 Y118.6970 Z54.1692 E0.181 F240
;---
G1 E-1.5
G4 P1500 ;ms dwell, no motion
G1 E1.5
;---
G1 X145.0131 Y119.3973 Z54.1766 E0.1655

G1 X145.0943 Y120.2322 Z53.9801 E0.1793 F480
G1 X145.1352 Y121.0587 Z53.7775 E0.1773
G1 X145.1522 Y121.8696 Z53.5799 E0.1738
G1 X145.1307 Y122.6703 Z53.3802 E0.1718
G1 X145.1645 Y123.4358 Z53.2418 E0.162
G1 X145.3420 Y124.1563 Z53.2477 E0.4016
G1 X145.6682 Y124.8537 Z53.3985 E0.1633
G1 X146.0619 Y125.5609 Z53.6131 E0.1743
G1 X146.4276 Y126.2950 Z53.8239 E0.1762
G1 X146.7780 Y127.0551 Z54.0362 E0.1797
G1 X147.1005 Y127.8422 Z54.2513 E0.1826 F240
;---
G1 E-1.5
G4 P1500 ;ms dwell, no motion
G1 E1.5
;---
G1 X147.0943 Y128.6424 Z54.2559 E0.1665

G1 X146.7560 Y129.4170 Z54.0551 E0.1808 F480
G1 X146.3933 Y130.1655 Z53.8588 E0.1779
G1 X146.0106 Y130.8885 Z53.6578 E0.1753
G1 X145.6052 Y131.5840 Z53.4585 E0.1726
G1 X145.2594 Y132.2729 Z53.3189 E0.163
G1 X145.0660 Y132.9946 Z53.3268 E0.4043
G1 X145.0226 Y133.7696 Z53.4784 E0.1646
G1 X145.0242 Y134.5818 Z53.689 E0.1746
G1 X144.9960 Y135.4085 Z53.9047 E0.1779
G1 X144.9329 Y136.2473 Z54.1136 E0.1804
G1 X144.8401 Y137.0993 Z54.3262 E0.1838 F240
;---
G1 E-1.5
G4 P1500 ;ms dwell, no motion
G1 E1.5
;---
G1 X144.4459 Y137.8012 Z54.3337 E0.1676

G1 X143.7687 Y138.3183 Z54.134 E0.1822 F480
G1 X143.0890 Y138.8039 Z53.935 E0.1788
G1 X142.3975 Y139.2520 Z53.7342 E0.1766
G1 X141.7046 Y139.6703 Z53.5387 E0.1733
G1 X141.0612 Y140.1065 Z53.3961 E0.1645
G1 X140.5423 Y140.6483 Z53.4022 E0.4061
G1 X140.1317 Y141.3138 Z53.5568 E0.166
G1 X139.7377 Y142.0294 Z53.7672 E0.1756
G1 X139.3155 Y142.7478 Z53.9798 E0.1791
G1 X138.8530 Y143.4552 Z54.1915 E0.1814
G1 X138.3592 Y144.1636 Z54.4057 E0.1852 F240
;---
G1 E-1.5
G4 P1500 ;ms dwell, no motion
G1 E1.5
;---
G1 X137.6716 Y144.5914 Z54.41 E0.1687

G1 X136.8242 Y144.7184 Z54.2112 E0.1832 F480
G1 X135.9888 Y144.8157 Z54.0139 E0.1799
G1 X135.1605 Y144.8734 Z53.8131 E0.1779
G1 X134.3478 Y144.9070 Z53.6135 E0.1745
G1 X133.5704 Y144.9811 Z53.4772 E0.1651
G1 X132.8498 Y145.2074 Z53.4845 E0.4091
G1 X132.1648 Y145.5929 Z53.6328 E0.1666
G1 X131.4723 Y146.0362 Z53.8463 E0.177
G1 X130.7513 Y146.4631 Z54.0593 E0.1801
G1 X130.0013 Y146.8687 Z54.2705 E0.183
G1 X129.2226 Y147.2498 Z54.4805 E0.1858 F240
;---
G1 E-1.5
G4 P1500 ;ms dwell, no motion
G1 E1.5
;---
G1 X128.4092 Y147.2934 Z54.4882 E0.1697

G1 X127.6003 Y146.9981 Z54.2907 E0.1841 F480
G1 X126.8166 Y146.6740 Z54.0891 E0.1816
G1 X126.0586 Y146.3277 Z53.8921 E0.1785
G1 X125.3265 Y145.9561 Z53.6929 E0.1761
G1 X124.6050 Y145.6472 Z53.5543 E0.1661
G1 X123.8604 Y145.4979 Z53.5605 E0.4115
G1 X123.0709 Y145.5031 Z53.7114 E0.1676
G1 X122.2436 Y145.5632 Z53.9245 E0.1785
G1 X121.4020 Y145.5878 Z54.134 E0.1809
G1 X120.5431 Y145.5850 Z54.3481 E0.1845
G1 X119.6725 Y145.5419 Z54.5601 E0.187 F240
;---
G1 E-1.5
G4 P1500 ;ms dwell, no motion
G1 E1.5
;---
G1 X118.9342 Y145.1862 Z54.5645 E0.1708

G1 X118.3637 Y144.5354 Z54.3667 E0.1851 F480
G1 X117.8322 Y143.8668 Z54.1691 E0.1828
G1 X117.3306 Y143.1955 Z53.9694 E0.1796
G1 X116.8679 Y142.5103 Z53.7677 E0.1775
G1 X116.3814 Y141.8889 Z53.6321 E0.167
G1 X115.7972 Y141.3960 Z53.6387 E0.4144
G1 X115.0990 Y141.0176 Z53.7871 E0.1685
G1 X114.3385 Y140.6727 Z54.0013 E0.1798
G1 X113.5841 Y140.2869 Z54.2153 E0.1823
G1 X112.8276 Y139.8688 Z54.4246 E0.1855
G1 X112.0774 Y139.4117 Z54.6372 E0.1885 F240
;---
G1 E-1.5
G4 P1500 ;ms dwell, no motion
G1 E1.5
;---
G1 X111.5988 Y138.7401 Z54.6452 E0.172

G1 X111.4152 Y137.8870 Z54.4446 E0.1868 F480
G1 X111.2678 Y137.0416 Z54.2461 E0.1837
G1 X111.1557 Y136.2048 Z54.0465 E0.181
G1 X111.0791 Y135.3764 Z53.8496 E0.1783
G1 X110.9545 Y134.5914 Z53.7083 E0.1684
G1 X110.6788 Y133.8748 Z53.7147 E0.4164
G1 X110.2416 Y133.2043 Z53.8692 E0.1701
G1 X109.7408 Y132.5305 Z54.0785 E0.1805
G1 X109.2572 Y131.8264 Z54.2913 E0.1836
G1 X108.7971 Y131.0907 Z54.5025 E0.1863
G1 X108.3542 Y130.3242 Z54.7157 E0.19 F240
;---
G1 E-1.5
G4 P1500 ;ms dwell, no motion
G1 E1.5
;---
G1 X108.2574 Y129.5002 Z54.7207 E0.1731

G1 X108.5125 Y128.6592 Z54.5212 E0.188 F480
G1 X108.7906 Y127.8422 Z54.326 E0.1846
G1 X109.1009 Y127.0498 Z54.1234 E0.1825
G1 X109.4312 Y126.2828 Z53.9255 E0.1791
G1 X109.7082 Y125.5316 Z53.7872 E0.1695
G1 X109.8124 Y124.7654 Z53.7933 E0.4194
G1 X109.7464 Y123.9620 Z53.9446 E0.1711
G1 X109.6343 Y123.1266 Z54.1557 E0.1813
G1 X109.5462 Y122.2701 Z54.3704 E0.1851
G1 X109.4977 Y121.3984 Z54.5796 E0.1873
G1 X109.4769 Y120.5078 Z54.7916 E0.191 F240
;---
G1 E-1.5
G4 P1500 ;ms dwell, no motion
G1 E1.5
;---
G1 X109.7912 Y119.7345 Z54.7999 E0.1741

G1 X110.4236 Y119.1164 Z54.6003 E0.1891 F480
G1 X111.0656 Y118.5316 Z54.4005 E0.1859
G1 X111.7248 Y117.9849 Z54.2024 E0.1834
G1 X112.3882 Y117.4685 Z54.0042 E0.1802
G1 X112.9939 Y116.9385 Z53.8659 E0.1703
G1 X113.4564 Y116.3140 Z53.8725 E0.4214
G1 X113.7907 Y115.5758 Z54.0241 E0.1719
G1 X114.0940 Y114.7822 Z54.2352 E0.1826
G1 X114.4325 Y113.9860 Z54.4455 E0.1857
G1 X114.8091 Y113.1905 Z54.6595 E0.1889
G1 X115.2252 Y112.3980 Z54.8696 E0.1917 F240
;---
G1 E-1.5
G4 P1500 ;ms dwell, no motion
G1 E1.5
;---
G1 X115.8770 Y111.8686 Z54.8749 E0.1751

G1 X116.7322 Y111.6277 Z54.6781 E0.1898 F480
G1 X117.5843 Y111.4271 Z54.48 E0.1871
G1 X118.4283 Y111.2609 Z54.2804 E0.1841
G1 X119.2657 Y111.1324 Z54.0798 E0.1815
G1 X120.0562 Y110.9578 Z53.9448 E0.1711
G1 X120.7668 Y110.6312 Z53.9503 E0.4239
G1 X121.4195 Y110.1437 Z54.0988 E0.1727
G1 X122.0701 Y109.5873 Z54.313 E0.184
G1 X122.7555 Y109.0521 Z54.5244 E0.1865
G1 X123.4719 Y108.5301 Z54.7353 E0.1899
G1 X124.2230 Y108.0350 Z54.9463 E0.1926 F240
;---
G1 E-1.5
G4 P1500 ;ms dwell, no motion
G1 E1.5
;---
G1 X125.0543 Y107.8838 Z54.9552 E0.1761

G1 X125.9249 Y108.0847 Z54.755 E0.1908 F480
G1 X126.7735 Y108.3237 Z54.5549 E0.1884
G1 X127.5980 Y108.5848 Z54.3586 E0.1848
G1 X128.3990 Y108.8810 Z54.1583 E0.1828
G1 X129.1802 Y109.1086 Z54.0201 E0.172
G1 X129.9644 Y109.1654 Z54.027 E0.4259
G1 X130.7762 Y109.0530 Z54.179 E0.1737
G1 X131.6198 Y108.8746 Z54.3896 E0.1849
G1 X132.4835 Y108.7331 Z54.6017 E0.1876
G1 X133.3680 Y108.6210 Z54.814 E0.1909
G1 X134.2715 Y108.5447 Z55.0256 E0.1939 F240
;---
G1 E-1.5
G4 P1500 ;ms dwell, no motion
G1 E1.5
;---
G1 X135.0779 Y108.8143 Z55.0312 E0.1771

G1 X135.7464 Y109.4174 Z54.8325 E0.192 F480
G1 X136.3801 Y110.0368 Z54.6361 E0.189
G1 X136.9789 Y110.6703 Z54.4344 E0.1863
G1 X137.5421 Y111.3174 Z54.2368 E0.1833
G1 X138.1179 Y111.9010 Z54.0995 E0.1731
G1 X138.7823 Y112.3312 Z54.1043 E0.4285
G1 X139.5556 Y112.6203 Z54.2559 E0.1748
G1 X140.3831 Y112.8750 Z54.4675 E0.1856
G1 X141.2160 Y113.1659 Z54.6806 E0.189
G1 X142.0484 Y113.4981 Z54.8895 E0.1916
G1 X142.8837 Y113.8670 Z55.1024 E0.1952 F240
;---
G1 E-1.5
G4 P1500 ;ms dwell, no motion
G1 E1.5
;---
G1 X143.4637 Y114.4956 Z55.1108 E0.1781

G1 X143.7590 Y115.3531 Z54.9091 E0.1934 F480
G1 X144.0194 Y116.2046 Z54.7115 E0.1899
G1 X144.2368 Y117.0552 Z54.5132 E0.1874
G1 X144.4219 Y117.8977 Z54.3149 E0.1843
G1 X144.6431 Y118.6934 Z54.1745 E0.1744
G1 X145.0200 Y119.3939 Z54.182 E0.4305
G1 X145.5649 Y120.0226 Z54.3352 E0.1761
G1 X146.1695 Y120.6491 Z54.5438 E0.1864
G1 X146.7654 Y121.3079 Z54.7565 E0.1901
G1 X147.3377 Y122.0042 Z54.9698 E0.1928
G1 X147.8962 Y122.7342 Z55.1796 E0.1962 F240
;---
G1 E-1.5
G4 P1500 ;ms dwell, no motion
G1 E1.5
;---
G1 X148.1028 Y123.5695 Z55.1855 E0.1791

G1 X147.9482 Y124.4685 Z54.9886 E0.1942 F480
G1 X147.7637 Y125.3458 Z54.79 E0.1911
G1 X147.5425 Y126.2013 Z54.5899 E0.1886
G1 X147.2969 Y127.0334 Z54.3915 E0.1852
G1 X147.1084 Y127.8422 Z54.2566 E0.1751
G1 X147.1021 Y128.6427 Z54.2612 E0.4332
G1 X147.2746 Y129.4606 Z54.4102 E0.1767
G1 X147.5070 Y130.3063 Z54.6243 E0.1879
G1 X147.7108 Y131.1760 Z54.8346 E0.191
G1 X147.8819 Y132.0679 Z55.0458 E0.1941
G1 X148.0170 Y132.9811 Z55.2568 E0.1971 F240
;---
G1 E-1.5
G4 P1500 ;ms dwell, no motion
G1 E1.5
;---
G1 X147.7941 Y133.8180 Z55.2647 E0.1803

G1 X147.2251 Y134.5365 Z55.0652 E0.1952 F480
G1 X146.6338 Y135.2191 Z54.8659 E0.1925
G1 X146.0270 Y135.8677 Z54.6702 E0.1893
G1 X145.4029 Y136.4806 Z54.4689 E0.1869
G1 X144.8470 Y137.1031 Z54.3314 E0.1761
G1 X144.4525 Y137.8053 Z54.3389 E0.4359
G1 X144.2067 Y138.6092 Z54.489 E0.1778
G1 X144.0051 Y139.4695 Z54.7002 E0.1891
G1 X143.7612 Y140.3330 Z54.9109 E0.1919
G1 X143.4814 Y141.2041 Z55.1253 E0.1956
G1 X143.1566 Y142.0738 Z55.3342 E0.1981 F240
;---
G1 E-1.5
G4 P1500 ;ms dwell, no motion
G1 E1.5
;---
G1 X142.5548 Y142.7036 Z55.3403 E0.1813

G1 X141.7056 Y143.0621 Z55.1435 E0.1963 F480
G1 X140.8519 Y143.3758 Z54.9443 E0.1939
G1 X140.0039 Y143.6548 Z54.7452 E0.1905
G1 X139.1551 Y143.8897 Z54.5461 E0.1881
G1 X138.3634 Y144.1701 Z54.4109 E0.1771
G1 X137.6755 Y144.5982 Z54.4152 E0.4387
G1 X137.0691 Y145.1868 Z54.5649 E0.1788
G1 X136.4753 Y145.8497 Z54.7791 E0.1907
G1 X135.8422 Y146.4943 Z54.9902 E0.1932
G1 X135.1730 Y147.1257 Z55.1999 E0.1965
G1 X134.4659 Y147.7383 Z55.4129 E0.1998 F240
;---
G1 E-1.5
G4 P1500 ;ms dwell, no motion
G1 E1.5
;---
G1 X133.6303 Y148.0017 Z55.4202 E0.1825

G1 X132.7066 Y147.9029 Z55.2194 E0.198 F480
G1 X131.8026 Y147.7689 Z55.0223 E0.1948
G1 X130.9191 Y147.5999 Z54.8248 E0.1919
G1 X130.0570 Y147.3983 Z54.6252 E0.1891
G1 X129.2231 Y147.2576 Z54.4857 E0.1786
G1 X128.4094 Y147.3012 Z54.4935 E0.4415
G1 X127.5891 Y147.5315 Z54.6452 E0.1803
G1 X126.7443 Y147.8246 Z54.8543 E0.1914
G1 X125.8733 Y148.0894 Z55.0673 E0.1948
G1 X124.9778 Y148.3186 Z55.2795 E0.1977
G1 X124.0575 Y148.5181 Z55.4895 E0.2011 F240
;---
G1 E-1.5
G4 P1500 ;ms dwell, no motion
G1 E1.5
;---
G1 X123.1925 Y148.3452 Z55.4957 E0.1838

G1 X122.4270 Y147.8083 Z55.2983 E0.1992 F480
G1 X121.6943 Y147.2540 Z55.0999 E0.1959
G1 X120.9979 Y146.6743 Z54.8995 E0.1935
G1 X120.3347 Y146.0806 Z54.7029 E0.1901
G1 X119.6691 Y145.5491 Z54.5654 E0.1799
G1 X118.9305 Y145.1934 Z54.5698 E0.4444
G1 X118.0944 Y145.0018 Z54.7213 E0.1816
G1 X117.2089 Y144.8489 Z54.9342 E0.1926
G1 X116.3114 Y144.6621 Z55.1446 E0.1961
G1 X115.4107 Y144.4300 Z55.3552 E0.1989
G1 X114.5025 Y144.1597 Z55.5674 E0.2025 F240
;---
G1 E-1.5
G4 P1500 ;ms dwell, no motion
G1 E1.5
;---
G1 X113.8238 Y143.5880 Z55.5741 E0.185

G1 X113.4079 Y142.7447 Z55.3751 E0.2004 F480
G1 X113.0318 Y141.8997 Z55.1767 E0.1973
G1 X112.6992 Y141.0508 Z54.9803 E0.1945
G1 X112.4024 Y140.2058 Z54.7794 E0.1915
G1 X112.0708 Y139.4165 Z54.6425 E0.1808
G1 X111.5920 Y138.7446 Z54.6505 E0.4474
G1 X110.9503 Y138.1686 Z54.7992 E0.1825
G1 X110.2407 Y137.6063 Z55.0105 E0.194
G1 X109.5427 Y137.0054 Z55.2218 E0.1971
G1 X108.8583 Y136.3654 Z55.4351 E0.2005
G1 X108.1916 Y135.6854 Z55.6436 E0.2034 F240
;---
G1 E-1.5
G4 P1500 ;ms dwell, no motion
G1 E1.5
;---
G1 X107.8705 Y134.8527 Z55.65 E0.1862

G1 X107.9100 Y133.9081 Z55.4545 E0.2014 F480
G1 X107.9905 Y132.9800 Z55.2539 E0.1988
G1 X108.1052 Y132.0713 Z55.0558 E0.1955
G1 X108.2573 Y131.1819 Z54.8573 E0.1928
G1 X108.3461 Y130.3253 Z54.721 E0.1819
G1 X108.2493 Y129.5009 Z54.7259 E0.4502
G1 X107.9646 Y128.6822 Z54.8757 E0.1835
G1 X107.6090 Y127.8422 Z55.0904 E0.1955
G1 X107.2870 Y126.9739 Z55.2986 E0.198
G1 X106.9918 Y126.0779 Z55.5101 E0.2017
G1 X106.7350 Y125.1556 Z55.7226 E0.2046 F240
;---
G1 E-1.5
G4 P1500 ;ms dwell, no motion
G1 E1.5
;---
G1 X106.8552 Y124.2656 Z55.7288 E0.1873

G1 X107.3471 Y123.4520 Z55.5294 E0.2027 F480
G1 X107.8693 Y122.6732 Z55.3314 E0.1999
G1 X108.4096 Y121.9270 Z55.135 E0.1965
G1 X108.9771 Y121.2171 Z54.9336 E0.1942
G1 X109.4693 Y120.5048 Z54.7968 E0.1828
G1 X109.7837 Y119.7312 Z54.8051 E0.4529
G1 X109.9302 Y118.8715 Z54.9537 E0.1846
G1 X110.0221 Y117.9580 Z55.1648 E0.1965
G1 X110.1579 Y117.0356 Z55.3778 E0.1995
G1 X110.3333 Y116.1034 Z55.5889 E0.2027
G1 X110.5517 Y115.1643 Z55.7991 E0.2058 F240
;---
G1 E-1.5
G4 P1500 ;ms dwell, no motion
G1 E1.5
;---
G1 X111.0894 Y114.4376 Z55.8058 E0.1885

G1 X111.9195 Y113.9605 Z55.609 E0.2038 F480
G1 X112.7549 Y113.5249 Z55.4097 E0.2009
G1 X113.5953 Y113.1312 Z55.2101 E0.198
G1 X114.4381 Y112.7784 Z55.0137 E0.1949
G1 X115.2201 Y112.3917 Z54.8748 E0.1842
G1 X115.8720 Y111.8622 Z54.8801 E0.4554
G1 X116.4152 Y111.1714 Z55.0322 E0.186
G1 X116.9411 Y110.4137 Z55.2444 E0.1974
G1 X117.5063 Y109.6642 Z55.4543 E0.2006
G1 X118.1142 Y108.9298 Z55.6644 E0.2035
G1 X118.7616 Y108.2061 Z55.8781 E0.2073 F240
;---
G1 E-1.5
G4 P1500 ;ms dwell, no motion
G1 E1.5
;---
G1 X119.5875 Y107.8264 Z55.8835 E0.1895

G1 X120.5514 Y107.8095 Z55.6836 E0.2052 F480
G1 X121.4987 Y107.8281 Z55.4872 E0.2017
G1 X122.4311 Y107.8905 Z55.2889 E0.1991
G1 X123.3441 Y107.9856 Z55.0897 E0.1958
G1 X124.2215 Y108.0268 Z54.9516 E0.1853
G1 X125.0530 Y107.8755 Z54.9605 E0.458
G1 X125.8663 Y107.5277 Z55.1092 E0.187
G1 X126.6975 Y107.1166 Z55.3192 E0.1982
G1 X127.5593 Y106.7279 Z55.5326 E0.2019
G1 X128.4511 Y106.3752 Z55.7438 E0.2046
G1 X129.3724 Y106.0517 Z55.9532 E0.2081 F240
;---
G1 E-1.5
G4 P1500 ;ms dwell, no motion
G1 E1.5
;---
G1 X130.2849 Y106.1172 Z55.9602 E0.1906

G1 X131.1430 Y106.5677 Z55.7644 E0.206 F480
G1 X131.9689 Y107.0446 Z55.5638 E0.203
G1 X132.7609 Y107.5506 Z55.3657 E0.2001
G1 X133.5197 Y108.0780 Z55.1684 E0.1969
G1 X134.2741 Y108.5367 Z55.0308 E0.1861
G1 X135.0808 Y108.8064 Z55.0364 E0.4606
G1 X135.9653 Y108.8969 Z55.1867 E0.1878
G1 X136.8985 Y108.9348 Z55.3998 E0.1995
G1 X137.8455 Y109.0125 Z55.6084 E0.2026
G1 X138.8041 Y109.1318 Z55.8202 E0.206
G1 X139.7715 Y109.2957 Z56.0328 E0.209 F240
;---
G1 E-1.5
G4 P1500 ;ms dwell, no motion
G1 E1.5
;---
G1 X140.5441 Y109.7959 Z56.0375 E0.1917

G1 X141.0839 Y110.6068 Z55.8393 E0.207 F480
G1 X141.5794 Y111.4292 Z55.6417 E0.2041
G1 X142.0342 Y112.2571 Z55.4444 E0.2009
G1 X142.4459 Y113.0921 Z55.2439 E0.1983
G1 X142.8899 Y113.8612 Z55.1076 E0.187
G1 X143.4701 Y114.4901 Z55.116 E0.4631
G1 X144.2050 Y114.9996 Z55.2632 E0.1887
G1 X145.0113 Y115.4840 Z55.4751 E0.2007
G1 X145.8063 Y116.0126 Z55.6874 E0.2036
G1 X146.5947 Y116.5816 Z55.8981 E0.2071
G1 X147.3671 Y117.1959 Z56.1079 E0.21 F240
;---
G1 E-1.5
G4 P1500 ;ms dwell, no motion
G1 E1.5
;---
G1 X147.8062 Y118.0112 Z56.1153 E0.1927

G1 X147.8898 Y118.9873 Z55.9185 E0.208 F480
G1 X147.9271 Y119.9531 Z55.7183 E0.2055
G1 X147.9283 Y120.9030 Z55.5203 E0.202
G1 X147.8847 Y121.8390 Z55.3235 E0.1993
G1 X147.9044 Y122.7321 Z55.1849 E0.1881
G1 X148.1111 Y123.5678 Z55.1907 E0.4658
G1 X148.5115 Y124.3732 Z55.3419 E0.1899
G1 X148.9886 Y125.1909 Z55.5536 E0.2019
G1 X149.4348 Y126.0423 Z55.7639 E0.2048
G1 X149.8519 Y126.9264 Z55.9746 E0.2081
G1 X150.2371 Y127.8422 Z56.1884 E0.2115 F240
;---
G1 E-1.5
G4 P1500 ;ms dwell, no motion
G1 E1.5
;---
G1 X150.2289 Y128.7736 Z56.1926 E0.1938

G1 X149.8273 Y129.6749 Z55.9935 E0.2095 F480
G1 X149.3955 Y130.5451 Z55.7977 E0.2062
G1 X148.9333 Y131.3826 Z55.5984 E0.2034
G1 X148.4442 Y132.1874 Z55.3998 E0.2003
G1 X148.0252 Y132.9832 Z55.262 E0.1894
G1 X147.8021 Y133.8204 Z55.27 E0.4688
G1 X147.7687 Y134.7257 Z55.4191 E0.1911
G1 X147.7895 Y135.6767 Z55.6295 E0.2028
G1 X147.7717 Y136.6446 Z55.8432 E0.2063
G1 X147.7088 Y137.6251 Z56.052 E0.2091
G1 X147.6054 Y138.6195 Z56.2628 E0.2127 F240
;---
G1 E-1.5
G4 P1500 ;ms dwell, no motion
G1 E1.5
;---
G1 X147.1465 Y139.4370 Z56.2703 E0.1951

G1 X146.3550 Y140.0363 Z56.0726 E0.2107 F480
G1 X145.5544 Y140.5950 Z55.8734 E0.2074
G1 X144.7395 Y141.1085 Z55.6747 E0.2047
G1 X143.9197 Y141.5825 Z55.4793 E0.2013
G1 X143.1630 Y142.0798 Z55.3395 E0.1908
G1 X142.5610 Y142.7098 Z55.3457 E0.4717
G1 X142.0934 Y143.4930 Z55.4974 E0.1925
G1 X141.6497 Y144.3401 Z55.7079 E0.2039
G1 X141.1657 Y145.1854 Z55.9182 E0.2075
G1 X140.6349 Y146.0195 Z56.13 E0.2105
G1 X140.0612 Y146.8452 Z56.3424 E0.214 F240
;---
G1 E-1.5
G4 P1500 ;ms dwell, no motion
G1 E1.5
;---
G1 X139.2604 Y147.3432 Z56.3466 E0.1964

G1 X138.2730 Y147.4900 Z56.1489 E0.2119 F480
G1 X137.2957 Y147.5936 Z55.9523 E0.2087
G1 X136.3290 Y147.6523 Z55.7536 E0.2059
G1 X135.3762 Y147.6722 Z55.554 E0.2028
G1 X134.4686 Y147.7466 Z55.4181 E0.1918
G1 X133.6327 Y148.0101 Z55.4254 E0.4747
G1 X132.8400 Y148.4711 Z55.5732 E0.1935
G1 X132.0384 Y149.0054 Z55.7853 E0.2055
G1 X131.2016 Y149.5131 Z55.9978 E0.2087
G1 X130.3298 Y149.9926 Z56.2072 E0.2118
G1 X129.4232 Y150.4394 Z56.4171 E0.2151 F240
;---
G1 E-1.5
G4 P1500 ;ms dwell, no motion
G1 E1.5
;---
G1 X128.4760 Y150.4906 Z56.4249 E0.1977

G1 X127.5346 Y150.1437 Z56.2274 E0.2131 F480
G1 X126.6225 Y149.7599 Z56.0275 E0.2104
G1 X125.7412 Y149.3460 Z55.8305 E0.2071
G1 X124.8920 Y148.8994 Z55.6336 E0.2041
G1 X124.0558 Y148.5266 Z55.4947 E0.193
G1 X123.1905 Y148.3537 Z55.5009 E0.4782
G1 X122.2689 Y148.3744 Z55.652 E0.1947
G1 X121.3031 Y148.4585 Z55.8629 E0.2068
G1 X120.3197 Y148.4981 Z56.0724 E0.2098
G1 X119.3180 Y148.4991 Z56.2847 E0.2135
G1 X118.3030 Y148.4530 Z56.4968 E0.2164 F240
;---
G1 E-1.5
G4 P1500 ;ms dwell, no motion
G1 E1.5
;---
G1 X117.4430 Y148.0390 Z56.5014 E0.199

G1 X116.7806 Y147.2773 Z56.3034 E0.2145 F480
G1 X116.1628 Y146.4970 Z56.1076 E0.2115
G1 X115.5860 Y145.7060 Z55.9078 E0.2084
G1 X115.0544 Y144.8994 Z55.7084 E0.2057
G1 X114.4970 Y144.1664 Z55.5726 E0.1941
G1 X113.8180 Y143.5945 Z55.5793 E0.4813
G1 X112.9957 Y143.1657 Z55.7281 E0.1959
G1 X112.1031 Y142.7718 Z55.9396 E0.2082
G1 X111.2162 Y142.3310 Z56.1531 E0.2113
G1 X110.3345 Y141.8449 Z56.3612 E0.2144
G1 X109.4608 Y141.3126 Z56.5724 E0.2179 F240
;---
G1 E-1.5
G4 P1500 ;ms dwell, no motion
G1 E1.5
;---
G1 X108.9032 Y140.5307 Z56.5805 E0.2003

G1 X108.6897 Y139.5378 Z56.3813 E0.2159 F480
G1 X108.5207 Y138.5519 Z56.1828 E0.2127
G1 X108.3973 Y137.5739 Z55.9849 E0.2097
G1 X108.3167 Y136.6066 Z55.7888 E0.2066
G1 X108.1835 Y135.6886 Z55.6488 E0.1957
G1 X107.8622 Y134.8555 Z55.6552 E0.4843
G1 X107.3418 Y134.0796 Z55.808 E0.1975
G1 X106.7491 Y133.2988 Z56.0169 E0.2091
G1 X106.1795 Y132.4806 Z56.2279 E0.2126
G1 X105.6403 Y131.6244 Z56.4392 E0.2157
G1 X105.1276 Y130.7321 Z56.6509 E0.2192 F240
;---
G1 E-1.5
G4 P1500 ;ms dwell, no motion
G1 E1.5
;---
G1 X105.0153 Y129.7725 Z56.6558 E0.2016

G1 X105.3087 Y128.7933 Z56.4578 E0.2172 F480
G1 X105.6353 Y127.8422 Z56.2627 E0.2137
G1 X106.0018 Y126.9201 Z56.0618 E0.2112
G1 X106.3973 Y126.0280 Z55.8638 E0.2078
G1 X106.7261 Y125.1544 Z55.728 E0.1968
G1 X106.8463 Y124.2641 Z55.7341 E0.4873
G1 X106.7629 Y123.3278 Z55.883 E0.1986
G1 X106.6207 Y122.3525 Z56.0943 E0.2103
G1 X106.5143 Y121.3550 Z56.3071 E0.2139
G1 X106.4541 Y120.3387 Z56.5162 E0.2168
G1 X106.4364 Y119.3040 Z56.7267 E0.2203 F240
;---
G1 E-1.5
G4 P1500 ;ms dwell, no motion
G1 E1.5
;---
G1 X106.8022 Y118.4035 Z56.7351 E0.2027

G1 X107.5332 Y117.6820 Z56.5361 E0.2182 F480
G1 X108.2833 Y117.0020 Z56.3371 E0.2152
G1 X109.0517 Y116.3656 Z56.1405 E0.2121
G1 X109.8333 Y115.7713 Z55.9427 E0.2089
G1 X110.5445 Y115.1590 Z55.8043 E0.1979
G1 X111.0824 Y114.4321 Z55.811 E0.4904
G1 X111.4646 Y113.5679 Z55.9626 E0.1996
G1 X111.8104 Y112.6380 Z56.1722 E0.2115
G1 X112.2028 Y111.7091 Z56.3821 E0.2148
G1 X112.6418 Y110.7830 Z56.5947 E0.2183
G1 X113.1291 Y109.8645 Z56.8048 E0.2212 F240
;---
G1 E-1.5
G4 P1500 ;ms dwell, no motion
G1 E1.5
;---
G1 X113.8881 Y109.2484 Z56.81 E0.2038

G1 X114.8812 Y108.9641 Z56.6132 E0.2193 F480
G1 X115.8719 Y108.7291 Z56.4167 E0.2162
G1 X116.8563 Y108.5386 Z56.217 E0.2132
G1 X117.8345 Y108.3947 Z56.0181 E0.2103
G1 X118.7578 Y108.1980 Z55.8833 E0.1988
G1 X119.5840 Y107.8181 Z55.8887 E0.4929
G1 X120.3407 Y107.2430 Z56.0372 E0.2006
G1 X121.0963 Y106.5895 Z56.2497 E0.2129
G1 X121.8927 Y105.9629 Z56.4612 E0.2158
G1 X122.7281 Y105.3592 Z56.6705 E0.2192
G1 X123.6035 Y104.7865 Z56.8816 E0.2224 F240
;---
G1 E-1.5
G4 P1500 ;ms dwell, no motion
G1 E1.5
;---
G1 X124.5711 Y104.6108 Z56.8902 E0.2049

G1 X125.5839 Y104.8411 Z56.6901 E0.2204 F480
G1 X126.5716 Y105.1138 Z56.4918 E0.2175
G1 X127.5320 Y105.4215 Z56.2952 E0.2141
G1 X128.4638 Y105.7694 Z56.097 E0.2114
G1 X129.3730 Y106.0427 Z55.9584 E0.1999
G1 X130.2858 Y106.1083 Z55.9654 E0.4957
G1 X131.2315 Y105.9681 Z56.1175 E0.2017
G1 X132.2141 Y105.7587 Z56.3262 E0.2138
G1 X133.2205 Y105.5915 Z56.5374 E0.217
G1 X134.2490 Y105.4665 Z56.7492 E0.2203
G1 X135.2978 Y105.3853 Z56.9595 E0.2234 F240
;---
G1 E-1.5
G4 P1500 ;ms dwell, no motion
G1 E1.5
;---
G1 X136.2362 Y105.6998 Z56.965 E0.2061

G1 X137.0174 Y106.3941 Z56.7677 E0.2215 F480
G1 X137.7569 Y107.1103 Z56.5714 E0.2183
G1 X138.4539 Y107.8486 Z56.371 E0.2156
G1 X139.1086 Y108.6044 Z56.1737 E0.2123
G1 X139.7763 Y109.2881 Z56.038 E0.201
G1 X140.5492 Y109.7886 Z56.0427 E0.4985
G1 X141.4524 Y110.1214 Z56.1926 E0.2029
G1 X142.4182 Y110.4153 Z56.4042 E0.2148
G1 X143.3866 Y110.7549 Z56.6158 E0.2182
G1 X144.3523 Y111.1453 Z56.8246 E0.2212
G1 X145.3168 Y111.5823 Z57.0362 E0.2248 F240
;---
G1 E-1.5
G4 P1500 ;ms dwell, no motion
G1 E1.5
;---
G1 X145.9914 Y112.3137 Z57.0447 E0.2071

G1 X146.3432 Y113.3047 Z56.8443 E0.2229 F480
G1 X146.6498 Y114.2935 Z56.6466 E0.2194
G1 X146.9059 Y115.2821 Z56.45 E0.2165
G1 X147.1184 Y116.2644 Z56.2516 E0.2133
G1 X147.3752 Y117.1914 Z56.1133 E0.2023
G1 X147.8145 Y118.0070 Z56.1206 E0.5013
G1 X148.4495 Y118.7380 Z56.2718 E0.204
G1 X149.1567 Y119.4662 Z56.4806 E0.2157
G1 X149.8459 Y120.2352 Z56.6917 E0.2194
G1 X150.5080 Y121.0473 Z56.9046 E0.2225
G1 X151.1443 Y121.9001 Z57.1135 E0.2257 F240
;---
G1 E-1.5
G4 P1500 ;ms dwell, no motion
G1 E1.5
;---
G1 X151.3842 Y122.8721 Z57.1193 E0.2084

G1 X151.2171 Y123.9160 Z56.9229 E0.2238 F480
G1 X151.0075 Y124.9358 Z56.7252 E0.2206
G1 X150.7560 Y125.9314 Z56.5261 E0.2177
G1 X150.4667 Y126.9007 Z56.3281 E0.2146
G1 X150.2463 Y127.8422 Z56.1936 E0.2032
G1 X150.2381 Y128.7740 Z56.1978 E0.5042
G1 X150.4410 Y129.7265 Z56.3468 E0.2051
G1 X150.7131 Y130.7117 Z56.5597 E0.2173
G1 X150.9450 Y131.7228 Z56.7697 E0.2203
G1 X151.1352 Y132.7594 Z56.9796 E0.2237
G1 X151.2803 Y133.8192 Z57.1906 E0.2269 F240
;---
G1 E-1.5
G4 P1500 ;ms dwell, no motion
G1 E1.5
;---
G1 X151.0211 Y134.7921 Z57.1987 E0.2096

G1 X150.3698 Y135.6315 Z56.9991 E0.225 F480
G1 X149.6903 Y136.4294 Z56.801 E0.222
G1 X148.9884 Y137.1865 Z56.6054 E0.2187
G1 X148.2628 Y137.9001 Z56.4055 E0.2159
G1 X147.6134 Y138.6240 Z56.268 E0.2044
G1 X147.1544 Y139.4418 Z56.2755 E0.5075
G1 X146.8705 Y140.3788 Z56.4257 E0.2062
G1 X146.6335 Y141.3790 Z56.6354 E0.2184
G1 X146.3458 Y142.3818 Z56.8461 E0.2216
G1 X146.0114 Y143.3880 Z57.0592 E0.2252
G1 X145.6249 Y144.3914 Z57.268 E0.228 F240
;---
G1 E-1.5
G4 P1500 ;ms dwell, no motion
G1 E1.5
;---
G1 X144.9246 Y145.1236 Z57.2741 E0.2109

G1 X143.9443 Y145.5488 Z57.0774 E0.2262 F480
G1 X142.9596 Y145.9231 Z56.8796 E0.2232
G1 X141.9745 Y146.2509 Z56.6804 E0.2201
G1 X140.9888 Y146.5286 Z56.4829 E0.2172
G1 X140.0662 Y146.8529 Z56.3476 E0.2056
G1 X139.2650 Y147.3511 Z56.3518 E0.5108
G1 X138.5604 Y148.0396 Z56.5018 E0.2075
G1 X137.8661 Y148.8059 Z56.7143 E0.2199
G1 X137.1272 Y149.5506 Z56.9245 E0.2228
G1 X136.3433 Y150.2727 Z57.1338 E0.2262
G1 X135.5159 Y150.9704 Z57.3457 E0.2297 F240
;---
G1 E-1.5
G4 P1500 ;ms dwell, no motion
G1 E1.5
;---
G1 X134.5448 Y151.2761 Z57.353 E0.2121

G1 X133.4743 Y151.1757 Z57.1532 E0.2278 F480
G1 X132.4248 Y151.0314 Z56.9562 E0.2245
G1 X131.3978 Y150.8424 Z56.76 E0.2214
G1 X130.3950 Y150.6122 Z56.5605 E0.2184
G1 X129.4238 Y150.4486 Z56.4223 E0.2072
G1 X128.4762 Y150.4997 Z56.4302 E0.5141
G1 X127.5216 Y150.7670 Z56.5805 E0.2089
G1 X126.5381 Y151.1029 Z56.7895 E0.221
G1 X125.5251 Y151.4015 Z57.0012 E0.2245
G1 X124.4850 Y151.6563 Z57.2135 E0.2275
G1 X123.4182 Y151.8696 Z57.4222 E0.2309 F240
;---
G1 E-1.5
G4 P1500 ;ms dwell, no motion
G1 E1.5
;---
G1 X122.4131 Y151.6680 Z57.4284 E0.2137

G1 X121.5184 Y151.0617 Z57.2322 E0.229 F480
G1 X120.6633 Y150.4278 Z57.0338 E0.2257
G1 X119.8493 Y149.7629 Z56.8346 E0.223
G1 X119.0754 Y149.0760 Z56.638 E0.2196
G1 X118.2990 Y148.4615 Z56.5021 E0.2084
G1 X117.4386 Y148.0473 Z56.5067 E0.5176
G1 X116.4675 Y147.8195 Z56.6564 E0.2103
G1 X115.4386 Y147.6381 Z56.8695 E0.2223
G1 X114.4017 Y147.4099 Z57.0784 E0.2256
G1 X113.3615 Y147.1297 Z57.2885 E0.2289
G1 X112.3188 Y146.7991 Z57.5001 E0.2323 F240
;---
G1 E-1.5
G4 P1500 ;ms dwell, no motion
G1 E1.5
;---
G1 X111.5310 Y146.1348 Z57.5068 E0.2149

G1 X111.0346 Y145.1683 Z57.308 E0.2303 F480
G1 X110.5877 Y144.1948 Z57.1105 E0.2272
G1 X110.1907 Y143.2161 Z56.9149 E0.224
G1 X109.8419 Y142.2354 Z56.7145 E0.2211
G1 X109.4533 Y141.3181 Z56.5776 E0.2097
G1 X108.8954 Y140.5359 Z56.5857 E0.5211
G1 X108.1518 Y139.8636 Z56.7343 E0.2114
G1 X107.3324 Y139.2052 Z56.9444 E0.2236
G1 X106.5312 Y138.5001 Z57.1556 E0.2269
G1 X105.7503 Y137.7494 Z57.3679 E0.2303
G1 X104.9940 Y136.9515 Z57.5763 E0.2334 F240
;---
G1 E-1.5
G4 P1500 ;ms dwell, no motion
G1 E1.5
;---
G1 X104.6215 Y135.9840 Z57.5827 E0.2163

G1 X104.6497 Y134.8922 Z57.3872 E0.2314 F480
G1 X104.7277 Y133.8179 Z57.1878 E0.2286
G1 X104.8499 Y132.7632 Z56.9896 E0.2254
G1 X105.0179 Y131.7296 Z56.7925 E0.2223
G1 X105.1183 Y130.7333 Z56.6561 E0.2108
G1 X105.0060 Y129.7733 Z56.661 E0.5243
G1 X104.6777 Y128.8198 Z56.8109 E0.2127
G1 X104.2740 Y127.8422 Z57.0243 E0.2251
G1 X103.9120 Y126.8327 Z57.2326 E0.2279
G1 X103.5883 Y125.7921 Z57.4428 E0.2315
G1 X103.3090 Y124.7225 Z57.6552 E0.2348 F240
;---
G1 E-1.5
G4 P1500 ;ms dwell, no motion
G1 E1.5
;---
G1 X103.4493 Y123.6899 Z57.6612 E0.2174

G1 X104.0028 Y122.7411 Z57.4622 E0.2329 F480
G1 X104.5906 Y121.8311 Z57.2653 E0.2297
G1 X105.2081 Y120.9607 Z57.0689 E0.2264
G1 X105.8570 Y120.1308 Z56.869 E0.2237
G1 X106.4277 Y119.3005 Z56.7319 E0.2121
G1 X106.7937 Y118.3998 Z56.7403 E0.5273
G1 X106.9665 Y117.4006 Z56.8889 E0.2138
G1 X107.0861 Y116.3439 Z57.0986 E0.2261
G1 X107.2561 Y115.2778 Z57.3108 E0.2295
G1 X107.4768 Y114.2058 Z57.5217 E0.2325
G1 X107.7496 Y113.1285 Z57.7309 E0.2358 F240
;---
G1 E-1.5
G4 P1500 ;ms dwell, no motion
G1 E1.5
;---
G1 X108.3744 Y112.2855 Z57.7375 E0.2188

G1 X109.3208 Y111.7173 Z57.5418 E0.2338 F480
G1 X110.2779 Y111.1990 Z57.3424 E0.2308
G1 X111.2447 Y110.7307 Z57.1439 E0.2279
G1 X112.2169 Y110.3111 Z56.9478 E0.2246
G1 X113.1231 Y109.8573 Z56.81 E0.2133
G1 X113.8824 Y109.2410 Z56.8152 E0.5302
G1 X114.5187 Y108.4424 Z56.9661 E0.2153
G1 X115.1371 Y107.5712 Z57.1783 E0.2271
G1 X115.8034 Y106.7148 Z57.3871 E0.2304
G1 X116.5193 Y105.8786 Z57.5971 E0.2337
G1 X117.2821 Y105.0615 Z57.8098 E0.2372 F240
;---
G1 E-1.5
G4 P1500 ;ms dwell, no motion
G1 E1.5
;---
G1 X118.2403 Y104.6219 Z57.8152 E0.2198

G1 X119.3501 Y104.5792 Z57.6164 E0.2352 F480
G1 X120.4446 Y104.5836 Z57.4199 E0.2318
G1 X121.5230 Y104.6391 Z57.2229 E0.2288
G1 X122.5825 Y104.7387 Z57.0235 E0.2257
G1 X123.6017 Y104.7771 Z56.8869 E0.2145
G1 X124.5697 Y104.6014 Z56.8955 E0.5331
G1 X125.5172 Y104.2070 Z57.043 E0.2161
G1 X126.4852 Y103.7406 Z57.2533 E0.2282
G1 X127.4878 Y103.3092 Z57.4653 E0.2317
G1 X128.5231 Y102.9197 Z57.676 E0.2346
G1 X129.5914 Y102.5720 Z57.8849 E0.2381 F240
;---
G1 E-1.5
G4 P1500 ;ms dwell, no motion
G1 E1.5
;---
G1 X130.6495 Y102.6488 Z57.8919 E0.221

G1 X131.6482 Y103.1458 Z57.6964 E0.2359 F480
G1 X132.6106 Y103.6802 Z57.4965 E0.2331
G1 X133.5353 Y104.2495 Z57.2988 E0.2299
G1 X134.4211 Y104.8504 Z57.1023 E0.2267
G1 X135.3007 Y105.3762 Z56.9647 E0.2154
G1 X136.2395 Y105.6908 Z56.9702 E0.5362
G1 X137.2655 Y105.8043 Z57.1206 E0.2173
G1 X138.3444 Y105.8616 Z57.3327 E0.2293
G1 X139.4359 Y105.9702 Z57.5411 E0.2325
G1 X140.5376 Y106.1296 Z57.7519 E0.2359
G1 X141.6461 Y106.3420 Z57.9646 E0.2392 F240
;---
G1 E-1.5
G4 P1500 ;ms dwell, no motion
G1 E1.5
;---
G1 X142.5409 Y106.9225 Z57.9692 E0.2221

G1 X143.1816 Y107.8432 Z57.771 E0.2372 F480
G1 X143.7715 Y108.7797 Z57.5745 E0.2341
G1 X144.3117 Y109.7273 Z57.3772 E0.2308
G1 X144.8014 Y110.6867 Z57.1777 E0.2281
G1 X145.3237 Y111.5758 Z57.0414 E0.2165
G1 X145.9986 Y112.3075 Z57.0499 E0.5387
G1 X146.8464 Y112.9059 Z57.1971 E0.2182
G1 X147.7695 Y113.4800 Z57.4078 E0.2305
G1 X148.6776 Y114.1053 Z57.6202 E0.2337
G1 X149.5699 Y114.7796 Z57.8298 E0.2369
G1 X150.4425 Y115.5051 Z58.0394 E0.2402 F240
;---
G1 E-1.5
G4 P1500 ;ms dwell, no motion
G1 E1.5
;---
G1 X150.9505 Y116.4506 Z58.0466 E0.2234

G1 X151.0701 Y117.5711 Z57.8503 E0.2381 F480
G1 X151.1374 Y118.6819 Z57.651 E0.2353
G1 X151.1555 Y119.7792 Z57.453 E0.2321
G1 X151.1236 Y120.8614 Z57.2574 E0.229
G1 X151.1535 Y121.8977 Z57.1187 E0.2177
G1 X151.3935 Y122.8701 Z57.1245 E0.5419
G1 X151.8511 Y123.8087 Z57.2756 E0.2196
G1 X152.3847 Y124.7617 Z57.4864 E0.2315
G1 X152.8812 Y125.7529 Z57.6957 E0.2348
G1 X153.3385 Y126.7803 Z57.9063 E0.2381
G1 X153.7555 Y127.8422 Z58.1193 E0.2415 F240
;---
G1 E-1.5
G4 P1500 ;ms dwell, no motion
G1 E1.5
;---
G1 X153.7445 Y128.9208 Z58.1235 E0.2245

G1 X153.3076 Y129.9672 Z57.9252 E0.2396 F480
G1 X152.8317 Y130.9795 Z57.7295 E0.2363
G1 X152.3164 Y131.9547 Z57.5311 E0.2333
G1 X151.7661 Y132.8935 Z57.3325 E0.2303
G1 X151.2895 Y133.8216 Z57.1958 E0.219
G1 X151.0302 Y134.7949 Z57.2039 E0.5451
G1 X150.9790 Y135.8436 Z57.3518 E0.2207
G1 X150.9848 Y136.9419 Z57.5622 E0.2328
G1 X150.9418 Y138.0562 Z57.775 E0.2363
G1 X150.8450 Y139.1816 Z57.9838 E0.2391
G1 X150.6962 Y140.3188 Z58.1936 E0.2427 F240
;---
G1 E-1.5
G4 P1500 ;ms dwell, no motion
G1 E1.5
;---
G1 X150.1642 Y141.2648 Z58.2012 E0.2259

G1 X149.2741 Y141.9753 Z58.0043 E0.2406 F480
G1 X148.3654 Y142.6373 Z57.8051 E0.2377
G1 X147.4390 Y143.2483 Z57.6075 E0.2347
G1 X146.5011 Y143.8107 Z57.4121 E0.2313
G1 X145.6319 Y144.3980 Z57.2733 E0.2203
G1 X144.9313 Y145.1305 Z57.2793 E0.5487
G1 X144.3771 Y146.0296 Z57.4301 E0.2222
G1 X143.8496 Y146.9988 Z57.6406 E0.2339
G1 X143.2706 Y147.9584 Z57.8499 E0.2374
G1 X142.6389 Y148.9033 Z58.0611 E0.2407
G1 X141.9565 Y149.8313 Z58.2733 E0.2439 F240
;---
G1 E-1.5
G4 P1500 ;ms dwell, no motion
G1 E1.5
;---
G1 X141.0291 Y150.4065 Z58.2775 E0.2272

G1 X139.9007 Y150.6038 Z58.0798 E0.2421 F480
G1 X138.7800 Y150.7482 Z57.8841 E0.2388
G1 X137.6691 Y150.8395 Z57.6856 E0.2358
G1 X136.5695 Y150.8808 Z57.4867 E0.233
G1 X135.5189 Y150.9796 Z57.3509 E0.2216
G1 X134.5474 Y151.2854 Z57.3582 E0.5516
G1 X133.6225 Y151.8073 Z57.5059 E0.2234
G1 X132.6869 Y152.4057 Z57.717 E0.2355
G1 X131.7118 Y152.9688 Z57.9296 E0.2387
G1 X130.6979 Y153.4937 Z58.138 E0.2418
G1 X129.6458 Y153.9783 Z58.3479 E0.2453 F240
;---
G1 E-1.5
G4 P1500 ;ms dwell, no motion
G1 E1.5
;---
G1 X128.5500 Y154.0366 Z58.3558 E0.2287

G1 X127.4610 Y153.6658 Z58.1582 E0.2432 F480
G1 X126.4030 Y153.2506 Z57.9592 E0.2405
G1 X125.3785 Y152.7952 Z57.7622 E0.2372
G1 X124.3900 Y152.2999 Z57.5663 E0.2341
G1 X123.4164 Y151.8790 Z57.4275 E0.2229
G1 X122.4109 Y151.6774 Z57.4336 E0.5557
G1 X121.3434 Y151.6882 Z57.5848 E0.2248
G1 X120.2300 Y151.7616 Z57.7946 E0.2367
G1 X119.0981 Y151.7828 Z58.0042 E0.24
G1 X117.9500 Y151.7531 Z58.2155 E0.2434
G1 X116.7896 Y151.6696 Z58.4272 E0.2465 F240
;---
G1 E-1.5
G4 P1500 ;ms dwell, no motion
G1 E1.5
;---
G1 X115.7961 Y151.1895 Z58.4317 E0.2301

G1 X115.0145 Y150.3361 Z58.2342 E0.2448 F480
G1 X114.2822 Y149.4599 Z58.0391 E0.2416
G1 X113.6001 Y148.5634 Z57.8395 E0.2386
G1 X112.9677 Y147.6484 Z57.6412 E0.2356
G1 X112.3127 Y146.8065 Z57.5054 E0.2242
G1 X111.5245 Y146.1419 Z57.5121 E0.559
G1 X110.5789 Y145.6337 Z57.6605 E0.2261
G1 X109.5629 Y145.1570 Z57.8714 E0.2382
G1 X108.5558 Y144.6274 Z58.0841 E0.2414
G1 X107.5610 Y144.0432 Z58.2921 E0.2445
G1 X106.5799 Y143.4057 Z58.5024 E0.2479 F240
;---
G1 E-1.5
G4 P1500 ;ms dwell, no motion
G1 E1.5
;---
G1 X105.9364 Y142.5016 Z58.5105 E0.2315

G1 X105.6605 Y141.3725 Z58.3121 E0.246 F480
G1 X105.4383 Y140.2465 Z58.1137 E0.243
G1 X105.2700 Y139.1261 Z57.9167 E0.2399
G1 X105.1539 Y138.0150 Z57.7207 E0.2366
G1 X104.9850 Y136.9551 Z57.5815 E0.2258
G1 X104.6124 Y135.9871 Z57.5879 E0.5626
G1 X104.0247 Y135.0809 Z57.7398 E0.2276
G1 X103.3630 Y134.1684 Z57.9486 E0.2392
G1 X102.7336 Y133.2130 Z58.1587 E0.2427
G1 X102.1414 Y132.2158 Z58.3701 E0.2459
G1 X101.5874 Y131.1795 Z58.5809 E0.2491 F240
;---
G1 E-1.5
G4 P1500 ;ms dwell, no motion
G1 E1.5
;---
G1 X101.4591 Y130.0711 Z58.5858 E0.2328

G1 X101.7610 Y128.9418 Z58.3887 E0.2473 F480
G1 X102.1081 Y127.8422 Z58.1936 E0.244
G1 X102.5020 Y126.7736 Z57.9936 E0.2413
G1 X102.9363 Y125.7373 Z57.7956 E0.2381
G1 X103.2993 Y124.7212 Z57.6604 E0.2269
G1 X103.4397 Y123.6883 Z57.6664 E0.5654
G1 X103.3628 Y122.6051 Z57.8147 E0.2287
G1 X103.2232 Y121.4799 Z58.026 E0.2406
G1 X103.1325 Y120.3341 Z58.238 E0.2438
G1 X103.0958 Y119.1694 Z58.4463 E0.247
G1 X103.1122 Y117.9878 Z58.6568 E0.2504 F240
;---
G1 E-1.5
G4 P1500 ;ms dwell, no motion
G1 E1.5
;---
G1 X103.5353 Y116.9489 Z58.6651 E0.234

G1 X104.3463 Y116.1002 Z58.4662 E0.2484 F480
G1 X105.1846 Y115.2985 Z58.2679 E0.2455
G1 X106.0471 Y114.5456 Z58.0715 E0.2423
G1 X106.9305 Y113.8430 Z57.8744 E0.239
G1 X107.7417 Y113.1228 Z57.7361 E0.2281
G1 X108.3667 Y112.2795 Z57.7427 E0.5692
G1 X108.8243 Y111.2888 Z57.8943 E0.2298
G1 X109.2470 Y110.2311 Z58.103 E0.2415
G1 X109.7249 Y109.1787 Z58.313 E0.245
G1 X110.2578 Y108.1350 Z58.5247 E0.2483
G1 X110.8453 Y107.1042 Z58.7348 E0.2512 F240
;---
G1 E-1.5
G4 P1500 ;ms dwell, no motion
G1 E1.5
;---
G1 X111.7217 Y106.3945 Z58.74 E0.2352

G1 X112.8468 Y106.0368 Z58.5432 E0.2496 F480
G1 X113.9719 Y105.7353 Z58.3476 E0.2463
G1 X115.0955 Y105.4888 Z58.1478 E0.2435
G1 X116.2148 Y105.2963 Z57.9499 E0.2404
G1 X117.2779 Y105.0527 Z57.815 E0.2291
G1 X118.2365 Y104.6130 Z57.8204 E0.5716
G1 X119.1211 Y103.9634 Z57.9689 E0.2309
G1 X120.0070 Y103.2365 Z58.1805 E0.2429
G1 X120.9374 Y102.5426 Z58.392 E0.2459
G1 X121.9128 Y101.8835 Z58.6005 E0.2492
G1 X122.9313 Y101.2615 Z58.8111 E0.2526 F240
;---
G1 E-1.5
G4 P1500 ;ms dwell, no motion
G1 E1.5
;---
G1 X124.0469 Y101.0600 Z58.8197 E0.2362

G1 X125.2104 Y101.2888 Z58.6201 E0.2506 F480
G1 X126.3485 Y101.5665 Z58.4223 E0.2476
G1 X127.4582 Y101.8912 Z58.2261 E0.2444
G1 X128.5370 Y102.2622 Z58.0286 E0.2413
G1 X129.5920 Y102.5623 Z57.8902 E0.2303
G1 X130.6505 Y102.6391 Z57.8971 E0.5749
G1 X131.7443 Y102.4952 Z58.0488 E0.232
G1 X132.8764 Y102.2864 Z58.2571 E0.2438
G1 X134.0330 Y102.1277 Z58.4674 E0.2471
G1 X135.2112 Y102.0209 Z58.6793 E0.2503
G1 X136.4080 Y101.9680 Z58.8887 E0.2533 F240
;---
G1 E-1.5
G4 P1500 ;ms dwell, no motion
G1 E1.5
;---
G1 X137.4887 Y102.3318 Z58.8943 E0.2375

G1 X138.4045 Y103.0947 Z58.6977 E0.2516 F480
G1 X139.2729 Y103.8881 Z58.5015 E0.2484
G1 X140.0940 Y104.7113 Z58.3019 E0.2457
G1 X140.8669 Y105.5592 Z58.1045 E0.2425
G1 X141.6513 Y106.3337 Z57.9698 E0.2312
G1 X142.5465 Y106.9145 Z57.9744 E0.5777
G1 X143.5798 Y107.3186 Z58.1234 E0.2332
G1 X144.6776 Y107.6845 Z58.335 E0.245
G1 X145.7719 Y108.1054 Z58.5458 E0.248
G1 X146.8601 Y108.5843 Z58.7547 E0.2513
G1 X147.9396 Y109.1194 Z58.9655 E0.2546 F240
;---
G1 E-1.5
G4 P1500 ;ms dwell, no motion
G1 E1.5
;---
G1 X148.7155 Y109.9622 Z58.9739 E0.2385

G1 X149.1536 Y111.0770 Z58.7742 E0.2528 F480
G1 X149.5363 Y112.1964 Z58.5767 E0.2497
G1 X149.8629 Y113.3179 Z58.3809 E0.2466
G1 X150.1341 Y114.4378 Z58.1824 E0.2434
G1 X150.4511 Y115.5004 Z58.0446 E0.2326
G1 X150.9593 Y116.4463 Z58.0519 E0.5811
G1 X151.6727 Y117.3027 Z58.2027 E0.2342
G1 X152.4606 Y118.1580 Z58.4113 E0.2459
G1 X153.2193 Y119.0606 Z58.6217 E0.2493
G1 X153.9449 Y120.0098 Z58.834 E0.2526
G1 X154.6340 Y121.0040 Z59.0427 E0.2555 F240
;---
G1 E-1.5
G4 P1500 ;ms dwell, no motion
G1 E1.5
;---
G1 X154.9088 Y122.1229 Z59.0485 E0.2398

G1 X154.7577 Y123.3173 Z58.8522 E0.2539 F480
G1 X154.5545 Y124.4875 Z58.6552 E0.2506
G1 X154.3004 Y125.6337 Z58.4562 E0.2478
G1 X153.9986 Y126.7527 Z58.2589 E0.2447
G1 X153.7653 Y127.8422 Z58.1245 E0.2336
G1 X153.7543 Y128.9212 Z58.1287 E0.5839
G1 X153.9659 Y130.0225 Z58.2776 E0.2355
G1 X154.2450 Y131.1581 Z58.4897 E0.2474
G1 X154.4742 Y132.3195 Z58.6998 E0.2502
G1 X154.6510 Y133.5067 Z58.9088 E0.2536
G1 X154.7749 Y134.7167 Z59.1199 E0.2569 F240
;---
G1 E-1.5
G4 P1500 ;ms dwell, no motion
G1 E1.5
;---
G1 X154.4756 Y135.8350 Z59.1279 E0.2409

G1 X153.7654 Y136.8139 Z58.9283 E0.2551 F480
G1 X153.0209 Y137.7482 Z58.731 E0.252
G1 X152.2444 Y138.6363 Z58.5355 E0.2489
G1 X151.4377 Y139.4759 Z58.3364 E0.2459
G1 X150.7048 Y140.3235 Z58.1988 E0.235
G1 X150.1726 Y141.2699 Z58.2064 E0.5876
G1 X149.8249 Y142.3414 Z58.3566 E0.2366
G1 X149.5191 Y143.4755 Z58.5654 E0.2484
G1 X149.1562 Y144.6095 Z58.776 E0.2517
G1 X148.7362 Y145.7401 Z58.9885 E0.2549
G1 X148.2576 Y146.8633 Z59.1967 E0.2579 F240
;---
G1 E-1.5
G4 P1500 ;ms dwell, no motion
G1 E1.5
;---
G1 X147.4513 Y147.7039 Z59.2027 E0.2425

G1 X146.3535 Y148.2247 Z59.0067 E0.2563 F480
G1 X145.2473 Y148.6879 Z58.8091 E0.2531
G1 X144.1335 Y149.0953 Z58.6104 E0.2504
G1 X143.0167 Y149.4468 Z58.4136 E0.2473
G1 X141.9617 Y149.8396 Z58.2785 E0.2361
G1 X141.0340 Y150.4150 Z58.2827 E0.5911
G1 X140.2073 Y151.1902 Z58.4321 E0.2381
G1 X139.3878 Y152.0401 Z58.6444 E0.2499
G1 X138.5190 Y152.8608 Z58.8537 E0.2527
G1 X137.5997 Y153.6509 Z59.063 E0.2562
G1 X136.6325 Y154.4074 Z59.2742 E0.2595 F240
;---
G1 E-1.5
G4 P1500 ;ms dwell, no motion
G1 E1.5
;---
G1 X135.5169 Y154.7571 Z59.2815 E0.2435

G1 X134.2977 Y154.6859 Z59.0825 E0.2578 F480
G1 X133.0980 Y154.5606 Z58.8854 E0.2546
G1 X131.9205 Y154.3825 Z58.69 E0.2514
G1 X130.7673 Y154.1526 Z58.4905 E0.2485
G1 X129.6464 Y153.9880 Z58.3531 E0.2378
G1 X128.5502 Y154.0464 Z58.3611 E0.5947
G1 X127.4472 Y154.3280 Z58.5105 E0.2393
G1 X126.3132 Y154.6769 Z58.7195 E0.2511
G1 X125.1491 Y154.9775 Z58.9304 E0.2544
G1 X123.9578 Y155.2270 Z59.1426 E0.2575
G1 X122.7406 Y155.4221 Z59.3508 E0.2606 F240
;---
G1 E-1.5
G4 P1500 ;ms dwell, no motion
G1 E1.5
;---
G1 X121.5872 Y155.1892 Z59.3569 E0.2452

G1 X120.5472 Y154.5390 Z59.1613 E0.2589 F480
G1 X119.5516 Y153.8496 Z58.963 E0.2558
G1 X118.5995 Y153.1234 Z58.7646 E0.253
G1 X117.6930 Y152.3644 Z58.568 E0.2499
G1 X116.7855 Y151.6785 Z58.4325 E0.2388
G1 X115.7915 Y151.1982 Z58.4369 E0.5984
G1 X114.6830 Y150.9101 Z58.5865 E0.2409
G1 X113.5158 Y150.6675 Z58.7992 E0.2525
G1 X112.3468 Y150.3667 Z59.0077 E0.2554
G1 X111.1777 Y150.0065 Z59.2171 E0.2588
G1 X110.0116 Y149.5879 Z59.4287 E0.2621 F240
;---
G1 E-1.5
G4 P1500 ;ms dwell, no motion
G1 E1.5
;---
G1 X109.1090 Y148.8249 Z59.4354 E0.2465

G1 X108.5072 Y147.7494 Z59.2365 E0.2604 F480
G1 X107.9613 Y146.6610 Z59.0398 E0.2572
G1 X107.4727 Y145.5623 Z58.8443 E0.2541
G1 X107.0409 Y144.4555 Z58.6445 E0.2513
G1 X106.5719 Y143.4115 Z58.5076 E0.2404
G1 X105.9282 Y142.5071 Z58.5157 E0.602
G1 X105.0931 Y141.7162 Z58.6644 E0.2419
G1 X104.1846 Y140.9357 Z58.8737 E0.2537
G1 X103.3015 Y140.1032 Z59.0849 E0.257
G1 X102.4481 Y139.2198 Z59.2964 E0.26
G1 X101.6262 Y138.2851 Z59.5048 E0.2633 F240
;---
G1 E-1.5
G4 P1500 ;ms dwell, no motion
G1 E1.5
;---
G1 X101.2006 Y137.1751 Z59.5112 E0.248

G1 X101.1885 Y135.9371 Z59.3157 E0.2615 F480
G1 X101.2333 Y134.7154 Z59.117 E0.2584
G1 X101.3335 Y133.5106 Z58.9189 E0.2556
G1 X101.4865 Y132.3267 Z58.7225 E0.2524
G1 X101.5776 Y131.1807 Z58.5861 E0.2415
G1 X101.4493 Y130.0719 Z58.5911 E0.6054
G1 X101.0977 Y128.9696 Z58.7409 E0.2434
G1 X100.6767 Y127.8422 Z58.9536 E0.255
G1 X100.3048 Y126.6816 Z59.1616 E0.2579
G1 X99.9836 Y125.4894 Z59.3713 E0.2613
G1 X99.7144 Y124.2681 Z59.5831 E0.2646 F240
;---
G1 E-1.5
G4 P1500 ;ms dwell, no motion
G1 E1.5
;---
G1 X99.8769 Y123.0859 Z59.5891 E0.2489

G1 X100.4639 Y121.9889 Z59.3907 E0.2628 F480
G1 X101.0928 Y120.9327 Z59.194 E0.2597
G1 X101.7615 Y119.9202 Z58.9982 E0.2564
G1 X102.4686 Y118.9510 Z58.7987 E0.2538
G1 X103.1031 Y117.9841 Z58.662 E0.2429
G1 X103.5263 Y116.9449 Z58.6704 E0.6086
G1 X103.7517 Y115.8051 Z58.8183 E0.2444
G1 X103.9297 Y114.6086 Z59.0279 E0.2561
G1 X104.1660 Y113.4062 Z59.2393 E0.2594
G1 X104.4612 Y112.2024 Z59.4503 E0.2623
G1 X104.8182 Y110.9988 Z59.6587 E0.2654 F240
;---
G1 E-1.5
G4 P1500 ;ms dwell, no motion
G1 E1.5
;---
G1 X105.5348 Y110.0348 Z59.6653 E0.2505

G1 X106.5796 Y109.3512 Z59.4703 E0.2636 F480
G1 X107.6435 Y108.7254 Z59.271 E0.2608
G1 X108.7225 Y108.1551 Z59.0731 E0.2579
G1 X109.8133 Y107.6413 Z58.877 E0.2548
G1 X110.8390 Y107.0967 Z58.7401 E0.2438
G1 X111.7158 Y106.3866 Z58.7452 E0.6117
G1 X112.4680 Y105.4916 Z58.8954 E0.2458
G1 X113.2041 Y104.5256 Z59.1076 E0.2571
G1 X113.9957 Y103.5839 Z59.3156 E0.2601
G1 X114.8410 Y102.6681 Z59.5255 E0.2635
G1 X115.7391 Y101.7822 Z59.7376 E0.2667 F240
;---
G1 E-1.5
G4 P1500 ;ms dwell, no motion
G1 E1.5
;---
G1 X116.8358 Y101.2810 Z59.743 E0.2514

G1 X118.0872 Y101.1835 Z59.5446 E0.2649 F480
G1 X119.3272 Y101.1441 Z59.3484 E0.2618
G1 X120.5519 Y101.1622 Z59.152 E0.2586
G1 X121.7611 Y101.2366 Z58.9528 E0.256
G1 X122.9294 Y101.2518 Z58.8164 E0.2452
G1 X124.0454 Y101.0503 Z58.8249 E0.6145
G1 X125.1410 Y100.6283 Z58.9723 E0.2466
G1 X126.2585 Y100.1367 Z59.1821 E0.2582
G1 X127.4122 Y99.6917 Z59.3939 E0.2614
G1 X128.5988 Y99.2973 Z59.6038 E0.2642
G1 X129.8189 Y98.9546 Z59.8128 E0.2676 F240
;---
G1 E-1.5
G4 P1500 ;ms dwell, no motion
G1 E1.5
;---
G1 X131.0285 Y99.0439 Z59.8197 E0.2527

G1 X132.1774 Y99.5612 Z59.6242 E0.2656 F480
G1 X133.2887 Y100.1250 Z59.425 E0.2629
G1 X134.3602 Y100.7328 Z59.2273 E0.2599
G1 X135.3900 Y101.3809 Z59.0316 E0.2568
G1 X136.4110 Y101.9587 Z58.894 E0.246
G1 X137.4922 Y102.3225 Z58.8995 E0.6177
G1 X138.6620 Y102.4824 Z59.0498 E0.2479
G1 X139.8828 Y102.5920 Z59.2612 E0.2591
G1 X141.1134 Y102.7613 Z59.4697 E0.2623
G1 X142.3494 Y102.9916 Z59.6797 E0.2655
G1 X143.5887 Y103.2810 Z59.8923 E0.2687 F240
;---
G1 E-1.5
G4 P1500 ;ms dwell, no motion
G1 E1.5
;---
G1 X144.6097 Y103.9456 Z59.8969 E0.2537

G1 X145.3725 Y104.9569 Z59.6988 E0.267 F480
G1 X146.0806 Y105.9889 Z59.5029 E0.2638
G1 X146.7305 Y107.0408 Z59.3057 E0.2607
G1 X147.3251 Y108.1095 Z59.107 E0.258
G1 X147.9468 Y109.1127 Z58.9707 E0.2473
G1 X148.7229 Y109.9558 Z58.9792 E0.6203
G1 X149.6741 Y110.6644 Z59.1263 E0.2489
G1 X150.6949 Y111.3546 Z59.3364 E0.2602
G1 X151.6955 Y112.1005 Z59.5484 E0.2635
G1 X152.6699 Y112.9021 Z59.7576 E0.2662
G1 X153.6176 Y113.7596 Z59.9665 E0.2696 F240
;---
G1 E-1.5
G4 P1500 ;ms dwell, no motion
G1 E1.5
;---
G1 X154.1960 Y114.8398 Z59.9738 E0.255

G1 X154.3812 Y116.0968 Z59.7781 E0.2676 F480
G1 X154.5059 Y117.3481 Z59.5789 E0.265
G1 X154.5720 Y118.5895 Z59.3816 E0.262
G1 X154.5809 Y119.8178 Z59.1862 E0.2589
G1 X154.6436 Y121.0015 Z59.048 E0.2484
G1 X154.9184 Y122.1209 Z59.0538 E0.6237
G1 X155.4123 Y123.2066 Z59.2042 E0.2503
G1 X155.9752 Y124.3080 Z59.4149 E0.2612
G1 X156.4915 Y125.4496 Z59.6235 E0.2644
G1 X156.9602 Y126.6286 Z59.8342 E0.2677
G1 X157.3774 Y127.8422 Z60.0464 E0.2707 F240
;---
G1 E-1.5
G4 P1500 ;ms dwell, no motion
G1 E1.5
;---
G1 X157.3630 Y129.0724 Z60.0506 E0.2561

G1 X156.9199 Y130.2706 Z59.853 E0.269 F480
G1 X156.4265 Y131.4337 Z59.6573 E0.2661
G1 X155.8864 Y132.5583 Z59.4597 E0.2629
G1 X155.3004 Y133.6447 Z59.261 E0.2603
G1 X154.7844 Y134.7192 Z59.1251 E0.2497
G1 X154.4850 Y135.8378 Z59.1331 E0.6266
G1 X154.3920 Y137.0320 Z59.2803 E0.2512
G1 X154.3521 Y138.2753 Z59.4907 E0.2626
G1 X154.2523 Y139.5304 Z59.7028 E0.2658
G1 X154.0921 Y140.7932 Z59.9114 E0.2685
G1 X153.8686 Y142.0628 Z60.1207 E0.2718 F240
;---
G1 E-1.5
G4 P1500 ;ms dwell, no motion
G1 E1.5
;---
G1 X153.2607 Y143.1402 Z60.1283 E0.2575

G1 X152.2933 Y143.9810 Z59.9317 E0.2699 F480
G1 X151.2973 Y144.7674 Z59.7329 E0.2674
G1 X150.2782 Y145.4988 Z59.5358 E0.2644
G1 X149.2386 Y146.1737 Z59.3407 E0.2613
G1 X148.2648 Y146.8701 Z59.2019 E0.2509
G1 X147.4581 Y147.7109 Z59.2079 E0.6307
G1 X146.7972 Y148.7176 Z59.3586 E0.2527
G1 X146.1593 Y149.7903 Z59.5686 E0.2635
G1 X145.4618 Y150.8452 Z59.7777 E0.2669
G1 X144.7064 Y151.8784 Z59.9882 E0.2701
G1 X143.8956 Y152.8868 Z60.2004 E0.273 F240
;---
G1 E-1.5
G4 P1500 ;ms dwell, no motion
G1 E1.5
;---
G1 X142.8384 Y153.5402 Z60.2046 E0.2588

G1 X141.5789 Y153.8140 Z60.0069 E0.2716 F480
G1 X140.3233 Y154.0281 Z59.812 E0.2684
G1 X139.0733 Y154.1794 Z59.6134 E0.2655
G1 X137.8309 Y154.2727 Z59.4152 E0.2628
G1 X136.6355 Y154.4167 Z59.2794 E0.2524
G1 X135.5195 Y154.7666 Z59.2867 E0.6334
G1 X134.4491 Y155.3313 Z59.4344 E0.254
G1 X133.3658 Y155.9648 Z59.6448 E0.2651
G1 X132.2413 Y156.5551 Z59.8573 E0.2683
G1 X131.0765 Y157.0952 Z60.0651 E0.271
G1 X129.8729 Y157.5880 Z60.2748 E0.2745 F240
;---
G1 E-1.5
G4 P1500 ;ms dwell, no motion
G1 E1.5
;---
G1 X128.6255 Y157.6524 Z60.2827 E0.2603

G1 X127.3853 Y157.2861 Z60.0854 E0.2726 F480
G1 X126.1754 Y156.8686 Z59.887 E0.2699
G1 X124.9997 Y156.3990 Z59.6901 E0.267
G1 X123.8609 Y155.8830 Z59.4948 E0.2637
G1 X122.7387 Y155.4317 Z59.356 E0.2537
G1 X121.5849 Y155.1988 Z59.3622 E0.6379
G1 X120.3690 Y155.1772 Z59.5132 E0.2555
G1 X119.1102 Y155.2082 Z59.7224 E0.2661
G1 X117.8348 Y155.1798 Z59.9316 E0.2695
G1 X116.5472 Y155.0901 Z60.1427 E0.2727
G1 X115.2515 Y154.9387 Z60.3536 E0.2755 F240
;---
G1 E-1.5
G4 P1500 ;ms dwell, no motion
G1 E1.5
;---
G1 X114.1226 Y154.3908 Z60.3581 E0.2616

G1 X113.2048 Y153.4706 Z60.1613 E0.2741 F480
G1 X112.3404 Y152.5196 Z59.9663 E0.271
G1 X111.5317 Y151.5395 Z59.7673 E0.2682
G1 X110.7773 Y150.5341 Z59.5692 E0.2654
G1 X110.0053 Y149.5954 Z59.4339 E0.255
G1 X109.1024 Y148.8322 Z59.4406 E0.641
G1 X108.0442 Y148.2222 Z59.5884 E0.2566
G1 X106.9207 Y147.6381 Z59.7992 E0.2677
G1 X105.8135 Y146.9946 Z60.0112 E0.2707
G1 X104.7254 Y146.2908 Z60.2192 E0.2737
G1 X103.6602 Y145.5269 Z60.4288 E0.2769 F240
;---
G1 E-1.5
G4 P1500 ;ms dwell, no motion
G1 E1.5
;---
G1 X102.9305 Y144.4985 Z60.4369 E0.263

G1 X102.5660 Y143.2469 Z60.2392 E0.2751 F480
G1 X102.2645 Y141.9913 Z60.0408 E0.2725
G1 X102.0231 Y140.7378 Z59.8445 E0.2694
G1 X101.8437 Y139.4890 Z59.6485 E0.2664
G1 X101.6171 Y138.2887 Z59.51 E0.2564
G1 X101.1913 Y137.1783 Z59.5164 E0.645
G1 X100.5557 Y136.1281 Z59.6676 E0.2581
G1 X99.8517 Y135.0701 Z59.8764 E0.2687
G1 X99.1918 Y133.9658 Z60.0858 E0.2719
G1 X98.5761 Y132.8186 Z60.2968 E0.2752
G1 X98.0106 Y131.6315 Z60.5073 E0.2778 F240
;---
G1 E-1.5
G4 P1500 ;ms dwell, no motion
G1 E1.5
;---
G1 X97.8669 Y130.3728 Z60.5122 E0.2643

G1 X98.1495 Y129.0930 Z60.3152 E0.2765 F480
G1 X98.4876 Y127.8422 Z60.1207 E0.2733
G1 X98.8805 Y126.6220 Z59.921 E0.2707
G1 X99.3251 Y125.4341 Z59.7234 E0.2679
G1 X99.7047 Y124.2668 Z59.5883 E0.2576
G1 X99.8673 Y123.0843 Z59.5943 E0.6474
G1 X99.8180 Y121.8516 Z59.7426 E0.2593
G1 X99.7132 Y120.5785 Z59.9532 E0.2701
G1 X99.6674 Y119.2880 Z60.1651 E0.273
G1 X99.6851 Y117.9817 Z60.3727 E0.276
G1 X99.7637 Y116.6619 Z60.5831 E0.2793 F240
;---
G1 E-1.5
G4 P1500 ;ms dwell, no motion
G1 E1.5
;---
G1 X100.2454 Y115.4840 Z60.5915 E0.2655

G1 X101.1121 Y114.4949 Z60.3926 E0.2775 F480
G1 X102.0135 Y113.5552 Z60.195 E0.2747
G1 X102.9484 Y112.6688 Z59.9986 E0.2719
G1 X103.9114 Y111.8372 Z59.8023 E0.2686
G1 X104.8103 Y110.9931 Z59.6639 E0.2588
G1 X105.5271 Y110.0288 Z59.6705 E0.6515
G1 X106.0803 Y108.9202 Z59.8222 E0.2604
G1 X106.6066 Y107.7517 Z60.0301 E0.2708
G1 X107.1937 Y106.5939 Z60.2401 E0.2743
G1 X107.8436 Y105.4537 Z60.4511 E0.2772
G1 X108.5521 Y104.3327 Z60.6609 E0.28 F240
;---
G1 E-1.5
G4 P1500 ;ms dwell, no motion
G1 E1.5
;---
G1 X109.5472 Y103.5297 Z60.666 E0.2666

G1 X110.7883 Y103.0749 Z60.4696 E0.2786 F480
G1 X112.0337 Y102.6813 Z60.2745 E0.2754
G1 X113.2849 Y102.3528 Z60.0749 E0.2729
G1 X114.5354 Y102.0836 Z59.8776 E0.2699
G1 X115.7349 Y101.7733 Z59.7429 E0.2598
G1 X116.8321 Y101.2720 Z59.7482 E0.6538
G1 X117.8575 Y100.5656 Z59.8966 E0.2615
G1 X118.8882 Y99.7931 Z60.1076 E0.2721
G1 X119.9650 Y99.0610 Z60.3185 E0.275
G1 X121.0898 Y98.3745 Z60.5269 E0.2781
G1 X122.2586 Y97.7344 Z60.7368 E0.2811 F240
;---
G1 E-1.5
G4 P1500 ;ms dwell, no motion
G1 E1.5
;---
G1 X123.5224 Y97.5081 Z60.7454 E0.2676

G1 X124.8337 Y97.7052 Z60.5465 E0.2794 F480
G1 X126.1217 Y97.9608 Z60.3487 E0.2767
G1 X127.3825 Y98.2723 Z60.1532 E0.2737
G1 X128.6126 Y98.6390 Z59.9558 E0.2707
G1 X129.8195 Y98.9448 Z59.818 E0.261
G1 X131.0295 Y99.0342 Z59.8249 E0.6572
G1 X132.2735 Y98.9105 Z59.976 E0.2624
G1 X133.5545 Y98.7316 Z60.1842 E0.273
G1 X134.8575 Y98.6125 Z60.3938 E0.2761
G1 X136.1796 Y98.5529 Z60.6057 E0.2792
G1 X137.5157 Y98.5586 Z60.8144 E0.2817 F240
;---
G1 E-1.5
G4 P1500 ;ms dwell, no motion
G1 E1.5
;---
G1 X138.7381 Y98.9723 Z60.8199 E0.2688

G1 X139.7996 Y99.7765 Z60.624 E0.2803 F480
G1 X140.8095 Y100.6223 Z60.4278 E0.2774
G1 X141.7702 Y101.5049 Z60.229 E0.2748
G1 X142.6780 Y102.4225 Z60.0316 E0.272
G1 X143.5939 Y103.2728 Z59.8975 E0.2617
G1 X144.6152 Y103.9376 Z59.9021 E0.6597
G1 X145.7694 Y104.4340 Z60.0505 E0.2635
G1 X146.9836 Y104.8974 Z60.262 E0.2742
G1 X148.1854 Y105.4249 Z60.4722 E0.2768
G1 X149.3755 Y106.0156 Z60.6805 E0.28
G1 X150.5486 Y106.6695 Z60.8911 E0.283 F240
;---
G1 E-1.5
G4 P1500 ;ms dwell, no motion
G1 E1.5
;---
G1 X151.4245 Y107.6239 Z60.8996 E0.2697

G1 X151.9697 Y108.8447 Z60.6999 E0.2814 F480
G1 X152.4531 Y110.0773 Z60.5031 E0.2787
G1 X152.8744 Y111.3174 Z60.3075 E0.2757
G1 X153.2309 Y112.5622 Z60.1095 E0.2727
G1 X153.6261 Y113.7549 Z59.9717 E0.2631
G1 X154.2047 Y114.8355 Z59.979 E0.6633
G1 X154.9799 Y115.8302 Z60.1298 E0.2644
G1 X155.8201 Y116.8277 Z60.3377 E0.2749
G1 X156.6220 Y117.8756 Z60.5481 E0.2781
G1 X157.3810 Y118.9725 Z60.7596 E0.2811
G1 X158.0948 Y120.1153 Z60.9684 E0.2838 F240
;---
G1 E-1.5
G4 P1500 ;ms dwell, no motion
G1 E1.5
;---
G1 X158.4032 Y121.3801 Z60.9742 E0.271

G1 X158.2951 Y122.7191 Z60.7778 E0.2825 F480
G1 X158.1278 Y124.0360 Z60.5816 E0.2793
G1 X157.8988 Y125.3315 Z60.3826 E0.2769
G1 X157.6144 Y126.6012 Z60.1861 E0.2739
G1 X157.3871 Y127.8422 Z60.0516 E0.264
G1 X157.3726 Y129.0728 Z60.0558 E0.6659
G1 X157.5717 Y130.3253 Z60.2047 E0.2658
G1 X157.8262 Y131.6106 Z60.4161 E0.2762
G1 X158.0233 Y132.9196 Z60.6261 E0.279
G1 X158.1558 Y134.2516 Z60.8345 E0.282
G1 X158.2290 Y135.6038 Z61.045 E0.2852 F240
;---
G1 E-1.5
G4 P1500 ;ms dwell, no motion
G1 E1.5
;---
G1 X157.8891 Y136.8654 Z61.053 E0.2719

G1 X157.1479 Y137.9918 Z60.854 E0.2837 F480
G1 X156.3657 Y139.0726 Z60.6571 E0.2807
G1 X155.5400 Y140.1037 Z60.4618 E0.278
G1 X154.6779 Y141.0840 Z60.2634 E0.2749
G1 X153.8771 Y142.0675 Z60.126 E0.2655
G1 X153.2690 Y143.1452 Z60.1335 E0.6697
G1 X152.8375 Y144.3426 Z60.2835 E0.2668
G1 X152.4363 Y145.5950 Z60.4918 E0.2772
G1 X151.9723 Y146.8417 Z60.7017 E0.2804
G1 X151.4443 Y148.0777 Z60.9141 E0.2833
G1 X150.8509 Y149.2985 Z61.1216 E0.2859 F240
;---
G1 E-1.5
G4 P1500 ;ms dwell, no motion
G1 E1.5
;---
G1 X149.9398 Y150.2451 Z61.1276 E0.2735

G1 X148.7462 Y150.8822 Z60.9323 E0.2846 F480
G1 X147.5364 Y151.4547 Z60.7348 E0.2817
G1 X146.3123 Y151.9657 Z60.5368 E0.2793
G1 X145.0787 Y152.4140 Z60.34 E0.2764
G1 X143.9008 Y152.8950 Z60.2056 E0.2664
G1 X142.8433 Y153.5486 Z60.2098 E0.6731
G1 X141.8808 Y154.3914 Z60.3585 E0.2683
G1 X140.9215 Y155.2996 Z60.5708 E0.2787
G1 X139.9092 Y156.1680 Z60.7794 E0.2812
G1 X138.8446 Y156.9984 Z60.9886 E0.2846
G1 X137.7293 Y157.7831 Z61.199 E0.2874 F240
;---
G1 E-1.5
G4 P1500 ;ms dwell, no motion
G1 E1.5
;---
G1 X136.4713 Y158.1752 Z61.2063 E0.2745

G1 X135.1130 Y158.1615 Z61.0081 E0.286 F480
G1 X133.7697 Y158.0821 Z60.8111 E0.2833
G1 X132.4464 Y157.9441 Z60.6164 E0.2802
G1 X131.1446 Y157.7423 Z60.4169 E0.2776
G1 X129.8735 Y157.5975 Z60.28 E0.2681
G1 X128.6256 Y157.6620 Z60.2878 E0.6769
G1 X127.3718 Y157.9358 Z60.4369 E0.2693
G1 X126.0874 Y158.2681 Z60.6457 E0.2799
G1 X124.7747 Y158.5394 Z60.8561 E0.2828
G1 X123.4373 Y158.7528 Z61.0676 E0.2857
G1 X122.0770 Y158.9007 Z61.2756 E0.2884 F240
;---
G1 E-1.5
G4 P1500 ;ms dwell, no motion
G1 E1.5
;---
G1 X120.7787 Y158.6363 Z61.2818 E0.2762

G1 X119.5892 Y157.9693 Z61.0861 E0.2872 F480
G1 X118.4456 Y157.2536 Z60.8887 E0.2842
G1 X117.3466 Y156.4923 Z60.6904 E0.2818
G1 X116.2956 Y155.6884 Z60.4944 E0.2789
G1 X115.2474 Y154.9474 Z60.3589 E0.2691
G1 X114.1181 Y154.3993 Z60.3633 E0.6804
G1 X112.8806 Y154.0320 Z60.5129 E0.271
G1 X111.5910 Y153.7003 Z60.7248 E0.2812
G1 X110.3062 Y153.3029 Z60.9333 E0.2838
G1 X109.0282 Y152.8384 Z61.142 E0.2869
G1 X107.7592 Y152.3103 Z61.3535 E0.29 F240
;---
G1 E-1.5
G4 P1500 ;ms dwell, no motion
G1 E1.5
;---
G1 X106.7452 Y151.4503 Z61.3602 E0.2773

G1 X106.0211 Y150.2881 Z61.1614 E0.2886 F480
G1 X105.3565 Y149.1070 Z60.9654 E0.2856
G1 X104.7562 Y147.9072 Z60.77 E0.2828
G1 X104.2180 Y146.6930 Z60.5709 E0.2802
G1 X103.6525 Y145.5325 Z60.434 E0.2708
G1 X102.9226 Y144.5039 Z60.4421 E0.6841
G1 X102.0128 Y143.5819 Z60.5908 E0.272
G1 X101.0424 Y142.6631 Z60.7993 E0.2822
G1 X100.1039 Y141.6903 Z61.0104 E0.2854
G1 X99.2075 Y140.6628 Z61.2212 E0.2878
G1 X98.3500 Y139.5823 Z61.429 E0.291 F240
;---
G1 E-1.5
G4 P1500 ;ms dwell, no motion
G1 E1.5
;---
G1 X97.8738 Y138.3335 Z61.4352 E0.2788

G1 X97.7945 Y136.9617 Z61.2406 E0.2895 F480
G1 X97.7789 Y135.6025 Z61.0422 E0.2866
G1 X97.8294 Y134.2554 Z60.8446 E0.2843
G1 X97.9387 Y132.9265 Z60.6487 E0.2812
G1 X98.0011 Y131.6326 Z60.5125 E0.2717
G1 X97.8573 Y130.3736 Z60.5174 E0.6874
G1 X97.5043 Y129.1201 Z60.6669 E0.2735
G1 X97.0965 Y127.8422 Z60.8792 E0.2833
G1 X96.7468 Y126.5327 Z61.0865 E0.2861
G1 X96.4569 Y125.1932 Z61.2962 E0.2892
G1 X96.2291 Y123.8276 Z61.5071 E0.2922 F240
;---
G1 E-1.5
G4 P1500 ;ms dwell, no motion
G1 E1.5
;---
G1 X96.4139 Y122.5003 Z61.5131 E0.2796

G1 X97.0040 Y121.2535 Z61.3156 E0.2907 F480
G1 X97.6469 Y120.0478 Z61.1189 E0.288
G1 X98.3374 Y118.8865 Z60.9238 E0.2848
G1 X99.0767 Y117.7699 Z60.7243 E0.2825
G1 X99.7548 Y116.6584 Z60.5884 E0.2731
G1 X100.2366 Y115.4801 Z60.5967 E0.6904
G1 X100.5359 Y114.2089 Z60.744 E0.2742
G1 X100.7977 Y112.8868 Z60.9535 E0.2846
G1 X101.1269 Y111.5656 Z61.1642 E0.2874
G1 X101.5199 Y110.2484 Z61.375 E0.2901
G1 X101.9845 Y108.9399 Z61.5827 E0.2928 F240
;---
G1 E-1.5
G4 P1500 ;ms dwell, no motion
G1 E1.5
;---
G1 X102.7903 Y107.8596 Z61.5893 E0.2811

G1 X103.9081 Y107.0452 Z61.3949 E0.2913 F480
G1 X105.0559 Y106.2954 Z61.1958 E0.2889
G1 X106.2243 Y105.6039 Z60.9988 E0.2861
G1 X107.4140 Y104.9765 Z60.8026 E0.2835
G1 X108.5461 Y104.3254 Z60.6661 E0.2738
G1 X109.5415 Y103.5222 Z60.6711 E0.6935
G1 X110.4224 Y102.5483 Z60.821 E0.2756
G1 X111.2923 Y101.5131 Z61.0329 E0.2854
G1 X112.2232 Y100.5139 Z61.2405 E0.288
G1 X113.2101 Y99.5483 Z61.4495 E0.2911
G1 X114.2521 Y98.6219 Z61.6617 E0.294 F240
;---
G1 E-1.5
G4 P1500 ;ms dwell, no motion
G1 E1.5
;---
G1 X115.4827 Y98.0622 Z61.667 E0.2818

G1 X116.8610 Y97.8863 Z61.4686 E0.2926 F480
G1 X118.2328 Y97.7757 Z61.2733 E0.2897
G1 X119.5936 Y97.7308 Z61.0769 E0.2868
G1 X120.9436 Y97.7514 Z60.8785 E0.2845
G1 X122.2568 Y97.7251 Z60.742 E0.2752
G1 X123.5210 Y97.4988 Z60.7506 E0.6959
G1 X124.7669 Y97.0695 Z60.8979 E0.2764
G1 X126.0351 Y96.5849 Z61.1069 E0.2863
G1 X127.3382 Y96.1555 Z61.3187 E0.2893
G1 X128.6722 Y95.7878 Z61.5278 E0.2916
G1 X130.0375 Y95.4791 Z61.7368 E0.2949 F240
;---
G1 E-1.5
G4 P1500 ;ms dwell, no motion
G1 E1.5
;---
G1 X131.3925 Y95.5815 Z61.7437 E0.2831

G1 X132.6898 Y96.0911 Z61.5482 E0.2932 F480
G1 X133.9508 Y96.6540 Z61.3499 E0.2906
G1 X135.1718 Y97.2725 Z61.1522 E0.2881
G1 X136.3512 Y97.9384 Z60.9572 E0.2851
G1 X137.5186 Y98.5497 Z60.8196 E0.276
G1 X138.7414 Y98.9634 Z60.8252 E0.699
G1 X140.0465 Y99.1890 Z60.9755 E0.2777
G1 X141.3946 Y99.3789 Z61.186 E0.2869
G1 X142.7481 Y99.6341 Z61.3944 E0.2901
G1 X144.0994 Y99.9605 Z61.6038 E0.2928
G1 X145.4483 Y100.3510 Z61.8155 E0.2957 F240
;---
G1 E-1.5
G4 P1500 ;ms dwell, no motion
G1 E1.5
;---
G1 X146.5892 Y101.0972 Z61.8199 E0.2838

G1 X147.4870 Y102.1711 Z61.6228 E0.2943 F480
G1 X148.3272 Y103.2735 Z61.4272 E0.2915
G1 X149.1033 Y104.4053 Z61.2306 E0.2887
G1 X149.8212 Y105.5605 Z61.0323 E0.2862
G1 X150.5555 Y106.6630 Z60.8964 E0.2772
G1 X151.4316 Y107.6177 Z60.9048 E0.7014
G1 X152.4682 Y108.4497 Z61.0514 E0.2784
G1 X153.5611 Y109.2722 Z61.2613 E0.2881
G1 X154.6257 Y110.1540 Z61.4724 E0.2911
G1 X155.6549 Y111.0942 Z61.6817 E0.2934
G1 X156.6471 Y112.0941 Z61.8896 E0.2964 F240
;---
G1 E-1.5
G4 P1500 ;ms dwell, no motion
G1 E1.5
;---
G1 X157.2918 Y113.3031 Z61.8968 E0.2852

G1 X157.5670 Y114.6783 Z61.7021 E0.2947 F480
G1 X157.7725 Y116.0547 Z61.5029 E0.2926
G1 X157.9133 Y117.4260 Z61.3064 E0.2898
G1 X157.9880 Y118.7893 Z61.111 E0.2871
G1 X158.1040 Y120.1129 Z60.9736 E0.278
G1 X158.4124 Y121.3782 Z60.9794 E0.7047
G1 X158.9193 Y122.6136 Z61.1291 E0.2797
G1 X159.4822 Y123.8648 Z61.3398 E0.2889
G1 X159.9866 Y125.1561 Z61.5476 E0.2917
G1 X160.4367 Y126.4830 Z61.7581 E0.2949
G1 X160.8224 Y127.8422 Z61.9694 E0.2973 F240
;---
G1 E-1.5
G4 P1500 ;ms dwell, no motion
G1 E1.5
;---
G1 X160.8037 Y129.2166 Z61.9737 E0.2861

G1 X160.3844 Y130.5616 Z61.7768 E0.296 F480
G1 X159.9021 Y131.8729 Z61.5813 E0.2936
G1 X159.3670 Y133.1468 Z61.3844 E0.2905
G1 X158.7735 Y134.3829 Z61.1859 E0.2884
G1 X158.2379 Y135.6060 Z61.0502 E0.2793
G1 X157.8980 Y136.8681 Z61.0582 E0.7073
G1 X157.7433 Y138.1991 Z61.2052 E0.2806
G1 X157.6304 Y139.5734 Z61.4151 E0.2903
G1 X157.4472 Y140.9529 Z61.6268 E0.293
G1 X157.1969 Y142.3343 Z61.8344 E0.2954
G1 X156.8764 Y143.7164 Z62.0438 E0.2985 F240
;---
G1 E-1.5
G4 P1500 ;ms dwell, no motion
G1 E1.5
;---
G1 X156.1958 Y144.9178 Z62.0514 E0.2874

G1 X155.1780 Y145.8973 Z61.8547 E0.2969 F480
G1 X154.1231 Y146.8205 Z61.657 E0.2947
G1 X153.0359 Y147.6848 Z61.4597 E0.2921
G1 X151.9205 Y148.4887 Z61.2655 E0.2891
G1 X150.8577 Y149.3049 Z61.1268 E0.2804
G1 X149.9463 Y150.2517 Z61.1328 E0.7114
G1 X149.1664 Y151.3490 Z61.2835 E0.2821
G1 X148.3999 Y152.4984 Z61.4926 E0.291
G1 X147.5700 Y153.6227 Z61.7017 E0.2942
G1 X146.6775 Y154.7145 Z61.9113 E0.2969
G1 X145.7282 Y155.7745 Z62.1233 E0.2996 F240
;---
G1 E-1.5
G4 P1500 ;ms dwell, no motion
G1 E1.5
;---
G1 X144.5480 Y156.5011 Z62.1276 E0.2886

G1 X143.1776 Y156.8720 Z61.93 E0.2985 F480
G1 X141.8061 Y157.1794 Z61.7359 E0.2955
G1 X140.4331 Y157.4141 Z61.5374 E0.2931
G1 X139.0630 Y157.5856 Z61.3401 E0.2906
G1 X137.7322 Y157.7920 Z61.2042 E0.2819
G1 X136.4738 Y158.1841 Z61.2116 E0.7139
G1 X135.2558 Y158.7705 Z61.3593 E0.2833
G1 X134.0225 Y159.4073 Z61.5689 E0.2925
G1 X132.7491 Y159.9942 Z61.781 E0.2954
G1 X131.4363 Y160.5178 Z61.9882 E0.2976
G1 X130.0866 Y160.9858 Z62.1967 E0.3008 F240
;---
G1 E-1.5
G4 P1500 ;ms dwell, no motion
G1 E1.5
;---
G1 X128.6965 Y161.0553 Z62.2047 E0.29

G1 X127.3133 Y160.7237 Z62.0084 E0.2992 F480
G1 X125.9575 Y160.3321 Z61.8101 E0.297
G1 X124.6340 Y159.8785 Z61.6141 E0.2945
G1 X123.3459 Y159.3710 Z61.4192 E0.2914
G1 X122.0753 Y158.9098 Z61.2809 E0.2832
G1 X120.7765 Y158.6454 Z61.287 E0.7182
G1 X119.4215 Y158.5703 Z61.4374 E0.2847
G1 X118.0304 Y158.5316 Z61.6465 E0.2934
G1 X116.6278 Y158.4254 Z61.8547 E0.2964
G1 X115.2183 Y158.2512 Z62.0658 E0.2993
G1 X113.8081 Y158.0062 Z62.2756 E0.3016 F240
;---
G1 E-1.5
G4 P1500 ;ms dwell, no motion
G1 E1.5
;---
G1 X112.5526 Y157.3940 Z62.2802 E0.2912

G1 X111.4918 Y156.4375 Z62.0844 E0.3006 F480
G1 X110.4875 Y155.4390 Z61.8893 E0.2981
G1 X109.5408 Y154.4041 Z61.6914 E0.2954
G1 X108.6524 Y153.3335 Z61.4932 E0.2931
G1 X107.7533 Y152.3175 Z61.3587 E0.2843
G1 X106.7390 Y151.4572 Z61.3654 E0.7211
G1 X105.5869 Y150.7315 Z61.5124 E0.2857
G1 X104.3808 Y150.0232 Z61.7232 E0.295
G1 X103.2014 Y149.2493 Z61.9343 E0.2975
G1 X102.0480 Y148.4131 Z62.1421 E0.3003
G1 X100.9294 Y147.5110 Z62.3509 E0.3029 F240
;---
G1 E-1.5
G4 P1500 ;ms dwell, no motion
G1 E1.5
;---
G1 X100.1199 Y146.3659 Z62.3589 E0.2925

G1 X99.6467 Y145.0151 Z62.1618 E0.3014 F480
G1 X99.2455 Y143.6510 Z61.9639 E0.2995
G1 X98.9076 Y142.2841 Z61.7684 E0.2966
G1 X98.6422 Y140.9145 Z61.5724 E0.2939
G1 X98.3417 Y139.5856 Z61.4341 E0.2856
G1 X97.8654 Y138.3364 Z61.4404 E0.7251
G1 X97.2031 Y137.1402 Z61.5916 E0.287
G1 X96.4882 Y135.9339 Z61.7998 E0.2958
G1 X95.8289 Y134.6806 Z62.0089 E0.2986
G1 X95.2230 Y133.3855 Z62.2188 E0.3015
G1 X94.6760 Y132.0527 Z62.4294 E0.3037 F240
;---
G1 E-1.5
G4 P1500 ;ms dwell, no motion
G1 E1.5
;---
G1 X94.5189 Y130.6539 Z62.4343 E0.2937

G1 X94.7555 Y129.2351 Z62.2372 E0.3029 F480
G1 X95.0546 Y127.8422 Z62.0437 E0.3
G1 X95.4190 Y126.4771 Z61.8441 E0.2977
G1 X95.8432 Y125.1417 Z61.6474 E0.2952
G1 X96.2201 Y123.8265 Z61.5123 E0.2868
G1 X96.4050 Y122.4988 Z61.5183 E0.7271
G1 X96.4027 Y121.1257 Z61.6666 E0.2882
G1 X96.3625 Y119.7180 Z61.8763 E0.2971
G1 X96.3879 Y118.2979 Z62.0882 E0.2996
G1 X96.4873 Y116.8682 Z62.2948 E0.3021
G1 X96.6523 Y115.4300 Z62.5052 E0.3051 F240
;---
G1 E-1.5
G4 P1500 ;ms dwell, no motion
G1 E1.5
;---
G1 X97.1894 Y114.1233 Z62.5133 E0.2947

G1 X98.0824 Y112.9909 Z62.3146 E0.3037 F480
G1 X99.0161 Y111.9073 Z62.1181 E0.3012
G1 X99.9955 Y110.8804 Z61.9217 E0.2989
G1 X101.0094 Y109.9092 Z61.7263 E0.2957
G1 X101.9771 Y108.9346 Z61.5879 E0.2879
G1 X102.7832 Y107.8540 Z61.5945 E0.7311
G1 X103.4448 Y106.6453 Z61.746 E0.2891
G1 X104.0938 Y105.3920 Z61.9532 E0.2975
G1 X104.8061 Y104.1556 Z62.1627 E0.3008
G1 X105.5876 Y102.9481 Z62.3731 E0.3032
G1 X106.4303 Y101.7681 Z62.5816 E0.3055 F240
;---
G1 E-1.5
G4 P1500 ;ms dwell, no motion
G1 E1.5
;---
G1 X107.5359 Y100.8800 Z62.5867 E0.2957

G1 X108.8662 Y100.3094 Z62.3917 E0.3046 F480
G1 X110.2086 Y99.8057 Z62.1966 E0.3017
G1 X111.5650 Y99.3739 Z61.998 E0.2997
G1 X112.9268 Y99.0065 Z61.8009 E0.297
G1 X114.2482 Y98.6137 Z61.6669 E0.2887
G1 X115.4792 Y98.0538 Z61.6722 E0.733
G1 X116.6484 Y97.3147 Z61.8196 E0.29
G1 X117.8269 Y96.5265 Z62.0307 E0.2988
G1 X119.0515 Y95.7895 Z62.2405 E0.3011
G1 X120.3232 Y95.1062 Z62.4489 E0.304
G1 X121.6380 Y94.4814 Z62.6577 E0.3065 F240
;---
G1 E-1.5
G4 P1500 ;ms dwell, no motion
G1 E1.5
;---
G1 X123.0389 Y94.2333 Z62.6662 E0.2965

G1 X124.4832 Y94.3703 Z62.4686 E0.3051 F480
G1 X125.9088 Y94.5769 Z62.2708 E0.303
G1 X127.3108 Y94.8456 Z62.0763 E0.3002
G1 X128.6849 Y95.1806 Z61.8788 E0.2976
G1 X130.0381 Y95.4701 Z61.742 E0.2897
G1 X131.3935 Y95.5725 Z61.7489 E0.7363
G1 X132.7784 Y95.4914 Z61.899 E0.2908
G1 X134.1957 Y95.3699 Z62.1073 E0.2995
G1 X135.6298 Y95.3198 Z62.3159 E0.3021
G1 X137.0785 Y95.3339 Z62.5273 E0.305
G1 X138.5339 Y95.4250 Z62.7352 E0.3068 F240
;---
G1 E-1.5
G4 P1500 ;ms dwell, no motion
G1 E1.5
;---
G1 X139.8861 Y95.8854 Z62.7408 E0.2975

G1 X141.0932 Y96.6996 Z62.5454 E0.306 F480
G1 X142.2470 Y97.5675 Z62.3498 E0.3034
G1 X143.3522 Y98.4787 Z62.1519 E0.3011
G1 X144.4014 Y99.4375 Z61.9547 E0.2989
G1 X145.4530 Y100.3436 Z61.8206 E0.2904
G1 X146.5942 Y101.0900 Z61.8251 E0.7382
G1 X147.8515 Y101.6910 Z61.9736 E0.2919
G1 X149.1561 Y102.2716 Z62.1842 E0.3006
G1 X150.4388 Y102.9222 Z62.3942 E0.3026
G1 X151.7009 Y103.6409 Z62.6012 E0.3055
G1 X152.9383 Y104.4254 Z62.812 E0.3082 F240
;---
G1 E-1.5
G4 P1500 ;ms dwell, no motion
G1 E1.5
;---
G1 X153.9050 Y105.4827 Z62.8204 E0.2982

G1 X154.5712 Y106.7827 Z62.6208 E0.3069 F480
G1 X155.1726 Y108.1014 Z62.4251 E0.3045
G1 X155.7054 Y109.4367 Z62.2294 E0.3021
G1 X156.1686 Y110.7830 Z62.0326 E0.2993
G1 X156.6549 Y112.0898 Z61.8948 E0.2916
G1 X157.2997 Y113.2992 Z61.9021 E0.7417
G1 X158.1146 Y114.4344 Z62.0529 E0.2926
G1 X158.9746 Y115.5787 Z62.2598 E0.3011
G1 X159.7885 Y116.7730 Z62.4701 E0.304
G1 X160.5470 Y118.0167 Z62.6804 E0.3063
G1 X161.2537 Y119.3041 Z62.8891 E0.3087 F240
;---
G1 E-1.5
G4 P1500 ;ms dwell, no motion
G1 E1.5
;---
G1 X161.5919 Y120.7024 Z62.8949 E0.2994

G1 X161.5518 Y122.1683 Z62.6987 E0.3079 F480
G1 X161.4484 Y123.6164 Z62.5035 E0.3049
G1 X161.2712 Y125.0483 Z62.3046 E0.3031
G1 X161.0334 Y126.4580 Z62.1091 E0.3003
G1 X160.8312 Y127.8422 Z61.9747 E0.2925
G1 X160.8125 Y129.2170 Z61.9789 E0.744
G1 X160.9786 Y130.6115 Z62.1278 E0.2939
G1 X161.1778 Y132.0340 Z62.3381 E0.3022
G1 X161.3139 Y133.4760 Z62.5474 E0.3046
G1 X161.3743 Y134.9357 Z62.7554 E0.3071
G1 X161.3676 Y136.4098 Z62.9643 E0.3098 F240
;---
G1 E-1.5
G4 P1500 ;ms dwell, no motion
G1 E1.5
;---
G1 X160.9901 Y137.8015 Z62.9723 E0.3001

G1 X160.2512 Y139.0725 Z62.7748 E0.3087 F480
G1 X159.4607 Y140.2981 Z62.5778 E0.3063
G1 X158.6184 Y141.4744 Z62.3838 E0.3039
G1 X157.7301 Y142.5991 Z62.1855 E0.3012
G1 X156.8842 Y143.7206 Z62.0491 E0.2938
G1 X156.2034 Y144.9224 Z62.0566 E0.7475
G1 X155.6726 Y146.2260 Z62.2055 E0.2947
G1 X155.1575 Y147.5721 Z62.4139 E0.3032
G1 X154.5734 Y148.9035 Z62.6226 E0.3058
G1 X153.9225 Y150.2168 Z62.8349 E0.3083
G1 X153.1995 Y151.5040 Z63.0411 E0.3103 F240
;---
G1 E-1.5
G4 P1500 ;ms dwell, no motion
G1 E1.5
;---
G1 X152.1928 Y152.5458 Z63.0471 E0.3016

G1 X150.9339 Y153.3119 Z62.8531 E0.3095 F480
G1 X149.6477 Y154.0068 Z62.6556 E0.3072
G1 X148.3408 Y154.6381 Z62.4588 E0.305
G1 X147.0147 Y155.1997 Z62.262 E0.3027
G1 X145.7330 Y155.7820 Z62.1285 E0.2945
G1 X144.5524 Y156.5088 Z62.1328 E0.7506
G1 X143.4507 Y157.3946 Z62.2806 E0.296
G1 X142.3475 Y158.3300 Z62.4927 E0.3045
G1 X141.1890 Y159.2124 Z62.7002 E0.3064
G1 X139.9797 Y160.0506 Z62.9092 E0.3095
G1 X138.7191 Y160.8293 Z63.1185 E0.3117 F240
;---
G1 E-1.5
G4 P1500 ;ms dwell, no motion
G1 E1.5
;---
G1 X137.3322 Y161.2586 Z63.1258 E0.3024

G1 X135.8554 Y161.3265 Z62.9279 E0.3107 F480
G1 X134.3872 Y161.3192 Z62.7319 E0.3086
G1 X132.9343 Y161.2482 Z62.5378 E0.3058
G1 X131.4977 Y161.1016 Z62.3389 E0.3037
G1 X130.0871 Y160.9942 Z62.2019 E0.2961
G1 X128.6967 Y161.0638 Z62.2098 E0.7542
G1 X127.3011 Y161.3094 Z62.3589 E0.297
G1 X125.8782 Y161.5931 Z62.5665 E0.3055
G1 X124.4313 Y161.8072 Z62.7769 E0.308
G1 X122.9647 Y161.9536 Z62.987 E0.3103
G1 X121.4804 Y162.0283 Z63.1951 E0.3128 F240
;---
G1 E-1.5
G4 P1500 ;ms dwell, no motion
G1 E1.5
;---
G1 X120.0519 Y161.7347 Z63.2013 E0.3039

G1 X118.7203 Y161.0810 Z63.0055 E0.3119 F480
G1 X117.4324 Y160.3719 Z62.8095 E0.3092
G1 X116.1889 Y159.6054 Z62.6112 E0.3073
G1 X114.9922 Y158.7889 Z62.4165 E0.3048
G1 X113.8045 Y158.0140 Z62.2808 E0.297
G1 X112.5486 Y157.4016 Z62.2854 E0.7574
G1 X111.2007 Y156.9415 Z62.4349 E0.2986
G1 X109.8149 Y156.4990 Z62.6456 E0.3065
G1 X108.4405 Y155.9873 Z62.8542 E0.3089
G1 X107.0835 Y155.4005 Z63.0615 E0.3113
G1 X105.7418 Y154.7488 Z63.2727 E0.3141 F240
;---
G1 E-1.5
G4 P1500 ;ms dwell, no motion
G1 E1.5
;---
G1 X104.6288 Y153.8010 Z63.2793 E0.3048

G1 X103.7739 Y152.5829 Z63.0809 E0.3131 F480
G1 X102.9785 Y151.3399 Z62.8862 E0.3104
G1 X102.2544 Y150.0667 Z62.6907 E0.3082
G1 X101.5937 Y148.7731 Z62.493 E0.3058
G1 X100.9225 Y147.5161 Z62.3561 E0.2986
G1 X100.1128 Y146.3706 Z62.3641 E0.7607
G1 X99.1516 Y145.3148 Z62.5127 E0.2995
G1 X98.1524 Y144.2519 Z62.7202 E0.3074
G1 X97.1923 Y143.1354 Z62.9302 E0.3103
G1 X96.2861 Y141.9634 Z63.1407 E0.3122
G1 X95.4295 Y140.7387 Z63.3466 E0.3147 F240
;---
G1 E-1.5
G4 P1500 ;ms dwell, no motion
G1 E1.5
;---
G1 X94.9089 Y139.3659 Z63.353 E0.3063

G1 X94.7377 Y137.8846 Z63.16 E0.3137 F480
G1 X94.6395 Y136.4087 Z62.9615 E0.3114
G1 X94.6131 Y134.9391 Z62.7654 E0.3094
G1 X94.6539 Y133.4819 Z62.5696 E0.3069
G1 X94.6675 Y132.0538 Z62.4346 E0.2993
G1 X94.5104 Y130.6546 Z62.4395 E0.7637
G1 X94.1806 Y129.2593 Z62.5876 E0.3008
G1 X93.8152 Y127.8422 Z62.8 E0.3085
G1 X93.5193 Y126.3975 Z63.006 E0.3107
G1 X93.2892 Y124.9272 Z63.2157 E0.3135
G1 X93.1331 Y123.4365 Z63.4249 E0.3157 F240
;---
G1 E-1.5
G4 P1500 ;ms dwell, no motion
G1 E1.5
;---
G1 X93.3388 Y121.9802 Z63.4309 E0.3068

G1 X93.8993 Y120.5936 Z63.2351 E0.3147 F480
G1 X94.5256 Y119.2464 Z63.0384 E0.3127
G1 X95.2055 Y117.9409 Z62.8446 E0.3097
G1 X95.9468 Y116.6800 Z62.6452 E0.308
G1 X96.6444 Y115.4268 Z62.5103 E0.3005
G1 X97.1816 Y114.1199 Z62.5185 E0.7664
G1 X97.5710 Y112.7371 Z62.6648 E0.3013
G1 X97.9370 Y111.3141 Z62.8744 E0.3096
G1 X98.3799 Y109.9019 Z63.0836 E0.3118
G1 X98.8887 Y108.5003 Z63.2937 E0.3141
G1 X99.4769 Y107.1181 Z63.5006 E0.3163 F240
;---
G1 E-1.5
G4 P1500 ;ms dwell, no motion
G1 E1.5
;---
G1 X100.3626 Y105.9355 Z63.5072 E0.3082

G1 X101.5214 Y104.9850 Z63.313 E0.3152 F480
G1 X102.7206 Y104.1024 Z63.1153 E0.3133
G1 X103.9478 Y103.2792 Z62.919 E0.3109
G1 X105.2075 Y102.5259 Z62.7235 E0.3088
G1 X106.4251 Y101.7619 Z62.5868 E0.3011
G1 X107.5309 Y100.8734 Z62.5919 E0.7691
G1 X108.5428 Y99.8440 Z62.7419 E0.3027
G1 X109.5536 Y98.7736 Z62.9524 E0.3101
G1 X110.6269 Y97.7490 Z63.16 E0.3124
G1 X111.7574 Y96.7694 Z63.3673 E0.3149
G1 X112.9413 Y95.8364 Z63.5795 E0.3173 F240
;---
G1 E-1.5
G4 P1500 ;ms dwell, no motion
G1 E1.5
;---
G1 X114.2904 Y95.2259 Z63.5849 E0.3087

G1 X115.7698 Y94.9520 Z63.3866 E0.3163 F480
G1 X117.2486 Y94.7469 Z63.1928 E0.3138
G1 X118.7241 Y94.6170 Z62.9963 E0.3115
G1 X120.1944 Y94.5573 Z62.7993 E0.3095
G1 X121.6365 Y94.4733 Z62.6629 E0.3024
G1 X123.0377 Y94.2251 Z62.6714 E0.771
G1 X124.4244 Y93.8108 Z62.8188 E0.3032
G1 X125.8326 Y93.3660 Z63.0265 E0.3108
G1 X127.2718 Y92.9824 Z63.2382 E0.3135
G1 X128.7375 Y92.6736 Z63.4457 E0.3151
G1 X130.2295 Y92.4281 Z63.6544 E0.318 F240
;---
G1 E-1.5
G4 P1500 ;ms dwell, no motion
G1 E1.5
;---
G1 X131.7120 Y92.5433 Z63.661 E0.3098

G1 X133.1440 Y93.0148 Z63.466 E0.3167 F480
G1 X134.5439 Y93.5443 Z63.2693 E0.3145
G1 X135.9058 Y94.1433 Z63.0717 E0.3127
G1 X137.2291 Y94.7946 Z62.8779 E0.3099
G1 X138.5365 Y95.4171 Z62.7405 E0.303
G1 X139.8890 Y95.8776 Z62.746 E0.7737
G1 X141.3099 Y96.1840 Z62.8961 E0.3043
G1 X142.7598 Y96.4777 Z63.1054 E0.3112
G1 X144.2084 Y96.8408 Z63.3123 E0.314
G1 X145.6462 Y97.2812 Z63.5217 E0.3162
G1 X147.0724 Y97.7919 Z63.7313 E0.3184 F240
;---
G1 E-1.5
G4 P1500 ;ms dwell, no motion
G1 E1.5
;---
G1 X148.3178 Y98.6100 Z63.7358 E0.3102

G1 X149.3543 Y99.7110 Z63.5407 E0.3175 F480
G1 X150.3302 Y100.8525 Z63.3449 E0.3153
G1 X151.2414 Y102.0308 Z63.15 E0.3128
G1 X152.0905 Y103.2431 Z62.9515 E0.311
G1 X152.9443 Y104.4197 Z62.8172 E0.3039
G1 X153.9113 Y105.4773 Z62.8256 E0.7756
G1 X155.0062 Y106.4380 Z62.9707 E0.3048
G1 X156.1398 Y107.3987 Z63.1808 E0.3124
G1 X157.2328 Y108.4219 Z63.3901 E0.3147
G1 X158.2832 Y109.5024 Z63.5995 E0.3167
G1 X159.2830 Y110.6450 Z63.8057 E0.3189 F240
;---
G1 E-1.5
G4 P1500 ;ms dwell, no motion
G1 E1.5
;---
G1 X159.9842 Y111.9665 Z63.8129 E0.3114

G1 X160.3693 Y113.4307 Z63.6198 E0.3177 F480
G1 X160.6746 Y114.9056 Z63.4208 E0.3162
G1 X160.9130 Y116.3814 Z63.226 E0.3138
G1 X161.0751 Y117.8572 Z63.0304 E0.3117
G1 X161.2617 Y119.3020 Z62.8943 E0.3045
G1 X161.6000 Y120.7007 Z62.9001 E0.7787
G1 X162.0943 Y122.0766 Z63.0485 E0.3059
G1 X162.6257 Y123.4677 Z63.2591 E0.313
G1 X163.0848 Y124.8960 Z63.4655 E0.3152
G1 X163.4841 Y126.3554 Z63.6749 E0.3179
G1 X163.8070 Y127.8422 Z63.8853 E0.3196 F240
;---
G1 E-1.5
G4 P1500 ;ms dwell, no motion
G1 E1.5
;---
G1 X163.7838 Y129.3416 Z63.8897 E0.3121

G1 X163.4162 Y130.8162 Z63.6926 E0.3189 F480
G1 X162.9780 Y132.2614 Z63.4991 E0.3169
G1 X162.4787 Y133.6730 Z63.3028 E0.3143
G1 X161.9094 Y135.0495 Z63.1054 E0.3128
G1 X161.3752 Y136.4117 Z62.9695 E0.3058
G1 X160.9976 Y137.8038 Z62.9775 E0.7805
G1 X160.7665 Y139.2519 Z63.1247 E0.3068
G1 X160.5546 Y140.7312 Z63.3327 E0.3141
G1 X160.2683 Y142.2089 Z63.5446 E0.3164
G1 X159.9061 Y143.6791 Z63.7503 E0.3181
G1 X159.4716 Y145.1430 Z63.9599 E0.3208 F240
;---
G1 E-1.5
G4 P1500 ;ms dwell, no motion
G1 E1.5
;---
G1 X158.7273 Y146.4509 Z63.9673 E0.3132

G1 X157.6925 Y147.5679 Z63.7706 E0.3196 F480
G1 X156.6142 Y148.6304 Z63.5749 E0.3177
G1 X155.4913 Y149.6309 Z63.3776 E0.3158
G1 X154.3331 Y150.5712 Z63.1849 E0.3132
G1 X153.2053 Y151.5095 Z63.0463 E0.3068
G1 X152.1984 Y152.5516 Z63.0523 E0.7844
G1 X151.2958 Y153.7139 Z63.203 E0.308
G1 X150.3914 Y154.9058 Z63.4104 E0.3145
G1 X149.4243 Y156.0656 Z63.6196 E0.3174
G1 X148.3907 Y157.1792 Z63.8273 E0.3193
G1 X147.3020 Y158.2545 Z64.0383 E0.3216 F240
;---
G1 E-1.5
G4 P1500 ;ms dwell, no motion
G1 E1.5
;---
G1 X146.0157 Y159.0431 Z64.0427 E0.3142

G1 X144.5656 Y159.5269 Z63.8461 E0.321 F480
G1 X143.1080 Y159.9461 Z63.6532 E0.3184
G1 X141.6391 Y160.2831 Z63.4553 E0.3166
G1 X140.1672 Y160.5550 Z63.2595 E0.3144
G1 X138.7216 Y160.8369 Z63.1237 E0.3081
G1 X137.3344 Y161.2663 Z63.131 E0.7864
G1 X135.9782 Y161.8501 Z63.2786 E0.3091
G1 X134.6040 Y162.4557 Z63.4868 E0.3159
G1 X133.1935 Y163.0042 Z63.6971 E0.3183
G1 X131.7475 Y163.4798 Z63.9042 E0.3201
G1 X130.2692 Y163.8889 Z64.1104 E0.3225 F240
;---
G1 E-1.5
G4 P1500 ;ms dwell, no motion
G1 E1.5
;---
G1 X128.7574 Y163.9614 Z64.1182 E0.3154

G1 X127.2510 Y163.6956 Z63.9244 E0.3213 F480
G1 X125.7672 Y163.3576 Z63.7259 E0.3198
G1 X124.3109 Y162.9526 Z63.532 E0.3176
G1 X122.8865 Y162.4826 Z63.337 E0.3153
G1 X121.4789 Y162.0362 Z63.2004 E0.3091
G1 X120.0501 Y161.7425 Z63.2065 E0.7904
G1 X118.5770 Y161.5943 Z63.3551 E0.3102
G1 X117.0779 Y161.4630 Z63.5643 E0.3167
G1 X115.5756 Y161.2545 Z63.7707 E0.3191
G1 X114.0732 Y160.9754 Z63.9817 E0.3216
G1 X112.5802 Y160.6155 Z64.1892 E0.3231 F240
;---
G1 E-1.5
G4 P1500 ;ms dwell, no motion
G1 E1.5
;---
G1 X111.2174 Y159.9478 Z64.194 E0.3164

G1 X110.0171 Y158.9917 Z64.0004 E0.3225 F480
G1 X108.8754 Y157.9794 Z63.8052 E0.3207
G1 X107.7888 Y156.9250 Z63.6092 E0.3184
G1 X106.7637 Y155.8218 Z63.4111 E0.3168
G1 X105.7367 Y154.7549 Z63.2778 E0.31
G1 X104.6235 Y153.8068 Z63.2843 E0.7927
G1 X103.4049 Y152.9597 Z63.4303 E0.3111
G1 X102.1493 Y152.1186 Z63.641 E0.3182
G1 X100.9341 Y151.2064 Z63.8502 E0.3199
G1 X99.7523 Y150.2327 Z64.0564 E0.3222
G1 X98.6169 Y149.1912 Z64.2646 E0.3243 F240
;---
G1 E-1.5
G4 P1500 ;ms dwell, no motion
G1 E1.5
;---
G1 X97.7409 Y147.9466 Z64.2726 E0.3175

G1 X97.1477 Y146.5286 Z64.0754 E0.3232 F480
G1 X96.6292 Y145.0893 Z63.8799 E0.3217
G1 X96.1789 Y143.6385 Z63.6847 E0.3195
G1 X95.8076 Y142.1765 Z63.4903 E0.3173
G1 X95.4224 Y140.7415 Z63.3518 E0.3113
G1 X94.9018 Y139.3684 Z63.3582 E0.7965
G1 X94.2377 Y138.0355 Z63.5094 E0.3123
G1 X93.5486 Y136.6888 Z63.7155 E0.3186
G1 X92.9219 Y135.2986 Z63.9249 E0.3211
G1 X92.3616 Y133.8695 Z64.1324 E0.3231
G1 X91.8653 Y132.4078 Z64.343 E0.325 F240
;---
G1 E-1.5
G4 P1500 ;ms dwell, no motion
G1 E1.5
;---
G1 X91.6979 Y130.8908 Z64.3481 E0.3184

G1 X91.8621 Y129.3564 Z64.151 E0.3246 F480
G1 X92.0923 Y127.8422 Z63.9596 E0.322
G1 X92.3999 Y126.3505 Z63.76 E0.3205
G1 X92.7723 Y124.8838 Z63.5653 E0.3184
G1 X93.1255 Y123.4356 Z63.4301 E0.3123
G1 X93.3313 Y121.9789 Z63.4361 E0.798
G1 X93.3933 Y120.4861 Z63.5845 E0.3133
G1 X93.4450 Y118.9690 Z63.7923 E0.3196
G1 X93.5651 Y117.4456 Z64.0038 E0.3218
G1 X93.7704 Y115.9220 Z64.2086 E0.3236
G1 X94.0429 Y114.3968 Z64.4179 E0.3261 F240
;---
G1 E-1.5
G4 P1500 ;ms dwell, no motion
G1 E1.5
;---
G1 X94.6283 Y112.9830 Z64.4254 E0.3191

G1 X95.5112 Y111.7144 Z64.2284 E0.325 F480
G1 X96.4410 Y110.4916 Z64.0337 E0.323
G1 X97.4306 Y109.3271 Z63.8377 E0.3214
G1 X98.4602 Y108.2156 Z63.6438 E0.3186
G1 X99.4707 Y107.1136 Z63.5058 E0.3132
G1 X100.3566 Y105.9307 Z63.5125 E0.8014
G1 X101.1324 Y104.6493 Z63.663 E0.314
G1 X101.9150 Y103.3459 Z63.8692 E0.32
G1 X102.7628 Y102.0691 Z64.076 E0.3225
G1 X103.6795 Y100.8290 Z64.2868 E0.3246
G1 X104.6610 Y99.6294 Z64.4925 E0.326 F240
;---
G1 E-1.5
G4 P1500 ;ms dwell, no motion
G1 E1.5
;---
G1 X105.8589 Y98.6706 Z64.4978 E0.3199

G1 X107.2423 Y97.9731 Z64.3054 E0.3255 F480
G1 X108.6494 Y97.3489 Z64.1101 E0.3235
G1 X110.0773 Y96.7971 Z63.9141 E0.3218
G1 X111.5211 Y96.3175 Z63.7166 E0.3199
G1 X112.9380 Y95.8295 Z63.5847 E0.3136
G1 X114.2875 Y95.2188 Z63.5901 E0.8028
G1 X115.5927 Y94.4759 Z63.7355 E0.3146
G1 X116.9104 Y93.7060 Z63.9467 E0.3212
G1 X118.2729 Y93.0009 Z64.1541 E0.3227
G1 X119.6778 Y92.3547 Z64.3627 E0.3252
G1 X121.1229 Y91.7814 Z64.5688 E0.3268 F240
;---
G1 E-1.5
G4 P1500 ;ms dwell, no motion
G1 E1.5
;---
G1 X122.6377 Y91.5164 Z64.5771 E0.3205

G1 X124.1884 Y91.5659 Z64.3822 E0.3259 F480
G1 X125.7276 Y91.6978 Z64.1846 E0.3246
G1 X127.2490 Y91.8941 Z63.9922 E0.3222
G1 X128.7480 Y92.1697 Z63.7947 E0.3203
G1 X130.2299 Y92.4206 Z63.6595 E0.3144
G1 X131.7127 Y92.5359 Z63.666 E0.8056
G1 X133.2175 Y92.5178 Z63.8149 E0.3151
G1 X134.7470 Y92.4797 Z64.0231 E0.3217
G1 X136.2852 Y92.5256 Z64.2296 E0.3234
G1 X137.8308 Y92.6395 Z64.4388 E0.3257
G1 X139.3749 Y92.8370 Z64.6463 E0.3271 F240
;---
G1 E-1.5
G4 P1500 ;ms dwell, no motion
G1 E1.5
;---
G1 X140.8339 Y93.3369 Z64.652 E0.3212

G1 X142.1740 Y94.1286 Z64.4561 E0.3267 F480
G1 X143.4645 Y94.9803 Z64.2635 E0.3245
G1 X144.7073 Y95.8865 Z64.0655 E0.323
G1 X145.8955 Y96.8495 Z63.8708 E0.3211
G1 X147.0763 Y97.7859 Z63.7364 E0.315
G1 X148.3219 Y98.6040 Z63.741 E0.8068
G1 X149.6548 Y99.3152 Z63.8897 E0.3161
G1 X151.0133 Y100.0268 Z64.0977 E0.3223
G1 X152.3422 Y100.8083 Z64.3079 E0.324
G1 X153.6380 Y101.6628 Z64.5124 E0.326
G1 X154.9020 Y102.5813 Z64.7231 E0.3282 F240
;---
G1 E-1.5
G4 P1500 ;ms dwell, no motion
G1 E1.5
;---
G1 X155.9425 Y103.7240 Z64.7312 E0.3217

G1 X156.7356 Y105.0673 Z64.5319 E0.3274 F480
G1 X157.4653 Y106.4356 Z64.3389 E0.3253
G1 X158.1199 Y107.8324 Z64.143 E0.3237
G1 X158.7049 Y109.2471 Z63.9486 E0.3212
G1 X159.2893 Y110.6415 Z63.8109 E0.316
G1 X159.9908 Y111.9632 Z63.8181 E0.8097
G1 X160.8182 Y113.2308 Z63.9688 E0.3166
G1 X161.6603 Y114.5154 Z64.1736 E0.3226
G1 X162.4509 Y115.8459 Z64.3838 E0.3251
G1 X163.1711 Y117.2244 Z64.5914 E0.3266
G1 X163.8344 Y118.6415 Z64.7984 E0.3284 F240
;---
G1 E-1.5
G4 P1500 ;ms dwell, no motion
G1 E1.5
;---
G1 X164.1951 Y120.1491 Z64.8037 E0.3226

G1 X164.2478 Y121.7122 Z64.6097 E0.328 F480
G1 X164.2336 Y123.2645 Z64.4161 E0.3255
G1 X164.1347 Y124.8078 Z64.2184 E0.3245
G1 X163.9725 Y126.3349 Z64.0248 E0.3221
G1 X163.8143 Y127.8422 Z63.8906 E0.3166
G1 X163.7911 Y129.3419 Z63.8949 E0.8116
G1 X163.9035 Y130.8571 Z64.043 E0.3177
G1 X164.0183 Y132.3928 Z64.2518 E0.3234
G1 X164.0632 Y133.9410 Z64.4582 E0.3252
G1 X164.0288 Y135.5000 Z64.6665 E0.3274
G1 X163.9170 Y137.0643 Z64.8722 E0.3292 F240
;---
G1 E-1.5
G4 P1500 ;ms dwell, no motion
G1 E1.5
;---
G1 X163.5074 Y138.5616 Z64.8801 E0.3231

G1 X162.8076 Y139.9628 Z64.686 E0.3285 F480
G1 X162.0424 Y141.3203 Z64.4888 E0.3269
G1 X161.2204 Y142.6328 Z64.2975 E0.3248
G1 X160.3391 Y143.8941 Z64.099 E0.323
G1 X159.4779 Y145.1465 Z63.9651 E0.3176
G1 X158.7335 Y146.4546 Z63.9726 E0.8145
G1 X158.0936 Y147.8345 Z64.119 E0.3181
G1 X157.4533 Y149.2400 Z64.3276 E0.3244
G1 X156.7374 Y150.6185 Z64.5337 E0.3262
G1 X155.9560 Y151.9720 Z64.7456 E0.3283
G1 X155.0971 Y153.2861 Z64.9491 E0.3296 F240
;---
G1 E-1.5
G4 P1500 ;ms dwell, no motion
G1 E1.5
;---
G1 X154.0125 Y154.4040 Z64.9552 E0.3243

G1 X152.7267 Y155.3030 Z64.7638 E0.329 F480
G1 X151.4004 Y156.1256 Z64.5667 E0.3275
G1 X150.0475 Y156.8866 Z64.3726 E0.3257
G1 X148.6630 Y157.5711 Z64.1758 E0.3242
G1 X147.3058 Y158.2604 Z64.0433 E0.3181
G1 X146.0191 Y159.0490 Z64.0476 E0.817
G1 X144.7858 Y159.9482 Z64.1943 E0.3193
G1 X143.5446 Y160.8740 Z64.4056 E0.3254
G1 X142.2483 Y161.7326 Z64.6113 E0.3267
G1 X140.9047 Y162.5380 Z64.8168 E0.329
G1 X139.5145 Y163.2771 Z65.0265 E0.3308 F240
;---
G1 E-1.5
G4 P1500 ;ms dwell, no motion
G1 E1.5
;---
G1 X138.0236 Y163.7353 Z65.0337 E0.3249

G1 X136.4595 Y163.9020 Z64.8352 E0.3303 F480
G1 X134.8974 Y163.9933 Z64.6431 E0.3284
G1 X133.3423 Y164.0115 Z64.449 E0.3265
G1 X131.7968 Y163.9485 Z64.2527 E0.3249
G1 X130.2697 Y163.8958 Z64.1156 E0.3197
G1 X128.7575 Y163.9683 Z64.1234 E0.8201
G1 X127.2412 Y164.1650 Z64.2726 E0.3202
G1 X125.7036 Y164.3681 Z64.4773 E0.326
G1 X124.1484 Y164.4987 Z64.688 E0.3282
G1 X122.5813 Y164.5496 Z64.8947 E0.3296
G1 X121.0036 Y164.5277 Z65.1032 E0.3317 F240
;---
G1 E-1.5
G4 P1500 ;ms dwell, no motion
G1 E1.5
;---
G1 X119.4715 Y164.2096 Z65.1094 E0.3261

G1 X118.0166 Y163.6016 Z64.9134 E0.3312 F480
G1 X116.5996 Y162.9349 Z64.7206 E0.3289
G1 X115.2250 Y162.1971 Z64.5224 E0.3278
G1 X113.8929 Y161.4043 Z64.3302 E0.3257
G1 X112.5773 Y160.6218 Z64.1945 E0.3204
G1 X111.2142 Y159.9539 Z64.1992 E0.8228
G1 X109.7853 Y159.3931 Z64.3487 E0.3216
G1 X108.3394 Y158.8239 Z64.5565 E0.3269
G1 X106.9117 Y158.1870 Z64.7651 E0.3288
G1 X105.5144 Y157.4677 Z64.9696 E0.3305
G1 X104.1405 Y156.6844 Z65.178 E0.3326 F240
;---
G1 E-1.5
G4 P1500 ;ms dwell, no motion
G1 E1.5
;---
G1 X102.9500 Y155.6654 Z65.1841 E0.3267

G1 X101.9632 Y154.4318 Z64.989 E0.332 F480
G1 X101.0352 Y153.1647 Z64.7957 E0.33
G1 X100.1820 Y151.8555 Z64.6017 E0.3284
G1 X99.3906 Y150.5193 Z64.4062 E0.3264
G1 X98.6113 Y149.1952 Z64.2699 E0.3217
G1 X97.7352 Y147.9504 Z64.2778 E0.8256
G1 X96.7536 Y146.7672 Z64.4248 E0.3221
G1 X95.7633 Y145.5654 Z64.6314 E0.3277
G1 X94.8232 Y144.3115 Z64.8377 E0.3297
G1 X93.9421 Y143.0069 Z65.0486 E0.3313
G1 X93.1247 Y141.6512 Z65.251 E0.3329 F240
;---
G1 E-1.5
G4 P1500 ;ms dwell, no motion
G1 E1.5
;---
G1 X92.5705 Y140.1803 Z65.2573 E0.3279

G1 X92.2885 Y138.6242 Z65.0679 E0.3323 F480
G1 X92.0891 Y137.0635 Z64.8694 E0.3308
G1 X91.9620 Y135.5026 Z64.6766 E0.3292
G1 X91.9129 Y133.9455 Z64.4804 E0.3276
G1 X91.8585 Y132.4086 Z64.3482 E0.322
G1 X91.6910 Y130.8914 Z64.3533 E0.8279
G1 X91.4095 Y129.3754 Z64.4986 E0.3231
G1 X91.1164 Y127.8422 Z64.7109 E0.3287
G1 X90.9051 Y126.2878 Z64.914 E0.33
G1 X90.7616 Y124.7150 Z65.1238 E0.3324
G1 X90.7046 Y123.1299 Z65.3291 E0.3336 F240
;---
G1 E-1.5
G4 P1500 ;ms dwell, no motion
G1 E1.5
;---
G1 X90.9279 Y121.5722 Z65.3352 E0.3283

G1 X91.4255 Y120.0678 Z65.1429 E0.333 F480
G1 X92.0032 Y118.5989 Z64.9464 E0.3318
G1 X92.6374 Y117.1655 Z64.7553 E0.3294
G1 X93.3469 Y115.7745 Z64.5564 E0.3284
G1 X94.0369 Y114.3944 Z64.4227 E0.323
G1 X94.6224 Y112.9804 Z64.4304 E0.8299
G1 X95.1112 Y111.5159 Z64.5759 E0.3235
G1 X95.5966 Y110.0274 Z64.7849 E0.3294
G1 X96.1668 Y108.5619 Z64.9916 E0.3309
G1 X96.8049 Y107.1158 Z65.1979 E0.3324
G1 X97.5217 Y105.6975 Z65.405 E0.3343 F240
;---
G1 E-1.5
G4 P1500 ;ms dwell, no motion
G1 E1.5
;---
G1 X98.4706 Y104.4360 Z65.4116 E0.3292

G1 X99.6339 Y103.3558 Z65.217 E0.3335 F480
G1 X100.8436 Y102.3397 Z65.0234 E0.332
G1 X102.0943 Y101.3864 Z64.8262 E0.3305
G1 X103.3836 Y100.5004 Z64.6345 E0.3287
G1 X104.6569 Y99.6245 Z64.4977 E0.3235
G1 X105.8551 Y98.6655 Z64.503 E0.832
G1 X106.9910 Y97.6114 Z64.653 E0.3247
G1 X108.1405 Y96.5468 Z64.86 E0.3295
G1 X109.3480 Y95.5338 Z65.068 E0.3315
G1 X110.6127 Y94.5800 Z65.2717 E0.333
G1 X111.9255 Y93.6780 Z65.4835 E0.335 F240
;---
G1 E-1.5
G4 P1500 ;ms dwell, no motion
G1 E1.5
;---
G1 X113.3670 Y93.0290 Z65.4891 E0.3296

G1 X114.9113 Y92.6438 Z65.291 E0.3343 F480
G1 X116.4619 Y92.3259 Z65.1007 E0.3323
G1 X118.0195 Y92.0930 Z64.9041 E0.3308
G1 X119.5783 Y91.9303 Z64.7105 E0.3292
G1 X121.1217 Y91.7751 Z64.574 E0.3245
G1 X122.6367 Y91.5101 Z64.5823 E0.8334
G1 X124.1430 Y91.1341 Z64.7299 E0.325
G1 X125.6688 Y90.7626 Z64.9345 E0.33
G1 X127.2188 Y90.4550 Z65.1454 E0.3322
G1 X128.7887 Y90.2348 Z65.3499 E0.3331
G1 X130.3770 Y90.0827 Z65.5546 E0.3351 F240
;---
G1 E-1.5
G4 P1500 ;ms dwell, no motion
G1 E1.5
;---
G1 X131.9572 Y90.2095 Z65.5608 E0.3302

G1 X133.4993 Y90.6094 Z65.3702 E0.3343 F480
G1 X135.0149 Y91.0753 Z65.1748 E0.3327
G1 X136.4975 Y91.6203 Z64.9797 E0.3316
G1 X137.9469 Y92.2234 Z64.7877 E0.3294
G1 X139.3769 Y92.8308 Z64.6516 E0.3248
G1 X140.8361 Y93.3308 Z64.6572 E0.8353
G1 X142.3411 Y93.7308 Z64.8049 E0.3258
G1 X143.8581 Y94.1441 Z65.0134 E0.3303
G1 X145.3629 Y94.6324 Z65.216 E0.3322
G1 X146.8503 Y95.1955 Z65.4261 E0.3341
G1 X148.3132 Y95.8367 Z65.6308 E0.3353 F240
;---
G1 E-1.5
G4 P1500 ;ms dwell, no motion
G1 E1.5
;---
G1 X149.6382 Y96.7104 Z65.6356 E0.3305

G1 X150.8057 Y97.7989 Z65.4452 E0.3347 F480
G1 X151.9107 Y98.9418 Z65.249 E0.3335
G1 X152.9558 Y100.1269 Z65.058 E0.3314
G1 X153.9353 Y101.3593 Z64.8594 E0.3304
G1 X154.9067 Y102.5769 Z64.7283 E0.3254
G1 X155.9474 Y103.7198 Z64.7364 E0.8366
G1 X157.0671 Y104.8046 Z64.8787 E0.3259
G1 X158.2027 Y105.8999 Z65.0888 E0.3314
G1 X159.2832 Y107.0594 Z65.2943 E0.3327
G1 X160.3165 Y108.2711 Z65.5035 E0.3343
G1 X161.2841 Y109.5449 Z65.7057 E0.3356 F240
;---
G1 E-1.5
G4 P1500 ;ms dwell, no motion
G1 E1.5
;---
G1 X162.0271 Y110.9522 Z65.7128 E0.3312

G1 X162.5330 Y112.4674 Z65.5228 E0.3348 F480
G1 X162.9517 Y114.0042 Z65.3252 E0.3341
G1 X163.3048 Y115.5485 Z65.1339 E0.3321
G1 X163.5715 Y117.1035 Z64.9383 E0.3309
G1 X163.8400 Y118.6400 Z64.8032 E0.3258
G1 X164.2005 Y120.1479 Z64.8084 E0.8388
G1 X164.6584 Y121.6427 Z64.9565 E0.3269
G1 X165.1247 Y123.1520 Z65.1653 E0.3315
G1 X165.5072 Y124.6926 Z65.3699 E0.3331
G1 X165.8210 Y126.2574 Z65.5739 E0.3348
G1 X166.0577 Y127.8422 Z65.785 E0.3364 F240
;---
G1 E-1.5
G4 P1500 ;ms dwell, no motion
G1 E1.5
;---
G1 X166.0300 Y129.4358 Z65.7896 E0.3317

G1 X165.7389 Y131.0112 Z65.592 E0.3359 F480
G1 X165.3768 Y132.5643 Z65.4034 E0.3342
G1 X164.9406 Y134.0895 Z65.2066 E0.3327
G1 X164.4315 Y135.5856 Z65.0135 E0.3314
G1 X163.9228 Y137.0658 Z64.8774 E0.327
G1 X163.5131 Y138.5633 Z64.8852 E0.8401
G1 X163.1947 Y140.0975 Z65.0328 E0.3276
G1 X162.8644 Y141.6457 Z65.2369 E0.3322
G1 X162.4606 Y143.1848 Z65.4488 E0.3341
G1 X161.9727 Y144.7052 Z65.6502 E0.335
G1 X161.4153 Y146.2116 Z65.8599 E0.3372 F240
;---
G1 E-1.5
G4 P1500 ;ms dwell, no motion
G1 E1.5
;---
G1 X160.6222 Y147.5984 Z65.867 E0.3325

G1 X159.6072 Y148.8404 Z65.6703 E0.3364 F480
G1 X158.5452 Y150.0334 Z65.4793 E0.3349
G1 X157.4242 Y151.1628 Z65.282 E0.3338
G1 X156.2627 Y152.2368 Z65.0927 E0.3317
G1 X155.1014 Y153.2902 Z64.9543 E0.3277
G1 X154.0167 Y154.4082 Z64.9604 E0.8432
G1 X152.9967 Y155.6028 Z65.1108 E0.3286
G1 X151.9552 Y156.7964 Z65.3147 E0.3325
G1 X150.8562 Y157.9521 Z65.5235 E0.3348
G1 X149.6890 Y159.0470 Z65.7272 E0.3359
G1 X148.4702 Y160.0953 Z65.9333 E0.3374 F240
;---
G1 E-1.5
G4 P1500 ;ms dwell, no motion
G1 E1.5
;---
G1 X147.1034 Y160.9273 Z65.9365 E0.3331

G1 X145.6157 Y161.5355 Z65.7461 E0.3371 F480
G1 X144.1094 Y162.0742 Z65.554 E0.3355
G1 X142.5826 Y162.5282 Z65.3596 E0.3342
G1 X141.0451 Y162.9155 Z65.1661 E0.3326
G1 X139.5164 Y163.2828 Z65.0317 E0.3287
G1 X138.0252 Y163.7411 Z65.0389 E0.8449
G1 X136.5509 Y164.2921 Z65.1831 E0.3292
G1 X135.0580 Y164.8352 Z65.3911 E0.3338
G1 X133.5340 Y165.3096 Z65.5965 E0.3353
G1 X131.9818 Y165.7095 Z65.8042 E0.3368
G1 X130.4040 Y166.0299 Z66.0051 E0.338 F240
;---
G1 E-1.5
G4 P1500 ;ms dwell, no motion
G1 E1.5
;---
G1 X128.8025 Y166.1030 Z66.0126 E0.334

G1 X127.2041 Y165.9288 Z65.8242 E0.3373 F480
G1 X125.6217 Y165.6704 Z65.6258 E0.3367
G1 X124.0597 Y165.3437 Z65.4363 E0.3349
G1 X122.5237 Y164.9392 Z65.2409 E0.3336
G1 X121.0024 Y164.5337 Z65.1084 E0.3293
G1 X119.4701 Y164.2154 Z65.1146 E0.8481
G1 X117.9114 Y163.9789 Z65.2592 E0.33
G1 X116.3388 Y163.7373 Z65.4686 E0.3345
G1 X114.7744 Y163.4088 Z65.6707 E0.3359
G1 X113.2172 Y163.0118 Z65.8811 E0.3378
G1 X111.6813 Y162.5254 Z66.0836 E0.3385 F240
;---
G1 E-1.5
G4 P1500 ;ms dwell, no motion
G1 E1.5
;---
G1 X110.2406 Y161.8160 Z66.0887 E0.3348

G1 X108.9170 Y160.8972 Z65.8993 E0.3382 F480
G1 X107.6513 Y159.9083 Z65.7049 E0.3373
G1 X106.4345 Y158.8735 Z65.5132 E0.3354
G1 X105.2807 Y157.7756 Z65.3155 E0.3347
G1 X104.1372 Y156.6885 Z65.1827 E0.3301
G1 X102.9465 Y155.6693 Z65.1889 E0.8496
G1 X101.6941 Y154.7066 Z65.3347 E0.3309
G1 X100.4304 Y153.7328 Z65.5429 E0.3355
G1 X99.2190 Y152.6867 Z65.7498 E0.3366
G1 X98.0527 Y151.5796 Z65.9499 E0.3379
G1 X96.9368 Y150.4119 Z66.1594 E0.3397 F240
;---
G1 E-1.5
G4 P1500 ;ms dwell, no motion
G1 E1.5
;---
G1 X96.0137 Y149.0944 Z66.167 E0.3356

G1 X95.2996 Y147.6477 Z65.9694 E0.339 F480
G1 X94.6557 Y146.1742 Z65.78 E0.3378
G1 X94.0877 Y144.6767 Z65.5838 E0.3366
G1 X93.5953 Y143.1614 Z65.3944 E0.3347
G1 X93.1196 Y141.6532 Z65.2562 E0.3311
G1 X92.5652 Y140.1821 Z65.2625 E0.8527
G1 X91.9268 Y138.7334 Z65.4136 E0.3318
G1 X91.2997 Y137.2661 Z65.6152 E0.3355
G1 X90.7377 Y135.7628 Z65.825 E0.3377
G1 X90.2557 Y134.2259 Z66.0269 E0.3387
G1 X89.8392 Y132.6635 Z66.2371 E0.3401 F240
;---
G1 E-1.5
G4 P1500 ;ms dwell, no motion
G1 E1.5
;---
G1 X89.6654 Y131.0615 Z66.2427 E0.3362

G1 X89.7366 Y129.4457 Z66.0456 E0.3399 F480
G1 X89.8733 Y127.8422 Z65.8589 E0.3379
G1 X90.0988 Y126.2540 Z65.66 E0.3372
G1 X90.3900 Y124.6838 Z65.4697 E0.3355
G1 X90.6991 Y123.1292 Z65.3343 E0.3319
G1 X90.9224 Y121.5713 Z65.3404 E0.8537
G1 X91.0625 Y119.9906 Z65.4889 E0.3325
G1 X91.2273 Y118.3998 Z65.6922 E0.3363
G1 X91.4603 Y116.8100 Z65.9015 E0.3379
G1 X91.7856 Y115.2307 Z66.1033 E0.339
G1 X92.1826 Y113.6603 Z66.3049 E0.3404 F240
;---
G1 E-1.5
G4 P1500 ;ms dwell, no motion
G1 E1.5
;---
G1 X92.8024 Y112.1702 Z66.3132 E0.3365

G1 X93.6365 Y110.7836 Z66.123 E0.3399 F480
G1 X94.5298 Y109.4410 Z65.9281 E0.3388
G1 X95.4885 Y108.1511 Z65.7376 E0.3376
G1 X96.4972 Y106.9113 Z65.5453 E0.3357
G1 X97.5172 Y105.6942 Z65.4102 E0.3324
G1 X98.4663 Y104.4325 Z65.4168 E0.8561
G1 X99.3558 Y103.1157 Z65.5633 E0.3328
G1 X100.2700 Y101.8009 Z65.7692 E0.3368
G1 X101.2516 Y100.5259 Z65.9702 E0.3382
G1 X102.2960 Y99.2928 Z66.1813 E0.3399
G1 X103.4080 Y98.1145 Z66.3805 E0.3404 F240
;---
G1 E-1.5
G4 P1500 ;ms dwell, no motion
G1 E1.5
;---
G1 X104.6719 Y97.1068 Z66.386 E0.3371

G1 X106.0672 Y96.2825 Z66.2 E0.3401 F480
G1 X107.4997 Y95.5371 Z66.0042 E0.3392
G1 X108.9586 Y94.8592 Z65.814 E0.3378
G1 X110.4456 Y94.2604 Z65.6164 E0.3368
G1 X111.9231 Y93.6730 Z65.4887 E0.3325
G1 X113.3649 Y93.0239 Z65.4943 E0.857
G1 X114.7863 Y92.3076 Z65.6355 E0.3331
G1 X116.2230 Y91.5908 Z65.8465 E0.3376
G1 X117.7013 Y90.9528 Z66.0485 E0.3382
G1 X119.2136 Y90.3754 Z66.2569 E0.3401
G1 X120.7610 Y89.8851 Z66.457 E0.3409 F240
;---
G1 E-1.5
G4 P1500 ;ms dwell, no motion
G1 E1.5
;---
G1 X122.3560 Y89.6099 Z66.4649 E0.3373

G1 X123.9770 Y89.5539 Z66.2747 E0.3402 F480
G1 X125.5949 Y89.5897 Z66.0793 E0.3397
G1 X127.2027 Y89.6904 Z65.8909 E0.3379
G1 X128.7962 Y89.8815 Z65.6946 E0.3369
G1 X130.3773 Y90.0783 Z65.5591 E0.3331
G1 X131.9577 Y90.2050 Z65.5654 E0.8586
G1 X133.5507 Y90.2618 Z65.7146 E0.3336
G1 X135.1570 Y90.3306 Z65.9192 E0.3375
G1 X136.7629 Y90.4885 Z66.1243 E0.3388
G1 X138.3661 Y90.7217 Z66.3262 E0.34
G1 X139.9606 Y91.0350 Z66.5344 E0.3412 F240
;---
G1 E-1.5
G4 P1500 ;ms dwell, no motion
G1 E1.5
;---
G1 X141.4934 Y91.5637 Z66.5403 E0.3377

G1 X142.9420 Y92.3010 Z66.3437 E0.341 F480
G1 X144.3494 Y93.1003 Z66.1579 E0.3393
G1 X145.7100 Y93.9685 Z65.9593 E0.3387
G1 X147.0235 Y94.8956 Z65.7708 E0.3371
G1 X148.3159 Y95.8325 Z65.636 E0.3336
G1 X149.6410 Y96.7063 Z65.6408 E0.8593
G1 X151.0139 Y97.5246 Z65.7897 E0.3343
G1 X152.3842 Y98.3693 Z65.992 E0.3378
G1 X153.7194 Y99.2791 Z66.2024 E0.3392
G1 X155.0070 Y100.2649 Z66.4006 E0.3401
G1 X156.2571 Y101.3087 Z66.611 E0.3418 F240
;---
G1 E-1.5
G4 P1500 ;ms dwell, no motion
G1 E1.5
;---
G1 X157.3470 Y102.5118 Z66.6176 E0.3379

G1 X158.2621 Y103.8576 Z66.4201 E0.3413 F480
G1 X159.1188 Y105.2343 Z66.2335 E0.3397
G1 X159.8949 Y106.6528 Z66.0374 E0.3391
G1 X160.6067 Y108.0954 Z65.8484 E0.3372
G1 X161.2886 Y109.5425 Z65.7109 E0.3342
G1 X162.0316 Y110.9499 Z65.718 E0.8613
G1 X162.8416 Y112.3300 Z65.868 E0.3345
G1 X163.6289 Y113.7361 Z66.0682 E0.338
G1 X164.3608 Y115.1807 Z66.2763 E0.3397
G1 X165.0097 Y116.6691 Z66.4792 E0.3405
G1 X165.5927 Y118.1902 Z66.6775 E0.3414 F240
;---
G1 E-1.5
G4 P1500 ;ms dwell, no motion
G1 E1.5
;---
G1 X165.9670 Y119.7724 Z66.6822 E0.3383

G1 X166.1328 Y121.3931 Z66.4978 E0.3412 F480
G1 X166.2212 Y123.0136 Z66.3043 E0.34
G1 X166.2246 Y124.6324 Z66.1131 E0.3393
G1 X166.1574 Y126.2433 Z65.9207 E0.3378
G1 X166.0628 Y127.8422 Z65.7902 E0.3345
G1 X166.0350 Y129.4361 Z65.7949 E0.8626
G1 X166.0711 Y131.0391 Z65.9365 E0.335
G1 X166.0848 Y132.6536 Z66.1463 E0.3389
G1 X166.0170 Y134.2716 Z66.3457 E0.3396
G1 X165.8728 Y135.8920 Z66.5548 E0.3413
G1 X165.6408 Y137.5066 Z66.7524 E0.342 F240
;---
G1 E-1.5
G4 P1500 ;ms dwell, no motion
G1 E1.5
;---
G1 X165.2077 Y139.0752 Z66.7598 E0.3387

G1 X164.5794 Y140.5799 Z66.5742 E0.3416 F480
G1 X163.8719 Y142.0445 Z66.377 E0.341
G1 X163.1049 Y143.4716 Z66.1918 E0.3394
G1 X162.2651 Y144.8503 Z65.9934 E0.3386
G1 X161.4198 Y146.2141 Z65.8651 E0.335
G1 X160.6265 Y147.6010 Z65.8721 E0.8646
G1 X159.8774 Y149.0199 Z66.0133 E0.3353
G1 X159.1108 Y150.4443 Z66.2223 E0.3395
G1 X158.2632 Y151.8276 Z66.4219 E0.3403
G1 X157.3549 Y153.1795 Z66.631 E0.3417
G1 X156.3671 Y154.4790 Z66.8294 E0.3423 F240
;---
G1 E-1.5
G4 P1500 ;ms dwell, no motion
G1 E1.5
;---
G1 X155.2296 Y155.6467 Z66.8355 E0.3394

G1 X153.9565 Y156.6686 Z66.6478 E0.3419 F480
G1 X152.6315 Y157.6142 Z66.4547 E0.3413
G1 X151.2738 Y158.5022 Z66.2664 E0.34
G1 X149.8710 Y159.3088 Z66.0704 E0.3394
G1 X148.4725 Y160.0989 Z65.938 E0.3355
G1 X147.1055 Y160.9308 Z65.9411 E0.8662
G1 X145.7625 Y161.8163 Z66.0891 E0.3364
G1 X144.4005 Y162.6925 Z66.2949 E0.3399
G1 X142.9886 Y163.4944 Z66.4994 E0.3409
G1 X141.5340 Y164.2301 Z66.696 E0.342
G1 X140.0417 Y164.8988 Z66.9067 E0.3434 F240
;---
G1 E-1.5
G4 P1500 ;ms dwell, no motion
G1 E1.5
;---
G1 X138.4810 Y165.3746 Z66.9137 E0.3399

G1 X136.8697 Y165.6516 Z66.7152 E0.3431 F480
G1 X135.2528 Y165.8558 Z66.5313 E0.3417
G1 X133.6326 Y165.9767 Z66.3364 E0.3409
G1 X132.0143 Y166.0193 Z66.1474 E0.3396
G1 X130.4043 Y166.0344 Z66.0103 E0.3367
G1 X128.8026 Y166.1076 Z66.0178 E0.8686
G1 X127.1976 Y166.2381 Z66.1671 E0.337
G1 X125.5797 Y166.3369 Z66.3655 E0.3403
G1 X123.9525 Y166.3638 Z66.5762 E0.342
G1 X122.3227 Y166.2998 Z66.7745 E0.3424
G1 X120.6909 Y166.1661 Z66.983 E0.3439 F240
;---
G1 E-1.5
G4 P1500 ;ms dwell, no motion
G1 E1.5
;---
G1 X119.0914 Y165.8304 Z66.9892 E0.3406

G1 X117.5436 Y165.2970 Z66.7933 E0.3437 F480
G1 X116.0246 Y164.7040 Z66.6083 E0.342
G1 X114.5446 Y164.0267 Z66.4106 E0.3418
G1 X113.0994 Y163.2923 Z66.2247 E0.3402
G1 X111.6794 Y162.5295 Z66.0889 E0.3372
G1 X110.2385 Y161.8200 Z66.0939 E0.8706
G1 X108.7657 Y161.1593 Z66.2432 E0.338
G1 X107.3018 Y160.4593 Z66.4443 E0.3409
G1 X105.8633 Y159.6953 Z66.6492 E0.3421
G1 X104.4670 Y158.8477 Z66.85 E0.3432
G1 X103.1061 Y157.9352 Z67.0479 E0.344 F240
;---
G1 E-1.5
G4 P1500 ;ms dwell, no motion
G1 E1.5
;---
G1 X101.8659 Y156.8691 Z67.0541 E0.3409

G1 X100.7576 Y155.6629 Z66.8693 E0.3438 F480
G1 X99.7110 Y154.4085 Z66.6747 E0.343
G1 X98.7316 Y153.1074 Z66.4895 E0.3418
G1 X97.8165 Y151.7668 Z66.2949 E0.3409
G1 X96.9331 Y150.4146 Z66.1646 E0.338
G1 X96.0099 Y149.0969 Z66.1722 E0.8725
G1 X95.0447 Y147.8019 Z66.3122 E0.3381
G1 X94.0970 Y146.4814 Z66.5197 E0.3418
G1 X93.2146 Y145.1102 Z66.7175 E0.3426
G1 X92.3936 Y143.6961 Z66.9284 E0.3439
G1 X91.6496 Y142.2351 Z67.1222 E0.3444 F240
;---
G1 E-1.5
G4 P1500 ;ms dwell, no motion
G1 E1.5
;---
G1 X91.0753 Y140.7011 Z67.1286 E0.3417

G1 X90.6749 Y139.1116 Z66.9475 E0.344 F480
G1 X90.3640 Y137.5061 Z66.7495 E0.3436
G1 X90.1226 Y135.8936 Z66.5648 E0.3424
G1 X89.9690 Y134.2745 Z66.3682 E0.3418
G1 X89.8347 Y132.6641 Z66.2422 E0.3381
G1 X89.6609 Y131.0618 Z66.2478 E0.8741
G1 X89.4482 Y129.4578 Z66.3867 E0.3388
G1 X89.2512 Y127.8422 Z66.5981 E0.3423
G1 X89.1473 Y126.2139 Z66.7943 E0.3429
G1 X89.1101 Y124.5763 Z67.0025 E0.3443
G1 X89.1690 Y122.9363 Z67.2 E0.3448 F240
;---
G1 E-1.5
G4 P1500 ;ms dwell, no motion
G1 E1.5
;---
G1 X89.4049 Y121.3143 Z67.2062 E0.3419

G1 X89.8159 Y119.7256 Z67.0177 E0.3443 F480
G1 X90.3140 Y118.1655 Z66.8266 E0.344
G1 X90.8734 Y116.6328 Z66.6399 E0.3424
G1 X91.5183 Y115.1376 Z66.4446 E0.3421
G1 X92.1793 Y113.6590 Z66.3095 E0.3389
G1 X92.7991 Y112.1688 Z66.3179 E0.8751
G1 X93.3849 Y110.6587 Z66.4641 E0.3393
G1 X93.9989 Y109.1491 Z66.6647 E0.3424
G1 X94.6937 Y107.6700 Z66.8717 E0.3436
G1 X95.4616 Y106.2231 Z67.0679 E0.3441
G1 X96.3005 Y104.8102 Z67.2763 E0.3455 F240
;---
G1 E-1.5
G4 P1500 ;ms dwell, no motion
G1 E1.5
;---
G1 X97.2900 Y103.5005 Z67.2828 E0.3424

G1 X98.4200 Y102.3080 Z67.0872 E0.345 F480
G1 X99.5996 Y101.1713 Z66.9036 E0.3438
G1 X100.8341 Y100.0996 Z66.706 E0.3434
G1 X102.1118 Y99.0883 Z66.5225 E0.342
G1 X103.4055 Y98.1114 Z66.3857 E0.3393
G1 X104.6695 Y97.1035 Z66.3912 E0.8764
G1 X105.9113 Y96.0582 Z66.5411 E0.3399
G1 X107.1838 Y95.0390 Z66.7396 E0.3425
G1 X108.5056 Y94.0745 Z66.9483 E0.3439
G1 X109.8824 Y93.1834 Z67.143 E0.3443
G1 X111.2993 Y92.3478 Z67.3525 E0.3456 F240
;---
G1 E-1.5
G4 P1500 ;ms dwell, no motion
G1 E1.5
;---
G1 X112.7987 Y91.6764 Z67.3586 E0.3424

G1 X114.3653 Y91.1756 Z67.1623 E0.3453 F480
G1 X115.9460 Y90.7385 Z66.9802 E0.3439
G1 X117.5453 Y90.3934 Z66.7841 E0.3435
G1 X119.1525 Y90.1148 Z66.5987 E0.3422
G1 X120.7602 Y89.8811 Z66.4622 E0.3398
G1 X122.3554 Y89.6059 Z66.4701 E0.8771
G1 X123.9492 Y89.2886 Z66.6176 E0.34
G1 X125.5589 Y89.0167 Z66.8149 E0.3427
G1 X127.1841 Y88.8113 Z67.0194 E0.3437
G1 X128.8213 Y88.6978 Z67.2208 E0.3445
G1 X130.4666 Y88.6592 Z67.4154 E0.3452 F240
;---
G1 E-1.5
G4 P1500 ;ms dwell, no motion
G1 E1.5
;---
G1 X132.1058 Y88.7938 Z67.4221 E0.3426

G1 X133.7226 Y89.0983 Z67.2408 E0.3448 F480
G1 X135.3193 Y89.4802 Z67.044 E0.3444
G1 X136.8919 Y89.9384 Z66.8601 E0.3434
G1 X138.4370 Y90.4673 Z66.6685 E0.3424
G1 X139.9619 Y91.0311 Z66.5396 E0.3397
G1 X141.4948 Y91.5599 Z66.5455 E0.8781
G1 X143.0431 Y92.0604 Z66.6839 E0.3401
G1 X144.5872 Y92.5952 Z66.8933 E0.3431
G1 X146.1060 Y93.2113 Z67.0871 E0.3437
G1 X147.5997 Y93.8972 Z67.2973 E0.3451
G1 X149.0577 Y94.6632 Z67.493 E0.3453 F240
;---
G1 E-1.5
G4 P1500 ;ms dwell, no motion
G1 E1.5
;---
G1 X150.4300 Y95.5716 Z67.4985 E0.3427

G1 X151.7062 Y96.6125 Z67.3165 E0.345 F480
G1 X152.9225 Y97.7183 Z67.1199 E0.3447
G1 X154.0870 Y98.8710 Z66.9379 E0.3432
G1 X155.1847 Y100.0835 Z66.7397 E0.343
G1 X156.2600 Y101.3060 Z66.6161 E0.3399
G1 X157.3499 Y102.5093 Z66.6225 E0.8785
G1 X158.4594 Y103.7013 Z66.7589 E0.3402
G1 X159.5577 Y104.9153 Z66.9691 E0.3436
G1 X160.5867 Y106.1929 Z67.1651 E0.3439
G1 X161.5646 Y107.5155 Z67.371 E0.3448
G1 X162.4687 Y108.8937 Z67.5688 E0.3455 F240
;---
G1 E-1.5
G4 P1500 ;ms dwell, no motion
G1 E1.5
;---
G1 X163.2348 Y110.3524 Z67.5757 E0.3429

G1 X163.8553 Y111.8789 Z67.3868 E0.345 F480
G1 X164.3924 Y113.4339 Z67.1964 E0.3447
G1 X164.8643 Y115.0053 Z67.0108 E0.3434
G1 X165.2450 Y116.5980 Z66.8181 E0.3432
G1 X165.5957 Y118.1894 Z66.6821 E0.3402
G1 X165.9702 Y119.7718 Z66.6871 E0.8797
G1 X166.3731 Y121.3524 Z66.8366 E0.3409
G1 X166.7431 Y122.9478 Z67.0363 E0.3432
G1 X167.0289 Y124.5649 Z67.2412 E0.3444
G1 X167.2370 Y126.1979 Z67.4361 E0.345
G1 X167.3703 Y127.8422 Z67.6472 E0.3461 F240
;---
G1 E-1.5
G4 P1500 ;ms dwell, no motion
G1 E1.5
;---
G1 X167.3386 Y129.4909 Z67.6526 E0.3432

G1 X167.1426 Y131.1290 Z67.4549 E0.3458 F480
G1 X166.8756 Y132.7533 Z67.2742 E0.3446
G1 X166.5264 Y134.3579 Z67.077 E0.3442
G1 X166.1054 Y135.9414 Z66.8939 E0.3431
G1 X165.6442 Y137.5075 Z66.7576 E0.341
G1 X165.2110 Y139.0762 Z66.765 E0.8806
G1 X164.8020 Y140.6574 Z66.9131 E0.3414
G1 X164.3460 Y142.2321 Z67.1081 E0.3436
G1 X163.8202 Y143.7899 Z67.3191 E0.345
G1 X163.2084 Y145.3189 Z67.5131 E0.3452
G1 X162.5320 Y146.8255 Z67.7222 E0.3464 F240
;---
G1 E-1.5
G4 P1500 ;ms dwell, no motion
G1 E1.5
;---
G1 X161.7090 Y148.2563 Z67.7275 E0.3435

G1 X160.7481 Y149.5987 Z67.5329 E0.346 F480
G1 X159.7363 Y150.8988 Z67.3501 E0.345
G1 X158.6556 Y152.1385 Z67.1532 E0.3448
G1 X157.5296 Y153.3302 Z66.9715 E0.3433
G1 X156.3697 Y154.4814 Z66.8346 E0.3414
G1 X155.2320 Y155.6492 Z66.8407 E0.8825
G1 X154.1103 Y156.8393 Z66.9894 E0.3418
G1 X152.9461 Y157.9947 Z67.1857 E0.344
G1 X151.7304 Y159.1038 Z67.3868 E0.345
G1 X150.4546 Y160.1481 Z67.5902 E0.3459
G1 X149.1305 Y161.1361 Z67.7881 E0.3464 F240
;---
G1 E-1.5
G4 P1500 ;ms dwell, no motion
G1 E1.5
;---
G1 X147.7185 Y161.9928 Z67.7921 E0.3439

G1 X146.2327 Y162.7155 Z67.6092 E0.3462 F480
G1 X144.7177 Y163.3663 Z67.4154 E0.3457
G1 X143.1762 Y163.9410 Z67.2306 E0.3448
G1 X141.6129 Y164.4422 Z67.0354 E0.3442
G1 X140.0428 Y164.9021 Z66.9119 E0.3417
G1 X138.4819 Y165.3780 Z66.9189 E0.8837
G1 X136.9206 Y165.8687 Z67.0525 E0.3421
G1 X135.3424 Y166.3249 Z67.2623 E0.345
G1 X133.7396 Y166.7011 Z67.4584 E0.3454
G1 X132.1177 Y167.0049 Z67.6672 E0.3465
G1 X130.4793 Y167.2254 Z67.8623 E0.3469 F240
;---
G1 E-1.5
G4 P1500 ;ms dwell, no motion
G1 E1.5
;---
G1 X128.8278 Y167.2972 Z67.8694 E0.3444

G1 X127.1767 Y167.2212 Z67.6866 E0.3465 F480
G1 X125.5342 Y167.0595 Z67.489 E0.3464
G1 X123.9037 Y166.8295 Z67.3075 E0.3452
G1 X122.2911 Y166.5139 Z67.1113 E0.3449
G1 X120.6903 Y166.1695 Z66.988 E0.3422
G1 X119.0906 Y165.8337 Z66.9941 E0.8856
G1 X117.4861 Y165.5033 Z67.1299 E0.3426
G1 X115.8820 Y165.1427 Z67.3392 E0.3454
G1 X114.2971 Y164.6923 Z67.5338 E0.3459
G1 X112.7282 Y164.1756 Z67.7398 E0.3468
G1 X111.1871 Y163.5749 Z67.9403 E0.3473 F240
;---
G1 E-1.5
G4 P1500 ;ms dwell, no motion
G1 E1.5
;---
G1 X109.7044 Y162.8415 Z67.9459 E0.3449

G1 X108.2918 Y161.9804 Z67.7541 E0.3471 F480
G1 X106.9267 Y161.0506 Z67.5673 E0.3466
G1 X105.6051 Y160.0667 Z67.3791 E0.3455
G1 X104.3411 Y159.0136 Z67.1868 E0.3454
G1 X103.1044 Y157.9372 Z67.0526 E0.3429
G1 X101.8641 Y156.8711 Z67.0589 E0.8865
G1 X100.6133 Y155.8102 Z67.206 E0.3434
G1 X99.3857 Y154.7140 Z67.4035 E0.3456
G1 X98.2120 Y153.5559 Z67.6122 E0.3466
G1 X97.0932 Y152.3399 Z67.8065 E0.347
G1 X96.0283 Y151.0720 Z68.0166 E0.3481 F240
;---
G1 E-1.5
G4 P1500 ;ms dwell, no motion
G1 E1.5
;---
G1 X95.0814 Y149.7142 Z68.0237 E0.3453

G1 X94.2601 Y148.2769 Z67.826 E0.3477 F480
G1 X93.5037 Y146.8075 Z67.6431 E0.3468
G1 X92.8226 Y145.3050 Z67.4462 E0.3466
G1 X92.2108 Y143.7774 Z67.2651 E0.3453
G1 X91.6469 Y142.2361 Z67.1274 E0.3436
G1 X91.0725 Y140.7021 Z67.1338 E0.8885
G1 X90.4854 Y139.1688 Z67.2842 E0.3439
G1 X89.9463 Y137.6133 Z67.478 E0.3458
G1 X89.4739 Y136.0315 Z67.688 E0.3472
G1 X89.0849 Y134.4243 Z67.8838 E0.3474
G1 X88.7629 Y132.7993 Z68.0917 E0.3482 F240
;---
G1 E-1.5
G4 P1500 ;ms dwell, no motion
G1 E1.5
;---
G1 X88.5873 Y131.1519 Z68.098 E0.3455

G1 X88.5594 Y129.4952 Z67.9028 E0.3481 F480
G1 X88.5984 Y127.8422 Z67.719 E0.3469
G1 X88.7252 Y126.1962 Z67.523 E0.3468
G1 X88.9180 Y124.5602 Z67.3408 E0.3457
G1 X89.1661 Y122.9359 Z67.2052 E0.344
G1 X89.4020 Y121.3138 Z67.2114 E0.8891
G1 X89.6272 Y119.6855 Z67.3592 E0.3442
G1 X89.9112 Y118.0621 Z67.5551 E0.3462
G1 X90.2635 Y116.4485 Z67.7573 E0.3469
G1 X90.6994 Y114.8523 Z67.9605 E0.3478
G1 X91.2075 Y113.2744 Z68.1577 E0.3482 F240
;---
G1 E-1.5
G4 P1500 ;ms dwell, no motion
G1 E1.5
;---
G1 X91.8475 Y111.7453 Z68.1654 E0.3457

G1 X92.6149 Y110.2762 Z67.98 E0.3479 F480
G1 X93.4485 Y108.8465 Z67.7829 E0.3476
G1 X94.3456 Y107.4593 Z67.6004 E0.3467
G1 X95.3037 Y106.1181 Z67.4068 E0.3461
G1 X96.2981 Y104.8084 Z67.2815 E0.344
G1 X97.2877 Y103.4986 Z67.288 E0.8902
G1 X98.2782 Y102.1857 Z67.4248 E0.3442
G1 X99.3078 Y100.8971 Z67.6322 E0.3467
G1 X100.4016 Y99.6581 Z67.8274 E0.3471
G1 X101.5513 Y98.4662 Z68.038 E0.3481
G1 X102.7610 Y97.3318 Z68.2348 E0.3482 F240
;---
G1 E-1.5
G4 P1500 ;ms dwell, no motion
G1 E1.5
;---
G1 X104.0596 Y96.3000 Z68.2409 E0.3459

G1 X105.4374 Y95.3767 Z68.0569 E0.3479 F480
G1 X106.8576 Y94.5249 Z67.8606 E0.3477
G1 X108.3099 Y93.7354 Z67.6771 E0.3468
G1 X109.7985 Y93.0229 Z67.4795 E0.3465
G1 X111.2981 Y92.3454 Z67.3572 E0.3439
G1 X112.7976 Y91.6739 Z67.3632 E0.8902
G1 X114.3029 Y91.0076 Z67.4986 E0.3443
G1 X115.8269 Y90.3723 Z67.7087 E0.3469
G1 X117.3851 Y89.8190 Z67.9052 E0.3471
G1 X118.9685 Y89.3299 Z68.1096 E0.3479
G1 X120.5771 Y88.9217 Z68.3117 E0.3484 F240
;---
G1 E-1.5
G4 P1500 ;ms dwell, no motion
G1 E1.5
;---
G1 X122.2131 Y88.6428 Z68.3188 E0.3459

G1 X123.8660 Y88.4963 Z68.1245 E0.3481 F480
G1 X125.5219 Y88.4302 Z67.9366 E0.3476
G1 X127.1761 Y88.4343 Z67.7478 E0.3467
G1 X128.8249 Y88.5241 Z67.5573 E0.3464
G1 X130.4668 Y88.6570 Z67.4203 E0.3443
G1 X132.1060 Y88.7915 Z67.4271 E0.8908
G1 X133.7477 Y88.9284 Z67.577 E0.3446
G1 X135.3892 Y89.1140 Z67.7728 E0.3465
G1 X137.0231 Y89.3787 Z67.9816 E0.3475
G1 X138.6454 Y89.7204 Z68.1793 E0.3478
G1 X140.2531 Y90.1356 Z68.3889 E0.3486 F240
;---
G1 E-1.5
G4 P1500 ;ms dwell, no motion
G1 E1.5
;---
G1 X141.8221 Y90.6798 Z68.3951 E0.3459

G1 X143.3417 Y91.3496 Z68.1979 E0.3483 F480
G1 X144.8282 Y92.0834 Z68.0145 E0.3474
G1 X146.2753 Y92.8875 Z67.8163 E0.3472
G1 X147.6830 Y93.7530 Z67.6338 E0.3462
G1 X149.0590 Y94.6611 Z67.4982 E0.3445
G1 X150.4314 Y95.5696 Z67.5038 E0.891
G1 X151.8057 Y96.4814 Z67.6528 E0.3448
G1 X153.1516 Y97.4412 Z67.8488 E0.3466
G1 X154.4571 Y98.4601 Z68.0588 E0.3475
G1 X155.7111 Y99.5460 Z68.2554 E0.3478
G1 X156.9207 Y100.6853 Z68.4638 E0.3486 F240
;---
G1 E-1.5
G4 P1500 ;ms dwell, no motion
G1 E1.5
;---
G1 X158.0338 Y101.9190 Z68.4691 E0.3458

G1 X159.0439 Y103.2382 Z68.2748 E0.3482 F480
G1 X159.9978 Y104.5955 Z68.0898 E0.3474
G1 X160.8796 Y105.9982 Z67.8941 E0.3473
G1 X161.7019 Y107.4324 Z67.7104 E0.3462
G1 X162.4708 Y108.8925 Z67.5741 E0.3447
G1 X163.2370 Y110.3513 Z67.5809 E0.8917
G1 X164.0018 Y111.8137 Z67.7277 E0.3447
G1 X164.7142 Y113.3066 Z67.9255 E0.3467
G1 X165.3638 Y114.8313 Z68.1256 E0.3474
G1 X165.9392 Y116.3882 Z68.3332 E0.3482
G1 X166.4449 Y117.9716 Z68.532 E0.3484 F240
;---
G1 E-1.5
G4 P1500 ;ms dwell, no motion
G1 E1.5
;---
G1 X166.8260 Y119.5898 Z68.538 E0.346

G1 X167.0817 Y121.2323 Z68.3522 E0.3481 F480
G1 X167.2620 Y122.8823 Z68.1561 E0.3478
G1 X167.3660 Y124.5367 Z67.9704 E0.3471
G1 X167.3941 Y126.1912 Z67.7746 E0.3468
G1 X167.3728 Y127.8422 Z67.6524 E0.3446
G1 X167.3411 Y129.4910 Z67.6579 E0.8923
G1 X167.2971 Y131.1420 Z67.7923 E0.3449
G1 X167.2055 Y132.7949 Z68.0031 E0.3473
G1 X167.0335 Y134.4439 Z68.1999 E0.3475
G1 X166.7887 Y136.0867 Z68.4096 E0.3484
G1 X166.4647 Y137.7179 Z68.6088 E0.3486 F240
;---
G1 E-1.5
G4 P1500 ;ms dwell, no motion
G1 E1.5
;---
G1 X166.0191 Y139.3203 Z68.6157 E0.3462

G1 X165.4554 Y140.8850 Z68.4288 E0.3483 F480
G1 X164.8175 Y142.4187 Z68.2317 E0.3481
G1 X164.1168 Y143.9219 Z68.0481 E0.3473
G1 X163.3431 Y145.3858 Z67.8504 E0.3471
G1 X162.5340 Y146.8266 Z67.727 E0.3448
G1 X161.7108 Y148.2574 Z67.7321 E0.893
G1 X160.8718 Y149.6810 Z67.8699 E0.3452
G1 X159.9944 Y151.0864 Z68.0791 E0.3476
G1 X159.0444 Y152.4466 Z68.2766 E0.3478
G1 X158.0367 Y153.7679 Z68.4818 E0.3485
G1 X156.9644 Y155.0401 Z68.6859 E0.349 F240
;---
G1 E-1.5
G4 P1500 ;ms dwell, no motion
G1 E1.5
;---
G1 X155.8012 Y156.2304 Z68.6922 E0.3465

G1 X154.5536 Y157.3313 Z68.4981 E0.3487 F480
G1 X153.2572 Y158.3710 Z68.3091 E0.3482
G1 X151.9195 Y159.3530 Z68.1169 E0.3477
G1 X150.5368 Y160.2664 Z67.9274 E0.3473
G1 X149.1315 Y161.1376 Z67.793 E0.3454
G1 X147.7195 Y161.9945 Z67.7972 E0.8942
G1 X146.2987 Y162.8416 Z67.9463 E0.3459
G1 X144.8493 Y163.6457 Z68.146 E0.3477
G1 X143.3610 Y164.3810 Z68.3539 E0.3484
G1 X141.8383 Y165.0483 Z68.5525 E0.3487
G1 X140.2855 Y165.6485 Z68.7631 E0.3495 F240
;---
G1 E-1.5
G4 P1500 ;ms dwell, no motion
G1 E1.5
;---
G1 X138.6921 Y166.1314 Z68.7697 E0.3468

G1 X137.0673 Y166.4941 Z68.5718 E0.3492 F480
G1 X135.4304 Y166.7861 Z68.3859 E0.3485
G1 X133.7839 Y167.0006 Z68.1895 E0.3483
G1 X132.1321 Y167.1420 Z68.0045 E0.3476
G1 X130.4794 Y167.2274 Z67.8676 E0.346
G1 X128.8279 Y167.2992 Z67.8746 E0.8955
G1 X127.1739 Y167.3573 Z68.0239 E0.3463
G1 X125.5155 Y167.3571 Z68.2203 E0.348
G1 X123.8558 Y167.2855 Z68.4306 E0.3489
G1 X122.1996 Y167.1325 Z68.6303 E0.3491
G1 X120.5490 Y166.9098 Z68.8378 E0.3498 F240
;---
G1 E-1.5
G4 P1500 ;ms dwell, no motion
G1 E1.5
;---
G1 X118.9192 Y166.5649 Z68.8433 E0.3472

G1 X117.3195 Y166.1005 Z68.6494 E0.3495 F480
G1 X115.7427 Y165.5711 Z68.4611 E0.3488
G1 X114.1954 Y164.9656 Z68.2654 E0.3488
G1 X112.6767 Y164.2982 Z68.0807 E0.3479
G1 X111.1862 Y163.5767 Z67.9455 E0.3464
G1 X109.7034 Y162.8433 Z67.9511 E0.8967
G1 X108.2250 Y162.0961 Z68.0982 E0.3466
G1 X106.7732 Y161.2926 Z68.2983 E0.3485
G1 X105.3547 Y160.4268 Z68.4988 E0.349
G1 X103.9766 Y159.4938 Z68.7066 E0.3497
G1 X102.6393 Y158.4997 Z68.9088 E0.35 F240
;---
G1 E-1.5
G4 P1500 ;ms dwell, no motion
G1 E1.5
;---
G1 X101.3769 Y157.4119 Z68.9152 E0.3475

G1 X100.1954 Y156.2368 Z68.726 E0.3497 F480
G1 X99.0690 Y155.0115 Z68.5291 E0.3495
G1 X98.0000 Y153.7388 Z68.3434 E0.3488
G1 X96.9914 Y152.4206 Z68.1459 E0.3486
G1 X96.0267 Y151.0732 Z68.0218 E0.3466
G1 X95.0797 Y149.7153 Z68.0288 E0.8978
G1 X94.1503 Y148.3434 Z68.165 E0.3468
G1 X93.2625 Y146.9401 Z68.3745 E0.3491
G1 X92.4404 Y145.4948 Z68.5738 E0.3493
G1 X91.6812 Y144.0131 Z68.7841 E0.35
G1 X90.9910 Y142.4957 Z68.9854 E0.3503 F240
;---
G1 E-1.5
G4 P1500 ;ms dwell, no motion
G1 E1.5
;---
G1 X90.4085 Y140.9334 Z68.9918 E0.3478

G1 X89.9359 Y139.3349 Z68.803 E0.3499 F480
G1 X89.5391 Y137.7177 Z68.606 E0.3498
G1 X89.2111 Y136.0873 Z68.4196 E0.3491
G1 X88.9623 Y134.4451 Z68.2226 E0.349
G1 X88.7611 Y132.7995 Z68.0963 E0.3467
G1 X88.5856 Y131.1521 Z68.1023 E0.8984
G1 X88.4365 Y129.5004 Z68.2414 E0.3472
G1 X88.3344 Y127.8422 Z68.4505 E0.3492
G1 X88.3144 Y126.1789 Z68.6508 E0.3495
G1 X88.3645 Y124.5138 Z68.8553 E0.3501
G1 X88.4923 Y122.8510 Z69.0628 E0.3506 F240
;---
G1 E-1.5
G4 P1500 ;ms dwell, no motion
G1 E1.5
;---
G1 X88.7345 Y121.2007 Z69.0691 E0.348

G1 X89.0905 Y119.5714 Z68.8723 E0.3503 F480
G1 X89.5191 Y117.9616 Z68.6831 E0.3498
G1 X90.0156 Y116.3736 Z68.4905 E0.3493
G1 X90.5869 Y114.8131 Z68.2993 E0.349
G1 X91.2060 Y113.2738 Z68.1628 E0.3472
G1 X91.8461 Y111.7447 Z68.1704 E0.8989
G1 X92.5093 Y110.2238 Z68.3186 E0.3475
G1 X93.2239 Y108.7231 Z68.5177 E0.3492
G1 X94.0071 Y107.2545 Z68.7281 E0.3499
G1 X94.8569 Y105.8210 Z68.9297 E0.3501
G1 X95.7697 Y104.4244 Z69.1395 E0.3507 F240
;---
G1 E-1.5
G4 P1500 ;ms dwell, no motion
G1 E1.5
;---
G1 X96.7775 Y103.0943 Z69.146 E0.348

G1 X97.8750 Y101.8377 Z68.9492 E0.3504 F480
G1 X99.0242 Y100.6307 Z68.7601 E0.3498
G1 X100.2260 Y99.4788 Z68.5625 E0.3496
G1 X101.4751 Y98.3816 Z68.3768 E0.3489
G1 X102.7599 Y97.3305 Z68.2401 E0.3473
G1 X104.0586 Y96.2986 Z68.2461 E0.8993
G1 X105.3732 Y95.2842 Z68.3957 E0.3476
G1 X106.7254 Y94.3164 Z68.5953 E0.3492
G1 X108.1199 Y93.4063 Z68.8048 E0.3499
G1 X109.5575 Y92.5620 Z69.0063 E0.3501
G1 X111.0309 Y91.7778 Z69.2147 E0.3506 F240
;---
G1 E-1.5
G4 P1500 ;ms dwell, no motion
G1 E1.5
;---
G1 X112.5555 Y91.0976 Z69.2204 E0.348

G1 X114.1231 Y90.5244 Z69.0256 E0.3503 F480
G1 X115.7115 Y90.0174 Z68.835 E0.3497
G1 X117.3202 Y89.5863 Z68.6401 E0.3495
G1 X118.9433 Y89.2225 Z68.4527 E0.3488
G1 X120.5767 Y88.9201 Z68.3169 E0.3474
G1 X122.2128 Y88.6412 Z68.3241 E0.8993
G1 X123.8545 Y88.3863 Z68.4696 E0.3474
G1 X125.5070 Y88.1930 Z68.6716 E0.3493
G1 X127.1684 Y88.0699 Z68.8751 E0.3497
G1 X128.8356 Y88.0229 Z69.0837 E0.3502
G1 X130.5051 Y88.0484 Z69.2877 E0.3505 F240
;---
G1 E-1.5
G4 P1500 ;ms dwell, no motion
G1 E1.5
;---
G1 X132.1695 Y88.1869 Z69.2943 E0.348

G1 X133.8203 Y88.4371 Z69.1033 E0.3501 F480
G1 X135.4569 Y88.7592 Z68.9056 E0.3499
G1 X137.0761 Y89.1526 Z68.7167 E0.3493
G1 X138.6743 Y89.6167 Z68.5209 E0.3491
G1 X140.2536 Y90.1340 Z68.3941 E0.3471
G1 X141.8227 Y90.6783 Z68.4003 E0.8993
G1 X143.3829 Y91.2515 Z68.5388 E0.3474
G1 X144.9254 Y91.8769 Z68.7493 E0.3494
G1 X146.4397 Y92.5732 Z68.9503 E0.3496
G1 X147.9242 Y93.3350 Z69.1605 E0.3502
G1 X149.3745 Y94.1638 Z69.3654 E0.3504 F240
;---
G1 E-1.5
G4 P1500 ;ms dwell, no motion
G1 E1.5
;---
G1 X150.7667 Y95.0873 Z69.3714 E0.3479

G1 X152.0947 Y96.1006 Z69.1796 E0.3501 F480
G1 X153.3743 Y97.1718 Z68.9828 E0.3499
G1 X154.6063 Y98.2946 Z68.7939 E0.3492
G1 X155.7833 Y99.4723 Z68.5963 E0.3491
G1 X156.9218 Y100.6843 Z68.4683 E0.3471
G1 X158.0349 Y101.9181 Z68.4736 E0.8991
G1 X159.1240 Y103.1748 Z68.6155 E0.3475
G1 X160.1750 Y104.4668 Z68.825 E0.3494
G1 X161.1646 Y105.8088 Z69.0278 E0.3496
G1 X162.0978 Y107.1927 Z69.2337 E0.3501
G1 X162.9689 Y108.6187 Z69.4419 E0.3505 F240
;---
G1 E-1.5
G4 P1500 ;ms dwell, no motion
G1 E1.5
;---
G1 X163.7444 Y110.0993 Z69.4485 E0.3479

G1 X164.4205 Y111.6274 Z69.2524 E0.3502 F480
G1 X165.0276 Y113.1825 Z69.0596 E0.3498
G1 X165.5674 Y114.7604 Z68.864 E0.3494
G1 X166.0340 Y116.3596 Z68.6741 E0.349
G1 X166.4462 Y117.9712 Z68.5371 E0.3474
G1 X166.8342 Y119.5881 Z68.5694 E0.9
G1 X167.2015 Y121.2120 Z68.7809 E0.3493
G1 X167.4994 Y122.8524 Z69.0122 E0.3503
G1 X167.7260 Y124.5064 Z69.2464 E0.3508
G1 X167.8784 Y126.1709 Z69.4856 E0.3514
G1 X167.9589 Y127.8422 Z69.723 E0.3517 F240
;---
G1 E-1.5
G4 P1500 ;ms dwell, no motion
G1 E1.5
;---
G1 X167.9250 Y129.5155 Z69.729 E0.3483

G1 X167.7772 Y131.1823 Z69.5046 E0.3514 F480
G1 X167.5576 Y132.8394 Z69.278 E0.3511
G1 X167.2657 Y134.4832 Z69.0563 E0.3505
G1 X166.9039 Y136.1112 Z68.8357 E0.3501
G1 X166.4736 Y137.7202 Z68.6434 E0.349
G1 X166.0265 Y139.3226 Z68.6449 E0.9002
G1 X165.5606 Y140.9216 Z68.8347 E0.3488
G1 X165.0264 Y142.5014 Z69.0537 E0.3501
G1 X164.4244 Y144.0588 Z69.2746 E0.3505
G1 X163.7535 Y145.5897 Z69.4996 E0.351
G1 X163.0164 Y147.0918 Z69.7224 E0.3514 F240
;---
G1 E-1.5
G4 P1500 ;ms dwell, no motion
G1 E1.5
;---
G1 X162.1806 Y148.5419 Z69.7291 E0.3484

G1 X161.2505 Y149.9327 Z69.5188 E0.351 F480
G1 X160.2618 Y151.2807 Z69.3053 E0.3508
G1 X159.2170 Y152.5833 Z69.0979 E0.3503
G1 X158.1175 Y153.8376 Z68.8863 E0.35
G1 X156.9707 Y155.0460 Z68.7181 E0.3486
G1 X155.8063 Y156.2355 Z68.7192 E0.901
G1 X154.6216 Y157.4069 Z68.8849 E0.3486
G1 X153.3906 Y158.5323 Z69.0959 E0.35
G1 X152.1100 Y159.6040 Z69.3016 E0.3503
G1 X150.7829 Y160.6204 Z69.5136 E0.3509
G1 X149.4118 Y161.5794 Z69.723 E0.3511 F240
;---
G1 E-1.5
G4 P1500 ;ms dwell, no motion
G1 E1.5
;---
G1 X147.9808 Y162.4473 Z69.7289 E0.3485

G1 X146.4968 Y163.2205 Z69.5324 E0.3508 F480
G1 X144.9822 Y163.9281 Z69.3336 E0.3506
G1 X143.4404 Y164.5699 Z69.1399 E0.3502
G1 X141.8731 Y165.1419 Z68.9402 E0.35
G1 X140.2880 Y165.6561 Z68.7926 E0.3485
G1 X138.6939 Y166.1378 Z68.7943 E0.9019
G1 X137.0888 Y166.5862 Z68.9396 E0.3485
G1 X135.4668 Y166.9768 Z69.1377 E0.35
G1 X133.8274 Y167.2952 Z69.3302 E0.3502
G1 X132.1743 Y167.5438 Z69.5276 E0.3507
G1 X130.5104 Y167.7207 Z69.7225 E0.351 F240
;---
G1 E-1.5
G4 P1500 ;ms dwell, no motion
G1 E1.5
;---
G1 X128.8383 Y167.7920 Z69.7292 E0.3487

G1 X127.1654 Y167.7575 Z69.5466 E0.3507 F480
G1 X125.4970 Y167.6505 Z69.3611 E0.3505
G1 X123.8360 Y167.4741 Z69.1814 E0.3501
G1 X122.1862 Y167.2234 Z68.9967 E0.3499
G1 X120.5479 Y166.9154 Z68.8609 E0.3486
G1 X118.9181 Y166.5693 Z68.8623 E0.9028
G1 X117.2962 Y166.1840 Z68.9962 E0.3486
G1 X115.6872 Y165.7416 Z69.1796 E0.3499
G1 X114.0982 Y165.2270 Z69.3577 E0.3502
G1 X112.5307 Y164.6458 Z69.5416 E0.3506
G1 X110.9885 Y163.9968 Z69.7229 E0.3509 F240
;---
G1 E-1.5
G4 P1500 ;ms dwell, no motion
G1 E1.5
;---
G1 X109.4889 Y163.2536 Z69.7289 E0.3489

G1 X108.0381 Y162.4198 Z69.5603 E0.3506 F480
G1 X106.6259 Y161.5247 Z69.3897 E0.3504
G1 X105.2534 Y160.5725 Z69.2209 E0.3501
G1 X103.9258 Y159.5608 Z69.0522 E0.3498
G1 X102.6358 Y158.5040 Z68.9334 E0.3486
G1 X101.3738 Y157.4153 Z68.9356 E0.9036
G1 X100.1403 Y156.2932 Z69.0521 E0.3486
G1 X98.9457 Y155.1274 Z69.2194 E0.3498
G1 X97.8034 Y153.9085 Z69.3865 E0.3501
G1 X96.7119 Y152.6421 Z69.5556 E0.3505
G1 X95.6753 Y151.3285 Z69.7225 E0.3507 F240
;---
G1 E-1.5
G4 P1500 ;ms dwell, no motion
G1 E1.5
;---
G1 X94.7191 Y149.9549 Z69.7292 E0.3491

G1 X93.8472 Y148.5268 Z69.5741 E0.3505 F480
G1 X93.0384 Y147.0633 Z69.4173 E0.3503
G1 X92.2921 Y145.5685 Z69.2604 E0.3501
G1 X91.6116 Y144.0441 Z69.109 E0.3497
G1 X90.9863 Y142.4976 Z69.0078 E0.3486
G1 X90.4046 Y140.9348 Z69.0102 E0.9044
G1 X89.8679 Y139.3554 Z69.1092 E0.3486
G1 X89.3872 Y137.7567 Z69.2589 E0.3497
G1 X88.9757 Y136.1374 Z69.4141 E0.3501
G1 X88.6320 Y134.5010 Z69.5695 E0.3503
G1 X88.3592 Y132.8502 Z69.7228 E0.3505 F240
;---
G1 E-1.5
G4 P1500 ;ms dwell, no motion
G1 E1.5
;---
G1 X88.1831 Y131.1859 Z69.7289 E0.3492

G1 X88.1043 Y129.5144 Z69.5877 E0.3503 F480
G1 X88.0976 Y127.8422 Z69.4461 E0.3501
G1 X88.1611 Y126.1724 Z69.3023 E0.3499
G1 X88.2948 Y124.5079 Z69.1649 E0.3495
G1 X88.4882 Y122.8505 Z69.0809 E0.3486
G1 X88.7314 Y121.2002 Z69.083 E0.9048
G1 X89.0257 Y119.5576 Z69.1653 E0.3485
G1 X89.3792 Y117.9256 Z69.301 E0.3495
G1 X89.8013 Y116.3089 Z69.4429 E0.3498
G1 X90.2913 Y114.7101 Z69.5832 E0.35
G1 X90.8501 Y113.1329 Z69.7225 E0.3503 F240
;---
G1 E-1.5
G4 P1500 ;ms dwell, no motion
G1 E1.5
;---
G1 X91.4975 Y111.5895 Z69.7293 E0.3491

G1 X92.2314 Y110.0858 Z69.6012 E0.35 F480
G1 X93.0285 Y108.6156 Z69.4737 E0.3498
G1 X93.8864 Y107.1813 Z69.3448 E0.3496
G1 X94.8023 Y105.7848 Z69.2192 E0.3493
G1 X95.7676 Y104.4229 Z69.1513 E0.3485
G1 X96.7761 Y103.0932 Z69.1537 E0.905
G1 X97.8286 Y101.7976 Z69.2198 E0.3484
G1 X98.9276 Y100.5401 Z69.3436 E0.3493
G1 X100.0787 Y99.3284 Z69.4709 E0.3496
G1 X101.2804 Y98.1654 Z69.5969 E0.3497
G1 X102.5317 Y97.0545 Z69.7227 E0.3499 F240
;---
G1 E-1.5
G4 P1500 ;ms dwell, no motion
G1 E1.5
;---
G1 X103.8426 Y96.0140 Z69.7289 E0.349

G1 X105.2087 Y95.0476 Z69.6147 E0.3497 F480
G1 X106.6139 Y94.1407 Z69.5026 E0.3495
G1 X108.0554 Y93.2945 Z69.3872 E0.3493
G1 X109.5302 Y92.5098 Z69.2723 E0.3491
G1 X111.0305 Y91.7768 Z69.2198 E0.3482
G1 X112.5553 Y91.0973 Z69.222 E0.9048
G1 X114.1041 Y90.4732 Z69.2731 E0.3482
G1 X115.6742 Y89.9026 Z69.3864 E0.349
G1 X117.2676 Y89.3979 Z69.4997 E0.3492
G1 X118.8819 Y88.9608 Z69.61 E0.3493
G1 X120.5143 Y88.5926 Z69.7225 E0.3495 F240
;---
G1 E-1.5
G4 P1500 ;ms dwell, no motion
G1 E1.5
;---
G1 X122.1642 Y88.3122 Z69.7294 E0.3488

G1 X123.8266 Y88.1210 Z69.6285 E0.3493 F480
G1 X125.4949 Y88.0001 Z69.5305 E0.3491
G1 X127.1659 Y87.9502 Z69.4301 E0.349
G1 X128.8367 Y87.9702 Z69.3294 E0.3488
G1 X130.5051 Y88.0485 Z69.2872 E0.3481
G1 X132.1694 Y88.1877 Z69.2904 E0.9047
G1 X133.8274 Y88.3891 Z69.3308 E0.3481
G1 X135.4781 Y88.6483 Z69.4291 E0.3487
G1 X137.1173 Y88.9766 Z69.5279 E0.3489
G1 X138.7420 Y89.3742 Z69.6246 E0.349
G1 X140.3490 Y89.8405 Z69.7226 E0.3491 F240
;---
G1 E-1.5
G4 P1500 ;ms dwell, no motion
G1 E1.5
;---
G1 X141.9299 Y90.3898 Z69.7289 E0.3486

G1 X143.4799 Y91.0206 Z69.6428 E0.349 F480
G1 X145.0014 Y91.7156 Z69.5591 E0.3488
G1 X146.4913 Y92.4744 Z69.4726 E0.3487
G1 X147.9476 Y93.2947 Z69.3862 E0.3485
G1 X149.3738 Y94.1648 Z69.3591 E0.348
G1 X150.7656 Y95.0888 Z69.3619 E0.9045
G1 X152.1204 Y96.0668 Z69.3875 E0.3479
G1 X153.4406 Y97.0917 Z69.4723 E0.3484
G1 X154.7172 Y98.1714 Z69.5566 E0.3485
G1 X155.9472 Y99.3049 Z69.638 E0.3487
G1 X157.1292 Y100.4895 Z69.7226 E0.3488 F240
;---
G1 E-1.5
G4 P1500 ;ms dwell, no motion
G1 E1.5
;---
G1 X158.2500 Y101.7324 Z69.7294 E0.3484

G1 X159.3063 Y103.0303 Z69.6568 E0.3487 F480
G1 X160.3072 Y104.3707 Z69.5868 E0.3485
G1 X161.2500 Y105.7520 Z69.5159 E0.3484
G1 X162.1335 Y107.1711 Z69.4436 E0.3483
G1 X162.9668 Y108.6198 Z69.43 E0.3479
G1 X163.7417 Y110.1006 Z69.4334 E0.9045
G1 X164.4552 Y111.6119 Z69.4441 E0.3479
G1 X165.1157 Y113.1477 Z69.5129 E0.3482
G1 X165.7114 Y114.7102 Z69.5813 E0.3483
G1 X166.2404 Y116.2972 Z69.6488 E0.3484
G1 X166.7026 Y117.9054 Z69.7174 E0.3485 F240
;---
G1 E-1.5
G4 P1500 ;ms dwell, no motion
G1 E1.5
;---
G1 X167.0863 Y119.5345 Z69.7257 E0.3483

G1 X167.3999 Y121.1785 Z69.7259 E0.3483 F480
G1 X167.6444 Y122.8341 Z69.726 E0.3483
G1 X167.8193 Y124.4986 Z69.7257 E0.3483
G1 X167.9244 Y126.1690 Z69.7258 E0.3483
G1 X167.9595 Y127.8422 Z69.7262 E0.3483
G1 X167.9244 Y129.5154 Z69.7258 E0.9056
G1 X167.8193 Y131.1858 Z69.7257 E0.3483
G1 X167.6444 Y132.8503 Z69.726 E0.3483
G1 X167.3999 Y134.5059 Z69.7259 E0.3483
G1 X167.0863 Y136.1499 Z69.7257 E0.3483
G1 X166.7041 Y137.7794 Z69.7258 E0.3483 F240
G1 X166.2541 Y139.3913 Z69.7261 E0.3483
G1 X165.7369 Y140.9830 Z69.7257 E0.3483 F480
G1 X165.1535 Y142.5517 Z69.7257 E0.3484
G1 X164.5049 Y144.0946 Z69.7261 E0.3483
G1 X163.7924 Y145.6089 Z69.7258 E0.3483
G1 X163.0169 Y147.0921 Z69.7256 E0.3484
G1 X162.1801 Y148.5416 Z69.7259 E0.9058
G1 X161.2834 Y149.9546 Z69.726 E0.3484
G1 X160.3282 Y151.3289 Z69.7257 E0.3484
G1 X159.3163 Y152.6620 Z69.7257 E0.3484
G1 X158.2495 Y153.9516 Z69.7262 E0.3484
G1 X157.1296 Y155.1953 Z69.7258 E0.3484 F240
G1 X155.9586 Y156.3911 Z69.7257 E0.3484
G1 X154.7386 Y157.5368 Z69.726 E0.3485 F480
G1 X153.4717 Y158.6303 Z69.7259 E0.3484
G1 X152.1601 Y159.6699 Z69.7257 E0.3485
G1 X150.8060 Y160.6537 Z69.7258 E0.3485
G1 X149.4121 Y161.5799 Z69.7262 E0.3485
G1 X147.9805 Y162.4468 Z69.7257 E0.9061
G1 X146.5139 Y163.2531 Z69.7257 E0.3485
G1 X145.0148 Y163.9973 Z69.7261 E0.3486
G1 X143.4859 Y164.6780 Z69.7259 E0.3485
G1 X141.9297 Y165.2941 Z69.7257 E0.3486
G1 X140.3492 Y165.8445 Z69.7259 E0.3486 F240
G1 X138.7470 Y166.3283 Z69.726 E0.3486
G1 X137.1260 Y166.7444 Z69.7257 E0.3486 F480
G1 X135.4889 Y167.0924 Z69.7257 E0.3487
G1 X133.8387 Y167.3716 Z69.7262 E0.3487
G1 X132.1783 Y167.5813 Z69.7258 E0.3487
G1 X130.5105 Y167.7213 Z69.7257 E0.3487
G1 X128.8383 Y167.7914 Z69.726 E0.9067
G1 X127.1647 Z69.726 E0.3487
G1 X125.4925 Y167.7213 Z69.7257 E0.3487
G1 X123.8247 Y167.5813 Z69.7258 E0.3488
G1 X122.1643 Y167.3716 Z69.7262 E0.3488
G1 X120.5141 Y167.0924 Z69.7257 E0.3488 F240
G1 X118.8770 Y166.7444 Z69.7257 E0.3488
G1 X117.2560 Y166.3283 Z69.726 E0.3488 F480
G1 X115.6538 Y165.8445 Z69.7258 E0.3488
G1 X114.0733 Y165.2941 Z69.7257 E0.3489
G1 X112.5171 Y164.6780 Z69.7258 E0.3489
G1 X110.9882 Y163.9973 Z69.7261 E0.3489
G1 X109.4892 Y163.2531 Z69.7257 E0.9072
G1 X108.0225 Y162.4468 Z69.7257 E0.349
G1 X106.5909 Y161.5799 Z69.7262 E0.349
G1 X105.1970 Y160.6537 Z69.7258 E0.349
G1 X103.8430 Y159.6699 Z69.7257 E0.349
G1 X102.5313 Y158.6303 Z69.7259 E0.349 F240
G1 X101.2644 Y157.5368 Z69.726 E0.349
G1 X100.0444 Y156.3911 Z69.7257 E0.349 F480
G1 X98.8734 Y155.1953 Z69.7258 E0.349
G1 X97.7535 Y153.9516 Z69.7262 E0.349
G1 X96.6867 Y152.6620 Z69.7257 E0.3491
G1 X95.6748 Y151.3289 Z69.7257 E0.3491
G1 X94.7196 Y149.9546 Z69.726 E0.9076
G1 X93.8229 Y148.5416 Z69.7259 E0.3491
G1 X92.9861 Y147.0921 Z69.7256 E0.3491
G1 X92.2106 Y145.6089 Z69.7258 E0.3491
G1 X91.4981 Y144.0946 Z69.7261 E0.3491
G1 X90.8495 Y142.5517 Z69.7257 E0.3491 F240
G1 X90.2661 Y140.9830 Z69.7257 E0.3491
G1 X89.7489 Y139.3913 Z69.7261 E0.3491 F480
G1 X89.2989 Y137.7794 Z69.7258 E0.3491
G1 X88.9167 Y136.1499 Z69.7257 E0.3491
G1 X88.6031 Y134.5059 Z69.7259 E0.3491
G1 X88.3586 Y132.8503 Z69.726 E0.3491
G1 X88.1837 Y131.1858 Z69.7257 E0.9078
G1 X88.0786 Y129.5154 Z69.7257 E0.3492
G1 X88.0435 Y127.8422 Z69.7262 E0.3491
G1 X88.0786 Y126.1690 Z69.7258 E0.3491
G1 X88.1837 Y124.4986 Z69.7257 E0.3492
G1 X88.3586 Y122.8341 Z69.726 E0.3492 F240
G1 X88.6031 Y121.1785 Z69.7259 E0.3491
G1 X88.9167 Y119.5345 Z69.7257 E0.3491 F480
G1 X89.2989 Y117.9050 Z69.7258 E0.3491
G1 X89.7489 Y116.2931 Z69.7261 E0.3491
G1 X90.2661 Y114.7014 Z69.7257 E0.3491
G1 X90.8495 Y113.1327 Z69.7257 E0.3491
G1 X91.4981 Y111.5898 Z69.7261 E0.9077
G1 X92.2106 Y110.0755 Z69.7258 E0.3491
G1 X92.9861 Y108.5923 Z69.7256 E0.3491
G1 X93.8229 Y107.1428 Z69.7259 E0.3491
G1 X94.7196 Y105.7298 Z69.726 E0.3491
G1 X95.6748 Y104.3555 Z69.7257 E0.3491 F240
G1 X96.6867 Y103.0224 Z69.7257 E0.3491
G1 X97.7535 Y101.7328 Z69.7262 E0.349 F480
G1 X98.8734 Y100.4891 Z69.7258 E0.349
G1 X100.0444 Y99.2933 Z69.7257 E0.349
G1 X101.2644 Y98.1476 Z69.726 E0.349
G1 X102.5313 Y97.0541 Z69.7259 E0.349
G1 X103.8430 Y96.0145 Z69.7257 E0.9074
G1 X105.1970 Y95.0307 Z69.7258 E0.349
G1 X106.5909 Y94.1045 Z69.7262 E0.3489
G1 X108.0225 Y93.2376 Z69.7257 E0.3489
G1 X109.4892 Y92.4313 Z69.7257 E0.3489
G1 X110.9882 Y91.6871 Z69.7261 E0.3489 F240
G1 X112.5171 Y91.0064 Z69.7258 E0.3489
G1 X114.0733 Y90.3903 Z69.7257 E0.3489 F480
G1 X115.6538 Y89.8399 Z69.7259 E0.3489
G1 X117.2560 Y89.3562 Z69.726 E0.3488
G1 X118.8770 Y88.9400 Z69.7257 E0.3488
G1 X120.5141 Y88.5920 Z69.7258 E0.3488
G1 X122.1643 Y88.3128 Z69.7262 E0.9068
G1 X123.8247 Y88.1031 Z69.7258 E0.3488
G1 X125.4925 Y87.9631 Z69.7257 E0.3488
G1 X127.1647 Y87.8930 Z69.726 E0.3487
G1 X128.8383 Z69.726 E0.3487
G1 X130.5105 Y87.9631 Z69.7257 E0.3487 F240
G1 X132.1783 Y88.1031 Z69.7258 E0.3487
G1 X133.8387 Y88.3128 Z69.7262 E0.3487 F480
G1 X135.4889 Y88.5920 Z69.7257 E0.3486
G1 X137.1260 Y88.9400 Z69.7257 E0.3486
G1 X138.7470 Y89.3562 Z69.726 E0.3486
G1 X140.3492 Y89.8399 Z69.7258 E0.3486
G1 X141.9297 Y90.3903 Z69.7257 E0.9063
G1 X143.4859 Y91.0064 Z69.7259 E0.3486
G1 X145.0148 Y91.6871 Z69.7261 E0.3485
G1 X146.5139 Y92.4313 Z69.7257 E0.3485
G1 X147.9805 Y93.2376 Z69.7257 E0.3485
G1 X149.4121 Y94.1045 Z69.7262 E0.3485 F240
G1 X150.8060 Y95.0307 Z69.7258 E0.3485
G1 X152.1601 Y96.0145 Z69.7257 E0.3485 F480
G1 X153.4717 Y97.0541 Z69.7259 E0.3485
G1 X154.7386 Y98.1476 Z69.726 E0.3484
G1 X155.9586 Y99.2933 Z69.7257 E0.3484
G1 X157.1296 Y100.4891 Z69.7258 E0.3484
G1 X158.2495 Y101.7328 Z69.7262 E0.9058
G1 X159.3163 Y103.0224 Z69.7257 E0.3484
G1 X160.3282 Y104.3555 Z69.7257 E0.3484
G1 X161.2834 Y105.7298 Z69.726 E0.3484
G1 X162.1801 Y107.1428 Z69.7259 E0.3483
G1 X163.0169 Y108.5923 Z69.7256 E0.3484 F240
G1 X163.7924 Y110.0755 Z69.7258 E0.3484
G1 X164.5049 Y111.5898 Z69.7261 E0.3483 F480
G1 X165.1535 Y113.1327 Z69.7257 E0.3483
G1 X165.7369 Y114.7014 Z69.7257 E0.3483
G1 X166.2541 Y116.2931 Z69.7261 E0.3483
G1 X166.7041 Y117.9050 Z69.7258 E0.3483
G1 X167.0863 Y119.5345 Z69.7257 E0.9056
G10 
G1 F12000
G1 Z79.7294
G1 X168.3043 Y128.0106
G1 Z70.529
G1 F480
G11 
G1 X168.2689 Y126.3226 E0.6738
G1 X168.1629 Y124.6376 E0.6739
G1 X167.9864 Y122.9585 E0.6738
G1 X167.7398 Y121.2883 E0.6738
G1 X167.4234 Y119.6299 E0.6739
G1 X167.0379 Y117.9861 E0.6738
G1 X166.5839 Y116.3600 E0.6738
G1 X166.0621 Y114.7543 Z70.529 E0.6738
G1 X165.4736 Y113.1718 E0.6738
G1 X164.8194 Y111.6154 E0.6738
G1 X164.1005 Y110.0878 Z70.529 E0.6739
G1 X163.3183 Y108.5915 E0.6739
G1 X162.4741 Y107.1294 E0.6739
G1 X161.5695 Y105.7039 E0.6739
G1 X160.6059 Y104.3175 E0.6739
G1 X159.5851 Y102.9727 Z70.529 E0.6739
G1 X158.5090 Y101.6718 E0.6739
G1 X157.3792 Y100.4171 E0.6739
G1 X156.1980 Y99.2108 Z70.529 E0.6739
G1 X154.9672 Y98.0551 E0.6739
G1 X153.6891 Y96.9519 Z70.529 E0.6738
G1 X152.3660 Y95.9032 Z70.529 E0.6739
G1 X151.0001 Y94.9108 E0.6739
G1 X149.5939 Y93.9765 E0.6739
G1 X148.1497 Y93.1019 E0.6739
G1 X146.6702 Y92.2885 Z70.529 E0.6739
G1 X145.1579 Y91.5378 Z70.529 E0.6738
G1 X143.6156 Y90.8511 E0.6739
G1 X142.0458 Y90.2296 Z70.529 E0.6738
G1 X140.4514 Y89.6744 Z70.529 E0.6739
G1 X138.8351 Y89.1864 E0.6739
G1 X137.1998 Y88.7665 E0.6739
G1 X135.5483 Y88.4155 Z70.529 E0.6739
G1 X133.8836 Y88.1339 E0.6739
G1 X132.2086 Y87.9223 Z70.529 E0.6739
G1 X130.5262 Y87.7810 Z70.529 E0.6738
G1 X128.8393 Y87.7103 Z70.529 E0.6739
G1 X127.1510 E0.6739
G1 X125.4641 Y87.7810 E0.6739
G1 X123.7817 Y87.9223 Z70.529 E0.6739
G1 X122.1067 Y88.1339 Z70.529 E0.6739
G1 X120.4420 Y88.4155 E0.6738
G1 X118.7905 Y88.7665 Z70.529 E0.6738
G1 X117.1552 Y89.1864 Z70.529 E0.6739
G1 X115.5389 Y89.6744 E0.6739
G1 X113.9445 Y90.2296 E0.6739
G1 X112.3747 Y90.8511 Z70.529 E0.6739
G1 X110.8324 Y91.5378 E0.6739
G1 X109.3201 Y92.2885 Z70.529 E0.6739
G1 X107.8406 Y93.1019 E0.6739
G1 X106.3964 Y93.9765 Z70.529 E0.6738
G1 X104.9902 Y94.9108 Z70.529 E0.6739
G1 X103.6243 Y95.9032 E0.6739
G1 X102.3011 Y96.9519 E0.6739
G1 X101.0231 Y98.0551 Z70.529 E0.6739
G1 X99.7923 Y99.2108 E0.6739
G1 X98.6111 Y100.4171 Z70.529 E0.6739
G1 X97.4813 Y101.6718 E0.6738
G1 X96.4051 Y102.9727 E0.6739
G1 X95.3844 Y104.3175 Z70.529 E0.6738
G1 X94.4208 Y105.7039 E0.6738
G1 X93.5162 Y107.1294 Z70.529 E0.6739
G1 X92.6720 Y108.5915 E0.6739
G1 X91.8898 Y110.0878 E0.6739
G1 X91.1709 Y111.6154 E0.6739
G1 X90.5167 Y113.1718 E0.6739
G1 X89.9282 Y114.7543 Z70.529 E0.6739
G1 X89.4064 Y116.3600 E0.6739
G1 X88.9524 Y117.9861 E0.6739
G1 X88.5669 Y119.6299 E0.6739
G1 X88.2505 Y121.2883 E0.6739
G1 X88.0039 Y122.9585 E0.6739
G1 X87.8274 Y124.6376 E0.6739
G1 X87.7214 Y126.3226 E0.6739
G1 X87.6860 Y128.0106 E0.6739
G1 X87.7214 Y129.6986 E0.6739
G1 X87.8274 Y131.3836 E0.6739
G1 X88.0039 Y133.0627 E0.6739
G1 X88.2505 Y134.7329 E0.6739
G1 X88.5669 Y136.3913 E0.6739
G1 X88.9524 Y138.0351 E0.6739
G1 X89.4064 Y139.6612 E0.6739
G1 X89.9282 Y141.2669 E0.6739
G1 X90.5167 Y142.8494 Z70.529 E0.6739
G1 X91.1709 Y144.4058 E0.6739
G1 X91.8898 Y145.9335 E0.6739
G1 X92.6720 Y147.4297 E0.6739
G1 X93.5162 Y148.8918 E0.6739
G1 X94.4208 Y150.3173 Z70.529 E0.6738
G1 X95.3844 Y151.7037 E0.6738
G1 X96.4051 Y153.0485 Z70.529 E0.6739
G1 X97.4813 Y154.3494 E0.6739
G1 X98.6111 Y155.6041 E0.6738
G1 X99.7923 Y156.8104 Z70.529 E0.6739
G1 X101.0231 Y157.9661 E0.6738
G1 X102.3011 Y159.0693 Z70.529 E0.6739
G1 X103.6243 Y160.1180 E0.6739
G1 X104.9902 Y161.1104 E0.6739
G1 X106.3964 Y162.0447 Z70.529 E0.6739
G1 X107.8406 Y162.9193 Z70.529 E0.6739
G1 X109.3201 Y163.7327 E0.6738
G1 X110.8323 Y164.4834 Z70.529 E0.6739
G1 X112.3747 Y165.1701 E0.6739
G1 X113.9445 Y165.7916 Z70.529 E0.6739
G1 X115.5389 Y166.3469 E0.6739
G1 X117.1552 Y166.8348 E0.6739
G1 X118.7905 Y167.2547 Z70.529 E0.6738
G1 X120.4420 Y167.6057 Z70.529 E0.6738
G1 X122.1066 Y167.8873 E0.6738
G1 X123.7817 Y168.0989 Z70.529 E0.6739
G1 X125.4641 Y168.2402 Z70.529 E0.6739
G1 X127.1510 Y168.3109 E0.6739
G1 X128.8393 E0.6739
G1 X130.5262 Y168.2402 Z70.529 E0.6738
G1 X132.2086 Y168.0989 Z70.529 E0.6738
G1 X133.8836 Y167.8873 Z70.529 E0.6739
G1 X135.5483 Y167.6057 E0.6739
G1 X137.1998 Y167.2547 Z70.529 E0.6739
G1 X138.8351 Y166.8348 E0.6739
G1 X140.4514 Y166.3469 E0.6739
G1 X142.0458 Y165.7916 Z70.529 E0.6738
G1 X143.6156 Y165.1701 Z70.529 E0.6738
G1 X145.1579 Y164.4834 E0.6739
G1 X146.6702 Y163.7327 Z70.529 E0.6739
G1 X148.1497 Y162.9193 Z70.529 E0.6739
G1 X149.5938 Y162.0447 E0.6739
G1 X151.0001 Y161.1104 E0.6739
G1 X152.3660 Y160.1180 E0.6739
G1 X153.6891 Y159.0693 Z70.529 E0.6738
G1 X154.9672 Y157.9661 Z70.529 E0.6739
G1 X156.1980 Y156.8104 E0.6738
G1 X157.3792 Y155.6041 Z70.529 E0.6739
G1 X158.5089 Y154.3494 E0.6739
G1 X159.5851 Y153.0485 E0.6739
G1 X160.6059 Y151.7037 Z70.529 E0.6739
G1 X161.5695 Y150.3174 E0.6739
G1 X162.4741 Y148.8918 E0.6739
G1 X163.3183 Y147.4297 E0.6739
G1 X164.1005 Y145.9335 E0.6739
G1 X164.8194 Y144.4058 Z70.529 E0.6739
G1 X165.4736 Y142.8494 E0.6738
G1 X166.0621 Y141.2669 E0.6738
G1 X166.5838 Y139.6612 Z70.529 E0.6738
G1 X167.0379 Y138.0351 E0.6739
G1 X167.4234 Y136.3914 E0.6738
G1 X167.7398 Y134.7329 E0.6738
G1 X167.9864 Y133.0627 E0.6739
G1 X168.1629 Y131.3836 E0.6738
G1 X168.2689 Y129.6986 E0.6738
G1 X168.3246 Y128.0106 Z70.605 E0.0
G1 X168.2905 Y126.3217 Z70.6102 E0.0708
G1 X168.1858 Y124.6357 Z70.6153 E0.0753
G1 X168.0105 Y122.9555 Z70.6205 E0.0798
G1 X167.7650 Y121.2840 Z70.6257 E0.0843
G1 X167.4498 Y119.6243 Z70.6308 E0.0888
G1 X167.0653 Y117.9791 Z70.636 E0.0933
G1 X166.6122 Y116.3514 Z70.6412 E0.0978
G1 X166.0913 Y114.7441 Z70.6463 E0.1023
G1 X165.5036 Y113.1600 Z70.6515 E0.1068
G1 X164.8500 Y111.6018 Z70.6567 E0.1113
G1 X164.1318 Y110.0722 Z70.6618 E0.1158
G1 X163.3501 Y108.5741 Z70.667 E0.1203
G1 X162.5063 Y107.1099 Z70.6722 E0.1248
G1 X161.6019 Y105.6824 Z70.6773 E0.1293
G1 X160.6385 Y104.2939 Z70.6825 E0.1338
G1 X159.6177 Y102.9469 Z70.6877 E0.1383
G1 X158.5414 Y101.6438 Z70.6928 E0.1428
G1 X157.4115 Y100.3868 Z70.698 E0.1473
G1 X156.2298 Y99.1783 Z70.7032 E0.1518
G1 X154.9986 Y98.0203 Z70.7083 E0.1563
G1 X153.7199 Y96.9148 Z70.7135 E0.1608
G1 X152.3960 Y95.8637 Z70.7187 E0.1653
G1 X151.0291 Y94.8690 Z70.7238 E0.1698
G1 X149.6218 Y93.9324 Z70.729 E0.1743
G1 X148.1765 Y93.0555 Z70.7341 E0.1788
G1 X146.6956 Y92.2399 Z70.7393 E0.1833
G1 X145.1819 Y91.4870 Z70.7445 E0.1878
G1 X143.6378 Y90.7981 Z70.7496 E0.1924
G1 X142.0663 Y90.1745 Z70.7548 E0.1969
G1 X140.4699 Y89.6171 Z70.76 E0.2014
G1 X138.8516 Y89.1272 Z70.7651 E0.2059
G1 X137.2141 Y88.7053 Z70.7703 E0.2104
G1 X135.5603 Y88.3525 Z70.7755 E0.2149
G1 X133.8932 Y88.0691 Z70.7806 E0.2194
G1 X132.2156 Y87.8559 Z70.7858 E0.2239
G1 X130.5305 Y87.7130 Z70.791 E0.2284
G1 X128.8408 Y87.6409 Z70.7961 E0.2329
G1 X127.1495 Y87.6396 Z70.8013 E0.2374
G1 X125.4596 Y87.7091 Z70.8065 E0.2419
G1 X123.7740 Y87.8493 Z70.8116 E0.2464
G1 X122.0957 Y88.0599 Z70.8168 E0.2509
G1 X120.4277 Y88.3407 Z70.822 E0.2555
G1 X118.7728 Y88.6911 Z70.8271 E0.26
G1 X117.1341 Y89.1105 Z70.8323 E0.2645
G1 X115.5142 Y89.5982 Z70.8375 E0.269
G1 X113.9161 Y90.1533 Z70.8426 E0.2735
G1 X112.3427 Y90.7749 Z70.8478 E0.278
G1 X110.7966 Y91.4618 Z70.853 E0.2825
G1 X109.2805 Y92.2129 Z70.8581 E0.287
G1 X107.7972 Y93.0268 Z70.8633 E0.2915
G1 X106.3493 Y93.9022 Z70.8685 E0.2961
G1 X104.9392 Y94.8374 Z70.8736 E0.3006
G1 X103.5695 Y95.8309 Z70.8788 E0.3051
G1 X102.2425 Y96.8810 Z70.884 E0.3096
G1 X100.9606 Y97.9857 Z70.8891 E0.3141
G1 X99.7261 Y99.1432 Z70.8943 E0.3186
G1 X98.5411 Y100.3514 Z70.8995 E0.3231
G1 X97.4077 Y101.6082 Z70.9046 E0.3276
G1 X96.3278 Y102.9114 Z70.9098 E0.3322
G1 X95.3035 Y104.2587 Z70.915 E0.3367
G1 X94.3364 Y105.6478 Z70.9201 E0.3412
G1 X93.4283 Y107.0762 Z70.9253 E0.3457
G1 X92.5809 Y108.5414 Z70.9305 E0.3502
G1 X91.7955 Y110.0409 Z70.9356 E0.3547
G1 X91.0735 Y111.5720 Z70.9408 E0.3593
G1 X90.4163 Y113.1321 Z70.946 E0.3638
G1 X89.8250 Y114.7183 Z70.9511 E0.3683
G1 X89.3005 Y116.3280 Z70.9563 E0.3728
G1 X88.8440 Y117.9583 Z70.9614 E0.3773
G1 X88.4561 Y119.6063 Z70.9666 E0.3818
G1 X88.1375 Y121.2692 Z70.9718 E0.3864
G1 X87.8889 Y122.9440 Z70.9769 E0.3909
G1 X87.7105 Y124.6278 Z70.9821 E0.3954
G1 X87.6029 Y126.3177 Z70.9873 E0.3999
G1 X87.5661 Y128.0106 Z70.9924 E0.4044
G1 X87.6002 Y129.7037 Z70.9976 E0.409
G1 X87.7053 Y131.3938 Z71.0028 E0.4135
G1 X87.8810 Y133.0782 Z71.0079 E0.418
G1 X88.1270 Y134.7538 Z71.0131 E0.4225
G1 X88.4431 Y136.4177 Z71.0183 E0.427
G1 X88.8285 Y138.0669 Z71.0234 E0.4316
G1 X89.2827 Y139.6986 Z71.0286 E0.4361
G1 X89.8049 Y141.3099 Z71.0338 E0.4406
G1 X90.3941 Y142.8979 Z71.0389 E0.4451
G1 X91.0492 Y144.4600 Z71.0441 E0.4496
G1 X91.7693 Y145.9933 Z71.0493 E0.4542
G1 X92.5529 Y147.4951 Z71.0544 E0.4587
G1 X93.3988 Y148.9629 Z71.0596 E0.4632
G1 X94.3055 Y150.3940 Z71.0648 E0.4677
G1 X95.2712 Y151.7859 Z71.0699 E0.4723
G1 X96.2945 Y153.1362 Z71.0751 E0.4768
G1 X97.3735 Y154.4425 Z71.0803 E0.4813
G1 X98.5062 Y155.7026 Z71.0854 E0.4858
G1 X99.6908 Y156.9141 Z71.0906 E0.4904
G1 X100.9251 Y158.0750 Z71.0957 E0.4949
G1 X102.2069 Y159.1832 Z71.1009 E0.4994
G1 X103.5341 Y160.2368 Z71.1061 E0.5039
G1 X104.9043 Y161.2340 Z71.1113 E0.5085
G1 X106.3151 Y162.1729 Z71.1164 E0.513
G1 X107.7640 Y163.0519 Z71.1216 E0.5175
G1 X109.2485 Y163.8696 Z71.1268 E0.522
G1 X110.7660 Y164.6243 Z71.1319 E0.5266
G1 X112.3139 Y165.3149 Z71.1371 E0.5311
G1 X113.8893 Y165.9401 Z71.1423 E0.5356
G1 X115.4896 Y166.4988 Z71.1474 E0.5401
G1 X117.1119 Y166.9900 Z71.1526 E0.5447
G1 X118.7534 Y167.4128 Z71.1577 E0.5492
G1 X120.4113 Y167.7666 Z71.1629 E0.5537
G1 X122.0825 Y168.0506 Z71.1681 E0.5583
G1 X123.7643 Y168.2644 Z71.1732 E0.5628
G1 X125.4536 Y168.4076 Z71.1784 E0.5673
G1 X127.1474 Y168.4799 Z71.1836 E0.5718
G1 X128.8429 Y168.4812 Z71.1887 E0.5764
G1 X130.5370 Y168.4116 Z71.1939 E0.5809
G1 X132.2267 Y168.2710 Z71.1991 E0.5854
G1 X133.9091 Y168.0598 Z71.2042 E0.59
G1 X135.5812 Y167.7783 Z71.2094 E0.5945
G1 X137.2402 Y167.4271 Z71.2146 E0.599
G1 X138.8830 Y167.0066 Z71.2197 E0.6036
G1 X140.5069 Y166.5177 Z71.2249 E0.6081
G1 X142.1089 Y165.9613 Z71.2301 E0.6126
G1 X143.6862 Y165.3382 Z71.2352 E0.6172
G1 X145.2361 Y164.6496 Z71.2404 E0.6217
G1 X146.7559 Y163.8966 Z71.2456 E0.6262
G1 X148.2428 Y163.0807 Z71.2507 E0.6308
G1 X149.6944 Y162.2032 Z71.2559 E0.6353
G1 X151.1079 Y161.2656 Z71.2611 E0.6398
G1 X152.4810 Y160.2696 Z71.2662 E0.6444
G1 X153.8113 Y159.2170 Z71.2714 E0.6489
G1 X155.0963 Y158.1095 Z71.2766 E0.6535
G1 X156.3339 Y156.9492 Z71.2817 E0.658
G1 X157.5218 Y155.7380 Z71.2869 E0.6625
G1 X158.6580 Y154.4781 Z71.2921 E0.667
G1 X159.7405 Y153.1717 Z71.2972 E0.6716
G1 X160.7674 Y151.8210 Z71.3024 E0.6761
G1 X161.7368 Y150.4285 Z71.3076 E0.6807
G1 X162.6471 Y148.9966 Z71.3127 E0.6852
G1 X163.4967 Y147.5278 Z71.3179 E0.6897
G1 X164.2840 Y146.0246 Z71.3231 E0.6943
G1 X165.0078 Y144.4897 Z71.3282 E0.6988
G1 X165.6666 Y142.9258 Z71.3334 E0.7034
G1 X166.2594 Y141.3356 Z71.3386 E0.7079
G1 X166.7851 Y139.7220 Z71.3437 E0.7124
G1 X167.2428 Y138.0877 Z71.3489 E0.717
G1 X167.6316 Y136.4356 Z71.354 E0.7215
G1 X167.9510 Y134.7686 Z71.3592 E0.726
G1 X168.2002 Y133.0897 Z71.3644 E0.7306
G1 X168.3790 Y131.4017 Z71.3696 E0.7351
G1 X168.4869 Y129.7077 Z71.3747 E0.7397
G1 X168.5238 Y128.0106 Z71.3799 E0.6776
G1 X168.4889 Y126.3134 Z71.3852 E0.6776
G1 X168.3830 Y124.6191 Z71.3905 E0.6775
G1 X168.2063 Y122.9308 Z71.3957 E0.6775
G1 X167.9590 Y121.2512 Z71.401 E0.6775
G1 X167.6415 Y119.5835 Z71.4063 E0.6775
G1 X167.2546 Y117.9305 Z71.4116 E0.6775
G1 X166.7987 Y116.2951 Z71.4169 E0.6774
G1 X166.2747 Y114.6803 Z71.4222 E0.6774
G1 X165.6836 Y113.0887 Z71.4275 E0.6774
G1 X165.0263 Y111.5233 Z71.4328 E0.6774
G1 X164.3040 Y109.9867 Z71.438 E0.6774
G1 X163.5180 Y108.4818 Z71.4433 E0.6774
G1 X162.6697 Y107.0110 Z71.4486 E0.6774
G1 X161.7605 Y105.5770 Z71.4539 E0.6773
G1 X160.7920 Y104.1823 Z71.4592 E0.6773
G1 X159.7659 Y102.8294 Z71.4645 E0.6773
G1 X158.6841 Y101.5206 Z71.4698 E0.6773
G1 X157.5484 Y100.2582 Z71.4751 E0.6773
G1 X156.3608 Y99.0445 Z71.4804 E0.6773
G1 X155.1235 Y97.8816 Z71.4856 E0.6773
G1 X153.8384 Y96.7714 Z71.4909 E0.6772
G1 X152.5080 Y95.7161 Z71.4962 E0.6772
G1 X151.1346 Y94.7173 Z71.5015 E0.6772
G1 X149.7205 Y93.7770 Z71.5068 E0.6772
G1 X148.2682 Y92.8966 Z71.5121 E0.6772
G1 X146.7803 Y92.0779 Z71.5174 E0.6772
G1 X145.2594 Y91.3221 Z71.5227 E0.6772
G1 X143.7082 Y90.6307 Z71.528 E0.6772
G1 X142.1294 Y90.0048 Z71.5332 E0.6772
G1 X140.5257 Y89.4456 Z71.5385 E0.6772
G1 X138.8999 Y88.9540 Z71.5438 E0.6772
G1 X137.2550 Y88.5310 Z71.5491 E0.6772
G1 X135.5938 Y88.1772 Z71.5544 E0.6771
G1 X133.9192 Y87.8932 Z71.5597 E0.6771
G1 X132.2341 Y87.6796 Z71.565 E0.6771
G1 X130.5415 Y87.5368 Z71.5703 E0.6771
G1 X128.8445 Y87.4650 Z71.5755 E0.6771
G1 X127.1458 Y87.4643 Z71.5808 E0.6771
G1 X125.4486 Y87.5347 Z71.5861 E0.6771
G1 X123.7558 Y87.6761 Z71.5914 E0.6771
G1 X122.0704 Y87.8884 Z71.5967 E0.6771
G1 X120.3953 Y88.1710 Z71.602 E0.6771
G1 X118.7335 Y88.5235 Z71.6073 E0.6771
G1 X117.0879 Y88.9453 Z71.6126 E0.6771
G1 X115.4614 Y89.4356 Z71.6179 E0.6771
G1 X113.8568 Y89.9937 Z71.6231 E0.6771
G1 X112.2769 Y90.6184 Z71.6284 E0.6771
G1 X110.7246 Y91.3088 Z71.6337 E0.6771
G1 X109.2025 Y92.0636 Z71.639 E0.6771
G1 X107.7133 Y92.8815 Z71.6443 E0.6771
G1 X106.2597 Y93.7610 Z71.6496 E0.6771
G1 X104.8441 Y94.7006 Z71.6549 E0.6771
G1 X103.4691 Y95.6988 Z71.6602 E0.6771
G1 X102.1371 Y96.7536 Z71.6655 E0.6771
G1 X100.8504 Y97.8633 Z71.6707 E0.6771
G1 X99.6113 Y99.0260 Z71.676 E0.6771
G1 X98.4220 Y100.2395 Z71.6813 E0.6771
G1 X97.2844 Y101.5018 Z71.6866 E0.6771
G1 X96.2007 Y102.8107 Z71.6919 E0.6771
G1 X95.1728 Y104.1638 Z71.6972 E0.6771
G1 X94.2024 Y105.5588 Z71.7025 E0.6772
G1 X93.2913 Y106.9932 Z71.7078 E0.6772
G1 X92.4410 Y108.4645 Z71.7131 E0.6772
G1 X91.6530 Y109.9702 Z71.7183 E0.6772
G1 X90.9288 Y111.5076 Z71.7236 E0.6772
G1 X90.2696 Y113.0740 Z71.7289 E0.6772
G1 X89.6765 Y114.6667 Z71.7342 E0.6772
G1 X89.1507 Y116.2828 Z71.7395 E0.6772
G1 X88.6930 Y117.9195 Z71.7448 E0.6772
G1 X88.3042 Y119.5740 Z71.7501 E0.6772
G1 X87.9851 Y121.2434 Z71.7554 E0.6772
G1 X87.7361 Y122.9247 Z71.7606 E0.6773
G1 X87.5577 Y124.6150 Z71.7659 E0.6773
G1 X87.4503 Y126.3113 Z71.7712 E0.6773
G1 X87.4140 Y128.0106 Z71.7765 E0.6773
G1 X87.4489 Y129.7100 Z71.7818 E0.6773
G1 X87.5549 Y131.4065 Z71.7871 E0.6773
G1 X87.7319 Y133.0970 Z71.7924 E0.6773
G1 X87.9795 Y134.7787 Z71.7977 E0.6773
G1 X88.2974 Y136.4486 Z71.8029 E0.6774
G1 X88.6849 Y138.1038 Z71.8082 E0.6774
G1 X89.1413 Y139.7413 Z71.8135 E0.6774
G1 X89.6660 Y141.3582 Z71.8188 E0.6774
G1 X90.2579 Y142.9518 Z71.8241 E0.6774
G1 X90.9160 Y144.5193 Z71.8294 E0.6774
G1 X91.6392 Y146.0578 Z71.8347 E0.6775
G1 X92.4262 Y147.5648 Z71.84 E0.6775
G1 X93.2757 Y149.0375 Z71.8453 E0.6775
G1 X94.1861 Y150.4733 Z71.8505 E0.6775
G1 X95.1558 Y151.8698 Z71.8558 E0.6775
G1 X96.1832 Y153.2245 Z71.8611 E0.6775
G1 X97.2664 Y154.5349 Z71.8664 E0.6776
G1 X98.4036 Y155.7989 Z71.8717 E0.6776
G1 X99.5927 Y157.0142 Z71.877 E0.6776
G1 X100.8317 Y158.1787 Z71.8823 E0.6776
G1 X102.1184 Y159.2902 Z71.8876 E0.6776
G1 X103.4505 Y160.3470 Z71.8929 E0.6777
G1 X104.8257 Y161.3470 Z71.8981 E0.6777
G1 X106.2417 Y162.2886 Z71.9034 E0.6777
G1 X107.6958 Y163.1701 Z71.9087 E0.6777
G1 X109.1856 Y163.9899 Z71.914 E0.6778
G1 X110.7085 Y164.7466 Z71.9193 E0.6778
G1 X112.2617 Y165.4390 Z71.9246 E0.6778
G1 X113.8426 Y166.0656 Z71.9299 E0.6778
G1 X115.4484 Y166.6256 Z71.9352 E0.6779
G1 X117.0762 Y167.1178 Z71.9405 E0.6779
G1 X118.7233 Y167.5414 Z71.9457 E0.6779
G1 X120.3867 Y167.8957 Z71.951 E0.6779
G1 X122.0634 Y168.1800 Z71.9563 E0.678
G1 X123.7507 Y168.3938 Z71.9616 E0.678
G1 X125.4454 Y168.5368 Z71.9669 E0.678
G1 X127.1447 Y168.6088 Z71.9722 E0.678
G1 X128.8456 Y168.6095 Z71.9775 E0.6781
G1 X130.5450 Y168.5389 Z71.9828 E0.6781
G1 X132.2399 Y168.3973 Z71.9881 E0.6781
G1 X133.9275 Y168.1848 Z71.9933 E0.6782
G1 X135.6048 Y167.9018 Z71.9986 E0.6782
G1 X137.2688 Y167.5489 Z72.0039 E0.6782
G1 X138.9165 Y167.1265 Z72.0092 E0.6783
G1 X140.5451 Y166.6356 Z72.0145 E0.6783
G1 X142.1518 Y166.0768 Z72.0198 E0.6783
G1 X143.7337 Y165.4512 Z72.0251 E0.6784
G1 X145.2881 Y164.7599 Z72.0304 E0.6784
G1 X146.8121 Y164.0042 Z72.0356 E0.6784
G1 X148.3032 Y163.1852 Z72.0409 E0.6785
G1 X149.7587 Y162.3046 Z72.0462 E0.6785
G1 X151.1761 Y161.3637 Z72.0515 E0.6785
G1 X152.5529 Y160.3643 Z72.0568 E0.6786
G1 X153.8866 Y159.3081 Z72.0621 E0.6786
G1 X155.1750 Y158.1969 Z72.0674 E0.6786
G1 X156.4157 Y157.0328 Z72.0727 E0.6787
G1 X157.6066 Y155.8176 Z72.0779 E0.6787
G1 X158.7456 Y154.5537 Z72.0832 E0.6787
G1 X159.8307 Y153.2432 Z72.0885 E0.6788
G1 X160.8600 Y151.8883 Z72.0938 E0.6788
G1 X161.8316 Y150.4915 Z72.0991 E0.6789
G1 X162.7439 Y149.0552 Z72.1044 E0.6789
G1 X163.5953 Y147.5820 Z72.1097 E0.6789
G1 X164.3843 Y146.0744 Z72.115 E0.679
G1 X165.1095 Y144.5350 Z72.1203 E0.679
G1 X165.7695 Y142.9665 Z72.1256 E0.6791
G1 X166.3633 Y141.3718 Z72.1308 E0.6791
G1 X166.8899 Y139.7536 Z72.1361 E0.6791
G1 X167.3481 Y138.1148 Z72.1414 E0.6792
G1 X167.7374 Y136.4581 Z72.1467 E0.6792
G1 X168.0570 Y134.7866 Z72.152 E0.6793
G1 X168.3063 Y133.1031 Z72.1573 E0.6793
G1 X168.4849 Y131.4106 Z72.1626 E0.6793
G1 X168.5925 Y129.7122 Z72.1679 E0.6794
G1 X168.6288 Y128.0106 Z72.1731 E0.6794
G1 X168.5933 Y126.3091 Z72.1785 E0.6794
G1 X168.4866 Y124.6105 Z72.1838 E0.6794
G1 X168.3088 Y122.9178 Z72.1891 E0.6794
G1 X168.0603 Y121.2341 Z72.1945 E0.6794
G1 X167.7415 Y119.5623 Z72.1998 E0.6793
G1 X167.3530 Y117.9052 Z72.2052 E0.6793
G1 X166.8954 Y116.2659 Z72.2105 E0.6793
G1 X166.3696 Y114.6472 Z72.2158 E0.6793
G1 X165.7765 Y113.0519 Z72.2212 E0.6792
G1 X165.1170 Y111.4829 Z72.2265 E0.6792
G1 X164.3925 Y109.9428 Z72.2318 E0.6792
G1 X163.6041 Y108.4344 Z72.2371 E0.6792
G1 X162.7532 Y106.9604 Z72.2425 E0.6792
G1 X161.8413 Y105.5233 Z72.2478 E0.6791
G1 X160.8701 Y104.1256 Z72.2532 E0.6791
G1 X159.8411 Y102.7698 Z72.2585 E0.6791
G1 X158.7563 Y101.4583 Z72.2638 E0.6791
G1 X157.6175 Y100.1934 Z72.2691 E0.6791
G1 X156.4268 Y98.9772 Z72.2745 E0.6791
G1 X155.1861 Y97.8120 Z72.2798 E0.679
G1 X153.8978 Y96.6997 Z72.2851 E0.679
G1 X152.5640 Y95.6424 Z72.2905 E0.679
G1 X151.1870 Y94.6419 Z72.2958 E0.679
G1 X149.7694 Y93.6998 Z72.3011 E0.679
G1 X148.3136 Y92.8180 Z72.3065 E0.679
G1 X146.8221 Y91.9979 Z72.3118 E0.6789
G1 X145.2976 Y91.2410 Z72.3171 E0.6789
G1 X143.7427 Y90.5486 Z72.3225 E0.6789
G1 X142.1602 Y89.9219 Z72.3278 E0.6789
G1 X140.5528 Y89.3620 Z72.3331 E0.6789
G1 X138.9234 Y88.8699 Z72.3385 E0.6789
G1 X137.2748 Y88.4465 Z72.3438 E0.6789
G1 X135.6099 Y88.0925 Z72.3491 E0.6789
G1 X133.9317 Y87.8085 Z72.3545 E0.6788
G1 X132.2430 Y87.5950 Z72.3598 E0.6788
G1 X130.5468 Y87.4524 Z72.3651 E0.6788
G1 X128.8462 Y87.3810 Z72.3705 E0.6788
G1 X127.1441 Y87.3809 Z72.3758 E0.6788
G1 X125.4434 Y87.4521 Z72.3811 E0.6788
G1 X123.7472 Y87.5944 Z72.3865 E0.6788
G1 X122.0585 Y87.8076 Z72.3918 E0.6788
G1 X120.3801 Y88.0913 Z72.3971 E0.6788
G1 X118.7151 Y88.4451 Z72.4025 E0.6787
G1 X117.0664 Y88.8683 Z72.4078 E0.6787
G1 X115.4368 Y89.3601 Z72.4131 E0.6787
G1 X113.8293 Y89.9198 Z72.4185 E0.6787
G1 X112.2466 Y90.5463 Z72.4238 E0.6787
G1 X110.6915 Y91.2385 Z72.4291 E0.6787
G1 X109.1668 Y91.9953 Z72.4345 E0.6787
G1 X107.6751 Y92.8152 Z72.4398 E0.6787
G1 X106.2190 Y93.6969 Z72.4451 E0.6787
G1 X104.8011 Y94.6388 Z72.4505 E0.6787
G1 X103.4239 Y95.6392 Z72.4558 E0.6787
G1 X102.0898 Y96.6964 Z72.4611 E0.6787
G1 X100.8011 Y97.8086 Z72.4665 E0.6787
G1 X99.5602 Y98.9738 Z72.4718 E0.6787
G1 X98.3691 Y100.1899 Z72.4771 E0.6787
G1 X97.2300 Y101.4548 Z72.4825 E0.6787
G1 X96.1448 Y102.7663 Z72.4878 E0.6787
G1 X95.1155 Y104.1222 Z72.4931 E0.6787
G1 X94.1439 Y105.5199 Z72.4985 E0.6786
G1 X93.2317 Y106.9571 Z72.5038 E0.6786
G1 X92.3804 Y108.4312 Z72.5091 E0.6786
G1 X91.5916 Y109.9397 Z72.5145 E0.6786
G1 X90.8667 Y111.4800 Z72.5198 E0.6786
G1 X90.2069 Y113.0492 Z72.5251 E0.6786
G1 X89.6134 Y114.6447 Z72.5305 E0.6786
G1 X89.0873 Y116.2636 Z72.5358 E0.6786
G1 X88.6294 Y117.9032 Z72.5411 E0.6786
G1 X88.2405 Y119.5605 Z72.5465 E0.6786
G1 X87.9214 Y121.2326 Z72.5518 E0.6786
G1 X87.6726 Y122.9167 Z72.5571 E0.6786
G1 X87.4945 Y124.6097 Z72.5625 E0.6786
G1 X87.3875 Y126.3086 Z72.5678 E0.6786
G1 X87.3517 Y128.0106 Z72.5731 E0.6786
G1 X87.3872 Y129.7126 Z72.5785 E0.6786
G1 X87.4940 Y131.4116 Z72.5838 E0.6786
G1 X87.6718 Y133.1046 Z72.5891 E0.6786
G1 X87.9204 Y134.7887 Z72.5945 E0.6787
G1 X88.2392 Y136.4610 Z72.5998 E0.6787
G1 X88.6279 Y138.1184 Z72.6051 E0.6787
G1 X89.0855 Y139.7581 Z72.6105 E0.6787
G1 X89.6115 Y141.3772 Z72.6158 E0.6787
G1 X90.2048 Y142.9729 Z72.6211 E0.6787
G1 X90.8643 Y144.5423 Z72.6265 E0.6787
G1 X91.5891 Y146.0827 Z72.6318 E0.6787
G1 X92.3777 Y147.5915 Z72.6371 E0.6787
G1 X93.2288 Y149.0659 Z72.6425 E0.6787
G1 X94.1409 Y150.5033 Z72.6478 E0.6787
G1 X95.1123 Y151.9014 Z72.6531 E0.6787
G1 X96.1415 Y153.2575 Z72.6585 E0.6787
G1 X97.2266 Y154.5693 Z72.6638 E0.6787
G1 X98.3657 Y155.8345 Z72.6691 E0.6787
G1 X99.5567 Y157.0510 Z72.6745 E0.6788
G1 X100.7976 Y158.2165 Z72.6798 E0.6788
G1 X102.0863 Y159.3290 Z72.6851 E0.6788
G1 X103.4204 Y160.3866 Z72.6905 E0.6788
G1 X104.7977 Y161.3874 Z72.6958 E0.6788
G1 X106.2156 Y162.3296 Z72.7011 E0.6788
G1 X107.6718 Y163.2117 Z72.7065 E0.6788
G1 X109.1636 Y164.0319 Z72.7118 E0.6788
G1 X110.6885 Y164.7891 Z72.7171 E0.6788
G1 X112.2438 Y165.4816 Z72.7225 E0.6789
G1 X113.8267 Y166.1085 Z72.7278 E0.6789
G1 X115.4344 Y166.6685 Z72.7331 E0.6789
G1 X117.0642 Y167.1607 Z72.7385 E0.6789
G1 X118.7132 Y167.5842 Z72.7438 E0.6789
G1 X120.3785 Y167.9383 Z72.7491 E0.6789
G1 X122.0572 Y168.2224 Z72.7545 E0.6789
G1 X123.7463 Y168.4359 Z72.7598 E0.6789
G1 X125.4428 Y168.5785 Z72.7651 E0.679
G1 X127.1439 Y168.6499 Z72.7705 E0.679
G1 X128.8464 Y168.6501 Z72.7758 E0.679
G1 X130.5475 Y168.5789 Z72.7811 E0.679
G1 X132.2441 Y168.4366 Z72.7865 E0.679
G1 X133.9332 Y168.2233 Z72.7918 E0.679
G1 X135.6120 Y167.9395 Z72.7971 E0.6791
G1 X137.2774 Y167.5856 Z72.8025 E0.6791
G1 X138.9265 Y167.1623 Z72.8078 E0.6791
G1 X140.5565 Y166.6704 Z72.8131 E0.6791
G1 X142.1644 Y166.1106 Z72.8185 E0.6791
G1 X143.7475 Y165.4839 Z72.8238 E0.6791
G1 X145.3029 Y164.7915 Z72.8291 E0.6792
G1 X146.8280 Y164.0346 Z72.8345 E0.6792
G1 X148.3201 Y163.2145 Z72.8398 E0.6792
G1 X149.7765 Y162.3326 Z72.8451 E0.6792
G1 X151.1948 Y161.3905 Z72.8505 E0.6792
G1 X152.5723 Y160.3898 Z72.8558 E0.6793
G1 X153.9067 Y159.3323 Z72.8611 E0.6793
G1 X155.1957 Y158.2199 Z72.8665 E0.6793
G1 X156.4369 Y157.0544 Z72.8718 E0.6793
G1 X157.6283 Y155.8380 Z72.8771 E0.6793
G1 X158.7677 Y154.5728 Z72.8825 E0.6794
G1 X159.8531 Y153.2609 Z72.8878 E0.6794
G1 X160.8827 Y151.9048 Z72.8931 E0.6794
G1 X161.8545 Y150.5067 Z72.8985 E0.6794
G1 X162.7670 Y149.0692 Z72.9038 E0.6795
G1 X163.6184 Y147.5947 Z72.9091 E0.6795
G1 X164.4074 Y146.0858 Z72.9145 E0.6795
G1 X165.1325 Y144.5452 Z72.9198 E0.6795
G1 X165.7924 Y142.9756 Z72.9251 E0.6795
G1 X166.3861 Y141.3798 Z72.9305 E0.6796
G1 X166.9123 Y139.7604 Z72.9358 E0.6796
G1 X167.3704 Y138.1205 Z72.9411 E0.6796
G1 X167.7593 Y136.4628 Z72.9465 E0.6797
G1 X168.0785 Y134.7902 Z72.9518 E0.6797
G1 X168.3274 Y133.1057 Z72.9571 E0.6797
G1 X168.5055 Y131.4124 Z72.9625 E0.6797
G1 X168.6125 Y129.7130 Z72.9678 E0.6798
G1 X168.6483 Y128.0106 Z72.9731 E0.6798
G1 X168.6123 Y126.3082 Z72.9785 E0.6798
G1 X168.5050 Y124.6089 Z72.9838 E0.6797
G1 X168.3266 Y122.9156 Z72.9891 E0.6797
G1 X168.0775 Y121.2312 Z72.9944 E0.6797
G1 X167.7581 Y119.5587 Z72.9997 E0.6797
G1 X167.3689 Y117.9012 Z73.0051 E0.6796
G1 X166.9106 Y116.2613 Z73.0104 E0.6796
G1 X166.3841 Y114.6422 Z73.0157 E0.6796
G1 X165.7903 Y113.0465 Z73.021 E0.6796
G1 X165.1302 Y111.4770 Z73.0264 E0.6796
G1 X164.4049 Y109.9367 Z73.0317 E0.6795
G1 X163.6158 Y108.4280 Z73.037 E0.6795
G1 X162.7641 Y106.9538 Z73.0423 E0.6795
G1 X161.8516 Y105.5165 Z73.0476 E0.6795
G1 X160.8796 Y104.1187 Z73.053 E0.6794
G1 X159.8500 Y102.7628 Z73.0583 E0.6794
G1 X158.7645 Y101.4513 Z73.0636 E0.6794
G1 X157.6250 Y100.1863 Z73.0689 E0.6794
G1 X156.4336 Y98.9702 Z73.0742 E0.6793
G1 X155.1923 Y97.8051 Z73.0796 E0.6793
G1 X153.9033 Y96.6930 Z73.0849 E0.6793
G1 X152.5689 Y95.6359 Z73.0902 E0.6793
G1 X151.1914 Y94.6355 Z73.0955 E0.6793
G1 X149.7733 Y93.6938 Z73.1009 E0.6792
G1 X148.3169 Y92.8122 Z73.1062 E0.6792
G1 X146.8250 Y91.9925 Z73.1115 E0.6792
G1 X145.3000 Y91.2359 Z73.1168 E0.6792
G1 X143.7447 Y90.5438 Z73.1221 E0.6792
G1 X142.1618 Y89.9175 Z73.1275 E0.6791
G1 X140.5541 Y89.3581 Z73.1328 E0.6791
G1 X138.9244 Y88.8664 Z73.1381 E0.6791
G1 X137.2755 Y88.4435 Z73.1434 E0.6791
G1 X135.6104 Y88.0899 Z73.1487 E0.6791
G1 X133.9320 Y87.8064 Z73.1541 E0.6791
G1 X132.2432 Y87.5935 Z73.1594 E0.679
G1 X130.5469 Y87.4514 Z73.1647 E0.679
G1 X128.8462 Y87.3805 Z73.17 E0.679
G1 X127.1441 Y87.3809 Z73.1754 E0.679
G1 X125.4435 Y87.4526 Z73.1807 E0.679
G1 X123.7473 Y87.5954 Z73.186 E0.679
G1 X122.0587 Y87.8091 Z73.1913 E0.6789
G1 X120.3805 Y88.0933 Z73.1966 E0.6789
G1 X118.7157 Y88.4476 Z73.202 E0.6789
G1 X117.0672 Y88.8712 Z73.2073 E0.6789
G1 X115.4380 Y89.3635 Z73.2126 E0.6789
G1 X113.8307 Y89.9236 Z73.2179 E0.6789
G1 X112.2484 Y90.5506 Z73.2232 E0.6788
G1 X110.6937 Y91.2432 Z73.2286 E0.6788
G1 X109.1694 Y92.0003 Z73.2339 E0.6788
G1 X107.6781 Y92.8205 Z73.2392 E0.6788
G1 X106.2226 Y93.7025 Z73.2445 E0.6788
G1 X104.8052 Y94.6447 Z73.2499 E0.6788
G1 X103.4286 Y95.6453 Z73.2552 E0.6788
G1 X102.0950 Y96.7027 Z73.2605 E0.6788
G1 X100.8070 Y97.8151 Z73.2658 E0.6787
G1 X99.5666 Y98.9804 Z73.2711 E0.6787
G1 X98.3762 Y100.1966 Z73.2765 E0.6787
G1 X97.2377 Y101.4615 Z73.2818 E0.6787
G1 X96.1532 Y102.7730 Z73.2871 E0.6787
G1 X95.1246 Y104.1288 Z73.2924 E0.6787
G1 X94.1537 Y105.5264 Z73.2978 E0.6787
G1 X93.2422 Y106.9635 Z73.3031 E0.6787
G1 X92.3917 Y108.4374 Z73.3084 E0.6787
G1 X91.6036 Y109.9457 Z73.3137 E0.6787
G1 X90.8794 Y111.4856 Z73.319 E0.6786
G1 X90.2203 Y113.0545 Z73.3244 E0.6786
G1 X89.6275 Y114.6496 Z73.3297 E0.6786
G1 X89.1020 Y116.2681 Z73.335 E0.6786
G1 X88.6448 Y117.9071 Z73.3403 E0.6786
G1 X88.2566 Y119.5639 Z73.3456 E0.6786
G1 X87.9381 Y121.2355 Z73.351 E0.6786
G1 X87.6899 Y122.9189 Z73.3563 E0.6786
G1 X87.5124 Y124.6112 Z73.3616 E0.6786
G1 X87.4060 Y126.3094 Z73.3669 E0.6786
G1 X87.3707 Y128.0106 Z73.3723 E0.6786
G1 X87.4067 Y129.7118 Z73.3776 E0.6786
G1 X87.5139 Y131.4099 Z73.3829 E0.6786
G1 X87.6922 Y133.1020 Z73.3882 E0.6786
G1 X87.9411 Y134.7852 Z73.3935 E0.6786
G1 X88.2603 Y136.4565 Z73.3989 E0.6785
G1 X88.6492 Y138.1129 Z73.4042 E0.6785
G1 X89.1071 Y139.7516 Z73.4095 E0.6785
G1 X89.6333 Y141.3696 Z73.4148 E0.6785
G1 X90.2267 Y142.9642 Z73.4201 E0.6785
G1 X90.8864 Y144.5325 Z73.4255 E0.6785
G1 X91.6111 Y146.0718 Z73.4308 E0.6785
G1 X92.3997 Y147.5794 Z73.4361 E0.6785
G1 X93.2507 Y149.0526 Z73.4414 E0.6785
G1 X94.1626 Y150.4889 Z73.4468 E0.6785
G1 X95.1339 Y151.8857 Z73.4521 E0.6785
G1 X96.1628 Y153.2406 Z73.4574 E0.6785
G1 X97.2476 Y154.5512 Z73.4627 E0.6785
G1 X98.3862 Y155.8152 Z73.468 E0.6785
G1 X99.5768 Y157.0305 Z73.4734 E0.6785
G1 X100.8172 Y158.1948 Z73.4787 E0.6785
G1 X102.1053 Y159.3061 Z73.484 E0.6785
G1 X103.4387 Y160.3625 Z73.4893 E0.6785
G1 X104.8152 Y161.3621 Z73.4947 E0.6785
G1 X106.2324 Y162.3032 Z73.5 E0.6785
G1 X107.6877 Y163.1841 Z73.5053 E0.6785
G1 X109.1786 Y164.0033 Z73.5106 E0.6785
G1 X110.7025 Y164.7593 Z73.5159 E0.6785
G1 X112.2567 Y165.4509 Z73.5213 E0.6785
G1 X113.8385 Y166.0768 Z73.5266 E0.6785
G1 X115.4450 Y166.6358 Z73.5319 E0.6785
G1 X117.0736 Y167.1271 Z73.5372 E0.6785
G1 X118.7213 Y167.5498 Z73.5425 E0.6785
G1 X120.3852 Y167.9031 Z73.5479 E0.6785
G1 X122.0625 Y168.1864 Z73.5532 E0.6785
G1 X123.7501 Y168.3992 Z73.5585 E0.6785
G1 X125.4452 Y168.5411 Z73.5638 E0.6785
G1 X127.1447 Y168.6120 Z73.5692 E0.6785
G1 X128.8456 Y168.6116 Z73.5745 E0.6786
G1 X130.5450 Y168.5400 Z73.5798 E0.6785
G1 X132.2399 Y168.3973 Z73.5851 E0.6786
G1 X133.9274 Y168.1837 Z73.5904 E0.6786
G1 X135.6044 Y167.8997 Z73.5958 E0.6786
G1 X137.2680 Y167.5457 Z73.6011 E0.6786
G1 X138.9153 Y167.1223 Z73.6064 E0.6786
G1 X140.5435 Y166.6303 Z73.6117 E0.6786
G1 X142.1495 Y166.0707 Z73.6171 E0.6786
G1 X143.7308 Y165.4442 Z73.6224 E0.6786
G1 X145.2844 Y164.7521 Z73.6277 E0.6786
G1 X146.8076 Y163.9955 Z73.633 E0.6786
G1 X148.2978 Y163.1758 Z73.6383 E0.6786
G1 X149.7523 Y162.2945 Z73.6437 E0.6786
G1 X151.1687 Y161.3530 Z73.649 E0.6786
G1 X152.5444 Y160.3530 Z73.6543 E0.6786
G1 X153.8769 Y159.2963 Z73.6596 E0.6787
G1 X155.1641 Y158.1848 Z73.6649 E0.6787
G1 X156.4036 Y157.0203 Z73.6703 E0.6787
G1 X157.5932 Y155.8050 Z73.6756 E0.6787
G1 X158.7308 Y154.5410 Z73.6809 E0.6787
G1 X159.8145 Y153.2304 Z73.6862 E0.6787
G1 X160.8424 Y151.8756 Z73.6916 E0.6787
G1 X161.8126 Y150.4789 Z73.6969 E0.6787
G1 X162.7235 Y149.0429 Z73.7022 E0.6787
G1 X163.5735 Y147.5700 Z73.7075 E0.6788
G1 X164.3610 Y146.0628 Z73.7128 E0.6788
G1 X165.0847 Y144.5239 Z73.7182 E0.6788
G1 X165.7433 Y142.9562 Z73.7235 E0.6788
G1 X166.3357 Y141.3622 Z73.7288 E0.6788
G1 X166.8608 Y139.7448 Z73.7341 E0.6788
G1 X167.3177 Y138.1069 Z73.7394 E0.6788
G1 X167.7056 Y136.4513 Z73.7448 E0.6788
G1 X168.0239 Y134.7810 Z73.7501 E0.6788
G1 X168.2719 Y133.0987 Z73.7554 E0.6789
G1 X168.4493 Y131.4076 Z73.7607 E0.6789
G1 X168.5556 Y129.7106 Z73.7661 E0.6789
G1 X168.5909 Y128.0106 Z73.7714 E0.6789
G1 X168.5544 Y126.3107 Z73.7766 E0.6789
G1 X168.4468 Y124.6138 Z73.7819 E0.6789
G1 X168.2683 Y122.9229 Z73.7872 E0.6788
G1 X168.0191 Y121.2411 Z73.7925 E0.6788
G1 X167.6997 Y119.5712 Z73.7977 E0.6788
G1 X167.3107 Y117.9161 Z73.803 E0.6787
G1 X166.8527 Y116.2788 Z73.8083 E0.6787
G1 X166.3265 Y114.6622 Z73.8135 E0.6787
G1 X165.7332 Y113.0691 Z73.8188 E0.6787
G1 X165.0736 Y111.5022 Z73.8241 E0.6786
G1 X164.3491 Y109.9644 Z73.8294 E0.6786
G1 X163.5608 Y108.4583 Z73.8346 E0.6786
G1 X162.7101 Y106.9865 Z73.8399 E0.6786
G1 X161.7986 Y105.5517 Z73.8452 E0.6785
G1 X160.8278 Y104.1563 Z73.8504 E0.6785
G1 X159.7994 Y102.8029 Z73.8557 E0.6785
G1 X158.7153 Y101.4937 Z73.861 E0.6784
G1 X157.5773 Y100.2311 Z73.8663 E0.6784
G1 X156.3875 Y99.0173 Z73.8715 E0.6784
G1 X155.1479 Y97.8544 Z73.8768 E0.6784
G1 X153.8608 Y96.7444 Z73.8821 E0.6783
G1 X152.5283 Y95.6894 Z73.8873 E0.6783
G1 X151.1528 Y94.6911 Z73.8926 E0.6783
G1 X149.7368 Y93.7512 Z73.8979 E0.6783
G1 X148.2827 Y92.8716 Z73.9032 E0.6782
G1 X146.7930 Y92.0535 Z73.9084 E0.6782
G1 X145.2705 Y91.2987 Z73.9137 E0.6782
G1 X143.7177 Y90.6082 Z73.919 E0.6782
G1 X142.1373 Y89.9834 Z73.9242 E0.6782
G1 X140.5323 Y89.4253 Z73.9295 E0.6781
G1 X138.9053 Y88.9350 Z73.9348 E0.6781
G1 X137.2592 Y88.5132 Z73.9401 E0.6781
G1 X135.5969 Y88.1607 Z73.9453 E0.6781
G1 X133.9214 Y87.8781 Z73.9506 E0.678
G1 X132.2355 Y87.6660 Z73.9559 E0.678
G1 X130.5423 Y87.5246 Z73.9611 E0.678
G1 X128.8447 Y87.4543 Z73.9664 E0.678
G1 X127.1456 Y87.4551 Z73.9717 E0.6779
G1 X125.4481 Y87.5271 Z73.977 E0.6779
G1 X123.7552 Y87.6701 Z73.9822 E0.6779
G1 X122.0697 Y87.8839 Z73.9875 E0.6779
G1 X120.3948 Y88.1680 Z73.9928 E0.6779
G1 X118.7332 Y88.5220 Z73.998 E0.6778
G1 X117.0879 Y88.9453 Z74.0033 E0.6778
G1 X115.4619 Y89.4371 Z74.0086 E0.6778
G1 X113.8578 Y89.9965 Z74.0139 E0.6778
G1 X112.2787 Y90.6227 Z74.0191 E0.6778
G1 X110.7272 Y91.3143 Z74.0244 E0.6777
G1 X109.2060 Y92.0704 Z74.0297 E0.6777
G1 X107.7179 Y92.8894 Z74.0349 E0.6777
G1 X106.2654 Y93.7700 Z74.0402 E0.6777
G1 X104.8511 Y94.7107 Z74.0455 E0.6777
G1 X103.4774 Y95.7097 Z74.0508 E0.6776
G1 X102.1469 Y96.7654 Z74.056 E0.6776
G1 X100.8617 Y97.8758 Z74.0613 E0.6776
G1 X99.6241 Y99.0391 Z74.0666 E0.6776
G1 X98.4364 Y100.2531 Z74.0719 E0.6776
G1 X97.3006 Y101.5158 Z74.0771 E0.6776
G1 X96.2187 Y102.8249 Z74.0824 E0.6775
G1 X95.1926 Y104.1781 Z74.0877 E0.6775
G1 X94.2240 Y105.5731 Z74.0929 E0.6775
G1 X93.3148 Y107.0074 Z74.0982 E0.6775
G1 X92.4664 Y108.4785 Z74.1035 E0.6775
G1 X91.6804 Y109.9838 Z74.1087 E0.6775
G1 X90.9581 Y111.5207 Z74.114 E0.6775
G1 X90.3008 Y113.0864 Z74.1193 E0.6774
G1 X89.7097 Y114.6782 Z74.1246 E0.6774
G1 X89.1858 Y116.2934 Z74.1298 E0.6774
G1 X88.7299 Y117.9290 Z74.1351 E0.6774
G1 X88.3430 Y119.5823 Z74.1404 E0.6774
G1 X88.0257 Y121.2503 Z74.1456 E0.6774
G1 X87.7785 Y122.9301 Z74.1509 E0.6773
G1 X87.6018 Y124.6187 Z74.1562 E0.6773
G1 X87.4960 Y126.3132 Z74.1615 E0.6773
G1 X87.4613 Y128.0106 Z74.1667 E0.6773
G1 X87.4977 Y129.7080 Z74.172 E0.6773
G1 X87.6051 Y131.4023 Z74.1773 E0.6773
G1 X87.7834 Y133.0905 Z74.1825 E0.6773
G1 X88.0322 Y134.7698 Z74.1878 E0.6772
G1 X88.3511 Y136.4372 Z74.1931 E0.6772
G1 X88.7395 Y138.0897 Z74.1984 E0.6772
G1 X89.1968 Y139.7245 Z74.2036 E0.6772
G1 X89.7222 Y141.3387 Z74.2089 E0.6772
G1 X90.3146 Y142.9294 Z74.2142 E0.6772
G1 X90.9732 Y144.4938 Z74.2194 E0.6772
G1 X91.6966 Y146.0293 Z74.2247 E0.6772
G1 X92.4837 Y147.5332 Z74.23 E0.6772
G1 X93.3331 Y149.0027 Z74.2353 E0.6771
G1 X94.2433 Y150.4353 Z74.2405 E0.6771
G1 X95.2126 Y151.8285 Z74.2458 E0.6771
G1 X96.2394 Y153.1799 Z74.2511 E0.6771
G1 X97.3218 Y154.4871 Z74.2563 E0.6771
G1 X98.4581 Y155.7478 Z74.2616 E0.6771
G1 X99.6461 Y156.9597 Z74.2669 E0.6771
G1 X100.8837 Y158.1209 Z74.2722 E0.6771
G1 X102.1689 Y159.2291 Z74.2774 E0.6771
G1 X103.4994 Y160.2826 Z74.2827 E0.6771
G1 X104.8727 Y161.2794 Z74.288 E0.677
G1 X106.2866 Y162.2177 Z74.2932 E0.677
G1 X107.7385 Y163.0961 Z74.2985 E0.677
G1 X109.2259 Y163.9128 Z74.3038 E0.677
G1 X110.7461 Y164.6666 Z74.3091 E0.677
G1 X112.2966 Y165.3560 Z74.3143 E0.677
G1 X113.8745 Y165.9798 Z74.3196 E0.677
G1 X115.4771 Y166.5371 Z74.3249 E0.677
G1 X117.1017 Y167.0267 Z74.3301 E0.677
G1 X118.7452 Y167.4478 Z74.3354 E0.677
G1 X120.4050 Y167.7998 Z74.3407 E0.677
G1 X122.0779 Y168.0819 Z74.346 E0.677
G1 X123.7612 Y168.2937 Z74.3512 E0.677
G1 X125.4519 Y168.4348 Z74.3565 E0.6769
G1 X127.1469 Y168.5051 Z74.3618 E0.6769
G1 X128.8434 Y168.5042 Z74.367 E0.6769
G1 X130.5383 Y168.4324 Z74.3723 E0.6769
G1 X132.2286 Y168.2896 Z74.3776 E0.6769
G1 X133.9115 Y168.0762 Z74.3829 E0.6769
G1 X135.5839 Y167.7925 Z74.3881 E0.6769
G1 X137.2430 Y167.4390 Z74.3934 E0.6769
G1 X138.8857 Y167.0163 Z74.3987 E0.6769
G1 X140.5093 Y166.5253 Z74.4039 E0.6769
G1 X142.1109 Y165.9667 Z74.4092 E0.6769
G1 X143.6876 Y165.3415 Z74.4145 E0.6769
G1 X145.2368 Y164.6509 Z74.4198 E0.6769
G1 X146.7556 Y163.8960 Z74.425 E0.6769
G1 X148.2414 Y163.0782 Z74.4303 E0.6769
G1 X149.6917 Y162.1990 Z74.4356 E0.6769
G1 X151.1039 Y161.2597 Z74.4408 E0.6769
G1 X152.4754 Y160.2622 Z74.4461 E0.6769
G1 X153.8040 Y159.2082 Z74.4514 E0.6769
G1 X155.0872 Y158.0994 Z74.4567 E0.6769
G1 X156.3229 Y156.9379 Z74.4619 E0.6769
G1 X157.5088 Y155.7258 Z74.4672 E0.6769
G1 X158.6428 Y154.4650 Z74.4725 E0.6769
G1 X159.7231 Y153.1579 Z74.4777 E0.6769
G1 X160.7477 Y151.8067 Z74.483 E0.6769
G1 X161.7147 Y150.4139 Z74.4883 E0.6769
G1 X162.6226 Y148.9817 Z74.4936 E0.6769
G1 X163.4697 Y147.5129 Z74.4988 E0.6769
G1 X164.2545 Y146.0099 Z74.5041 E0.6769
G1 X164.9757 Y144.4754 Z74.5094 E0.6769
G1 X165.6319 Y142.9121 Z74.5146 E0.6768
G1 X166.2222 Y141.3227 Z74.5199 E0.6769
G1 X166.7453 Y139.7100 Z74.5252 E0.6769
G1 X167.2004 Y138.0768 Z74.5305 E0.6769
G1 X167.5868 Y136.4261 Z74.5357 E0.6769
G1 X167.9036 Y134.7606 Z74.541 E0.6769
G1 X168.1505 Y133.0834 Z74.5463 E0.6769
G1 X168.3268 Y131.3974 Z74.5516 E0.6769
G1 X168.4325 Y129.7054 Z74.5568 E0.6769
G1 X168.4671 Y128.0106 Z74.5621 E0.6769
G1 X168.4304 Y126.3159 Z74.5673 E0.6768
G1 X168.3228 Y124.6242 Z74.5725 E0.6768
G1 X168.1444 Y122.9386 Z74.5777 E0.6768
G1 X167.8956 Y121.2620 Z74.5829 E0.6767
G1 X167.5768 Y119.5973 Z74.5881 E0.6767
G1 X167.1886 Y117.9474 Z74.5933 E0.6767
G1 X166.7317 Y116.3154 Z74.5985 E0.6766
G1 X166.2069 Y114.7039 Z74.6037 E0.6766
G1 X165.6150 Y113.1159 Z74.6089 E0.6766
G1 X164.9572 Y111.5541 Z74.6141 E0.6766
G1 X164.2345 Y110.0212 Z74.6193 E0.6765
G1 X163.4484 Y108.5200 Z74.6245 E0.6765
G1 X162.6001 Y107.0531 Z74.6297 E0.6765
G1 X161.6911 Y105.6231 Z74.6349 E0.6764
G1 X160.7231 Y104.2324 Z74.6401 E0.6764
G1 X159.6977 Y102.8835 Z74.6453 E0.6764
G1 X158.6168 Y101.5787 Z74.6505 E0.6764
G1 X157.4822 Y100.3204 Z74.6557 E0.6763
G1 X156.2959 Y99.1108 Z74.6609 E0.6763
G1 X155.0601 Y97.9519 Z74.6661 E0.6763
G1 X153.7769 Y96.8459 Z74.6713 E0.6762
G1 X152.4485 Y95.7945 Z74.6765 E0.6762
G1 X151.0773 Y94.7998 Z74.6817 E0.6762
G1 X149.6657 Y93.8633 Z74.6869 E0.6762
G1 X148.2161 Y92.9869 Z74.692 E0.6761
G1 X146.7312 Y92.1719 Z74.6972 E0.6761
G1 X145.2135 Y91.4198 Z74.7025 E0.6761
G1 X143.6656 Y90.7320 Z74.7076 E0.676
G1 X142.0904 Y90.1096 Z74.7128 E0.676
G1 X140.4905 Y89.5537 Z74.718 E0.676
G1 X138.8688 Y89.0654 Z74.7232 E0.676
G1 X137.2282 Y88.6454 Z74.7284 E0.6759
G1 X135.5714 Y88.2944 Z74.7336 E0.6759
G1 X133.9014 Y88.0132 Z74.7388 E0.6759
G1 X132.2212 Y87.8022 Z74.744 E0.6759
G1 X130.5337 Y87.6617 Z74.7492 E0.6758
G1 X128.8418 Y87.5919 Z74.7544 E0.6758
G1 X127.1485 Y87.5931 Z74.7596 E0.6758
G1 X125.4568 Y87.6653 Z74.7648 E0.6758
G1 X123.7697 Y87.8081 Z74.77 E0.6757
G1 X122.0901 Y88.0215 Z74.7752 E0.6757
G1 X120.4209 Y88.3051 Z74.7804 E0.6757
G1 X118.7651 Y88.6582 Z74.7856 E0.6756
G1 X117.1256 Y89.0804 Z74.7908 E0.6756
G1 X115.5053 Y89.5709 Z74.796 E0.6756
G1 X113.9070 Y90.1288 Z74.8012 E0.6756
G1 X112.3335 Y90.7530 Z74.8064 E0.6756
G1 X110.7876 Y91.4426 Z74.8116 E0.6755
G1 X109.2719 Y92.1964 Z74.8168 E0.6755
G1 X107.7892 Y93.0129 Z74.822 E0.6755
G1 X106.3420 Y93.8907 Z74.8272 E0.6755
G1 X104.9329 Y94.8284 Z74.8324 E0.6754
G1 X103.5643 Y95.8242 Z74.8376 E0.6754
G1 X102.2387 Y96.8764 Z74.8428 E0.6754
G1 X100.9583 Y97.9832 Z74.848 E0.6754
G1 X99.7255 Y99.1425 Z74.8532 E0.6753
G1 X98.5423 Y100.3525 Z74.8584 E0.6753
G1 X97.4108 Y101.6109 Z74.8636 E0.6753
G1 X96.3331 Y102.9156 Z74.8688 E0.6753
G1 X95.3109 Y104.2641 Z74.874 E0.6752
G1 X94.3462 Y105.6543 Z74.8792 E0.6752
G1 X93.4406 Y107.0836 Z74.8844 E0.6752
G1 X92.5956 Y108.5495 Z74.8896 E0.6752
G1 X91.8128 Y110.0495 Z74.8948 E0.6752
G1 X91.0935 Y111.5809 Z74.9 E0.6751
G1 X90.4390 Y113.1411 Z74.9052 E0.6751
G1 X89.8504 Y114.7272 Z74.9104 E0.6751
G1 X89.3287 Y116.3365 Z74.9156 E0.6751
G1 X88.8750 Y117.9662 Z74.9208 E0.675
G1 X88.4898 Y119.6135 Z74.926 E0.675
G1 X88.1740 Y121.2754 Z74.9312 E0.675
G1 X87.9281 Y122.9490 Z74.9364 E0.675
G1 X87.7525 Y124.6313 Z74.9416 E0.675
G1 X87.6475 Y126.3195 Z74.9468 E0.675
G1 X87.6133 Y128.0106 Z74.952 E0.6749
G1 X87.6499 Y129.7016 Z74.9572 E0.6749
G1 X87.7573 Y131.3895 Z74.9624 E0.6749
G1 X87.9353 Y133.0713 Z74.9676 E0.6749
G1 X88.1835 Y134.7442 Z74.9728 E0.6748
G1 X88.5016 Y136.4052 Z74.978 E0.6748
G1 X88.8889 Y138.0514 Z74.9832 E0.6748
G1 X89.3448 Y139.6798 Z74.9884 E0.6748
G1 X89.8685 Y141.2877 Z74.9936 E0.6748
G1 X90.4591 Y142.8722 Z74.9988 E0.6748
G1 X91.1154 Y144.4305 Z75.004 E0.6747
G1 X91.8365 Y145.9599 Z75.0092 E0.6747
G1 X92.6209 Y147.4578 Z75.0144 E0.6747
G1 X93.4673 Y148.9214 Z75.0196 E0.6747
G1 X94.3742 Y150.3483 Z75.0247 E0.6747
G1 X95.3401 Y151.7359 Z75.03 E0.6746
G1 X96.3632 Y153.0818 Z75.0352 E0.6746
G1 X97.4417 Y154.3836 Z75.0404 E0.6746
G1 X98.5738 Y155.6391 Z75.0456 E0.6746
G1 X99.7574 Y156.8460 Z75.0507 E0.6746
G1 X100.9905 Y158.0023 Z75.0559 E0.6746
G1 X102.2708 Y159.1059 Z75.0611 E0.6745
G1 X103.5963 Y160.1549 Z75.0663 E0.6745
G1 X104.9644 Y161.1475 Z75.0715 E0.6745
G1 X106.3729 Y162.0818 Z75.0767 E0.6745
G1 X107.8192 Y162.9563 Z75.0819 E0.6745
G1 X109.3008 Y163.7695 Z75.0871 E0.6745
G1 X110.8152 Y164.5199 Z75.0923 E0.6744
G1 X112.3596 Y165.2062 Z75.0975 E0.6744
G1 X113.9313 Y165.8272 Z75.1027 E0.6744
G1 X115.5276 Y166.3818 Z75.1079 E0.6744
G1 X117.1457 Y166.8691 Z75.1131 E0.6744
G1 X118.7827 Y167.2881 Z75.1183 E0.6744
G1 X120.4358 Y167.6383 Z75.1235 E0.6743
G1 X122.1020 Y167.9189 Z75.1287 E0.6743
G1 X123.7785 Y168.1295 Z75.1339 E0.6743
G1 X125.4623 Y168.2696 Z75.1391 E0.6743
G1 X127.1504 Y168.3392 Z75.1443 E0.6743
G1 X128.8399 Y168.3380 Z75.1495 E0.6743
G1 X130.5278 Y168.2660 Z75.1547 E0.6743
G1 X132.2112 Y168.1235 Z75.1599 E0.6742
G1 X133.8870 Y167.9106 Z75.1651 E0.6742
G1 X135.5525 Y167.6276 Z75.1703 E0.6742
G1 X137.2046 Y167.2753 Z75.1755 E0.6742
G1 X138.8404 Y166.8540 Z75.1807 E0.6742
G1 X140.4571 Y166.3646 Z75.1859 E0.6742
G1 X142.0519 Y165.8080 Z75.1911 E0.6742
G1 X143.6219 Y165.1851 Z75.1963 E0.6742
G1 X145.1644 Y164.4970 Z75.2015 E0.6741
G1 X146.6766 Y163.7450 Z75.2067 E0.6741
G1 X148.1560 Y162.9303 Z75.2119 E0.6741
G1 X149.6000 Y162.0544 Z75.2171 E0.6741
G1 X151.0060 Y161.1189 Z75.2223 E0.6741
G1 X152.3715 Y160.1253 Z75.2275 E0.6741
G1 X153.6942 Y159.0754 Z75.2327 E0.6741
G1 X154.9717 Y157.9711 Z75.2379 E0.6741
G1 X156.2018 Y156.8143 Z75.2431 E0.674
G1 X157.3823 Y155.6070 Z75.2483 E0.674
G1 X158.5113 Y154.3514 Z75.2535 E0.674
G1 X159.5866 Y153.0497 Z75.2587 E0.674
G1 X160.6064 Y151.7041 Z75.2639 E0.674
G1 X161.5690 Y150.3171 Z75.2691 E0.674
G1 X162.4726 Y148.8909 Z75.2743 E0.674
G1 X163.3157 Y147.4283 Z75.2795 E0.674
G1 X164.0968 Y145.9316 Z75.2847 E0.674
G1 X164.8145 Y144.4036 Z75.2899 E0.674
G1 X165.4675 Y142.8470 Z75.2951 E0.6739
G1 X166.0548 Y141.2644 Z75.3003 E0.6739
G1 X166.5753 Y139.6587 Z75.3055 E0.6739
G1 X167.0281 Y138.0326 Z75.3107 E0.6739
G1 X167.4123 Y136.3890 Z75.3159 E0.6739
G1 X167.7274 Y134.7308 Z75.3211 E0.6739
G1 X167.9728 Y133.0610 Z75.3263 E0.6739
G1 X168.1480 Y131.3823 Z75.3315 E0.6739
G1 X168.2528 Y129.6979 Z75.3367 E0.6739
G1 X168.2869 Y128.0106 Z75.3419 E0.6739
G1 X168.2501 Y126.3234 Z75.347 E0.6738
G1 X168.1426 Y124.6393 Z75.3521 E0.6738
G1 X167.9647 Y122.9613 Z75.3572 E0.6738
G1 X167.7166 Y121.2922 Z75.3623 E0.6737
G1 X167.3990 Y119.6351 Z75.3674 E0.6737
G1 X167.0122 Y117.9927 Z75.3725 E0.6737
G1 X166.5570 Y116.3681 Z75.3777 E0.6736
G1 X166.0342 Y114.7640 Z75.3828 E0.6736
G1 X165.4447 Y113.1833 Z75.3879 E0.6736
G1 X164.7896 Y111.6287 Z75.393 E0.6735
G1 X164.0699 Y110.1029 Z75.3981 E0.6735
G1 X163.2871 Y108.6087 Z75.4032 E0.6735
G1 X162.4423 Y107.1487 Z75.4083 E0.6734
G1 X161.5372 Y105.7253 Z75.4134 E0.6734
G1 X160.5734 Y104.3412 Z75.4186 E0.6734
G1 X159.5524 Y102.9986 Z75.4237 E0.6733
G1 X158.4762 Y101.7001 Z75.4288 E0.6733
G1 X157.3466 Y100.4478 Z75.4339 E0.6733
G1 X156.1655 Y99.2440 Z75.439 E0.6732
G1 X154.9352 Y98.0907 Z75.4441 E0.6732
G1 X153.6577 Y96.9900 Z75.4492 E0.6732
G1 X152.3352 Y95.9438 Z75.4543 E0.6731
G1 X150.9702 Y94.9539 Z75.4595 E0.6731
G1 X149.5649 Y94.0221 Z75.4646 E0.6731
G1 X148.1220 Y93.1500 Z75.4697 E0.673
G1 X146.6438 Y92.3391 Z75.4748 E0.673
G1 X145.1330 Y91.5908 Z75.4799 E0.673
G1 X143.5923 Y90.9065 Z75.485 E0.6729
G1 X142.0243 Y90.2873 Z75.4901 E0.6729
G1 X140.4318 Y89.7344 Z75.4952 E0.6729
G1 X138.8177 Y89.2486 Z75.5004 E0.6728
G1 X137.1847 Y88.8309 Z75.5055 E0.6728
G1 X135.5356 Y88.4820 Z75.5106 E0.6728
G1 X133.8735 Y88.2024 Z75.5157 E0.6728
G1 X132.2012 Y87.9927 Z75.5208 E0.6727
G1 X130.5216 Y87.8532 Z75.5259 E0.6727
G1 X128.8378 Y87.7841 Z75.531 E0.6727
G1 X127.1526 Y87.7857 Z75.5361 E0.6726
G1 X125.4689 Y87.8577 Z75.5413 E0.6726
G1 X123.7899 Y88.0003 Z75.5464 E0.6726
G1 X122.1183 Y88.2130 Z75.5515 E0.6725
G1 X120.4572 Y88.4955 Z75.5566 E0.6725
G1 X118.8095 Y88.8473 Z75.5617 E0.6725
G1 X117.1780 Y89.2678 Z75.5668 E0.6725
G1 X115.5655 Y89.7562 Z75.5719 E0.6724
G1 X113.9750 Y90.3117 Z75.577 E0.6724
G1 X112.4093 Y90.9332 Z75.5822 E0.6724
G1 X110.8709 Y91.6198 Z75.5873 E0.6723
G1 X109.3628 Y92.3702 Z75.5924 E0.6723
G1 X107.8874 Y93.1830 Z75.5975 E0.6723
G1 X106.4474 Y94.0569 Z75.6026 E0.6723
G1 X105.0454 Y94.9902 Z75.6077 E0.6722
G1 X103.6837 Y95.9814 Z75.6128 E0.6722
G1 X102.3647 Y97.0288 Z75.618 E0.6722
G1 X101.0908 Y98.1304 Z75.6231 E0.6721
G1 X99.8643 Y99.2843 Z75.6282 E0.6721
G1 X98.6871 Y100.4885 Z75.6333 E0.6721
G1 X97.5615 Y101.7410 Z75.6384 E0.6721
G1 X96.4893 Y103.0394 Z75.6435 E0.672
G1 X95.4725 Y104.3815 Z75.6486 E0.672
G1 X94.5128 Y105.7650 Z75.6537 E0.672
G1 X93.6119 Y107.1874 Z75.6589 E0.672
G1 X92.7714 Y108.6462 Z75.664 E0.6719
G1 X91.9928 Y110.1389 Z75.6691 E0.6719
G1 X91.2774 Y111.6628 Z75.6742 E0.6719
G1 X90.6264 Y113.2153 Z75.6793 E0.6718
G1 X90.0411 Y114.7936 Z75.6844 E0.6718
G1 X89.5224 Y116.3950 Z75.6895 E0.6718
G1 X89.0712 Y118.0166 Z75.6946 E0.6718
G1 X88.6883 Y119.6557 Z75.6998 E0.6717
G1 X88.3744 Y121.3093 Z75.7049 E0.6717
G1 X88.1301 Y122.9745 Z75.71 E0.6717
G1 X87.9557 Y124.6484 Z75.7151 E0.6717
G1 X87.8515 Y126.3281 Z75.7202 E0.6716
G1 X87.8178 Y128.0106 Z75.7253 E0.6716
G1 X87.8546 Y129.6930 Z75.7304 E0.6716
G1 X87.9618 Y131.3723 Z75.7355 E0.6716
G1 X88.1392 Y133.0456 Z75.7407 E0.6715
G1 X88.3865 Y134.7099 Z75.7458 E0.6715
G1 X88.7033 Y136.3624 Z75.7509 E0.6715
G1 X89.0889 Y138.0000 Z75.756 E0.6715
G1 X89.5428 Y139.6200 Z75.7611 E0.6714
G1 X90.0642 Y141.2196 Z75.7662 E0.6714
G1 X90.6520 Y142.7958 Z75.7713 E0.6714
G1 X91.3053 Y144.3460 Z75.7764 E0.6714
G1 X92.0229 Y145.8674 Z75.7816 E0.6713
G1 X92.8035 Y147.3574 Z75.7867 E0.6713
G1 X93.6459 Y148.8133 Z75.7918 E0.6713
G1 X94.5484 Y150.2326 Z75.7969 E0.6713
G1 X95.5095 Y151.6128 Z75.802 E0.6712
G1 X96.5276 Y152.9515 Z75.8071 E0.6712
G1 X97.6007 Y154.2463 Z75.8122 E0.6712
G1 X98.7272 Y155.4951 Z75.8174 E0.6712
G1 X99.9048 Y156.6955 Z75.8225 E0.6712
G1 X101.1317 Y157.8455 Z75.8276 E0.6711
G1 X102.4056 Y158.9431 Z75.8327 E0.6711
G1 X103.7243 Y159.9863 Z75.8378 E0.6711
G1 X105.0854 Y160.9734 Z75.8429 E0.6711
G1 X106.4867 Y161.9025 Z75.848 E0.671
G1 X107.9256 Y162.7722 Z75.8531 E0.671
G1 X109.3995 Y163.5807 Z75.8583 E0.671
G1 X110.9060 Y164.3269 Z75.8634 E0.671
G1 X112.4424 Y165.0092 Z75.8685 E0.671
G1 X114.0059 Y165.6266 Z75.8736 E0.6709
G1 X115.5938 Y166.1780 Z75.8787 E0.6709
G1 X117.2034 Y166.6623 Z75.8838 E0.6709
G1 X118.8318 Y167.0789 Z75.8889 E0.6709
G1 X120.4761 Y167.4268 Z75.894 E0.6708
G1 X122.1335 Y167.7056 Z75.8992 E0.6708
G1 X123.8011 Y167.9147 Z75.9043 E0.6708
G1 X125.4758 Y168.0538 Z75.9094 E0.6708
G1 X127.1549 Y168.1227 Z75.9145 E0.6708
G1 X128.8353 Y168.1211 Z75.9196 E0.6707
G1 X130.5142 Y168.0493 Z75.9247 E0.6707
G1 X132.1884 Y167.9071 Z75.9298 E0.6707
G1 X133.8552 Y167.6950 Z75.9349 E0.6707
G1 X135.5116 Y167.4133 Z75.94 E0.6707
G1 X137.1547 Y167.0625 Z75.9452 E0.6706
G1 X138.7816 Y166.6432 Z75.9503 E0.6706
G1 X140.3894 Y166.1562 Z75.9554 E0.6706
G1 X141.9754 Y165.6023 Z75.9605 E0.6706
G1 X143.5367 Y164.9825 Z75.9656 E0.6705
G1 X145.0706 Y164.2979 Z75.9707 E0.6705
G1 X146.5745 Y163.5496 Z75.9758 E0.6705
G1 X148.0456 Y162.7391 Z75.9809 E0.6705
G1 X149.4815 Y161.8677 Z75.9861 E0.6705
G1 X150.8796 Y160.9370 Z75.9912 E0.6705
G1 X152.2374 Y159.9486 Z75.9963 E0.6704
G1 X153.5526 Y158.9043 Z76.0014 E0.6704
G1 X154.8229 Y157.8058 Z76.0065 E0.6704
G1 X156.0459 Y156.6552 Z76.0116 E0.6704
G1 X157.2197 Y155.4543 Z76.0167 E0.6704
G1 X158.3422 Y154.2055 Z76.0219 E0.6703
G1 X159.4113 Y152.9107 Z76.027 E0.6703
G1 X160.4252 Y151.5724 Z76.0321 E0.6703
G1 X161.3821 Y150.1929 Z76.0372 E0.6703
G1 X162.2805 Y148.7745 Z76.0423 E0.6703
G1 X163.1186 Y147.3199 Z76.0474 E0.6702
G1 X163.8950 Y145.8314 Z76.0525 E0.6702
G1 X164.6083 Y144.3119 Z76.0576 E0.6702
G1 X165.2574 Y142.7638 Z76.0628 E0.6702
G1 X165.8411 Y141.1900 Z76.0679 E0.6702
G1 X166.3583 Y139.5932 Z76.073 E0.6702
G1 X166.8082 Y137.9761 Z76.0781 E0.6701
G1 X167.1900 Y136.3417 Z76.0832 E0.6701
G1 X167.5030 Y134.6929 Z76.0883 E0.6701
G1 X167.7466 Y133.0324 Z76.0934 E0.6701
G1 X167.9206 Y131.3632 Z76.0986 E0.6701
G1 X168.0244 Y129.6883 Z76.1037 E0.6701
G1 X168.0580 Y128.0106 Z76.1088 E0.67
G1 X168.0210 Y126.3330 Z76.1138 E0.67
G1 X167.9139 Y124.6585 Z76.1188 E0.67
G1 X167.7366 Y122.9901 Z76.1238 E0.6699
G1 X167.4898 Y121.3306 Z76.1288 E0.6699
G1 X167.1736 Y119.6830 Z76.1338 E0.6699
G1 X166.7887 Y118.0501 Z76.1388 E0.6698
G1 X166.3358 Y116.4349 Z76.1439 E0.6698
G1 X165.8157 Y114.8401 Z76.1489 E0.6697
G1 X165.2293 Y113.2686 Z76.1539 E0.6697
G1 X164.5777 Y111.7230 Z76.1589 E0.6697
G1 X163.8619 Y110.2062 Z76.1639 E0.6696
G1 X163.0832 Y108.7208 Z76.1689 E0.6696
G1 X162.2431 Y107.2693 Z76.1739 E0.6695
G1 X161.3430 Y105.8544 Z76.1789 E0.6695
G1 X160.3845 Y104.4784 Z76.1839 E0.6695
G1 X159.3692 Y103.1439 Z76.1889 E0.6694
G1 X158.2990 Y101.8531 Z76.194 E0.6694
G1 X157.1757 Y100.6083 Z76.199 E0.6694
G1 X156.0013 Y99.4117 Z76.204 E0.6693
G1 X154.7779 Y98.2653 Z76.209 E0.6693
G1 X153.5077 Y97.1713 Z76.214 E0.6692
G1 X152.1928 Y96.1314 Z76.219 E0.6692
G1 X150.8355 Y95.1476 Z76.224 E0.6692
G1 X149.4384 Y94.2215 Z76.229 E0.6691
G1 X148.0037 Y93.3548 Z76.234 E0.6691
G1 X146.5341 Y92.5490 Z76.2391 E0.6691
G1 X145.0320 Y91.8054 Z76.2441 E0.669
G1 X143.5003 Y91.1254 Z76.2491 E0.669
G1 X141.9414 Y90.5102 Z76.2541 E0.669
G1 X140.3583 Y89.9608 Z76.2591 E0.6689
G1 X138.7536 Y89.4782 Z76.2641 E0.6689
G1 X137.1302 Y89.0633 Z76.2691 E0.6688
G1 X135.4909 Y88.7167 Z76.2741 E0.6688
G1 X133.8386 Y88.4391 Z76.2792 E0.6688
G1 X132.1762 Y88.2310 Z76.2842 E0.6688
G1 X130.5066 Y88.0926 Z76.2892 E0.6687
G1 X128.8327 Y88.0243 Z76.2942 E0.6687
G1 X127.1576 Y88.0261 Z76.2992 E0.6686
G1 X125.4841 Y88.0981 Z76.3042 E0.6686
G1 X123.8151 Y88.2401 Z76.3092 E0.6686
G1 X122.1536 Y88.4518 Z76.3142 E0.6685
G1 X120.5025 Y88.7329 Z76.3193 E0.6685
G1 X118.8647 Y89.0829 Z76.3243 E0.6685
G1 X117.2431 Y89.5012 Z76.3293 E0.6684
G1 X115.6405 Y89.9869 Z76.3343 E0.6684
G1 X114.0597 Y90.5394 Z76.3393 E0.6684
G1 X112.5035 Y91.1575 Z76.3443 E0.6683
G1 X110.9746 Y91.8402 Z76.3493 E0.6683
G1 X109.4758 Y92.5863 Z76.3543 E0.6683
G1 X108.0095 Y93.3945 Z76.3593 E0.6682
G1 X106.5785 Y94.2633 Z76.3643 E0.6682
G1 X105.1851 Y95.1912 Z76.3694 E0.6682
G1 X103.8319 Y96.1767 Z76.3744 E0.6681
G1 X102.5212 Y97.2179 Z76.3794 E0.6681
G1 X101.2553 Y98.3130 Z76.3844 E0.6681
G1 X100.0364 Y99.4601 Z76.3894 E0.668
G1 X98.8667 Y100.6572 Z76.3944 E0.668
G1 X97.7482 Y101.9021 Z76.3994 E0.668
G1 X96.6828 Y103.1928 Z76.4044 E0.6679
G1 X95.6725 Y104.5268 Z76.4094 E0.6679
G1 X94.7190 Y105.9020 Z76.4145 E0.6679
G1 X93.8239 Y107.3158 Z76.4195 E0.6678
G1 X92.9889 Y108.7658 Z76.4245 E0.6678
G1 X92.2154 Y110.2494 Z76.4295 E0.6678
G1 X91.5047 Y111.7640 Z76.4345 E0.6677
G1 X90.8580 Y113.3070 Z76.4395 E0.6677
G1 X90.2766 Y114.8756 Z76.4445 E0.6677
G1 X89.7614 Y116.4672 Z76.4495 E0.6676
G1 X89.3133 Y118.0788 Z76.4545 E0.6676
G1 X88.9332 Y119.7077 Z76.4596 E0.6676
G1 X88.6215 Y121.3511 Z76.4646 E0.6676
G1 X88.3790 Y123.0059 Z76.4696 E0.6675
G1 X88.2060 Y124.6694 Z76.4746 E0.6675
G1 X88.1028 Y126.3386 Z76.4796 E0.6675
G1 X88.0696 Y128.0106 Z76.4846 E0.6674
G1 X88.1065 Y129.6824 Z76.4896 E0.6674
G1 X88.2133 Y131.3512 Z76.4946 E0.6674
G1 X88.3899 Y133.0139 Z76.4996 E0.6673
G1 X88.6360 Y134.6677 Z76.5047 E0.6673
G1 X88.9511 Y136.3097 Z76.5097 E0.6673
G1 X89.3346 Y137.9369 Z76.5147 E0.6672
G1 X89.7860 Y139.5466 Z76.5197 E0.6672
G1 X90.3043 Y141.1359 Z76.5247 E0.6672
G1 X90.8887 Y142.7021 Z76.5297 E0.6672
G1 X91.5381 Y144.2423 Z76.5347 E0.6671
G1 X92.2515 Y145.7539 Z76.5397 E0.6671
G1 X93.0274 Y147.2343 Z76.5447 E0.6671
G1 X93.8647 Y148.6808 Z76.5498 E0.667
G1 X94.7617 Y150.0908 Z76.5548 E0.667
G1 X95.7170 Y151.4621 Z76.5598 E0.667
G1 X96.7288 Y152.7920 Z76.5648 E0.667
G1 X97.7953 Y154.0784 Z76.5698 E0.6669
G1 X98.9147 Y155.3189 Z76.5748 E0.6669
G1 X100.0851 Y156.5114 Z76.5798 E0.6669
G1 X101.3043 Y157.6538 Z76.5848 E0.6668
G1 X102.5702 Y158.7441 Z76.5899 E0.6668
G1 X103.8806 Y159.7804 Z76.5949 E0.6668
G1 X105.2332 Y160.7608 Z76.5999 E0.6668
G1 X106.6255 Y161.6837 Z76.6049 E0.6667
G1 X108.0553 Y162.5474 Z76.6099 E0.6667
G1 X109.5199 Y163.3505 Z76.6149 E0.6667
G1 X111.0167 Y164.0915 Z76.6199 E0.6666
G1 X112.5433 Y164.7692 Z76.6249 E0.6666
G1 X114.0967 Y165.3823 Z76.6299 E0.6666
G1 X115.6745 Y165.9298 Z76.635 E0.6666
G1 X117.2736 Y166.4107 Z76.64 E0.6665
G1 X118.8915 Y166.8242 Z76.645 E0.6665
G1 X120.5252 Y167.1695 Z76.65 E0.6665
G1 X122.1718 Y167.4462 Z76.655 E0.6664
G1 X123.8285 Y167.6536 Z76.66 E0.6664
G1 X125.4923 Y167.7915 Z76.665 E0.6664
G1 X127.1604 Y167.8596 Z76.67 E0.6664
G1 X128.8298 Y167.8577 Z76.675 E0.6664
G1 X130.4976 Y167.7860 Z76.6801 E0.6663
G1 X132.1608 Y167.6445 Z76.6851 E0.6663
G1 X133.8166 Y167.4335 Z76.6901 E0.6663
G1 X135.4620 Y167.1533 Z76.6951 E0.6662
G1 X137.0942 Y166.8045 Z76.7001 E0.6662
G1 X138.7102 Y166.3877 Z76.7051 E0.6662
G1 X140.3073 Y165.9036 Z76.7101 E0.6662
G1 X141.8827 Y165.3531 Z76.7151 E0.6661
G1 X143.4335 Y164.7371 Z76.7201 E0.6661
G1 X144.9572 Y164.0567 Z76.7252 E0.6661
G1 X146.4509 Y163.3132 Z76.7302 E0.6661
G1 X147.9121 Y162.5078 Z76.7352 E0.666
G1 X149.3382 Y161.6419 Z76.7402 E0.666
G1 X150.7268 Y160.7172 Z76.7452 E0.666
G1 X152.0754 Y159.7351 Z76.7502 E0.666
G1 X153.3816 Y158.6975 Z76.7552 E0.6659
G1 X154.6431 Y157.6062 Z76.7602 E0.6659
G1 X155.8578 Y156.4630 Z76.7653 E0.6659
G1 X157.0235 Y155.2700 Z76.7703 E0.6659
G1 X158.1381 Y154.0293 Z76.7753 E0.6658
G1 X159.1998 Y152.7431 Z76.7803 E0.6658
G1 X160.2066 Y151.4136 Z76.7853 E0.6658
G1 X161.1568 Y150.0432 Z76.7903 E0.6658
G1 X162.0488 Y148.6343 Z76.7953 E0.6657
G1 X162.8810 Y147.1893 Z76.8003 E0.6657
G1 X163.6519 Y145.7108 Z76.8053 E0.6657
G1 X164.3601 Y144.2013 Z76.8103 E0.6657
G1 X165.0045 Y142.6637 Z76.8154 E0.6656
G1 X165.5839 Y141.1004 Z76.8204 E0.6656
G1 X166.0974 Y139.5144 Z76.8254 E0.6656
G1 X166.5439 Y137.9082 Z76.8304 E0.6656
G1 X166.9227 Y136.2849 Z76.8354 E0.6655
G1 X167.2333 Y134.6473 Z76.8404 E0.6655
G1 X167.4750 Y132.9981 Z76.8454 E0.6655
G1 X167.6474 Y131.3403 Z76.8504 E0.6655
G1 X167.7502 Y129.6768 Z76.8555 E0.6655
G1 X167.7833 Y128.0106 Z76.8605 E0.6654
G1 X167.7463 Y126.3445 Z76.8654 E0.6654
G1 X167.6396 Y124.6816 Z76.8703 E0.6654
G1 X167.4633 Y123.0246 Z76.8752 E0.6653
G1 X167.2179 Y121.3766 Z76.8801 E0.6653
G1 X166.9036 Y119.7404 Z76.885 E0.6652
G1 X166.5212 Y118.1188 Z76.89 E0.6652
G1 X166.0712 Y116.5148 Z76.8949 E0.6652
G1 X165.5544 Y114.9311 Z76.8998 E0.6651
G1 X164.9718 Y113.3705 Z76.9047 E0.6651
G1 X164.3244 Y111.8358 Z76.9096 E0.665
G1 X163.6134 Y110.3296 Z76.9145 E0.665
G1 X162.8399 Y108.8545 Z76.9194 E0.665
G1 X162.0054 Y107.4133 Z76.9244 E0.6649
G1 X161.1113 Y106.0083 Z76.9293 E0.6649
G1 X160.1592 Y104.6420 Z76.9342 E0.6648
G1 X159.1508 Y103.3169 Z76.9391 E0.6648
G1 X158.0878 Y102.0353 Z76.944 E0.6648
G1 X156.9722 Y100.7993 Z76.9489 E0.6647
G1 X155.8058 Y99.6113 Z76.9539 E0.6647
G1 X154.5908 Y98.4731 Z76.9588 E0.6646
G1 X153.3293 Y97.3869 Z76.9637 E0.6646
G1 X152.0234 Y96.3545 Z76.9686 E0.6646
G1 X150.6755 Y95.3778 Z76.9735 E0.6645
G1 X149.2880 Y94.4584 Z76.9784 E0.6645
G1 X147.8633 Y93.5980 Z76.9833 E0.6645
G1 X146.4038 Y92.7980 Z76.9883 E0.6644
G1 X144.9123 Y92.0599 Z76.9932 E0.6644
G1 X143.3912 Y91.3850 Z76.9981 E0.6643
G1 X141.8432 Y90.7743 Z77.003 E0.6643
G1 X140.2711 Y90.2291 Z77.0079 E0.6643
G1 X138.6777 Y89.7501 Z77.0128 E0.6642
G1 X137.0656 Y89.3384 Z77.0178 E0.6642
G1 X135.4379 Y88.9945 Z77.0227 E0.6642
G1 X133.7972 Y88.7191 Z77.0276 E0.6641
G1 X132.1465 Y88.5127 Z77.0325 E0.6641
G1 X130.4888 Y88.3755 Z77.0374 E0.664
G1 X128.8268 Y88.3080 Z77.0423 E0.664
G1 X127.1635 Y88.3100 Z77.0472 E0.664
G1 X125.5019 Y88.3818 Z77.0522 E0.6639
G1 X123.8448 Y88.5230 Z77.0571 E0.6639
G1 X122.1952 Y88.7335 Z77.062 E0.6638
G1 X120.5559 Y89.0128 Z77.0669 E0.6638
G1 X118.9299 Y89.3606 Z77.0718 E0.6638
G1 X117.3199 Y89.7761 Z77.0767 E0.6637
G1 X115.7288 Y90.2587 Z77.0817 E0.6637
G1 X114.1594 Y90.8074 Z77.0866 E0.6637
G1 X112.6144 Y91.4213 Z77.0915 E0.6636
G1 X111.0966 Y92.0993 Z77.0964 E0.6636
G1 X109.6086 Y92.8403 Z77.1013 E0.6636
G1 X108.1530 Y93.6429 Z77.1062 E0.6635
G1 X106.7323 Y94.5057 Z77.1111 E0.6635
G1 X105.3491 Y95.4272 Z77.1161 E0.6634
G1 X104.0058 Y96.4058 Z77.121 E0.6634
G1 X102.7047 Y97.4397 Z77.1259 E0.6634
G1 X101.4480 Y98.5271 Z77.1308 E0.6633
G1 X100.2381 Y99.6661 Z77.1357 E0.6633
G1 X99.0771 Y100.8547 Z77.1406 E0.6633
G1 X97.9668 Y102.0909 Z77.1456 E0.6632
G1 X96.9094 Y103.3723 Z77.1505 E0.6632
G1 X95.9066 Y104.6969 Z77.1554 E0.6632
G1 X94.9602 Y106.0622 Z77.1603 E0.6631
G1 X94.0718 Y107.4659 Z77.1652 E0.6631
G1 X93.2431 Y108.9055 Z77.1701 E0.663
G1 X92.4754 Y110.3784 Z77.175 E0.663
G1 X91.7701 Y111.8822 Z77.18 E0.663
G1 X91.1284 Y113.4140 Z77.1849 E0.6629
G1 X90.5515 Y114.9713 Z77.1898 E0.6629
G1 X90.0403 Y116.5514 Z77.1947 E0.6629
G1 X89.5957 Y118.1513 Z77.1996 E0.6628
G1 X89.2185 Y119.7684 Z77.2045 E0.6628
G1 X88.9095 Y121.3998 Z77.2095 E0.6628
G1 X88.6690 Y123.0426 Z77.2144 E0.6627
G1 X88.4975 Y124.6939 Z77.2193 E0.6627
G1 X88.3953 Y126.3509 Z77.2242 E0.6627
G1 X88.3626 Y128.0106 Z77.2291 E0.6626
G1 X88.3995 Y129.6702 Z77.234 E0.6626
G1 X88.5058 Y131.3266 Z77.2389 E0.6626
G1 X88.6813 Y132.9771 Z77.2439 E0.6625
G1 X88.9258 Y134.6187 Z77.2488 E0.6625
G1 X89.2388 Y136.2485 Z77.2537 E0.6625
G1 X89.6198 Y137.8637 Z77.2586 E0.6624
G1 X90.0681 Y139.4615 Z77.2635 E0.6624
G1 X90.5828 Y141.0390 Z77.2684 E0.6624
G1 X91.1631 Y142.5934 Z77.2734 E0.6623
G1 X91.8080 Y144.1222 Z77.2783 E0.6623
G1 X92.5163 Y145.6225 Z77.2832 E0.6622
G1 X93.2867 Y147.0917 Z77.2881 E0.6622
G1 X94.1180 Y148.5274 Z77.293 E0.6622
G1 X95.0086 Y149.9268 Z77.2979 E0.6621
G1 X95.9569 Y151.2877 Z77.3028 E0.6621
G1 X96.9614 Y152.6076 Z77.3078 E0.6621
G1 X98.0202 Y153.8843 Z77.3127 E0.6621
G1 X99.1315 Y155.1154 Z77.3176 E0.662
G1 X100.2933 Y156.2988 Z77.3225 E0.662
G1 X101.5036 Y157.4325 Z77.3274 E0.6619
G1 X102.7602 Y158.5144 Z77.3324 E0.6619
G1 X104.0609 Y159.5427 Z77.3373 E0.6619
G1 X105.4036 Y160.5156 Z77.3422 E0.6618
G1 X106.7856 Y161.4314 Z77.3471 E0.6618
G1 X108.2048 Y162.2885 Z77.352 E0.6618
G1 X109.6585 Y163.0853 Z77.3569 E0.6617
G1 X111.1443 Y163.8205 Z77.3618 E0.6617
G1 X112.6594 Y164.4928 Z77.3668 E0.6617
G1 X114.2013 Y165.1011 Z77.3717 E0.6616
G1 X115.7672 Y165.6442 Z77.3766 E0.6616
G1 X117.3545 Y166.1212 Z77.3815 E0.6616
G1 X118.9602 Y166.5314 Z77.3864 E0.6616
G1 X120.5816 Y166.8739 Z77.3913 E0.6615
G1 X122.2158 Y167.1482 Z77.3962 E0.6615
G1 X123.8600 Y167.3538 Z77.4012 E0.6615
G1 X125.5113 Y167.4904 Z77.4061 E0.6614
G1 X127.1667 Y167.5577 Z77.411 E0.6614
G1 X128.8235 Y167.5556 Z77.4159 E0.6614
G1 X130.4786 Y167.4842 Z77.4208 E0.6613
G1 X132.1292 Y167.3435 Z77.4258 E0.6613
G1 X133.7723 Y167.1338 Z77.4307 E0.6613
G1 X135.4052 Y166.8555 Z77.4356 E0.6612
G1 X137.0249 Y166.5091 Z77.4405 E0.6612
G1 X138.6286 Y166.0953 Z77.4454 E0.6612
G1 X140.2134 Y165.6146 Z77.4503 E0.6611
G1 X141.7767 Y165.0680 Z77.4552 E0.6611
G1 X143.3156 Y164.4565 Z77.4602 E0.6611
G1 X144.8275 Y163.7811 Z77.4651 E0.661
G1 X146.3096 Y163.0430 Z77.47 E0.661
G1 X147.7595 Y162.2436 Z77.4749 E0.661
G1 X149.1746 Y161.3841 Z77.4798 E0.6609
G1 X150.5524 Y160.4662 Z77.4847 E0.6609
G1 X151.8904 Y159.4915 Z77.4896 E0.6609
G1 X153.1864 Y158.4617 Z77.4946 E0.6608
G1 X154.4381 Y157.3785 Z77.4995 E0.6608
G1 X155.6433 Y156.2440 Z77.5044 E0.6608
G1 X156.7998 Y155.0600 Z77.5093 E0.6608
G1 X157.9057 Y153.8287 Z77.5142 E0.6607
G1 X158.9590 Y152.5522 Z77.5191 E0.6607
G1 X159.9578 Y151.2329 Z77.5241 E0.6607
G1 X160.9005 Y149.8729 Z77.529 E0.6606
G1 X161.7854 Y148.4747 Z77.5339 E0.6606
G1 X162.6109 Y147.0408 Z77.5388 E0.6606
G1 X163.3755 Y145.5736 Z77.5437 E0.6605
G1 X164.0781 Y144.0758 Z77.5486 E0.6605
G1 X164.7172 Y142.5499 Z77.5535 E0.6605
G1 X165.2919 Y140.9987 Z77.5585 E0.6605
G1 X165.8011 Y139.4249 Z77.5634 E0.6604
G1 X166.2439 Y137.8312 Z77.5683 E0.6604
G1 X166.6196 Y136.2205 Z77.5732 E0.6604
G1 X166.9274 Y134.5955 Z77.5781 E0.6603
G1 X167.1670 Y132.9592 Z77.583 E0.6603
G1 X167.3377 Y131.3143 Z77.588 E0.6603
G1 X167.4395 Y129.6638 Z77.5929 E0.6602
G1 X167.4721 Y128.0106 Z77.5978 E0.6602
G1 X167.4351 Y126.3576 Z77.6026 E0.6602
G1 X167.3290 Y124.7077 Z77.6074 E0.6601
G1 X167.1539 Y123.0637 Z77.6122 E0.6601
G1 X166.9101 Y121.4286 Z77.617 E0.66
G1 X166.5981 Y119.8053 Z77.6218 E0.66
G1 X166.2184 Y118.1965 Z77.6267 E0.66
G1 X165.7717 Y116.6052 Z77.6315 E0.6599
G1 X165.2588 Y115.0340 Z77.6363 E0.6599
G1 X164.6806 Y113.4858 Z77.6411 E0.6598
G1 X164.0380 Y111.9633 Z77.6459 E0.6598
G1 X163.3324 Y110.4691 Z77.6507 E0.6597
G1 X162.5648 Y109.0058 Z77.6555 E0.6597
G1 X161.7367 Y107.5760 Z77.6603 E0.6597
G1 X160.8494 Y106.1823 Z77.6651 E0.6596
G1 X159.9047 Y104.8270 Z77.67 E0.6596
G1 X158.9040 Y103.5125 Z77.6748 E0.6595
G1 X157.8493 Y102.2412 Z77.6796 E0.6595
G1 X156.7423 Y101.0152 Z77.6844 E0.6594
G1 X155.5851 Y99.8367 Z77.6892 E0.6594
G1 X154.3795 Y98.7078 Z77.694 E0.6594
G1 X153.1278 Y97.6304 Z77.6988 E0.6593
G1 X151.8322 Y96.6065 Z77.7036 E0.6593
G1 X150.4949 Y95.6377 Z77.7085 E0.6592
G1 X149.1183 Y94.7259 Z77.7133 E0.6592
G1 X147.7048 Y93.8725 Z77.7181 E0.6591
G1 X146.2569 Y93.0791 Z77.7229 E0.6591
G1 X144.7771 Y92.3471 Z77.7277 E0.6591
G1 X143.2681 Y91.6778 Z77.7325 E0.659
G1 X141.7324 Y91.0723 Z77.7373 E0.659
G1 X140.1728 Y90.5316 Z77.7421 E0.6589
G1 X138.5921 Y90.0568 Z77.7469 E0.6589
G1 X136.9929 Y89.6485 Z77.7517 E0.6589
G1 X135.3781 Y89.3077 Z77.7566 E0.6588
G1 X133.7506 Y89.0347 Z77.7614 E0.6588
G1 X132.1132 Y88.8302 Z77.7662 E0.6587
G1 X130.4687 Y88.6944 Z77.771 E0.6587
G1 X128.8201 Y88.6276 Z77.7758 E0.6586
G1 X127.1702 Y88.6299 Z77.7806 E0.6586
G1 X125.5220 Y88.7013 Z77.7854 E0.6586
G1 X123.8783 Y88.8417 Z77.7902 E0.6585
G1 X122.2420 Y89.0507 Z77.7951 E0.6585
G1 X120.6161 Y89.3281 Z77.7999 E0.6584
G1 X119.0032 Y89.6732 Z77.8047 E0.6584
G1 X117.4063 Y90.0856 Z77.8095 E0.6584
G1 X115.8282 Y90.5645 Z77.8143 E0.6583
G1 X114.2716 Y91.1090 Z77.8191 E0.6583
G1 X112.7392 Y91.7182 Z77.8239 E0.6582
G1 X111.2338 Y92.3910 Z77.8287 E0.6582
G1 X109.7580 Y93.1261 Z77.8335 E0.6582
G1 X108.3143 Y93.9224 Z77.8384 E0.6581
G1 X106.9054 Y94.7784 Z77.8432 E0.6581
G1 X105.5336 Y95.6926 Z77.848 E0.658
G1 X104.2013 Y96.6634 Z77.8528 E0.658
G1 X102.9110 Y97.6890 Z77.8576 E0.658
G1 X101.6648 Y98.7678 Z77.8624 E0.6579
G1 X100.4649 Y99.8977 Z77.8672 E0.6579
G1 X99.3135 Y101.0768 Z77.872 E0.6578
G1 X98.2126 Y102.3030 Z77.8768 E0.6578
G1 X97.1640 Y103.5741 Z77.8817 E0.6578
G1 X96.1696 Y104.8880 Z77.8865 E0.6577
G1 X95.2311 Y106.2422 Z77.8913 E0.6577
G1 X94.3503 Y107.6346 Z77.8961 E0.6576
G1 X93.5286 Y109.0624 Z77.9009 E0.6576
G1 X92.7674 Y110.5234 Z77.9057 E0.6576
G1 X92.0681 Y112.0149 Z77.9105 E0.6575
G1 X91.4319 Y113.5342 Z77.9153 E0.6575
G1 X90.8600 Y115.0788 Z77.9202 E0.6575
G1 X90.3532 Y116.6458 Z77.925 E0.6574
G1 X89.9125 Y118.2327 Z77.9298 E0.6574
G1 X89.5388 Y119.8365 Z77.9346 E0.6573
G1 X89.2325 Y121.4544 Z77.9394 E0.6573
G1 X88.9942 Y123.0836 Z77.9442 E0.6573
G1 X88.8244 Y124.7213 Z77.949 E0.6572
G1 X88.7233 Y126.3646 Z77.9538 E0.6572
G1 X88.6911 Y128.0106 Z77.9586 E0.6571
G1 X88.7279 Y129.6564 Z77.9634 E0.6571
G1 X88.8336 Y131.2991 Z77.9683 E0.6571
G1 X89.0079 Y132.9358 Z77.9731 E0.657
G1 X89.2507 Y134.5637 Z77.9779 E0.657
G1 X89.5613 Y136.1800 Z77.9827 E0.6569
G1 X89.9394 Y137.7817 Z77.9875 E0.6569
G1 X90.3841 Y139.3660 Z77.9923 E0.6569
G1 X90.8948 Y140.9303 Z77.9971 E0.6568
G1 X91.4705 Y142.4717 Z78.0019 E0.6568
G1 X92.1102 Y143.9876 Z78.0068 E0.6568
G1 X92.8128 Y145.4753 Z78.0116 E0.6567
G1 X93.5770 Y146.9321 Z78.0164 E0.6567
G1 X94.4016 Y148.3556 Z78.0212 E0.6566
G1 X95.2849 Y149.7432 Z78.026 E0.6566
G1 X96.2255 Y151.0926 Z78.0308 E0.6566
G1 X97.2218 Y152.4013 Z78.0356 E0.6565
G1 X98.2719 Y153.6670 Z78.0404 E0.6565
G1 X99.3740 Y154.8876 Z78.0452 E0.6565
G1 X100.5262 Y156.0609 Z78.05 E0.6564
G1 X101.7265 Y157.1849 Z78.0549 E0.6564
G1 X102.9727 Y158.2575 Z78.0597 E0.6563
G1 X104.2627 Y159.2770 Z78.0645 E0.6563
G1 X105.5941 Y160.2415 Z78.0693 E0.6563
G1 X106.9647 Y161.1493 Z78.0741 E0.6562
G1 X108.3720 Y161.9990 Z78.0789 E0.6562
G1 X109.8135 Y162.7888 Z78.0837 E0.6562
G1 X111.2868 Y163.5176 Z78.0885 E0.6561
G1 X112.7893 Y164.1840 Z78.0934 E0.6561
G1 X114.3182 Y164.7869 Z78.0982 E0.656
G1 X115.8709 Y165.3251 Z78.103 E0.656
G1 X117.4447 Y165.7979 Z78.1078 E0.656
G1 X119.0369 Y166.2043 Z78.1126 E0.6559
G1 X120.6446 Y166.5437 Z78.1174 E0.6559
G1 X122.2649 Y166.8154 Z78.1222 E0.6559
G1 X123.8952 Y167.0190 Z78.127 E0.6558
G1 X125.5324 Y167.1542 Z78.1319 E0.6558
G1 X127.1738 Y167.2207 Z78.1367 E0.6558
G1 X128.8164 Y167.2184 Z78.1415 E0.6557
G1 X130.4574 Y167.1473 Z78.1463 E0.6557
G1 X132.0939 Y167.0076 Z78.1511 E0.6556
G1 X133.7230 Y166.7994 Z78.1559 E0.6556
G1 X135.3418 Y166.5233 Z78.1607 E0.6556
G1 X136.9476 Y166.1796 Z78.1655 E0.6555
G1 X138.5375 Y165.7690 Z78.1703 E0.6555
G1 X140.1087 Y165.2922 Z78.1751 E0.6555
G1 X141.6584 Y164.7501 Z78.18 E0.6554
G1 X143.1840 Y164.1436 Z78.1848 E0.6554
G1 X144.6829 Y163.4738 Z78.1896 E0.6554
G1 X146.1522 Y162.7418 Z78.1944 E0.6553
G1 X147.5895 Y161.9490 Z78.1992 E0.6553
G1 X148.9923 Y161.0968 Z78.204 E0.6553
G1 X150.3580 Y160.1866 Z78.2088 E0.6552
G1 X151.6844 Y159.2201 Z78.2136 E0.6552
G1 X152.9691 Y158.1989 Z78.2185 E0.6551
G1 X154.2098 Y157.1249 Z78.2233 E0.6551
G1 X155.4044 Y156.0000 Z78.2281 E0.6551
G1 X156.5507 Y154.8261 Z78.2329 E0.655
G1 X157.6468 Y153.6053 Z78.2377 E0.655
G1 X158.6908 Y152.3397 Z78.2425 E0.655
G1 X159.6808 Y151.0316 Z78.2473 E0.6549
G1 X160.6151 Y149.6833 Z78.2521 E0.6549
G1 X161.4921 Y148.2971 Z78.2569 E0.6549
G1 X162.3102 Y146.8755 Z78.2618 E0.6548
G1 X163.0680 Y145.4209 Z78.2666 E0.6548
G1 X163.7642 Y143.9360 Z78.2714 E0.6548
G1 X164.3976 Y142.4234 Z78.2762 E0.6547
G1 X164.9670 Y140.8856 Z78.281 E0.6547
G1 X165.4715 Y139.3254 Z78.2858 E0.6547
G1 X165.9102 Y137.7456 Z78.2906 E0.6546
G1 X166.2824 Y136.1488 Z78.2954 E0.6546
G1 X166.5873 Y134.5380 Z78.3003 E0.6546
G1 X166.8245 Y132.9159 Z78.3051 E0.6545
G1 X166.9936 Y131.2854 Z78.3099 E0.6545
G1 X167.0942 Y129.6494 Z78.3147 E0.6545
G1 X167.1262 Y128.0106 Z78.3195 E0.6544
G1 X167.0894 Y126.3721 Z78.3242 E0.6544
G1 X166.9840 Y124.7366 Z78.3289 E0.6543
G1 X166.8102 Y123.1071 Z78.3336 E0.6543
G1 X166.5683 Y121.4864 Z78.3383 E0.6542
G1 X166.2589 Y119.8774 Z78.3431 E0.6542
G1 X165.8823 Y118.2828 Z78.3478 E0.6542
G1 X165.4393 Y116.7056 Z78.3525 E0.6541
G1 X164.9307 Y115.1483 Z78.3572 E0.6541
G1 X164.3574 Y113.6138 Z78.3619 E0.654
G1 X163.7203 Y112.1047 Z78.3666 E0.654
G1 X163.0207 Y110.6238 Z78.3713 E0.6539
G1 X162.2597 Y109.1735 Z78.3761 E0.6539
G1 X161.4387 Y107.7565 Z78.3808 E0.6538
G1 X160.5591 Y106.3752 Z78.3855 E0.6538
G1 X159.6225 Y105.0320 Z78.3902 E0.6538
G1 X158.6306 Y103.7293 Z78.3949 E0.6537
G1 X157.5850 Y102.4693 Z78.3996 E0.6537
G1 X156.4877 Y101.2544 Z78.4043 E0.6536
G1 X155.3405 Y100.0865 Z78.4091 E0.6536
G1 X154.1455 Y98.9677 Z78.4138 E0.6535
G1 X152.9048 Y97.9001 Z78.4185 E0.6535
G1 X151.6205 Y96.8854 Z78.4232 E0.6534
G1 X150.2950 Y95.9254 Z78.4279 E0.6534
G1 X148.9305 Y95.0218 Z78.4326 E0.6534
G1 X147.5294 Y94.1762 Z78.4373 E0.6533
G1 X146.0943 Y93.3901 Z78.442 E0.6533
G1 X144.6276 Y92.6648 Z78.4468 E0.6532
G1 X143.1319 Y92.0017 Z78.4515 E0.6532
G1 X141.6099 Y91.4017 Z78.4562 E0.6531
G1 X140.0641 Y90.8661 Z78.4609 E0.6531
G1 X138.4974 Y90.3957 Z78.4656 E0.653
G1 X136.9125 Y89.9913 Z78.4703 E0.653
G1 X135.3121 Y89.6537 Z78.475 E0.653
G1 X133.6991 Y89.3834 Z78.4798 E0.6529
G1 X132.0763 Y89.1809 Z78.4845 E0.6529
G1 X130.4466 Y89.0466 Z78.4892 E0.6528
G1 X128.8127 Y88.9806 Z78.4939 E0.6528
G1 X127.1776 Y88.9831 Z78.4986 E0.6527
G1 X125.5442 Y89.0541 Z78.5033 E0.6527
G1 X123.9153 Y89.1934 Z78.508 E0.6527
G1 X122.2937 Y89.4007 Z78.5127 E0.6526
G1 X120.6824 Y89.6758 Z78.5175 E0.6526
G1 X119.0841 Y90.0181 Z78.5222 E0.6525
G1 X117.5016 Y90.4270 Z78.5269 E0.6525
G1 X115.9377 Y90.9017 Z78.5316 E0.6524
G1 X114.3952 Y91.4415 Z78.5363 E0.6524
G1 X112.8768 Y92.0454 Z78.541 E0.6524
G1 X111.3850 Y92.7123 Z78.5457 E0.6523
G1 X109.9226 Y93.4411 Z78.5505 E0.6523
G1 X108.4921 Y94.2304 Z78.5552 E0.6522
G1 X107.0960 Y95.0788 Z78.5599 E0.6522
G1 X105.7367 Y95.9849 Z78.5646 E0.6521
G1 X104.4166 Y96.9471 Z78.5693 E0.6521
G1 X103.1381 Y97.9636 Z78.574 E0.6521
G1 X101.9033 Y99.0327 Z78.5787 E0.652
G1 X100.7145 Y100.1525 Z78.5835 E0.652
G1 X99.5737 Y101.3211 Z78.5882 E0.6519
G1 X98.4829 Y102.5363 Z78.5929 E0.6519
G1 X97.4440 Y103.7960 Z78.5976 E0.6518
G1 X96.4588 Y105.0981 Z78.6023 E0.6518
G1 X95.5291 Y106.4402 Z78.607 E0.6517
G1 X94.6564 Y107.8199 Z78.6117 E0.6517
G1 X93.8423 Y109.2349 Z78.6164 E0.6517
G1 X93.0883 Y110.6827 Z78.6212 E0.6516
G1 X92.3956 Y112.1607 Z78.6259 E0.6516
G1 X91.7654 Y113.6662 Z78.6306 E0.6515
G1 X91.1989 Y115.1968 Z78.6353 E0.6515
G1 X90.6969 Y116.7496 Z78.64 E0.6515
G1 X90.2605 Y118.3220 Z78.6447 E0.6514
G1 X89.8904 Y119.9112 Z78.6494 E0.6514
G1 X89.5871 Y121.5144 Z78.6542 E0.6513
G1 X89.3512 Y123.1287 Z78.6589 E0.6513
G1 X89.1832 Y124.7515 Z78.6636 E0.6512
G1 X89.0832 Y126.3797 Z78.6683 E0.6512
G1 X89.0516 Y128.0106 Z78.673 E0.6512
G1 X89.0882 Y129.6413 Z78.6777 E0.6511
G1 X89.1931 Y131.2689 Z78.6824 E0.6511
G1 X89.3661 Y132.8906 Z78.6871 E0.651
G1 X89.6068 Y134.5035 Z78.6919 E0.651
G1 X89.9148 Y136.1048 Z78.6966 E0.651
G1 X90.2896 Y137.6918 Z78.7013 E0.6509
G1 X90.7304 Y139.2615 Z78.706 E0.6509
G1 X91.2366 Y140.8113 Z78.7107 E0.6508
G1 X91.8072 Y142.3384 Z78.7154 E0.6508
G1 X92.4412 Y143.8402 Z78.7201 E0.6507
G1 X93.1376 Y145.3141 Z78.7249 E0.6507
G1 X93.8949 Y146.7574 Z78.7296 E0.6507
G1 X94.7120 Y148.1676 Z78.7343 E0.6506
G1 X95.5874 Y149.5423 Z78.739 E0.6506
G1 X96.5195 Y150.8790 Z78.7437 E0.6505
G1 X97.5066 Y152.1755 Z78.7484 E0.6505
G1 X98.5472 Y153.4294 Z78.7531 E0.6505
G1 X99.6393 Y154.6385 Z78.7579 E0.6504
G1 X100.7810 Y155.8008 Z78.7626 E0.6504
G1 X101.9702 Y156.9142 Z78.7673 E0.6503
G1 X103.2050 Y157.9767 Z78.772 E0.6503
G1 X104.4831 Y158.9865 Z78.7767 E0.6503
G1 X105.8023 Y159.9419 Z78.7814 E0.6502
G1 X107.1603 Y160.8411 Z78.7861 E0.6502
G1 X108.5546 Y161.6826 Z78.7909 E0.6501
G1 X109.9828 Y162.4650 Z78.7956 E0.6501
G1 X111.4425 Y163.1868 Z78.8003 E0.6501
G1 X112.9310 Y163.8467 Z78.805 E0.65
G1 X114.4458 Y164.4438 Z78.8097 E0.65
G1 X115.9841 Y164.9768 Z78.8144 E0.6499
G1 X117.5433 Y165.4450 Z78.8191 E0.6499
G1 X119.1206 Y165.8474 Z78.8238 E0.6499
G1 X120.7133 Y166.1834 Z78.8286 E0.6498
G1 X122.3185 Y166.4523 Z78.8333 E0.6498
G1 X123.9336 Y166.6538 Z78.838 E0.6497
G1 X125.5555 Y166.7875 Z78.8427 E0.6497
G1 X127.1815 Y166.8532 Z78.8474 E0.6496
G1 X128.8087 Y166.8507 Z78.8521 E0.6496
G1 X130.4343 Y166.7801 Z78.8568 E0.6496
G1 X132.0554 Y166.6414 Z78.8616 E0.6495
G1 X133.6692 Y166.4350 Z78.8663 E0.6495
G1 X135.2728 Y166.1613 Z78.871 E0.6495
G1 X136.8634 Y165.8206 Z78.8757 E0.6494
G1 X138.4383 Y165.4137 Z78.8804 E0.6494
G1 X139.9946 Y164.9412 Z78.8851 E0.6493
G1 X141.5297 Y164.4040 Z78.8898 E0.6493
G1 X143.0409 Y163.8030 Z78.8946 E0.6492
G1 X144.5254 Y163.1393 Z78.8993 E0.6492
G1 X145.9808 Y162.4140 Z78.904 E0.6492
G1 X147.4044 Y161.6285 Z78.9087 E0.6491
G1 X148.7938 Y160.7841 Z78.9134 E0.6491
G1 X150.1466 Y159.8824 Z78.9181 E0.6491
G1 X151.4603 Y158.9248 Z78.9228 E0.649
G1 X152.7327 Y157.9132 Z78.9275 E0.649
G1 X153.9615 Y156.8492 Z78.9323 E0.6489
G1 X155.1446 Y155.7347 Z78.937 E0.6489
G1 X156.2799 Y154.5718 Z78.9417 E0.6489
G1 X157.3655 Y153.3624 Z78.9464 E0.6488
G1 X158.3994 Y152.1087 Z78.9511 E0.6488
G1 X159.3798 Y150.8129 Z78.9558 E0.6487
G1 X160.3051 Y149.4773 Z78.9605 E0.6487
G1 X161.1735 Y148.1042 Z78.9653 E0.6487
G1 X161.9837 Y146.6960 Z78.97 E0.6486
G1 X162.7341 Y145.2552 Z78.9747 E0.6486
G1 X163.4235 Y143.7843 Z78.9794 E0.6486
G1 X164.0506 Y142.2860 Z78.9841 E0.6485
G1 X164.6144 Y140.7628 Z78.9888 E0.6485
G1 X165.1139 Y139.2174 Z78.9935 E0.6484
G1 X165.5482 Y137.6526 Z78.9982 E0.6484
G1 X165.9166 Y136.0711 Z79.003 E0.6484
G1 X166.2184 Y134.4756 Z79.0077 E0.6483
G1 X166.4531 Y132.8690 Z79.0124 E0.6483
G1 X166.6203 Y131.2541 Z79.0171 E0.6482
G1 X166.7197 Y129.6337 Z79.0218 E0.6482
G1 X166.7513 Y128.0106 Z79.0265 E0.6482
G1 X166.7146 Y126.3878 Z79.0311 E0.6481
G1 X166.6100 Y124.7680 Z79.0358 E0.6481
G1 X166.4376 Y123.1542 Z79.0404 E0.648
G1 X166.1979 Y121.5491 Z79.045 E0.648
G1 X165.8912 Y119.9556 Z79.0496 E0.6479
G1 X165.5180 Y118.3764 Z79.0542 E0.6479
G1 X165.0791 Y116.8143 Z79.0588 E0.6478
G1 X164.5752 Y115.2721 Z79.0634 E0.6478
G1 X164.0072 Y113.7524 Z79.068 E0.6477
G1 X163.3760 Y112.2580 Z79.0726 E0.6477
G1 X162.6829 Y110.7914 Z79.0772 E0.6476
G1 X161.9291 Y109.3553 Z79.0818 E0.6476
G1 X161.1158 Y107.9520 Z79.0864 E0.6475
G1 X160.2446 Y106.5842 Z79.091 E0.6475
G1 X159.3169 Y105.2541 Z79.0956 E0.6474
G1 X158.3343 Y103.9641 Z79.1002 E0.6474
G1 X157.2987 Y102.7165 Z79.1049 E0.6473
G1 X156.2118 Y101.5134 Z79.1095 E0.6473
G1 X155.0756 Y100.3569 Z79.1141 E0.6472
G1 X153.8920 Y99.2492 Z79.1187 E0.6472
G1 X152.6632 Y98.1920 Z79.1233 E0.6471
G1 X151.3913 Y97.1873 Z79.1279 E0.6471
G1 X150.0785 Y96.2369 Z79.1325 E0.6471
G1 X148.7271 Y95.3423 Z79.1371 E0.647
G1 X147.3396 Y94.5051 Z79.1417 E0.647
G1 X145.9183 Y93.7268 Z79.1463 E0.6469
G1 X144.4658 Y93.0088 Z79.1509 E0.6469
G1 X142.9846 Y92.3522 Z79.1555 E0.6468
G1 X141.4773 Y91.7583 Z79.1601 E0.6468
G1 X139.9465 Y91.2281 Z79.1648 E0.6467
G1 X138.3950 Y90.7625 Z79.1694 E0.6467
G1 X136.8255 Y90.3623 Z79.174 E0.6466
G1 X135.2407 Y90.0282 Z79.1786 E0.6466
G1 X133.6434 Y89.7607 Z79.1832 E0.6465
G1 X132.0364 Y89.5604 Z79.1878 E0.6465
G1 X130.4226 Y89.4276 Z79.1924 E0.6464
G1 X128.8047 Y89.3625 Z79.197 E0.6464
G1 X127.1856 Y89.3652 Z79.2016 E0.6463
G1 X125.5682 Y89.4357 Z79.2062 E0.6463
G1 X123.9553 Y89.5738 Z79.2108 E0.6463
G1 X122.3496 Y89.7794 Z79.2154 E0.6462
G1 X120.7541 Y90.0520 Z79.22 E0.6462
G1 X119.1716 Y90.3911 Z79.2246 E0.6461
G1 X117.6047 Y90.7962 Z79.2293 E0.6461
G1 X116.0563 Y91.2665 Z79.2339 E0.646
G1 X114.5290 Y91.8012 Z79.2385 E0.646
G1 X113.0255 Y92.3993 Z79.2431 E0.6459
G1 X111.5486 Y93.0599 Z79.2477 E0.6459
G1 X110.1007 Y93.7816 Z79.2523 E0.6458
G1 X108.6843 Y94.5633 Z79.2569 E0.6458
G1 X107.3021 Y95.4036 Z79.2615 E0.6457
G1 X105.9563 Y96.3009 Z79.2661 E0.6457
G1 X104.6494 Y97.2538 Z79.2707 E0.6456
G1 X103.3837 Y98.2604 Z79.2753 E0.6456
G1 X102.1612 Y99.3192 Z79.2799 E0.6456
G1 X100.9843 Y100.4281 Z79.2845 E0.6455
G1 X99.8549 Y101.5852 Z79.2891 E0.6455
G1 X98.7751 Y102.7885 Z79.2938 E0.6454
G1 X97.7466 Y104.0359 Z79.2984 E0.6454
G1 X96.7714 Y105.3252 Z79.303 E0.6453
G1 X95.8510 Y106.6541 Z79.3076 E0.6453
G1 X94.9872 Y108.0203 Z79.3122 E0.6452
G1 X94.1814 Y109.4213 Z79.3168 E0.6452
G1 X93.4350 Y110.8548 Z79.3214 E0.6451
G1 X92.7494 Y112.3182 Z79.326 E0.6451
G1 X92.1257 Y113.8089 Z79.3306 E0.645
G1 X91.5650 Y115.3243 Z79.3352 E0.645
G1 X91.0683 Y116.8617 Z79.3398 E0.645
G1 X90.6364 Y118.4185 Z79.3444 E0.6449
G1 X90.2701 Y119.9919 Z79.3491 E0.6449
G1 X89.9701 Y121.5791 Z79.3537 E0.6448
G1 X89.7368 Y123.1775 Z79.3583 E0.6448
G1 X89.5706 Y124.7840 Z79.3629 E0.6447
G1 X89.4719 Y126.3960 Z79.3675 E0.6447
G1 X89.4408 Y128.0106 Z79.3721 E0.6447
G1 X89.4773 Y129.6250 Z79.3767 E0.6446
G1 X89.5814 Y131.2363 Z79.3813 E0.6446
G1 X89.7528 Y132.8417 Z79.3859 E0.6445
G1 X89.9913 Y134.4385 Z79.3905 E0.6445
G1 X90.2964 Y136.0237 Z79.3951 E0.6444
G1 X90.6677 Y137.5947 Z79.3997 E0.6444
G1 X91.1043 Y139.1486 Z79.4043 E0.6443
G1 X91.6056 Y140.6828 Z79.409 E0.6443
G1 X92.1707 Y142.1945 Z79.4136 E0.6442
G1 X92.7986 Y143.6811 Z79.4182 E0.6442
G1 X93.4881 Y145.1401 Z79.4228 E0.6442
G1 X94.2380 Y146.5688 Z79.4274 E0.6441
G1 X95.0470 Y147.9647 Z79.432 E0.6441
G1 X95.9138 Y149.3254 Z79.4366 E0.644
G1 X96.8366 Y150.6486 Z79.4412 E0.644
G1 X97.8141 Y151.9318 Z79.4458 E0.6439
G1 X98.8443 Y153.1729 Z79.4504 E0.6439
G1 X99.9255 Y154.3697 Z79.455 E0.6438
G1 X101.0558 Y155.5201 Z79.4596 E0.6438
G1 X102.2332 Y156.6221 Z79.4642 E0.6438
G1 X103.4557 Y157.6737 Z79.4688 E0.6437
G1 X104.7210 Y158.6732 Z79.4734 E0.6437
G1 X106.0270 Y159.6187 Z79.4781 E0.6436
G1 X107.3713 Y160.5086 Z79.4827 E0.6436
G1 X108.7516 Y161.3414 Z79.4873 E0.6435
G1 X110.1655 Y162.1156 Z79.4919 E0.6435
G1 X111.6104 Y162.8299 Z79.4965 E0.6434
G1 X113.0839 Y163.4830 Z79.5011 E0.6434
G1 X114.5834 Y164.0738 Z79.5057 E0.6434
G1 X116.1061 Y164.6012 Z79.5103 E0.6433
G1 X117.6495 Y165.0644 Z79.5149 E0.6433
G1 X119.2109 Y165.4625 Z79.5195 E0.6432
G1 X120.7874 Y165.7949 Z79.5241 E0.6432
G1 X122.3764 Y166.0609 Z79.5287 E0.6431
G1 X123.9750 Y166.2601 Z79.5333 E0.6431
G1 X125.5804 Y166.3922 Z79.538 E0.6431
G1 X127.1898 Y166.4570 Z79.5426 E0.643
G1 X128.8004 Y166.4543 Z79.5472 E0.643
G1 X130.4094 Y166.3842 Z79.5518 E0.6429
G1 X132.0139 Y166.2468 Z79.5564 E0.6429
G1 X133.6112 Y166.0423 Z79.561 E0.6428
G1 X135.1983 Y165.7711 Z79.5656 E0.6428
G1 X136.7726 Y165.4337 Z79.5702 E0.6427
G1 X138.3313 Y165.0307 Z79.5748 E0.6427
G1 X139.8717 Y164.5629 Z79.5794 E0.6427
G1 X141.3910 Y164.0309 Z79.584 E0.6426
G1 X142.8866 Y163.4359 Z79.5886 E0.6426
G1 X144.3558 Y162.7788 Z79.5932 E0.6425
G1 X145.7962 Y162.0608 Z79.5978 E0.6425
G1 X147.2051 Y161.2832 Z79.6025 E0.6425
G1 X148.5801 Y160.4473 Z79.6071 E0.6424
G1 X149.9188 Y159.5546 Z79.6117 E0.6424
G1 X151.2189 Y158.6068 Z79.6163 E0.6423
G1 X152.4780 Y157.6053 Z79.6209 E0.6423
G1 X153.6941 Y156.5521 Z79.6255 E0.6422
G1 X154.8648 Y155.4490 Z79.6301 E0.6422
G1 X155.9883 Y154.2979 Z79.6347 E0.6421
G1 X157.0625 Y153.1009 Z79.6393 E0.6421
G1 X158.0856 Y151.8600 Z79.6439 E0.6421
G1 X159.0557 Y150.5774 Z79.6485 E0.642
G1 X159.9712 Y149.2555 Z79.6531 E0.642
G1 X160.8305 Y147.8964 Z79.6578 E0.642
G1 X161.6321 Y146.5027 Z79.6624 E0.6419
G1 X162.3745 Y145.0767 Z79.667 E0.6419
G1 X163.0566 Y143.6210 Z79.6716 E0.6418
G1 X163.6770 Y142.1381 Z79.6762 E0.6418
G1 X164.2348 Y140.6306 Z79.6808 E0.6417
G1 X164.7289 Y139.1012 Z79.6854 E0.6417
G1 X165.1585 Y137.5525 Z79.69 E0.6416
G1 X165.5228 Y135.9874 Z79.6946 E0.6416
G1 X165.8213 Y134.4084 Z79.6992 E0.6416
G1 X166.0533 Y132.8185 Z79.7038 E0.6415
G1 X166.2186 Y131.2203 Z79.7084 E0.6415
G1 X166.3168 Y129.6168 Z79.713 E0.6414
G1 X166.3478 Y128.0106 Z79.7177 E0.6414
G1 X166.3113 Y126.4047 Z79.7222 E0.6413
G1 X166.2076 Y124.8018 Z79.7267 E0.6413
G1 X166.0369 Y123.2048 Z79.7312 E0.6412
G1 X165.7994 Y121.6165 Z79.7357 E0.6412
G1 X165.4957 Y120.0396 Z79.7402 E0.6411
G1 X165.1263 Y118.4770 Z79.7447 E0.6411
G1 X164.6918 Y116.9312 Z79.7492 E0.641
G1 X164.1930 Y115.4052 Z79.7538 E0.641
G1 X163.6307 Y113.9015 Z79.7583 E0.641
G1 X163.0060 Y112.4228 Z79.7628 E0.6409
G1 X162.3200 Y110.9716 Z79.7673 E0.6409
G1 X161.5739 Y109.5506 Z79.7718 E0.6408
G1 X160.7690 Y108.1621 Z79.7763 E0.6408
G1 X159.9067 Y106.8086 Z79.7808 E0.6407
G1 X158.9885 Y105.4926 Z79.7853 E0.6407
G1 X158.0162 Y104.2162 Z79.7899 E0.6406
G1 X156.9913 Y102.9818 Z79.7944 E0.6406
G1 X155.9157 Y101.7915 Z79.7989 E0.6405
G1 X154.7912 Y100.6473 Z79.8034 E0.6405
G1 X153.6200 Y99.5514 Z79.8079 E0.6404
G1 X152.4039 Y98.5054 Z79.8124 E0.6404
G1 X151.1453 Y97.5115 Z79.8169 E0.6403
G1 X149.8462 Y96.5711 Z79.8215 E0.6403
G1 X148.5089 Y95.6861 Z79.826 E0.6402
G1 X147.1359 Y94.8579 Z79.8305 E0.6402
G1 X145.7295 Y94.0879 Z79.835 E0.6401
G1 X144.2922 Y93.3776 Z79.8395 E0.6401
G1 X142.8265 Y92.7282 Z79.844 E0.64
G1 X141.3350 Y92.1407 Z79.8485 E0.64
G1 X139.8204 Y91.6163 Z79.8531 E0.6399
G1 X138.2852 Y91.1558 Z79.8576 E0.6399
G1 X136.7322 Y90.7599 Z79.8621 E0.6398
G1 X135.1641 Y90.4295 Z79.8666 E0.6398
G1 X133.5837 Y90.1651 Z79.8711 E0.6397
G1 X131.9937 Y89.9671 Z79.8756 E0.6397
G1 X130.3969 Y89.8359 Z79.8801 E0.6396
G1 X128.7961 Y89.7716 Z79.8847 E0.6396
G1 X127.1942 Y89.7745 Z79.8892 E0.6395
G1 X125.5939 Y89.8444 Z79.8937 E0.6395
G1 X123.9981 Y89.9813 Z79.8982 E0.6394
G1 X122.4095 Y90.1848 Z79.9027 E0.6394
G1 X120.8310 Y90.4547 Z79.9072 E0.6393
G1 X119.2652 Y90.7904 Z79.9117 E0.6393
G1 X117.7150 Y91.1914 Z79.9163 E0.6392
G1 X116.1831 Y91.6569 Z79.9208 E0.6392
G1 X114.6721 Y92.1860 Z79.9253 E0.6391
G1 X113.1847 Y92.7780 Z79.9298 E0.6391
G1 X111.7235 Y93.4317 Z79.9343 E0.639
G1 X110.2911 Y94.1459 Z79.9388 E0.639
G1 X108.8900 Y94.9195 Z79.9433 E0.6389
G1 X107.5225 Y95.7509 Z79.9478 E0.6389
G1 X106.1912 Y96.6389 Z79.9524 E0.6389
G1 X104.8984 Y97.5817 Z79.9569 E0.6388
G1 X103.6462 Y98.5778 Z79.9614 E0.6388
G1 X102.4369 Y99.6253 Z79.9659 E0.6387
G1 X101.2727 Y100.7225 Z79.9704 E0.6387
G1 X100.1555 Y101.8674 Z79.9749 E0.6386
G1 X99.0873 Y103.0580 Z79.9794 E0.6386
G1 X98.0700 Y104.2922 Z79.984 E0.6385
G1 X97.1053 Y105.5678 Z79.9885 E0.6385
G1 X96.1950 Y106.8826 Z79.993 E0.6384
G1 X95.3406 Y108.2343 Z79.9975 E0.6384
G1 X94.5435 Y109.6204 Z80.002 E0.6383
G1 X93.8053 Y111.0386 Z80.0065 E0.6383
G1 X93.1272 Y112.4864 Z80.011 E0.6382
G1 X92.5104 Y113.9612 Z80.0156 E0.6382
G1 X91.9558 Y115.4604 Z80.0201 E0.6381
G1 X91.4646 Y116.9814 Z80.0246 E0.6381
G1 X91.0376 Y118.5215 Z80.0291 E0.638
G1 X90.6754 Y120.0781 Z80.0336 E0.638
G1 X90.3788 Y121.6483 Z80.0381 E0.6379
G1 X90.1482 Y123.2294 Z80.0426 E0.6379
G1 X89.9840 Y124.8187 Z80.0471 E0.6378
G1 X89.8865 Y126.4134 Z80.0517 E0.6378
G1 X89.8559 Y128.0106 Z80.0562 E0.6378
G1 X89.8922 Y129.6076 Z80.0607 E0.6377
G1 X89.9953 Y131.2015 Z80.0652 E0.6377
G1 X90.1651 Y132.7896 Z80.0697 E0.6376
G1 X90.4012 Y134.3691 Z80.0742 E0.6376
G1 X90.7032 Y135.9373 Z80.0788 E0.6375
G1 X91.0706 Y137.4912 Z80.0833 E0.6375
G1 X91.5028 Y139.0283 Z80.0878 E0.6374
G1 X91.9988 Y140.5459 Z80.0923 E0.6374
G1 X92.5580 Y142.0412 Z80.0968 E0.6373
G1 X93.1792 Y143.5117 Z80.1013 E0.6373
G1 X93.8614 Y144.9547 Z80.1058 E0.6372
G1 X94.6034 Y146.3679 Z80.1103 E0.6372
G1 X95.4038 Y147.7486 Z80.1149 E0.6371
G1 X96.2613 Y149.0945 Z80.1194 E0.6371
G1 X97.1744 Y150.4032 Z80.1239 E0.637
G1 X98.1413 Y151.6725 Z80.1284 E0.637
G1 X99.1605 Y152.9000 Z80.1329 E0.637
G1 X100.2301 Y154.0837 Z80.1374 E0.6369
G1 X101.3483 Y155.2215 Z80.1419 E0.6369
G1 X102.5131 Y156.3113 Z80.1465 E0.6368
G1 X103.7223 Y157.3514 Z80.151 E0.6368
G1 X104.9740 Y158.3398 Z80.1555 E0.6367
G1 X106.2659 Y159.2749 Z80.16 E0.6367
G1 X107.5957 Y160.1550 Z80.1645 E0.6366
G1 X108.9611 Y160.9786 Z80.169 E0.6366
G1 X110.3596 Y161.7442 Z80.1735 E0.6365
G1 X111.7889 Y162.4505 Z80.178 E0.6365
G1 X113.2465 Y163.0964 Z80.1826 E0.6364
G1 X114.7296 Y163.6805 Z80.1871 E0.6364
G1 X116.2358 Y164.2020 Z80.1916 E0.6363
G1 X117.7624 Y164.6600 Z80.1961 E0.6363
G1 X119.3068 Y165.0536 Z80.2006 E0.6363
G1 X120.8661 Y165.3821 Z80.2051 E0.6362
G1 X122.4378 Y165.6450 Z80.2096 E0.6362
G1 X124.0189 Y165.8419 Z80.2142 E0.6361
G1 X125.6068 Y165.9724 Z80.2187 E0.6361
G1 X127.1986 Y166.0363 Z80.2232 E0.636
G1 X128.7916 Y166.0334 Z80.2277 E0.636
G1 X130.3830 Y165.9639 Z80.2322 E0.6359
G1 X131.9699 Y165.8278 Z80.2367 E0.6359
G1 X133.5496 Y165.6253 Z80.2412 E0.6358
G1 X135.1193 Y165.3570 Z80.2458 E0.6358
G1 X136.6763 Y165.0231 Z80.2503 E0.6357
G1 X138.2179 Y164.6244 Z80.2548 E0.6357
G1 X139.7413 Y164.1615 Z80.2593 E0.6357
G1 X141.2438 Y163.6352 Z80.2638 E0.6356
G1 X142.7229 Y163.0465 Z80.2683 E0.6356
G1 X144.1759 Y162.3965 Z80.2728 E0.6355
G1 X145.6003 Y161.6862 Z80.2774 E0.6355
G1 X146.9936 Y160.9170 Z80.2819 E0.6354
G1 X148.3534 Y160.0902 Z80.2864 E0.6354
G1 X149.6773 Y159.2072 Z80.2909 E0.6353
G1 X150.9629 Y158.2696 Z80.2954 E0.6353
G1 X152.2081 Y157.2791 Z80.2999 E0.6352
G1 X153.4106 Y156.2373 Z80.3044 E0.6352
G1 X154.5683 Y155.1462 Z80.309 E0.6351
G1 X155.6793 Y154.0077 Z80.3135 E0.6351
G1 X156.7415 Y152.8238 Z80.318 E0.6351
G1 X157.7531 Y151.5965 Z80.3225 E0.635
G1 X158.7124 Y150.3280 Z80.327 E0.635
G1 X159.6176 Y149.0205 Z80.3315 E0.6349
G1 X160.4672 Y147.6764 Z80.336 E0.6349
G1 X161.2598 Y146.2980 Z80.3405 E0.6348
G1 X161.9938 Y144.8877 Z80.3451 E0.6348
G1 X162.6682 Y143.4480 Z80.3496 E0.6347
G1 X163.2816 Y141.9815 Z80.3541 E0.6347
G1 X163.8330 Y140.4907 Z80.3586 E0.6346
G1 X164.3214 Y138.9782 Z80.3631 E0.6346
G1 X164.7461 Y137.4466 Z80.3676 E0.6346
G1 X165.1062 Y135.8988 Z80.3721 E0.6345
G1 X165.4012 Y134.3374 Z80.3767 E0.6345
G1 X165.6305 Y132.7651 Z80.3812 E0.6344
G1 X165.7937 Y131.1846 Z80.3857 E0.6344
G1 X165.8906 Y129.5989 Z80.3902 E0.6343
G1 X165.9210 Y128.0106 Z80.3947 E0.6343
G1 X165.8848 Y126.4226 Z80.3991 E0.6342
G1 X165.7821 Y124.8376 Z80.4035 E0.6342
G1 X165.6131 Y123.2584 Z80.408 E0.6341
G1 X165.3781 Y121.6878 Z80.4124 E0.6341
G1 X165.0776 Y120.1285 Z80.4168 E0.634
G1 X164.7121 Y118.5833 Z80.4212 E0.634
G1 X164.2823 Y117.0549 Z80.4256 E0.6339
G1 X163.7888 Y115.5459 Z80.43 E0.6339
G1 X163.2327 Y114.0591 Z80.4344 E0.6338
G1 X162.6148 Y112.5970 Z80.4388 E0.6338
G1 X161.9363 Y111.1621 Z80.4433 E0.6337
G1 X161.1983 Y109.7570 Z80.4477 E0.6337
G1 X160.4023 Y108.3842 Z80.4521 E0.6336
G1 X159.5495 Y107.0460 Z80.4565 E0.6336
G1 X158.6415 Y105.7448 Z80.4609 E0.6335
G1 X157.6798 Y104.4828 Z80.4653 E0.6335
G1 X156.6663 Y103.2624 Z80.4697 E0.6334
G1 X155.6026 Y102.0855 Z80.4741 E0.6333
G1 X154.4907 Y100.9543 Z80.4786 E0.6333
G1 X153.3324 Y99.8707 Z80.483 E0.6332
G1 X152.1299 Y98.8367 Z80.4874 E0.6332
G1 X150.8852 Y97.8540 Z80.4918 E0.6331
G1 X149.6006 Y96.9244 Z80.4962 E0.6331
G1 X148.2783 Y96.0495 Z80.5006 E0.633
G1 X146.9206 Y95.2307 Z80.505 E0.633
G1 X145.5299 Y94.4696 Z80.5094 E0.6329
G1 X144.1087 Y93.7675 Z80.5139 E0.6329
G1 X142.6595 Y93.1255 Z80.5183 E0.6328
G1 X141.1847 Y92.5449 Z80.5227 E0.6328
G1 X139.6871 Y92.0265 Z80.5271 E0.6327
G1 X138.1692 Y91.5713 Z80.5315 E0.6327
G1 X136.6336 Y91.1802 Z80.5359 E0.6326
G1 X135.0832 Y90.8537 Z80.5403 E0.6326
G1 X133.5206 Y90.5924 Z80.5448 E0.6325
G1 X131.9485 Y90.3969 Z80.5492 E0.6325
G1 X130.3698 Y90.2673 Z80.5536 E0.6324
G1 X128.7871 Y90.2040 Z80.558 E0.6324
G1 X127.2033 Y90.2070 Z80.5624 E0.6323
G1 X125.6211 Y90.2763 Z80.5668 E0.6323
G1 X124.0433 Y90.4118 Z80.5712 E0.6322
G1 X122.4728 Y90.6132 Z80.5756 E0.6322
G1 X120.9121 Y90.8802 Z80.5801 E0.6321
G1 X119.3642 Y91.2123 Z80.5845 E0.6321
G1 X117.8316 Y91.6089 Z80.5889 E0.632
G1 X116.3171 Y92.0693 Z80.5933 E0.6319
G1 X114.8233 Y92.5926 Z80.5977 E0.6319
G1 X113.3529 Y93.1780 Z80.6021 E0.6319
G1 X111.9084 Y93.8245 Z80.6065 E0.6318
G1 X110.4923 Y94.5308 Z80.6109 E0.6317
G1 X109.1072 Y95.2957 Z80.6154 E0.6317
G1 X107.7554 Y96.1178 Z80.6198 E0.6316
G1 X106.4393 Y96.9958 Z80.6242 E0.6316
G1 X105.1613 Y97.9281 Z80.6286 E0.6315
G1 X103.9235 Y98.9130 Z80.633 E0.6315
G1 X102.7281 Y99.9487 Z80.6374 E0.6314
G1 X101.5773 Y101.0336 Z80.6418 E0.6314
G1 X100.4730 Y102.1656 Z80.6462 E0.6313
G1 X99.4171 Y103.3427 Z80.6507 E0.6313
G1 X98.4115 Y104.5629 Z80.6551 E0.6312
G1 X97.4580 Y105.8241 Z80.6595 E0.6312
G1 X96.5582 Y107.1240 Z80.6639 E0.6311
G1 X95.7137 Y108.4603 Z80.6683 E0.6311
G1 X94.9260 Y109.8307 Z80.6727 E0.631
G1 X94.1964 Y111.2327 Z80.6771 E0.631
G1 X93.5262 Y112.6640 Z80.6815 E0.6309
G1 X92.9166 Y114.1220 Z80.686 E0.6309
G1 X92.3686 Y115.6041 Z80.6904 E0.6308
G1 X91.8832 Y117.1078 Z80.6948 E0.6308
G1 X91.4612 Y118.6303 Z80.6992 E0.6307
G1 X91.1033 Y120.1690 Z80.7036 E0.6307
G1 X90.8103 Y121.7213 Z80.708 E0.6306
G1 X90.5825 Y123.2843 Z80.7124 E0.6306
G1 X90.4204 Y124.8554 Z80.7169 E0.6305
G1 X90.3242 Y126.4317 Z80.7213 E0.6305
G1 X90.2942 Y128.0106 Z80.7257 E0.6304
G1 X90.3302 Y129.5892 Z80.7301 E0.6304
G1 X90.4324 Y131.1648 Z80.7345 E0.6303
G1 X90.6004 Y132.7347 Z80.7389 E0.6303
G1 X90.8339 Y134.2960 Z80.7433 E0.6302
G1 X91.1327 Y135.8460 Z80.7477 E0.6302
G1 X91.4960 Y137.3820 Z80.7522 E0.6301
G1 X91.9233 Y138.9013 Z80.7566 E0.6301
G1 X92.4139 Y140.4013 Z80.761 E0.63
G1 X92.9667 Y141.8793 Z80.7654 E0.63
G1 X93.5810 Y143.3328 Z80.7698 E0.6299
G1 X94.2555 Y144.7591 Z80.7742 E0.6299
G1 X94.9890 Y146.1559 Z80.7786 E0.6298
G1 X95.7804 Y147.5205 Z80.783 E0.6298
G1 X96.6282 Y148.8508 Z80.7875 E0.6297
G1 X97.5308 Y150.1442 Z80.7919 E0.6297
G1 X98.4867 Y151.3987 Z80.7963 E0.6296
G1 X99.4943 Y152.6119 Z80.8007 E0.6296
G1 X100.5516 Y153.7818 Z80.8051 E0.6295
G1 X101.6570 Y154.9062 Z80.8095 E0.6295
G1 X102.8084 Y155.9833 Z80.8139 E0.6294
G1 X104.0038 Y157.0112 Z80.8183 E0.6294
G1 X105.2410 Y157.9880 Z80.8228 E0.6293
G1 X106.5180 Y158.9121 Z80.8272 E0.6293
G1 X107.8325 Y159.7818 Z80.8316 E0.6292
G1 X109.1821 Y160.5957 Z80.836 E0.6292
G1 X110.5645 Y161.3523 Z80.8404 E0.6291
G1 X111.9773 Y162.0502 Z80.8448 E0.6291
G1 X113.4180 Y162.6884 Z80.8492 E0.629
G1 X114.8839 Y163.2656 Z80.8536 E0.629
G1 X116.3727 Y163.7808 Z80.8581 E0.6289
G1 X117.8816 Y164.2333 Z80.8625 E0.6289
G1 X119.4080 Y164.6221 Z80.8669 E0.6288
G1 X120.9492 Y164.9466 Z80.8713 E0.6288
G1 X122.5026 Y165.2063 Z80.8757 E0.6287
G1 X124.0653 Y165.4007 Z80.8801 E0.6287
G1 X125.6347 Y165.5295 Z80.8845 E0.6286
G1 X127.2079 Y165.5924 Z80.8889 E0.6286
G1 X128.7823 Y165.5894 Z80.8934 E0.6285
G1 X130.3551 Y165.5205 Z80.8978 E0.6285
G1 X131.9234 Y165.3858 Z80.9022 E0.6284
G1 X133.4846 Y165.1855 Z80.9066 E0.6284
G1 X135.0360 Y164.9201 Z80.911 E0.6284
G1 X136.5747 Y164.5900 Z80.9154 E0.6283
G1 X138.0982 Y164.1957 Z80.9198 E0.6283
G1 X139.6037 Y163.7380 Z80.9242 E0.6282
G1 X141.0886 Y163.2178 Z80.9287 E0.6282
G1 X142.5502 Y162.6358 Z80.9331 E0.6281
G1 X143.9862 Y161.9932 Z80.9375 E0.6281
G1 X145.3938 Y161.2911 Z80.9419 E0.628
G1 X146.7707 Y160.5308 Z80.9463 E0.628
G1 X148.1144 Y159.7135 Z80.9507 E0.6279
G1 X149.4226 Y158.8407 Z80.9551 E0.6279
G1 X150.6930 Y157.9140 Z80.9595 E0.6278
G1 X151.9234 Y156.9350 Z80.964 E0.6278
G1 X153.1117 Y155.9053 Z80.9684 E0.6277
G1 X154.2557 Y154.8270 Z80.9728 E0.6277
G1 X155.3534 Y153.7017 Z80.9772 E0.6276
G1 X156.4029 Y152.5316 Z80.9816 E0.6276
G1 X157.4025 Y151.3186 Z80.986 E0.6275
G1 X158.3503 Y150.0649 Z80.9904 E0.6275
G1 X159.2447 Y148.7728 Z80.9948 E0.6274
G1 X160.0842 Y147.4444 Z80.9993 E0.6274
G1 X160.8672 Y146.0822 Z81.0037 E0.6273
G1 X161.5925 Y144.6885 Z81.0081 E0.6273
G1 X162.2586 Y143.2657 Z81.0125 E0.6272
G1 X162.8646 Y141.8164 Z81.0169 E0.6272
G1 X163.4093 Y140.3431 Z81.0213 E0.6271
G1 X163.8918 Y138.8485 Z81.0257 E0.6271
G1 X164.3113 Y137.3350 Z81.0302 E0.627
G1 X164.6670 Y135.8054 Z81.0346 E0.627
G1 X164.9582 Y134.2625 Z81.039 E0.6269
G1 X165.1846 Y132.7087 Z81.0434 E0.6269
G1 X165.3458 Y131.1470 Z81.0478 E0.6269
G1 X165.4413 Y129.5801 Z81.0522 E0.6268
G1 X165.4712 Y128.0106 Z81.0566 E0.6267
G1 X165.4352 Y126.4414 Z81.0609 E0.6267
G1 X165.3335 Y124.8752 Z81.0653 E0.6267
G1 X165.1664 Y123.3148 Z81.0696 E0.6266
G1 X164.9340 Y121.7629 Z81.0739 E0.6265
G1 X164.6369 Y120.2222 Z81.0782 E0.6265
G1 X164.2756 Y118.6954 Z81.0825 E0.6264
G1 X163.8507 Y117.1852 Z81.0868 E0.6264
G1 X163.3630 Y115.6942 Z81.0911 E0.6263
G1 X162.8133 Y114.2251 Z81.0955 E0.6263
G1 X162.2026 Y112.7805 Z81.0998 E0.6262
G1 X161.5320 Y111.3628 Z81.1041 E0.6262
G1 X160.8027 Y109.9745 Z81.1084 E0.6261
G1 X160.0160 Y108.6181 Z81.1127 E0.626
G1 X159.1732 Y107.2960 Z81.117 E0.626
G1 X158.2759 Y106.0104 Z81.1213 E0.6259
G1 X157.3256 Y104.7636 Z81.1257 E0.6259
G1 X156.3240 Y103.5578 Z81.13 E0.6258
G1 X155.2729 Y102.3951 Z81.1343 E0.6258
G1 X154.1741 Y101.2776 Z81.1386 E0.6257
G1 X153.0295 Y100.2071 Z81.1429 E0.6257
G1 X151.8413 Y99.1856 Z81.1472 E0.6256
G1 X150.6114 Y98.2148 Z81.1516 E0.6256
G1 X149.3421 Y97.2964 Z81.1559 E0.6255
G1 X148.0355 Y96.4321 Z81.1602 E0.6254
G1 X146.6940 Y95.6233 Z81.1645 E0.6254
G1 X145.3199 Y94.8715 Z81.1688 E0.6253
G1 X143.9156 Y94.1779 Z81.1731 E0.6253
G1 X142.4837 Y93.5438 Z81.1775 E0.6252
G1 X141.0265 Y92.9703 Z81.1818 E0.6252
G1 X139.5468 Y92.4583 Z81.1861 E0.6251
G1 X138.0470 Y92.0088 Z81.1904 E0.6251
G1 X136.5299 Y91.6225 Z81.1947 E0.625
G1 X134.9981 Y91.3001 Z81.199 E0.625
G1 X133.4542 Y91.0421 Z81.2033 E0.6249
G1 X131.9010 Y90.8491 Z81.2077 E0.6249
G1 X130.3412 Y90.7212 Z81.212 E0.6248
G1 X128.7776 Y90.6588 Z81.2163 E0.6248
G1 X127.2128 Y90.6620 Z81.2206 E0.6247
G1 X125.6497 Y90.7306 Z81.2249 E0.6246
G1 X124.0909 Y90.8647 Z81.2292 E0.6246
G1 X122.5393 Y91.0638 Z81.2335 E0.6245
G1 X120.9975 Y91.3278 Z81.2379 E0.6245
G1 X119.4683 Y91.6561 Z81.2422 E0.6244
G1 X117.9542 Y92.0480 Z81.2465 E0.6244
G1 X116.4580 Y92.5030 Z81.2508 E0.6243
G1 X114.9824 Y93.0203 Z81.2551 E0.6243
G1 X113.5297 Y93.5988 Z81.2594 E0.6242
G1 X112.1027 Y94.2375 Z81.2637 E0.6242
G1 X110.7039 Y94.9354 Z81.2681 E0.6241
G1 X109.3356 Y95.6913 Z81.2724 E0.6241
G1 X108.0002 Y96.5036 Z81.2767 E0.624
G1 X106.7002 Y97.3712 Z81.281 E0.624
G1 X105.4377 Y98.2923 Z81.2853 E0.6239
G1 X104.2150 Y99.2654 Z81.2896 E0.6239
G1 X103.0342 Y100.2887 Z81.294 E0.6238
G1 X101.8975 Y101.3605 Z81.2983 E0.6237
G1 X100.8067 Y102.4789 Z81.3026 E0.6237
G1 X99.7637 Y103.6419 Z81.3069 E0.6236
G1 X98.7705 Y104.8474 Z81.3112 E0.6236
G1 X97.8287 Y106.0934 Z81.3155 E0.6235
G1 X96.9400 Y107.3776 Z81.3198 E0.6235
G1 X96.1059 Y108.6978 Z81.3242 E0.6234
G1 X95.3279 Y110.0516 Z81.3285 E0.6234
G1 X94.6073 Y111.4367 Z81.3328 E0.6233
G1 X93.9454 Y112.8507 Z81.3371 E0.6233
G1 X93.3433 Y114.2910 Z81.3414 E0.6232
G1 X92.8022 Y115.7551 Z81.3457 E0.6232
G1 X92.3229 Y117.2405 Z81.35 E0.6231
G1 X91.9062 Y118.7445 Z81.3544 E0.6231
G1 X91.5529 Y120.2646 Z81.3587 E0.623
G1 X91.2636 Y121.7979 Z81.363 E0.6229
G1 X91.0387 Y123.3419 Z81.3673 E0.6229
G1 X90.8788 Y124.8939 Z81.3716 E0.6228
G1 X90.7840 Y126.4510 Z81.3759 E0.6228
G1 X90.7544 Y128.0106 Z81.3802 E0.6227
G1 X90.7902 Y129.5700 Z81.3846 E0.6227
G1 X90.8913 Y131.1263 Z81.3889 E0.6226
G1 X91.0574 Y132.6769 Z81.3932 E0.6226
G1 X91.2883 Y134.2191 Z81.3975 E0.6225
G1 X91.5836 Y135.7501 Z81.4018 E0.6225
G1 X91.9426 Y137.2673 Z81.4061 E0.6224
G1 X92.3649 Y138.7680 Z81.4105 E0.6224
G1 X92.8496 Y140.2496 Z81.4148 E0.6223
G1 X93.3959 Y141.7094 Z81.4191 E0.6223
G1 X94.0027 Y143.1450 Z81.4234 E0.6222
G1 X94.6691 Y144.5538 Z81.4277 E0.6222
G1 X95.3939 Y145.9333 Z81.432 E0.6221
G1 X96.1756 Y147.2812 Z81.4363 E0.6221
G1 X97.0131 Y148.5950 Z81.4407 E0.622
G1 X97.9048 Y149.8725 Z81.445 E0.622
G1 X98.8492 Y151.1114 Z81.4493 E0.6219
G1 X99.8445 Y152.3096 Z81.4536 E0.6219
G1 X100.8890 Y153.4650 Z81.4579 E0.6218
G1 X101.9809 Y154.5755 Z81.4622 E0.6218
G1 X103.1182 Y155.6392 Z81.4665 E0.6217
G1 X104.2990 Y156.6543 Z81.4709 E0.6216
G1 X105.5212 Y157.6190 Z81.4752 E0.6216
G1 X106.7825 Y158.5315 Z81.4795 E0.6215
G1 X108.0809 Y159.3904 Z81.4838 E0.6215
G1 X109.4140 Y160.1941 Z81.4881 E0.6214
G1 X110.7795 Y160.9412 Z81.4924 E0.6214
G1 X112.1749 Y161.6304 Z81.4967 E0.6213
G1 X113.5978 Y162.2605 Z81.5011 E0.6213
G1 X115.0458 Y162.8304 Z81.5054 E0.6212
G1 X116.5162 Y163.3391 Z81.5097 E0.6212
G1 X118.0065 Y163.7858 Z81.514 E0.6211
G1 X119.5141 Y164.1696 Z81.5183 E0.6211
G1 X121.0363 Y164.4900 Z81.5226 E0.621
G1 X122.5705 Y164.7463 Z81.527 E0.621
G1 X124.1139 Y164.9381 Z81.5313 E0.6209
G1 X125.6639 Y165.0651 Z81.5356 E0.6209
G1 X127.2177 Y165.1271 Z81.5399 E0.6208
G1 X128.7726 Y165.1239 Z81.5442 E0.6208
G1 X130.3258 Y165.0557 Z81.5485 E0.6207
G1 X131.8747 Y164.9225 Z81.5528 E0.6207
G1 X133.4166 Y164.7245 Z81.5572 E0.6206
G1 X134.9487 Y164.4622 Z81.5615 E0.6206
G1 X136.4683 Y164.1360 Z81.5658 E0.6205
G1 X137.9728 Y163.7465 Z81.5701 E0.6205
G1 X139.4595 Y163.2943 Z81.5744 E0.6204
G1 X140.9259 Y162.7804 Z81.5787 E0.6204
G1 X142.3693 Y162.2055 Z81.583 E0.6203
G1 X143.7873 Y161.5707 Z81.5874 E0.6203
G1 X145.1774 Y160.8772 Z81.5917 E0.6202
G1 X146.5370 Y160.1261 Z81.596 E0.6202
G1 X147.8640 Y159.3189 Z81.6003 E0.6201
G1 X149.1558 Y158.4568 Z81.6046 E0.6201
G1 X150.4103 Y157.5415 Z81.6089 E0.62
G1 X151.6252 Y156.5745 Z81.6133 E0.6199
G1 X152.7986 Y155.5576 Z81.6176 E0.6199
G1 X153.9282 Y154.4925 Z81.6219 E0.6198
G1 X155.0121 Y153.3812 Z81.6262 E0.6198
G1 X156.0484 Y152.2255 Z81.6305 E0.6197
G1 X157.0354 Y151.0276 Z81.6348 E0.6197
G1 X157.9712 Y149.7895 Z81.6391 E0.6196
G1 X158.8543 Y148.5134 Z81.6434 E0.6196
G1 X159.6831 Y147.2015 Z81.6478 E0.6195
G1 X160.4562 Y145.8562 Z81.6521 E0.6195
G1 X161.1722 Y144.4799 Z81.6564 E0.6194
G1 X161.8299 Y143.0748 Z81.6607 E0.6194
G1 X162.4281 Y141.6436 Z81.665 E0.6193
G1 X162.9658 Y140.1887 Z81.6693 E0.6193
G1 X163.4421 Y138.7127 Z81.6737 E0.6192
G1 X163.8562 Y137.2182 Z81.678 E0.6192
G1 X164.2072 Y135.7077 Z81.6823 E0.6191
G1 X164.4947 Y134.1841 Z81.6866 E0.6191
G1 X164.7181 Y132.6498 Z81.6909 E0.619
G1 X164.8770 Y131.1077 Z81.6952 E0.619
G1 X164.9712 Y129.5604 Z81.6995 E0.6189
G1 X165.0005 Y128.0106 Z81.7039 E0.6189
G1 X164.9648 Y126.4611 Z81.7081 E0.6188
G1 X164.8642 Y124.9146 Z81.7123 E0.6188
G1 X164.6990 Y123.3738 Z81.7165 E0.6187
G1 X164.4694 Y121.8415 Z81.7208 E0.6187
G1 X164.1759 Y120.3202 Z81.725 E0.6186
G1 X163.8190 Y118.8126 Z81.7292 E0.6186
G1 X163.3993 Y117.3215 Z81.7334 E0.6185
G1 X162.9175 Y115.8494 Z81.7377 E0.6184
G1 X162.3746 Y114.3988 Z81.7419 E0.6184
G1 X161.7715 Y112.9724 Z81.7461 E0.6183
G1 X161.1092 Y111.5727 Z81.7503 E0.6183
G1 X160.3889 Y110.2020 Z81.7546 E0.6182
G1 X159.6120 Y108.8628 Z81.7588 E0.6182
G1 X158.7797 Y107.5574 Z81.763 E0.6181
G1 X157.8936 Y106.2881 Z81.7672 E0.6181
G1 X156.9551 Y105.0572 Z81.7715 E0.618
G1 X155.9661 Y103.8668 Z81.7757 E0.6179
G1 X154.9281 Y102.7189 Z81.7799 E0.6179
G1 X153.8431 Y101.6155 Z81.7841 E0.6178
G1 X152.7129 Y100.5587 Z81.7883 E0.6178
G1 X151.5396 Y99.5502 Z81.7926 E0.6177
G1 X150.3252 Y98.5919 Z81.7968 E0.6177
G1 X149.0718 Y97.6852 Z81.801 E0.6176
G1 X147.7817 Y96.8320 Z81.8052 E0.6175
G1 X146.4571 Y96.0336 Z81.8095 E0.6175
G1 X145.1003 Y95.2914 Z81.8137 E0.6174
G1 X143.7138 Y94.6068 Z81.8179 E0.6174
G1 X142.2999 Y93.9809 Z81.8221 E0.6173
G1 X140.8612 Y93.4148 Z81.8264 E0.6173
G1 X139.4002 Y92.9094 Z81.8306 E0.6172
G1 X137.9194 Y92.4658 Z81.8348 E0.6172
G1 X136.4215 Y92.0845 Z81.839 E0.6171
G1 X134.9091 Y91.7664 Z81.8432 E0.617
G1 X133.3848 Y91.5119 Z81.8475 E0.617
G1 X131.8513 Y91.3214 Z81.8517 E0.6169
G1 X130.3114 Y91.1954 Z81.8559 E0.6169
G1 X128.7676 Y91.1339 Z81.8601 E0.6168
G1 X127.2228 Y91.1372 Z81.8644 E0.6168
G1 X125.6795 Y91.2051 Z81.8686 E0.6167
G1 X124.1407 Y91.3376 Z81.8728 E0.6167
G1 X122.6088 Y91.5344 Z81.877 E0.6166
G1 X121.0867 Y91.7952 Z81.8813 E0.6165
G1 X119.5769 Y92.1194 Z81.8855 E0.6165
G1 X118.0822 Y92.5066 Z81.8897 E0.6164
G1 X116.6052 Y92.9559 Z81.8939 E0.6164
G1 X115.1484 Y93.4667 Z81.8982 E0.6163
G1 X113.7144 Y94.0380 Z81.9024 E0.6163
G1 X112.3057 Y94.6687 Z81.9066 E0.6162
G1 X110.9247 Y95.3579 Z81.9108 E0.6162
G1 X109.5739 Y96.1042 Z81.9151 E0.6161
G1 X108.2558 Y96.9063 Z81.9193 E0.6161
G1 X106.9724 Y97.7629 Z81.9235 E0.616
G1 X105.7262 Y98.6723 Z81.9277 E0.6159
G1 X104.5192 Y99.6331 Z81.932 E0.6159
G1 X103.3537 Y100.6435 Z81.9362 E0.6158
G1 X102.2316 Y101.7017 Z81.9404 E0.6158
G1 X101.1548 Y102.8059 Z81.9446 E0.6157
G1 X100.1254 Y103.9541 Z81.9488 E0.6157
G1 X99.1450 Y105.1443 Z81.9531 E0.6156
G1 X98.2154 Y106.3744 Z81.9573 E0.6156
G1 X97.3382 Y107.6422 Z81.9615 E0.6155
G1 X96.5149 Y108.9455 Z81.9658 E0.6155
G1 X95.7470 Y110.2821 Z81.97 E0.6154
G1 X95.0359 Y111.6495 Z81.9742 E0.6153
G1 X94.3826 Y113.0453 Z81.9784 E0.6153
G1 X93.7885 Y114.4672 Z81.9826 E0.6152
G1 X93.2544 Y115.9126 Z81.9869 E0.6152
G1 X92.7814 Y117.3789 Z81.9911 E0.6151
G1 X92.3702 Y118.8637 Z81.9953 E0.6151
G1 X92.0216 Y120.3642 Z81.9995 E0.615
G1 X91.7362 Y121.8779 Z82.0038 E0.615
G1 X91.5144 Y123.4020 Z82.008 E0.6149
G1 X91.3567 Y124.9340 Z82.0122 E0.6148
G1 X91.2632 Y126.4711 Z82.0164 E0.6148
G1 X91.2343 Y128.0106 Z82.0207 E0.6147
G1 X91.2697 Y129.5499 Z82.0249 E0.6147
G1 X91.3697 Y131.0861 Z82.0291 E0.6146
G1 X91.5338 Y132.6167 Z82.0333 E0.6146
G1 X91.7619 Y134.1390 Z82.0376 E0.6145
G1 X92.0535 Y135.6502 Z82.0418 E0.6145
G1 X92.4081 Y137.1478 Z82.046 E0.6144
G1 X92.8251 Y138.6291 Z82.0502 E0.6144
G1 X93.3036 Y140.0915 Z82.0545 E0.6143
G1 X93.8430 Y141.5324 Z82.0587 E0.6143
G1 X94.4422 Y142.9493 Z82.0629 E0.6142
G1 X95.1001 Y144.3399 Z82.0671 E0.6141
G1 X95.8156 Y145.7015 Z82.0713 E0.6141
G1 X96.5874 Y147.0318 Z82.0756 E0.614
G1 X97.4142 Y148.3285 Z82.0798 E0.614
G1 X98.2945 Y149.5894 Z82.084 E0.6139
G1 X99.2267 Y150.8122 Z82.0882 E0.6139
G1 X100.2093 Y151.9947 Z82.0925 E0.6138
G1 X101.2404 Y153.1350 Z82.0967 E0.6138
G1 X102.3182 Y154.2310 Z82.1009 E0.6137
G1 X103.4409 Y155.2808 Z82.1051 E0.6137
G1 X104.6065 Y156.2826 Z82.1094 E0.6136
G1 X105.8129 Y157.2346 Z82.1136 E0.6136
G1 X107.0580 Y158.1352 Z82.1178 E0.6135
G1 X108.3396 Y158.9828 Z82.122 E0.6134
G1 X109.6554 Y159.7759 Z82.1263 E0.6134
G1 X111.0032 Y160.5131 Z82.1305 E0.6133
G1 X112.3806 Y161.1932 Z82.1347 E0.6133
G1 X113.7851 Y161.8150 Z82.1389 E0.6132
G1 X115.2143 Y162.3773 Z82.1432 E0.6132
G1 X116.6656 Y162.8793 Z82.1474 E0.6131
G1 X118.1366 Y163.3200 Z82.1516 E0.6131
G1 X119.6246 Y163.6987 Z82.1558 E0.613
G1 X121.1270 Y164.0147 Z82.16 E0.613
G1 X122.6412 Y164.2675 Z82.1643 E0.6129
G1 X124.1645 Y164.4567 Z82.1685 E0.6129
G1 X125.6943 Y164.5818 Z82.1727 E0.6128
G1 X127.2278 Y164.6429 Z82.1769 E0.6127
G1 X128.7624 Y164.6396 Z82.1812 E0.6127
G1 X130.2954 Y164.5721 Z82.1854 E0.6126
G1 X131.8241 Y164.4405 Z82.1896 E0.6126
G1 X133.3457 Y164.2449 Z82.1938 E0.6125
G1 X134.8578 Y163.9859 Z82.1981 E0.6125
G1 X136.3575 Y163.6638 Z82.2023 E0.6124
G1 X137.8423 Y163.2792 Z82.2065 E0.6124
G1 X139.3096 Y162.8328 Z82.2107 E0.6123
G1 X140.7567 Y162.3254 Z82.215 E0.6123
G1 X142.1812 Y161.7579 Z82.2192 E0.6122
G1 X143.5806 Y161.1313 Z82.2234 E0.6122
G1 X144.9523 Y160.4467 Z82.2276 E0.6121
G1 X146.2941 Y159.7053 Z82.2318 E0.612
G1 X147.6035 Y158.9085 Z82.2361 E0.612
G1 X148.8783 Y158.0576 Z82.2403 E0.6119
G1 X150.1163 Y157.1542 Z82.2445 E0.6119
G1 X151.3152 Y156.1997 Z82.2487 E0.6118
G1 X152.4730 Y155.1960 Z82.253 E0.6118
G1 X153.5877 Y154.1448 Z82.2572 E0.6117
G1 X154.6572 Y153.0480 Z82.2614 E0.6117
G1 X155.6798 Y151.9074 Z82.2656 E0.6116
G1 X156.6537 Y150.7251 Z82.2699 E0.6116
G1 X157.5771 Y149.5032 Z82.2741 E0.6115
G1 X158.4484 Y148.2438 Z82.2783 E0.6115
G1 X159.2662 Y146.9490 Z82.2825 E0.6114
G1 X160.0290 Y145.6214 Z82.2868 E0.6114
G1 X160.7354 Y144.2630 Z82.291 E0.6113
G1 X161.3843 Y142.8764 Z82.2952 E0.6113
G1 X161.9745 Y141.4640 Z82.2994 E0.6112
G1 X162.5050 Y140.0282 Z82.3037 E0.6111
G1 X162.9749 Y138.5716 Z82.3079 E0.6111
G1 X163.3833 Y137.0967 Z82.3121 E0.611
G1 X163.7295 Y135.6062 Z82.3163 E0.611
G1 X164.0130 Y134.1026 Z82.3205 E0.6109
G1 X164.2333 Y132.5886 Z82.3248 E0.6109
G1 X164.3900 Y131.0668 Z82.329 E0.6108
G1 X164.4828 Y129.5399 Z82.3332 E0.6108
G1 X164.5116 Y128.0106 Z82.3374 E0.6107
G1 X164.4762 Y126.4816 Z82.3416 E0.6107
G1 X164.3768 Y124.9556 Z82.3457 E0.6106
G1 X164.2136 Y123.4352 Z82.3499 E0.6106
G1 X163.9869 Y121.9231 Z82.354 E0.6105
G1 X163.6971 Y120.4219 Z82.3581 E0.6104
G1 X163.3447 Y118.9344 Z82.3623 E0.6104
G1 X162.9304 Y117.4630 Z82.3664 E0.6103
G1 X162.4549 Y116.0105 Z82.3705 E0.6103
G1 X161.9190 Y114.5792 Z82.3747 E0.6102
G1 X161.3237 Y113.1718 Z82.3788 E0.6102
G1 X160.6701 Y111.7906 Z82.3829 E0.6101
G1 X159.9593 Y110.4382 Z82.3871 E0.61
G1 X159.1925 Y109.1168 Z82.3912 E0.61
G1 X158.3711 Y107.8289 Z82.3953 E0.6099
G1 X157.4966 Y106.5765 Z82.3995 E0.6099
G1 X156.5705 Y105.3620 Z82.4036 E0.6098
G1 X155.5945 Y104.1875 Z82.4077 E0.6097
G1 X154.5702 Y103.0550 Z82.4119 E0.6097
G1 X153.4995 Y101.9664 Z82.416 E0.6096
G1 X152.3843 Y100.9238 Z82.4201 E0.6096
G1 X151.2264 Y99.9288 Z82.4243 E0.6095
G1 X150.0281 Y98.9833 Z82.4284 E0.6095
G1 X148.7913 Y98.0889 Z82.4325 E0.6094
G1 X147.5182 Y97.2471 Z82.4367 E0.6093
G1 X146.2112 Y96.4595 Z82.4408 E0.6093
G1 X144.8724 Y95.7273 Z82.4449 E0.6092
G1 X143.5043 Y95.0520 Z82.4491 E0.6092
G1 X142.1092 Y94.4345 Z82.4532 E0.6091
G1 X140.6897 Y93.8761 Z82.4573 E0.6091
G1 X139.2481 Y93.3777 Z82.4615 E0.609
G1 X137.7870 Y92.9401 Z82.4656 E0.6089
G1 X136.3091 Y92.5641 Z82.4697 E0.6089
G1 X134.8168 Y92.2503 Z82.4739 E0.6088
G1 X133.3128 Y91.9994 Z82.478 E0.6088
G1 X131.7998 Y91.8116 Z82.4821 E0.6087
G1 X130.2804 Y91.6874 Z82.4863 E0.6086
G1 X128.7573 Y91.6270 Z82.4904 E0.6086
G1 X127.2331 Y91.6303 Z82.4945 E0.6085
G1 X125.7105 Y91.6975 Z82.4987 E0.6085
G1 X124.1922 Y91.8284 Z82.5028 E0.6084
G1 X122.6809 Y92.0227 Z82.5069 E0.6084
G1 X121.1792 Y92.2802 Z82.5111 E0.6083
G1 X119.6897 Y92.6002 Z82.5152 E0.6083
G1 X118.2151 Y92.9823 Z82.5193 E0.6082
G1 X116.7579 Y93.4258 Z82.5235 E0.6081
G1 X115.3206 Y93.9299 Z82.5276 E0.6081
G1 X113.9059 Y94.4936 Z82.5318 E0.608
G1 X112.5161 Y95.1161 Z82.5359 E0.608
G1 X111.1538 Y95.7961 Z82.54 E0.6079
G1 X109.8213 Y96.5325 Z82.5442 E0.6079
G1 X108.5208 Y97.3240 Z82.5483 E0.6078
G1 X107.2548 Y98.1692 Z82.5524 E0.6077
G1 X106.0254 Y99.0666 Z82.5566 E0.6077
G1 X104.8348 Y100.0146 Z82.5607 E0.6076
G1 X103.6850 Y101.0115 Z82.5648 E0.6076
G1 X102.5781 Y102.0556 Z82.569 E0.6075
G1 X101.5160 Y103.1450 Z82.5731 E0.6075
G1 X100.5005 Y104.2779 Z82.5772 E0.6074
G1 X99.5334 Y105.4521 Z82.5814 E0.6073
G1 X98.6165 Y106.6657 Z82.5855 E0.6073
G1 X97.7512 Y107.9166 Z82.5896 E0.6072
G1 X96.9392 Y109.2024 Z82.5938 E0.6072
G1 X96.1818 Y110.5211 Z82.5979 E0.6071
G1 X95.4803 Y111.8701 Z82.602 E0.6071
G1 X94.8360 Y113.2472 Z82.6062 E0.607
G1 X94.2500 Y114.6500 Z82.6103 E0.6069
G1 X93.7233 Y116.0759 Z82.6144 E0.6069
G1 X93.2568 Y117.5225 Z82.6186 E0.6068
G1 X92.8514 Y118.9872 Z82.6227 E0.6068
G1 X92.5076 Y120.4675 Z82.6268 E0.6067
G1 X92.2262 Y121.9607 Z82.631 E0.6067
G1 X92.0076 Y123.4643 Z82.6351 E0.6066
G1 X91.8521 Y124.9756 Z82.6392 E0.6065
G1 X91.7601 Y126.4919 Z82.6434 E0.6065
G1 X91.7317 Y128.0106 Z82.6475 E0.6064
G1 X91.7669 Y129.5290 Z82.6516 E0.6064
G1 X91.8656 Y131.0445 Z82.6558 E0.6063
G1 X92.0277 Y132.5544 Z82.6599 E0.6063
G1 X92.2528 Y134.0560 Z82.664 E0.6062
G1 X92.5406 Y135.5467 Z82.6682 E0.6062
G1 X92.8906 Y137.0239 Z82.6723 E0.6061
G1 X93.3020 Y138.4851 Z82.6764 E0.606
G1 X93.7743 Y139.9276 Z82.6806 E0.606
G1 X94.3065 Y141.3489 Z82.6847 E0.6059
G1 X94.8976 Y142.7466 Z82.6889 E0.6059
G1 X95.5468 Y144.1181 Z82.693 E0.6058
G1 X96.2527 Y145.4612 Z82.6971 E0.6058
G1 X97.0142 Y146.7733 Z82.7013 E0.6057
G1 X97.8299 Y148.0524 Z82.7054 E0.6056
G1 X98.6983 Y149.2960 Z82.7095 E0.6056
G1 X99.6180 Y150.5021 Z82.7136 E0.6055
G1 X100.5873 Y151.6684 Z82.7178 E0.6055
G1 X101.6045 Y152.7931 Z82.7219 E0.6054
G1 X102.6678 Y153.8741 Z82.7261 E0.6054
G1 X103.7753 Y154.9095 Z82.7302 E0.6053
G1 X104.9251 Y155.8975 Z82.7343 E0.6052
G1 X106.1151 Y156.8364 Z82.7385 E0.6052
G1 X107.3434 Y157.7246 Z82.7426 E0.6051
G1 X108.6076 Y158.5605 Z82.7467 E0.6051
G1 X109.9056 Y159.3427 Z82.7509 E0.605
G1 X111.2351 Y160.0697 Z82.755 E0.605
G1 X112.5937 Y160.7404 Z82.7591 E0.6049
G1 X113.9791 Y161.3535 Z82.7633 E0.6049
G1 X115.3888 Y161.9080 Z82.7674 E0.6048
G1 X116.8204 Y162.4030 Z82.7715 E0.6047
G1 X118.2713 Y162.8375 Z82.7757 E0.6047
G1 X119.7390 Y163.2109 Z82.7798 E0.6046
G1 X121.2209 Y163.5224 Z82.7839 E0.6046
G1 X122.7144 Y163.7716 Z82.7881 E0.6045
G1 X124.2169 Y163.9580 Z82.7922 E0.6045
G1 X125.7258 Y164.0813 Z82.7963 E0.6044
G1 X127.2383 Y164.1413 Z82.8005 E0.6044
G1 X128.7519 Y164.1380 Z82.8046 E0.6043
G1 X130.2639 Y164.0712 Z82.8087 E0.6042
G1 X131.7716 Y163.9412 Z82.8129 E0.6042
G1 X133.2724 Y163.7482 Z82.817 E0.6041
G1 X134.7637 Y163.4926 Z82.8211 E0.6041
G1 X136.2428 Y163.1748 Z82.8253 E0.604
G1 X137.7072 Y162.7953 Z82.8294 E0.604
G1 X139.1543 Y162.3549 Z82.8335 E0.6039
G1 X140.5815 Y161.8543 Z82.8377 E0.6039
G1 X141.9864 Y161.2944 Z82.8418 E0.6038
G1 X143.3664 Y160.6763 Z82.8459 E0.6038
G1 X144.7193 Y160.0010 Z82.8501 E0.6037
G1 X146.0425 Y159.2696 Z82.8542 E0.6036
G1 X147.3339 Y158.4836 Z82.8583 E0.6036
G1 X148.5911 Y157.6443 Z82.8625 E0.6035
G1 X149.8119 Y156.7531 Z82.8666 E0.6035
G1 X150.9942 Y155.8118 Z82.8708 E0.6034
G1 X152.1360 Y154.8218 Z82.8749 E0.6034
G1 X153.2352 Y153.7849 Z82.879 E0.6033
G1 X154.2899 Y152.7031 Z82.8831 E0.6032
G1 X155.2983 Y151.5781 Z82.8873 E0.6032
G1 X156.2586 Y150.4120 Z82.8914 E0.6031
G1 X157.1692 Y149.2068 Z82.8956 E0.6031
G1 X158.0284 Y147.9647 Z82.8997 E0.603
G1 X158.8347 Y146.6877 Z82.9038 E0.603
G1 X159.5868 Y145.3783 Z82.908 E0.6029
G1 X160.2834 Y144.0386 Z82.9121 E0.6029
G1 X160.9232 Y142.6711 Z82.9162 E0.6028
G1 X161.5051 Y141.2781 Z82.9204 E0.6028
G1 X162.0281 Y139.8621 Z82.9245 E0.6027
G1 X162.4913 Y138.4256 Z82.9286 E0.6026
G1 X162.8939 Y136.9711 Z82.9328 E0.6026
G1 X163.2352 Y135.5011 Z82.9369 E0.6025
G1 X163.5147 Y134.0183 Z82.941 E0.6025
G1 X163.7317 Y132.5252 Z82.9452 E0.6024
G1 X163.8861 Y131.0245 Z82.9493 E0.6024
G1 X163.9774 Y129.5187 Z82.9534 E0.6023
G1 X164.0056 Y128.0106 Z82.9576 E0.6023
G1 X163.9706 Y126.5028 Z82.9616 E0.6022
G1 X163.8724 Y124.9979 Z82.9656 E0.6021
G1 X163.7113 Y123.4986 Z82.9697 E0.6021
G1 X163.4876 Y122.0075 Z82.9737 E0.602
G1 X163.2017 Y120.5272 Z82.9777 E0.602
G1 X162.8540 Y119.0604 Z82.9818 E0.6019
G1 X162.4453 Y117.6095 Z82.9858 E0.6018
G1 X161.9762 Y116.1771 Z82.9899 E0.6018
G1 X161.4477 Y114.7658 Z82.9939 E0.6017
G1 X160.8605 Y113.3780 Z82.9979 E0.6017
G1 X160.2158 Y112.0162 Z83.002 E0.6016
G1 X159.5147 Y110.6826 Z83.006 E0.6015
G1 X158.7584 Y109.3797 Z83.01 E0.6015
G1 X157.9484 Y108.1097 Z83.0141 E0.6014
G1 X157.0859 Y106.8749 Z83.0181 E0.6014
G1 X156.1726 Y105.6775 Z83.0221 E0.6013
G1 X155.2100 Y104.5194 Z83.0262 E0.6012
G1 X154.1999 Y103.4027 Z83.0302 E0.6012
G1 X153.1440 Y102.3295 Z83.0342 E0.6011
G1 X152.0442 Y101.3015 Z83.0383 E0.6011
G1 X150.9024 Y100.3205 Z83.0423 E0.601
G1 X149.7206 Y99.3883 Z83.0464 E0.6009
G1 X148.5010 Y98.5065 Z83.0504 E0.6009
G1 X147.2457 Y97.6767 Z83.0544 E0.6008
G1 X145.9568 Y96.9002 Z83.0585 E0.6008
G1 X144.6366 Y96.1784 Z83.0625 E0.6007
G1 X143.2876 Y95.5126 Z83.0665 E0.6006
G1 X141.9119 Y94.9039 Z83.0706 E0.6006
G1 X140.5121 Y94.3535 Z83.0746 E0.6005
G1 X139.0906 Y93.8622 Z83.0786 E0.6005
G1 X137.6500 Y93.4308 Z83.0827 E0.6004
G1 X136.1927 Y93.0603 Z83.0867 E0.6003
G1 X134.7213 Y92.7511 Z83.0907 E0.6003
G1 X133.2383 Y92.5038 Z83.0948 E0.6002
G1 X131.7465 Y92.3189 Z83.0988 E0.6002
G1 X130.2484 Y92.1966 Z83.1029 E0.6001
G1 X128.7466 Y92.1371 Z83.1069 E0.6
G1 X127.2438 Y92.1406 Z83.1109 E0.6
G1 X125.7426 Y92.2070 Z83.115 E0.5999
G1 X124.2456 Y92.3362 Z83.119 E0.5999
G1 X122.7555 Y92.5280 Z83.123 E0.5998
G1 X121.2749 Y92.7819 Z83.1271 E0.5998
G1 X119.8064 Y93.0976 Z83.1311 E0.5997
G1 X118.3525 Y93.4745 Z83.1351 E0.5996
G1 X116.9158 Y93.9119 Z83.1392 E0.5996
G1 X115.4988 Y94.4091 Z83.1432 E0.5995
G1 X114.1041 Y94.9651 Z83.1472 E0.5995
G1 X112.7339 Y95.5789 Z83.1513 E0.5994
G1 X111.3908 Y96.2495 Z83.1553 E0.5993
G1 X110.0771 Y96.9757 Z83.1594 E0.5993
G1 X108.7951 Y97.7562 Z83.1634 E0.5992
G1 X107.5470 Y98.5896 Z83.1674 E0.5992
G1 X106.3351 Y99.4745 Z83.1715 E0.5991
G1 X105.1613 Y100.4092 Z83.1755 E0.599
G1 X104.0279 Y101.3922 Z83.1795 E0.599
G1 X102.9367 Y102.4217 Z83.1836 E0.5989
G1 X101.8896 Y103.4959 Z83.1876 E0.5989
G1 X100.8886 Y104.6129 Z83.1916 E0.5988
G1 X99.9353 Y105.7707 Z83.1957 E0.5988
G1 X99.0314 Y106.9672 Z83.1997 E0.5987
G1 X98.1785 Y108.2005 Z83.2038 E0.5986
G1 X97.3781 Y109.4683 Z83.2078 E0.5986
G1 X96.6316 Y110.7683 Z83.2118 E0.5985
G1 X95.9402 Y112.0984 Z83.2159 E0.5985
G1 X95.3051 Y113.4561 Z83.2199 E0.5984
G1 X94.7276 Y114.8390 Z83.2239 E0.5983
G1 X94.2085 Y116.2448 Z83.228 E0.5983
G1 X93.7488 Y117.6710 Z83.232 E0.5982
G1 X93.3492 Y119.1150 Z83.236 E0.5982
G1 X93.0105 Y120.5744 Z83.2401 E0.5981
G1 X92.7332 Y122.0465 Z83.2441 E0.598
G1 X92.5179 Y123.5288 Z83.2481 E0.598
G1 X92.3648 Y125.0186 Z83.2522 E0.5979
G1 X92.2742 Y126.5135 Z83.2562 E0.5979
G1 X92.2464 Y128.0106 Z83.2602 E0.5978
G1 X92.2812 Y129.5075 Z83.2643 E0.5978
G1 X92.3787 Y131.0014 Z83.2683 E0.5977
G1 X92.5387 Y132.4898 Z83.2724 E0.5976
G1 X92.7608 Y133.9701 Z83.2764 E0.5976
G1 X93.0446 Y135.4396 Z83.2804 E0.5975
G1 X93.3898 Y136.8958 Z83.2845 E0.5975
G1 X93.7955 Y138.3361 Z83.2885 E0.5974
G1 X94.2612 Y139.7580 Z83.2925 E0.5973
G1 X94.7860 Y141.1590 Z83.2966 E0.5973
G1 X95.3689 Y142.5367 Z83.3006 E0.5972
G1 X96.0089 Y143.8887 Z83.3046 E0.5972
G1 X96.7050 Y145.2125 Z83.3087 E0.5971
G1 X97.4557 Y146.5059 Z83.3127 E0.5971
G1 X98.2599 Y147.7666 Z83.3167 E0.597
G1 X99.1161 Y148.9924 Z83.3208 E0.5969
G1 X100.0228 Y150.1812 Z83.3248 E0.5969
G1 X100.9784 Y151.3308 Z83.3288 E0.5968
G1 X101.9812 Y152.4393 Z83.3329 E0.5968
G1 X103.0294 Y153.5048 Z83.3369 E0.5967
G1 X104.1212 Y154.5253 Z83.341 E0.5966
G1 X105.2547 Y155.4990 Z83.345 E0.5966
G1 X106.4279 Y156.4244 Z83.349 E0.5965
G1 X107.6386 Y157.2998 Z83.3531 E0.5965
G1 X108.8849 Y158.1236 Z83.3571 E0.5964
G1 X110.1644 Y158.8944 Z83.3611 E0.5964
G1 X111.4749 Y159.6109 Z83.3652 E0.5963
G1 X112.8142 Y160.2718 Z83.3692 E0.5962
G1 X114.1798 Y160.8760 Z83.3733 E0.5962
G1 X115.5694 Y161.4224 Z83.3773 E0.5961
G1 X116.9805 Y161.9101 Z83.3813 E0.5961
G1 X118.4107 Y162.3383 Z83.3854 E0.596
G1 X119.8574 Y162.7061 Z83.3894 E0.596
G1 X121.3181 Y163.0131 Z83.3934 E0.5959
G1 X122.7902 Y163.2585 Z83.3975 E0.5958
G1 X124.2711 Y163.4421 Z83.4015 E0.5958
G1 X125.7583 Y163.5635 Z83.4055 E0.5957
G1 X127.2492 Y163.6224 Z83.4096 E0.5957
G1 X128.7410 Y163.6190 Z83.4136 E0.5956
G1 X130.2313 Y163.5530 Z83.4176 E0.5956
G1 X131.7173 Y163.4247 Z83.4217 E0.5955
G1 X133.1965 Y163.2343 Z83.4257 E0.5954
G1 X134.6663 Y162.9822 Z83.4297 E0.5954
G1 X136.1241 Y162.6688 Z83.4338 E0.5953
G1 X137.5674 Y162.2946 Z83.4378 E0.5953
G1 X138.9936 Y161.8604 Z83.4419 E0.5952
G1 X140.4002 Y161.3668 Z83.4459 E0.5951
G1 X141.7848 Y160.8149 Z83.4499 E0.5951
G1 X143.1449 Y160.2055 Z83.454 E0.595
G1 X144.4782 Y159.5398 Z83.458 E0.595
G1 X145.7823 Y158.8188 Z83.462 E0.5949
G1 X147.0549 Y158.0440 Z83.4661 E0.5949
G1 X148.2939 Y157.2167 Z83.4701 E0.5948
G1 X149.4970 Y156.3383 Z83.4741 E0.5947
G1 X150.6621 Y155.4103 Z83.4782 E0.5947
G1 X151.7873 Y154.4345 Z83.4822 E0.5946
G1 X152.8705 Y153.4125 Z83.4863 E0.5946
G1 X153.9099 Y152.3462 Z83.4903 E0.5945
G1 X154.9036 Y151.2373 Z83.4943 E0.5945
G1 X155.8499 Y150.0880 Z83.4984 E0.5944
G1 X156.7471 Y148.9001 Z83.5024 E0.5943
G1 X157.5937 Y147.6759 Z83.5064 E0.5943
G1 X158.3883 Y146.4173 Z83.5105 E0.5942
G1 X159.1294 Y145.1268 Z83.5145 E0.5942
G1 X159.8157 Y143.8065 Z83.5185 E0.5941
G1 X160.4460 Y142.4587 Z83.5226 E0.5941
G1 X161.0194 Y141.0858 Z83.5266 E0.594
G1 X161.5346 Y139.6903 Z83.5306 E0.594
G1 X161.9910 Y138.2746 Z83.5347 E0.5939
G1 X162.3876 Y136.8411 Z83.5387 E0.5938
G1 X162.7238 Y135.3924 Z83.5428 E0.5938
G1 X162.9990 Y133.9311 Z83.5468 E0.5937
G1 X163.2127 Y132.4596 Z83.5508 E0.5937
G1 X163.3647 Y130.9807 Z83.5549 E0.5936
G1 X163.4545 Y129.4968 Z83.5589 E0.5935
G1 X163.4822 Y128.0106 Z83.5629 E0.5935
G1 X163.4475 Y126.5247 Z83.5669 E0.5934
G1 X163.3506 Y125.0417 Z83.5708 E0.5934
G1 X163.1917 Y123.5643 Z83.5748 E0.5933
G1 X162.9711 Y122.0949 Z83.5787 E0.5932
G1 X162.6891 Y120.6362 Z83.5827 E0.5932
G1 X162.3464 Y119.1907 Z83.5866 E0.5931
G1 X161.9435 Y117.7610 Z83.5905 E0.5931
G1 X161.4811 Y116.3496 Z83.5945 E0.593
G1 X160.9601 Y114.9589 Z83.5984 E0.5929
G1 X160.3813 Y113.5913 Z83.6024 E0.5929
G1 X159.7459 Y112.2494 Z83.6063 E0.5928
G1 X159.0549 Y110.9354 Z83.6103 E0.5928
G1 X158.3096 Y109.6516 Z83.6142 E0.5927
G1 X157.5112 Y108.4002 Z83.6182 E0.5926
G1 X156.6612 Y107.1835 Z83.6221 E0.5926
G1 X155.7611 Y106.0036 Z83.6261 E0.5925
G1 X154.8124 Y104.8626 Z83.63 E0.5925
G1 X153.8170 Y103.7623 Z83.6339 E0.5924
G1 X152.7764 Y102.7049 Z83.6379 E0.5923
G1 X151.6925 Y101.6920 Z83.6418 E0.5923
G1 X150.5674 Y100.7255 Z83.6458 E0.5922
G1 X149.4028 Y99.8071 Z83.6497 E0.5922
G1 X148.2009 Y98.9383 Z83.6537 E0.5921
G1 X146.9639 Y98.1207 Z83.6576 E0.592
G1 X145.6938 Y97.3557 Z83.6616 E0.592
G1 X144.3929 Y96.6446 Z83.6655 E0.5919
G1 X143.0635 Y95.9887 Z83.6695 E0.5919
G1 X141.7080 Y95.3891 Z83.6734 E0.5918
G1 X140.3286 Y94.8469 Z83.6773 E0.5917
G1 X138.9279 Y94.3629 Z83.6813 E0.5917
G1 X137.5084 Y93.9381 Z83.6852 E0.5916
G1 X136.0724 Y93.5731 Z83.6892 E0.5915
G1 X134.6225 Y93.2686 Z83.6931 E0.5915
G1 X133.1614 Y93.0251 Z83.6971 E0.5914
G1 X131.6914 Y92.8430 Z83.701 E0.5914
G1 X130.2153 Y92.7227 Z83.705 E0.5913
G1 X128.7355 Y92.6642 Z83.7089 E0.5912
G1 X127.2548 Y92.6678 Z83.7128 E0.5912
G1 X125.7757 Y92.7334 Z83.7168 E0.5911
G1 X124.3008 Y92.8609 Z83.7207 E0.5911
G1 X122.8326 Y93.0500 Z83.7247 E0.591
G1 X121.3738 Y93.3003 Z83.7286 E0.5909
G1 X119.9269 Y93.6116 Z83.7326 E0.5909
G1 X118.4945 Y93.9831 Z83.7365 E0.5908
G1 X117.0790 Y94.4142 Z83.7405 E0.5908
G1 X115.6829 Y94.9041 Z83.7444 E0.5907
G1 X114.3088 Y95.4521 Z83.7484 E0.5906
G1 X112.9589 Y96.0570 Z83.7523 E0.5906
G1 X111.6357 Y96.7179 Z83.7562 E0.5905
G1 X110.3414 Y97.4335 Z83.7602 E0.5905
G1 X109.0784 Y98.2026 Z83.7641 E0.5904
G1 X107.8488 Y99.0238 Z83.7681 E0.5903
G1 X106.6548 Y99.8958 Z83.772 E0.5903
G1 X105.4985 Y100.8168 Z83.776 E0.5902
G1 X104.3819 Y101.7854 Z83.7799 E0.5902
G1 X103.3069 Y102.7998 Z83.7839 E0.5901
G1 X102.2755 Y103.8582 Z83.7878 E0.59
G1 X101.2893 Y104.9588 Z83.7917 E0.59
G1 X100.3503 Y106.0996 Z83.7957 E0.5899
G1 X99.4599 Y107.2785 Z83.7996 E0.5899
G1 X98.6197 Y108.4936 Z83.8036 E0.5898
G1 X97.8313 Y109.7427 Z83.8075 E0.5897
G1 X97.0959 Y111.0236 Z83.8115 E0.5897
G1 X96.4149 Y112.3340 Z83.8154 E0.5896
G1 X95.7894 Y113.6717 Z83.8194 E0.5896
G1 X95.2205 Y115.0342 Z83.8233 E0.5895
G1 X94.7093 Y116.4193 Z83.8273 E0.5894
G1 X94.2565 Y117.8243 Z83.8312 E0.5894
G1 X93.8631 Y119.2470 Z83.8352 E0.5893
G1 X93.5295 Y120.6847 Z83.8391 E0.5893
G1 X93.2565 Y122.1350 Z83.843 E0.5892
G1 X93.0445 Y123.5953 Z83.847 E0.5891
G1 X92.8939 Y125.0631 Z83.8509 E0.5891
G1 X92.8048 Y126.5357 Z83.8549 E0.589
G1 X92.7775 Y128.0106 Z83.8588 E0.5889
G1 X92.8120 Y129.4852 Z83.8628 E0.5889
G1 X92.9082 Y130.9569 Z83.8667 E0.5888
G1 X93.0659 Y132.4232 Z83.8707 E0.5888
G1 X93.2849 Y133.8814 Z83.8746 E0.5887
G1 X93.5647 Y135.3290 Z83.8785 E0.5887
G1 X93.9048 Y136.7635 Z83.8825 E0.5886
G1 X94.3047 Y138.1824 Z83.8864 E0.5885
G1 X94.7636 Y139.5831 Z83.8904 E0.5885
G1 X95.2807 Y140.9632 Z83.8943 E0.5884
G1 X95.8550 Y142.3203 Z83.8983 E0.5883
G1 X96.4857 Y143.6520 Z83.9022 E0.5883
G1 X97.1715 Y144.9561 Z83.9062 E0.5882
G1 X97.9112 Y146.2301 Z83.9101 E0.5882
G1 X98.7035 Y147.4719 Z83.9141 E0.5881
G1 X99.5471 Y148.6793 Z83.918 E0.5881
G1 X100.4404 Y149.8503 Z83.9219 E0.588
G1 X101.3818 Y150.9826 Z83.9259 E0.5879
G1 X102.3697 Y152.0745 Z83.9298 E0.5879
G1 X103.4024 Y153.1239 Z83.9338 E0.5878
G1 X104.4780 Y154.1290 Z83.9377 E0.5878
G1 X105.5947 Y155.0881 Z83.9417 E0.5877
G1 X106.7504 Y155.9996 Z83.9456 E0.5876
G1 X107.9431 Y156.8617 Z83.9496 E0.5876
G1 X109.1708 Y157.6731 Z83.9535 E0.5875
G1 X110.4312 Y158.4322 Z83.9575 E0.5875
G1 X111.7222 Y159.1378 Z83.9614 E0.5874
G1 X113.0415 Y159.7887 Z83.9653 E0.5873
G1 X114.3867 Y160.3837 Z83.9693 E0.5873
G1 X115.7556 Y160.9218 Z83.9732 E0.5872
G1 X117.1456 Y161.4021 Z83.9772 E0.5872
G1 X118.5544 Y161.8237 Z83.9811 E0.5871
G1 X119.9794 Y162.1859 Z83.9851 E0.587
G1 X121.4182 Y162.4880 Z83.989 E0.587
G1 X122.8683 Y162.7296 Z83.993 E0.5869
G1 X124.3270 Y162.9103 Z83.9969 E0.5869
G1 X125.7919 Y163.0297 Z84.0008 E0.5868
G1 X127.2604 Y163.0877 Z84.0048 E0.5867
G1 X128.7298 Y163.0841 Z84.0087 E0.5867
G1 X130.1977 Y163.0189 Z84.0127 E0.5866
G1 X131.6614 Y162.8924 Z84.0166 E0.5866
G1 X133.1183 Y162.7047 Z84.0206 E0.5865
G1 X134.5660 Y162.4563 Z84.0245 E0.5864
G1 X136.0018 Y162.1474 Z84.0285 E0.5864
G1 X137.4234 Y161.7787 Z84.0324 E0.5863
G1 X138.8280 Y161.3508 Z84.0364 E0.5863
G1 X140.2134 Y160.8646 Z84.0403 E0.5862
G1 X141.5771 Y160.3208 Z84.0442 E0.5862
G1 X142.9167 Y159.7205 Z84.0482 E0.5861
G1 X144.2298 Y159.0646 Z84.0521 E0.586
G1 X145.5142 Y158.3544 Z84.0561 E0.586
G1 X146.7675 Y157.5912 Z84.06 E0.5859
G1 X147.9877 Y156.7762 Z84.064 E0.5859
G1 X149.1726 Y155.9109 Z84.0679 E0.5858
G1 X150.3201 Y154.9968 Z84.0719 E0.5857
G1 X151.4282 Y154.0356 Z84.0758 E0.5857
G1 X152.4949 Y153.0289 Z84.0798 E0.5856
G1 X153.5184 Y151.9786 Z84.0837 E0.5856
G1 X154.4970 Y150.8864 Z84.0876 E0.5855
G1 X155.4289 Y149.7543 Z84.0916 E0.5854
G1 X156.3124 Y148.5843 Z84.0955 E0.5854
G1 X157.1462 Y147.3785 Z84.0995 E0.5853
G1 X157.9286 Y146.1389 Z84.1034 E0.5853
G1 X158.6583 Y144.8678 Z84.1074 E0.5852
G1 X159.3341 Y143.5674 Z84.1113 E0.5851
G1 X159.9548 Y142.2400 Z84.1152 E0.5851
G1 X160.5192 Y140.8878 Z84.1192 E0.585
G1 X161.0266 Y139.5134 Z84.1231 E0.585
G1 X161.4758 Y138.1190 Z84.1271 E0.5849
G1 X161.8663 Y136.7072 Z84.131 E0.5849
G1 X162.1972 Y135.2805 Z84.135 E0.5848
G1 X162.4681 Y133.8413 Z84.1389 E0.5847
G1 X162.6785 Y132.3921 Z84.1429 E0.5847
G1 X162.8280 Y130.9356 Z84.1468 E0.5846
G1 X162.9163 Y129.4742 Z84.1508 E0.5846
G1 X162.9434 Y128.0106 Z84.1547 E0.5845
G1 X162.9090 Y126.5473 Z84.1586 E0.5844
G1 X162.8135 Y125.0868 Z84.1624 E0.5844
G1 X162.6568 Y123.6318 Z84.1663 E0.5843
G1 X162.4394 Y122.1848 Z84.1701 E0.5843
G1 X162.1616 Y120.7483 Z84.174 E0.5842
G1 X161.8240 Y119.3248 Z84.1779 E0.5841
G1 X161.4271 Y117.9169 Z84.1817 E0.5841
G1 X160.9716 Y116.5270 Z84.1856 E0.584
G1 X160.4583 Y115.1575 Z84.1894 E0.5839
G1 X159.8883 Y113.8109 Z84.1933 E0.5839
G1 X159.2624 Y112.4894 Z84.1972 E0.5838
G1 X158.5818 Y111.1955 Z84.201 E0.5837
G1 X157.8476 Y109.9313 Z84.2049 E0.5837
G1 X157.0613 Y108.6991 Z84.2087 E0.5836
G1 X156.2241 Y107.5010 Z84.2126 E0.5836
G1 X155.3376 Y106.3392 Z84.2165 E0.5835
G1 X154.4034 Y105.2156 Z84.2203 E0.5834
G1 X153.4230 Y104.1323 Z84.2242 E0.5834
G1 X152.3982 Y103.0911 Z84.228 E0.5833
G1 X151.3308 Y102.0938 Z84.2319 E0.5833
G1 X150.2227 Y101.1422 Z84.2357 E0.5832
G1 X149.0758 Y100.2379 Z84.2396 E0.5831
G1 X147.8922 Y99.3825 Z84.2435 E0.5831
G1 X146.6740 Y98.5775 Z84.2473 E0.583
G1 X145.4232 Y97.8243 Z84.2512 E0.5829
G1 X144.1421 Y97.1243 Z84.255 E0.5829
G1 X142.8330 Y96.4785 Z84.2589 E0.5828
G1 X141.4982 Y95.8882 Z84.2627 E0.5828
G1 X140.1399 Y95.3544 Z84.2666 E0.5827
G1 X138.7606 Y94.8780 Z84.2705 E0.5826
G1 X137.3627 Y94.4598 Z84.2743 E0.5826
G1 X135.9487 Y94.1005 Z84.2782 E0.5825
G1 X134.5210 Y93.8008 Z84.282 E0.5824
G1 X133.0822 Y93.5612 Z84.2859 E0.5824
G1 X131.6347 Y93.3821 Z84.2898 E0.5823
G1 X130.1812 Y93.2637 Z84.2936 E0.5822
G1 X128.7242 Y93.2064 Z84.2975 E0.5822
G1 X127.2662 Y93.2100 Z84.3013 E0.5821
G1 X125.8098 Y93.2748 Z84.3052 E0.5821
G1 X124.3575 Y93.4004 Z84.3091 E0.582
G1 X122.9119 Y93.5867 Z84.3129 E0.5819
G1 X121.4755 Y93.8334 Z84.3168 E0.5819
G1 X120.0509 Y94.1400 Z84.3206 E0.5818
G1 X118.6405 Y94.5059 Z84.3245 E0.5818
G1 X117.2468 Y94.9306 Z84.3283 E0.5817
G1 X115.8723 Y95.4131 Z84.3322 E0.5816
G1 X114.5193 Y95.9528 Z84.3361 E0.5816
G1 X113.1902 Y96.5485 Z84.3399 E0.5815
G1 X111.8874 Y97.1994 Z84.3438 E0.5814
G1 X110.6131 Y97.9041 Z84.3476 E0.5814
G1 X109.3696 Y98.6615 Z84.3515 E0.5813
G1 X108.1591 Y99.4702 Z84.3554 E0.5813
G1 X106.9836 Y100.3288 Z84.3592 E0.5812
G1 X105.8451 Y101.2359 Z84.3631 E0.5811
G1 X104.7458 Y102.1896 Z84.3669 E0.5811
G1 X103.6875 Y103.1885 Z84.3708 E0.581
G1 X102.6721 Y104.2307 Z84.3746 E0.5809
G1 X101.7013 Y105.3144 Z84.3785 E0.5809
G1 X100.7768 Y106.4376 Z84.3824 E0.5808
G1 X99.9003 Y107.5985 Z84.3862 E0.5808
G1 X99.0732 Y108.7949 Z84.3901 E0.5807
G1 X98.2971 Y110.0248 Z84.394 E0.5806
G1 X97.5732 Y111.2860 Z84.3978 E0.5806
G1 X96.9028 Y112.5763 Z84.4017 E0.5805
G1 X96.2871 Y113.8933 Z84.4055 E0.5805
G1 X95.7272 Y115.2348 Z84.4094 E0.5804
G1 X95.2240 Y116.5985 Z84.4132 E0.5803
G1 X94.7784 Y117.9819 Z84.4171 E0.5803
G1 X94.3911 Y119.3826 Z84.421 E0.5802
G1 X94.0629 Y120.7981 Z84.4248 E0.5801
G1 X93.7943 Y122.2260 Z84.4287 E0.5801
G1 X93.5857 Y123.6637 Z84.4325 E0.58
G1 X93.4375 Y125.1087 Z84.4364 E0.58
G1 X93.3500 Y126.5585 Z84.4402 E0.5799
G1 X93.3233 Y128.0106 Z84.4441 E0.5798
G1 X93.3574 Y129.4624 Z84.448 E0.5798
G1 X93.4522 Y130.9113 Z84.4518 E0.5797
G1 X93.6076 Y132.3548 Z84.4557 E0.5797
G1 X93.8233 Y133.7903 Z84.4595 E0.5796
G1 X94.0990 Y135.2155 Z84.4634 E0.5795
G1 X94.4340 Y136.6277 Z84.4673 E0.5795
G1 X94.8278 Y138.0244 Z84.4711 E0.5794
G1 X95.2797 Y139.4033 Z84.475 E0.5793
G1 X95.7889 Y140.7620 Z84.4788 E0.5793
G1 X96.3545 Y142.0979 Z84.4827 E0.5792
G1 X96.9754 Y143.4089 Z84.4866 E0.5792
G1 X97.6507 Y144.6926 Z84.4904 E0.5791
G1 X98.3790 Y145.9468 Z84.4943 E0.579
G1 X99.1592 Y147.1692 Z84.4981 E0.579
G1 X99.9897 Y148.3577 Z84.502 E0.5789
G1 X100.8692 Y149.5103 Z84.5058 E0.5789
G1 X101.7961 Y150.6250 Z84.5097 E0.5788
G1 X102.7688 Y151.6997 Z84.5136 E0.5787
G1 X103.7855 Y152.7327 Z84.5174 E0.5787
G1 X104.8444 Y153.7221 Z84.5213 E0.5786
G1 X105.9438 Y154.6661 Z84.5251 E0.5785
G1 X107.0816 Y155.5632 Z84.529 E0.5785
G1 X108.2558 Y156.4118 Z84.5329 E0.5784
G1 X109.4644 Y157.2104 Z84.5367 E0.5784
G1 X110.7053 Y157.9576 Z84.5406 E0.5783
G1 X111.9762 Y158.6520 Z84.5444 E0.5782
G1 X113.2749 Y159.2926 Z84.5483 E0.5782
G1 X114.5992 Y159.8782 Z84.5521 E0.5781
G1 X115.9467 Y160.4078 Z84.556 E0.5781
G1 X117.3151 Y160.8804 Z84.5599 E0.578
G1 X118.7019 Y161.2952 Z84.5637 E0.5779
G1 X120.1047 Y161.6516 Z84.5676 E0.5779
G1 X121.5211 Y161.9489 Z84.5714 E0.5778
G1 X122.9485 Y162.1866 Z84.5753 E0.5777
G1 X124.3844 Y162.3643 Z84.5792 E0.5777
G1 X125.8264 Y162.4817 Z84.583 E0.5776
G1 X127.2719 Y162.5386 Z84.5869 E0.5776
G1 X128.7183 Y162.5349 Z84.5907 E0.5775
G1 X130.1632 Y162.4706 Z84.5946 E0.5774
G1 X131.6039 Y162.3460 Z84.5985 E0.5774
G1 X133.0380 Y162.1611 Z84.6023 E0.5773
G1 X134.4630 Y161.9163 Z84.6062 E0.5773
G1 X135.8763 Y161.6122 Z84.61 E0.5772
G1 X137.2755 Y161.2491 Z84.6139 E0.5771
G1 X138.6581 Y160.8278 Z84.6177 E0.5771
G1 X140.0217 Y160.3491 Z84.6216 E0.577
G1 X141.3639 Y159.8137 Z84.6255 E0.577
G1 X142.6824 Y159.2226 Z84.6293 E0.5769
G1 X143.9748 Y158.5769 Z84.6332 E0.5768
G1 X145.2390 Y157.8778 Z84.637 E0.5768
G1 X146.4726 Y157.1264 Z84.6409 E0.5767
G1 X147.6735 Y156.3240 Z84.6448 E0.5767
G1 X148.8397 Y155.4722 Z84.6486 E0.5766
G1 X149.9690 Y154.5724 Z84.6525 E0.5765
G1 X151.0595 Y153.6262 Z84.6563 E0.5765
G1 X152.1094 Y152.6353 Z84.6602 E0.5764
G1 X153.1167 Y151.6014 Z84.664 E0.5763
G1 X154.0798 Y150.5263 Z84.6679 E0.5763
G1 X154.9969 Y149.4119 Z84.6718 E0.5762
G1 X155.8664 Y148.2603 Z84.6756 E0.5762
G1 X156.6869 Y147.0734 Z84.6795 E0.5761
G1 X157.4568 Y145.8532 Z84.6833 E0.5761
G1 X158.1749 Y144.6021 Z84.6872 E0.576
G1 X158.8399 Y143.3221 Z84.6911 E0.5759
G1 X159.4507 Y142.0155 Z84.6949 E0.5759
G1 X160.0061 Y140.6847 Z84.6988 E0.5758
G1 X160.5053 Y139.3318 Z84.7026 E0.5757
G1 X160.9473 Y137.9595 Z84.7065 E0.5757
G1 X161.3315 Y136.5699 Z84.7104 E0.5756
G1 X161.6570 Y135.1657 Z84.7142 E0.5756
G1 X161.9235 Y133.7492 Z84.7181 E0.5755
G1 X162.1304 Y132.3229 Z84.7219 E0.5754
G1 X162.2774 Y130.8894 Z84.7258 E0.5754
G1 X162.3642 Y129.4511 Z84.7296 E0.5753
G1 X162.3907 Y128.0106 Z84.7335 E0.5753
G1 X162.3567 Y126.5704 Z84.7373 E0.5752
G1 X162.2625 Y125.1331 Z84.7411 E0.5751
G1 X162.1082 Y123.7011 Z84.7448 E0.5751
G1 X161.8941 Y122.2770 Z84.7486 E0.575
G1 X161.6206 Y120.8633 Z84.7524 E0.5749
G1 X161.2881 Y119.4624 Z84.7561 E0.5749
G1 X160.8974 Y118.0768 Z84.7599 E0.5748
G1 X160.4489 Y116.7090 Z84.7637 E0.5747
G1 X159.9437 Y115.3613 Z84.7675 E0.5747
G1 X159.3825 Y114.0360 Z84.7712 E0.5746
G1 X158.7664 Y112.7356 Z84.775 E0.5746
G1 X158.0965 Y111.4623 Z84.7788 E0.5745
G1 X157.3739 Y110.2182 Z84.7825 E0.5744
G1 X156.5999 Y109.0057 Z84.7863 E0.5744
G1 X155.7759 Y107.8267 Z84.7901 E0.5743
G1 X154.9034 Y106.6834 Z84.7939 E0.5742
G1 X153.9838 Y105.5778 Z84.7976 E0.5742
G1 X153.0189 Y104.5118 Z84.8014 E0.5741
G1 X152.0103 Y103.4872 Z84.8052 E0.574
G1 X150.9597 Y102.5058 Z84.809 E0.574
G1 X149.8692 Y101.5695 Z84.8127 E0.5739
G1 X148.7405 Y100.6797 Z84.8165 E0.5739
G1 X147.5756 Y99.8380 Z84.8203 E0.5738
G1 X146.3767 Y99.0460 Z84.824 E0.5737
G1 X145.1457 Y98.3049 Z84.8278 E0.5737
G1 X143.8850 Y97.6161 Z84.8316 E0.5736
G1 X142.5967 Y96.9808 Z84.8354 E0.5735
G1 X141.2830 Y96.4000 Z84.8391 E0.5735
G1 X139.9463 Y95.8749 Z84.8429 E0.5734
G1 X138.5890 Y95.4062 Z84.8467 E0.5733
G1 X137.2133 Y94.9948 Z84.8505 E0.5733
G1 X135.8218 Y94.6414 Z84.8542 E0.5732
G1 X134.4169 Y94.3466 Z84.858 E0.5731
G1 X133.0010 Y94.1110 Z84.8618 E0.5731
G1 X131.5766 Y93.9348 Z84.8655 E0.573
G1 X130.1463 Y93.8185 Z84.8693 E0.573
G1 X128.7125 Y93.7622 Z84.8731 E0.5729
G1 X127.2778 Y93.7660 Z84.8769 E0.5728
G1 X125.8447 Y93.8298 Z84.8806 E0.5728
G1 X124.4156 Y93.9536 Z84.8844 E0.5727
G1 X122.9931 Y94.1371 Z84.8882 E0.5726
G1 X121.5798 Y94.3800 Z84.892 E0.5726
G1 X120.1779 Y94.6818 Z84.8957 E0.5725
G1 X118.7902 Y95.0420 Z84.8995 E0.5724
G1 X117.4188 Y95.4600 Z84.9033 E0.5724
G1 X116.0663 Y95.9350 Z84.907 E0.5723
G1 X114.7351 Y96.4661 Z84.9108 E0.5723
G1 X113.4274 Y97.0525 Z84.9146 E0.5722
G1 X112.1455 Y97.6930 Z84.9184 E0.5721
G1 X110.8917 Y98.3866 Z84.9221 E0.5721
G1 X109.6682 Y99.1320 Z84.9259 E0.572
G1 X108.4771 Y99.9279 Z84.9297 E0.5719
G1 X107.3205 Y100.7728 Z84.9334 E0.5719
G1 X106.2005 Y101.6654 Z84.9372 E0.5718
G1 X105.1189 Y102.6040 Z84.941 E0.5718
G1 X104.0777 Y103.5869 Z84.9448 E0.5717
G1 X103.0787 Y104.6125 Z84.9485 E0.5716
G1 X102.1236 Y105.6789 Z84.9523 E0.5716
G1 X101.2141 Y106.7842 Z84.9561 E0.5715
G1 X100.3517 Y107.9265 Z84.9599 E0.5714
G1 X99.5381 Y109.1038 Z84.9636 E0.5714
G1 X98.7745 Y110.3140 Z84.9674 E0.5713
G1 X98.0624 Y111.5549 Z84.9712 E0.5712
G1 X97.4030 Y112.8245 Z84.975 E0.5712
G1 X96.7973 Y114.1204 Z84.9787 E0.5711
G1 X96.2465 Y115.4404 Z84.9825 E0.5711
G1 X95.7516 Y116.7822 Z84.9863 E0.571
G1 X95.3133 Y118.1434 Z84.99 E0.5709
G1 X94.9324 Y119.5215 Z84.9938 E0.5709
G1 X94.6096 Y120.9143 Z84.9976 E0.5708
G1 X94.3454 Y122.3192 Z85.0014 E0.5707
G1 X94.1404 Y123.7338 Z85.0051 E0.5707
G1 X93.9947 Y125.1555 Z85.0089 E0.5706
G1 X93.9087 Y126.5820 Z85.0127 E0.5705
G1 X93.8826 Y128.0106 Z85.0164 E0.5705
G1 X93.9163 Y129.4389 Z85.0202 E0.5704
G1 X94.0098 Y130.8644 Z85.024 E0.5704
G1 X94.1628 Y132.2846 Z85.0278 E0.5703
G1 X94.3752 Y133.6970 Z85.0315 E0.5702
G1 X94.6465 Y135.0991 Z85.0353 E0.5702
G1 X94.9762 Y136.4884 Z85.0391 E0.5701
G1 X95.3638 Y137.8626 Z85.0429 E0.57
G1 X95.8086 Y139.2192 Z85.0466 E0.57
G1 X96.3097 Y140.5558 Z85.0504 E0.5699
G1 X96.8662 Y141.8701 Z85.0542 E0.5699
G1 X97.4773 Y143.1598 Z85.058 E0.5698
G1 X98.1418 Y144.4226 Z85.0617 E0.5697
G1 X98.8584 Y145.6564 Z85.0655 E0.5697
G1 X99.6261 Y146.8590 Z85.0693 E0.5696
G1 X100.4433 Y148.0282 Z85.073 E0.5695
G1 X101.3087 Y149.1620 Z85.0768 E0.5695
G1 X102.2207 Y150.2585 Z85.0806 E0.5694
G1 X103.1777 Y151.3158 Z85.0844 E0.5694
G1 X104.1780 Y152.3319 Z85.0881 E0.5693
G1 X105.2199 Y153.3051 Z85.0919 E0.5692
G1 X106.3015 Y154.2337 Z85.0957 E0.5692
G1 X107.4209 Y155.1162 Z85.0994 E0.5691
G1 X108.5762 Y155.9508 Z85.1032 E0.569
G1 X109.7652 Y156.7363 Z85.107 E0.569
G1 X110.9860 Y157.4713 Z85.1108 E0.5689
G1 X112.2364 Y158.1543 Z85.1145 E0.5689
G1 X113.5141 Y158.7844 Z85.1183 E0.5688
G1 X114.8169 Y159.3603 Z85.1221 E0.5687
G1 X116.1426 Y159.8811 Z85.1259 E0.5687
G1 X117.4888 Y160.3459 Z85.1296 E0.5686
G1 X118.8530 Y160.7539 Z85.1334 E0.5685
G1 X120.2331 Y161.1043 Z85.1372 E0.5685
G1 X121.6264 Y161.3966 Z85.1409 E0.5684
G1 X123.0306 Y161.6303 Z85.1447 E0.5683
G1 X124.4432 Y161.8050 Z85.1485 E0.5683
G1 X125.8617 Y161.9203 Z85.1523 E0.5682
G1 X127.2837 Y161.9761 Z85.156 E0.5682
G1 X128.7065 Y161.9723 Z85.1598 E0.5681
G1 X130.1279 Y161.9090 Z85.1636 E0.568
G1 X131.5451 Y161.7862 Z85.1674 E0.568
G1 X132.9558 Y161.6042 Z85.1711 E0.5679
G1 X134.3575 Y161.3633 Z85.1749 E0.5679
G1 X135.7477 Y161.0639 Z85.1787 E0.5678
G1 X137.1240 Y160.7066 Z85.1824 E0.5677
G1 X138.4840 Y160.2921 Z85.1862 E0.5677
G1 X139.8253 Y159.8210 Z85.19 E0.5676
G1 X141.1456 Y159.2942 Z85.1938 E0.5675
G1 X142.4425 Y158.7127 Z85.1975 E0.5675
G1 X143.7137 Y158.0774 Z85.2013 E0.5674
G1 X144.9571 Y157.3896 Z85.2051 E0.5673
G1 X146.1705 Y156.6503 Z85.2088 E0.5673
G1 X147.3517 Y155.8610 Z85.2126 E0.5672
G1 X148.4987 Y155.0230 Z85.2164 E0.5672
G1 X149.6094 Y154.1378 Z85.2202 E0.5671
G1 X150.6820 Y153.2070 Z85.2239 E0.567
G1 X151.7146 Y152.2321 Z85.2277 E0.567
G1 X152.7053 Y151.2150 Z85.2315 E0.5669
G1 X153.6525 Y150.1575 Z85.2353 E0.5668
G1 X154.5545 Y149.0613 Z85.239 E0.5668
G1 X155.4096 Y147.9284 Z85.2428 E0.5667
G1 X156.2165 Y146.7609 Z85.2466 E0.5667
G1 X156.9737 Y145.5607 Z85.2504 E0.5666
G1 X157.6799 Y144.3300 Z85.2541 E0.5665
G1 X158.3339 Y143.0709 Z85.2579 E0.5665
G1 X158.9345 Y141.7857 Z85.2617 E0.5664
G1 X159.4807 Y140.4766 Z85.2654 E0.5664
G1 X159.9715 Y139.1460 Z85.2692 E0.5663
G1 X160.4061 Y137.7961 Z85.273 E0.5662
G1 X160.7838 Y136.4293 Z85.2768 E0.5662
G1 X161.1039 Y135.0481 Z85.2805 E0.5661
G1 X161.3659 Y133.6549 Z85.2843 E0.566
G1 X161.5692 Y132.2520 Z85.2881 E0.566
G1 X161.7136 Y130.8420 Z85.2918 E0.5659
G1 X161.7988 Y129.4274 Z85.2956 E0.5659
G1 X161.8247 Y128.0106 Z85.2994 E0.5658
G1 X161.7912 Y126.5941 Z85.3031 E0.5657
G1 X161.6984 Y125.1805 Z85.3068 E0.5657
G1 X161.5465 Y123.7721 Z85.3105 E0.5656
G1 X161.3358 Y122.3715 Z85.3141 E0.5655
G1 X161.0666 Y120.9811 Z85.3178 E0.5655
G1 X160.7395 Y119.6033 Z85.3215 E0.5654
G1 X160.3550 Y118.2406 Z85.3252 E0.5653
G1 X159.9139 Y116.8953 Z85.3289 E0.5653
G1 X159.4168 Y115.5699 Z85.3326 E0.5652
G1 X158.8648 Y114.2666 Z85.3363 E0.5651
G1 X158.2587 Y112.9877 Z85.3399 E0.5651
G1 X157.5997 Y111.7354 Z85.3436 E0.565
G1 X156.8889 Y110.5119 Z85.3473 E0.5649
G1 X156.1276 Y109.3195 Z85.351 E0.5649
G1 X155.3171 Y108.1601 Z85.3547 E0.5648
G1 X154.4588 Y107.0358 Z85.3584 E0.5647
G1 X153.5543 Y105.9485 Z85.3621 E0.5647
G1 X152.6052 Y104.9002 Z85.3658 E0.5646
G1 X151.6132 Y103.8927 Z85.3694 E0.5646
G1 X150.5799 Y102.9277 Z85.3731 E0.5645
G1 X149.5073 Y102.0069 Z85.3768 E0.5644
G1 X148.3972 Y101.1319 Z85.3805 E0.5644
G1 X147.2515 Y100.3043 Z85.3842 E0.5643
G1 X146.0723 Y99.5255 Z85.3879 E0.5642
G1 X144.8617 Y98.7968 Z85.3916 E0.5642
G1 X143.6218 Y98.1196 Z85.3953 E0.5641
G1 X142.3547 Y97.4949 Z85.3989 E0.564
G1 X141.0628 Y96.9239 Z85.4026 E0.564
G1 X139.7482 Y96.4076 Z85.4063 E0.5639
G1 X138.4133 Y95.9468 Z85.41 E0.5638
G1 X137.0604 Y95.5424 Z85.4137 E0.5638
G1 X135.6920 Y95.1950 Z85.4174 E0.5637
G1 X134.3103 Y94.9053 Z85.4211 E0.5636
G1 X132.9179 Y94.6737 Z85.4248 E0.5636
G1 X131.5172 Y94.5006 Z85.4284 E0.5635
G1 X130.1106 Y94.3864 Z85.4321 E0.5634
G1 X128.7006 Y94.3311 Z85.4358 E0.5634
G1 X127.2897 Y94.3350 Z85.4395 E0.5633
G1 X125.8804 Y94.3979 Z85.4432 E0.5633
G1 X124.4751 Y94.5198 Z85.4469 E0.5632
G1 X123.0763 Y94.7004 Z85.4506 E0.5631
G1 X121.6865 Y94.9394 Z85.4542 E0.5631
G1 X120.3080 Y95.2363 Z85.4579 E0.563
G1 X118.9433 Y95.5907 Z85.4616 E0.5629
G1 X117.5949 Y96.0018 Z85.4653 E0.5629
G1 X116.2649 Y96.4690 Z85.469 E0.5628
G1 X114.9559 Y96.9915 Z85.4727 E0.5627
G1 X113.6700 Y97.5682 Z85.4764 E0.5627
G1 X112.4096 Y98.1982 Z85.48 E0.5626
G1 X111.1768 Y98.8803 Z85.4837 E0.5625
G1 X109.9737 Y99.6134 Z85.4874 E0.5625
G1 X108.8026 Y100.3962 Z85.4911 E0.5624
G1 X107.6654 Y101.2271 Z85.4948 E0.5623
G1 X106.5641 Y102.1049 Z85.4985 E0.5623
G1 X105.5007 Y103.0280 Z85.5022 E0.5622
G1 X104.4769 Y103.9946 Z85.5059 E0.5622
G1 X103.4947 Y105.0031 Z85.5096 E0.5621
G1 X102.5557 Y106.0518 Z85.5132 E0.562
G1 X101.6614 Y107.1388 Z85.5169 E0.562
G1 X100.8136 Y108.2621 Z85.5206 E0.5619
G1 X100.0137 Y109.4198 Z85.5243 E0.5618
G1 X99.2631 Y110.6098 Z85.528 E0.5618
G1 X98.5630 Y111.8301 Z85.5317 E0.5617
G1 X97.9147 Y113.0785 Z85.5354 E0.5616
G1 X97.3193 Y114.3528 Z85.539 E0.5616
G1 X96.7779 Y115.6508 Z85.5427 E0.5615
G1 X96.2913 Y116.9702 Z85.5464 E0.5614
G1 X95.8605 Y118.3086 Z85.5501 E0.5614
G1 X95.4861 Y119.6637 Z85.5538 E0.5613
G1 X95.1689 Y121.0332 Z85.5575 E0.5612
G1 X94.9093 Y122.4146 Z85.5612 E0.5612
G1 X94.7078 Y123.8054 Z85.5648 E0.5611
G1 X94.5648 Y125.2034 Z85.5685 E0.5611
G1 X94.4804 Y126.6059 Z85.5722 E0.561
G1 X94.4548 Y128.0106 Z85.5759 E0.5609
G1 X94.4881 Y129.4150 Z85.5796 E0.5609
G1 X94.5801 Y130.8165 Z85.5833 E0.5608
G1 X94.7308 Y132.2129 Z85.587 E0.5607
G1 X94.9397 Y133.6015 Z85.5907 E0.5607
G1 X95.2066 Y134.9800 Z85.5943 E0.5606
G1 X95.5310 Y136.3460 Z85.598 E0.5605
G1 X95.9122 Y137.6970 Z85.6017 E0.5605
G1 X96.3496 Y139.0308 Z85.6054 E0.5604
G1 X96.8424 Y140.3448 Z85.6091 E0.5603
G1 X97.3898 Y141.6370 Z85.6128 E0.5603
G1 X97.9907 Y142.9050 Z85.6165 E0.5602
G1 X98.6441 Y144.1465 Z85.6202 E0.5602
G1 X99.3488 Y145.3594 Z85.6238 E0.5601
G1 X100.1037 Y146.5417 Z85.6275 E0.56
G1 X100.9072 Y147.6911 Z85.6312 E0.56
G1 X101.7582 Y148.8058 Z85.6349 E0.5599
G1 X102.6549 Y149.8837 Z85.6386 E0.5598
G1 X103.5959 Y150.9230 Z85.6423 E0.5598
G1 X104.5795 Y151.9219 Z85.646 E0.5597
G1 X105.6039 Y152.8786 Z85.6497 E0.5596
G1 X106.6673 Y153.7915 Z85.6533 E0.5596
G1 X107.7680 Y154.6589 Z85.657 E0.5595
G1 X108.9038 Y155.4794 Z85.6607 E0.5594
G1 X110.0729 Y156.2515 Z85.6644 E0.5594
G1 X111.2732 Y156.9739 Z85.6681 E0.5593
G1 X112.5025 Y157.6453 Z85.6718 E0.5592
G1 X113.7587 Y158.2646 Z85.6755 E0.5592
G1 X115.0396 Y158.8307 Z85.6791 E0.5591
G1 X116.3429 Y159.3425 Z85.6828 E0.5591
G1 X117.6664 Y159.7993 Z85.6865 E0.559
G1 X119.0076 Y160.2002 Z85.6902 E0.5589
G1 X120.3644 Y160.5446 Z85.6939 E0.5589
G1 X121.7342 Y160.8318 Z85.6976 E0.5588
G1 X123.1146 Y161.0614 Z85.7013 E0.5587
G1 X124.5033 Y161.2330 Z85.7049 E0.5587
G1 X125.8978 Y161.3462 Z85.7086 E0.5586
G1 X127.2957 Y161.4009 Z85.7123 E0.5585
G1 X128.6945 Y161.3971 Z85.716 E0.5585
G1 X130.0917 Y161.3346 Z85.7197 E0.5584
G1 X131.4849 Y161.2138 Z85.7234 E0.5584
G1 X132.8717 Y161.0347 Z85.7271 E0.5583
G1 X134.2496 Y160.7977 Z85.7308 E0.5582
G1 X135.6162 Y160.5033 Z85.7345 E0.5582
G1 X136.9692 Y160.1520 Z85.7381 E0.5581
G1 X138.3061 Y159.7443 Z85.7418 E0.558
G1 X139.6245 Y159.2811 Z85.7455 E0.558
G1 X140.9223 Y158.7631 Z85.7492 E0.5579
G1 X142.1971 Y158.1913 Z85.7529 E0.5578
G1 X143.4467 Y157.5667 Z85.7566 E0.5578
G1 X144.6689 Y156.8904 Z85.7603 E0.5577
G1 X145.8616 Y156.1636 Z85.7639 E0.5577
G1 X147.0226 Y155.3875 Z85.7676 E0.5576
G1 X148.1500 Y154.5637 Z85.7713 E0.5575
G1 X149.2418 Y153.6934 Z85.775 E0.5575
G1 X150.2961 Y152.7783 Z85.7787 E0.5574
G1 X151.3110 Y151.8200 Z85.7824 E0.5573
G1 X152.2847 Y150.8201 Z85.7861 E0.5573
G1 X153.2157 Y149.7804 Z85.7898 E0.5572
G1 X154.1022 Y148.7028 Z85.7934 E0.5571
G1 X154.9426 Y147.5891 Z85.7971 E0.5571
G1 X155.7356 Y146.4414 Z85.8008 E0.557
G1 X156.4798 Y145.2615 Z85.8045 E0.557
G1 X157.1738 Y144.0517 Z85.8082 E0.5569
G1 X157.8165 Y142.8141 Z85.8119 E0.5568
G1 X158.4068 Y141.5507 Z85.8156 E0.5568
G1 X158.9435 Y140.2639 Z85.8192 E0.5567
G1 X159.4258 Y138.9559 Z85.8229 E0.5566
G1 X159.8529 Y137.6290 Z85.8266 E0.5566
G1 X160.2240 Y136.2856 Z85.8303 E0.5565
G1 X160.5385 Y134.9279 Z85.834 E0.5564
G1 X160.7958 Y133.5584 Z85.8377 E0.5564
G1 X160.9955 Y132.1795 Z85.8414 E0.5563
G1 X161.1373 Y130.7936 Z85.8451 E0.5562
G1 X161.2209 Y129.4032 Z85.8487 E0.5562
G1 X161.2462 Y128.0106 Z85.8524 E0.5561
G1 X161.2131 Y126.6184 Z85.856 E0.5561
G1 X161.1218 Y125.2289 Z85.8596 E0.556
G1 X160.9723 Y123.8446 Z85.8632 E0.5559
G1 X160.7650 Y122.4680 Z85.8668 E0.5559
G1 X160.5004 Y121.1014 Z85.8704 E0.5558
G1 X160.1787 Y119.7473 Z85.874 E0.5557
G1 X159.8007 Y118.4080 Z85.8776 E0.5557
G1 X159.3669 Y117.0858 Z85.8812 E0.5556
G1 X158.8783 Y115.7831 Z85.8848 E0.5555
G1 X158.3356 Y114.5022 Z85.8884 E0.5555
G1 X157.7397 Y113.2453 Z85.892 E0.5554
G1 X157.0919 Y112.0145 Z85.8957 E0.5553
G1 X156.3932 Y110.8122 Z85.8993 E0.5553
G1 X155.6448 Y109.6402 Z85.9029 E0.5552
G1 X154.8481 Y108.5008 Z85.9065 E0.5551
G1 X154.0044 Y107.3959 Z85.91 E0.5551
G1 X153.1154 Y106.3274 Z85.9137 E0.555
G1 X152.1825 Y105.2972 Z85.9173 E0.5549
G1 X151.2074 Y104.3071 Z85.9209 E0.5549
G1 X150.1918 Y103.3588 Z85.9245 E0.5548
G1 X149.1375 Y102.4539 Z85.9281 E0.5547
G1 X148.0464 Y101.5941 Z85.9316 E0.5546
G1 X146.9203 Y100.7809 Z85.9352 E0.5546
G1 X145.7613 Y100.0156 Z85.9389 E0.5545
G1 X144.5715 Y99.2996 Z85.9425 E0.5545
G1 X143.3528 Y98.6341 Z85.9461 E0.5544
G1 X142.1075 Y98.0203 Z85.9497 E0.5543
G1 X140.8377 Y97.4593 Z85.9533 E0.5543
G1 X139.5458 Y96.9520 Z85.9569 E0.5542
G1 X138.2338 Y96.4993 Z85.9605 E0.5541
G1 X136.9042 Y96.1020 Z85.9641 E0.5541
G1 X135.5593 Y95.7607 Z85.9677 E0.554
G1 X134.2014 Y95.4761 Z85.9713 E0.5539
G1 X132.8330 Y95.2487 Z85.9749 E0.5539
G1 X131.4564 Y95.0787 Z85.9785 E0.5538
G1 X130.0741 Y94.9666 Z85.9821 E0.5537
G1 X128.6885 Y94.9125 Z85.9857 E0.5537
G1 X127.3019 Y94.9164 Z85.9893 E0.5536
G1 X125.9169 Y94.9784 Z85.9929 E0.5535
G1 X124.5359 Y95.0983 Z85.9965 E0.5535
G1 X123.1613 Y95.2759 Z86.0001 E0.5534
G1 X121.7955 Y95.5109 Z86.0037 E0.5533
G1 X120.4409 Y95.8029 Z86.0073 E0.5533
G1 X119.0999 Y96.1513 Z86.0109 E0.5532
G1 X117.7747 Y96.5554 Z86.0145 E0.5531
G1 X116.4679 Y97.0147 Z86.0181 E0.5531
G1 X115.1815 Y97.5282 Z86.0217 E0.553
G1 X113.9180 Y98.0951 Z86.0253 E0.5529
G1 X112.6794 Y98.7143 Z86.0289 E0.5529
G1 X111.4680 Y99.3848 Z86.0325 E0.5528
G1 X110.2859 Y100.1053 Z86.0361 E0.5527
G1 X109.1351 Y100.8746 Z86.0397 E0.5527
G1 X108.0177 Y101.6913 Z86.0433 E0.5526
G1 X106.9356 Y102.5540 Z86.0469 E0.5525
G1 X105.8907 Y103.4612 Z86.0505 E0.5525
G1 X104.8848 Y104.4111 Z86.0541 E0.5524
G1 X103.9197 Y105.4023 Z86.0577 E0.5523
G1 X102.9971 Y106.4329 Z86.0613 E0.5523
G1 X102.1185 Y107.5011 Z86.0649 E0.5522
G1 X101.2856 Y108.6050 Z86.0685 E0.5521
G1 X100.4996 Y109.7426 Z86.0721 E0.5521
G1 X99.7621 Y110.9121 Z86.0757 E0.552
G1 X99.0744 Y112.1113 Z86.0793 E0.5519
G1 X98.4375 Y113.3380 Z86.0829 E0.5519
G1 X97.8526 Y114.5903 Z86.0865 E0.5518
G1 X97.3207 Y115.8657 Z86.0901 E0.5517
G1 X96.8427 Y117.1622 Z86.0937 E0.5517
G1 X96.4195 Y118.4774 Z86.0973 E0.5516
G1 X96.0518 Y119.8090 Z86.1009 E0.5515
G1 X95.7402 Y121.1546 Z86.1045 E0.5515
G1 X95.4853 Y122.5120 Z86.1081 E0.5514
G1 X95.2875 Y123.8787 Z86.1117 E0.5513
G1 X95.1471 Y125.2523 Z86.1153 E0.5513
G1 X95.0643 Y126.6304 Z86.1189 E0.5512
G1 X95.0393 Y128.0106 Z86.1225 E0.5512
G1 X95.0722 Y129.3905 Z86.1261 E0.5511
G1 X95.1628 Y130.7676 Z86.1297 E0.551
G1 X95.3109 Y132.1396 Z86.1333 E0.5509
G1 X95.5164 Y133.5040 Z86.1369 E0.5509
G1 X95.7788 Y134.8584 Z86.1405 E0.5508
G1 X96.0976 Y136.2005 Z86.1441 E0.5508
G1 X96.4723 Y137.5279 Z86.1477 E0.5507
G1 X96.9022 Y138.8383 Z86.1513 E0.5506
G1 X97.3866 Y140.1294 Z86.1549 E0.5506
G1 X97.9245 Y141.3989 Z86.1585 E0.5505
G1 X98.5150 Y142.6447 Z86.1621 E0.5504
G1 X99.1571 Y143.8644 Z86.1657 E0.5504
G1 X99.8497 Y145.0561 Z86.1693 E0.5503
G1 X100.5915 Y146.2176 Z86.1729 E0.5502
G1 X101.3811 Y147.3468 Z86.1765 E0.5502
G1 X102.2173 Y148.4419 Z86.1801 E0.5501
G1 X103.0984 Y149.5009 Z86.1837 E0.55
G1 X104.0231 Y150.5219 Z86.1873 E0.55
G1 X104.9895 Y151.5032 Z86.1909 E0.5499
G1 X105.9961 Y152.4430 Z86.1945 E0.5498
G1 X107.0410 Y153.3398 Z86.1981 E0.5498
G1 X108.1225 Y154.1919 Z86.2017 E0.5497
G1 X109.2385 Y154.9979 Z86.2053 E0.5496
G1 X110.3872 Y155.7563 Z86.2089 E0.5496
G1 X111.5665 Y156.4659 Z86.2125 E0.5495
G1 X112.7743 Y157.1254 Z86.2161 E0.5494
G1 X114.0085 Y157.7337 Z86.2197 E0.5494
G1 X115.2670 Y158.2897 Z86.2233 E0.5493
G1 X116.5475 Y158.7925 Z86.2269 E0.5492
G1 X117.8477 Y159.2411 Z86.2305 E0.5492
G1 X119.1655 Y159.6349 Z86.2341 E0.5491
G1 X120.4984 Y159.9730 Z86.2377 E0.5491
G1 X121.8442 Y160.2551 Z86.2413 E0.549
G1 X123.2004 Y160.4805 Z86.2449 E0.5489
G1 X124.5647 Y160.6488 Z86.2485 E0.5489
G1 X125.9347 Y160.7599 Z86.2521 E0.5488
G1 X127.3080 Y160.8136 Z86.2557 E0.5487
G1 X128.6822 Y160.8096 Z86.2593 E0.5487
G1 X130.0548 Y160.7481 Z86.2629 E0.5486
G1 X131.4235 Y160.6293 Z86.2665 E0.5485
G1 X132.7858 Y160.4532 Z86.2701 E0.5485
G1 X134.1395 Y160.2203 Z86.2737 E0.5484
G1 X135.4820 Y159.9309 Z86.2773 E0.5483
G1 X136.8110 Y159.5856 Z86.2809 E0.5483
G1 X138.1243 Y159.1850 Z86.2845 E0.5482
G1 X139.4195 Y158.7298 Z86.2881 E0.5481
G1 X140.6943 Y158.2208 Z86.2917 E0.5481
G1 X141.9466 Y157.6589 Z86.2953 E0.548
G1 X143.1741 Y157.0452 Z86.299 E0.5479
G1 X144.3746 Y156.3807 Z86.3026 E0.5479
G1 X145.5461 Y155.6666 Z86.3062 E0.5478
G1 X146.6866 Y154.9041 Z86.3097 E0.5477
G1 X147.7940 Y154.0947 Z86.3133 E0.5477
G1 X148.8664 Y153.2397 Z86.317 E0.5476
G1 X149.9020 Y152.3406 Z86.3206 E0.5475
G1 X150.8989 Y151.3991 Z86.3242 E0.5475
G1 X151.8553 Y150.4168 Z86.3278 E0.5474
G1 X152.7697 Y149.3954 Z86.3314 E0.5473
G1 X153.6404 Y148.3368 Z86.335 E0.5473
G1 X154.4658 Y147.2427 Z86.3386 E0.5472
G1 X155.2447 Y146.1152 Z86.3422 E0.5471
G1 X155.9756 Y144.9562 Z86.3458 E0.5471
G1 X156.6572 Y143.7677 Z86.3494 E0.547
G1 X157.2883 Y142.5519 Z86.353 E0.547
G1 X157.8680 Y141.3109 Z86.3566 E0.5469
G1 X158.3951 Y140.0468 Z86.3602 E0.5468
G1 X158.8687 Y138.7619 Z86.3638 E0.5468
G1 X159.2881 Y137.4585 Z86.3674 E0.5467
G1 X159.6525 Y136.1388 Z86.371 E0.5466
G1 X159.9612 Y134.8052 Z86.3746 E0.5466
G1 X160.2138 Y133.4600 Z86.3782 E0.5465
G1 X160.4099 Y132.1055 Z86.3818 E0.5464
G1 X160.5490 Y130.7442 Z86.3854 E0.5464
G1 X160.6310 Y129.3785 Z86.389 E0.5463
G1 X160.6557 Y128.0106 Z86.3926 E0.5462
G1 X160.6230 Y126.6431 Z86.3961 E0.5462
G1 X160.5331 Y125.2783 Z86.3996 E0.5461
G1 X160.3862 Y123.9187 Z86.4031 E0.546
G1 X160.1825 Y122.5665 Z86.4066 E0.546
G1 X159.9223 Y121.2243 Z86.4101 E0.5459
G1 X159.6062 Y119.8943 Z86.4136 E0.5458
G1 X159.2348 Y118.5788 Z86.4171 E0.5458
G1 X158.8086 Y117.2802 Z86.4207 E0.5457
G1 X158.3285 Y116.0008 Z86.4242 E0.5456
G1 X157.7953 Y114.7427 Z86.4277 E0.5456
G1 X157.2100 Y113.5082 Z86.4312 E0.5455
G1 X156.5736 Y112.2995 Z86.4347 E0.5454
G1 X155.8871 Y111.1186 Z86.4382 E0.5454
G1 X155.1520 Y109.9677 Z86.4417 E0.5453
G1 X154.3693 Y108.8487 Z86.4453 E0.5452
G1 X153.5406 Y107.7635 Z86.4488 E0.5452
G1 X152.6673 Y106.7142 Z86.4523 E0.5451
G1 X151.7509 Y105.7024 Z86.4558 E0.545
G1 X150.7931 Y104.7301 Z86.4593 E0.5449
G1 X149.7956 Y103.7988 Z86.4628 E0.5449
G1 X148.7600 Y102.9102 Z86.4663 E0.5448
G1 X147.6882 Y102.0659 Z86.4698 E0.5448
G1 X146.5822 Y101.2673 Z86.4733 E0.5447
G1 X145.4439 Y100.5158 Z86.4769 E0.5446
G1 X144.2752 Y99.8127 Z86.4804 E0.5446
G1 X143.0783 Y99.1593 Z86.4839 E0.5445
G1 X141.8551 Y98.5566 Z86.4874 E0.5444
G1 X140.6080 Y98.0058 Z86.4909 E0.5443
G1 X139.3391 Y97.5077 Z86.4944 E0.5443
G1 X138.0506 Y97.0632 Z86.4979 E0.5442
G1 X136.7447 Y96.6731 Z86.5014 E0.5441
G1 X135.4239 Y96.3381 Z86.5049 E0.5441
G1 X134.0903 Y96.0588 Z86.5085 E0.544
G1 X132.7463 Y95.8356 Z86.512 E0.5439
G1 X131.3944 Y95.6688 Z86.5155 E0.5439
G1 X130.0368 Y95.5589 Z86.519 E0.5438
G1 X128.6760 Y95.5058 Z86.5225 E0.5437
G1 X127.3144 Y95.5099 Z86.526 E0.5437
G1 X125.9542 Y95.5709 Z86.5295 E0.5436
G1 X124.5980 Y95.6888 Z86.533 E0.5435
G1 X123.2481 Y95.8634 Z86.5365 E0.5435
G1 X121.9068 Y96.0943 Z86.5401 E0.5434
G1 X120.5765 Y96.3812 Z86.5436 E0.5433
G1 X119.2596 Y96.7234 Z86.5471 E0.5433
G1 X117.9583 Y97.1205 Z86.5506 E0.5432
G1 X116.6750 Y97.5717 Z86.5541 E0.5431
G1 X115.4118 Y98.0761 Z86.5576 E0.5431
G1 X114.1711 Y98.6329 Z86.5611 E0.543
G1 X112.9548 Y99.2412 Z86.5646 E0.5429
G1 X111.7653 Y99.8997 Z86.5682 E0.5429
G1 X110.6045 Y100.6074 Z86.5717 E0.5428
G1 X109.4745 Y101.3630 Z86.5752 E0.5427
G1 X108.3773 Y102.1651 Z86.5787 E0.5426
G1 X107.3148 Y103.0124 Z86.5822 E0.5426
G1 X106.2888 Y103.9033 Z86.5857 E0.5425
G1 X105.3012 Y104.8363 Z86.5892 E0.5424
G1 X104.3536 Y105.8097 Z86.5927 E0.5424
G1 X103.4477 Y106.8218 Z86.5963 E0.5423
G1 X102.5850 Y107.8708 Z86.5998 E0.5422
G1 X101.7672 Y108.9549 Z86.6033 E0.5422
G1 X100.9956 Y110.0721 Z86.6068 E0.5421
G1 X100.2715 Y111.2206 Z86.6103 E0.542
G1 X99.5963 Y112.3982 Z86.6138 E0.542
G1 X98.9710 Y113.6029 Z86.6173 E0.5419
G1 X98.3968 Y114.8326 Z86.6208 E0.5418
G1 X97.8747 Y116.0851 Z86.6243 E0.5418
G1 X97.4055 Y117.3582 Z86.6279 E0.5417
G1 X96.9901 Y118.6496 Z86.6314 E0.5416
G1 X96.6292 Y119.9572 Z86.6349 E0.5416
G1 X96.3234 Y121.2786 Z86.6384 E0.5415
G1 X96.0732 Y122.6114 Z86.6419 E0.5414
G1 X95.8791 Y123.9534 Z86.6454 E0.5414
G1 X95.7414 Y125.3022 Z86.6489 E0.5413
G1 X95.6603 Y126.6554 Z86.6524 E0.5412
G1 X95.6359 Y128.0106 Z86.6559 E0.5412
G1 X95.6683 Y129.3655 Z86.6595 E0.5411
G1 X95.7574 Y130.7177 Z86.663 E0.541
G1 X95.9030 Y132.0648 Z86.6665 E0.541
G1 X96.1049 Y133.4044 Z86.67 E0.5409
G1 X96.3627 Y134.7343 Z86.6735 E0.5408
G1 X96.6759 Y136.0520 Z86.677 E0.5408
G1 X97.0439 Y137.3553 Z86.6805 E0.5407
G1 X97.4662 Y138.6419 Z86.684 E0.5406
G1 X97.9419 Y139.9095 Z86.6876 E0.5406
G1 X98.4702 Y141.1560 Z86.6911 E0.5405
G1 X99.0501 Y142.3790 Z86.6946 E0.5404
G1 X99.6807 Y143.5766 Z86.6981 E0.5404
G1 X100.3608 Y144.7465 Z86.7016 E0.5403
G1 X101.0893 Y145.8868 Z86.7051 E0.5402
G1 X101.8647 Y146.9955 Z86.7086 E0.5402
G1 X102.6858 Y148.0706 Z86.7121 E0.5401
G1 X103.5510 Y149.1102 Z86.7156 E0.54
G1 X104.4590 Y150.1126 Z86.7192 E0.54
G1 X105.4079 Y151.0759 Z86.7227 E0.5399
G1 X106.3963 Y151.9985 Z86.7262 E0.5398
G1 X107.4223 Y152.8789 Z86.7297 E0.5398
G1 X108.4842 Y153.7153 Z86.7332 E0.5397
G1 X109.5800 Y154.5065 Z86.7367 E0.5396
G1 X110.7078 Y155.2510 Z86.7402 E0.5396
G1 X111.8657 Y155.9476 Z86.7437 E0.5395
G1 X113.0516 Y156.5950 Z86.7472 E0.5394
G1 X114.2634 Y157.1920 Z86.7508 E0.5394
G1 X115.4990 Y157.7377 Z86.7543 E0.5393
G1 X116.7562 Y158.2312 Z86.7578 E0.5392
G1 X118.0328 Y158.6715 Z86.7613 E0.5392
G1 X119.3266 Y159.0579 Z86.7648 E0.5391
G1 X120.6352 Y159.3898 Z86.7683 E0.539
G1 X121.9565 Y159.6665 Z86.7718 E0.539
G1 X123.2879 Y159.8876 Z86.7753 E0.5389
G1 X124.6274 Y160.0528 Z86.7789 E0.5388
G1 X125.9724 Y160.1617 Z86.7824 E0.5388
G1 X127.3206 Y160.2142 Z86.7859 E0.5387
G1 X128.6696 Y160.2102 Z86.7894 E0.5386
G1 X130.0172 Y160.1497 Z86.7929 E0.5386
G1 X131.3608 Y160.0328 Z86.7964 E0.5385
G1 X132.6982 Y159.8598 Z86.7999 E0.5384
G1 X134.0271 Y159.6310 Z86.8034 E0.5384
G1 X135.3450 Y159.3467 Z86.8069 E0.5383
G1 X136.6497 Y159.0076 Z86.8105 E0.5382
G1 X137.9388 Y158.6142 Z86.814 E0.5382
G1 X139.2103 Y158.1672 Z86.8175 E0.5381
G1 X140.4617 Y157.6674 Z86.821 E0.538
G1 X141.6910 Y157.1157 Z86.8245 E0.538
G1 X142.8959 Y156.5131 Z86.828 E0.5379
G1 X144.0743 Y155.8606 Z86.8315 E0.5378
G1 X145.2243 Y155.1595 Z86.8351 E0.5378
G1 X146.3438 Y154.4109 Z86.8386 E0.5377
G1 X147.4308 Y153.6162 Z86.8421 E0.5376
G1 X148.4834 Y152.7767 Z86.8456 E0.5376
G1 X149.4999 Y151.8940 Z86.8491 E0.5375
G1 X150.4783 Y150.9697 Z86.8526 E0.5374
G1 X151.4171 Y150.0053 Z86.8561 E0.5374
G1 X152.3146 Y149.0026 Z86.8596 E0.5373
G1 X153.1692 Y147.9633 Z86.8631 E0.5372
G1 X153.9794 Y146.8893 Z86.8666 E0.5372
G1 X154.7438 Y145.7824 Z86.8702 E0.5371
G1 X155.4611 Y144.6446 Z86.8737 E0.537
G1 X156.1300 Y143.4779 Z86.8772 E0.537
G1 X156.7494 Y142.2844 Z86.8807 E0.5369
G1 X157.3183 Y141.0661 Z86.8842 E0.5368
G1 X157.8355 Y139.8253 Z86.8877 E0.5368
G1 X158.3003 Y138.5640 Z86.8912 E0.5367
G1 X158.7118 Y137.2845 Z86.8947 E0.5366
G1 X159.0693 Y135.9891 Z86.8982 E0.5366
G1 X159.3722 Y134.6800 Z86.9018 E0.5365
G1 X159.6200 Y133.3596 Z86.9053 E0.5364
G1 X159.8123 Y132.0301 Z86.9088 E0.5364
G1 X159.9487 Y130.6938 Z86.9123 E0.5363
G1 X160.0290 Y129.3532 Z86.9158 E0.5362
G1 X160.0531 Y128.0106 Z86.9193 E0.5362
G1 X160.0209 Y126.6683 Z86.9227 E0.5361
G1 X159.9326 Y125.3288 Z86.9262 E0.536
G1 X159.7882 Y123.9942 Z86.9296 E0.536
G1 X159.5881 Y122.6671 Z86.933 E0.5359
G1 X159.3326 Y121.3496 Z86.9364 E0.5358
G1 X159.0222 Y120.0442 Z86.9399 E0.5358
G1 X158.6575 Y118.7531 Z86.9433 E0.5357
G1 X158.2390 Y117.4786 Z86.9467 E0.5356
G1 X157.7677 Y116.2228 Z86.9501 E0.5355
G1 X157.2442 Y114.9881 Z86.9536 E0.5355
G1 X156.6696 Y113.7765 Z86.957 E0.5354
G1 X156.0448 Y112.5902 Z86.9604 E0.5353
G1 X155.3709 Y111.4313 Z86.9639 E0.5353
G1 X154.6492 Y110.3017 Z86.9673 E0.5352
G1 X153.8810 Y109.2035 Z86.9707 E0.5351
G1 X153.0675 Y108.1385 Z86.9741 E0.5351
G1 X152.2102 Y107.1087 Z86.9776 E0.535
G1 X151.3107 Y106.1158 Z86.981 E0.5349
G1 X150.3706 Y105.1616 Z86.9844 E0.5349
G1 X149.3914 Y104.2477 Z86.9878 E0.5348
G1 X148.3749 Y103.3757 Z86.9912 E0.5347
G1 X147.3230 Y102.5471 Z86.9947 E0.5346
G1 X146.2374 Y101.7635 Z86.9981 E0.5346
G1 X145.1201 Y101.0260 Z87.0015 E0.5345
G1 X143.9730 Y100.3361 Z87.005 E0.5344
G1 X142.7982 Y99.6950 Z87.0084 E0.5344
G1 X141.5977 Y99.1036 Z87.0118 E0.5343
G1 X140.3737 Y98.5631 Z87.0152 E0.5342
G1 X139.1283 Y98.0744 Z87.0187 E0.5342
G1 X137.8637 Y97.6384 Z87.0221 E0.5341
G1 X136.5821 Y97.2557 Z87.0255 E0.534
G1 X135.2857 Y96.9271 Z87.0289 E0.534
G1 X133.9769 Y96.6531 Z87.0323 E0.5339
G1 X132.6580 Y96.4341 Z87.0358 E0.5338
G1 X131.3312 Y96.2706 Z87.0392 E0.5338
G1 X129.9988 Y96.1629 Z87.0426 E0.5337
G1 X128.6633 Y96.1110 Z87.0461 E0.5336
G1 X127.3270 Y96.1151 Z87.0495 E0.5335
G1 X125.9922 Y96.1751 Z87.0529 E0.5335
G1 X124.6613 Y96.2910 Z87.0563 E0.5334
G1 X123.3365 Y96.4625 Z87.0597 E0.5333
G1 X122.0203 Y96.6892 Z87.0632 E0.5333
G1 X120.7148 Y96.9709 Z87.0666 E0.5332
G1 X119.4225 Y97.3069 Z87.07 E0.5331
G1 X118.1456 Y97.6967 Z87.0734 E0.5331
G1 X116.8862 Y98.1396 Z87.0769 E0.533
G1 X115.6467 Y98.6348 Z87.0803 E0.5329
G1 X114.4291 Y99.1813 Z87.0837 E0.5329
G1 X113.2357 Y99.7783 Z87.0871 E0.5328
G1 X112.0684 Y100.4247 Z87.0906 E0.5327
G1 X110.9294 Y101.1193 Z87.094 E0.5327
G1 X109.8206 Y101.8609 Z87.0974 E0.5326
G1 X108.7440 Y102.6482 Z87.1009 E0.5325
G1 X107.7014 Y103.4797 Z87.1043 E0.5325
G1 X106.6947 Y104.3541 Z87.1077 E0.5324
G1 X105.7256 Y105.2697 Z87.1111 E0.5323
G1 X104.7959 Y106.2250 Z87.1146 E0.5322
G1 X103.9070 Y107.2183 Z87.118 E0.5322
G1 X103.0607 Y108.2478 Z87.1214 E0.5321
G1 X102.2583 Y109.3117 Z87.1248 E0.532
G1 X101.5012 Y110.4081 Z87.1283 E0.532
G1 X100.7908 Y111.5351 Z87.1317 E0.5319
G1 X100.1284 Y112.6907 Z87.1351 E0.5318
G1 X99.5149 Y113.8729 Z87.1385 E0.5318
G1 X98.9516 Y115.0796 Z87.142 E0.5317
G1 X98.4394 Y116.3087 Z87.1454 E0.5316
G1 X97.9792 Y117.5579 Z87.1488 E0.5316
G1 X97.5717 Y118.8252 Z87.1522 E0.5315
G1 X97.2177 Y120.1083 Z87.1557 E0.5314
G1 X96.9178 Y121.4049 Z87.1591 E0.5314
G1 X96.6725 Y122.7128 Z87.1625 E0.5313
G1 X96.4822 Y124.0296 Z87.1659 E0.5312
G1 X96.3472 Y125.3530 Z87.1694 E0.5311
G1 X96.2677 Y126.6808 Z87.1728 E0.5311
G1 X96.2440 Y128.0106 Z87.1762 E0.531
G1 X96.2759 Y129.3400 Z87.1796 E0.5309
G1 X96.3635 Y130.6668 Z87.1831 E0.5309
G1 X96.5065 Y131.9885 Z87.1865 E0.5308
G1 X96.7047 Y133.3030 Z87.1899 E0.5307
G1 X96.9578 Y134.6078 Z87.1933 E0.5307
G1 X97.2653 Y135.9007 Z87.1968 E0.5306
G1 X97.6265 Y137.1794 Z87.2002 E0.5305
G1 X98.0410 Y138.4417 Z87.2036 E0.5305
G1 X98.5079 Y139.6854 Z87.207 E0.5304
G1 X99.0264 Y140.9083 Z87.2104 E0.5303
G1 X99.5956 Y142.1083 Z87.2139 E0.5303
G1 X100.2144 Y143.2832 Z87.2173 E0.5302
G1 X100.8818 Y144.4310 Z87.2207 E0.5301
G1 X101.5966 Y145.5498 Z87.2242 E0.5301
G1 X102.3575 Y146.6374 Z87.2276 E0.53
G1 X103.1633 Y147.6921 Z87.231 E0.5299
G1 X104.0123 Y148.7120 Z87.2344 E0.5299
G1 X104.9032 Y149.6954 Z87.2379 E0.5298
G1 X105.8344 Y150.6404 Z87.2413 E0.5297
G1 X106.8042 Y151.5455 Z87.2447 E0.5296
G1 X107.8109 Y152.4091 Z87.2481 E0.5296
G1 X108.8528 Y153.2297 Z87.2516 E0.5295
G1 X109.9280 Y154.0058 Z87.255 E0.5294
G1 X111.0346 Y154.7361 Z87.2584 E0.5294
G1 X112.1707 Y155.4194 Z87.2618 E0.5293
G1 X113.3342 Y156.0544 Z87.2653 E0.5292
G1 X114.5232 Y156.6400 Z87.2687 E0.5292
G1 X115.7355 Y157.1752 Z87.2721 E0.5291
G1 X116.9689 Y157.6592 Z87.2755 E0.529
G1 X118.2214 Y158.0910 Z87.279 E0.529
G1 X119.4907 Y158.4700 Z87.2824 E0.5289
G1 X120.7746 Y158.7954 Z87.2858 E0.5288
G1 X122.0709 Y159.0668 Z87.2892 E0.5288
G1 X123.3771 Y159.2836 Z87.2927 E0.5287
G1 X124.6912 Y159.4454 Z87.2961 E0.5286
G1 X126.0107 Y159.5521 Z87.2995 E0.5286
G1 X127.3334 Y159.6035 Z87.3029 E0.5285
G1 X128.6568 Y159.5994 Z87.3064 E0.5284
G1 X129.9788 Y159.5399 Z87.3098 E0.5284
G1 X131.2969 Y159.4251 Z87.3132 E0.5283
G1 X132.6089 Y159.2552 Z87.3166 E0.5282
G1 X133.9125 Y159.0306 Z87.3201 E0.5282
G1 X135.2054 Y158.7516 Z87.3235 E0.5281
G1 X136.4852 Y158.4188 Z87.3269 E0.528
G1 X137.7499 Y158.0327 Z87.3303 E0.5279
G1 X138.9971 Y157.5940 Z87.3338 E0.5279
G1 X140.2247 Y157.1036 Z87.3372 E0.5278
G1 X141.4305 Y156.5623 Z87.3406 E0.5277
G1 X142.6125 Y155.9710 Z87.344 E0.5277
G1 X143.7684 Y155.3308 Z87.3475 E0.5276
G1 X144.8965 Y154.6429 Z87.3509 E0.5275
G1 X145.9946 Y153.9084 Z87.3543 E0.5275
G1 X147.0608 Y153.1287 Z87.3577 E0.5274
G1 X148.0933 Y152.3051 Z87.3612 E0.5273
G1 X149.0903 Y151.4391 Z87.3646 E0.5273
G1 X150.0500 Y150.5323 Z87.368 E0.5272
G1 X150.9708 Y149.5862 Z87.3714 E0.5271
G1 X151.8510 Y148.6024 Z87.3749 E0.5271
G1 X152.6892 Y147.5829 Z87.3783 E0.527
G1 X153.4838 Y146.5292 Z87.3817 E0.5269
G1 X154.2335 Y145.4434 Z87.3851 E0.5269
G1 X154.9370 Y144.3272 Z87.3886 E0.5268
G1 X155.5931 Y143.1827 Z87.392 E0.5267
G1 X156.2005 Y142.0119 Z87.3954 E0.5267
G1 X156.7584 Y140.8168 Z87.3988 E0.5266
G1 X157.2656 Y139.5996 Z87.4023 E0.5265
G1 X157.7213 Y138.3624 Z87.4057 E0.5265
G1 X158.1248 Y137.1073 Z87.4091 E0.5264
G1 X158.4754 Y135.8366 Z87.4125 E0.5263
G1 X158.7724 Y134.5525 Z87.416 E0.5263
G1 X159.0153 Y133.2573 Z87.4194 E0.5262
G1 X159.2037 Y131.9532 Z87.4228 E0.5261
G1 X159.3374 Y130.6425 Z87.4262 E0.5261
G1 X159.4160 Y129.3275 Z87.4297 E0.526
G1 X159.4395 Y128.0106 Z87.4331 E0.5259
G1 X159.4077 Y126.6940 Z87.4364 E0.5258
G1 X159.3209 Y125.3801 Z87.4398 E0.5258
G1 X159.1792 Y124.0712 Z87.4431 E0.5257
G1 X158.9827 Y122.7695 Z87.4464 E0.5256
G1 X158.7320 Y121.4773 Z87.4498 E0.5256
G1 X158.4274 Y120.1969 Z87.4531 E0.5255
G1 X158.0695 Y118.9306 Z87.4565 E0.5254
G1 X157.6590 Y117.6806 Z87.4598 E0.5253
G1 X157.1966 Y116.4490 Z87.4632 E0.5253
G1 X156.6830 Y115.2380 Z87.4665 E0.5252
G1 X156.1192 Y114.0497 Z87.4698 E0.5251
G1 X155.5063 Y112.8862 Z87.4732 E0.5251
G1 X154.8453 Y111.7496 Z87.4765 E0.525
G1 X154.1373 Y110.6418 Z87.4799 E0.5249
G1 X153.3837 Y109.5648 Z87.4832 E0.5249
G1 X152.5857 Y108.5204 Z87.4865 E0.5248
G1 X151.7448 Y107.5104 Z87.4899 E0.5247
G1 X150.8625 Y106.5367 Z87.4932 E0.5246
G1 X149.9403 Y105.6010 Z87.4966 E0.5246
G1 X148.9798 Y104.7047 Z87.4999 E0.5245
G1 X147.9828 Y103.8496 Z87.5033 E0.5244
G1 X146.9510 Y103.0371 Z87.5066 E0.5244
G1 X145.8863 Y102.2687 Z87.5099 E0.5243
G1 X144.7904 Y101.5456 Z87.5133 E0.5242
G1 X143.6653 Y100.8691 Z87.5166 E0.5242
G1 X142.5131 Y100.2404 Z87.52 E0.5241
G1 X141.3357 Y99.6605 Z87.5233 E0.524
G1 X140.1352 Y99.1306 Z87.5266 E0.5239
G1 X138.9137 Y98.6515 Z87.53 E0.5239
G1 X137.6734 Y98.2239 Z87.5333 E0.5238
G1 X136.4165 Y97.8488 Z87.5367 E0.5237
G1 X135.1451 Y97.5266 Z87.54 E0.5237
G1 X133.8615 Y97.2581 Z87.5434 E0.5236
G1 X132.5680 Y97.0435 Z87.5467 E0.5235
G1 X131.2668 Y96.8833 Z87.55 E0.5235
G1 X129.9601 Y96.7778 Z87.5534 E0.5234
G1 X128.6504 Y96.7270 Z87.5567 E0.5233
G1 X127.3399 Y96.7312 Z87.5601 E0.5232
G1 X126.0309 Y96.7902 Z87.5634 E0.5232
G1 X124.7257 Y96.9040 Z87.5667 E0.5231
G1 X123.4266 Y97.0723 Z87.5701 E0.523
G1 X122.1358 Y97.2948 Z87.5734 E0.523
G1 X120.8556 Y97.5712 Z87.5768 E0.5229
G1 X119.5884 Y97.9009 Z87.5801 E0.5228
G1 X118.3362 Y98.2833 Z87.5834 E0.5228
G1 X117.1012 Y98.7177 Z87.5868 E0.5227
G1 X115.8857 Y99.2035 Z87.5901 E0.5226
G1 X114.6918 Y99.7396 Z87.5935 E0.5225
G1 X113.5215 Y100.3251 Z87.5968 E0.5225
G1 X112.3770 Y100.9591 Z87.6002 E0.5224
G1 X111.2601 Y101.6404 Z87.6035 E0.5223
G1 X110.1729 Y102.3677 Z87.6068 E0.5223
G1 X109.1172 Y103.1399 Z87.6102 E0.5222
G1 X108.0949 Y103.9554 Z87.6135 E0.5221
G1 X107.1079 Y104.8129 Z87.6169 E0.5221
G1 X106.1577 Y105.7109 Z87.6202 E0.522
G1 X105.2460 Y106.6478 Z87.6235 E0.5219
G1 X104.3746 Y107.6219 Z87.6269 E0.5218
G1 X103.5448 Y108.6315 Z87.6302 E0.5218
G1 X102.7580 Y109.6748 Z87.6336 E0.5217
G1 X102.0158 Y110.7500 Z87.6369 E0.5216
G1 X101.3194 Y111.8552 Z87.6402 E0.5216
G1 X100.6699 Y112.9884 Z87.6436 E0.5215
G1 X100.0685 Y114.1477 Z87.6469 E0.5214
G1 X99.5163 Y115.3310 Z87.6503 E0.5214
G1 X99.0142 Y116.5362 Z87.6536 E0.5213
G1 X98.5630 Y117.7613 Z87.657 E0.5212
G1 X98.1636 Y119.0039 Z87.6603 E0.5211
G1 X97.8167 Y120.2621 Z87.6636 E0.5211
G1 X97.5227 Y121.5335 Z87.667 E0.521
G1 X97.2823 Y122.8159 Z87.6703 E0.5209
G1 X97.0959 Y124.1071 Z87.6737 E0.5209
G1 X96.9637 Y125.4048 Z87.677 E0.5208
G1 X96.8859 Y126.7067 Z87.6804 E0.5207
G1 X96.8628 Y128.0106 Z87.6837 E0.5207
G1 X96.8942 Y129.3141 Z87.687 E0.5206
G1 X96.9802 Y130.6150 Z87.6904 E0.5205
G1 X97.1206 Y131.9110 Z87.6937 E0.5205
G1 X97.3152 Y133.1997 Z87.6971 E0.5204
G1 X97.5634 Y134.4791 Z87.7004 E0.5203
G1 X97.8650 Y135.7467 Z87.7037 E0.5202
G1 X98.2194 Y137.0004 Z87.7071 E0.5202
G1 X98.6259 Y138.2381 Z87.7104 E0.5201
G1 X99.0838 Y139.4574 Z87.7138 E0.52
G1 X99.5923 Y140.6564 Z87.7171 E0.52
G1 X100.1505 Y141.8328 Z87.7204 E0.5199
G1 X100.7574 Y142.9847 Z87.7238 E0.5198
G1 X101.4119 Y144.1100 Z87.7271 E0.5198
G1 X102.1128 Y145.2068 Z87.7305 E0.5197
G1 X102.8590 Y146.2731 Z87.7338 E0.5196
G1 X103.6491 Y147.3071 Z87.7372 E0.5196
G1 X104.4816 Y148.3069 Z87.7405 E0.5195
G1 X105.3552 Y149.2709 Z87.7438 E0.5194
G1 X106.2683 Y150.1974 Z87.7472 E0.5193
G1 X107.2192 Y151.0846 Z87.7505 E0.5193
G1 X108.2063 Y151.9312 Z87.7539 E0.5192
G1 X109.2279 Y152.7356 Z87.7572 E0.5191
G1 X110.2821 Y153.4964 Z87.7605 E0.5191
G1 X111.3671 Y154.2123 Z87.7639 E0.519
G1 X112.4809 Y154.8820 Z87.7672 E0.5189
G1 X113.6217 Y155.5044 Z87.7706 E0.5189
G1 X114.7874 Y156.0784 Z87.7739 E0.5188
G1 X115.9760 Y156.6030 Z87.7773 E0.5187
G1 X117.1853 Y157.0774 Z87.7806 E0.5186
G1 X118.4133 Y157.5006 Z87.7839 E0.5186
G1 X119.6577 Y157.8720 Z87.7873 E0.5185
G1 X120.9164 Y158.1908 Z87.7906 E0.5184
G1 X122.1872 Y158.4567 Z87.794 E0.5184
G1 X123.4679 Y158.6691 Z87.7973 E0.5183
G1 X124.7561 Y158.8277 Z87.8006 E0.5182
G1 X126.0497 Y158.9321 Z87.804 E0.5182
G1 X127.3464 Y158.9823 Z87.8073 E0.5181
G1 X128.6438 Y158.9781 Z87.8107 E0.518
G1 X129.9398 Y158.9197 Z87.814 E0.518
G1 X131.2320 Y158.8070 Z87.8174 E0.5179
G1 X132.5181 Y158.6403 Z87.8207 E0.5178
G1 X133.7960 Y158.4199 Z87.824 E0.5178
G1 X135.0634 Y158.1463 Z87.8274 E0.5177
G1 X136.3180 Y157.8199 Z87.8307 E0.5176
G1 X137.5577 Y157.4412 Z87.8341 E0.5176
G1 X138.7803 Y157.0111 Z87.8374 E0.5175
G1 X139.9837 Y156.5302 Z87.8407 E0.5174
G1 X141.1657 Y155.9994 Z87.8441 E0.5173
G1 X142.3242 Y155.4196 Z87.8474 E0.5173
G1 X143.4573 Y154.7919 Z87.8508 E0.5172
G1 X144.5630 Y154.1174 Z87.8541 E0.5171
G1 X145.6394 Y153.3973 Z87.8574 E0.5171
G1 X146.6845 Y152.6329 Z87.8608 E0.517
G1 X147.6965 Y151.8255 Z87.8641 E0.5169
G1 X148.6737 Y150.9765 Z87.8675 E0.5169
G1 X149.6143 Y150.0874 Z87.8708 E0.5168
G1 X150.5168 Y149.1599 Z87.8742 E0.5167
G1 X151.3796 Y148.1955 Z87.8775 E0.5166
G1 X152.2011 Y147.1960 Z87.8808 E0.5166
G1 X152.9798 Y146.1631 Z87.8842 E0.5165
G1 X153.7146 Y145.0986 Z87.8875 E0.5164
G1 X154.4041 Y144.0044 Z87.8909 E0.5164
G1 X155.0470 Y142.8825 Z87.8942 E0.5163
G1 X155.6423 Y141.7348 Z87.8975 E0.5162
G1 X156.1890 Y140.5633 Z87.9009 E0.5162
G1 X156.6860 Y139.3701 Z87.9042 E0.5161
G1 X157.1326 Y138.1574 Z87.9076 E0.516
G1 X157.5280 Y136.9271 Z87.9109 E0.516
G1 X157.8714 Y135.6815 Z87.9142 E0.5159
G1 X158.1624 Y134.4229 Z87.9176 E0.5158
G1 X158.4003 Y133.1533 Z87.9209 E0.5158
G1 X158.5849 Y131.8750 Z87.9243 E0.5157
G1 X158.7157 Y130.5903 Z87.9276 E0.5156
G1 X158.7927 Y129.3014 Z87.9309 E0.5155
G1 X158.8156 Y128.0106 Z87.9343 E0.5155
G1 X158.7843 Y126.7202 Z87.9375 E0.5154
G1 X158.6990 Y125.4323 Z87.9408 E0.5153
G1 X158.5599 Y124.1494 Z87.9441 E0.5153
G1 X158.3673 Y122.8735 Z87.9473 E0.5152
G1 X158.1214 Y121.6071 Z87.9506 E0.5151
G1 X157.8227 Y120.3522 Z87.9538 E0.5151
G1 X157.4718 Y119.1111 Z87.9571 E0.515
G1 X157.0693 Y117.8859 Z87.9604 E0.5149
G1 X156.6159 Y116.6789 Z87.9636 E0.5148
G1 X156.1124 Y115.4920 Z87.9669 E0.5148
G1 X155.5597 Y114.3274 Z87.9701 E0.5147
G1 X154.9588 Y113.1872 Z87.9734 E0.5146
G1 X154.3108 Y112.0733 Z87.9767 E0.5145
G1 X153.6168 Y110.9876 Z87.9799 E0.5145
G1 X152.8781 Y109.9321 Z87.9832 E0.5144
G1 X152.0959 Y108.9086 Z87.9864 E0.5143
G1 X151.2717 Y107.9189 Z87.9897 E0.5143
G1 X150.4068 Y106.9647 Z87.9929 E0.5142
G1 X149.5029 Y106.0476 Z87.9962 E0.5141
G1 X148.5615 Y105.1694 Z87.9995 E0.514
G1 X147.5842 Y104.3315 Z88.0027 E0.514
G1 X146.5729 Y103.5353 Z88.006 E0.5139
G1 X145.5293 Y102.7823 Z88.0092 E0.5138
G1 X144.4552 Y102.0737 Z88.0125 E0.5138
G1 X143.3525 Y101.4108 Z88.0157 E0.5137
G1 X142.2232 Y100.7948 Z88.019 E0.5136
G1 X141.0693 Y100.2267 Z88.0223 E0.5135
G1 X139.8927 Y99.7075 Z88.0255 E0.5135
G1 X138.6956 Y99.2381 Z88.0288 E0.5134
G1 X137.4800 Y98.8192 Z88.032 E0.5133
G1 X136.2481 Y98.4517 Z88.0353 E0.5133
G1 X135.0021 Y98.1361 Z88.0385 E0.5132
G1 X133.7442 Y97.8731 Z88.0418 E0.5131
G1 X132.4765 Y97.6630 Z88.0451 E0.5131
G1 X131.2013 Y97.5061 Z88.0483 E0.513
G1 X129.9208 Y97.4028 Z88.0516 E0.5129
G1 X128.6373 Y97.3533 Z88.0548 E0.5128
G1 X127.3531 Y97.3575 Z88.0581 E0.5128
G1 X126.0703 Y97.4155 Z88.0614 E0.5127
G1 X124.7912 Y97.5271 Z88.0646 E0.5126
G1 X123.5181 Y97.6922 Z88.0679 E0.5126
G1 X122.2532 Y97.9104 Z88.0711 E0.5125
G1 X120.9988 Y98.1814 Z88.0744 E0.5124
G1 X119.7569 Y98.5046 Z88.0777 E0.5123
G1 X118.5299 Y98.8795 Z88.0809 E0.5123
G1 X117.3198 Y99.3054 Z88.0842 E0.5122
G1 X116.1287 Y99.7815 Z88.0874 E0.5121
G1 X114.9588 Y100.3070 Z88.0907 E0.5121
G1 X113.8121 Y100.8809 Z88.0939 E0.512
G1 X112.6906 Y101.5023 Z88.0972 E0.5119
G1 X111.5962 Y102.1700 Z88.1004 E0.5118
G1 X110.5309 Y102.8829 Z88.1037 E0.5118
G1 X109.4966 Y103.6396 Z88.107 E0.5117
G1 X108.4949 Y104.4389 Z88.1102 E0.5116
G1 X107.5278 Y105.2793 Z88.1135 E0.5116
G1 X106.5968 Y106.1593 Z88.1167 E0.5115
G1 X105.7036 Y107.0775 Z88.12 E0.5114
G1 X104.8498 Y108.0320 Z88.1233 E0.5114
G1 X104.0368 Y109.0214 Z88.1265 E0.5113
G1 X103.2660 Y110.0438 Z88.1298 E0.5112
G1 X102.5389 Y111.0975 Z88.133 E0.5111
G1 X101.8565 Y112.1805 Z88.1363 E0.5111
G1 X101.2203 Y113.2910 Z88.1395 E0.511
G1 X100.6312 Y114.4270 Z88.1428 E0.5109
G1 X100.0902 Y115.5865 Z88.1461 E0.5109
G1 X99.5983 Y116.7675 Z88.1493 E0.5108
G1 X99.1564 Y117.9679 Z88.1526 E0.5107
G1 X98.7652 Y119.1856 Z88.1558 E0.5106
G1 X98.4254 Y120.4184 Z88.1591 E0.5106
G1 X98.1375 Y121.6642 Z88.1624 E0.5105
G1 X97.9021 Y122.9208 Z88.1656 E0.5104
G1 X97.7196 Y124.1859 Z88.1689 E0.5104
G1 X97.5902 Y125.4574 Z88.1721 E0.5103
G1 X97.5142 Y126.7331 Z88.1754 E0.5102
G1 X97.4916 Y128.0106 Z88.1786 E0.5101
G1 X97.5226 Y129.2878 Z88.1819 E0.5101
G1 X97.6070 Y130.5624 Z88.1852 E0.51
G1 X97.7447 Y131.8321 Z88.1884 E0.5099
G1 X97.9355 Y133.0948 Z88.1917 E0.5099
G1 X98.1789 Y134.3483 Z88.1949 E0.5098
G1 X98.4745 Y135.5902 Z88.1982 E0.5097
G1 X98.8219 Y136.8185 Z88.2014 E0.5096
G1 X99.2203 Y138.0311 Z88.2047 E0.5096
G1 X99.6691 Y139.2257 Z88.208 E0.5095
G1 X100.1674 Y140.4003 Z88.2112 E0.5094
G1 X100.7144 Y141.5529 Z88.2145 E0.5094
G1 X101.3091 Y142.6814 Z88.2177 E0.5093
G1 X101.9505 Y143.7838 Z88.221 E0.5092
G1 X102.6374 Y144.8583 Z88.2243 E0.5092
G1 X103.3686 Y145.9029 Z88.2275 E0.5091
G1 X104.1427 Y146.9158 Z88.2308 E0.509
G1 X104.9585 Y147.8953 Z88.234 E0.509
G1 X105.8145 Y148.8396 Z88.2373 E0.5089
G1 X106.7091 Y149.7472 Z88.2405 E0.5088
G1 X107.6409 Y150.6163 Z88.2438 E0.5087
G1 X108.6080 Y151.4456 Z88.2471 E0.5087
G1 X109.6090 Y152.2335 Z88.2503 E0.5086
G1 X110.6418 Y152.9787 Z88.2536 E0.5085
G1 X111.7049 Y153.6800 Z88.2568 E0.5085
G1 X112.7962 Y154.3359 Z88.2601 E0.5084
G1 X113.9139 Y154.9456 Z88.2633 E0.5083
G1 X115.0560 Y155.5078 Z88.2666 E0.5082
G1 X116.2204 Y156.0216 Z88.2699 E0.5082
G1 X117.4052 Y156.4862 Z88.2731 E0.5081
G1 X118.6082 Y156.9006 Z88.2764 E0.508
G1 X119.8274 Y157.2643 Z88.2796 E0.508
G1 X121.0605 Y157.5765 Z88.2829 E0.5079
G1 X122.3055 Y157.8369 Z88.2861 E0.5078
G1 X123.5601 Y158.0448 Z88.2894 E0.5078
G1 X124.8221 Y158.1999 Z88.2927 E0.5077
G1 X126.0894 Y158.3021 Z88.2959 E0.5076
G1 X127.3596 Y158.3511 Z88.2992 E0.5075
G1 X128.6306 Y158.3469 Z88.3024 E0.5075
G1 X129.9001 Y158.2895 Z88.3057 E0.5074
G1 X131.1660 Y158.1789 Z88.309 E0.5073
G1 X132.4259 Y158.0155 Z88.3122 E0.5073
G1 X133.6777 Y157.7995 Z88.3155 E0.5072
G1 X134.9192 Y157.5313 Z88.3187 E0.5071
G1 X136.1481 Y157.2114 Z88.322 E0.507
G1 X137.3625 Y156.8403 Z88.3252 E0.507
G1 X138.5601 Y156.4188 Z88.3285 E0.5069
G1 X139.7388 Y155.9476 Z88.3318 E0.5068
G1 X140.8966 Y155.4275 Z88.335 E0.5068
G1 X142.0314 Y154.8594 Z88.3383 E0.5067
G1 X143.1413 Y154.2445 Z88.3415 E0.5066
G1 X144.2243 Y153.5836 Z88.3448 E0.5066
G1 X145.2785 Y152.8781 Z88.3481 E0.5065
G1 X146.3021 Y152.1292 Z88.3513 E0.5064
G1 X147.2934 Y151.3382 Z88.3546 E0.5063
G1 X148.2505 Y150.5064 Z88.3578 E0.5063
G1 X149.1718 Y149.6355 Z88.3611 E0.5062
G1 X150.0557 Y148.7268 Z88.3643 E0.5061
G1 X150.9006 Y147.7821 Z88.3676 E0.5061
G1 X151.7052 Y146.8030 Z88.3709 E0.506
G1 X152.4679 Y145.7911 Z88.3741 E0.5059
G1 X153.1875 Y144.7484 Z88.3774 E0.5059
G1 X153.8627 Y143.6765 Z88.3806 E0.5058
G1 X154.4923 Y142.5776 Z88.3839 E0.5057
G1 X155.0753 Y141.4533 Z88.3872 E0.5056
G1 X155.6106 Y140.3058 Z88.3904 E0.5056
G1 X156.0973 Y139.1370 Z88.3937 E0.5055
G1 X156.5346 Y137.9491 Z88.3969 E0.5054
G1 X156.9217 Y136.7441 Z88.4002 E0.5054
G1 X157.2579 Y135.5240 Z88.4034 E0.5053
G1 X157.5428 Y134.2912 Z88.4067 E0.5052
G1 X157.7757 Y133.0476 Z88.41 E0.5052
G1 X157.9563 Y131.7956 Z88.4132 E0.5051
G1 X158.0843 Y130.5373 Z88.4165 E0.505
G1 X158.1595 Y129.2749 Z88.4197 E0.5049
G1 X158.1818 Y128.0106 Z88.423 E0.5049
G1 X158.1510 Y126.7467 Z88.4262 E0.5048
G1 X158.0673 Y125.4854 Z88.4293 E0.5047
G1 X157.9310 Y124.2288 Z88.4325 E0.5047
G1 X157.7421 Y122.9793 Z88.4357 E0.5046
G1 X157.5011 Y121.7389 Z88.4389 E0.5045
G1 X157.2085 Y120.5099 Z88.442 E0.5044
G1 X156.8646 Y119.2944 Z88.4452 E0.5044
G1 X156.4703 Y118.0945 Z88.4484 E0.5043
G1 X156.0261 Y116.9124 Z88.4516 E0.5042
G1 X155.5328 Y115.7501 Z88.4547 E0.5042
G1 X154.9914 Y114.6096 Z88.4579 E0.5041
G1 X154.4028 Y113.4929 Z88.4611 E0.504
G1 X153.7680 Y112.4020 Z88.4642 E0.5039
G1 X153.0882 Y111.3388 Z88.4674 E0.5039
G1 X152.3646 Y110.3052 Z88.4706 E0.5038
G1 X151.5984 Y109.3029 Z88.4738 E0.5037
G1 X150.7911 Y108.3337 Z88.477 E0.5036
G1 X149.9440 Y107.3993 Z88.4801 E0.5036
G1 X149.0586 Y106.5013 Z88.4833 E0.5035
G1 X148.1365 Y105.6413 Z88.4865 E0.5034
G1 X147.1794 Y104.8208 Z88.4896 E0.5034
G1 X146.1889 Y104.0412 Z88.4928 E0.5033
G1 X145.1668 Y103.3039 Z88.496 E0.5032
G1 X144.1148 Y102.6101 Z88.4992 E0.5031
G1 X143.0348 Y101.9611 Z88.5023 E0.5031
G1 X141.9288 Y101.3579 Z88.5055 E0.503
G1 X140.7987 Y100.8017 Z88.5087 E0.5029
G1 X139.6464 Y100.2934 Z88.5119 E0.5029
G1 X138.4740 Y99.8338 Z88.515 E0.5028
G1 X137.2836 Y99.4238 Z88.5182 E0.5027
G1 X136.0772 Y99.0640 Z88.5214 E0.5026
G1 X134.8569 Y98.7552 Z88.5246 E0.5026
G1 X133.6250 Y98.4977 Z88.5277 E0.5025
G1 X132.3836 Y98.2921 Z88.5309 E0.5024
G1 X131.1348 Y98.1386 Z88.5341 E0.5024
G1 X129.8809 Y98.0376 Z88.5373 E0.5023
G1 X128.6240 Y97.9893 Z88.5404 E0.5022
G1 X127.3664 Y97.9935 Z88.5436 E0.5021
G1 X126.1102 Y98.0505 Z88.5468 E0.5021
G1 X124.8577 Y98.1600 Z88.55 E0.502
G1 X123.6111 Y98.3218 Z88.5531 E0.5019
G1 X122.3725 Y98.5356 Z88.5563 E0.5018
G1 X121.1441 Y98.8011 Z88.5595 E0.5018
G1 X119.9281 Y99.1177 Z88.5627 E0.5017
G1 X118.7266 Y99.4850 Z88.5658 E0.5016
G1 X117.5417 Y99.9021 Z88.569 E0.5016
G1 X116.3755 Y100.3685 Z88.5722 E0.5015
G1 X115.2300 Y100.8832 Z88.5754 E0.5014
G1 X114.1072 Y101.4453 Z88.5785 E0.5013
G1 X113.0090 Y102.0539 Z88.5817 E0.5013
G1 X111.9375 Y102.7079 Z88.5849 E0.5012
G1 X110.8945 Y103.4060 Z88.5881 E0.5011
G1 X109.8818 Y104.1471 Z88.5912 E0.5011
G1 X108.9011 Y104.9299 Z88.5944 E0.501
G1 X107.9542 Y105.7529 Z88.5976 E0.5009
G1 X107.0427 Y106.6147 Z88.6008 E0.5008
G1 X106.1682 Y107.5138 Z88.6039 E0.5008
G1 X105.3323 Y108.4486 Z88.6071 E0.5007
G1 X104.5364 Y109.4174 Z88.6103 E0.5006
G1 X103.7818 Y110.4186 Z88.6135 E0.5006
G1 X103.0700 Y111.4504 Z88.6166 E0.5005
G1 X102.4020 Y112.5109 Z88.6198 E0.5004
G1 X101.7792 Y113.5983 Z88.623 E0.5003
G1 X101.2025 Y114.7106 Z88.6262 E0.5003
G1 X100.6729 Y115.8460 Z88.6293 E0.5002
G1 X100.1915 Y117.0024 Z88.6325 E0.5001
G1 X99.7590 Y118.1777 Z88.6357 E0.5001
G1 X99.3761 Y119.3700 Z88.6388 E0.5
G1 X99.0435 Y120.5771 Z88.642 E0.4999
G1 X98.7618 Y121.7969 Z88.6452 E0.4998
G1 X98.5315 Y123.0272 Z88.6484 E0.4998
G1 X98.3529 Y124.2659 Z88.6516 E0.4997
G1 X98.2264 Y125.5108 Z88.6547 E0.4996
G1 X98.1521 Y126.7598 Z88.6579 E0.4995
G1 X98.1302 Y128.0106 Z88.6611 E0.4995
G1 X98.1606 Y129.2610 Z88.6643 E0.4994
G1 X98.2434 Y130.5089 Z88.6674 E0.4993
G1 X98.3784 Y131.7521 Z88.6706 E0.4993
G1 X98.5653 Y132.9883 Z88.6738 E0.4992
G1 X98.8038 Y134.2154 Z88.6769 E0.4991
G1 X99.0933 Y135.4313 Z88.6801 E0.499
G1 X99.4335 Y136.6339 Z88.6833 E0.499
G1 X99.8238 Y137.8209 Z88.6865 E0.4989
G1 X100.2633 Y138.9904 Z88.6896 E0.4988
G1 X100.7513 Y140.1403 Z88.6928 E0.4988
G1 X101.2870 Y141.2687 Z88.696 E0.4987
G1 X101.8694 Y142.3734 Z88.6992 E0.4986
G1 X102.4974 Y143.4526 Z88.7023 E0.4985
G1 X103.1700 Y144.5044 Z88.7055 E0.4985
G1 X103.8859 Y145.5270 Z88.7087 E0.4984
G1 X104.6439 Y146.5186 Z88.7119 E0.4983
G1 X105.4427 Y147.4774 Z88.715 E0.4983
G1 X106.2808 Y148.4018 Z88.7182 E0.4982
G1 X107.1567 Y149.2901 Z88.7214 E0.4981
G1 X108.0690 Y150.1409 Z88.7246 E0.498
G1 X109.0159 Y150.9526 Z88.7277 E0.498
G1 X109.9958 Y151.7238 Z88.7309 E0.4979
G1 X111.0071 Y152.4532 Z88.7341 E0.4978
G1 X112.0478 Y153.1395 Z88.7373 E0.4978
G1 X113.1163 Y153.7816 Z88.7404 E0.4977
G1 X114.2105 Y154.3783 Z88.7436 E0.4976
G1 X115.3285 Y154.9285 Z88.7468 E0.4975
G1 X116.4685 Y155.4313 Z88.75 E0.4975
G1 X117.6284 Y155.8860 Z88.7531 E0.4974
G1 X118.8061 Y156.2915 Z88.7563 E0.4973
G1 X119.9996 Y156.6474 Z88.7595 E0.4973
G1 X121.2068 Y156.9529 Z88.7627 E0.4972
G1 X122.4255 Y157.2076 Z88.7658 E0.4971
G1 X123.6537 Y157.4110 Z88.769 E0.497
G1 X124.8891 Y157.5627 Z88.7722 E0.497
G1 X126.1296 Y157.6626 Z88.7754 E0.4969
G1 X127.3730 Y157.7104 Z88.7785 E0.4968
G1 X128.6172 Y157.7061 Z88.7817 E0.4968
G1 X129.8599 Y157.6497 Z88.7849 E0.4967
G1 X131.0990 Y157.5414 Z88.7881 E0.4966
G1 X132.3322 Y157.3813 Z88.7912 E0.4965
G1 X133.5575 Y157.1697 Z88.7944 E0.4965
G1 X134.7727 Y156.9070 Z88.7976 E0.4964
G1 X135.9757 Y156.5937 Z88.8008 E0.4963
G1 X137.1643 Y156.2304 Z88.8039 E0.4963
G1 X138.3365 Y155.8176 Z88.8071 E0.4962
G1 X139.4902 Y155.3562 Z88.8103 E0.4961
G1 X140.6234 Y154.8470 Z88.8135 E0.496
G1 X141.7341 Y154.2908 Z88.8166 E0.496
G1 X142.8204 Y153.6888 Z88.8198 E0.4959
G1 X143.8804 Y153.0418 Z88.823 E0.4958
G1 X144.9122 Y152.3511 Z88.8262 E0.4958
G1 X145.9141 Y151.6179 Z88.8293 E0.4957
G1 X146.8842 Y150.8436 Z88.8325 E0.4956
G1 X147.8209 Y150.0293 Z88.8357 E0.4955
G1 X148.7226 Y149.1767 Z88.8389 E0.4955
G1 X149.5876 Y148.2873 Z88.842 E0.4954
G1 X150.4145 Y147.3625 Z88.8452 E0.4953
G1 X151.2018 Y146.4040 Z88.8484 E0.4953
G1 X151.9483 Y145.4136 Z88.8515 E0.4952
G1 X152.6524 Y144.3929 Z88.8547 E0.4951
G1 X153.3132 Y143.3437 Z88.8579 E0.4951
G1 X153.9293 Y142.2680 Z88.8611 E0.495
G1 X154.4997 Y141.1676 Z88.8643 E0.4949
G1 X155.0235 Y140.0444 Z88.8674 E0.4948
G1 X155.4997 Y138.9005 Z88.8706 E0.4948
G1 X155.9276 Y137.7377 Z88.8738 E0.4947
G1 X156.3063 Y136.5583 Z88.8769 E0.4946
G1 X156.6353 Y135.3641 Z88.8801 E0.4946
G1 X156.9139 Y134.1575 Z88.8833 E0.4945
G1 X157.1417 Y132.9404 Z88.8865 E0.4944
G1 X157.3183 Y131.7150 Z88.8896 E0.4943
G1 X157.4434 Y130.4835 Z88.8928 E0.4943
G1 X157.5169 Y129.2479 Z88.896 E0.4942
G1 X157.5385 Y128.0106 Z88.8992 E0.4941
G1 X157.5082 Y126.7736 Z88.9023 E0.494
G1 X157.4262 Y125.5392 Z88.9053 E0.494
G1 X157.2926 Y124.3095 Z88.9084 E0.4939
G1 X157.1076 Y123.0866 Z88.9115 E0.4938
G1 X156.8716 Y121.8727 Z88.9146 E0.4938
G1 X156.5851 Y120.6700 Z88.9177 E0.4937
G1 X156.2484 Y119.4804 Z88.9208 E0.4936
G1 X155.8623 Y118.3062 Z88.9239 E0.4935
G1 X155.4275 Y117.1494 Z88.927 E0.4935
G1 X154.9446 Y116.0119 Z88.9301 E0.4934
G1 X154.4146 Y114.8959 Z88.9332 E0.4933
G1 X153.8385 Y113.8031 Z88.9363 E0.4932
G1 X153.2171 Y112.7356 Z88.9393 E0.4932
G1 X152.5517 Y111.6953 Z88.9424 E0.4931
G1 X151.8434 Y110.6838 Z88.9455 E0.493
G1 X151.0936 Y109.7030 Z88.9486 E0.4929
G1 X150.3034 Y108.7547 Z88.9517 E0.4929
G1 X149.4743 Y107.8404 Z88.9548 E0.4928
G1 X148.6077 Y106.9617 Z88.9579 E0.4927
G1 X147.7053 Y106.1203 Z88.961 E0.4927
G1 X146.7686 Y105.3174 Z88.9641 E0.4926
G1 X145.7992 Y104.5546 Z88.9672 E0.4925
G1 X144.7989 Y103.8332 Z88.9703 E0.4924
G1 X143.7693 Y103.1545 Z88.9734 E0.4924
G1 X142.7125 Y102.5195 Z88.9764 E0.4923
G1 X141.6301 Y101.9294 Z88.9795 E0.4922
G1 X140.5241 Y101.3852 Z88.9826 E0.4921
G1 X139.3965 Y100.8879 Z88.9857 E0.4921
G1 X138.2492 Y100.4384 Z88.9888 E0.492
G1 X137.0842 Y100.0373 Z88.9919 E0.4919
G1 X135.9037 Y99.6854 Z88.995 E0.4919
G1 X134.7096 Y99.3833 Z88.9981 E0.4918
G1 X133.5041 Y99.1315 Z89.0012 E0.4917
G1 X132.2893 Y98.9305 Z89.0043 E0.4916
G1 X131.0674 Y98.7805 Z89.0074 E0.4916
G1 X129.8404 Y98.6818 Z89.0104 E0.4915
G1 X128.6105 Y98.6346 Z89.0135 E0.4914
G1 X127.3799 Y98.6390 Z89.0166 E0.4913
G1 X126.1508 Y98.6948 Z89.0197 E0.4913
G1 X124.9252 Y98.8021 Z89.0228 E0.4912
G1 X123.7054 Y98.9606 Z89.0259 E0.4911
G1 X122.4935 Y99.1700 Z89.029 E0.491
G1 X121.2916 Y99.4299 Z89.0321 E0.491
G1 X120.1018 Y99.7399 Z89.0352 E0.4909
G1 X118.9262 Y100.0993 Z89.0383 E0.4908
G1 X117.7669 Y100.5077 Z89.0414 E0.4908
G1 X116.6258 Y100.9641 Z89.0444 E0.4907
G1 X115.5051 Y101.4679 Z89.0475 E0.4906
G1 X114.4066 Y102.0180 Z89.0506 E0.4905
G1 X113.3322 Y102.6136 Z89.0537 E0.4905
G1 X112.2839 Y103.2536 Z89.0568 E0.4904
G1 X111.2634 Y103.9368 Z89.0599 E0.4903
G1 X110.2726 Y104.6620 Z89.063 E0.4902
G1 X109.3132 Y105.4280 Z89.0661 E0.4902
G1 X108.3868 Y106.2334 Z89.0692 E0.4901
G1 X107.4951 Y107.0767 Z89.0723 E0.49
G1 X106.6397 Y107.9565 Z89.0754 E0.49
G1 X105.8219 Y108.8712 Z89.0785 E0.4899
G1 X105.0433 Y109.8192 Z89.0815 E0.4898
G1 X104.3052 Y110.7988 Z89.0846 E0.4897
G1 X103.6088 Y111.8084 Z89.0877 E0.4897
G1 X102.9554 Y112.8460 Z89.0908 E0.4896
G1 X102.3462 Y113.9100 Z89.0939 E0.4895
G1 X101.7821 Y114.9983 Z89.097 E0.4894
G1 X101.2642 Y116.1092 Z89.1001 E0.4894
G1 X100.7933 Y117.2406 Z89.1032 E0.4893
G1 X100.3703 Y118.3906 Z89.1063 E0.4892
G1 X99.9958 Y119.5571 Z89.1094 E0.4892
G1 X99.6706 Y120.7381 Z89.1124 E0.4891
G1 X99.3951 Y121.9315 Z89.1155 E0.489
G1 X99.1699 Y123.1352 Z89.1186 E0.4889
G1 X98.9954 Y124.3471 Z89.1217 E0.4889
G1 X98.8717 Y125.5650 Z89.1248 E0.4888
G1 X98.7992 Y126.7869 Z89.1279 E0.4887
G1 X98.7779 Y128.0106 Z89.131 E0.4886
G1 X98.8079 Y129.2339 Z89.1341 E0.4886
G1 X98.8891 Y130.4547 Z89.1372 E0.4885
G1 X99.0213 Y131.6709 Z89.1403 E0.4884
G1 X99.2043 Y132.8802 Z89.1434 E0.4884
G1 X99.4377 Y134.0807 Z89.1465 E0.4883
G1 X99.7211 Y135.2701 Z89.1495 E0.4882
G1 X100.0541 Y136.4465 Z89.1526 E0.4881
G1 X100.4360 Y137.6077 Z89.1557 E0.4881
G1 X100.8661 Y138.7518 Z89.1588 E0.488
G1 X101.3436 Y139.8766 Z89.1619 E0.4879
G1 X101.8678 Y140.9803 Z89.165 E0.4878
G1 X102.4376 Y142.0610 Z89.1681 E0.4878
G1 X103.0521 Y143.1166 Z89.1712 E0.4877
G1 X103.7102 Y144.1455 Z89.1743 E0.4876
G1 X104.4107 Y145.1457 Z89.1774 E0.4875
G1 X105.1523 Y146.1156 Z89.1805 E0.4875
G1 X105.9338 Y147.0534 Z89.1836 E0.4874
G1 X106.7538 Y147.9576 Z89.1866 E0.4873
G1 X107.6108 Y148.8265 Z89.1897 E0.4873
G1 X108.5032 Y149.6586 Z89.1928 E0.4872
G1 X109.4296 Y150.4525 Z89.1959 E0.4871
G1 X110.3883 Y151.2068 Z89.199 E0.4871
G1 X111.3776 Y151.9201 Z89.2021 E0.487
G1 X112.3957 Y152.5914 Z89.2052 E0.4869
G1 X113.4409 Y153.2193 Z89.2083 E0.4868
G1 X114.5113 Y153.8028 Z89.2114 E0.4868
G1 X115.6051 Y154.3409 Z89.2145 E0.4867
G1 X116.7202 Y154.8326 Z89.2176 E0.4866
G1 X117.8548 Y155.2772 Z89.2206 E0.4865
G1 X119.0068 Y155.6737 Z89.2237 E0.4865
G1 X120.1743 Y156.0217 Z89.2268 E0.4864
G1 X121.3552 Y156.3204 Z89.2299 E0.4863
G1 X122.5473 Y156.5693 Z89.233 E0.4862
G1 X123.7486 Y156.7681 Z89.2361 E0.4862
G1 X124.9570 Y156.9164 Z89.2392 E0.4861
G1 X126.1704 Y157.0139 Z89.2423 E0.486
G1 X127.3866 Y157.0605 Z89.2454 E0.486
G1 X128.6036 Y157.0562 Z89.2485 E0.4859
G1 X129.8191 Y157.0009 Z89.2516 E0.4858
G1 X131.0310 Y156.8948 Z89.2547 E0.4857
G1 X132.2372 Y156.7380 Z89.2577 E0.4857
G1 X133.4357 Y156.5309 Z89.2608 E0.4856
G1 X134.6242 Y156.2738 Z89.2639 E0.4855
G1 X135.8008 Y155.9672 Z89.267 E0.4855
G1 X136.9633 Y155.6117 Z89.2701 E0.4854
G1 X138.1097 Y155.2079 Z89.2732 E0.4853
G1 X139.2380 Y154.7565 Z89.2763 E0.4852
G1 X140.3463 Y154.2582 Z89.2794 E0.4852
G1 X141.4326 Y153.7141 Z89.2825 E0.4851
G1 X142.4950 Y153.1251 Z89.2856 E0.485
G1 X143.5317 Y152.4923 Z89.2887 E0.4849
G1 X144.5407 Y151.8166 Z89.2917 E0.4849
G1 X145.5205 Y151.0994 Z89.2948 E0.4848
G1 X146.4692 Y150.3419 Z89.2979 E0.4847
G1 X147.3852 Y149.5455 Z89.301 E0.4847
G1 X148.2669 Y148.7115 Z89.3041 E0.4846
G1 X149.1129 Y147.8415 Z89.3072 E0.4845
G1 X149.9215 Y146.9369 Z89.3103 E0.4844
G1 X150.6914 Y145.9994 Z89.3134 E0.4844
G1 X151.4213 Y145.0307 Z89.3165 E0.4843
G1 X152.1098 Y144.0324 Z89.3196 E0.4842
G1 X152.7559 Y143.0062 Z89.3227 E0.4842
G1 X153.3583 Y141.9541 Z89.3257 E0.4841
G1 X153.9160 Y140.8779 Z89.3288 E0.484
G1 X154.4282 Y139.7793 Z89.3319 E0.4839
G1 X154.8937 Y138.6605 Z89.335 E0.4839
G1 X155.3120 Y137.5234 Z89.3381 E0.4838
G1 X155.6822 Y136.3698 Z89.3412 E0.4837
G1 X156.0038 Y135.2020 Z89.3443 E0.4837
G1 X156.2761 Y134.0219 Z89.3474 E0.4836
G1 X156.4987 Y132.8316 Z89.3505 E0.4835
G1 X156.6713 Y131.6333 Z89.3536 E0.4834
G1 X156.7935 Y130.4289 Z89.3567 E0.4834
G1 X156.8652 Y129.2206 Z89.3598 E0.4833
G1 X156.8862 Y128.0106 Z89.3628 E0.4832
G1 X156.8564 Y126.8010 Z89.3659 E0.4831
G1 X156.7761 Y125.5938 Z89.3689 E0.4831
G1 X156.6453 Y124.3913 Z89.3719 E0.483
G1 X156.4642 Y123.1954 Z89.3749 E0.4829
G1 X156.2333 Y122.0084 Z89.3779 E0.4828
G1 X155.9529 Y120.8323 Z89.3809 E0.4828
G1 X155.6236 Y119.6691 Z89.3839 E0.4827
G1 X155.2459 Y118.5209 Z89.3869 E0.4826
G1 X154.8205 Y117.3897 Z89.3899 E0.4825
G1 X154.3482 Y116.2775 Z89.3929 E0.4825
G1 X153.8298 Y115.1862 Z89.3959 E0.4824
G1 X153.2662 Y114.1177 Z89.3989 E0.4823
G1 X152.6585 Y113.0740 Z89.4019 E0.4823
G1 X152.0077 Y112.0567 Z89.405 E0.4822
G1 X151.3150 Y111.0677 Z89.408 E0.4821
G1 X150.5816 Y110.1088 Z89.411 E0.482
G1 X149.8088 Y109.1816 Z89.414 E0.4819
G1 X148.9980 Y108.2876 Z89.417 E0.4819
G1 X148.1506 Y107.4286 Z89.42 E0.4818
G1 X147.2680 Y106.6059 Z89.423 E0.4817
G1 X146.3520 Y105.8210 Z89.426 E0.4817
G1 X145.4040 Y105.0753 Z89.429 E0.4816
G1 X144.4258 Y104.3700 Z89.432 E0.4815
G1 X143.4191 Y103.7064 Z89.435 E0.4814
G1 X142.3856 Y103.0857 Z89.438 E0.4814
G1 X141.3272 Y102.5088 Z89.441 E0.4813
G1 X140.2457 Y101.9769 Z89.4441 E0.4812
G1 X139.1431 Y101.4908 Z89.4471 E0.4811
G1 X138.0212 Y101.0513 Z89.4501 E0.4811
G1 X136.8821 Y100.6593 Z89.4531 E0.481
G1 X135.7278 Y100.3154 Z89.4561 E0.4809
G1 X134.5602 Y100.0202 Z89.4591 E0.4808
G1 X133.3815 Y99.7742 Z89.4621 E0.4808
G1 X132.1937 Y99.5777 Z89.4651 E0.4807
G1 X130.9990 Y99.4312 Z89.4681 E0.4806
G1 X129.7993 Y99.3349 Z89.4711 E0.4805
G1 X128.5968 Y99.2889 Z89.4741 E0.4805
G1 X127.3936 Y99.2933 Z89.4771 E0.4804
G1 X126.1919 Y99.3481 Z89.4801 E0.4803
G1 X124.9936 Y99.4532 Z89.4832 E0.4803
G1 X123.8010 Y99.6083 Z89.4862 E0.4802
G1 X122.6162 Y99.8131 Z89.4892 E0.4801
G1 X121.4411 Y100.0674 Z89.4922 E0.48
G1 X120.2779 Y100.3706 Z89.4952 E0.4799
G1 X119.1286 Y100.7222 Z89.4982 E0.4799
G1 X117.9952 Y101.1216 Z89.5012 E0.4798
G1 X116.8797 Y101.5680 Z89.5042 E0.4797
G1 X115.7840 Y102.0606 Z89.5072 E0.4797
G1 X114.7101 Y102.5986 Z89.5102 E0.4796
G1 X113.6598 Y103.1811 Z89.5132 E0.4795
G1 X112.6350 Y103.8069 Z89.5162 E0.4794
G1 X111.6374 Y104.4749 Z89.5192 E0.4794
G1 X110.6689 Y105.1841 Z89.5223 E0.4793
G1 X109.7310 Y105.9330 Z89.5253 E0.4792
G1 X108.8254 Y106.7205 Z89.5283 E0.4791
G1 X107.9538 Y107.5451 Z89.5313 E0.4791
G1 X107.1176 Y108.4053 Z89.5343 E0.479
G1 X106.3183 Y109.2996 Z89.5373 E0.4789
G1 X105.5572 Y110.2265 Z89.5403 E0.4788
G1 X104.8357 Y111.1843 Z89.5433 E0.4788
G1 X104.1551 Y112.1713 Z89.5463 E0.4787
G1 X103.5165 Y113.1858 Z89.5493 E0.4786
G1 X102.9210 Y114.2260 Z89.5523 E0.4785
G1 X102.3697 Y115.2900 Z89.5553 E0.4785
G1 X101.8636 Y116.3761 Z89.5584 E0.4784
G1 X101.4034 Y117.4822 Z89.5614 E0.4783
G1 X100.9900 Y118.6064 Z89.5644 E0.4783
G1 X100.6241 Y119.7468 Z89.5674 E0.4782
G1 X100.3063 Y120.9013 Z89.5704 E0.4781
G1 X100.0372 Y122.0680 Z89.5734 E0.478
G1 X99.8172 Y123.2447 Z89.5764 E0.478
G1 X99.6467 Y124.4294 Z89.5794 E0.4779
G1 X99.5260 Y125.6200 Z89.5824 E0.4778
G1 X99.4553 Y126.8144 Z89.5854 E0.4777
G1 X99.4346 Y128.0106 Z89.5884 E0.4777
G1 X99.4641 Y129.2064 Z89.5914 E0.4776
G1 X99.5436 Y130.3998 Z89.5944 E0.4775
G1 X99.6729 Y131.5885 Z89.5975 E0.4774
G1 X99.8520 Y132.7707 Z89.6005 E0.4774
G1 X100.0803 Y133.9441 Z89.6035 E0.4773
G1 X100.3575 Y135.1067 Z89.6065 E0.4772
G1 X100.6831 Y136.2566 Z89.6095 E0.4772
G1 X101.0566 Y137.3916 Z89.6125 E0.4771
G1 X101.4771 Y138.5098 Z89.6155 E0.477
G1 X101.9441 Y139.6093 Z89.6185 E0.4769
G1 X102.4566 Y140.6881 Z89.6215 E0.4769
G1 X103.0137 Y141.7443 Z89.6245 E0.4768
G1 X103.6145 Y142.7761 Z89.6275 E0.4767
G1 X104.2579 Y143.7816 Z89.6305 E0.4766
G1 X104.9427 Y144.7592 Z89.6335 E0.4766
G1 X105.6677 Y145.7071 Z89.6366 E0.4765
G1 X106.4317 Y146.6237 Z89.6396 E0.4764
G1 X107.2332 Y147.5073 Z89.6426 E0.4763
G1 X108.0710 Y148.3565 Z89.6456 E0.4763
G1 X108.9434 Y149.1697 Z89.6486 E0.4762
G1 X109.8490 Y149.9456 Z89.6516 E0.4761
G1 X110.7861 Y150.6827 Z89.6546 E0.476
G1 X111.7531 Y151.3798 Z89.6576 E0.476
G1 X112.7483 Y152.0358 Z89.6606 E0.4759
G1 X113.7700 Y152.6493 Z89.6636 E0.4758
G1 X114.8163 Y153.2195 Z89.6666 E0.4758
G1 X115.8853 Y153.7453 Z89.6696 E0.4757
G1 X116.9753 Y154.2258 Z89.6727 E0.4756
G1 X118.0843 Y154.6601 Z89.6757 E0.4755
G1 X119.2103 Y155.0475 Z89.6787 E0.4755
G1 X120.3514 Y155.3874 Z89.6817 E0.4754
G1 X121.5055 Y155.6792 Z89.6847 E0.4753
G1 X122.6707 Y155.9224 Z89.6877 E0.4752
G1 X123.8448 Y156.1165 Z89.6907 E0.4752
G1 X125.0259 Y156.2613 Z89.6937 E0.4751
G1 X126.2118 Y156.3564 Z89.6967 E0.475
G1 X127.4004 Y156.4018 Z89.6997 E0.4749
G1 X128.5898 Y156.3974 Z89.7027 E0.4749
G1 X129.7777 Y156.3432 Z89.7057 E0.4748
G1 X130.9621 Y156.2394 Z89.7087 E0.4747
G1 X132.1410 Y156.0860 Z89.7118 E0.4747
G1 X133.3122 Y155.8834 Z89.7148 E0.4746
G1 X134.4737 Y155.6320 Z89.7178 E0.4745
G1 X135.6235 Y155.3323 Z89.7208 E0.4744
G1 X136.7595 Y154.9847 Z89.7238 E0.4744
G1 X137.8799 Y154.5899 Z89.7268 E0.4743
G1 X138.9825 Y154.1486 Z89.7298 E0.4742
G1 X140.0656 Y153.6615 Z89.7328 E0.4741
G1 X141.1271 Y153.1297 Z89.7358 E0.4741
G1 X142.1652 Y152.5539 Z89.7388 E0.474
G1 X143.1782 Y151.9353 Z89.7418 E0.4739
G1 X144.1642 Y151.2749 Z89.7448 E0.4739
G1 X145.1216 Y150.5739 Z89.7478 E0.4738
G1 X146.0486 Y149.8335 Z89.7508 E0.4737
G1 X146.9437 Y149.0551 Z89.7539 E0.4736
G1 X147.8052 Y148.2400 Z89.7569 E0.4736
G1 X148.6317 Y147.3897 Z89.7599 E0.4735
G1 X149.4218 Y146.5056 Z89.7629 E0.4734
G1 X150.1741 Y145.5894 Z89.7659 E0.4733
G1 X150.8872 Y144.6427 Z89.7689 E0.4732
G1 X151.5599 Y143.6670 Z89.7719 E0.4732
G1 X152.1911 Y142.6642 Z89.7749 E0.4731
G1 X152.7796 Y141.6360 Z89.7779 E0.473
G1 X153.3245 Y140.5842 Z89.7809 E0.473
G1 X153.8248 Y139.5107 Z89.7839 E0.4729
G1 X154.2796 Y138.4174 Z89.787 E0.4728
G1 X154.6882 Y137.3061 Z89.79 E0.4727
G1 X155.0498 Y136.1789 Z89.793 E0.4727
G1 X155.3639 Y135.0377 Z89.796 E0.4726
G1 X155.6298 Y133.8845 Z89.799 E0.4725
G1 X155.8472 Y132.7214 Z89.802 E0.4725
G1 X156.0157 Y131.5504 Z89.805 E0.4724
G1 X156.1349 Y130.3736 Z89.808 E0.4723
G1 X156.2048 Y129.1930 Z89.811 E0.4722
G1 X156.2251 Y128.0106 Z89.814 E0.4722
G1 X156.1959 Y126.8287 Z89.8169 E0.4721
G1 X156.1172 Y125.6491 Z89.8199 E0.472
G1 X155.9893 Y124.4741 Z89.8228 E0.4719
G1 X155.8122 Y123.3057 Z89.8257 E0.4719
G1 X155.5864 Y122.1459 Z89.8287 E0.4718
G1 X155.3123 Y120.9968 Z89.8316 E0.4717
G1 X154.9904 Y119.8603 Z89.8345 E0.4716
G1 X154.6212 Y118.7384 Z89.8374 E0.4716
G1 X154.2054 Y117.6332 Z89.8403 E0.4715
G1 X153.7438 Y116.5466 Z89.8433 E0.4714
G1 X153.2371 Y115.4804 Z89.8462 E0.4713
G1 X152.6864 Y114.4365 Z89.8491 E0.4713
G1 X152.0925 Y113.4168 Z89.852 E0.4712
G1 X151.4565 Y112.4229 Z89.855 E0.4711
G1 X150.7795 Y111.4568 Z89.8579 E0.471
G1 X150.0629 Y110.5200 Z89.8608 E0.471
G1 X149.3077 Y109.6141 Z89.8637 E0.4709
G1 X148.5154 Y108.7408 Z89.8667 E0.4708
G1 X147.6873 Y107.9016 Z89.8696 E0.4707
G1 X146.8250 Y107.0980 Z89.8725 E0.4707
G1 X145.9299 Y106.3312 Z89.8754 E0.4706
G1 X145.0036 Y105.6028 Z89.8784 E0.4705
G1 X144.0478 Y104.9139 Z89.8813 E0.4704
G1 X143.0642 Y104.2657 Z89.8842 E0.4704
G1 X142.0544 Y103.6593 Z89.8871 E0.4703
G1 X141.0202 Y103.0959 Z89.8901 E0.4702
G1 X139.9636 Y102.5764 Z89.893 E0.4701
G1 X138.8863 Y102.1016 Z89.8959 E0.4701
G1 X137.7902 Y101.6724 Z89.8988 E0.47
G1 X136.6773 Y101.2896 Z89.9017 E0.4699
G1 X135.5495 Y100.9538 Z89.9047 E0.4698
G1 X134.4089 Y100.6655 Z89.9076 E0.4698
G1 X133.2573 Y100.4253 Z89.9105 E0.4697
G1 X132.0969 Y100.2336 Z89.9135 E0.4696
G1 X130.9297 Y100.0906 Z89.9164 E0.4695
G1 X129.7576 Y99.9966 Z89.9193 E0.4695
G1 X128.5829 Y99.9519 Z89.9222 E0.4694
G1 X127.4075 Y99.9563 Z89.9251 E0.4693
G1 X126.2335 Y100.0100 Z89.9281 E0.4692
G1 X125.0630 Y100.1128 Z89.931 E0.4692
G1 X123.8979 Y100.2645 Z89.9339 E0.4691
G1 X122.7405 Y100.4648 Z89.9368 E0.469
G1 X121.5926 Y100.7133 Z89.9398 E0.4689
G1 X120.4563 Y101.0096 Z89.9427 E0.4689
G1 X119.3337 Y101.3533 Z89.9456 E0.4688
G1 X118.2265 Y101.7435 Z89.9485 E0.4687
G1 X117.1369 Y102.1798 Z89.9515 E0.4686
G1 X116.0666 Y102.6612 Z89.9544 E0.4686
G1 X115.0176 Y103.1869 Z89.9573 E0.4685
G1 X113.9917 Y103.7559 Z89.9602 E0.4684
G1 X112.9907 Y104.3674 Z89.9632 E0.4683
G1 X112.0163 Y105.0201 Z89.9661 E0.4683
G1 X111.0703 Y105.7130 Z89.969 E0.4682
G1 X110.1543 Y106.4447 Z89.9719 E0.4681
G1 X109.2698 Y107.2140 Z89.9749 E0.468
G1 X108.4185 Y108.0196 Z89.9778 E0.468
G1 X107.6018 Y108.8600 Z89.9807 E0.4679
G1 X106.8211 Y109.7337 Z89.9836 E0.4678
G1 X106.0778 Y110.6392 Z89.9866 E0.4677
G1 X105.3732 Y111.5748 Z89.9895 E0.4677
G1 X104.7085 Y112.5390 Z89.9924 E0.4676
G1 X104.0849 Y113.5300 Z89.9953 E0.4675
G1 X103.5034 Y114.5461 Z89.9983 E0.4674
G1 X102.9650 Y115.5855 Z90.0012 E0.4674
G1 X102.4707 Y116.6464 Z90.0041 E0.4673
G1 X102.0214 Y117.7269 Z90.007 E0.4672
G1 X101.6178 Y118.8250 Z90.01 E0.4671
G1 X101.2605 Y119.9389 Z90.0129 E0.4671
G1 X100.9503 Y121.0667 Z90.0158 E0.467
G1 X100.6876 Y122.2062 Z90.0187 E0.4669
G1 X100.4729 Y123.3556 Z90.0217 E0.4668
G1 X100.3065 Y124.5127 Z90.0246 E0.4668
G1 X100.1888 Y125.6756 Z90.0275 E0.4667
G1 X100.1199 Y126.8423 Z90.0304 E0.4666
G1 X100.0998 Y128.0106 Z90.0333 E0.4665
G1 X100.1288 Y129.1786 Z90.0363 E0.4665
G1 X100.2066 Y130.3441 Z90.0392 E0.4664
G1 X100.3331 Y131.5051 Z90.0421 E0.4663
G1 X100.5081 Y132.6597 Z90.045 E0.4662
G1 X100.7312 Y133.8057 Z90.048 E0.4662
G1 X101.0022 Y134.9412 Z90.0509 E0.4661
G1 X101.3203 Y136.0642 Z90.0538 E0.466
G1 X101.6852 Y137.1727 Z90.0567 E0.4659
G1 X102.0961 Y138.2648 Z90.0597 E0.4659
G1 X102.5523 Y139.3385 Z90.0626 E0.4658
G1 X103.0530 Y140.3920 Z90.0655 E0.4657
G1 X103.5972 Y141.4235 Z90.0685 E0.4657
G1 X104.1841 Y142.4311 Z90.0714 E0.4656
G1 X104.8126 Y143.4131 Z90.0743 E0.4655
G1 X105.4815 Y144.3677 Z90.0772 E0.4654
G1 X106.1897 Y145.2934 Z90.0801 E0.4653
G1 X106.9360 Y146.1884 Z90.0831 E0.4653
G1 X107.7189 Y147.0513 Z90.086 E0.4652
G1 X108.5371 Y147.8805 Z90.0889 E0.4651
G1 X109.3893 Y148.6745 Z90.0919 E0.465
G1 X110.2737 Y149.4321 Z90.0948 E0.465
G1 X111.1890 Y150.1519 Z90.0977 E0.4649
G1 X112.1335 Y150.8325 Z90.1006 E0.4648
G1 X113.1055 Y151.4730 Z90.1035 E0.4648
G1 X114.1033 Y152.0720 Z90.1065 E0.4647
G1 X115.1251 Y152.6287 Z90.1094 E0.4646
G1 X116.1692 Y153.1420 Z90.1123 E0.4645
G1 X117.2337 Y153.6111 Z90.1152 E0.4645
G1 X118.3167 Y154.0351 Z90.1182 E0.4644
G1 X119.4164 Y154.4133 Z90.1211 E0.4643
G1 X120.5307 Y154.7451 Z90.124 E0.4642
G1 X121.6578 Y155.0299 Z90.1269 E0.4642
G1 X122.7957 Y155.2671 Z90.1299 E0.4641
G1 X123.9423 Y155.4566 Z90.1328 E0.464
G1 X125.0956 Y155.5978 Z90.1357 E0.4639
G1 X126.2537 Y155.6905 Z90.1386 E0.4639
G1 X127.4144 Y155.7347 Z90.1416 E0.4638
G1 X128.5758 Y155.7303 Z90.1445 E0.4637
G1 X129.7358 Y155.6772 Z90.1474 E0.4636
G1 X130.8923 Y155.5756 Z90.1503 E0.4636
G1 X132.0434 Y155.4257 Z90.1533 E0.4635
G1 X133.1871 Y155.2277 Z90.1562 E0.4634
G1 X134.3212 Y154.9821 Z90.1591 E0.4633
G1 X135.4439 Y154.6892 Z90.162 E0.4633
G1 X136.5532 Y154.3496 Z90.1649 E0.4632
G1 X137.6471 Y153.9640 Z90.1679 E0.4631
G1 X138.7237 Y153.5329 Z90.1708 E0.463
G1 X139.7812 Y153.0572 Z90.1737 E0.463
G1 X140.8176 Y152.5377 Z90.1767 E0.4629
G1 X141.8312 Y151.9754 Z90.1796 E0.4628
G1 X142.8202 Y151.3712 Z90.1825 E0.4627
G1 X143.7829 Y150.7263 Z90.1854 E0.4627
G1 X144.7176 Y150.0417 Z90.1884 E0.4626
G1 X145.6227 Y149.3186 Z90.1913 E0.4625
G1 X146.4965 Y148.5585 Z90.1942 E0.4624
G1 X147.3376 Y147.7625 Z90.1971 E0.4624
G1 X148.1445 Y146.9321 Z90.2 E0.4623
G1 X148.9158 Y146.0689 Z90.203 E0.4622
G1 X149.6502 Y145.1742 Z90.2059 E0.4622
G1 X150.3463 Y144.2497 Z90.2088 E0.4621
G1 X151.0030 Y143.2970 Z90.2117 E0.462
G1 X151.6191 Y142.3178 Z90.2147 E0.4619
G1 X152.1936 Y141.3138 Z90.2176 E0.4619
G1 X152.7255 Y140.2869 Z90.2205 E0.4618
G1 X153.2138 Y139.2387 Z90.2234 E0.4617
G1 X153.6577 Y138.1711 Z90.2264 E0.4616
G1 X154.0564 Y137.0861 Z90.2293 E0.4616
G1 X154.4093 Y135.9855 Z90.2322 E0.4615
G1 X154.7158 Y134.8713 Z90.2351 E0.4614
G1 X154.9753 Y133.7454 Z90.2381 E0.4613
G1 X155.1874 Y132.6098 Z90.241 E0.4613
G1 X155.3517 Y131.4665 Z90.2439 E0.4612
G1 X155.4680 Y130.3176 Z90.2468 E0.4611
G1 X155.5360 Y129.1649 Z90.2498 E0.461
G1 X155.5557 Y128.0106 Z90.2527 E0.461
G1 X155.5271 Y126.8567 Z90.2555 E0.4609
G1 X155.4501 Y125.7052 Z90.2584 E0.4608
G1 X155.3250 Y124.5581 Z90.2612 E0.4607
G1 X155.1520 Y123.4174 Z90.2641 E0.4607
G1 X154.9314 Y122.2851 Z90.2669 E0.4606
G1 X154.6636 Y121.1633 Z90.2697 E0.4605
G1 X154.3492 Y120.0539 Z90.2726 E0.4604
G1 X153.9886 Y118.9587 Z90.2754 E0.4604
G1 X153.5825 Y117.8798 Z90.2783 E0.4603
G1 X153.1317 Y116.8191 Z90.2811 E0.4602
G1 X152.6370 Y115.7783 Z90.2839 E0.4601
G1 X152.0992 Y114.7593 Z90.2868 E0.4601
G1 X151.5193 Y113.7639 Z90.2896 E0.46
G1 X150.8983 Y112.7938 Z90.2925 E0.4599
G1 X150.2373 Y111.8507 Z90.2953 E0.4598
G1 X149.5376 Y110.9363 Z90.2981 E0.4597
G1 X148.8003 Y110.0521 Z90.301 E0.4597
G1 X148.0267 Y109.1997 Z90.3038 E0.4596
G1 X147.2183 Y108.3806 Z90.3067 E0.4595
G1 X146.3763 Y107.5962 Z90.3095 E0.4594
G1 X145.5025 Y106.8479 Z90.3124 E0.4594
G1 X144.5982 Y106.1369 Z90.3152 E0.4593
G1 X143.6651 Y105.4645 Z90.318 E0.4592
G1 X142.7048 Y104.8319 Z90.3209 E0.4591
G1 X141.7190 Y104.2402 Z90.3237 E0.4591
G1 X140.7095 Y103.6904 Z90.3266 E0.459
G1 X139.6780 Y103.1834 Z90.3294 E0.4589
G1 X138.6263 Y102.7201 Z90.3322 E0.4588
G1 X137.5563 Y102.3013 Z90.3351 E0.4588
G1 X136.4700 Y101.9278 Z90.3379 E0.4587
G1 X135.3691 Y101.6001 Z90.3408 E0.4586
G1 X134.2556 Y101.3189 Z90.3436 E0.4585
G1 X133.1316 Y101.0846 Z90.3464 E0.4585
G1 X131.9989 Y100.8976 Z90.3493 E0.4584
G1 X130.8595 Y100.7582 Z90.3521 E0.4583
G1 X129.7155 Y100.6667 Z90.355 E0.4582
G1 X128.5688 Y100.6231 Z90.3578 E0.4582
G1 X127.4216 Y100.6276 Z90.3606 E0.4581
G1 X126.2757 Y100.6802 Z90.3635 E0.458
G1 X125.1332 Y100.7806 Z90.3663 E0.4579
G1 X123.9961 Y100.9289 Z90.3692 E0.4579
G1 X122.8663 Y101.1245 Z90.372 E0.4578
G1 X121.7460 Y101.3673 Z90.3749 E0.4577
G1 X120.6370 Y101.6567 Z90.3777 E0.4576
G1 X119.5413 Y101.9922 Z90.3805 E0.4576
G1 X118.4607 Y102.3733 Z90.3834 E0.4575
G1 X117.3972 Y102.7992 Z90.3862 E0.4574
G1 X116.3527 Y103.2692 Z90.3891 E0.4573
G1 X115.3290 Y103.7824 Z90.3919 E0.4572
G1 X114.3277 Y104.3380 Z90.3947 E0.4572
G1 X113.3508 Y104.9349 Z90.3976 E0.4571
G1 X112.4000 Y105.5721 Z90.4004 E0.457
G1 X111.4768 Y106.2484 Z90.4033 E0.4569
G1 X110.5828 Y106.9627 Z90.4061 E0.4569
G1 X109.7197 Y107.7137 Z90.4089 E0.4568
G1 X108.8890 Y108.5000 Z90.4118 E0.4567
G1 X108.0920 Y109.3203 Z90.4146 E0.4566
G1 X107.3302 Y110.1731 Z90.4175 E0.4566
G1 X106.6049 Y111.0569 Z90.4203 E0.4565
G1 X105.9174 Y111.9702 Z90.4231 E0.4564
G1 X105.2688 Y112.9113 Z90.426 E0.4563
G1 X104.6603 Y113.8785 Z90.4288 E0.4563
G1 X104.0929 Y114.8703 Z90.4317 E0.4562
G1 X103.5677 Y115.8847 Z90.4345 E0.4561
G1 X103.0855 Y116.9201 Z90.4374 E0.456
G1 X102.6471 Y117.9746 Z90.4402 E0.456
G1 X102.2533 Y119.0464 Z90.443 E0.4559
G1 X101.9048 Y120.1335 Z90.4459 E0.4558
G1 X101.6022 Y121.2341 Z90.4487 E0.4557
G1 X101.3460 Y122.3462 Z90.4516 E0.4557
G1 X101.1367 Y123.4678 Z90.4544 E0.4556
G1 X100.9745 Y124.5971 Z90.4572 E0.4555
G1 X100.8597 Y125.7320 Z90.4601 E0.4554
G1 X100.7926 Y126.8705 Z90.4629 E0.4554
G1 X100.7733 Y128.0106 Z90.4658 E0.4553
G1 X100.8016 Y129.1504 Z90.4686 E0.4552
G1 X100.8777 Y130.2877 Z90.4714 E0.4551
G1 X101.0014 Y131.4207 Z90.4743 E0.4551
G1 X101.1723 Y132.5474 Z90.4771 E0.455
G1 X101.3902 Y133.6657 Z90.48 E0.4549
G1 X101.6547 Y134.7737 Z90.4828 E0.4548
G1 X101.9654 Y135.8695 Z90.4856 E0.4548
G1 X102.3216 Y136.9511 Z90.4885 E0.4547
G1 X102.7227 Y138.0167 Z90.4913 E0.4546
G1 X103.1680 Y139.0644 Z90.4942 E0.4545
G1 X103.6567 Y140.0923 Z90.497 E0.4545
G1 X104.1879 Y141.0987 Z90.4999 E0.4544
G1 X104.7607 Y142.0819 Z90.5027 E0.4543
G1 X105.3741 Y143.0400 Z90.5055 E0.4542
G1 X106.0270 Y143.9714 Z90.5084 E0.4542
G1 X106.7182 Y144.8745 Z90.5112 E0.4541
G1 X107.4464 Y145.7478 Z90.5141 E0.454
G1 X108.2105 Y146.5896 Z90.5169 E0.4539
G1 X109.0090 Y147.3986 Z90.5197 E0.4538
G1 X109.8406 Y148.1733 Z90.5226 E0.4538
G1 X110.7037 Y148.9123 Z90.5254 E0.4537
G1 X111.5969 Y149.6145 Z90.5283 E0.4536
G1 X112.5185 Y150.2785 Z90.5311 E0.4535
G1 X113.4670 Y150.9033 Z90.5339 E0.4535
G1 X114.4407 Y151.4877 Z90.5368 E0.4534
G1 X115.4377 Y152.0307 Z90.5396 E0.4533
G1 X116.4565 Y152.5314 Z90.5425 E0.4532
G1 X117.4952 Y152.9889 Z90.5453 E0.4532
G1 X118.5520 Y153.4024 Z90.5481 E0.4531
G1 X119.6250 Y153.7713 Z90.551 E0.453
G1 X120.7123 Y154.0949 Z90.5538 E0.4529
G1 X121.8120 Y154.3726 Z90.5567 E0.4529
G1 X122.9222 Y154.6039 Z90.5595 E0.4528
G1 X124.0409 Y154.7886 Z90.5624 E0.4527
G1 X125.1662 Y154.9262 Z90.5652 E0.4526
G1 X126.2961 Y155.0165 Z90.568 E0.4526
G1 X127.4285 Y155.0595 Z90.5709 E0.4525
G1 X128.5616 Y155.0549 Z90.5737 E0.4524
G1 X129.6934 Y155.0030 Z90.5766 E0.4523
G1 X130.8217 Y154.9037 Z90.5794 E0.4523
G1 X131.9447 Y154.7573 Z90.5823 E0.4522
G1 X133.0605 Y154.5640 Z90.5851 E0.4521
G1 X134.1669 Y154.3242 Z90.5879 E0.452
G1 X135.2622 Y154.0383 Z90.5908 E0.452
G1 X136.3444 Y153.7069 Z90.5936 E0.4519
G1 X137.4115 Y153.3305 Z90.5965 E0.4518
G1 X138.4618 Y152.9098 Z90.5993 E0.4517
G1 X139.4934 Y152.4456 Z90.6021 E0.4517
G1 X140.5044 Y151.9386 Z90.605 E0.4516
G1 X141.4932 Y151.3899 Z90.6078 E0.4515
G1 X142.4579 Y150.8003 Z90.6106 E0.4514
G1 X143.3970 Y150.1710 Z90.6135 E0.4514
G1 X144.3088 Y149.5030 Z90.6163 E0.4513
G1 X145.1916 Y148.7975 Z90.6192 E0.4512
G1 X146.0439 Y148.0558 Z90.622 E0.4511
G1 X146.8643 Y147.2792 Z90.6249 E0.4511
G1 X147.6514 Y146.4691 Z90.6277 E0.451
G1 X148.4037 Y145.6268 Z90.6305 E0.4509
G1 X149.1199 Y144.7539 Z90.6334 E0.4508
G1 X149.7989 Y143.8520 Z90.6362 E0.4508
G1 X150.4394 Y142.9225 Z90.6391 E0.4507
G1 X151.0403 Y141.9672 Z90.6419 E0.4506
G1 X151.6005 Y140.9878 Z90.6447 E0.4505
G1 X152.1192 Y139.9859 Z90.6476 E0.4505
G1 X152.5954 Y138.9633 Z90.6504 E0.4504
G1 X153.0283 Y137.9219 Z90.6533 E0.4503
G1 X153.4171 Y136.8635 Z90.6561 E0.4502
G1 X153.7612 Y135.7898 Z90.659 E0.4502
G1 X154.0600 Y134.7029 Z90.6618 E0.4501
G1 X154.3129 Y133.6046 Z90.6646 E0.45
G1 X154.5196 Y132.4969 Z90.6675 E0.4499
G1 X154.6798 Y131.3817 Z90.6703 E0.4499
G1 X154.7930 Y130.2609 Z90.6732 E0.4498
G1 X154.8592 Y129.1366 Z90.676 E0.4497
G1 X154.8783 Y128.0106 Z90.6788 E0.4496
G1 X154.8502 Y126.8851 Z90.6816 E0.4496
G1 X154.7749 Y125.7619 Z90.6844 E0.4495
G1 X154.6527 Y124.6430 Z90.6871 E0.4494
G1 X154.4838 Y123.5304 Z90.6899 E0.4493
G1 X154.2685 Y122.4260 Z90.6926 E0.4493
G1 X154.0072 Y121.3319 Z90.6954 E0.4492
G1 X153.7003 Y120.2498 Z90.6981 E0.4491
G1 X153.3485 Y119.1817 Z90.7009 E0.449
G1 X152.9523 Y118.1294 Z90.7037 E0.4489
G1 X152.5124 Y117.0948 Z90.7064 E0.4489
G1 X152.0297 Y116.0798 Z90.7092 E0.4488
G1 X151.5050 Y115.0860 Z90.7119 E0.4487
G1 X150.9392 Y114.1152 Z90.7147 E0.4486
G1 X150.3334 Y113.1691 Z90.7174 E0.4486
G1 X149.6886 Y112.2494 Z90.7202 E0.4485
G1 X149.0060 Y111.3576 Z90.723 E0.4484
G1 X148.2868 Y110.4953 Z90.7257 E0.4483
G1 X147.5322 Y109.6641 Z90.7285 E0.4483
G1 X146.7436 Y108.8653 Z90.7312 E0.4482
G1 X145.9224 Y108.1004 Z90.734 E0.4481
G1 X145.0700 Y107.3707 Z90.7367 E0.448
G1 X144.1879 Y106.6774 Z90.7395 E0.4479
G1 X143.2778 Y106.0218 Z90.7423 E0.4479
G1 X142.3411 Y105.4050 Z90.745 E0.4478
G1 X141.3796 Y104.8280 Z90.7478 E0.4477
G1 X140.3950 Y104.2919 Z90.7505 E0.4476
G1 X139.3889 Y103.7976 Z90.7533 E0.4476
G1 X138.3632 Y103.3459 Z90.756 E0.4475
G1 X137.3197 Y102.9377 Z90.7588 E0.4474
G1 X136.2602 Y102.5735 Z90.7616 E0.4473
G1 X135.1865 Y102.2541 Z90.7643 E0.4473
G1 X134.1006 Y101.9800 Z90.7671 E0.4472
G1 X133.0043 Y101.7517 Z90.7698 E0.4471
G1 X131.8996 Y101.5695 Z90.7726 E0.447
G1 X130.7885 Y101.4337 Z90.7753 E0.447
G1 X129.6728 Y101.3446 Z90.7781 E0.4469
G1 X128.5546 Y101.3023 Z90.7809 E0.4468
G1 X127.4358 Y101.3069 Z90.7836 E0.4467
G1 X126.3183 Y101.3583 Z90.7864 E0.4466
G1 X125.2042 Y101.4564 Z90.7891 E0.4466
G1 X124.0953 Y101.6011 Z90.7919 E0.4465
G1 X122.9937 Y101.7921 Z90.7946 E0.4464
G1 X121.9012 Y102.0290 Z90.7974 E0.4463
G1 X120.8198 Y102.3113 Z90.8002 E0.4463
G1 X119.7513 Y102.6387 Z90.8029 E0.4462
G1 X118.6977 Y103.0104 Z90.8057 E0.4461
G1 X117.6607 Y103.4259 Z90.8084 E0.446
G1 X116.6422 Y103.8844 Z90.8112 E0.446
G1 X115.6440 Y104.3850 Z90.8139 E0.4459
G1 X114.6678 Y104.9269 Z90.8167 E0.4458
G1 X113.7153 Y105.5091 Z90.8195 E0.4457
G1 X112.7881 Y106.1306 Z90.8222 E0.4456
G1 X111.8880 Y106.7902 Z90.825 E0.4456
G1 X111.0164 Y107.4868 Z90.8277 E0.4455
G1 X110.1749 Y108.2192 Z90.8305 E0.4454
G1 X109.3649 Y108.9861 Z90.8333 E0.4453
G1 X108.5880 Y109.7860 Z90.836 E0.4453
G1 X107.8453 Y110.6177 Z90.8388 E0.4452
G1 X107.1382 Y111.4796 Z90.8415 E0.4451
G1 X106.4679 Y112.3702 Z90.8443 E0.445
G1 X105.8357 Y113.2879 Z90.847 E0.445
G1 X105.2425 Y114.2311 Z90.8498 E0.4449
G1 X104.6894 Y115.1982 Z90.8526 E0.4448
G1 X104.1774 Y116.1874 Z90.8553 E0.4447
G1 X103.7074 Y117.1970 Z90.8581 E0.4447
G1 X103.2801 Y118.2252 Z90.8608 E0.4446
G1 X102.8963 Y119.2703 Z90.8636 E0.4445
G1 X102.5567 Y120.3303 Z90.8663 E0.4444
G1 X102.2618 Y121.4034 Z90.8691 E0.4444
G1 X102.0122 Y122.4878 Z90.8719 E0.4443
G1 X101.8082 Y123.5814 Z90.8746 E0.4442
G1 X101.6503 Y124.6825 Z90.8774 E0.4441
G1 X101.5385 Y125.7890 Z90.8801 E0.444
G1 X101.4733 Y126.8990 Z90.8829 E0.444
G1 X101.4546 Y128.0106 Z90.8856 E0.4439
G1 X101.4824 Y129.1218 Z90.8884 E0.4438
G1 X101.5568 Y130.2307 Z90.8912 E0.4437
G1 X101.6774 Y131.3353 Z90.8939 E0.4437
G1 X101.8443 Y132.4337 Z90.8967 E0.4436
G1 X102.0569 Y133.5240 Z90.8994 E0.4435
G1 X102.3149 Y134.6042 Z90.9022 E0.4434
G1 X102.6179 Y135.6724 Z90.9049 E0.4434
G1 X102.9654 Y136.7269 Z90.9077 E0.4433
G1 X103.3566 Y137.7657 Z90.9105 E0.4432
G1 X103.7908 Y138.7871 Z90.9132 E0.4431
G1 X104.2674 Y139.7891 Z90.916 E0.443
G1 X104.7855 Y140.7702 Z90.9187 E0.443
G1 X105.3441 Y141.7286 Z90.9215 E0.4429
G1 X105.9422 Y142.6626 Z90.9242 E0.4428
G1 X106.5788 Y143.5705 Z90.927 E0.4427
G1 X107.2527 Y144.4508 Z90.9298 E0.4427
G1 X107.9628 Y145.3020 Z90.9325 E0.4426
G1 X108.7078 Y146.1226 Z90.9353 E0.4425
G1 X109.4864 Y146.9111 Z90.938 E0.4424
G1 X110.2972 Y147.6662 Z90.9408 E0.4424
G1 X111.1387 Y148.3866 Z90.9435 E0.4423
G1 X112.0095 Y149.0709 Z90.9463 E0.4422
G1 X112.9080 Y149.7181 Z90.9491 E0.4421
G1 X113.8327 Y150.3270 Z90.9518 E0.4421
G1 X114.7819 Y150.8965 Z90.9546 E0.442
G1 X115.7540 Y151.4257 Z90.9573 E0.4419
G1 X116.7472 Y151.9136 Z90.9601 E0.4418
G1 X117.7598 Y152.3595 Z90.9629 E0.4418
G1 X118.7900 Y152.7625 Z90.9656 E0.4417
G1 X119.8360 Y153.1219 Z90.9684 E0.4416
G1 X120.8959 Y153.4371 Z90.9711 E0.4415
G1 X121.9680 Y153.7077 Z90.9739 E0.4415
G1 X123.0502 Y153.9330 Z90.9766 E0.4414
G1 X124.1407 Y154.1128 Z90.9794 E0.4413
G1 X125.2376 Y154.2468 Z90.9821 E0.4412
G1 X126.3390 Y154.3347 Z90.9849 E0.4411
G1 X127.4429 Y154.3764 Z90.9877 E0.4411
G1 X128.5473 Y154.3718 Z90.9904 E0.441
G1 X129.6505 Y154.3210 Z90.9932 E0.4409
G1 X130.7503 Y154.2241 Z90.9959 E0.4408
G1 X131.8449 Y154.0812 Z90.9987 E0.4408
G1 X132.9324 Y153.8926 Z91.0015 E0.4407
G1 X134.0109 Y153.6587 Z91.0042 E0.4406
G1 X135.0784 Y153.3799 Z91.007 E0.4405
G1 X136.1331 Y153.0567 Z91.0097 E0.4405
G1 X137.1732 Y152.6897 Z91.0125 E0.4404
G1 X138.1968 Y152.2795 Z91.0152 E0.4403
G1 X139.2022 Y151.8269 Z91.018 E0.4402
G1 X140.1876 Y151.3326 Z91.0208 E0.4402
G1 X141.1512 Y150.7976 Z91.0235 E0.4401
G1 X142.0915 Y150.2229 Z91.0263 E0.44
G1 X143.0067 Y149.6093 Z91.029 E0.4399
G1 X143.8952 Y148.9581 Z91.0318 E0.4398
G1 X144.7555 Y148.2704 Z91.0345 E0.4398
G1 X145.5862 Y147.5474 Z91.0373 E0.4397
G1 X146.3856 Y146.7904 Z91.0401 E0.4396
G1 X147.1526 Y146.0007 Z91.0428 E0.4395
G1 X147.8857 Y145.1797 Z91.0456 E0.4395
G1 X148.5836 Y144.3288 Z91.0483 E0.4394
G1 X149.2452 Y143.4497 Z91.0511 E0.4393
G1 X149.8693 Y142.5438 Z91.0538 E0.4392
G1 X150.4548 Y141.6126 Z91.0566 E0.4392
G1 X151.0007 Y140.6580 Z91.0594 E0.4391
G1 X151.5060 Y139.6815 Z91.0621 E0.439
G1 X151.9699 Y138.6849 Z91.0649 E0.4389
G1 X152.3917 Y137.6699 Z91.0676 E0.4389
G1 X152.7704 Y136.6383 Z91.0704 E0.4388
G1 X153.1056 Y135.5919 Z91.0731 E0.4387
G1 X153.3966 Y134.5326 Z91.0759 E0.4386
G1 X153.6430 Y133.4622 Z91.0787 E0.4386
G1 X153.8443 Y132.3827 Z91.0814 E0.4385
G1 X154.0002 Y131.2958 Z91.0842 E0.4384
G1 X154.1104 Y130.2036 Z91.0869 E0.4383
G1 X154.1747 Y129.1079 Z91.0897 E0.4383
G1 X154.1931 Y128.0106 Z91.0925 E0.4382
G1 X154.1655 Y126.9137 Z91.0951 E0.4381
G1 X154.0921 Y125.8192 Z91.0978 E0.438
G1 X153.9728 Y124.7289 Z91.1005 E0.4379
G1 X153.8080 Y123.6447 Z91.1031 E0.4379
G1 X153.5981 Y122.5685 Z91.1058 E0.4378
G1 X153.3432 Y121.5023 Z91.1085 E0.4377
G1 X153.0441 Y120.4479 Z91.1112 E0.4376
G1 X152.7010 Y119.4071 Z91.1138 E0.4376
G1 X152.3148 Y118.3818 Z91.1165 E0.4375
G1 X151.8860 Y117.3737 Z91.1192 E0.4374
G1 X151.4155 Y116.3846 Z91.1219 E0.4373
G1 X150.9041 Y115.4163 Z91.1245 E0.4372
G1 X150.3526 Y114.4704 Z91.1272 E0.4372
G1 X149.7622 Y113.5486 Z91.1299 E0.4371
G1 X149.1337 Y112.6525 Z91.1326 E0.437
G1 X148.4684 Y111.7837 Z91.1352 E0.4369
G1 X147.7675 Y110.9436 Z91.1379 E0.4369
G1 X147.0321 Y110.1337 Z91.1406 E0.4368
G1 X146.2635 Y109.3555 Z91.1432 E0.4367
G1 X145.4632 Y108.6103 Z91.1459 E0.4366
G1 X144.6326 Y107.8994 Z91.1486 E0.4365
G1 X143.7730 Y107.2240 Z91.1513 E0.4365
G1 X142.8861 Y106.5854 Z91.1539 E0.4364
G1 X141.9734 Y105.9845 Z91.1566 E0.4363
G1 X141.0364 Y105.4224 Z91.1593 E0.4362
G1 X140.0770 Y104.9002 Z91.162 E0.4362
G1 X139.0966 Y104.4188 Z91.1646 E0.4361
G1 X138.0972 Y103.9788 Z91.1673 E0.436
G1 X137.0804 Y103.5812 Z91.17 E0.4359
G1 X136.0480 Y103.2266 Z91.1727 E0.4359
G1 X135.0018 Y102.9155 Z91.1753 E0.4358
G1 X133.9437 Y102.6486 Z91.178 E0.4357
G1 X132.8756 Y102.4263 Z91.1807 E0.4356
G1 X131.7993 Y102.2490 Z91.1834 E0.4355
G1 X130.7167 Y102.1169 Z91.186 E0.4355
G1 X129.6297 Y102.0302 Z91.1887 E0.4354
G1 X128.5402 Y101.9892 Z91.1914 E0.4353
G1 X127.4502 Y101.9938 Z91.194 E0.4352
G1 X126.3615 Y102.0440 Z91.1967 E0.4352
G1 X125.2760 Y102.1398 Z91.1994 E0.4351
G1 X124.1957 Y102.2809 Z91.2021 E0.435
G1 X123.1225 Y102.4671 Z91.2047 E0.4349
G1 X122.0581 Y102.6981 Z91.2074 E0.4348
G1 X121.0046 Y102.9734 Z91.2101 E0.4348
G1 X119.9637 Y103.2924 Z91.2128 E0.4347
G1 X118.9373 Y103.6548 Z91.2154 E0.4346
G1 X117.9271 Y104.0597 Z91.2181 E0.4345
G1 X116.9349 Y104.5065 Z91.2208 E0.4345
G1 X115.9625 Y104.9944 Z91.2235 E0.4344
G1 X115.0116 Y105.5224 Z91.2261 E0.4343
G1 X114.0837 Y106.0897 Z91.2288 E0.4342
G1 X113.1806 Y106.6953 Z91.2315 E0.4341
G1 X112.3038 Y107.3380 Z91.2341 E0.4341
G1 X111.4548 Y108.0168 Z91.2368 E0.434
G1 X110.6352 Y108.7304 Z91.2395 E0.4339
G1 X109.8463 Y109.4776 Z91.2422 E0.4338
G1 X109.0895 Y110.2570 Z91.2449 E0.4338
G1 X108.3661 Y111.0673 Z91.2475 E0.4337
G1 X107.6774 Y111.9070 Z91.2502 E0.4336
G1 X107.0246 Y112.7746 Z91.2529 E0.4335
G1 X106.4089 Y113.6687 Z91.2555 E0.4335
G1 X105.8312 Y114.5876 Z91.2582 E0.4334
G1 X105.2926 Y115.5298 Z91.2609 E0.4333
G1 X104.7940 Y116.4934 Z91.2636 E0.4332
G1 X104.3363 Y117.4770 Z91.2662 E0.4331
G1 X103.9202 Y118.4787 Z91.2689 E0.4331
G1 X103.5465 Y119.4967 Z91.2716 E0.433
G1 X103.2159 Y120.5293 Z91.2743 E0.4329
G1 X102.9288 Y121.5747 Z91.2769 E0.4328
G1 X102.6858 Y122.6309 Z91.2796 E0.4328
G1 X102.4873 Y123.6963 Z91.2823 E0.4327
G1 X102.3335 Y124.7688 Z91.285 E0.4326
G1 X102.2249 Y125.8466 Z91.2876 E0.4325
G1 X102.1615 Y126.9279 Z91.2903 E0.4325
G1 X102.1434 Y128.0106 Z91.293 E0.4324
G1 X102.1707 Y129.0930 Z91.2957 E0.4323
G1 X102.2433 Y130.1731 Z91.2983 E0.4322
G1 X102.3610 Y131.2489 Z91.301 E0.4321
G1 X102.5237 Y132.3188 Z91.3037 E0.4321
G1 X102.7309 Y133.3807 Z91.3064 E0.432
G1 X102.9825 Y134.4328 Z91.309 E0.4319
G1 X103.2777 Y135.4732 Z91.3117 E0.4318
G1 X103.6163 Y136.5002 Z91.3144 E0.4318
G1 X103.9975 Y137.5120 Z91.317 E0.4317
G1 X104.4206 Y138.5067 Z91.3197 E0.4316
G1 X104.8850 Y139.4826 Z91.3224 E0.4315
G1 X105.3897 Y140.4381 Z91.3251 E0.4314
G1 X105.9339 Y141.3714 Z91.3277 E0.4314
G1 X106.5166 Y142.2810 Z91.3304 E0.4313
G1 X107.1367 Y143.1651 Z91.3331 E0.4312
G1 X107.7932 Y144.0224 Z91.3358 E0.4311
G1 X108.4850 Y144.8514 Z91.3384 E0.4311
G1 X109.2106 Y145.6504 Z91.3411 E0.431
G1 X109.9690 Y146.4183 Z91.3438 E0.4309
G1 X110.7588 Y147.1535 Z91.3465 E0.4308
G1 X111.5785 Y147.8550 Z91.3491 E0.4308
G1 X112.4266 Y148.5214 Z91.3518 E0.4307
G1 X113.3018 Y149.1515 Z91.3545 E0.4306
G1 X114.2025 Y149.7444 Z91.3571 E0.4305
G1 X115.1270 Y150.2989 Z91.3598 E0.4304
G1 X116.0738 Y150.8141 Z91.3625 E0.4304
G1 X117.0411 Y151.2891 Z91.3652 E0.4303
G1 X118.0273 Y151.7232 Z91.3678 E0.4302
G1 X119.0306 Y152.1154 Z91.3705 E0.4301
G1 X120.0493 Y152.4653 Z91.3732 E0.4301
G1 X121.0816 Y152.7721 Z91.3759 E0.43
G1 X122.1256 Y153.0354 Z91.3785 E0.4299
G1 X123.1796 Y153.2547 Z91.3812 E0.4298
G1 X124.2416 Y153.4297 Z91.3839 E0.4297
G1 X125.3098 Y153.5600 Z91.3866 E0.4297
G1 X126.3823 Y153.6454 Z91.3892 E0.4296
G1 X127.4573 Y153.6858 Z91.3919 E0.4295
G1 X128.5329 Y153.6812 Z91.3946 E0.4294
G1 X129.6071 Y153.6316 Z91.3972 E0.4294
G1 X130.6781 Y153.5370 Z91.3999 E0.4293
G1 X131.7440 Y153.3977 Z91.4026 E0.4292
G1 X132.8029 Y153.2139 Z91.4053 E0.4291
G1 X133.8531 Y152.9860 Z91.408 E0.4291
G1 X134.8925 Y152.7143 Z91.4106 E0.429
G1 X135.9196 Y152.3994 Z91.4133 E0.4289
G1 X136.9323 Y152.0419 Z91.416 E0.4288
G1 X137.9290 Y151.6423 Z91.4186 E0.4288
G1 X138.9079 Y151.2014 Z91.4213 E0.4287
G1 X139.8673 Y150.7200 Z91.424 E0.4286
G1 X140.8056 Y150.1989 Z91.4267 E0.4285
G1 X141.7210 Y149.6391 Z91.4293 E0.4284
G1 X142.6120 Y149.0416 Z91.432 E0.4284
G1 X143.4771 Y148.4073 Z91.4347 E0.4283
G1 X144.3147 Y147.7376 Z91.4374 E0.4282
G1 X145.1234 Y147.0335 Z91.44 E0.4281
G1 X145.9017 Y146.2962 Z91.4427 E0.4281
G1 X146.6484 Y145.5272 Z91.4454 E0.428
G1 X147.3620 Y144.7277 Z91.4481 E0.4279
G1 X148.0415 Y143.8991 Z91.4507 E0.4278
G1 X148.6855 Y143.0430 Z91.4534 E0.4277
G1 X149.2930 Y142.1609 Z91.4561 E0.4277
G1 X149.8629 Y141.2542 Z91.4587 E0.4276
G1 X150.3942 Y140.3246 Z91.4614 E0.4275
G1 X150.8861 Y139.3738 Z91.4641 E0.4274
G1 X151.3377 Y138.4034 Z91.4668 E0.4274
G1 X151.7481 Y137.4151 Z91.4694 E0.4273
G1 X152.1167 Y136.4106 Z91.4721 E0.4272
G1 X152.4429 Y135.3918 Z91.4748 E0.4271
G1 X152.7261 Y134.3604 Z91.4775 E0.4271
G1 X152.9658 Y133.3183 Z91.4801 E0.427
G1 X153.1616 Y132.2672 Z91.4828 E0.4269
G1 X153.3132 Y131.2090 Z91.4855 E0.4268
G1 X153.4203 Y130.1456 Z91.4882 E0.4268
G1 X153.4828 Y129.0789 Z91.4908 E0.4267
G1 X153.5006 Y128.0106 Z91.4935 E0.4266
G1 X153.4735 Y126.9428 Z91.4961 E0.4265
G1 X153.4018 Y125.8772 Z91.4987 E0.4264
G1 X153.2855 Y124.8157 Z91.5013 E0.4264
G1 X153.1250 Y123.7602 Z91.5039 E0.4263
G1 X152.9204 Y122.7126 Z91.5065 E0.4262
G1 X152.6721 Y121.6746 Z91.509 E0.4261
G1 X152.3807 Y120.6482 Z91.5116 E0.4261
G1 X152.0466 Y119.6350 Z91.5142 E0.426
G1 X151.6704 Y118.6369 Z91.5168 E0.4259
G1 X151.2529 Y117.6556 Z91.5194 E0.4258
G1 X150.7947 Y116.6928 Z91.522 E0.4257
G1 X150.2967 Y115.7503 Z91.5246 E0.4257
G1 X149.7597 Y114.8295 Z91.5272 E0.4256
G1 X149.1847 Y113.9323 Z91.5298 E0.4255
G1 X148.5728 Y113.0600 Z91.5323 E0.4254
G1 X147.9251 Y112.2143 Z91.5349 E0.4253
G1 X147.2426 Y111.3967 Z91.5375 E0.4253
G1 X146.5266 Y110.6084 Z91.5401 E0.4252
G1 X145.7783 Y109.8510 Z91.5427 E0.4251
G1 X144.9992 Y109.1257 Z91.5453 E0.425
G1 X144.1905 Y108.4338 Z91.5479 E0.4249
G1 X143.3536 Y107.7765 Z91.5505 E0.4249
G1 X142.4902 Y107.1550 Z91.5531 E0.4248
G1 X141.6016 Y106.5702 Z91.5557 E0.4247
G1 X140.6895 Y106.0233 Z91.5583 E0.4246
G1 X139.7555 Y105.5151 Z91.5608 E0.4246
G1 X138.8012 Y105.0466 Z91.5634 E0.4245
G1 X137.8283 Y104.6185 Z91.566 E0.4244
G1 X136.8385 Y104.2317 Z91.5686 E0.4243
G1 X135.8335 Y103.8866 Z91.5712 E0.4242
G1 X134.8152 Y103.5840 Z91.5738 E0.4242
G1 X133.7852 Y103.3244 Z91.5764 E0.4241
G1 X132.7455 Y103.1082 Z91.579 E0.424
G1 X131.6979 Y102.9357 Z91.5816 E0.4239
G1 X130.6441 Y102.8073 Z91.5842 E0.4239
G1 X129.5861 Y102.7231 Z91.5867 E0.4238
G1 X128.5257 Y102.6834 Z91.5893 E0.4237
G1 X127.4647 Y102.6880 Z91.5919 E0.4236
G1 X126.4051 Y102.7371 Z91.5945 E0.4235
G1 X125.3486 Y102.8305 Z91.5971 E0.4235
G1 X124.2972 Y102.9680 Z91.5997 E0.4234
G1 X123.2526 Y103.1494 Z91.6023 E0.4233
G1 X122.2168 Y103.3744 Z91.6049 E0.4232
G1 X121.1914 Y103.6424 Z91.6075 E0.4232
G1 X120.1784 Y103.9532 Z91.6101 E0.4231
G1 X119.1795 Y104.3060 Z91.6126 E0.423
G1 X118.1964 Y104.7002 Z91.6152 E0.4229
G1 X117.2308 Y105.1352 Z91.6178 E0.4228
G1 X116.2845 Y105.6102 Z91.6204 E0.4228
G1 X115.3591 Y106.1243 Z91.623 E0.4227
G1 X114.4561 Y106.6766 Z91.6256 E0.4226
G1 X113.5773 Y107.2661 Z91.6282 E0.4225
G1 X112.7241 Y107.8917 Z91.6308 E0.4224
G1 X111.8980 Y108.5524 Z91.6334 E0.4224
G1 X111.1004 Y109.2471 Z91.6359 E0.4223
G1 X110.3327 Y109.9743 Z91.6385 E0.4222
G1 X109.5963 Y110.7330 Z91.6411 E0.4221
G1 X108.8925 Y111.5216 Z91.6437 E0.4221
G1 X108.2224 Y112.3389 Z91.6463 E0.422
G1 X107.5873 Y113.1834 Z91.6489 E0.4219
G1 X106.9882 Y114.0536 Z91.6515 E0.4218
G1 X106.4261 Y114.9479 Z91.6541 E0.4217
G1 X105.9021 Y115.8649 Z91.6567 E0.4217
G1 X105.4171 Y116.8028 Z91.6593 E0.4216
G1 X104.9718 Y117.7600 Z91.6618 E0.4215
G1 X104.5671 Y118.7348 Z91.6644 E0.4214
G1 X104.2036 Y119.7255 Z91.667 E0.4214
G1 X103.8820 Y120.7304 Z91.6696 E0.4213
G1 X103.6028 Y121.7477 Z91.6722 E0.4212
G1 X103.3665 Y122.7756 Z91.6748 E0.4211
G1 X103.1735 Y123.8123 Z91.6774 E0.421
G1 X103.0241 Y124.8560 Z91.68 E0.421
G1 X102.9185 Y125.9049 Z91.6826 E0.4209
G1 X102.8570 Y126.9570 Z91.6852 E0.4208
G1 X102.8396 Y128.0106 Z91.6877 E0.4207
G1 X102.8663 Y129.0638 Z91.6903 E0.4207
G1 X102.9371 Y130.1148 Z91.6929 E0.4206
G1 X103.0518 Y131.1617 Z91.6955 E0.4205
G1 X103.2103 Y132.2027 Z91.6981 E0.4204
G1 X103.4121 Y133.2359 Z91.7007 E0.4203
G1 X103.6570 Y134.2596 Z91.7033 E0.4203
G1 X103.9445 Y135.2719 Z91.7059 E0.4202
G1 X104.2741 Y136.2712 Z91.7085 E0.4201
G1 X104.6451 Y137.2555 Z91.7111 E0.42
G1 X105.0570 Y138.2233 Z91.7136 E0.42
G1 X105.5090 Y139.1728 Z91.7162 E0.4199
G1 X106.0002 Y140.1024 Z91.7188 E0.4198
G1 X106.5299 Y141.0104 Z91.7214 E0.4197
G1 X107.0969 Y141.8953 Z91.724 E0.4196
G1 X107.7005 Y142.7555 Z91.7266 E0.4196
G1 X108.3394 Y143.5896 Z91.7292 E0.4195
G1 X109.0125 Y144.3959 Z91.7318 E0.4194
G1 X109.7187 Y145.1733 Z91.7344 E0.4193
G1 X110.4567 Y145.9202 Z91.7369 E0.4192
G1 X111.2252 Y146.6355 Z91.7395 E0.4192
G1 X112.0228 Y147.3178 Z91.7421 E0.4191
G1 X112.8482 Y147.9660 Z91.7447 E0.419
G1 X113.6998 Y148.5790 Z91.7473 E0.4189
G1 X114.5761 Y149.1556 Z91.7499 E0.4189
G1 X115.4757 Y149.6950 Z91.7525 E0.4188
G1 X116.3969 Y150.1961 Z91.7551 E0.4187
G1 X117.3381 Y150.6581 Z91.7577 E0.4186
G1 X118.2976 Y151.0802 Z91.7603 E0.4186
G1 X119.2738 Y151.4617 Z91.7629 E0.4185
G1 X120.2649 Y151.8019 Z91.7654 E0.4184
G1 X121.2692 Y152.1002 Z91.768 E0.4183
G1 X122.2849 Y152.3562 Z91.7706 E0.4182
G1 X123.3103 Y152.5694 Z91.7732 E0.4182
G1 X124.3435 Y152.7394 Z91.7758 E0.4181
G1 X125.3827 Y152.8660 Z91.7784 E0.418
G1 X126.4262 Y152.9489 Z91.781 E0.4179
G1 X127.4719 Y152.9881 Z91.7836 E0.4179
G1 X128.5183 Y152.9834 Z91.7862 E0.4178
G1 X129.5632 Y152.9350 Z91.7887 E0.4177
G1 X130.6051 Y152.8428 Z91.7913 E0.4176
G1 X131.6420 Y152.7071 Z91.7939 E0.4175
G1 X132.6721 Y152.5281 Z91.7965 E0.4175
G1 X133.6936 Y152.3062 Z91.7991 E0.4174
G1 X134.7048 Y152.0418 Z91.8017 E0.4173
G1 X135.7038 Y151.7353 Z91.8043 E0.4172
G1 X136.6889 Y151.3873 Z91.8069 E0.4171
G1 X137.6583 Y150.9985 Z91.8095 E0.4171
G1 X138.6105 Y150.5694 Z91.8121 E0.417
G1 X139.5437 Y150.1010 Z91.8146 E0.4169
G1 X140.4563 Y149.5940 Z91.8172 E0.4168
G1 X141.3467 Y149.0493 Z91.8198 E0.4168
G1 X142.2133 Y148.4679 Z91.8224 E0.4167
G1 X143.0547 Y147.8508 Z91.825 E0.4166
G1 X143.8693 Y147.1992 Z91.8276 E0.4165
G1 X144.6558 Y146.5142 Z91.8302 E0.4165
G1 X145.4128 Y145.7969 Z91.8328 E0.4164
G1 X146.1389 Y145.0488 Z91.8354 E0.4163
G1 X146.8330 Y144.2710 Z91.838 E0.4162
G1 X147.4937 Y143.4650 Z91.8405 E0.4161
G1 X148.1200 Y142.6322 Z91.8431 E0.4161
G1 X148.7107 Y141.7740 Z91.8457 E0.416
G1 X149.2649 Y140.8920 Z91.8483 E0.4159
G1 X149.7816 Y139.9878 Z91.8509 E0.4158
G1 X150.2598 Y139.0629 Z91.8535 E0.4158
G1 X150.6989 Y138.1190 Z91.8561 E0.4157
G1 X151.0979 Y137.1576 Z91.8587 E0.4156
G1 X151.4563 Y136.1806 Z91.8613 E0.4155
G1 X151.7734 Y135.1897 Z91.8639 E0.4154
G1 X152.0486 Y134.1865 Z91.8664 E0.4154
G1 X152.2816 Y133.1729 Z91.869 E0.4153
G1 X152.4718 Y132.1505 Z91.8716 E0.4152
G1 X152.6191 Y131.1213 Z91.8742 E0.4151
G1 X152.7231 Y130.0871 Z91.8768 E0.415
G1 X152.7837 Y129.0496 Z91.8794 E0.415
G1 X152.8008 Y128.0106 Z91.882 E0.4149
G1 X152.7744 Y126.9721 Z91.8845 E0.4148
G1 X152.7044 Y125.9357 Z91.887 E0.4147
G1 X152.5912 Y124.9034 Z91.8895 E0.4147
G1 X152.4349 Y123.8769 Z91.892 E0.4146
G1 X152.2357 Y122.8581 Z91.8945 E0.4145
G1 X151.9941 Y121.8487 Z91.897 E0.4144
G1 X151.7105 Y120.8505 Z91.8995 E0.4143
G1 X151.3855 Y119.8652 Z91.902 E0.4143
G1 X151.0195 Y118.8946 Z91.9045 E0.4142
G1 X150.6132 Y117.9404 Z91.907 E0.4141
G1 X150.1675 Y117.0042 Z91.9095 E0.414
G1 X149.6830 Y116.0876 Z91.9121 E0.4139
G1 X149.1607 Y115.1923 Z91.9146 E0.4139
G1 X148.6014 Y114.3199 Z91.9171 E0.4138
G1 X148.0062 Y113.4717 Z91.9196 E0.4137
G1 X147.3761 Y112.6494 Z91.9221 E0.4136
G1 X146.7123 Y111.8544 Z91.9246 E0.4136
G1 X146.0159 Y111.0880 Z91.9271 E0.4135
G1 X145.2882 Y110.3516 Z91.9296 E0.4134
G1 X144.5303 Y109.6464 Z91.9321 E0.4133
G1 X143.7438 Y108.9737 Z91.9346 E0.4132
G1 X142.9300 Y108.3347 Z91.9371 E0.4132
G1 X142.0903 Y107.7304 Z91.9396 E0.4131
G1 X141.2261 Y107.1619 Z91.9421 E0.413
G1 X140.3391 Y106.6302 Z91.9446 E0.4129
G1 X139.4308 Y106.1363 Z91.9471 E0.4128
G1 X138.5027 Y105.6808 Z91.9496 E0.4128
G1 X137.5566 Y105.2648 Z91.9521 E0.4127
G1 X136.5941 Y104.8887 Z91.9547 E0.4126
G1 X135.6169 Y104.5534 Z91.9572 E0.4125
G1 X134.6266 Y104.2594 Z91.9597 E0.4124
G1 X133.6251 Y104.0071 Z91.9622 E0.4124
G1 X132.6141 Y103.7970 Z91.9647 E0.4123
G1 X131.5954 Y103.6295 Z91.9672 E0.4122
G1 X130.5708 Y103.5048 Z91.9697 E0.4121
G1 X129.5421 Y103.4231 Z91.9722 E0.412
G1 X128.5110 Y103.3846 Z91.9747 E0.412
G1 X127.4794 Y103.3893 Z91.9772 E0.4119
G1 X126.4491 Y103.4372 Z91.9797 E0.4118
G1 X125.4219 Y103.5282 Z91.9822 E0.4117
G1 X124.3997 Y103.6621 Z91.9847 E0.4117
G1 X123.3841 Y103.8386 Z91.9872 E0.4116
G1 X122.3770 Y104.0575 Z91.9897 E0.4115
G1 X121.3801 Y104.3183 Z91.9922 E0.4114
G1 X120.3953 Y104.6206 Z91.9948 E0.4113
G1 X119.4241 Y104.9638 Z91.9973 E0.4113
G1 X118.4684 Y105.3473 Z91.9998 E0.4112
G1 X117.5297 Y105.7703 Z92.0023 E0.4111
G1 X116.6097 Y106.2323 Z92.0048 E0.411
G1 X115.7101 Y106.7322 Z92.0073 E0.4109
G1 X114.8323 Y107.2693 Z92.0098 E0.4109
G1 X113.9780 Y107.8426 Z92.0123 E0.4108
G1 X113.1486 Y108.4510 Z92.0148 E0.4107
G1 X112.3455 Y109.0935 Z92.0173 E0.4106
G1 X111.5703 Y109.7689 Z92.0198 E0.4106
G1 X110.8241 Y110.4761 Z92.0223 E0.4105
G1 X110.1083 Y111.2138 Z92.0248 E0.4104
G1 X109.4242 Y111.9806 Z92.0273 E0.4103
G1 X108.7729 Y112.7752 Z92.0298 E0.4102
G1 X108.1556 Y113.5963 Z92.0323 E0.4102
G1 X107.5733 Y114.4424 Z92.0348 E0.4101
G1 X107.0271 Y115.3119 Z92.0373 E0.41
G1 X106.5178 Y116.2033 Z92.0398 E0.4099
G1 X106.0464 Y117.1152 Z92.0424 E0.4098
G1 X105.6137 Y118.0458 Z92.0449 E0.4098
G1 X105.2205 Y118.9935 Z92.0474 E0.4097
G1 X104.8673 Y119.9566 Z92.0499 E0.4096
G1 X104.5548 Y120.9336 Z92.0524 E0.4095
G1 X104.2836 Y121.9225 Z92.0549 E0.4094
G1 X104.0541 Y122.9218 Z92.0574 E0.4094
G1 X103.8666 Y123.9296 Z92.0599 E0.4093
G1 X103.7215 Y124.9441 Z92.0624 E0.4092
G1 X103.6191 Y125.9637 Z92.0649 E0.4091
G1 X103.5595 Y126.9864 Z92.0674 E0.4091
G1 X103.5428 Y128.0106 Z92.0699 E0.409
G1 X103.5689 Y129.0344 Z92.0724 E0.4089
G1 X103.6379 Y130.0559 Z92.0749 E0.4088
G1 X103.7496 Y131.0735 Z92.0774 E0.4087
G1 X103.9038 Y132.0854 Z92.0799 E0.4087
G1 X104.1001 Y133.0897 Z92.0825 E0.4086
G1 X104.3383 Y134.0846 Z92.085 E0.4085
G1 X104.6180 Y135.0686 Z92.0875 E0.4084
G1 X104.9385 Y136.0398 Z92.09 E0.4083
G1 X105.2993 Y136.9965 Z92.0925 E0.4083
G1 X105.6998 Y137.9371 Z92.095 E0.4082
G1 X106.1393 Y138.8600 Z92.0975 E0.4081
G1 X106.6169 Y139.7634 Z92.1 E0.408
G1 X107.1318 Y140.6459 Z92.1025 E0.4079
G1 X107.6832 Y141.5059 Z92.105 E0.4079
G1 X108.2699 Y142.3418 Z92.1075 E0.4078
G1 X108.8910 Y143.1523 Z92.11 E0.4077
G1 X109.5454 Y143.9360 Z92.1125 E0.4076
G1 X110.2319 Y144.6914 Z92.115 E0.4076
G1 X110.9493 Y145.4172 Z92.1175 E0.4075
G1 X111.6963 Y146.1123 Z92.12 E0.4074
G1 X112.4716 Y146.7753 Z92.1225 E0.4073
G1 X113.2739 Y147.4051 Z92.1251 E0.4072
G1 X114.1017 Y148.0007 Z92.1276 E0.4072
G1 X114.9535 Y148.5610 Z92.1301 E0.4071
G1 X115.8278 Y149.0850 Z92.1326 E0.407
G1 X116.7232 Y149.5719 Z92.1351 E0.4069
G1 X117.6380 Y150.0207 Z92.1376 E0.4068
G1 X118.5706 Y150.4308 Z92.1401 E0.4068
G1 X119.5193 Y150.8014 Z92.1426 E0.4067
G1 X120.4826 Y151.1318 Z92.1451 E0.4066
G1 X121.4587 Y151.4216 Z92.1476 E0.4065
G1 X122.4458 Y151.6702 Z92.1501 E0.4065
G1 X123.4423 Y151.8772 Z92.1526 E0.4064
G1 X124.4465 Y152.0422 Z92.1551 E0.4063
G1 X125.4564 Y152.1651 Z92.1576 E0.4062
G1 X126.4704 Y152.2455 Z92.1601 E0.4061
G1 X127.4867 Y152.2834 Z92.1626 E0.4061
G1 X128.5035 Y152.2787 Z92.1651 E0.406
G1 X129.5190 Y152.2314 Z92.1676 E0.4059
G1 X130.5314 Y152.1417 Z92.1702 E0.4058
G1 X131.5390 Y152.0096 Z92.1727 E0.4057
G1 X132.5400 Y151.8355 Z92.1752 E0.4057
G1 X133.5326 Y151.6197 Z92.1777 E0.4056
G1 X134.5151 Y151.3626 Z92.1802 E0.4055
G1 X135.4858 Y151.0646 Z92.1827 E0.4054
G1 X136.4430 Y150.7263 Z92.1852 E0.4054
G1 X137.3850 Y150.3483 Z92.1877 E0.4053
G1 X138.3102 Y149.9312 Z92.1902 E0.4052
G1 X139.2169 Y149.4759 Z92.1927 E0.4051
G1 X140.1036 Y148.9830 Z92.1952 E0.405
G1 X140.9687 Y148.4536 Z92.1977 E0.405
G1 X141.8107 Y147.8885 Z92.2002 E0.4049
G1 X142.6281 Y147.2888 Z92.2027 E0.4048
G1 X143.4195 Y146.6555 Z92.2052 E0.4047
G1 X144.1836 Y145.9897 Z92.2077 E0.4047
G1 X144.9190 Y145.2927 Z92.2103 E0.4046
G1 X145.6244 Y144.5656 Z92.2127 E0.4045
G1 X146.2987 Y143.8098 Z92.2152 E0.4044
G1 X146.9405 Y143.0265 Z92.2178 E0.4043
G1 X147.5489 Y142.2172 Z92.2203 E0.4043
G1 X148.1227 Y141.3834 Z92.2228 E0.4042
G1 X148.6610 Y140.5263 Z92.2253 E0.4041
G1 X149.1629 Y139.6477 Z92.2278 E0.404
G1 X149.6274 Y138.7490 Z92.2303 E0.4039
G1 X150.0538 Y137.8318 Z92.2328 E0.4039
G1 X150.4413 Y136.8977 Z92.2353 E0.4038
G1 X150.7894 Y135.9484 Z92.2378 E0.4037
G1 X151.0972 Y134.9856 Z92.2403 E0.4036
G1 X151.3645 Y134.0108 Z92.2428 E0.4036
G1 X151.5907 Y133.0260 Z92.2453 E0.4035
G1 X151.7753 Y132.0327 Z92.2478 E0.4034
G1 X151.9182 Y131.0328 Z92.2503 E0.4033
G1 X152.0191 Y130.0280 Z92.2528 E0.4032
G1 X152.0778 Y129.0200 Z92.2553 E0.4032
G1 X152.0942 Y128.0106 Z92.2579 E0.4031
G1 X152.0684 Y127.0016 Z92.2603 E0.403
G1 X152.0002 Y125.9948 Z92.2627 E0.4029
G1 X151.8901 Y124.9920 Z92.2651 E0.4028
G1 X151.7380 Y123.9948 Z92.2675 E0.4028
G1 X151.5444 Y123.0051 Z92.27 E0.4027
G1 X151.3095 Y122.0245 Z92.2724 E0.4026
G1 X151.0338 Y121.0548 Z92.2748 E0.4025
G1 X150.7178 Y120.0977 Z92.2772 E0.4024
G1 X150.3621 Y119.1549 Z92.2796 E0.4024
G1 X149.9673 Y118.2280 Z92.2821 E0.4023
G1 X149.5342 Y117.3186 Z92.2845 E0.4022
G1 X149.0634 Y116.4283 Z92.2869 E0.4021
G1 X148.5558 Y115.5586 Z92.2893 E0.402
G1 X148.0124 Y114.7112 Z92.2917 E0.402
G1 X147.4340 Y113.8874 Z92.2942 E0.4019
G1 X146.8218 Y113.0888 Z92.2966 E0.4018
G1 X146.1769 Y112.3166 Z92.299 E0.4017
G1 X145.5002 Y111.5722 Z92.3014 E0.4016
G1 X144.7932 Y110.8570 Z92.3039 E0.4016
G1 X144.0570 Y110.1722 Z92.3063 E0.4015
G1 X143.2929 Y109.5189 Z92.3087 E0.4014
G1 X142.5022 Y108.8983 Z92.3111 E0.4013
G1 X141.6864 Y108.3114 Z92.3135 E0.4012
G1 X140.8470 Y107.7594 Z92.316 E0.4012
G1 X139.9853 Y107.2431 Z92.3184 E0.4011
G1 X139.1029 Y106.7634 Z92.3208 E0.401
G1 X138.2014 Y106.3212 Z92.3232 E0.4009
G1 X137.2823 Y105.9173 Z92.3257 E0.4008
G1 X136.3474 Y105.5522 Z92.3281 E0.4008
G1 X135.3981 Y105.2267 Z92.3305 E0.4007
G1 X134.4362 Y104.9412 Z92.3329 E0.4006
G1 X133.4635 Y104.6964 Z92.3354 E0.4005
G1 X132.4815 Y104.4925 Z92.3378 E0.4004
G1 X131.4920 Y104.3299 Z92.3402 E0.4004
G1 X130.4968 Y104.2090 Z92.3426 E0.4003
G1 X129.4976 Y104.1299 Z92.345 E0.4002
G1 X128.4962 Y104.0927 Z92.3475 E0.4001
G1 X127.4942 Y104.0974 Z92.3499 E0.4
G1 X126.4936 Y104.1441 Z92.3523 E0.4
G1 X125.4960 Y104.2327 Z92.3547 E0.3999
G1 X124.5031 Y104.3629 Z92.3571 E0.3998
G1 X123.5168 Y104.5345 Z92.3596 E0.3997
G1 X122.5388 Y104.7473 Z92.362 E0.3996
G1 X121.5707 Y105.0007 Z92.3644 E0.3996
G1 X120.6142 Y105.2945 Z92.3668 E0.3995
G1 X119.6711 Y105.6279 Z92.3693 E0.3994
G1 X118.7430 Y106.0005 Z92.3717 E0.3993
G1 X117.8314 Y106.4116 Z92.3741 E0.3992
G1 X116.9381 Y106.8604 Z92.3765 E0.3992
G1 X116.0645 Y107.3460 Z92.3789 E0.3991
G1 X115.2121 Y107.8678 Z92.3814 E0.399
G1 X114.3826 Y108.4247 Z92.3838 E0.3989
G1 X113.5772 Y109.0157 Z92.3862 E0.3989
G1 X112.7975 Y109.6398 Z92.3886 E0.3988
G1 X112.0447 Y110.2958 Z92.391 E0.3987
G1 X111.3202 Y110.9827 Z92.3935 E0.3986
G1 X110.6252 Y111.6991 Z92.3959 E0.3985
G1 X109.9610 Y112.4439 Z92.3983 E0.3985
G1 X109.3287 Y113.2157 Z92.4007 E0.3984
G1 X108.7293 Y114.0132 Z92.4032 E0.3983
G1 X108.1641 Y114.8349 Z92.4056 E0.3982
G1 X107.6338 Y115.6793 Z92.408 E0.3981
G1 X107.1394 Y116.5451 Z92.4104 E0.3981
G1 X106.6818 Y117.4306 Z92.4128 E0.398
G1 X106.2618 Y118.3343 Z92.4153 E0.3979
G1 X105.8801 Y119.2547 Z92.4177 E0.3978
G1 X105.5373 Y120.1900 Z92.4201 E0.3977
G1 X105.2341 Y121.1386 Z92.4225 E0.3977
G1 X104.9709 Y122.0990 Z92.4249 E0.3976
G1 X104.7482 Y123.0693 Z92.4274 E0.3975
G1 X104.5664 Y124.0479 Z92.4298 E0.3974
G1 X104.4257 Y125.0331 Z92.4322 E0.3973
G1 X104.3264 Y126.0231 Z92.4346 E0.3973
G1 X104.2687 Y127.0162 Z92.437 E0.3972
G1 X104.2526 Y128.0106 Z92.4395 E0.3971
G1 X104.2782 Y129.0046 Z92.4419 E0.397
G1 X104.3454 Y129.9965 Z92.4443 E0.3969
G1 X104.4540 Y130.9845 Z92.4467 E0.3969
G1 X104.6039 Y131.9669 Z92.4492 E0.3968
G1 X104.7947 Y132.9420 Z92.4516 E0.3967
G1 X105.0262 Y133.9080 Z92.454 E0.3966
G1 X105.2978 Y134.8633 Z92.4564 E0.3965
G1 X105.6092 Y135.8062 Z92.4588 E0.3965
G1 X105.9597 Y136.7351 Z92.4613 E0.3964
G1 X106.3487 Y137.6482 Z92.4637 E0.3963
G1 X106.7755 Y138.5441 Z92.4661 E0.3962
G1 X107.2394 Y139.4212 Z92.4685 E0.3961
G1 X107.7395 Y140.2779 Z92.471 E0.3961
G1 X108.2749 Y141.1127 Z92.4734 E0.396
G1 X108.8447 Y141.9242 Z92.4758 E0.3959
G1 X109.4479 Y142.7110 Z92.4782 E0.3958
G1 X110.0834 Y143.4717 Z92.4806 E0.3958
G1 X110.7500 Y144.2049 Z92.4831 E0.3957
G1 X111.4466 Y144.9095 Z92.4855 E0.3956
G1 X112.1719 Y145.5841 Z92.4879 E0.3955
G1 X112.9247 Y146.2276 Z92.4903 E0.3954
G1 X113.7037 Y146.8389 Z92.4928 E0.3954
G1 X114.5074 Y147.4170 Z92.4952 E0.3953
G1 X115.3344 Y147.9607 Z92.4976 E0.3952
G1 X116.1833 Y148.4693 Z92.5 E0.3951
G1 X117.0526 Y148.9418 Z92.5024 E0.395
G1 X117.9407 Y149.3773 Z92.5049 E0.395
G1 X118.8461 Y149.7753 Z92.5073 E0.3949
G1 X119.7672 Y150.1348 Z92.5097 E0.3948
G1 X120.7024 Y150.4554 Z92.5121 E0.3947
G1 X121.6499 Y150.7366 Z92.5145 E0.3946
G1 X122.6083 Y150.9777 Z92.517 E0.3946
G1 X123.5756 Y151.1785 Z92.5194 E0.3945
G1 X124.5504 Y151.3385 Z92.5218 E0.3944
G1 X125.5308 Y151.4576 Z92.5242 E0.3943
G1 X126.5151 Y151.5355 Z92.5266 E0.3942
G1 X127.5016 Y151.5721 Z92.5291 E0.3942
G1 X128.4886 Y151.5673 Z92.5315 E0.3941
G1 X129.4743 Y151.5212 Z92.5339 E0.394
G1 X130.4570 Y151.4339 Z92.5363 E0.3939
G1 X131.4350 Y151.3056 Z92.5388 E0.3938
G1 X132.4066 Y151.1364 Z92.5412 E0.3938
G1 X133.3701 Y150.9268 Z92.5436 E0.3937
G1 X134.3237 Y150.6770 Z92.546 E0.3936
G1 X135.2659 Y150.3876 Z92.5484 E0.3935
G1 X136.1949 Y150.0591 Z92.5509 E0.3934
G1 X137.1091 Y149.6920 Z92.5533 E0.3934
G1 X138.0071 Y149.2870 Z92.5557 E0.3933
G1 X138.8870 Y148.8449 Z92.5581 E0.3932
G1 X139.7475 Y148.3664 Z92.5606 E0.3931
G1 X140.5871 Y147.8524 Z92.563 E0.3931
G1 X141.4042 Y147.3038 Z92.5654 E0.393
G1 X142.1975 Y146.7215 Z92.5678 E0.3929
G1 X142.9655 Y146.1067 Z92.5702 E0.3928
G1 X143.7070 Y145.4604 Z92.5727 E0.3927
G1 X144.4206 Y144.7838 Z92.5751 E0.3927
G1 X145.1052 Y144.0780 Z92.5775 E0.3926
G1 X145.7594 Y143.3443 Z92.5799 E0.3925
G1 X146.3822 Y142.5840 Z92.5823 E0.3924
G1 X146.9725 Y141.7984 Z92.5848 E0.3923
G1 X147.5292 Y140.9890 Z92.5872 E0.3923
G1 X148.0515 Y140.1572 Z92.5896 E0.3922
G1 X148.5384 Y139.3044 Z92.592 E0.3921
G1 X148.9890 Y138.4321 Z92.5945 E0.392
G1 X149.4027 Y137.5419 Z92.5969 E0.3919
G1 X149.7786 Y136.6353 Z92.5993 E0.3919
G1 X150.1162 Y135.7140 Z92.6017 E0.3918
G1 X150.4148 Y134.7795 Z92.6041 E0.3917
G1 X150.6740 Y133.8336 Z92.6066 E0.3916
G1 X150.8933 Y132.8778 Z92.609 E0.3916
G1 X151.0723 Y131.9138 Z92.6114 E0.3915
G1 X151.2108 Y130.9434 Z92.6138 E0.3914
G1 X151.3086 Y129.9683 Z92.6162 E0.3913
G1 X151.3653 Y128.9901 Z92.6187 E0.3912
G1 X151.3811 Y128.0106 Z92.6211 E0.3912
G1 X151.3558 Y127.0315 Z92.6234 E0.3911
G1 X151.2895 Y126.0545 Z92.6258 E0.391
G1 X151.1824 Y125.0814 Z92.6281 E0.3909
G1 X151.0347 Y124.1138 Z92.6304 E0.3908
G1 X150.8466 Y123.1534 Z92.6328 E0.3908
G1 X150.6185 Y122.2019 Z92.6351 E0.3907
G1 X150.3508 Y121.2610 Z92.6375 E0.3906
G1 X150.0440 Y120.3324 Z92.6398 E0.3905
G1 X149.6987 Y119.4176 Z92.6421 E0.3904
G1 X149.3154 Y118.5182 Z92.6445 E0.3903
G1 X148.8950 Y117.6359 Z92.6468 E0.3903
G1 X148.4380 Y116.7721 Z92.6491 E0.3902
G1 X147.9453 Y115.9284 Z92.6515 E0.3901
G1 X147.4179 Y115.1062 Z92.6538 E0.39
G1 X146.8566 Y114.3070 Z92.6561 E0.3899
G1 X146.2624 Y113.5322 Z92.6585 E0.3899
G1 X145.6365 Y112.7830 Z92.6608 E0.3898
G1 X144.9798 Y112.0609 Z92.6632 E0.3897
G1 X144.2937 Y111.3671 Z92.6655 E0.3896
G1 X143.5792 Y110.7028 Z92.6678 E0.3895
G1 X142.8377 Y110.0690 Z92.6702 E0.3895
G1 X142.0705 Y109.4671 Z92.6725 E0.3894
G1 X141.2789 Y108.8978 Z92.6748 E0.3893
G1 X140.4643 Y108.3624 Z92.6772 E0.3892
G1 X139.6282 Y107.8616 Z92.6795 E0.3891
G1 X138.7720 Y107.3964 Z92.6819 E0.3891
G1 X137.8973 Y106.9676 Z92.6842 E0.389
G1 X137.0055 Y106.5758 Z92.6865 E0.3889
G1 X136.0983 Y106.2218 Z92.6889 E0.3888
G1 X135.1773 Y105.9061 Z92.6912 E0.3887
G1 X134.2441 Y105.6294 Z92.6935 E0.3887
G1 X133.3003 Y105.3920 Z92.6959 E0.3886
G1 X132.3476 Y105.1944 Z92.6982 E0.3885
G1 X131.3876 Y105.0369 Z92.7006 E0.3884
G1 X130.4221 Y104.9197 Z92.7029 E0.3883
G1 X129.4527 Y104.8431 Z92.7052 E0.3883
G1 X128.4812 Y104.8072 Z92.7076 E0.3882
G1 X127.5092 Y104.8120 Z92.7099 E0.3881
G1 X126.5385 Y104.8575 Z92.7122 E0.388
G1 X125.5707 Y104.9436 Z92.7146 E0.3879
G1 X124.6076 Y105.0701 Z92.7169 E0.3879
G1 X123.6508 Y105.2368 Z92.7192 E0.3878
G1 X122.7020 Y105.4434 Z92.7216 E0.3877
G1 X121.7630 Y105.6894 Z92.7239 E0.3876
G1 X120.8352 Y105.9745 Z92.7263 E0.3875
G1 X119.9204 Y106.2982 Z92.7286 E0.3875
G1 X119.0201 Y106.6598 Z92.7309 E0.3874
G1 X118.1359 Y107.0587 Z92.7333 E0.3873
G1 X117.2694 Y107.4942 Z92.7356 E0.3872
G1 X116.4221 Y107.9655 Z92.7379 E0.3871
G1 X115.5954 Y108.4717 Z92.7403 E0.3871
G1 X114.7908 Y109.0121 Z92.7426 E0.387
G1 X114.0097 Y109.5855 Z92.745 E0.3869
G1 X113.2535 Y110.1910 Z92.7473 E0.3868
G1 X112.5234 Y110.8275 Z92.7496 E0.3867
G1 X111.8208 Y111.4939 Z92.752 E0.3866
G1 X111.1468 Y112.1890 Z92.7543 E0.3866
G1 X110.5027 Y112.9115 Z92.7566 E0.3865
G1 X109.8895 Y113.6603 Z92.759 E0.3864
G1 X109.3083 Y114.4339 Z92.7613 E0.3863
G1 X108.7602 Y115.2309 Z92.7637 E0.3862
G1 X108.2460 Y116.0501 Z92.766 E0.3862
G1 X107.7667 Y116.8899 Z92.7683 E0.3861
G1 X107.3230 Y117.7489 Z92.7707 E0.386
G1 X106.9158 Y118.6255 Z92.773 E0.3859
G1 X106.5458 Y119.5182 Z92.7753 E0.3858
G1 X106.2135 Y120.4254 Z92.7777 E0.3858
G1 X105.9196 Y121.3456 Z92.78 E0.3857
G1 X105.6645 Y122.2771 Z92.7824 E0.3856
G1 X105.4487 Y123.2182 Z92.7847 E0.3855
G1 X105.2725 Y124.1674 Z92.787 E0.3854
G1 X105.1362 Y125.1229 Z92.7894 E0.3854
G1 X105.0401 Y126.0830 Z92.7917 E0.3853
G1 X104.9843 Y127.0462 Z92.794 E0.3852
G1 X104.9689 Y128.0106 Z92.7964 E0.3851
G1 X104.9939 Y128.9746 Z92.7987 E0.385
G1 X105.0593 Y129.9366 Z92.801 E0.385
G1 X105.1648 Y130.8948 Z92.8034 E0.3849
G1 X105.3103 Y131.8475 Z92.8057 E0.3848
G1 X105.4956 Y132.7930 Z92.8081 E0.3847
G1 X105.7202 Y133.7298 Z92.8104 E0.3846
G1 X105.9838 Y134.6562 Z92.8127 E0.3846
G1 X106.2860 Y135.5705 Z92.8151 E0.3845
G1 X106.6261 Y136.4712 Z92.8174 E0.3844
G1 X107.0035 Y137.3567 Z92.8197 E0.3843
G1 X107.4176 Y138.2254 Z92.8221 E0.3842
G1 X107.8676 Y139.0758 Z92.8244 E0.3842
G1 X108.3527 Y139.9065 Z92.8268 E0.3841
G1 X108.8721 Y140.7160 Z92.8291 E0.384
G1 X109.4248 Y141.5028 Z92.8314 E0.3839
G1 X110.0098 Y142.2656 Z92.8338 E0.3838
G1 X110.6261 Y143.0031 Z92.8361 E0.3838
G1 X111.2727 Y143.7140 Z92.8384 E0.3837
G1 X111.9483 Y144.3971 Z92.8408 E0.3836
G1 X112.6518 Y145.0511 Z92.8431 E0.3835
G1 X113.3819 Y145.6750 Z92.8455 E0.3834
G1 X114.1373 Y146.2676 Z92.8478 E0.3834
G1 X114.9167 Y146.8280 Z92.8501 E0.3833
G1 X115.7188 Y147.3551 Z92.8525 E0.3832
G1 X116.5420 Y147.8480 Z92.8548 E0.3831
G1 X117.3850 Y148.3060 Z92.8571 E0.383
G1 X118.2462 Y148.7282 Z92.8595 E0.383
G1 X119.1242 Y149.1138 Z92.8618 E0.3829
G1 X120.0173 Y149.4623 Z92.8642 E0.3828
G1 X120.9241 Y149.7730 Z92.8665 E0.3827
G1 X121.8429 Y150.0454 Z92.8688 E0.3826
G1 X122.7721 Y150.2790 Z92.8712 E0.3826
G1 X123.7101 Y150.4735 Z92.8735 E0.3825
G1 X124.6552 Y150.6285 Z92.8758 E0.3824
G1 X125.6058 Y150.7437 Z92.8782 E0.3823
G1 X126.5602 Y150.8191 Z92.8805 E0.3822
G1 X127.5166 Y150.8543 Z92.8829 E0.3822
G1 X128.4736 Y150.8495 Z92.8852 E0.3821
G1 X129.4292 Y150.8047 Z92.8875 E0.382
G1 X130.3820 Y150.7199 Z92.8899 E0.3819
G1 X131.3301 Y150.5953 Z92.8922 E0.3818
G1 X132.2721 Y150.4311 Z92.8945 E0.3818
G1 X133.2061 Y150.2276 Z92.8969 E0.3817
G1 X134.1306 Y149.9853 Z92.8992 E0.3816
G1 X135.0439 Y149.7046 Z92.9015 E0.3815
G1 X135.9445 Y149.3859 Z92.9039 E0.3814
G1 X136.8308 Y149.0298 Z92.9062 E0.3814
G1 X137.7012 Y148.6370 Z92.9086 E0.3813
G1 X138.5542 Y148.2082 Z92.9109 E0.3812
G1 X139.3883 Y147.7442 Z92.9132 E0.3811
G1 X140.2021 Y147.2457 Z92.9156 E0.381
G1 X140.9942 Y146.7138 Z92.9179 E0.381
G1 X141.7631 Y146.1492 Z92.9202 E0.3809
G1 X142.5075 Y145.5530 Z92.9226 E0.3808
G1 X143.2262 Y144.9264 Z92.9249 E0.3807
G1 X143.9178 Y144.2703 Z92.9273 E0.3806
G1 X144.5812 Y143.5860 Z92.9296 E0.3806
G1 X145.2153 Y142.8746 Z92.9319 E0.3805
G1 X145.8189 Y142.1375 Z92.9343 E0.3804
G1 X146.3909 Y141.3759 Z92.9366 E0.3803
G1 X146.9305 Y140.5912 Z92.9389 E0.3802
G1 X147.4366 Y139.7848 Z92.9413 E0.3802
G1 X147.9084 Y138.9580 Z92.9436 E0.3801
G1 X148.3450 Y138.1124 Z92.946 E0.38
G1 X148.7458 Y137.2494 Z92.9483 E0.3799
G1 X149.1100 Y136.3706 Z92.9506 E0.3798
G1 X149.4371 Y135.4775 Z92.953 E0.3798
G1 X149.7263 Y134.5717 Z92.9553 E0.3797
G1 X149.9774 Y133.6547 Z92.9576 E0.3796
G1 X150.1898 Y132.7282 Z92.96 E0.3795
G1 X150.3631 Y131.7939 Z92.9623 E0.3794
G1 X150.4972 Y130.8533 Z92.9646 E0.3794
G1 X150.5917 Y129.9081 Z92.967 E0.3793
G1 X150.6465 Y128.9600 Z92.9693 E0.3792
G1 X150.6616 Y128.0106 Z92.9717 E0.3791
G1 X150.6369 Y127.0616 Z92.9739 E0.379
G1 X150.5725 Y126.1147 Z92.9762 E0.379
G1 X150.4685 Y125.1716 Z92.9784 E0.3789
G1 X150.3251 Y124.2338 Z92.9807 E0.3788
G1 X150.1426 Y123.3030 Z92.9829 E0.3787
G1 X149.9214 Y122.3809 Z92.9852 E0.3786
G1 X149.6618 Y121.4691 Z92.9874 E0.3786
G1 X149.3643 Y120.5691 Z92.9897 E0.3785
G1 X149.0294 Y119.6826 Z92.9919 E0.3784
G1 X148.6578 Y118.8110 Z92.9942 E0.3783
G1 X148.2501 Y117.9560 Z92.9964 E0.3782
G1 X147.8071 Y117.1189 Z92.9987 E0.3782
G1 X147.3294 Y116.3013 Z93.0009 E0.3781
G1 X146.8181 Y115.5047 Z93.0032 E0.378
G1 X146.2740 Y114.7302 Z93.0054 E0.3779
G1 X145.6981 Y113.9795 Z93.0077 E0.3778
G1 X145.0913 Y113.2536 Z93.01 E0.3777
G1 X144.4548 Y112.5539 Z93.0122 E0.3777
G1 X143.7897 Y111.8817 Z93.0145 E0.3776
G1 X143.0972 Y111.2380 Z93.0167 E0.3775
G1 X142.3786 Y110.6241 Z93.019 E0.3774
G1 X141.6349 Y110.0409 Z93.0212 E0.3773
G1 X140.8677 Y109.4894 Z93.0235 E0.3773
G1 X140.0783 Y108.9707 Z93.0257 E0.3772
G1 X139.2679 Y108.4856 Z93.028 E0.3771
G1 X138.4382 Y108.0349 Z93.0302 E0.377
G1 X137.5905 Y107.6195 Z93.0325 E0.3769
G1 X136.7263 Y107.2401 Z93.0347 E0.3768
G1 X135.8471 Y106.8972 Z93.037 E0.3768
G1 X134.9546 Y106.5915 Z93.0392 E0.3767
G1 X134.0503 Y106.3235 Z93.0415 E0.3766
G1 X133.1357 Y106.0937 Z93.0437 E0.3765
G1 X132.2125 Y105.9024 Z93.046 E0.3764
G1 X131.2823 Y105.7500 Z93.0482 E0.3764
G1 X130.3467 Y105.6367 Z93.0505 E0.3763
G1 X129.4075 Y105.5627 Z93.0527 E0.3762
G1 X128.4661 Y105.5280 Z93.055 E0.3761
G1 X127.5243 Y105.5329 Z93.0573 E0.376
G1 X126.5838 Y105.5771 Z93.0595 E0.376
G1 X125.6461 Y105.6607 Z93.0618 E0.3759
G1 X124.7129 Y105.7835 Z93.064 E0.3758
G1 X123.7859 Y105.9452 Z93.0663 E0.3757
G1 X122.8667 Y106.1455 Z93.0685 E0.3756
G1 X121.9569 Y106.3841 Z93.0708 E0.3756
G1 X121.0581 Y106.6605 Z93.073 E0.3755
G1 X120.1718 Y106.9743 Z93.0753 E0.3754
G1 X119.2996 Y107.3248 Z93.0775 E0.3753
G1 X118.4431 Y107.7114 Z93.0798 E0.3752
G1 X117.6037 Y108.1335 Z93.082 E0.3752
G1 X116.7828 Y108.5903 Z93.0843 E0.3751
G1 X115.9820 Y109.0809 Z93.0865 E0.375
G1 X115.2026 Y109.6046 Z93.0888 E0.3749
G1 X114.4460 Y110.1603 Z93.091 E0.3748
G1 X113.7135 Y110.7470 Z93.0933 E0.3747
G1 X113.0063 Y111.3638 Z93.0955 E0.3747
G1 X112.3258 Y112.0096 Z93.0978 E0.3746
G1 X111.6730 Y112.6831 Z93.1001 E0.3745
G1 X111.0491 Y113.3832 Z93.1023 E0.3744
G1 X110.4552 Y114.1086 Z93.1046 E0.3743
G1 X109.8924 Y114.8582 Z93.1068 E0.3743
G1 X109.3615 Y115.6305 Z93.1091 E0.3742
G1 X108.8636 Y116.4241 Z93.1113 E0.3741
G1 X108.3994 Y117.2378 Z93.1136 E0.374
G1 X107.9698 Y118.0699 Z93.1158 E0.3739
G1 X107.5755 Y118.9192 Z93.1181 E0.3739
G1 X107.2172 Y119.7840 Z93.1203 E0.3738
G1 X106.8955 Y120.6629 Z93.1226 E0.3737
G1 X106.6110 Y121.5543 Z93.1248 E0.3736
G1 X106.3640 Y122.4567 Z93.1271 E0.3735
G1 X106.1552 Y123.3684 Z93.1293 E0.3734
G1 X105.9847 Y124.2878 Z93.1316 E0.3734
G1 X105.8529 Y125.2134 Z93.1338 E0.3733
G1 X105.7600 Y126.1435 Z93.1361 E0.3732
G1 X105.7062 Y127.0764 Z93.1383 E0.3731
G1 X105.6914 Y128.0106 Z93.1406 E0.373
G1 X105.7158 Y128.9444 Z93.1428 E0.373
G1 X105.7793 Y129.8761 Z93.1451 E0.3729
G1 X105.8817 Y130.8042 Z93.1474 E0.3728
G1 X106.0229 Y131.7269 Z93.1496 E0.3727
G1 X106.2025 Y132.6428 Z93.1519 E0.3726
G1 X106.4203 Y133.5501 Z93.1541 E0.3726
G1 X106.6758 Y134.4473 Z93.1564 E0.3725
G1 X106.9686 Y135.3328 Z93.1586 E0.3724
G1 X107.2982 Y136.2051 Z93.1609 E0.3723
G1 X107.6639 Y137.0627 Z93.1631 E0.3722
G1 X108.0651 Y137.9040 Z93.1654 E0.3722
G1 X108.5011 Y138.7275 Z93.1676 E0.3721
G1 X108.9711 Y139.5320 Z93.1699 E0.372
G1 X109.4743 Y140.3158 Z93.1721 E0.3719
G1 X110.0098 Y141.0777 Z93.1744 E0.3718
G1 X110.5765 Y141.8164 Z93.1766 E0.3718
G1 X111.1736 Y142.5306 Z93.1789 E0.3717
G1 X111.7999 Y143.2190 Z93.1811 E0.3716
G1 X112.4544 Y143.8803 Z93.1834 E0.3715
G1 X113.1358 Y144.5136 Z93.1856 E0.3714
G1 X113.8430 Y145.1176 Z93.1879 E0.3713
G1 X114.5747 Y145.6914 Z93.1901 E0.3713
G1 X115.3296 Y146.2339 Z93.1924 E0.3712
G1 X116.1064 Y146.7442 Z93.1947 E0.3711
G1 X116.9038 Y147.2215 Z93.1969 E0.371
G1 X117.7202 Y147.6648 Z93.1992 E0.3709
G1 X118.5543 Y148.0734 Z93.2014 E0.3709
G1 X119.4046 Y148.4467 Z93.2037 E0.3708
G1 X120.2696 Y148.7840 Z93.2059 E0.3707
G1 X121.1478 Y149.0847 Z93.2082 E0.3706
G1 X122.0375 Y149.3483 Z93.2104 E0.3705
G1 X122.9374 Y149.5743 Z93.2127 E0.3705
G1 X123.8458 Y149.7625 Z93.2149 E0.3704
G1 X124.7610 Y149.9124 Z93.2172 E0.3703
G1 X125.6815 Y150.0238 Z93.2194 E0.3702
G1 X126.6056 Y150.0965 Z93.2217 E0.3701
G1 X127.5318 Y150.1305 Z93.2239 E0.3701
G1 X128.4584 Y150.1257 Z93.2262 E0.37
G1 X129.3838 Y150.0820 Z93.2284 E0.3699
G1 X130.3063 Y149.9997 Z93.2307 E0.3698
G1 X131.2244 Y149.8789 Z93.2329 E0.3697
G1 X132.1364 Y149.7197 Z93.2352 E0.3697
G1 X133.0407 Y149.5225 Z93.2375 E0.3696
G1 X133.9358 Y149.2877 Z93.2397 E0.3695
G1 X134.8201 Y149.0157 Z93.242 E0.3694
G1 X135.6920 Y148.7069 Z93.2442 E0.3693
G1 X136.5501 Y148.3620 Z93.2465 E0.3692
G1 X137.3928 Y147.9815 Z93.2487 E0.3692
G1 X138.2186 Y147.5662 Z93.251 E0.3691
G1 X139.0261 Y147.1168 Z93.2532 E0.369
G1 X139.8139 Y146.6340 Z93.2555 E0.3689
G1 X140.5806 Y146.1188 Z93.2577 E0.3688
G1 X141.3250 Y145.5720 Z93.26 E0.3688
G1 X142.0456 Y144.9947 Z93.2622 E0.3687
G1 X142.7412 Y144.3878 Z93.2645 E0.3686
G1 X143.4107 Y143.7525 Z93.2667 E0.3685
G1 X144.0529 Y143.0898 Z93.269 E0.3684
G1 X144.6666 Y142.4010 Z93.2712 E0.3684
G1 X145.2508 Y141.6873 Z93.2735 E0.3683
G1 X145.8044 Y140.9498 Z93.2757 E0.3682
G1 X146.3266 Y140.1900 Z93.278 E0.3681
G1 X146.8164 Y139.4092 Z93.2802 E0.368
G1 X147.2730 Y138.6087 Z93.2825 E0.368
G1 X147.6956 Y137.7900 Z93.2848 E0.3679
G1 X148.0834 Y136.9545 Z93.287 E0.3678
G1 X148.4358 Y136.1036 Z93.2893 E0.3677
G1 X148.7522 Y135.2390 Z93.2915 E0.3676
G1 X149.0320 Y134.3620 Z93.2938 E0.3676
G1 X149.2749 Y133.4743 Z93.296 E0.3675
G1 X149.4803 Y132.5774 Z93.2983 E0.3674
G1 X149.6479 Y131.6729 Z93.3005 E0.3673
G1 X149.7775 Y130.7624 Z93.3028 E0.3672
G1 X149.8688 Y129.8474 Z93.305 E0.3672
G1 X149.9217 Y128.9296 Z93.3073 E0.3671
G1 X149.9361 Y128.0106 Z93.3095 E0.367
G1 X149.9120 Y127.0920 Z93.3117 E0.3669
G1 X149.8494 Y126.1755 Z93.3139 E0.3668
G1 X149.7486 Y125.2625 Z93.316 E0.3667
G1 X149.6096 Y124.3548 Z93.3182 E0.3667
G1 X149.4328 Y123.4539 Z93.3204 E0.3666
G1 X149.2184 Y122.5614 Z93.3225 E0.3665
G1 X148.9670 Y121.6788 Z93.3247 E0.3664
G1 X148.6788 Y120.8078 Z93.3269 E0.3663
G1 X148.3545 Y119.9498 Z93.329 E0.3662
G1 X147.9947 Y119.1063 Z93.3312 E0.3662
G1 X147.5999 Y118.2787 Z93.3334 E0.3661
G1 X147.1709 Y117.4687 Z93.3355 E0.366
G1 X146.7084 Y116.6774 Z93.3377 E0.3659
G1 X146.2134 Y115.9065 Z93.3399 E0.3658
G1 X145.6866 Y115.1570 Z93.342 E0.3658
G1 X145.1290 Y114.4305 Z93.3442 E0.3657
G1 X144.5416 Y113.7281 Z93.3464 E0.3656
G1 X143.9254 Y113.0511 Z93.3486 E0.3655
G1 X143.2816 Y112.4006 Z93.3507 E0.3654
G1 X142.6113 Y111.7778 Z93.3529 E0.3654
G1 X141.9156 Y111.1837 Z93.355 E0.3653
G1 X141.1958 Y110.6194 Z93.3572 E0.3652
G1 X140.4531 Y110.0859 Z93.3594 E0.3651
G1 X139.6890 Y109.5841 Z93.3615 E0.365
G1 X138.9047 Y109.1148 Z93.3637 E0.365
G1 X138.1016 Y108.6788 Z93.3659 E0.3649
G1 X137.2811 Y108.2770 Z93.3681 E0.3648
G1 X136.4447 Y107.9099 Z93.3702 E0.3647
G1 X135.5939 Y107.5783 Z93.3724 E0.3646
G1 X134.7301 Y107.2826 Z93.3746 E0.3645
G1 X133.8549 Y107.0235 Z93.3767 E0.3645
G1 X132.9698 Y106.8013 Z93.3789 E0.3644
G1 X132.0763 Y106.6163 Z93.3811 E0.3643
G1 X131.1761 Y106.4690 Z93.3832 E0.3642
G1 X130.2708 Y106.3596 Z93.3854 E0.3641
G1 X129.3618 Y106.2881 Z93.3876 E0.364
G1 X128.4509 Y106.2548 Z93.3897 E0.364
G1 X127.5395 Y106.2597 Z93.3919 E0.3639
G1 X126.6294 Y106.3027 Z93.3941 E0.3638
G1 X125.7221 Y106.3838 Z93.3962 E0.3637
G1 X124.8191 Y106.5028 Z93.3984 E0.3636
G1 X123.9222 Y106.6594 Z93.4006 E0.3636
G1 X123.0328 Y106.8535 Z93.4027 E0.3635
G1 X122.1525 Y107.0845 Z93.4049 E0.3634
G1 X121.2828 Y107.3522 Z93.4071 E0.3633
G1 X120.4253 Y107.6560 Z93.4092 E0.3632
G1 X119.5815 Y107.9953 Z93.4114 E0.3632
G1 X118.7528 Y108.3696 Z93.4136 E0.3631
G1 X117.9407 Y108.7782 Z93.4157 E0.363
G1 X117.1466 Y109.2203 Z93.4179 E0.3629
G1 X116.3718 Y109.6952 Z93.4201 E0.3628
G1 X115.6178 Y110.2020 Z93.4222 E0.3627
G1 X114.8859 Y110.7398 Z93.4244 E0.3627
G1 X114.1773 Y111.3077 Z93.4266 E0.3626
G1 X113.4932 Y111.9046 Z93.4287 E0.3625
G1 X112.8349 Y112.5295 Z93.4309 E0.3624
G1 X112.2035 Y113.1812 Z93.4331 E0.3623
G1 X111.6000 Y113.8587 Z93.4352 E0.3622
G1 X111.0256 Y114.5607 Z93.4374 E0.3622
G1 X110.4812 Y115.2860 Z93.4396 E0.3621
G1 X109.9678 Y116.0333 Z93.4418 E0.362
G1 X109.4862 Y116.8012 Z93.4439 E0.3619
G1 X109.0373 Y117.5884 Z93.4461 E0.3618
G1 X108.6219 Y118.3936 Z93.4483 E0.3618
G1 X108.2406 Y119.2153 Z93.4504 E0.3617
G1 X107.8942 Y120.0521 Z93.4526 E0.3616
G1 X107.5831 Y120.9024 Z93.4548 E0.3615
G1 X107.3080 Y121.7648 Z93.4569 E0.3614
G1 X107.0694 Y122.6378 Z93.4591 E0.3614
G1 X106.8675 Y123.5198 Z93.4613 E0.3613
G1 X106.7028 Y124.4093 Z93.4634 E0.3612
G1 X106.5755 Y125.3047 Z93.4656 E0.3611
G1 X106.4858 Y126.2044 Z93.4678 E0.361
G1 X106.4339 Y127.1069 Z93.4699 E0.3609
G1 X106.4199 Y128.0106 Z93.4721 E0.3609
G1 X106.4437 Y128.9139 Z93.4743 E0.3608
G1 X106.5052 Y129.8152 Z93.4764 E0.3607
G1 X106.6045 Y130.7129 Z93.4786 E0.3606
G1 X106.7412 Y131.6054 Z93.4808 E0.3605
G1 X106.9152 Y132.4913 Z93.4829 E0.3605
G1 X107.1260 Y133.3689 Z93.4851 E0.3604
G1 X107.3734 Y134.2367 Z93.4873 E0.3603
G1 X107.6568 Y135.0932 Z93.4894 E0.3602
G1 X107.9757 Y135.9369 Z93.4916 E0.3601
G1 X108.3297 Y136.7662 Z93.4938 E0.36
G1 X108.7179 Y137.5799 Z93.4959 E0.36
G1 X109.1398 Y138.3764 Z93.4981 E0.3599
G1 X109.5946 Y139.1544 Z93.5003 E0.3598
G1 X110.0815 Y139.9124 Z93.5024 E0.3597
G1 X110.5995 Y140.6493 Z93.5046 E0.3596
G1 X111.1479 Y141.3636 Z93.5068 E0.3596
G1 X111.7255 Y142.0542 Z93.5089 E0.3595
G1 X112.3314 Y142.7198 Z93.5111 E0.3594
G1 X112.9645 Y143.3594 Z93.5133 E0.3593
G1 X113.6237 Y143.9717 Z93.5154 E0.3592
G1 X114.3078 Y144.5558 Z93.5176 E0.3591
G1 X115.0156 Y145.1105 Z93.5198 E0.3591
G1 X115.7458 Y145.6351 Z93.522 E0.359
G1 X116.4972 Y146.1284 Z93.5241 E0.3589
G1 X117.2684 Y146.5898 Z93.5263 E0.3588
G1 X118.0581 Y147.0184 Z93.5285 E0.3587
G1 X118.8649 Y147.4134 Z93.5306 E0.3587
G1 X119.6873 Y147.7742 Z93.5328 E0.3586
G1 X120.5239 Y148.1002 Z93.535 E0.3585
G1 X121.3732 Y148.3908 Z93.5371 E0.3584
G1 X122.2338 Y148.6455 Z93.5393 E0.3583
G1 X123.1040 Y148.8640 Z93.5415 E0.3583
G1 X123.9825 Y149.0457 Z93.5436 E0.3582
G1 X124.8676 Y149.1905 Z93.5458 E0.3581
G1 X125.7577 Y149.2980 Z93.548 E0.358
G1 X126.6514 Y149.3682 Z93.5501 E0.3579
G1 X127.5471 Y149.4008 Z93.5523 E0.3578
G1 X128.4431 Y149.3959 Z93.5545 E0.3578
G1 X129.3379 Y149.3536 Z93.5566 E0.3577
G1 X130.2300 Y149.2738 Z93.5588 E0.3576
G1 X131.1177 Y149.1567 Z93.561 E0.3575
G1 X131.9996 Y149.0026 Z93.5631 E0.3574
G1 X132.8740 Y148.8118 Z93.5653 E0.3574
G1 X133.7395 Y148.5845 Z93.5675 E0.3573
G1 X134.5945 Y148.3213 Z93.5696 E0.3572
G1 X135.4375 Y148.0225 Z93.5718 E0.3571
G1 X136.2671 Y147.6888 Z93.574 E0.357
G1 X137.0818 Y147.3208 Z93.5761 E0.357
G1 X137.8802 Y146.9190 Z93.5783 E0.3569
G1 X138.6609 Y146.4842 Z93.5805 E0.3568
G1 X139.4225 Y146.0173 Z93.5826 E0.3567
G1 X140.1638 Y145.5190 Z93.5848 E0.3566
G1 X140.8833 Y144.9902 Z93.587 E0.3565
G1 X141.5799 Y144.4318 Z93.5891 E0.3565
G1 X142.2524 Y143.8449 Z93.5913 E0.3564
G1 X142.8996 Y143.2305 Z93.5935 E0.3563
G1 X143.5203 Y142.5897 Z93.5957 E0.3562
G1 X144.1135 Y141.9236 Z93.5978 E0.3561
G1 X144.6781 Y141.2334 Z93.6 E0.3561
G1 X145.2133 Y140.5203 Z93.6022 E0.356
G1 X145.7179 Y139.7856 Z93.6043 E0.3559
G1 X146.1913 Y139.0306 Z93.6065 E0.3558
G1 X146.6326 Y138.2566 Z93.6087 E0.3557
G1 X147.0409 Y137.4650 Z93.6108 E0.3556
G1 X147.4156 Y136.6572 Z93.613 E0.3556
G1 X147.7562 Y135.8345 Z93.6152 E0.3555
G1 X148.0618 Y134.9986 Z93.6173 E0.3554
G1 X148.3322 Y134.1507 Z93.6195 E0.3553
G1 X148.5668 Y133.2925 Z93.6217 E0.3552
G1 X148.7651 Y132.4254 Z93.6238 E0.3552
G1 X148.9270 Y131.5510 Z93.626 E0.3551
G1 X149.0520 Y130.6707 Z93.6282 E0.355
G1 X149.1401 Y129.7862 Z93.6303 E0.3549
G1 X149.1910 Y128.8990 Z93.6325 E0.3548
G1 X149.2048 Y128.0106 Z93.6347 E0.3548
G1 X149.1813 Y127.1226 Z93.6368 E0.3547
G1 X149.1206 Y126.2367 Z93.6388 E0.3546
G1 X149.0229 Y125.3542 Z93.6409 E0.3545
G1 X148.8884 Y124.4768 Z93.643 E0.3544
G1 X148.7173 Y123.6060 Z93.6451 E0.3543
G1 X148.5099 Y122.7433 Z93.6472 E0.3543
G1 X148.2666 Y121.8903 Z93.6492 E0.3542
G1 X147.9879 Y121.0484 Z93.6513 E0.3541
G1 X147.6743 Y120.2191 Z93.6534 E0.354
G1 X147.3262 Y119.4039 Z93.6555 E0.3539
G1 X146.9445 Y118.6041 Z93.6576 E0.3539
G1 X146.5296 Y117.8212 Z93.6597 E0.3538
G1 X146.0825 Y117.0565 Z93.6617 E0.3537
G1 X145.6038 Y116.3114 Z93.6638 E0.3536
G1 X145.0945 Y115.5872 Z93.6659 E0.3535
G1 X144.5554 Y114.8851 Z93.668 E0.3534
G1 X143.9875 Y114.2064 Z93.6701 E0.3534
G1 X143.3918 Y113.5522 Z93.6722 E0.3533
G1 X142.7694 Y112.9236 Z93.6742 E0.3532
G1 X142.1214 Y112.3218 Z93.6763 E0.3531
G1 X141.4489 Y111.7478 Z93.6784 E0.353
G1 X140.7531 Y111.2026 Z93.6805 E0.353
G1 X140.0353 Y110.6871 Z93.6826 E0.3529
G1 X139.2967 Y110.2023 Z93.6847 E0.3528
G1 X138.5386 Y109.7489 Z93.6867 E0.3527
G1 X137.7623 Y109.3277 Z93.6888 E0.3526
G1 X136.9693 Y108.9396 Z93.6909 E0.3525
G1 X136.1609 Y108.5850 Z93.693 E0.3525
G1 X135.3386 Y108.2647 Z93.6951 E0.3524
G1 X134.5037 Y107.9792 Z93.6971 E0.3523
G1 X133.6579 Y107.7290 Z93.6992 E0.3522
G1 X132.8025 Y107.5144 Z93.7013 E0.3521
G1 X131.9391 Y107.3359 Z93.7034 E0.352
G1 X131.0691 Y107.1937 Z93.7055 E0.352
G1 X130.1942 Y107.0882 Z93.7076 E0.3519
G1 X129.3158 Y107.0193 Z93.7096 E0.3518
G1 X128.4355 Y106.9874 Z93.7117 E0.3517
G1 X127.5549 Y106.9923 Z93.7138 E0.3516
G1 X126.6754 Y107.0340 Z93.7159 E0.3515
G1 X125.7987 Y107.1126 Z93.718 E0.3515
G1 X124.9262 Y107.2278 Z93.72 E0.3514
G1 X124.0595 Y107.3793 Z93.7221 E0.3513
G1 X123.2001 Y107.5670 Z93.7242 E0.3512
G1 X122.3496 Y107.7905 Z93.7263 E0.3511
G1 X121.5093 Y108.0493 Z93.7284 E0.3511
G1 X120.6808 Y108.3430 Z93.7305 E0.351
G1 X119.8656 Y108.6711 Z93.7326 E0.3509
G1 X119.0649 Y109.0329 Z93.7346 E0.3508
G1 X118.2803 Y109.4279 Z93.7367 E0.3507
G1 X117.5131 Y109.8552 Z93.7388 E0.3506
G1 X116.7647 Y110.3143 Z93.7409 E0.3506
G1 X116.0363 Y110.8041 Z93.743 E0.3505
G1 X115.3292 Y111.3239 Z93.745 E0.3504
G1 X114.6447 Y111.8727 Z93.7471 E0.3503
G1 X113.9839 Y112.4496 Z93.7492 E0.3502
G1 X113.3480 Y113.0535 Z93.7513 E0.3501
G1 X112.7381 Y113.6833 Z93.7534 E0.3501
G1 X112.1552 Y114.3380 Z93.7554 E0.35
G1 X111.6004 Y115.0163 Z93.7575 E0.3499
G1 X111.0747 Y115.7172 Z93.7596 E0.3498
G1 X110.5788 Y116.4392 Z93.7617 E0.3497
G1 X110.1137 Y117.1812 Z93.7638 E0.3497
G1 X109.6802 Y117.9419 Z93.7659 E0.3496
G1 X109.2790 Y118.7199 Z93.768 E0.3495
G1 X108.9109 Y119.5138 Z93.77 E0.3494
G1 X108.5764 Y120.3222 Z93.7721 E0.3493
G1 X108.2761 Y121.1437 Z93.7742 E0.3492
G1 X108.0105 Y121.9769 Z93.7763 E0.3492
G1 X107.7802 Y122.8203 Z93.7784 E0.3491
G1 X107.5853 Y123.6724 Z93.7804 E0.349
G1 X107.4264 Y124.5317 Z93.7825 E0.3489
G1 X107.3037 Y125.3967 Z93.7846 E0.3488
G1 X107.2172 Y126.2658 Z93.7867 E0.3487
G1 X107.1673 Y127.1377 Z93.7888 E0.3487
G1 X107.1540 Y128.0106 Z93.7909 E0.3486
G1 X107.1771 Y128.8831 Z93.7929 E0.3485
G1 X107.2368 Y129.7537 Z93.795 E0.3484
G1 X107.3329 Y130.6209 Z93.7971 E0.3483
G1 X107.4652 Y131.4830 Z93.7992 E0.3483
G1 X107.6334 Y132.3386 Z93.8013 E0.3482
G1 X107.8373 Y133.1863 Z93.8034 E0.3481
G1 X108.0764 Y134.0244 Z93.8054 E0.348
G1 X108.3503 Y134.8517 Z93.8075 E0.3479
G1 X108.6586 Y135.6665 Z93.8096 E0.3478
G1 X109.0006 Y136.4675 Z93.8117 E0.3478
G1 X109.3758 Y137.2533 Z93.8138 E0.3477
G1 X109.7835 Y138.0225 Z93.8158 E0.3476
G1 X110.2230 Y138.7738 Z93.8179 E0.3475
G1 X110.6933 Y139.5059 Z93.82 E0.3474
G1 X111.1939 Y140.2174 Z93.8221 E0.3474
G1 X111.7236 Y140.9072 Z93.8242 E0.3473
G1 X112.2817 Y141.5741 Z93.8263 E0.3472
G1 X112.8670 Y142.2169 Z93.8283 E0.3471
G1 X113.4786 Y142.8344 Z93.8304 E0.347
G1 X114.1154 Y143.4256 Z93.8325 E0.3469
G1 X114.7762 Y143.9895 Z93.8346 E0.3469
G1 X115.4599 Y144.5252 Z93.8367 E0.3468
G1 X116.1653 Y145.0316 Z93.8388 E0.3467
G1 X116.8910 Y145.5079 Z93.8408 E0.3466
G1 X117.6360 Y145.9533 Z93.8429 E0.3465
G1 X118.3987 Y146.3670 Z93.845 E0.3465
G1 X119.1779 Y146.7483 Z93.8471 E0.3464
G1 X119.9722 Y147.0965 Z93.8492 E0.3463
G1 X120.7801 Y147.4112 Z93.8513 E0.3462
G1 X121.6004 Y147.6916 Z93.8533 E0.3461
G1 X122.4315 Y147.9374 Z93.8554 E0.346
G1 X123.2719 Y148.1481 Z93.8575 E0.346
G1 X124.1203 Y148.3234 Z93.8596 E0.3459
G1 X124.9750 Y148.4630 Z93.8617 E0.3458
G1 X125.8346 Y148.5666 Z93.8637 E0.3457
G1 X126.6976 Y148.6342 Z93.8658 E0.3456
G1 X127.5625 Y148.6655 Z93.8679 E0.3456
G1 X128.4277 Y148.6606 Z93.87 E0.3455
G1 X129.2917 Y148.6195 Z93.8721 E0.3454
G1 X130.1531 Y148.5422 Z93.8742 E0.3453
G1 X131.0103 Y148.4290 Z93.8762 E0.3452
G1 X131.8617 Y148.2800 Z93.8783 E0.3451
G1 X132.7060 Y148.0955 Z93.8804 E0.3451
G1 X133.5416 Y147.8759 Z93.8825 E0.345
G1 X134.3671 Y147.6215 Z93.8846 E0.3449
G1 X135.1810 Y147.3329 Z93.8867 E0.3448
G1 X135.9820 Y147.0105 Z93.8887 E0.3447
G1 X136.7685 Y146.6549 Z93.8908 E0.3447
G1 X137.5393 Y146.2668 Z93.8929 E0.3446
G1 X138.2929 Y145.8469 Z93.895 E0.3445
G1 X139.0282 Y145.3959 Z93.8971 E0.3444
G1 X139.7437 Y144.9146 Z93.8991 E0.3443
G1 X140.4383 Y144.4039 Z93.9012 E0.3442
G1 X141.1107 Y143.8646 Z93.9033 E0.3442
G1 X141.7598 Y143.2979 Z93.9054 E0.3441
G1 X142.3845 Y142.7045 Z93.9075 E0.344
G1 X142.9836 Y142.0857 Z93.9096 E0.3439
G1 X143.5561 Y141.4425 Z93.9117 E0.3438
G1 X144.1011 Y140.7760 Z93.9137 E0.3438
G1 X144.6176 Y140.0875 Z93.9158 E0.3437
G1 X145.1046 Y139.3781 Z93.9179 E0.3436
G1 X145.5614 Y138.6491 Z93.92 E0.3435
G1 X145.9872 Y137.9018 Z93.9221 E0.3434
G1 X146.3812 Y137.1376 Z93.9241 E0.3433
G1 X146.7428 Y136.3576 Z93.9262 E0.3433
G1 X147.0713 Y135.5634 Z93.9283 E0.3432
G1 X147.3663 Y134.7563 Z93.9304 E0.3431
G1 X147.6270 Y133.9378 Z93.9325 E0.343
G1 X147.8533 Y133.1093 Z93.9345 E0.3429
G1 X148.0446 Y132.2722 Z93.9366 E0.3428
G1 X148.2006 Y131.4281 Z93.9387 E0.3428
G1 X148.3211 Y130.5784 Z93.9408 E0.3427
G1 X148.4059 Y129.7246 Z93.9429 E0.3426
G1 X148.4549 Y128.8681 Z93.945 E0.3425
G1 X148.4679 Y128.0106 Z93.9471 E0.3424
G1 X148.4450 Y127.1535 Z93.949 E0.3424
G1 X148.3862 Y126.2983 Z93.951 E0.3423
G1 X148.2917 Y125.4466 Z93.953 E0.3422
G1 X148.1617 Y124.5997 Z93.955 E0.3421
G1 X147.9963 Y123.7592 Z93.957 E0.342
G1 X147.7960 Y122.9266 Z93.959 E0.3419
G1 X147.5610 Y122.1033 Z93.961 E0.3419
G1 X147.2918 Y121.2908 Z93.963 E0.3418
G1 X146.9888 Y120.4905 Z93.965 E0.3417
G1 X146.6527 Y119.7037 Z93.967 E0.3416
G1 X146.2841 Y118.9319 Z93.969 E0.3415
G1 X145.8835 Y118.1764 Z93.971 E0.3414
G1 X145.4518 Y117.4385 Z93.973 E0.3414
G1 X144.9897 Y116.7195 Z93.975 E0.3413
G1 X144.4979 Y116.0206 Z93.977 E0.3412
G1 X143.9775 Y115.3432 Z93.979 E0.3411
G1 X143.4293 Y114.6882 Z93.981 E0.341
G1 X142.8542 Y114.0570 Z93.983 E0.3409
G1 X142.2534 Y113.4505 Z93.985 E0.3409
G1 X141.6279 Y112.8699 Z93.987 E0.3408
G1 X140.9787 Y112.3161 Z93.989 E0.3407
G1 X140.3071 Y111.7901 Z93.991 E0.3406
G1 X139.6143 Y111.2929 Z93.993 E0.3405
G1 X138.9014 Y110.8251 Z93.995 E0.3404
G1 X138.1697 Y110.3878 Z93.997 E0.3404
G1 X137.4205 Y109.9816 Z93.999 E0.3403
G1 X136.6551 Y109.6072 Z94.001 E0.3402
G1 X135.8750 Y109.2652 Z94.003 E0.3401
G1 X135.0814 Y108.9563 Z94.005 E0.34
G1 X134.2757 Y108.6810 Z94.007 E0.34
G1 X133.4594 Y108.4397 Z94.009 E0.3399
G1 X132.6340 Y108.2329 Z94.011 E0.3398
G1 X131.8008 Y108.0609 Z94.013 E0.3397
G1 X130.9613 Y107.9239 Z94.015 E0.3396
G1 X130.1170 Y107.8222 Z94.0169 E0.3395
G1 X129.2695 Y107.7560 Z94.0189 E0.3395
G1 X128.4201 Y107.7254 Z94.0209 E0.3394
G1 X127.5703 Y107.7303 Z94.0229 E0.3393
G1 X126.7218 Y107.7708 Z94.0249 E0.3392
G1 X125.8758 Y107.8468 Z94.0269 E0.3391
G1 X125.0341 Y107.9582 Z94.0289 E0.339
G1 X124.1979 Y108.1046 Z94.0309 E0.339
G1 X123.3688 Y108.2859 Z94.0329 E0.3389
G1 X122.5482 Y108.5017 Z94.0349 E0.3388
G1 X121.7375 Y108.7516 Z94.0369 E0.3387
G1 X120.9382 Y109.0352 Z94.0389 E0.3386
G1 X120.1517 Y109.3519 Z94.0409 E0.3385
G1 X119.3794 Y109.7012 Z94.0429 E0.3385
G1 X118.6225 Y110.0824 Z94.0449 E0.3384
G1 X117.8825 Y110.4949 Z94.0469 E0.3383
G1 X117.1605 Y110.9379 Z94.0489 E0.3382
G1 X116.4579 Y111.4107 Z94.0509 E0.3381
G1 X115.7759 Y111.9123 Z94.0529 E0.338
G1 X115.1156 Y112.4419 Z94.0549 E0.338
G1 X114.4783 Y112.9986 Z94.0569 E0.3379
G1 X113.8650 Y113.5813 Z94.0589 E0.3378
G1 X113.2767 Y114.1891 Z94.0609 E0.3377
G1 X112.7146 Y114.8208 Z94.0629 E0.3376
G1 X112.1795 Y115.4753 Z94.0649 E0.3375
G1 X111.6725 Y116.1515 Z94.0669 E0.3375
G1 X111.1943 Y116.8482 Z94.0689 E0.3374
G1 X110.7459 Y117.5641 Z94.0709 E0.3373
G1 X110.3279 Y118.2979 Z94.0729 E0.3372
G1 X109.9411 Y119.0485 Z94.0749 E0.3371
G1 X109.5861 Y119.8144 Z94.0769 E0.337
G1 X109.2637 Y120.5943 Z94.0789 E0.337
G1 X108.9742 Y121.3868 Z94.0809 E0.3369
G1 X108.7183 Y122.1906 Z94.0829 E0.3368
G1 X108.4962 Y123.0041 Z94.0849 E0.3367
G1 X108.3085 Y123.8261 Z94.0869 E0.3366
G1 X108.1554 Y124.6550 Z94.0889 E0.3366
G1 X108.0372 Y125.4893 Z94.0909 E0.3365
G1 X107.9541 Y126.3277 Z94.0928 E0.3364
G1 X107.9061 Y127.1686 Z94.0948 E0.3363
G1 X107.8935 Y128.0106 Z94.0968 E0.3362
G1 X107.9160 Y128.8522 Z94.0988 E0.3361
G1 X107.9738 Y129.6918 Z94.1008 E0.3361
G1 X108.0667 Y130.5282 Z94.1028 E0.336
G1 X108.1945 Y131.3596 Z94.1048 E0.3359
G1 X108.3569 Y132.1848 Z94.1068 E0.3358
G1 X108.5537 Y133.0023 Z94.1088 E0.3357
G1 X108.7846 Y133.8106 Z94.1108 E0.3356
G1 X109.0490 Y134.6084 Z94.1128 E0.3356
G1 X109.3465 Y135.3941 Z94.1148 E0.3355
G1 X109.6765 Y136.1666 Z94.1168 E0.3354
G1 X110.0386 Y136.9243 Z94.1188 E0.3353
G1 X110.4319 Y137.6661 Z94.1208 E0.3352
G1 X110.8559 Y138.3905 Z94.1228 E0.3351
G1 X111.3097 Y139.0964 Z94.1248 E0.3351
G1 X111.7926 Y139.7825 Z94.1268 E0.335
G1 X112.3036 Y140.4476 Z94.1288 E0.3349
G1 X112.8419 Y141.0905 Z94.1308 E0.3348
G1 X113.4066 Y141.7102 Z94.1328 E0.3347
G1 X113.9965 Y142.3055 Z94.1348 E0.3347
G1 X114.6107 Y142.8755 Z94.1368 E0.3346
G1 X115.2481 Y143.4192 Z94.1388 E0.3345
G1 X115.9075 Y143.9355 Z94.1408 E0.3344
G1 X116.5878 Y144.4237 Z94.1428 E0.3343
G1 X117.2877 Y144.8828 Z94.1448 E0.3342
G1 X118.0061 Y145.3121 Z94.1468 E0.3342
G1 X118.7417 Y145.7108 Z94.1488 E0.3341
G1 X119.4931 Y146.0783 Z94.1508 E0.334
G1 X120.2591 Y146.4139 Z94.1528 E0.3339
G1 X121.0383 Y146.7171 Z94.1548 E0.3338
G1 X121.8292 Y146.9873 Z94.1568 E0.3337
G1 X122.6306 Y147.2241 Z94.1587 E0.3337
G1 X123.4411 Y147.4270 Z94.1607 E0.3336
G1 X124.2591 Y147.5959 Z94.1627 E0.3335
G1 X125.0832 Y147.7302 Z94.1647 E0.3334
G1 X125.9120 Y147.8300 Z94.1667 E0.3333
G1 X126.7441 Y147.8949 Z94.1687 E0.3332
G1 X127.5780 Y147.9249 Z94.1707 E0.3332
G1 X128.4122 Y147.9199 Z94.1727 E0.3331
G1 X129.2452 Y147.8801 Z94.1747 E0.333
G1 X130.0757 Y147.8054 Z94.1767 E0.3329
G1 X130.9020 Y147.6960 Z94.1787 E0.3328
G1 X131.7229 Y147.5521 Z94.1807 E0.3327
G1 X132.5368 Y147.3741 Z94.1827 E0.3327
G1 X133.3423 Y147.1621 Z94.1847 E0.3326
G1 X134.1381 Y146.9167 Z94.1867 E0.3325
G1 X134.9227 Y146.6382 Z94.1887 E0.3324
G1 X135.6947 Y146.3272 Z94.1907 E0.3323
G1 X136.4529 Y145.9843 Z94.1927 E0.3323
G1 X137.1959 Y145.6099 Z94.1947 E0.3322
G1 X137.9223 Y145.2049 Z94.1967 E0.3321
G1 X138.6310 Y144.7700 Z94.1987 E0.332
G1 X139.3206 Y144.3058 Z94.2007 E0.3319
G1 X139.9901 Y143.8133 Z94.2027 E0.3318
G1 X140.6381 Y143.2934 Z94.2047 E0.3318
G1 X141.2637 Y142.7468 Z94.2067 E0.3317
G1 X141.8657 Y142.1748 Z94.2087 E0.3316
G1 X142.4431 Y141.5781 Z94.2107 E0.3315
G1 X142.9948 Y140.9580 Z94.2127 E0.3314
G1 X143.5199 Y140.3154 Z94.2147 E0.3313
G1 X144.0176 Y139.6516 Z94.2167 E0.3313
G1 X144.4869 Y138.9677 Z94.2187 E0.3312
G1 X144.9270 Y138.2649 Z94.2207 E0.3311
G1 X145.3372 Y137.5445 Z94.2227 E0.331
G1 X145.7168 Y136.8077 Z94.2246 E0.3309
G1 X146.0652 Y136.0559 Z94.2266 E0.3309
G1 X146.3816 Y135.2903 Z94.2286 E0.3308
G1 X146.6656 Y134.5124 Z94.2306 E0.3307
G1 X146.9168 Y133.7234 Z94.2326 E0.3306
G1 X147.1346 Y132.9248 Z94.2346 E0.3305
G1 X147.3188 Y132.1180 Z94.2366 E0.3304
G1 X147.4690 Y131.3044 Z94.2386 E0.3304
G1 X147.5849 Y130.4854 Z94.2406 E0.3303
G1 X147.6664 Y129.6625 Z94.2426 E0.3302
G1 X147.7134 Y128.8371 Z94.2446 E0.3301
G1 X147.7258 Y128.0106 Z94.2466 E0.33
G1 X147.7035 Y127.1846 Z94.2485 E0.3299
G1 X147.6466 Y126.3604 Z94.2504 E0.3299
G1 X147.5553 Y125.5396 Z94.2524 E0.3298
G1 X147.4298 Y124.7235 Z94.2543 E0.3297
G1 X147.2702 Y123.9136 Z94.2562 E0.3296
G1 X147.0769 Y123.1112 Z94.2581 E0.3295
G1 X146.8503 Y122.3179 Z94.26 E0.3294
G1 X146.5906 Y121.5350 Z94.2619 E0.3294
G1 X146.2985 Y120.7638 Z94.2638 E0.3293
G1 X145.9744 Y120.0057 Z94.2657 E0.3292
G1 X145.6190 Y119.2621 Z94.2676 E0.3291
G1 X145.2328 Y118.5341 Z94.2696 E0.329
G1 X144.8166 Y117.8232 Z94.2715 E0.3289
G1 X144.3711 Y117.1305 Z94.2734 E0.3289
G1 X143.8971 Y116.4572 Z94.2753 E0.3288
G1 X143.3954 Y115.8045 Z94.2772 E0.3287
G1 X142.8670 Y115.1736 Z94.2791 E0.3286
G1 X142.3128 Y114.5655 Z94.281 E0.3285
G1 X141.7337 Y113.9813 Z94.2829 E0.3284
G1 X141.1308 Y113.4220 Z94.2849 E0.3284
G1 X140.5052 Y112.8885 Z94.2868 E0.3283
G1 X139.8580 Y112.3819 Z94.2887 E0.3282
G1 X139.1903 Y111.9029 Z94.2906 E0.3281
G1 X138.5033 Y111.4525 Z94.2925 E0.328
G1 X137.7982 Y111.0312 Z94.2944 E0.3279
G1 X137.0763 Y110.6401 Z94.2963 E0.3279
G1 X136.3388 Y110.2795 Z94.2982 E0.3278
G1 X135.5870 Y109.9503 Z94.3001 E0.3277
G1 X134.8223 Y109.6529 Z94.3021 E0.3276
G1 X134.0461 Y109.3878 Z94.304 E0.3275
G1 X133.2596 Y109.1556 Z94.3059 E0.3274
G1 X132.4642 Y108.9565 Z94.3078 E0.3274
G1 X131.6615 Y108.7910 Z94.3097 E0.3273
G1 X130.8527 Y108.6592 Z94.3116 E0.3272
G1 X130.0393 Y108.5615 Z94.3135 E0.3271
G1 X129.2228 Y108.4979 Z94.3154 E0.327
G1 X128.4045 Y108.4686 Z94.3174 E0.3269
G1 X127.5859 Y108.4736 Z94.3193 E0.3269
G1 X126.7685 Y108.5128 Z94.3212 E0.3268
G1 X125.9536 Y108.5862 Z94.3231 E0.3267
G1 X125.1427 Y108.6937 Z94.325 E0.3266
G1 X124.3372 Y108.8350 Z94.3269 E0.3265
G1 X123.5386 Y109.0098 Z94.3288 E0.3264
G1 X122.7481 Y109.2179 Z94.3307 E0.3264
G1 X121.9673 Y109.4589 Z94.3327 E0.3263
G1 X121.1975 Y109.7322 Z94.3346 E0.3262
G1 X120.4400 Y110.0375 Z94.3365 E0.3261
G1 X119.6961 Y110.3742 Z94.3384 E0.326
G1 X118.9671 Y110.7416 Z94.3403 E0.3259
G1 X118.2544 Y111.1391 Z94.3422 E0.3259
G1 X117.5591 Y111.5660 Z94.3441 E0.3258
G1 X116.8825 Y112.0215 Z94.346 E0.3257
G1 X116.2257 Y112.5049 Z94.3479 E0.3256
G1 X115.5898 Y113.0152 Z94.3499 E0.3255
G1 X114.9761 Y113.5515 Z94.3518 E0.3254
G1 X114.3855 Y114.1129 Z94.3537 E0.3254
G1 X113.8191 Y114.6984 Z94.3556 E0.3253
G1 X113.2779 Y115.3070 Z94.3575 E0.3252
G1 X112.7627 Y115.9375 Z94.3594 E0.3251
G1 X112.2745 Y116.5889 Z94.3613 E0.325
G1 X111.8142 Y117.2600 Z94.3632 E0.3249
G1 X111.3825 Y117.9496 Z94.3651 E0.3249
G1 X110.9801 Y118.6565 Z94.3671 E0.3248
G1 X110.6078 Y119.3794 Z94.369 E0.3247
G1 X110.2661 Y120.1171 Z94.3709 E0.3246
G1 X109.9558 Y120.8683 Z94.3728 E0.3245
G1 X109.6772 Y121.6316 Z94.3747 E0.3244
G1 X109.4309 Y122.4057 Z94.3766 E0.3243
G1 X109.2173 Y123.1893 Z94.3785 E0.3243
G1 X109.0368 Y123.9809 Z94.3804 E0.3242
G1 X108.8896 Y124.7791 Z94.3824 E0.3241
G1 X108.7759 Y125.5827 Z94.3843 E0.324
G1 X108.6961 Y126.3900 Z94.3862 E0.3239
G1 X108.6501 Y127.1998 Z94.3881 E0.3239
G1 X108.6381 Y128.0106 Z94.39 E0.3238
G1 X108.6601 Y128.8210 Z94.3919 E0.3237
G1 X108.7159 Y129.6295 Z94.3938 E0.3236
G1 X108.8056 Y130.4348 Z94.3957 E0.3235
G1 X108.9289 Y131.2354 Z94.3977 E0.3234
G1 X109.0855 Y132.0300 Z94.3996 E0.3234
G1 X109.2752 Y132.8171 Z94.4015 E0.3233
G1 X109.4977 Y133.5953 Z94.4034 E0.3232
G1 X109.7525 Y134.3634 Z94.4053 E0.3231
G1 X110.0391 Y135.1199 Z94.4072 E0.323
G1 X110.3571 Y135.8635 Z94.4091 E0.3229
G1 X110.7059 Y136.5930 Z94.411 E0.3228
G1 X111.0849 Y137.3071 Z94.4129 E0.3228
G1 X111.4932 Y138.0045 Z94.4148 E0.3227
G1 X111.9304 Y138.6840 Z94.4168 E0.3226
G1 X112.3954 Y139.3445 Z94.4187 E0.3225
G1 X112.8876 Y139.9847 Z94.4206 E0.3224
G1 X113.4061 Y140.6035 Z94.4225 E0.3224
G1 X113.9499 Y141.2000 Z94.4244 E0.3223
G1 X114.5180 Y141.7730 Z94.4263 E0.3222
G1 X115.1094 Y142.3216 Z94.4282 E0.3221
G1 X115.7232 Y142.8448 Z94.4302 E0.322
G1 X116.3582 Y143.3417 Z94.4321 E0.3219
G1 X117.0132 Y143.8115 Z94.434 E0.3219
G1 X117.6872 Y144.2533 Z94.4359 E0.3218
G1 X118.3789 Y144.6664 Z94.4378 E0.3217
G1 X119.0871 Y145.0501 Z94.4397 E0.3216
G1 X119.8106 Y145.4037 Z94.4416 E0.3215
G1 X120.5481 Y145.7265 Z94.4435 E0.3214
G1 X121.2982 Y146.0182 Z94.4454 E0.3214
G1 X122.0597 Y146.2781 Z94.4474 E0.3213
G1 X122.8312 Y146.5058 Z94.4493 E0.3212
G1 X123.6114 Y146.7010 Z94.4512 E0.3211
G1 X124.3988 Y146.8633 Z94.4531 E0.321
G1 X125.1922 Y146.9924 Z94.455 E0.3209
G1 X125.9900 Y147.0882 Z94.4569 E0.3209
G1 X126.7910 Y147.1504 Z94.4588 E0.3208
G1 X127.5936 Y147.1791 Z94.4607 E0.3207
G1 X128.3966 Y147.1741 Z94.4626 E0.3206
G1 X129.1984 Y147.1355 Z94.4646 E0.3205
G1 X129.9977 Y147.0634 Z94.4665 E0.3204
G1 X130.7930 Y146.9579 Z94.4684 E0.3204
G1 X131.5831 Y146.8192 Z94.4703 E0.3203
G1 X132.3664 Y146.6476 Z94.4722 E0.3202
G1 X133.1417 Y146.4434 Z94.4741 E0.3201
G1 X133.9075 Y146.2070 Z94.476 E0.32
G1 X134.6626 Y145.9388 Z94.4779 E0.3199
G1 X135.4056 Y145.6393 Z94.4798 E0.3199
G1 X136.1352 Y145.3090 Z94.4818 E0.3198
G1 X136.8501 Y144.9485 Z94.4837 E0.3197
G1 X137.5491 Y144.5586 Z94.4856 E0.3196
G1 X138.2310 Y144.1398 Z94.4875 E0.3195
G1 X138.8946 Y143.6929 Z94.4894 E0.3194
G1 X139.5387 Y143.2187 Z94.4913 E0.3194
G1 X140.1623 Y142.7182 Z94.4932 E0.3193
G1 X140.7642 Y142.1921 Z94.4951 E0.3192
G1 X141.3434 Y141.6413 Z94.4971 E0.3191
G1 X141.8988 Y141.0670 Z94.499 E0.319
G1 X142.4296 Y140.4701 Z94.5009 E0.3189
G1 X142.9348 Y139.8516 Z94.5028 E0.3189
G1 X143.4135 Y139.2127 Z94.5047 E0.3188
G1 X143.8649 Y138.5545 Z94.5066 E0.3187
G1 X144.2883 Y137.8781 Z94.5085 E0.3186
G1 X144.6828 Y137.1847 Z94.5104 E0.3185
G1 X145.0479 Y136.4757 Z94.5124 E0.3184
G1 X145.3828 Y135.7521 Z94.5143 E0.3184
G1 X145.6871 Y135.0154 Z94.5162 E0.3183
G1 X145.9602 Y134.2667 Z94.5181 E0.3182
G1 X146.2017 Y133.5075 Z94.52 E0.3181
G1 X146.4111 Y132.7390 Z94.5219 E0.318
G1 X146.5881 Y131.9627 Z94.5238 E0.318
G1 X146.7323 Y131.1798 Z94.5257 E0.3179
G1 X146.8437 Y130.3917 Z94.5276 E0.3178
G1 X146.9219 Y129.5999 Z94.5295 E0.3177
G1 X146.9669 Y128.8058 Z94.5315 E0.3176
G1 X146.9785 Y128.0106 Z94.5334 E0.3175
G1 X146.9569 Y127.2159 Z94.5352 E0.3175
G1 X146.9020 Y126.4230 Z94.537 E0.3174
G1 X146.8139 Y125.6332 Z94.5388 E0.3173
G1 X146.6929 Y124.8481 Z94.5407 E0.3172
G1 X146.5392 Y124.0690 Z94.5425 E0.3171
G1 X146.3530 Y123.2971 Z94.5443 E0.317
G1 X146.1347 Y122.5339 Z94.5462 E0.3169
G1 X145.8847 Y121.7808 Z94.548 E0.3169
G1 X145.6035 Y121.0390 Z94.5498 E0.3168
G1 X145.2915 Y120.3098 Z94.5516 E0.3167
G1 X144.9494 Y119.5945 Z94.5535 E0.3166
G1 X144.5777 Y118.8943 Z94.5553 E0.3165
G1 X144.1771 Y118.2105 Z94.5571 E0.3164
G1 X143.7484 Y117.5442 Z94.5589 E0.3164
G1 X143.2922 Y116.8967 Z94.5608 E0.3163
G1 X142.8094 Y116.2690 Z94.5626 E0.3162
G1 X142.3010 Y115.6622 Z94.5644 E0.3161
G1 X141.7677 Y115.0774 Z94.5662 E0.316
G1 X141.2105 Y114.5156 Z94.568 E0.3159
G1 X140.6304 Y113.9777 Z94.5699 E0.3159
G1 X140.0285 Y113.4648 Z94.5717 E0.3158
G1 X139.4058 Y112.9776 Z94.5735 E0.3157
G1 X138.7634 Y112.5171 Z94.5753 E0.3156
G1 X138.1025 Y112.0840 Z94.5772 E0.3155
G1 X137.4242 Y111.6791 Z94.579 E0.3154
G1 X136.7297 Y111.3030 Z94.5808 E0.3153
G1 X136.0202 Y110.9564 Z94.5826 E0.3153
G1 X135.2971 Y110.6399 Z94.5845 E0.3152
G1 X134.5615 Y110.3541 Z94.5863 E0.3151
G1 X133.8149 Y110.0994 Z94.5881 E0.315
G1 X133.0584 Y109.8762 Z94.5899 E0.3149
G1 X132.2934 Y109.6850 Z94.5918 E0.3148
G1 X131.5213 Y109.5260 Z94.5936 E0.3148
G1 X130.7434 Y109.3995 Z94.5954 E0.3147
G1 X129.9611 Y109.3057 Z94.5972 E0.3146
G1 X129.1758 Y109.2448 Z94.5991 E0.3145
G1 X128.3888 Y109.2169 Z94.6009 E0.3144
G1 X127.6016 Y109.2219 Z94.6027 E0.3143
G1 X126.8154 Y109.2598 Z94.6045 E0.3143
G1 X126.0318 Y109.3307 Z94.6064 E0.3142
G1 X125.2520 Y109.4342 Z94.6082 E0.3141
G1 X124.4775 Y109.5703 Z94.61 E0.314
G1 X123.7095 Y109.7387 Z94.6118 E0.3139
G1 X122.9495 Y109.9390 Z94.6137 E0.3138
G1 X122.1987 Y110.1709 Z94.6155 E0.3137
G1 X121.4585 Y110.4340 Z94.6173 E0.3137
G1 X120.7301 Y110.7278 Z94.6191 E0.3136
G1 X120.0149 Y111.0517 Z94.621 E0.3135
G1 X119.3140 Y111.4052 Z94.6228 E0.3134
G1 X118.6288 Y111.7876 Z94.6246 E0.3133
G1 X117.9603 Y112.1983 Z94.6264 E0.3132
G1 X117.3099 Y112.6365 Z94.6283 E0.3132
G1 X116.6785 Y113.1014 Z94.6301 E0.3131
G1 X116.0673 Y113.5923 Z94.6319 E0.313
G1 X115.4773 Y114.1081 Z94.6337 E0.3129
G1 X114.9096 Y114.6481 Z94.6356 E0.3128
G1 X114.3652 Y115.2112 Z94.6374 E0.3127
G1 X113.8450 Y115.7965 Z94.6392 E0.3127
G1 X113.3498 Y116.4029 Z94.641 E0.3126
G1 X112.8806 Y117.0293 Z94.6428 E0.3125
G1 X112.4382 Y117.6746 Z94.6447 E0.3124
G1 X112.0233 Y118.3377 Z94.6465 E0.3123
G1 X111.6367 Y119.0175 Z94.6483 E0.3122
G1 X111.2789 Y119.7126 Z94.6501 E0.3122
G1 X110.9507 Y120.4219 Z94.652 E0.3121
G1 X110.6525 Y121.1442 Z94.6538 E0.312
G1 X110.3849 Y121.8781 Z94.6556 E0.3119
G1 X110.1484 Y122.6224 Z94.6574 E0.3118
G1 X109.9432 Y123.3757 Z94.6593 E0.3117
G1 X109.7699 Y124.1367 Z94.6611 E0.3117
G1 X109.6286 Y124.9041 Z94.6629 E0.3116
G1 X109.5196 Y125.6766 Z94.6647 E0.3115
G1 X109.4431 Y126.4527 Z94.6666 E0.3114
G1 X109.3991 Y127.2312 Z94.6684 E0.3113
G1 X109.3878 Y128.0106 Z94.6702 E0.3112
G1 X109.4091 Y128.7896 Z94.672 E0.3111
G1 X109.4630 Y129.5668 Z94.6739 E0.3111
G1 X109.5494 Y130.3408 Z94.6757 E0.311
G1 X109.6681 Y131.1104 Z94.6775 E0.3109
G1 X109.8189 Y131.8741 Z94.6793 E0.3108
G1 X110.0015 Y132.6306 Z94.6812 E0.3107
G1 X110.2156 Y133.3786 Z94.683 E0.3106
G1 X110.4607 Y134.1168 Z94.6848 E0.3106
G1 X110.7364 Y134.8438 Z94.6866 E0.3105
G1 X111.0423 Y135.5585 Z94.6885 E0.3104
G1 X111.3777 Y136.2596 Z94.6903 E0.3103
G1 X111.7421 Y136.9458 Z94.6921 E0.3102
G1 X112.1348 Y137.6160 Z94.6939 E0.3101
G1 X112.5552 Y138.2689 Z94.6957 E0.3101
G1 X113.0023 Y138.9035 Z94.6976 E0.31
G1 X113.4756 Y139.5187 Z94.6994 E0.3099
G1 X113.9740 Y140.1133 Z94.7012 E0.3098
G1 X114.4968 Y140.6864 Z94.7031 E0.3097
G1 X115.0429 Y141.2370 Z94.7049 E0.3096
G1 X115.6115 Y141.7640 Z94.7067 E0.3096
G1 X116.2015 Y142.2667 Z94.7085 E0.3095
G1 X116.8118 Y142.7441 Z94.7104 E0.3094
G1 X117.4415 Y143.1953 Z94.7122 E0.3093
G1 X118.0893 Y143.6197 Z94.714 E0.3092
G1 X118.7541 Y144.0165 Z94.7158 E0.3091
G1 X119.4348 Y144.3850 Z94.7176 E0.3091
G1 X120.1302 Y144.7245 Z94.7195 E0.309
G1 X120.8389 Y145.0346 Z94.7213 E0.3089
G1 X121.5598 Y145.3147 Z94.7231 E0.3088
G1 X122.2916 Y145.5642 Z94.7249 E0.3087
G1 X123.0331 Y145.7828 Z94.7268 E0.3086
G1 X123.7828 Y145.9701 Z94.7286 E0.3086
G1 X124.5395 Y146.1258 Z94.7304 E0.3085
G1 X125.3018 Y146.2497 Z94.7322 E0.3084
G1 X126.0685 Y146.3415 Z94.7341 E0.3083
G1 X126.8381 Y146.4011 Z94.7359 E0.3082
G1 X127.6093 Y146.4284 Z94.7377 E0.3081
G1 X128.3808 Y146.4234 Z94.7395 E0.3081
G1 X129.1512 Y146.3861 Z94.7414 E0.308
G1 X129.9192 Y146.3166 Z94.7432 E0.3079
G1 X130.6833 Y146.2150 Z94.745 E0.3078
G1 X131.4423 Y146.0815 Z94.7468 E0.3077
G1 X132.1949 Y145.9164 Z94.7487 E0.3076
G1 X132.9397 Y145.7200 Z94.7505 E0.3075
G1 X133.6754 Y145.4927 Z94.7523 E0.3075
G1 X134.4007 Y145.2348 Z94.7541 E0.3074
G1 X135.1145 Y144.9468 Z94.756 E0.3073
G1 X135.8153 Y144.6293 Z94.7578 E0.3072
G1 X136.5020 Y144.2828 Z94.7596 E0.3071
G1 X137.1735 Y143.9079 Z94.7614 E0.307
G1 X137.8284 Y143.5054 Z94.7633 E0.307
G1 X138.4658 Y143.0759 Z94.7651 E0.3069
G1 X139.0845 Y142.6203 Z94.7669 E0.3068
G1 X139.6833 Y142.1392 Z94.7687 E0.3067
G1 X140.2614 Y141.6336 Z94.7706 E0.3066
G1 X140.8176 Y141.1044 Z94.7724 E0.3065
G1 X141.3510 Y140.5526 Z94.7742 E0.3065
G1 X141.8607 Y139.9790 Z94.776 E0.3064
G1 X142.3458 Y139.3848 Z94.7779 E0.3063
G1 X142.8054 Y138.7709 Z94.7797 E0.3062
G1 X143.2388 Y138.1385 Z94.7815 E0.3061
G1 X143.6453 Y137.4887 Z94.7833 E0.306
G1 X144.0241 Y136.8226 Z94.7852 E0.306
G1 X144.3745 Y136.1414 Z94.787 E0.3059
G1 X144.6961 Y135.4463 Z94.7888 E0.3058
G1 X144.9881 Y134.7386 Z94.7906 E0.3057
G1 X145.2502 Y134.0195 Z94.7924 E0.3056
G1 X145.4819 Y133.2902 Z94.7943 E0.3055
G1 X145.6828 Y132.5520 Z94.7961 E0.3055
G1 X145.8526 Y131.8063 Z94.7979 E0.3054
G1 X145.9909 Y131.0544 Z94.7997 E0.3053
G1 X146.0976 Y130.2975 Z94.8016 E0.3052
G1 X146.1725 Y129.5370 Z94.8034 E0.3051
G1 X146.2155 Y128.7743 Z94.8052 E0.305
G1 X146.2264 Y128.0106 Z94.807 E0.305
G1 X146.2054 Y127.2474 Z94.8088 E0.3049
G1 X146.1524 Y126.4859 Z94.8105 E0.3048
G1 X146.0677 Y125.7275 Z94.8122 E0.3047
G1 X145.9512 Y124.9736 Z94.814 E0.3046
G1 X145.8034 Y124.2254 Z94.8157 E0.3045
G1 X145.6243 Y123.4842 Z94.8174 E0.3044
G1 X145.4145 Y122.7514 Z94.8192 E0.3044
G1 X145.1742 Y122.0282 Z94.8209 E0.3043
G1 X144.9039 Y121.3159 Z94.8226 E0.3042
G1 X144.6042 Y120.6158 Z94.8244 E0.3041
G1 X144.2754 Y119.9290 Z94.8261 E0.304
G1 X143.9183 Y119.2568 Z94.8278 E0.3039
G1 X143.5334 Y118.6003 Z94.8296 E0.3039
G1 X143.1215 Y117.9607 Z94.8313 E0.3038
G1 X142.6833 Y117.3390 Z94.833 E0.3037
G1 X142.2196 Y116.7364 Z94.8347 E0.3036
G1 X141.7312 Y116.1540 Z94.8365 E0.3035
G1 X141.2190 Y115.5926 Z94.8382 E0.3034
G1 X140.6838 Y115.0534 Z94.8399 E0.3033
G1 X140.1267 Y114.5371 Z94.8417 E0.3033
G1 X139.5486 Y114.0448 Z94.8434 E0.3032
G1 X138.9506 Y113.5773 Z94.8451 E0.3031
G1 X138.3337 Y113.1353 Z94.8469 E0.303
G1 X137.6991 Y112.7197 Z94.8486 E0.3029
G1 X137.0477 Y112.3311 Z94.8503 E0.3028
G1 X136.3808 Y111.9703 Z94.8521 E0.3028
G1 X135.6996 Y111.6377 Z94.8538 E0.3027
G1 X135.0053 Y111.3341 Z94.8555 E0.3026
G1 X134.2990 Y111.0599 Z94.8573 E0.3025
G1 X133.5821 Y110.8156 Z94.859 E0.3024
G1 X132.8558 Y110.6016 Z94.8607 E0.3023
G1 X132.1214 Y110.4182 Z94.8625 E0.3022
G1 X131.3801 Y110.2658 Z94.8642 E0.3022
G1 X130.6334 Y110.1446 Z94.8659 E0.3021
G1 X129.8824 Y110.0549 Z94.8676 E0.302
G1 X129.1285 Y109.9966 Z94.8694 E0.3019
G1 X128.3730 Y109.9700 Z94.8711 E0.3018
G1 X127.6174 Y109.9751 Z94.8728 E0.3017
G1 X126.8628 Y110.0117 Z94.8746 E0.3017
G1 X126.1106 Y110.0800 Z94.8763 E0.3016
G1 X125.3621 Y110.1796 Z94.878 E0.3015
G1 X124.6187 Y110.3105 Z94.8798 E0.3014
G1 X123.8816 Y110.4723 Z94.8815 E0.3013
G1 X123.1521 Y110.6648 Z94.8832 E0.3012
G1 X122.4315 Y110.8876 Z94.885 E0.3011
G1 X121.7212 Y111.1403 Z94.8867 E0.3011
G1 X121.0222 Y111.4225 Z94.8884 E0.301
G1 X120.3358 Y111.7336 Z94.8902 E0.3009
G1 X119.6632 Y112.0731 Z94.8919 E0.3008
G1 X119.0057 Y112.4404 Z94.8936 E0.3007
G1 X118.3642 Y112.8347 Z94.8953 E0.3006
G1 X117.7401 Y113.2555 Z94.8971 E0.3006
G1 X117.1342 Y113.7019 Z94.8988 E0.3005
G1 X116.5478 Y114.1731 Z94.9005 E0.3004
G1 X115.9818 Y114.6684 Z94.9023 E0.3003
G1 X115.4371 Y115.1868 Z94.904 E0.3002
G1 X114.9148 Y115.7274 Z94.9057 E0.3001
G1 X114.4157 Y116.2892 Z94.9075 E0.3
G1 X113.9408 Y116.8712 Z94.9092 E0.3
G1 X113.4907 Y117.4725 Z94.9109 E0.2999
G1 X113.0663 Y118.0919 Z94.9127 E0.2998
G1 X112.6684 Y118.7284 Z94.9144 E0.2997
G1 X112.2976 Y119.3808 Z94.9161 E0.2996
G1 X111.9545 Y120.0479 Z94.9178 E0.2995
G1 X111.6397 Y120.7287 Z94.9196 E0.2995
G1 X111.3538 Y121.4218 Z94.9213 E0.2994
G1 X111.0973 Y122.1262 Z94.923 E0.2993
G1 X110.8705 Y122.8404 Z94.9248 E0.2992
G1 X110.6739 Y123.5633 Z94.9265 E0.2991
G1 X110.5078 Y124.2936 Z94.9282 E0.299
G1 X110.3725 Y125.0300 Z94.93 E0.299
G1 X110.2681 Y125.7712 Z94.9317 E0.2989
G1 X110.1949 Y126.5159 Z94.9334 E0.2988
G1 X110.1530 Y127.2628 Z94.9352 E0.2987
G1 X110.1424 Y128.0106 Z94.9369 E0.2986
G1 X110.1631 Y128.7580 Z94.9386 E0.2985
G1 X110.2150 Y129.5036 Z94.9404 E0.2984
G1 X110.2982 Y130.2463 Z94.9421 E0.2984
G1 X110.4123 Y130.9845 Z94.9438 E0.2983
G1 X110.5572 Y131.7172 Z94.9456 E0.2982
G1 X110.7326 Y132.4429 Z94.9473 E0.2981
G1 X110.9381 Y133.1604 Z94.949 E0.298
G1 X111.1735 Y133.8685 Z94.9507 E0.2979
G1 X111.4383 Y134.5659 Z94.9525 E0.2979
G1 X111.7319 Y135.2515 Z94.9542 E0.2978
G1 X112.0539 Y135.9239 Z94.9559 E0.2977
G1 X112.4037 Y136.5821 Z94.9577 E0.2976
G1 X112.7806 Y137.2248 Z94.9594 E0.2975
G1 X113.1840 Y137.8511 Z94.9611 E0.2974
G1 X113.6132 Y138.4597 Z94.9629 E0.2973
G1 X114.0673 Y139.0497 Z94.9646 E0.2973
G1 X114.5456 Y139.6199 Z94.9663 E0.2972
G1 X115.0472 Y140.1695 Z94.9681 E0.2971
G1 X115.5713 Y140.6974 Z94.9698 E0.297
G1 X116.1168 Y141.2028 Z94.9715 E0.2969
G1 X116.6829 Y141.6847 Z94.9733 E0.2968
G1 X117.2685 Y142.1424 Z94.975 E0.2968
G1 X117.8726 Y142.5751 Z94.9767 E0.2967
G1 X118.4940 Y142.9819 Z94.9785 E0.2966
G1 X119.1318 Y143.3623 Z94.9802 E0.2965
G1 X119.7848 Y143.7155 Z94.9819 E0.2964
G1 X120.4518 Y144.0410 Z94.9837 E0.2963
G1 X121.1317 Y144.3382 Z94.9854 E0.2962
G1 X121.8232 Y144.6065 Z94.9871 E0.2962
G1 X122.5251 Y144.8456 Z94.9888 E0.2961
G1 X123.2362 Y145.0551 Z94.9906 E0.296
G1 X123.9553 Y145.2345 Z94.9923 E0.2959
G1 X124.6811 Y145.3836 Z94.994 E0.2958
G1 X125.4122 Y145.5021 Z94.9958 E0.2957
G1 X126.1475 Y145.5899 Z94.9975 E0.2957
G1 X126.8856 Y145.6468 Z94.9992 E0.2956
G1 X127.6252 Y145.6728 Z95.001 E0.2955
G1 X128.3650 Y145.6677 Z95.0027 E0.2954
G1 X129.1038 Y145.6317 Z95.0044 E0.2953
G1 X129.8402 Y145.5648 Z95.0062 E0.2952
G1 X130.5729 Y145.4672 Z95.0079 E0.2952
G1 X131.3007 Y145.3390 Z95.0096 E0.2951
G1 X132.0223 Y145.1804 Z95.0114 E0.295
G1 X132.7364 Y144.9919 Z95.0131 E0.2949
G1 X133.4418 Y144.7736 Z95.0148 E0.2948
G1 X134.1372 Y144.5261 Z95.0165 E0.2947
G1 X134.8214 Y144.2498 Z95.0183 E0.2947
G1 X135.4933 Y143.9451 Z95.02 E0.2946
G1 X136.1517 Y143.6127 Z95.0217 E0.2945
G1 X136.7954 Y143.2530 Z95.0235 E0.2944
G1 X137.4232 Y142.8669 Z95.0252 E0.2943
G1 X138.0342 Y142.4549 Z95.0269 E0.2942
G1 X138.6272 Y142.0178 Z95.0287 E0.2941
G1 X139.2012 Y141.5564 Z95.0304 E0.2941
G1 X139.7552 Y141.0715 Z95.0321 E0.294
G1 X140.2883 Y140.5640 Z95.0339 E0.2939
G1 X140.7995 Y140.0348 Z95.0356 E0.2938
G1 X141.2880 Y139.4847 Z95.0373 E0.2937
G1 X141.7529 Y138.9149 Z95.0391 E0.2936
G1 X142.1934 Y138.3262 Z95.0408 E0.2936
G1 X142.6087 Y137.7198 Z95.0425 E0.2935
G1 X142.9981 Y137.0967 Z95.0443 E0.2934
G1 X143.3610 Y136.4581 Z95.046 E0.2933
G1 X143.6968 Y135.8050 Z95.0477 E0.2932
G1 X144.0048 Y135.1386 Z95.0495 E0.2931
G1 X144.2845 Y134.4600 Z95.0512 E0.2931
G1 X144.5356 Y133.7706 Z95.0529 E0.293
G1 X144.7574 Y133.0714 Z95.0546 E0.2929
G1 X144.9497 Y132.3638 Z95.0564 E0.2928
G1 X145.1122 Y131.6490 Z95.0581 E0.2927
G1 X145.2446 Y130.9281 Z95.0598 E0.2926
G1 X145.3466 Y130.2026 Z95.0616 E0.2926
G1 X145.4182 Y129.4737 Z95.0633 E0.2925
G1 X145.4591 Y128.7426 Z95.065 E0.2924
G1 X145.4694 Y128.0106 Z95.0668 E0.2923
G1 X145.4490 Y127.2791 Z95.0684 E0.2922
G1 X145.3980 Y126.5493 Z95.0701 E0.2921
G1 X145.3165 Y125.8224 Z95.0717 E0.292
G1 X145.2047 Y125.0998 Z95.0733 E0.292
G1 X145.0627 Y124.3828 Z95.075 E0.2919
G1 X144.8909 Y123.6725 Z95.0766 E0.2918
G1 X144.6896 Y122.9703 Z95.0783 E0.2917
G1 X144.4591 Y122.2773 Z95.0799 E0.2916
G1 X144.1998 Y121.5947 Z95.0816 E0.2915
G1 X143.9123 Y120.9238 Z95.0832 E0.2914
G1 X143.5970 Y120.2658 Z95.0848 E0.2914
G1 X143.2546 Y119.6217 Z95.0865 E0.2913
G1 X142.8856 Y118.9927 Z95.0881 E0.2912
G1 X142.4906 Y118.3798 Z95.0898 E0.2911
G1 X142.0705 Y117.7843 Z95.0914 E0.291
G1 X141.6260 Y117.2070 Z95.0931 E0.2909
G1 X141.1577 Y116.6490 Z95.0947 E0.2908
G1 X140.6667 Y116.1112 Z95.0963 E0.2908
G1 X140.1538 Y115.5946 Z95.098 E0.2907
G1 X139.6198 Y115.1001 Z95.0996 E0.2906
G1 X139.0657 Y114.6286 Z95.1013 E0.2905
G1 X138.4926 Y114.1808 Z95.1029 E0.2904
G1 X137.9013 Y113.7575 Z95.1046 E0.2903
G1 X137.2930 Y113.3595 Z95.1062 E0.2903
G1 X136.6688 Y112.9874 Z95.1079 E0.2902
G1 X136.0298 Y112.6418 Z95.1095 E0.2901
G1 X135.3770 Y112.3234 Z95.1111 E0.29
G1 X134.7116 Y112.0328 Z95.1128 E0.2899
G1 X134.0349 Y111.7703 Z95.1144 E0.2898
G1 X133.3479 Y111.5364 Z95.1161 E0.2897
G1 X132.6520 Y111.3316 Z95.1177 E0.2897
G1 X131.9483 Y111.1562 Z95.1194 E0.2896
G1 X131.2381 Y111.0104 Z95.121 E0.2895
G1 X130.5226 Y110.8945 Z95.1226 E0.2894
G1 X129.8031 Y110.8088 Z95.1243 E0.2893
G1 X129.0809 Y110.7532 Z95.1259 E0.2892
G1 X128.3572 Y110.7280 Z95.1276 E0.2891
G1 X127.6332 Y110.7330 Z95.1292 E0.2891
G1 X126.9104 Y110.7684 Z95.1309 E0.289
G1 X126.1898 Y110.8340 Z95.1325 E0.2889
G1 X125.4729 Y110.9297 Z95.1341 E0.2888
G1 X124.7607 Y111.0553 Z95.1358 E0.2887
G1 X124.0547 Y111.2105 Z95.1374 E0.2886
G1 X123.3560 Y111.3952 Z95.1391 E0.2886
G1 X122.6659 Y111.6088 Z95.1407 E0.2885
G1 X121.9855 Y111.8512 Z95.1424 E0.2884
G1 X121.3161 Y112.1217 Z95.144 E0.2883
G1 X120.6587 Y112.4199 Z95.1457 E0.2882
G1 X120.0146 Y112.7453 Z95.1473 E0.2881
G1 X119.3849 Y113.0973 Z95.1489 E0.288
G1 X118.7707 Y113.4752 Z95.1506 E0.288
G1 X118.1730 Y113.8784 Z95.1522 E0.2879
G1 X117.5929 Y114.3061 Z95.1539 E0.2878
G1 X117.0314 Y114.7577 Z95.1555 E0.2877
G1 X116.4894 Y115.2322 Z95.1572 E0.2876
G1 X115.9679 Y115.7288 Z95.1588 E0.2875
G1 X115.4679 Y116.2467 Z95.1604 E0.2874
G1 X114.9901 Y116.7849 Z95.1621 E0.2874
G1 X114.5354 Y117.3425 Z95.1637 E0.2873
G1 X114.1046 Y117.9185 Z95.1654 E0.2872
G1 X113.6984 Y118.5119 Z95.167 E0.2871
G1 X113.3175 Y119.1215 Z95.1687 E0.287
G1 X112.9626 Y119.7464 Z95.1703 E0.2869
G1 X112.6342 Y120.3854 Z95.1719 E0.2869
G1 X112.3330 Y121.0374 Z95.1736 E0.2868
G1 X112.0595 Y121.7012 Z95.1752 E0.2867
G1 X111.8141 Y122.3758 Z95.1769 E0.2866
G1 X111.5971 Y123.0598 Z95.1785 E0.2865
G1 X111.4091 Y123.7520 Z95.1802 E0.2864
G1 X111.2503 Y124.4514 Z95.1818 E0.2863
G1 X111.1210 Y125.1566 Z95.1835 E0.2863
G1 X111.0213 Y125.8663 Z95.1851 E0.2862
G1 X110.9514 Y126.5794 Z95.1867 E0.2861
G1 X110.9115 Y127.2946 Z95.1884 E0.286
G1 X110.9016 Y128.0106 Z95.19 E0.2859
G1 X110.9217 Y128.7262 Z95.1917 E0.2858
G1 X110.9717 Y129.4401 Z95.1933 E0.2857
G1 X111.0515 Y130.1511 Z95.195 E0.2857
G1 X111.1610 Y130.8579 Z95.1966 E0.2856
G1 X111.3000 Y131.5593 Z95.1982 E0.2855
G1 X111.4681 Y132.2540 Z95.1999 E0.2854
G1 X111.6652 Y132.9409 Z95.2015 E0.2853
G1 X111.8908 Y133.6188 Z95.2032 E0.2852
G1 X112.1444 Y134.2863 Z95.2048 E0.2852
G1 X112.4258 Y134.9425 Z95.2065 E0.2851
G1 X112.7343 Y135.5862 Z95.2081 E0.285
G1 X113.0693 Y136.2161 Z95.2098 E0.2849
G1 X113.4304 Y136.8313 Z95.2114 E0.2848
G1 X113.8168 Y137.4307 Z95.213 E0.2847
G1 X114.2278 Y138.0132 Z95.2147 E0.2846
G1 X114.6627 Y138.5778 Z95.2163 E0.2846
G1 X115.1207 Y139.1235 Z95.218 E0.2845
G1 X115.6011 Y139.6494 Z95.2196 E0.2844
G1 X116.1029 Y140.1546 Z95.2213 E0.2843
G1 X116.6253 Y140.6381 Z95.2229 E0.2842
G1 X117.1672 Y141.0993 Z95.2245 E0.2841
G1 X117.7279 Y141.5372 Z95.2262 E0.2841
G1 X118.3062 Y141.9511 Z95.2278 E0.284
G1 X118.9012 Y142.3403 Z95.2295 E0.2839
G1 X119.5118 Y142.7042 Z95.2311 E0.2838
G1 X120.1369 Y143.0420 Z95.2328 E0.2837
G1 X120.7754 Y143.3533 Z95.2344 E0.2836
G1 X121.4262 Y143.6375 Z95.2361 E0.2835
G1 X122.0881 Y143.8941 Z95.2377 E0.2835
G1 X122.7600 Y144.1227 Z95.2393 E0.2834
G1 X123.4407 Y144.3229 Z95.241 E0.2833
G1 X124.1289 Y144.4944 Z95.2426 E0.2832
G1 X124.8235 Y144.6368 Z95.2443 E0.2831
G1 X125.5233 Y144.7500 Z95.2459 E0.283
G1 X126.2270 Y144.8338 Z95.2476 E0.283
G1 X126.9333 Y144.8880 Z95.2492 E0.2829
G1 X127.6411 Y144.9126 Z95.2508 E0.2828
G1 X128.3491 Y144.9076 Z95.2525 E0.2827
G1 X129.0560 Y144.8728 Z95.2541 E0.2826
G1 X129.7607 Y144.8086 Z95.2558 E0.2825
G1 X130.4618 Y144.7149 Z95.2574 E0.2824
G1 X131.1582 Y144.5920 Z95.2591 E0.2824
G1 X131.8486 Y144.4400 Z95.2607 E0.2823
G1 X132.5319 Y144.2594 Z95.2624 E0.2822
G1 X133.2068 Y144.0503 Z95.264 E0.2821
G1 X133.8721 Y143.8132 Z95.2656 E0.282
G1 X134.5267 Y143.5486 Z95.2673 E0.2819
G1 X135.1695 Y143.2568 Z95.2689 E0.2819
G1 X135.7993 Y142.9385 Z95.2706 E0.2818
G1 X136.4150 Y142.5943 Z95.2722 E0.2817
G1 X137.0156 Y142.2246 Z95.2739 E0.2816
G1 X137.6000 Y141.8302 Z95.2755 E0.2815
G1 X138.1672 Y141.4118 Z95.2771 E0.2814
G1 X138.7163 Y140.9702 Z95.2788 E0.2813
G1 X139.2461 Y140.5061 Z95.2804 E0.2813
G1 X139.7560 Y140.0204 Z95.2821 E0.2812
G1 X140.2449 Y139.5139 Z95.2837 E0.2811
G1 X140.7120 Y138.9875 Z95.2854 E0.281
G1 X141.1565 Y138.4422 Z95.287 E0.2809
G1 X141.5777 Y137.8789 Z95.2887 E0.2808
G1 X141.9748 Y137.2987 Z95.2903 E0.2808
G1 X142.3471 Y136.7025 Z95.2919 E0.2807
G1 X142.6941 Y136.0914 Z95.2936 E0.2806
G1 X143.0150 Y135.4666 Z95.2952 E0.2805
G1 X143.3094 Y134.8290 Z95.2969 E0.2804
G1 X143.5768 Y134.1798 Z95.2985 E0.2803
G1 X143.8167 Y133.5203 Z95.3002 E0.2802
G1 X144.0287 Y132.8514 Z95.3018 E0.2802
G1 X144.2124 Y132.1745 Z95.3035 E0.2801
G1 X144.3676 Y131.4907 Z95.3051 E0.28
G1 X144.4939 Y130.8012 Z95.3067 E0.2799
G1 X144.5913 Y130.1072 Z95.3084 E0.2798
G1 X144.6595 Y129.4100 Z95.31 E0.2797
G1 X144.6984 Y128.7107 Z95.3117 E0.2796
G1 X144.7080 Y128.0106 Z95.3133 E0.2796
G1 X144.6882 Y127.3110 Z95.3149 E0.2795
G1 X144.6392 Y126.6130 Z95.3164 E0.2794
G1 X144.5610 Y125.9179 Z95.318 E0.2793
G1 X144.4538 Y125.2268 Z95.3195 E0.2792
G1 X144.3178 Y124.5411 Z95.3211 E0.2791
G1 X144.1532 Y123.8619 Z95.3226 E0.2791
G1 X143.9605 Y123.1904 Z95.3242 E0.279
G1 X143.7398 Y122.5277 Z95.3258 E0.2789
G1 X143.4916 Y121.8751 Z95.3273 E0.2788
G1 X143.2165 Y121.2336 Z95.3289 E0.2787
G1 X142.9147 Y120.6045 Z95.3304 E0.2786
G1 X142.5870 Y119.9887 Z95.332 E0.2785
G1 X142.2340 Y119.3873 Z95.3335 E0.2785
G1 X141.8561 Y118.8014 Z95.3351 E0.2784
G1 X141.4542 Y118.2321 Z95.3366 E0.2783
G1 X141.0289 Y117.6802 Z95.3382 E0.2782
G1 X140.5810 Y117.1468 Z95.3398 E0.2781
G1 X140.1113 Y116.6328 Z95.3413 E0.278
G1 X139.6207 Y116.1390 Z95.3429 E0.2779
G1 X139.1099 Y115.6664 Z95.3444 E0.2779
G1 X138.5800 Y115.2157 Z95.346 E0.2778
G1 X138.0318 Y114.7878 Z95.3475 E0.2777
G1 X137.4664 Y114.3833 Z95.3491 E0.2776
G1 X136.8847 Y114.0029 Z95.3507 E0.2775
G1 X136.2878 Y113.6474 Z95.3522 E0.2774
G1 X135.6767 Y113.3172 Z95.3538 E0.2773
G1 X135.0524 Y113.0131 Z95.3553 E0.2773
G1 X134.4162 Y112.7354 Z95.3569 E0.2772
G1 X133.7692 Y112.4847 Z95.3585 E0.2771
G1 X133.1124 Y112.2614 Z95.36 E0.277
G1 X132.4470 Y112.0658 Z95.3616 E0.2769
G1 X131.7742 Y111.8984 Z95.3631 E0.2768
G1 X131.0953 Y111.7592 Z95.3647 E0.2767
G1 X130.4113 Y111.6487 Z95.3662 E0.2767
G1 X129.7234 Y111.5670 Z95.3678 E0.2766
G1 X129.0330 Y111.5141 Z95.3693 E0.2765
G1 X128.3412 Y111.4902 Z95.3709 E0.2764
G1 X127.6492 Y111.4953 Z95.3725 E0.2763
G1 X126.9582 Y111.5294 Z95.374 E0.2762
G1 X126.2695 Y111.5924 Z95.3756 E0.2761
G1 X125.5842 Y111.6841 Z95.3771 E0.2761
G1 X124.9036 Y111.8044 Z95.3787 E0.276
G1 X124.2289 Y111.9530 Z95.3802 E0.2759
G1 X123.5611 Y112.1297 Z95.3818 E0.2758
G1 X122.9016 Y112.3342 Z95.3833 E0.2757
G1 X122.2513 Y112.5660 Z95.3849 E0.2756
G1 X121.6116 Y112.8248 Z95.3865 E0.2755
G1 X120.9835 Y113.1100 Z95.388 E0.2755
G1 X120.3680 Y113.4213 Z95.3896 E0.2754
G1 X119.7663 Y113.7579 Z95.3911 E0.2753
G1 X119.1794 Y114.1193 Z95.3927 E0.2752
G1 X118.6084 Y114.5048 Z95.3942 E0.2751
G1 X118.0541 Y114.9138 Z95.3958 E0.275
G1 X117.5177 Y115.3455 Z95.3974 E0.2749
G1 X116.9999 Y115.7992 Z95.3989 E0.2749
G1 X116.5018 Y116.2739 Z95.4005 E0.2748
G1 X116.0241 Y116.7690 Z95.402 E0.2747
G1 X115.5677 Y117.2835 Z95.4036 E0.2746
G1 X115.1334 Y117.8165 Z95.4051 E0.2745
G1 X114.7219 Y118.3670 Z95.4067 E0.2744
G1 X114.3340 Y118.9341 Z95.4083 E0.2744
G1 X113.9702 Y119.5168 Z95.4098 E0.2743
G1 X113.6313 Y120.1140 Z95.4114 E0.2742
G1 X113.3178 Y120.7247 Z95.4129 E0.2741
G1 X113.0303 Y121.3478 Z95.4145 E0.274
G1 X112.7691 Y121.9822 Z95.416 E0.2739
G1 X112.5349 Y122.6268 Z95.4176 E0.2738
G1 X112.3279 Y123.2804 Z95.4191 E0.2738
G1 X112.1485 Y123.9419 Z95.4207 E0.2737
G1 X111.9970 Y124.6101 Z95.4223 E0.2736
G1 X111.8736 Y125.2839 Z95.4238 E0.2735
G1 X111.7787 Y125.9620 Z95.4254 E0.2734
G1 X111.7122 Y126.6433 Z95.4269 E0.2733
G1 X111.6743 Y127.3266 Z95.4285 E0.2732
G1 X111.6651 Y128.0106 Z95.43 E0.2732
G1 X111.6845 Y128.6942 Z95.4316 E0.2731
G1 X111.7325 Y129.3762 Z95.4332 E0.273
G1 X111.8090 Y130.0554 Z95.4347 E0.2729
G1 X111.9139 Y130.7306 Z95.4363 E0.2728
G1 X112.0469 Y131.4005 Z95.4378 E0.2727
G1 X112.2078 Y132.0641 Z95.4394 E0.2726
G1 X112.3963 Y132.7202 Z95.4409 E0.2726
G1 X112.6120 Y133.3676 Z95.4425 E0.2725
G1 X112.8545 Y134.0052 Z95.444 E0.2724
G1 X113.1235 Y134.6319 Z95.4456 E0.2723
G1 X113.4184 Y135.2466 Z95.4472 E0.2722
G1 X113.7387 Y135.8482 Z95.4487 E0.2721
G1 X114.0837 Y136.4357 Z95.4503 E0.272
G1 X114.4530 Y137.0080 Z95.4518 E0.272
G1 X114.8458 Y137.5642 Z95.4534 E0.2719
G1 X115.2614 Y138.1033 Z95.4549 E0.2718
G1 X115.6990 Y138.6243 Z95.4565 E0.2717
G1 X116.1580 Y139.1264 Z95.4581 E0.2716
G1 X116.6374 Y139.6087 Z95.4596 E0.2715
G1 X117.1365 Y140.0704 Z95.4612 E0.2714
G1 X117.6543 Y140.5106 Z95.4627 E0.2714
G1 X118.1899 Y140.9286 Z95.4643 E0.2713
G1 X118.7423 Y141.3236 Z95.4658 E0.2712
G1 X119.3107 Y141.6951 Z95.4674 E0.2711
G1 X119.8939 Y142.0424 Z95.469 E0.271
G1 X120.4910 Y142.3648 Z95.4705 E0.2709
G1 X121.1008 Y142.6618 Z95.4721 E0.2708
G1 X121.7224 Y142.9330 Z95.4736 E0.2708
G1 X122.3545 Y143.1778 Z95.4752 E0.2707
G1 X122.9962 Y143.3958 Z95.4767 E0.2706
G1 X123.6462 Y143.5867 Z95.4783 E0.2705
G1 X124.3034 Y143.7502 Z95.4799 E0.2704
G1 X124.9667 Y143.8860 Z95.4814 E0.2703
G1 X125.6349 Y143.9938 Z95.483 E0.2703
G1 X126.3069 Y144.0736 Z95.4845 E0.2702
G1 X126.9813 Y144.1251 Z95.4861 E0.2701
G1 X127.6571 Y144.1483 Z95.4876 E0.27
G1 X128.3331 Y144.1432 Z95.4892 E0.2699
G1 X129.0080 Y144.1098 Z95.4908 E0.2698
G1 X129.6808 Y144.0482 Z95.4923 E0.2697
G1 X130.3501 Y143.9585 Z95.4939 E0.2697
G1 X131.0149 Y143.8409 Z95.4954 E0.2696
G1 X131.6740 Y143.6956 Z95.497 E0.2695
G1 X132.3262 Y143.5228 Z95.4985 E0.2694
G1 X132.9704 Y143.3230 Z95.5001 E0.2693
G1 X133.6055 Y143.0964 Z95.5017 E0.2692
G1 X134.2303 Y142.8436 Z95.5032 E0.2691
G1 X134.8438 Y142.5648 Z95.5048 E0.2691
G1 X135.4449 Y142.2607 Z95.5063 E0.269
G1 X136.0326 Y141.9319 Z95.5079 E0.2689
G1 X136.6058 Y141.5788 Z95.5094 E0.2688
G1 X137.1635 Y141.2021 Z95.511 E0.2687
G1 X137.7047 Y140.8025 Z95.5125 E0.2686
G1 X138.2286 Y140.3808 Z95.5141 E0.2686
G1 X138.7343 Y139.9376 Z95.5157 E0.2685
G1 X139.2207 Y139.4738 Z95.5172 E0.2684
G1 X139.6872 Y138.9902 Z95.5188 E0.2683
G1 X140.1328 Y138.4876 Z95.5203 E0.2682
G1 X140.5569 Y137.9670 Z95.5219 E0.2681
G1 X140.9587 Y137.4292 Z95.5234 E0.268
G1 X141.3375 Y136.8753 Z95.525 E0.268
G1 X141.6926 Y136.3061 Z95.5266 E0.2679
G1 X142.0235 Y135.7228 Z95.5281 E0.2678
G1 X142.3296 Y135.1263 Z95.5297 E0.2677
G1 X142.6103 Y134.5177 Z95.5312 E0.2676
G1 X142.8653 Y133.8981 Z95.5328 E0.2675
G1 X143.0939 Y133.2686 Z95.5343 E0.2674
G1 X143.2960 Y132.6302 Z95.5359 E0.2674
G1 X143.4711 Y131.9842 Z95.5375 E0.2673
G1 X143.6189 Y131.3315 Z95.539 E0.2672
G1 X143.7392 Y130.6735 Z95.5406 E0.2671
G1 X143.8319 Y130.0113 Z95.5421 E0.267
G1 X143.8967 Y129.3459 Z95.5437 E0.2669
G1 X143.9335 Y128.6786 Z95.5452 E0.2668
G1 X143.9424 Y128.0106 Z95.5468 E0.2668
G1 X143.9233 Y127.3430 Z95.5483 E0.2667
G1 X143.8763 Y126.6770 Z95.5497 E0.2666
G1 X143.8014 Y126.0138 Z95.5512 E0.2665
G1 X143.6989 Y125.3545 Z95.5527 E0.2664
G1 X143.5689 Y124.7003 Z95.5541 E0.2663
G1 X143.4116 Y124.0523 Z95.5556 E0.2662
G1 X143.2274 Y123.4117 Z95.5571 E0.2662
G1 X143.0166 Y122.7796 Z95.5585 E0.2661
G1 X142.7796 Y122.1570 Z95.56 E0.266
G1 X142.5169 Y121.5451 Z95.5615 E0.2659
G1 X142.2288 Y120.9450 Z95.563 E0.2658
G1 X141.9159 Y120.3576 Z95.5644 E0.2657
G1 X141.5789 Y119.7840 Z95.5659 E0.2656
G1 X141.2182 Y119.2253 Z95.5674 E0.2656
G1 X140.8345 Y118.6823 Z95.5688 E0.2655
G1 X140.4286 Y118.1560 Z95.5703 E0.2654
G1 X140.0012 Y117.6473 Z95.5718 E0.2653
G1 X139.5529 Y117.1571 Z95.5732 E0.2652
G1 X139.0847 Y116.6863 Z95.5747 E0.2651
G1 X138.5973 Y116.2357 Z95.5762 E0.265
G1 X138.0917 Y115.8060 Z95.5776 E0.265
G1 X137.5686 Y115.3980 Z95.5791 E0.2649
G1 X137.0291 Y115.0124 Z95.5806 E0.2648
G1 X136.4742 Y114.6498 Z95.5821 E0.2647
G1 X135.9047 Y114.3109 Z95.5835 E0.2646
G1 X135.3217 Y113.9963 Z95.585 E0.2645
G1 X134.7262 Y113.7064 Z95.5865 E0.2644
G1 X134.1193 Y113.4418 Z95.5879 E0.2644
G1 X133.5021 Y113.2029 Z95.5894 E0.2643
G1 X132.8756 Y112.9902 Z95.5909 E0.2642
G1 X132.2409 Y112.8039 Z95.5923 E0.2641
G1 X131.5992 Y112.6445 Z95.5938 E0.264
G1 X130.9516 Y112.5121 Z95.5953 E0.2639
G1 X130.2993 Y112.4069 Z95.5967 E0.2638
G1 X129.6433 Y112.3292 Z95.5982 E0.2638
G1 X128.9849 Y112.2791 Z95.5997 E0.2637
G1 X128.3251 Y112.2566 Z95.6012 E0.2636
G1 X127.6652 Y112.2617 Z95.6026 E0.2635
G1 X127.0064 Y112.2944 Z95.6041 E0.2634
G1 X126.3496 Y112.3547 Z95.6056 E0.2633
G1 X125.6962 Y112.4424 Z95.607 E0.2632
G1 X125.0473 Y112.5574 Z95.6085 E0.2632
G1 X124.4039 Y112.6994 Z95.61 E0.2631
G1 X123.7673 Y112.8682 Z95.6114 E0.263
G1 X123.1385 Y113.0634 Z95.6129 E0.2629
G1 X122.5186 Y113.2847 Z95.6144 E0.2628
G1 X121.9087 Y113.5316 Z95.6159 E0.2627
G1 X121.3099 Y113.8038 Z95.6173 E0.2626
G1 X120.7233 Y114.1008 Z95.6188 E0.2626
G1 X120.1497 Y114.4220 Z95.6203 E0.2625
G1 X119.5903 Y114.7667 Z95.6217 E0.2624
G1 X119.0460 Y115.1345 Z95.6232 E0.2623
G1 X118.5178 Y115.5247 Z95.6247 E0.2622
G1 X118.0065 Y115.9364 Z95.6261 E0.2621
G1 X117.5131 Y116.3691 Z95.6276 E0.262
G1 X117.0384 Y116.8219 Z95.6291 E0.2619
G1 X116.5832 Y117.2941 Z95.6305 E0.2619
G1 X116.1483 Y117.7847 Z95.632 E0.2618
G1 X115.7345 Y118.2930 Z95.6335 E0.2617
G1 X115.3425 Y118.8179 Z95.6349 E0.2616
G1 X114.9729 Y119.3587 Z95.6364 E0.2615
G1 X114.6264 Y119.9142 Z95.6379 E0.2614
G1 X114.3036 Y120.4836 Z95.6394 E0.2613
G1 X114.0050 Y121.0658 Z95.6408 E0.2613
G1 X113.7312 Y121.6599 Z95.6423 E0.2612
G1 X113.4825 Y122.2646 Z95.6438 E0.2611
G1 X113.2594 Y122.8791 Z95.6452 E0.261
G1 X113.0624 Y123.5022 Z95.6467 E0.2609
G1 X112.8917 Y124.1327 Z95.6482 E0.2608
G1 X112.7475 Y124.7696 Z95.6496 E0.2607
G1 X112.6303 Y125.4118 Z95.6511 E0.2607
G1 X112.5400 Y126.0582 Z95.6526 E0.2606
G1 X112.4769 Y126.7075 Z95.654 E0.2605
G1 X112.4411 Y127.3587 Z95.6555 E0.2604
G1 X112.4326 Y128.0106 Z95.657 E0.2603
G1 X112.4513 Y128.6621 Z95.6584 E0.2602
G1 X112.4974 Y129.3120 Z95.6599 E0.2601
G1 X112.5705 Y129.9592 Z95.6614 E0.2601
G1 X112.6707 Y130.6025 Z95.6629 E0.26
G1 X112.7977 Y131.2409 Z95.6643 E0.2599
G1 X112.9513 Y131.8732 Z95.6658 E0.2598
G1 X113.1311 Y132.4983 Z95.6673 E0.2597
G1 X113.3369 Y133.1151 Z95.6687 E0.2596
G1 X113.5683 Y133.7226 Z95.6702 E0.2595
G1 X113.8249 Y134.3196 Z95.6717 E0.2595
G1 X114.1061 Y134.9052 Z95.6731 E0.2594
G1 X114.4115 Y135.4783 Z95.6746 E0.2593
G1 X114.7405 Y136.0379 Z95.6761 E0.2592
G1 X115.0925 Y136.5831 Z95.6776 E0.2591
G1 X115.4670 Y137.1128 Z95.679 E0.259
G1 X115.8632 Y137.6263 Z95.6805 E0.2589
G1 X116.2803 Y138.1225 Z95.682 E0.2589
G1 X116.7178 Y138.6007 Z95.6834 E0.2588
G1 X117.1748 Y139.0600 Z95.6849 E0.2587
G1 X117.6504 Y139.4996 Z95.6864 E0.2586
G1 X118.1438 Y139.9188 Z95.6878 E0.2585
G1 X118.6542 Y140.3168 Z95.6893 E0.2584
G1 X119.1807 Y140.6929 Z95.6908 E0.2583
G1 X119.7222 Y141.0466 Z95.6923 E0.2583
G1 X120.2780 Y141.3772 Z95.6937 E0.2582
G1 X120.8468 Y141.6840 Z95.6952 E0.2581
G1 X121.4279 Y141.9667 Z95.6967 E0.258
G1 X122.0201 Y142.2248 Z95.6981 E0.2579
G1 X122.6223 Y142.4577 Z95.6996 E0.2578
G1 X123.2336 Y142.6652 Z95.7011 E0.2577
G1 X123.8528 Y142.8468 Z95.7025 E0.2577
G1 X124.4789 Y143.0022 Z95.704 E0.2576
G1 X125.1107 Y143.1313 Z95.7055 E0.2575
G1 X125.7472 Y143.2337 Z95.7069 E0.2574
G1 X126.3872 Y143.3094 Z95.7084 E0.2573
G1 X127.0296 Y143.3582 Z95.7099 E0.2572
G1 X127.6732 Y143.3800 Z95.7113 E0.2571
G1 X128.3170 Y143.3749 Z95.7128 E0.2571
G1 X128.9598 Y143.3428 Z95.7143 E0.257
G1 X129.6004 Y143.2839 Z95.7158 E0.2569
G1 X130.2378 Y143.1982 Z95.7172 E0.2568
G1 X130.8709 Y143.0859 Z95.7187 E0.2567
G1 X131.4985 Y142.9473 Z95.7202 E0.2566
G1 X132.1195 Y142.7825 Z95.7216 E0.2565
G1 X132.7329 Y142.5920 Z95.7231 E0.2565
G1 X133.3376 Y142.3760 Z95.7246 E0.2564
G1 X133.9325 Y142.1349 Z95.726 E0.2563
G1 X134.5165 Y141.8693 Z95.7275 E0.2562
G1 X135.0888 Y141.5795 Z95.729 E0.2561
G1 X135.6482 Y141.2661 Z95.7304 E0.256
G1 X136.1938 Y140.9297 Z95.7319 E0.2559
G1 X136.7247 Y140.5708 Z95.7334 E0.2559
G1 X137.2399 Y140.1901 Z95.7349 E0.2558
G1 X137.7385 Y139.7884 Z95.7363 E0.2557
G1 X138.2198 Y139.3662 Z95.7378 E0.2556
G1 X138.6827 Y138.9244 Z95.7393 E0.2555
G1 X139.1266 Y138.4638 Z95.7407 E0.2554
G1 X139.5507 Y137.9851 Z95.7422 E0.2553
G1 X139.9543 Y137.4893 Z95.7437 E0.2553
G1 X140.3366 Y136.9772 Z95.7451 E0.2552
G1 X140.6969 Y136.4497 Z95.7466 E0.2551
G1 X141.0348 Y135.9077 Z95.7481 E0.255
G1 X141.3496 Y135.3523 Z95.7495 E0.2549
G1 X141.6407 Y134.7843 Z95.751 E0.2548
G1 X141.9077 Y134.2049 Z95.7525 E0.2548
G1 X142.1501 Y133.6150 Z95.754 E0.2547
G1 X142.3675 Y133.0156 Z95.7554 E0.2546
G1 X142.5596 Y132.4079 Z95.7569 E0.2545
G1 X142.7260 Y131.7929 Z95.7584 E0.2544
G1 X142.8664 Y131.1716 Z95.7598 E0.2543
G1 X142.9807 Y130.5452 Z95.7613 E0.2542
G1 X143.0686 Y129.9148 Z95.7628 E0.2542
G1 X143.1300 Y129.2815 Z95.7643 E0.2541
G1 X143.1648 Y128.6464 Z95.7657 E0.254
G1 X143.1730 Y128.0106 Z95.7672 E0.2539
G1 X143.1546 Y127.3752 Z95.7686 E0.2538
G1 X143.1095 Y126.7414 Z95.77 E0.2537
G1 X143.0380 Y126.1103 Z95.7713 E0.2536
G1 X142.9401 Y125.4829 Z95.7727 E0.2536
G1 X142.8162 Y124.8603 Z95.7741 E0.2535
G1 X142.6662 Y124.2437 Z95.7755 E0.2534
G1 X142.4907 Y123.6341 Z95.7769 E0.2533
G1 X142.2898 Y123.0327 Z95.7783 E0.2532
G1 X142.0641 Y122.4403 Z95.7796 E0.2531
G1 X141.8137 Y121.8582 Z95.781 E0.253
G1 X141.5394 Y121.2872 Z95.7824 E0.2529
G1 X141.2414 Y120.7284 Z95.7838 E0.2529
G1 X140.9205 Y120.1828 Z95.7852 E0.2528
G1 X140.5770 Y119.6512 Z95.7865 E0.2527
G1 X140.2118 Y119.1347 Z95.7879 E0.2526
G1 X139.8253 Y118.6341 Z95.7893 E0.2525
G1 X139.4184 Y118.1503 Z95.7907 E0.2524
G1 X138.9917 Y117.6841 Z95.7921 E0.2523
G1 X138.5460 Y117.2364 Z95.7934 E0.2523
G1 X138.0822 Y116.8078 Z95.7948 E0.2522
G1 X137.6009 Y116.3992 Z95.7962 E0.2521
G1 X137.1031 Y116.0113 Z95.7976 E0.252
G1 X136.5897 Y115.6446 Z95.799 E0.2519
G1 X136.0616 Y115.2999 Z95.8004 E0.2518
G1 X135.5197 Y114.9778 Z95.8017 E0.2517
G1 X134.9649 Y114.6787 Z95.8031 E0.2517
G1 X134.3983 Y114.4032 Z95.8045 E0.2516
G1 X133.8209 Y114.1517 Z95.8059 E0.2515
G1 X133.2336 Y113.9247 Z95.8073 E0.2514
G1 X132.6376 Y113.7226 Z95.8087 E0.2513
G1 X132.0338 Y113.5457 Z95.81 E0.2512
G1 X131.4234 Y113.3943 Z95.8114 E0.2511
G1 X130.8073 Y113.2686 Z95.8128 E0.251
G1 X130.1868 Y113.1689 Z95.8142 E0.251
G1 X129.5628 Y113.0953 Z95.8156 E0.2509
G1 X128.9365 Y113.0478 Z95.8169 E0.2508
G1 X128.3090 Y113.0267 Z95.8183 E0.2507
G1 X127.6814 Y113.0319 Z95.8197 E0.2506
G1 X127.0547 Y113.0633 Z95.8211 E0.2505
G1 X126.4302 Y113.1209 Z95.8225 E0.2504
G1 X125.8088 Y113.2046 Z95.8239 E0.2504
G1 X125.1917 Y113.3142 Z95.8252 E0.2503
G1 X124.5799 Y113.4495 Z95.8266 E0.2502
G1 X123.9745 Y113.6103 Z95.828 E0.2501
G1 X123.3766 Y113.7961 Z95.8294 E0.25
G1 X122.7872 Y114.0068 Z95.8308 E0.2499
G1 X122.2073 Y114.2420 Z95.8321 E0.2498
G1 X121.6380 Y114.5011 Z95.8335 E0.2498
G1 X121.0803 Y114.7837 Z95.8349 E0.2497
G1 X120.5350 Y115.0893 Z95.8363 E0.2496
G1 X120.0033 Y115.4174 Z95.8377 E0.2495
G1 X119.4859 Y115.7674 Z95.8391 E0.2494
G1 X118.9838 Y116.1385 Z95.8404 E0.2493
G1 X118.4978 Y116.5303 Z95.8418 E0.2492
G1 X118.0288 Y116.9419 Z95.8432 E0.2491
G1 X117.5777 Y117.3726 Z95.8446 E0.2491
G1 X117.1451 Y117.8217 Z95.846 E0.249
G1 X116.7318 Y118.2884 Z95.8473 E0.2489
G1 X116.3386 Y118.7718 Z95.8487 E0.2488
G1 X115.9661 Y119.2710 Z95.8501 E0.2487
G1 X115.6150 Y119.7853 Z95.8515 E0.2486
G1 X115.2858 Y120.3136 Z95.8529 E0.2485
G1 X114.9792 Y120.8550 Z95.8543 E0.2485
G1 X114.6956 Y121.4086 Z95.8556 E0.2484
G1 X114.4355 Y121.9735 Z95.857 E0.2483
G1 X114.1994 Y122.5485 Z95.8584 E0.2482
G1 X113.9876 Y123.1327 Z95.8598 E0.2481
G1 X113.8005 Y123.7250 Z95.8612 E0.248
G1 X113.6385 Y124.3245 Z95.8625 E0.2479
G1 X113.5018 Y124.9300 Z95.8639 E0.2479
G1 X113.3906 Y125.5404 Z95.8653 E0.2478
G1 X113.3051 Y126.1548 Z95.8667 E0.2477
G1 X113.2454 Y126.7720 Z95.8681 E0.2476
G1 X113.2116 Y127.3910 Z95.8695 E0.2475
G1 X113.2038 Y128.0106 Z95.8708 E0.2474
G1 X113.2219 Y128.6298 Z95.8722 E0.2473
G1 X113.2659 Y129.2475 Z95.8736 E0.2473
G1 X113.3358 Y129.8625 Z95.875 E0.2472
G1 X113.4312 Y130.4739 Z95.8764 E0.2471
G1 X113.5522 Y131.0805 Z95.8778 E0.247
G1 X113.6984 Y131.6814 Z95.8791 E0.2469
G1 X113.8696 Y132.2754 Z95.8805 E0.2468
G1 X114.0655 Y132.8614 Z95.8819 E0.2467
G1 X114.2856 Y133.4386 Z95.8833 E0.2466
G1 X114.5296 Y134.0058 Z95.8847 E0.2466
G1 X114.7971 Y134.5622 Z95.886 E0.2465
G1 X115.0876 Y135.1066 Z95.8874 E0.2464
G1 X115.4004 Y135.6382 Z95.8888 E0.2463
G1 X115.7352 Y136.1561 Z95.8902 E0.2462
G1 X116.0912 Y136.6593 Z95.8916 E0.2461
G1 X116.4679 Y137.1470 Z95.893 E0.246
G1 X116.8645 Y137.6183 Z95.8943 E0.246
G1 X117.2803 Y138.0725 Z95.8957 E0.2459
G1 X117.7147 Y138.5087 Z95.8971 E0.2458
G1 X118.1668 Y138.9261 Z95.8985 E0.2457
G1 X118.6358 Y139.3242 Z95.8999 E0.2456
G1 X119.1208 Y139.7021 Z95.9013 E0.2455
G1 X119.6212 Y140.0592 Z95.9026 E0.2454
G1 X120.1358 Y140.3949 Z95.904 E0.2454
G1 X120.6639 Y140.7087 Z95.9054 E0.2453
G1 X121.2044 Y141.0000 Z95.9068 E0.2452
G1 X121.7565 Y141.2683 Z95.9082 E0.2451
G1 X122.3192 Y141.5132 Z95.9095 E0.245
G1 X122.8914 Y141.7342 Z95.9109 E0.2449
G1 X123.4721 Y141.9310 Z95.9123 E0.2448
G1 X124.0604 Y142.1032 Z95.9137 E0.2448
G1 X124.6552 Y142.2506 Z95.9151 E0.2447
G1 X125.2554 Y142.3729 Z95.9164 E0.2446
G1 X125.8600 Y142.4700 Z95.9178 E0.2445
G1 X126.4679 Y142.5416 Z95.9192 E0.2444
G1 X127.0780 Y142.5876 Z95.9206 E0.2443
G1 X127.6894 Y142.6081 Z95.922 E0.2442
G1 X128.3008 Y142.6029 Z95.9234 E0.2442
G1 X128.9113 Y142.5722 Z95.9247 E0.2441
G1 X129.5197 Y142.5159 Z95.9261 E0.244
G1 X130.1250 Y142.4343 Z95.9275 E0.2439
G1 X130.7262 Y142.3274 Z95.9289 E0.2438
G1 X131.3222 Y142.1954 Z95.9303 E0.2437
G1 X131.9118 Y142.0387 Z95.9317 E0.2436
G1 X132.4943 Y141.8575 Z95.933 E0.2435
G1 X133.0684 Y141.6521 Z95.9344 E0.2435
G1 X133.6332 Y141.4229 Z95.9358 E0.2434
G1 X134.1877 Y141.1704 Z95.9372 E0.2433
G1 X134.7309 Y140.8950 Z95.9386 E0.2432
G1 X135.2620 Y140.5972 Z95.9399 E0.2431
G1 X135.7799 Y140.2775 Z95.9413 E0.243
G1 X136.2838 Y139.9365 Z95.9427 E0.2429
G1 X136.7728 Y139.5748 Z95.9441 E0.2429
G1 X137.2461 Y139.1931 Z95.9455 E0.2428
G1 X137.7028 Y138.7921 Z95.9469 E0.2427
G1 X138.1422 Y138.3724 Z95.9482 E0.2426
G1 X138.5634 Y137.9349 Z95.9496 E0.2425
G1 X138.9659 Y137.4803 Z95.951 E0.2424
G1 X139.3487 Y137.0094 Z95.9524 E0.2423
G1 X139.7114 Y136.5230 Z95.9538 E0.2423
G1 X140.0533 Y136.0221 Z95.9551 E0.2422
G1 X140.3738 Y135.5074 Z95.9565 E0.2421
G1 X140.6724 Y134.9800 Z95.9579 E0.242
G1 X140.9485 Y134.4407 Z95.9593 E0.2419
G1 X141.2017 Y133.8905 Z95.9607 E0.2418
G1 X141.4316 Y133.3305 Z95.9621 E0.2417
G1 X141.6377 Y132.7614 Z95.9634 E0.2417
G1 X141.8197 Y132.1845 Z95.9648 E0.2416
G1 X141.9774 Y131.6006 Z95.9662 E0.2415
G1 X142.1104 Y131.0109 Z95.9676 E0.2414
G1 X142.2186 Y130.4163 Z95.969 E0.2413
G1 X142.3017 Y129.8180 Z95.9703 E0.2412
G1 X142.3597 Y129.2168 Z95.9717 E0.2411
G1 X142.3925 Y128.6140 Z95.9731 E0.2411
G1 X142.4000 Y128.0106 Z95.9745 E0.241
G1 X142.3822 Y127.4076 Z95.9758 E0.2409
G1 X142.3391 Y126.8061 Z95.9771 E0.2408
G1 X142.2710 Y126.2072 Z95.9784 E0.2407
G1 X142.1778 Y125.6118 Z95.9797 E0.2406
G1 X142.0599 Y125.0211 Z95.981 E0.2405
G1 X141.9173 Y124.4360 Z95.9823 E0.2404
G1 X141.7505 Y123.8576 Z95.9836 E0.2404
G1 X141.5596 Y123.2870 Z95.9849 E0.2403
G1 X141.3451 Y122.7250 Z95.9861 E0.2402
G1 X141.1073 Y122.1727 Z95.9874 E0.2401
G1 X140.8467 Y121.6310 Z95.9887 E0.24
G1 X140.5638 Y121.1010 Z95.99 E0.2399
G1 X140.2590 Y120.5834 Z95.9913 E0.2398
G1 X139.9329 Y120.0792 Z95.9926 E0.2398
G1 X139.5861 Y119.5893 Z95.9939 E0.2397
G1 X139.2192 Y119.1145 Z95.9952 E0.2396
G1 X138.8329 Y118.6557 Z95.9965 E0.2395
G1 X138.4279 Y118.2136 Z95.9978 E0.2394
G1 X138.0049 Y117.7890 Z95.9991 E0.2393
G1 X137.5646 Y117.3827 Z96.0004 E0.2392
G1 X137.1078 Y116.9952 Z96.0017 E0.2391
G1 X136.6354 Y116.6274 Z96.003 E0.2391
G1 X136.1482 Y116.2798 Z96.0043 E0.239
G1 X135.6471 Y115.9531 Z96.0056 E0.2389
G1 X135.1329 Y115.6477 Z96.0069 E0.2388
G1 X134.6065 Y115.3643 Z96.0082 E0.2387
G1 X134.0689 Y115.1032 Z96.0095 E0.2386
G1 X133.5211 Y114.8649 Z96.0107 E0.2385
G1 X132.9639 Y114.6499 Z96.012 E0.2384
G1 X132.3985 Y114.4585 Z96.0133 E0.2384
G1 X131.8257 Y114.2910 Z96.0146 E0.2383
G1 X131.2467 Y114.1476 Z96.0159 E0.2382
G1 X130.6623 Y114.0287 Z96.0172 E0.2381
G1 X130.0737 Y113.9344 Z96.0185 E0.238
G1 X129.4819 Y113.8649 Z96.0198 E0.2379
G1 X128.8879 Y113.8202 Z96.0211 E0.2378
G1 X128.2928 Y113.8004 Z96.0224 E0.2378
G1 X127.6976 Y113.8056 Z96.0237 E0.2377
G1 X127.1033 Y113.8357 Z96.025 E0.2376
G1 X126.5111 Y113.8906 Z96.0263 E0.2375
G1 X125.9218 Y113.9702 Z96.0276 E0.2374
G1 X125.3367 Y114.0745 Z96.0289 E0.2373
G1 X124.7566 Y114.2031 Z96.0302 E0.2372
G1 X124.1826 Y114.3558 Z96.0315 E0.2372
G1 X123.6158 Y114.5323 Z96.0328 E0.2371
G1 X123.0570 Y114.7324 Z96.034 E0.237
G1 X122.5073 Y114.9556 Z96.0353 E0.2369
G1 X121.9676 Y115.2015 Z96.0367 E0.2368
G1 X121.4389 Y115.4698 Z96.0379 E0.2367
G1 X120.9221 Y115.7598 Z96.0392 E0.2366
G1 X120.4181 Y116.0711 Z96.0405 E0.2365
G1 X119.9277 Y116.4031 Z96.0418 E0.2365
G1 X119.4519 Y116.7552 Z96.0431 E0.2364
G1 X118.9913 Y117.1269 Z96.0444 E0.2363
G1 X118.5469 Y117.5173 Z96.0457 E0.2362
G1 X118.1194 Y117.9258 Z96.047 E0.2361
G1 X117.7095 Y118.3518 Z96.0483 E0.236
G1 X117.3180 Y118.7944 Z96.0496 E0.2359
G1 X116.9455 Y119.2528 Z96.0509 E0.2358
G1 X116.5926 Y119.7262 Z96.0522 E0.2358
G1 X116.2600 Y120.2138 Z96.0535 E0.2357
G1 X115.9483 Y120.7148 Z96.0548 E0.2356
G1 X115.6578 Y121.2281 Z96.0561 E0.2355
G1 X115.3893 Y121.7530 Z96.0574 E0.2354
G1 X115.1430 Y122.2885 Z96.0587 E0.2353
G1 X114.9195 Y122.8336 Z96.06 E0.2352
G1 X114.7191 Y123.3874 Z96.0612 E0.2352
G1 X114.5421 Y123.9489 Z96.0625 E0.2351
G1 X114.3888 Y124.5171 Z96.0638 E0.235
G1 X114.2595 Y125.0910 Z96.0651 E0.2349
G1 X114.1544 Y125.6696 Z96.0664 E0.2348
G1 X114.0736 Y126.2519 Z96.0677 E0.2347
G1 X114.0174 Y126.8369 Z96.069 E0.2346
G1 X113.9856 Y127.4234 Z96.0703 E0.2346
G1 X113.9785 Y128.0106 Z96.0716 E0.2345
G1 X113.9960 Y128.5973 Z96.0729 E0.2344
G1 X114.0380 Y129.1826 Z96.0742 E0.2343
G1 X114.1045 Y129.7654 Z96.0755 E0.2342
G1 X114.1952 Y130.3447 Z96.0768 E0.2341
G1 X114.3101 Y130.9194 Z96.0781 E0.234
G1 X114.4490 Y131.4887 Z96.0794 E0.2339
G1 X114.6114 Y132.0514 Z96.0807 E0.2339
G1 X114.7973 Y132.6066 Z96.082 E0.2338
G1 X115.0061 Y133.1533 Z96.0833 E0.2337
G1 X115.2376 Y133.6906 Z96.0845 E0.2336
G1 X115.4913 Y134.2176 Z96.0858 E0.2335
G1 X115.7667 Y134.7332 Z96.0871 E0.2334
G1 X116.0634 Y135.2367 Z96.0884 E0.2333
G1 X116.3808 Y135.7272 Z96.0897 E0.2333
G1 X116.7183 Y136.2037 Z96.091 E0.2332
G1 X117.0753 Y136.6656 Z96.0923 E0.2331
G1 X117.4512 Y137.1119 Z96.0936 E0.233
G1 X117.8454 Y137.5419 Z96.0949 E0.2329
G1 X118.2570 Y137.9548 Z96.0962 E0.2328
G1 X118.6855 Y138.3501 Z96.0975 E0.2327
G1 X119.1299 Y138.7269 Z96.0988 E0.2327
G1 X119.5896 Y139.0846 Z96.1001 E0.2326
G1 X120.0636 Y139.4226 Z96.1014 E0.2325
G1 X120.5512 Y139.7403 Z96.1027 E0.2324
G1 X121.0515 Y140.0373 Z96.104 E0.2323
G1 X121.5636 Y140.3129 Z96.1053 E0.2322
G1 X122.0867 Y140.5668 Z96.1066 E0.2321
G1 X122.6196 Y140.7984 Z96.1079 E0.232
G1 X123.1617 Y141.0074 Z96.1091 E0.232
G1 X123.7118 Y141.1935 Z96.1104 E0.2319
G1 X124.2689 Y141.3563 Z96.1117 E0.2318
G1 X124.8323 Y141.4956 Z96.113 E0.2317
G1 X125.4007 Y141.6112 Z96.1143 E0.2316
G1 X125.9733 Y141.7028 Z96.1156 E0.2315
G1 X126.5489 Y141.7703 Z96.1169 E0.2314
G1 X127.1267 Y141.8136 Z96.1182 E0.2313
G1 X127.7056 Y141.8327 Z96.1195 E0.2313
G1 X128.2846 Y141.8275 Z96.1208 E0.2312
G1 X128.8626 Y141.7981 Z96.1221 E0.2311
G1 X129.4386 Y141.7445 Z96.1234 E0.231
G1 X130.0117 Y141.6669 Z96.1247 E0.2309
G1 X130.5809 Y141.5654 Z96.126 E0.2308
G1 X131.1450 Y141.4402 Z96.1273 E0.2307
G1 X131.7032 Y141.2915 Z96.1286 E0.2307
G1 X132.2545 Y141.1197 Z96.1299 E0.2306
G1 X132.7979 Y140.9250 Z96.1312 E0.2305
G1 X133.3325 Y140.7077 Z96.1325 E0.2304
G1 X133.8573 Y140.4684 Z96.1338 E0.2303
G1 X134.3715 Y140.2074 Z96.135 E0.2302
G1 X134.8740 Y139.9252 Z96.1363 E0.2301
G1 X135.3642 Y139.6224 Z96.1376 E0.2301
G1 X135.8410 Y139.2993 Z96.1389 E0.23
G1 X136.3037 Y138.9568 Z96.1402 E0.2299
G1 X136.7515 Y138.5952 Z96.1415 E0.2298
G1 X137.1836 Y138.2154 Z96.1428 E0.2297
G1 X137.5992 Y137.8180 Z96.1441 E0.2296
G1 X137.9977 Y137.4037 Z96.1454 E0.2295
G1 X138.3784 Y136.9732 Z96.1467 E0.2294
G1 X138.7405 Y136.5273 Z96.148 E0.2294
G1 X139.0836 Y136.0668 Z96.1493 E0.2293
G1 X139.4069 Y135.5926 Z96.1506 E0.2292
G1 X139.7100 Y135.1054 Z96.1519 E0.2291
G1 X139.9922 Y134.6061 Z96.1532 E0.229
G1 X140.2533 Y134.0956 Z96.1545 E0.2289
G1 X140.4926 Y133.5748 Z96.1558 E0.2288
G1 X140.7098 Y133.0447 Z96.1571 E0.2288
G1 X140.9046 Y132.5062 Z96.1583 E0.2287
G1 X141.0766 Y131.9601 Z96.1596 E0.2286
G1 X141.2255 Y131.4076 Z96.1609 E0.2285
G1 X141.3511 Y130.8495 Z96.1622 E0.2284
G1 X141.4531 Y130.2869 Z96.1635 E0.2283
G1 X141.5315 Y129.7206 Z96.1648 E0.2282
G1 X141.5861 Y129.1519 Z96.1661 E0.2282
G1 X141.6168 Y128.5815 Z96.1674 E0.2281
G1 X141.6236 Y128.0106 Z96.1687 E0.228
G1 X141.6064 Y127.4401 Z96.1699 E0.2279
G1 X141.5654 Y126.8711 Z96.1711 E0.2278
G1 X141.5006 Y126.3045 Z96.1723 E0.2277
G1 X141.4122 Y125.7413 Z96.1735 E0.2276
G1 X141.3003 Y125.1825 Z96.1747 E0.2275
G1 X141.1652 Y124.6291 Z96.1759 E0.2275
G1 X141.0071 Y124.0821 Z96.1772 E0.2274
G1 X140.8262 Y123.5424 Z96.1784 E0.2273
G1 X140.6230 Y123.0109 Z96.1796 E0.2272
G1 X140.3978 Y122.4886 Z96.1808 E0.2271
G1 X140.1511 Y121.9764 Z96.182 E0.227
G1 X139.8832 Y121.4751 Z96.1832 E0.2269
G1 X139.5946 Y120.9857 Z96.1844 E0.2268
G1 X139.2859 Y120.5090 Z96.1856 E0.2268
G1 X138.9577 Y120.0459 Z96.1868 E0.2267
G1 X138.6105 Y119.5970 Z96.188 E0.2266
G1 X138.2449 Y119.1633 Z96.1892 E0.2265
G1 X137.8616 Y118.7454 Z96.1904 E0.2264
G1 X137.4614 Y118.3440 Z96.1916 E0.2263
G1 X137.0448 Y117.9600 Z96.1928 E0.2262
G1 X136.6126 Y117.5938 Z96.1941 E0.2262
G1 X136.1657 Y117.2463 Z96.1953 E0.2261
G1 X135.7048 Y116.9178 Z96.1965 E0.226
G1 X135.2308 Y116.6091 Z96.1977 E0.2259
G1 X134.7444 Y116.3206 Z96.1989 E0.2258
G1 X134.2465 Y116.0528 Z96.2001 E0.2257
G1 X133.7381 Y115.8062 Z96.2013 E0.2256
G1 X133.2200 Y115.5812 Z96.2025 E0.2255
G1 X132.6931 Y115.3782 Z96.2037 E0.2255
G1 X132.1584 Y115.1975 Z96.2049 E0.2254
G1 X131.6168 Y115.0394 Z96.2061 E0.2253
G1 X131.0692 Y114.9042 Z96.2073 E0.2252
G1 X130.5167 Y114.7921 Z96.2085 E0.2251
G1 X129.9602 Y114.7032 Z96.2097 E0.225
G1 X129.4007 Y114.6378 Z96.2109 E0.2249
G1 X128.8391 Y114.5958 Z96.2122 E0.2248
G1 X128.2765 Y114.5775 Z96.2134 E0.2248
G1 X127.7139 Y114.5826 Z96.2146 E0.2247
G1 X127.1521 Y114.6114 Z96.2158 E0.2246
G1 X126.5923 Y114.6636 Z96.217 E0.2245
G1 X126.0354 Y114.7392 Z96.2182 E0.2244
G1 X125.4823 Y114.8380 Z96.2194 E0.2243
G1 X124.9341 Y114.9599 Z96.2206 E0.2242
G1 X124.3917 Y115.1045 Z96.2218 E0.2241
G1 X123.8560 Y115.2717 Z96.223 E0.2241
G1 X123.3280 Y115.4610 Z96.2242 E0.224
G1 X122.8086 Y115.6723 Z96.2254 E0.2239
G1 X122.2987 Y115.9050 Z96.2266 E0.2238
G1 X121.7991 Y116.1588 Z96.2278 E0.2237
G1 X121.3109 Y116.4331 Z96.229 E0.2236
G1 X120.8347 Y116.7276 Z96.2303 E0.2235
G1 X120.3715 Y117.0416 Z96.2315 E0.2235
G1 X119.9220 Y117.3746 Z96.2327 E0.2234
G1 X119.4870 Y117.7260 Z96.2339 E0.2233
G1 X119.0672 Y118.0952 Z96.2351 E0.2232
G1 X118.6635 Y118.4814 Z96.2363 E0.2231
G1 X118.2764 Y118.8841 Z96.2375 E0.223
G1 X117.9067 Y119.3025 Z96.2387 E0.2229
G1 X117.5550 Y119.7358 Z96.2399 E0.2228
G1 X117.2218 Y120.1833 Z96.2411 E0.2228
G1 X116.9078 Y120.6442 Z96.2423 E0.2227
G1 X116.6135 Y121.1177 Z96.2435 E0.2226
G1 X116.3394 Y121.6028 Z96.2447 E0.2225
G1 X116.0860 Y122.0988 Z96.2459 E0.2224
G1 X115.8536 Y122.6048 Z96.2472 E0.2223
G1 X115.6427 Y123.1199 Z96.2484 E0.2222
G1 X115.4537 Y123.6432 Z96.2496 E0.2221
G1 X115.2867 Y124.1737 Z96.2508 E0.2221
G1 X115.1423 Y124.7105 Z96.252 E0.222
G1 X115.0204 Y125.2527 Z96.2532 E0.2219
G1 X114.9214 Y125.7994 Z96.2544 E0.2218
G1 X114.8455 Y126.3494 Z96.2556 E0.2217
G1 X114.7926 Y126.9020 Z96.2568 E0.2216
G1 X114.7630 Y127.4560 Z96.258 E0.2215
G1 X114.7565 Y128.0106 Z96.2592 E0.2215
G1 X114.7734 Y128.5648 Z96.2604 E0.2214
G1 X114.8133 Y129.1175 Z96.2616 E0.2213
G1 X114.8764 Y129.6679 Z96.2628 E0.2212
G1 X114.9624 Y130.2149 Z96.264 E0.2211
G1 X115.0713 Y130.7577 Z96.2653 E0.221
G1 X115.2027 Y131.2952 Z96.2665 E0.2209
G1 X115.3564 Y131.8265 Z96.2677 E0.2208
G1 X115.5322 Y132.3507 Z96.2689 E0.2208
G1 X115.7297 Y132.8668 Z96.2701 E0.2207
G1 X115.9486 Y133.3741 Z96.2713 E0.2206
G1 X116.1884 Y133.8715 Z96.2725 E0.2205
G1 X116.4487 Y134.3583 Z96.2737 E0.2204
G1 X116.7291 Y134.8336 Z96.2749 E0.2203
G1 X117.0290 Y135.2965 Z96.2761 E0.2202
G1 X117.3480 Y135.7462 Z96.2773 E0.2202
G1 X117.6853 Y136.1821 Z96.2785 E0.2201
G1 X118.0405 Y136.6032 Z96.2797 E0.22
G1 X118.4128 Y137.0090 Z96.2809 E0.2199
G1 X118.8017 Y137.3987 Z96.2821 E0.2198
G1 X119.2063 Y137.7716 Z96.2833 E0.2197
G1 X119.6261 Y138.1270 Z96.2846 E0.2196
G1 X120.0602 Y138.4645 Z96.2858 E0.2195
G1 X120.5079 Y138.7833 Z96.287 E0.2195
G1 X120.9684 Y139.0830 Z96.2882 E0.2194
G1 X121.4408 Y139.3630 Z96.2894 E0.2193
G1 X121.9244 Y139.6229 Z96.2906 E0.2192
G1 X122.4182 Y139.8623 Z96.2918 E0.2191
G1 X122.9214 Y140.0806 Z96.293 E0.219
G1 X123.4331 Y140.2776 Z96.2942 E0.2189
G1 X123.9524 Y140.4530 Z96.2954 E0.2188
G1 X124.4783 Y140.6063 Z96.2966 E0.2188
G1 X125.0101 Y140.7375 Z96.2978 E0.2187
G1 X125.5466 Y140.8462 Z96.299 E0.2186
G1 X126.0870 Y140.9324 Z96.3002 E0.2185
G1 X126.6303 Y140.9958 Z96.3015 E0.2184
G1 X127.1756 Y141.0363 Z96.3027 E0.2183
G1 X127.7219 Y141.0540 Z96.3039 E0.2182
G1 X128.2683 Y141.0488 Z96.3051 E0.2182
G1 X128.8137 Y141.0208 Z96.3063 E0.2181
G1 X129.3572 Y140.9699 Z96.3075 E0.218
G1 X129.8979 Y140.8964 Z96.3087 E0.2179
G1 X130.4349 Y140.8003 Z96.3099 E0.2178
G1 X130.9672 Y140.6818 Z96.3111 E0.2177
G1 X131.4938 Y140.5413 Z96.3123 E0.2176
G1 X132.0138 Y140.3788 Z96.3135 E0.2175
G1 X132.5264 Y140.1948 Z96.3147 E0.2175
G1 X133.0306 Y139.9896 Z96.3159 E0.2174
G1 X133.5256 Y139.7635 Z96.3171 E0.2173
G1 X134.0105 Y139.5170 Z96.3183 E0.2172
G1 X134.4845 Y139.2505 Z96.3195 E0.2171
G1 X134.9467 Y138.9645 Z96.3208 E0.217
G1 X135.3963 Y138.6595 Z96.322 E0.2169
G1 X135.8326 Y138.3361 Z96.3232 E0.2169
G1 X136.2548 Y137.9949 Z96.3244 E0.2168
G1 X136.6622 Y137.6364 Z96.3256 E0.2167
G1 X137.0541 Y137.2613 Z96.3268 E0.2166
G1 X137.4297 Y136.8703 Z96.328 E0.2165
G1 X137.7885 Y136.4640 Z96.3292 E0.2164
G1 X138.1298 Y136.0433 Z96.3304 E0.2163
G1 X138.4531 Y135.6088 Z96.3316 E0.2162
G1 X138.7578 Y135.1613 Z96.3328 E0.2162
G1 X139.0433 Y134.7016 Z96.334 E0.2161
G1 X139.3093 Y134.2306 Z96.3352 E0.216
G1 X139.5552 Y133.7491 Z96.3364 E0.2159
G1 X139.7806 Y133.2578 Z96.3377 E0.2158
G1 X139.9851 Y132.7578 Z96.3389 E0.2157
G1 X140.1685 Y132.2498 Z96.3401 E0.2156
G1 X140.3304 Y131.7348 Z96.3413 E0.2156
G1 X140.4705 Y131.2137 Z96.3425 E0.2155
G1 X140.5886 Y130.6874 Z96.3437 E0.2154
G1 X140.6845 Y130.1569 Z96.3449 E0.2153
G1 X140.7581 Y129.6229 Z96.3461 E0.2152
G1 X140.8092 Y129.0866 Z96.3473 E0.2151
G1 X140.8378 Y128.5489 Z96.3485 E0.215
G1 X140.8439 Y128.0106 Z96.3497 E0.2149
G1 X140.8275 Y127.4728 Z96.3508 E0.2149
G1 X140.7885 Y126.9363 Z96.352 E0.2148
G1 X140.7271 Y126.4022 Z96.3531 E0.2147
G1 X140.6434 Y125.8713 Z96.3542 E0.2146
G1 X140.5376 Y125.3446 Z96.3553 E0.2145
G1 X140.4099 Y124.8230 Z96.3564 E0.2144
G1 X140.2606 Y124.3075 Z96.3576 E0.2143
G1 X140.0898 Y123.7988 Z96.3587 E0.2142
G1 X139.8980 Y123.2979 Z96.3598 E0.2142
G1 X139.6854 Y122.8058 Z96.3609 E0.2141
G1 X139.4525 Y122.3231 Z96.362 E0.214
G1 X139.1998 Y121.8508 Z96.3632 E0.2139
G1 X138.9275 Y121.3897 Z96.3643 E0.2138
G1 X138.6363 Y120.9406 Z96.3654 E0.2137
G1 X138.3267 Y120.5043 Z96.3665 E0.2136
G1 X137.9992 Y120.0815 Z96.3677 E0.2135
G1 X137.6545 Y119.6729 Z96.3688 E0.2135
G1 X137.2931 Y119.2793 Z96.3699 E0.2134
G1 X136.9156 Y118.9013 Z96.371 E0.2133
G1 X136.5228 Y118.5396 Z96.3721 E0.2132
G1 X136.1154 Y118.1949 Z96.3732 E0.2131
G1 X135.6941 Y117.8676 Z96.3744 E0.213
G1 X135.2596 Y117.5584 Z96.3755 E0.2129
G1 X134.8128 Y117.2677 Z96.3766 E0.2128
G1 X134.3543 Y116.9962 Z96.3777 E0.2128
G1 X133.8851 Y116.7442 Z96.3788 E0.2127
G1 X133.4059 Y116.5121 Z96.38 E0.2126
G1 X132.9176 Y116.3004 Z96.3811 E0.2125
G1 X132.4211 Y116.1095 Z96.3822 E0.2124
G1 X131.9173 Y115.9395 Z96.3833 E0.2123
G1 X131.4069 Y115.7909 Z96.3845 E0.2122
G1 X130.8911 Y115.6638 Z96.3856 E0.2122
G1 X130.3705 Y115.5585 Z96.3867 E0.2121
G1 X129.8462 Y115.4751 Z96.3878 E0.212
G1 X129.3191 Y115.4138 Z96.3889 E0.2119
G1 X128.7901 Y115.3746 Z96.3901 E0.2118
G1 X128.2602 Y115.3576 Z96.3912 E0.2117
G1 X127.7302 Y115.3628 Z96.3923 E0.2116
G1 X127.2011 Y115.3902 Z96.3934 E0.2115
G1 X126.6739 Y115.4397 Z96.3945 E0.2115
G1 X126.1494 Y115.5113 Z96.3957 E0.2114
G1 X125.6286 Y115.6046 Z96.3968 E0.2113
G1 X125.1123 Y115.7197 Z96.3979 E0.2112
G1 X124.6016 Y115.8562 Z96.399 E0.2111
G1 X124.0972 Y116.0140 Z96.4001 E0.211
G1 X123.6001 Y116.1926 Z96.4013 E0.2109
G1 X123.1111 Y116.3918 Z96.4024 E0.2108
G1 X122.6310 Y116.6113 Z96.4035 E0.2108
G1 X122.1608 Y116.8505 Z96.4046 E0.2107
G1 X121.7012 Y117.1091 Z96.4057 E0.2106
G1 X121.2530 Y117.3867 Z96.4069 E0.2105
G1 X120.8170 Y117.6826 Z96.408 E0.2104
G1 X120.3939 Y117.9964 Z96.4091 E0.2103
G1 X119.9846 Y118.3275 Z96.4102 E0.2102
G1 X119.5896 Y118.6753 Z96.4113 E0.2101
G1 X119.2097 Y119.0392 Z96.4125 E0.2101
G1 X118.8455 Y119.4186 Z96.4136 E0.21
G1 X118.4977 Y119.8127 Z96.4147 E0.2099
G1 X118.1669 Y120.2208 Z96.4158 E0.2098
G1 X117.8535 Y120.6423 Z96.4169 E0.2097
G1 X117.5582 Y121.0763 Z96.4181 E0.2096
G1 X117.2814 Y121.5221 Z96.4192 E0.2095
G1 X117.0237 Y121.9790 Z96.4203 E0.2094
G1 X116.7854 Y122.4460 Z96.4214 E0.2094
G1 X116.5670 Y122.9225 Z96.4225 E0.2093
G1 X116.3688 Y123.4074 Z96.4237 E0.2092
G1 X116.1911 Y123.9000 Z96.4248 E0.2091
G1 X116.0344 Y124.3994 Z96.4259 E0.209
G1 X115.8987 Y124.9048 Z96.427 E0.2089
G1 X115.7843 Y125.4151 Z96.4281 E0.2088
G1 X115.6915 Y125.9296 Z96.4293 E0.2087
G1 X115.6203 Y126.4473 Z96.4304 E0.2087
G1 X115.5709 Y126.9673 Z96.4315 E0.2086
G1 X115.5433 Y127.4887 Z96.4326 E0.2085
G1 X115.5376 Y128.0106 Z96.4337 E0.2084
G1 X115.5538 Y128.5321 Z96.4349 E0.2083
G1 X115.5917 Y129.0522 Z96.436 E0.2082
G1 X115.6514 Y129.5700 Z96.4371 E0.2081
G1 X115.7326 Y130.0847 Z96.4382 E0.208
G1 X115.8354 Y130.5953 Z96.4393 E0.208
G1 X115.9593 Y131.1009 Z96.4405 E0.2079
G1 X116.1043 Y131.6007 Z96.4416 E0.2078
G1 X116.2700 Y132.0937 Z96.4427 E0.2077
G1 X116.4561 Y132.5792 Z96.4438 E0.2076
G1 X116.6623 Y133.0563 Z96.4449 E0.2075
G1 X116.8882 Y133.5241 Z96.4461 E0.2074
G1 X117.1334 Y133.9819 Z96.4472 E0.2074
G1 X117.3974 Y134.4288 Z96.4483 E0.2073
G1 X117.6798 Y134.8641 Z96.4494 E0.2072
G1 X117.9801 Y135.2870 Z96.4505 E0.2071
G1 X118.2977 Y135.6967 Z96.4517 E0.207
G1 X118.6320 Y136.0927 Z96.4528 E0.2069
G1 X118.9824 Y136.4741 Z96.4539 E0.2068
G1 X119.3484 Y136.8404 Z96.455 E0.2067
G1 X119.7292 Y137.1908 Z96.4561 E0.2067
G1 X120.1242 Y137.5249 Z96.4573 E0.2066
G1 X120.5327 Y137.8420 Z96.4584 E0.2065
G1 X120.9539 Y138.1416 Z96.4595 E0.2064
G1 X121.3872 Y138.4231 Z96.4606 E0.2063
G1 X121.8316 Y138.6862 Z96.4617 E0.2062
G1 X122.2865 Y138.9303 Z96.4629 E0.2061
G1 X122.7510 Y139.1551 Z96.464 E0.206
G1 X123.2243 Y139.3601 Z96.4651 E0.206
G1 X123.7055 Y139.5450 Z96.4662 E0.2059
G1 X124.1939 Y139.7096 Z96.4673 E0.2058
G1 X124.6886 Y139.8535 Z96.4685 E0.2057
G1 X125.1886 Y139.9765 Z96.4696 E0.2056
G1 X125.6931 Y140.0784 Z96.4707 E0.2055
G1 X126.2012 Y140.1590 Z96.4718 E0.2054
G1 X126.7121 Y140.2183 Z96.4729 E0.2053
G1 X127.2247 Y140.2561 Z96.4741 E0.2053
G1 X127.7383 Y140.2724 Z96.4752 E0.2052
G1 X128.2519 Y140.2672 Z96.4763 E0.2051
G1 X128.7646 Y140.2405 Z96.4774 E0.205
G1 X129.2755 Y140.1924 Z96.4785 E0.2049
G1 X129.7837 Y140.1229 Z96.4797 E0.2048
G1 X130.2884 Y140.0322 Z96.4808 E0.2047
G1 X130.7886 Y139.9206 Z96.4819 E0.2046
G1 X131.2835 Y139.7881 Z96.483 E0.2046
G1 X131.7722 Y139.6352 Z96.4842 E0.2045
G1 X132.2538 Y139.4619 Z96.4853 E0.2044
G1 X132.7276 Y139.2687 Z96.4864 E0.2043
G1 X133.1927 Y139.0559 Z96.4875 E0.2042
G1 X133.6482 Y138.8240 Z96.4886 E0.2041
G1 X134.0935 Y138.5732 Z96.4897 E0.204
G1 X134.5277 Y138.3042 Z96.4909 E0.204
G1 X134.9500 Y138.0173 Z96.492 E0.2039
G1 X135.3598 Y137.7132 Z96.4931 E0.2038
G1 X135.7563 Y137.3922 Z96.4942 E0.2037
G1 X136.1389 Y137.0551 Z96.4953 E0.2036
G1 X136.5068 Y136.7024 Z96.4965 E0.2035
G1 X136.8595 Y136.3348 Z96.4976 E0.2034
G1 X137.1964 Y135.9529 Z96.4987 E0.2033
G1 X137.5168 Y135.5574 Z96.4998 E0.2033
G1 X137.8203 Y135.1490 Z96.501 E0.2032
G1 X138.1062 Y134.7284 Z96.5021 E0.2031
G1 X138.3742 Y134.2964 Z96.5032 E0.203
G1 X138.6237 Y133.8537 Z96.5043 E0.2029
G1 X138.8544 Y133.4012 Z96.5054 E0.2028
G1 X139.0659 Y132.9396 Z96.5066 E0.2027
G1 X139.2577 Y132.4698 Z96.5077 E0.2026
G1 X139.4296 Y131.9925 Z96.5088 E0.2026
G1 X139.5814 Y131.5087 Z96.5099 E0.2025
G1 X139.7126 Y131.0192 Z96.511 E0.2024
G1 X139.8232 Y130.5248 Z96.5122 E0.2023
G1 X139.9130 Y130.0264 Z96.5133 E0.2022
G1 X139.9818 Y129.5249 Z96.5144 E0.2021
G1 X140.0295 Y129.0212 Z96.5155 E0.202
G1 X140.0560 Y128.5161 Z96.5166 E0.2019
G1 X140.0614 Y128.0106 Z96.5178 E0.2019
G1 X140.0456 Y127.5055 Z96.5188 E0.2018
G1 X140.0087 Y127.0018 Z96.5198 E0.2017
G1 X139.9507 Y126.5003 Z96.5209 E0.2016
G1 X139.8718 Y126.0018 Z96.5219 E0.2015
G1 X139.7721 Y125.5073 Z96.5229 E0.2014
G1 X139.6519 Y125.0177 Z96.524 E0.2013
G1 X139.5113 Y124.5337 Z96.525 E0.2012
G1 X139.3507 Y124.0562 Z96.526 E0.2012
G1 X139.1703 Y123.5861 Z96.5271 E0.2011
G1 X138.9704 Y123.1241 Z96.5281 E0.201
G1 X138.7515 Y122.6711 Z96.5291 E0.2009
G1 X138.5138 Y122.2279 Z96.5302 E0.2008
G1 X138.2580 Y121.7952 Z96.5312 E0.2007
G1 X137.9843 Y121.3738 Z96.5322 E0.2006
G1 X137.6934 Y120.9644 Z96.5333 E0.2005
G1 X137.3858 Y120.5677 Z96.5343 E0.2005
G1 X137.0619 Y120.1844 Z96.5353 E0.2004
G1 X136.7224 Y119.8152 Z96.5364 E0.2003
G1 X136.3679 Y119.4607 Z96.5374 E0.2002
G1 X135.9990 Y119.1214 Z96.5384 E0.2001
G1 X135.6164 Y118.7981 Z96.5395 E0.2
G1 X135.2208 Y118.4912 Z96.5405 E0.1999
G1 X134.8128 Y118.2013 Z96.5415 E0.1998
G1 X134.3933 Y117.9288 Z96.5426 E0.1998
G1 X133.9628 Y117.6743 Z96.5436 E0.1997
G1 X133.5223 Y117.4381 Z96.5446 E0.1996
G1 X133.0725 Y117.2206 Z96.5457 E0.1995
G1 X132.6142 Y117.0223 Z96.5467 E0.1994
G1 X132.1482 Y116.8434 Z96.5478 E0.1993
G1 X131.6753 Y116.6843 Z96.5488 E0.1992
G1 X131.1964 Y116.5451 Z96.5498 E0.1991
G1 X130.7122 Y116.4262 Z96.5508 E0.1991
G1 X130.2238 Y116.3278 Z96.5519 E0.199
G1 X129.7318 Y116.2499 Z96.5529 E0.1989
G1 X129.2373 Y116.1927 Z96.5539 E0.1988
G1 X128.7410 Y116.1562 Z96.555 E0.1987
G1 X128.2438 Y116.1406 Z96.556 E0.1986
G1 X127.7466 Y116.1459 Z96.5571 E0.1985
G1 X127.2503 Y116.1719 Z96.5581 E0.1984
G1 X126.7558 Y116.2187 Z96.5591 E0.1984
G1 X126.2638 Y116.2861 Z96.5602 E0.1983
G1 X125.7753 Y116.3740 Z96.5612 E0.1982
G1 X125.2912 Y116.4823 Z96.5622 E0.1981
G1 X124.8122 Y116.6107 Z96.5632 E0.198
G1 X124.3393 Y116.7589 Z96.5643 E0.1979
G1 X123.8731 Y116.9268 Z96.5653 E0.1978
G1 X123.4146 Y117.1140 Z96.5664 E0.1977
G1 X122.9646 Y117.3201 Z96.5674 E0.1976
G1 X122.5237 Y117.5448 Z96.5684 E0.1976
G1 X122.0929 Y117.7876 Z96.5695 E0.1975
G1 X121.6728 Y118.0481 Z96.5705 E0.1974
G1 X121.2641 Y118.3259 Z96.5715 E0.1973
G1 X120.8676 Y118.6205 Z96.5726 E0.1972
G1 X120.4840 Y118.9312 Z96.5736 E0.1971
G1 X120.1139 Y119.2576 Z96.5746 E0.197
G1 X119.7579 Y119.5990 Z96.5757 E0.197
G1 X119.4167 Y119.9549 Z96.5767 E0.1969
G1 X119.0909 Y120.3246 Z96.5777 E0.1968
G1 X118.7809 Y120.7075 Z96.5788 E0.1967
G1 X118.4874 Y121.1029 Z96.5798 E0.1966
G1 X118.2109 Y121.5099 Z96.5808 E0.1965
G1 X117.9517 Y121.9281 Z96.5819 E0.1964
G1 X117.7104 Y122.3565 Z96.5829 E0.1963
G1 X117.4873 Y122.7945 Z96.5839 E0.1963
G1 X117.2829 Y123.2412 Z96.585 E0.1962
G1 X117.0974 Y123.6959 Z96.586 E0.1961
G1 X116.9313 Y124.1578 Z96.587 E0.196
G1 X116.7846 Y124.6260 Z96.5881 E0.1959
G1 X116.6578 Y125.0997 Z96.5891 E0.1958
G1 X116.5510 Y125.5781 Z96.5901 E0.1957
G1 X116.4643 Y126.0603 Z96.5912 E0.1956
G1 X116.3979 Y126.5455 Z96.5922 E0.1956
G1 X116.3520 Y127.0329 Z96.5932 E0.1955
G1 X116.3265 Y127.5216 Z96.5943 E0.1954
G1 X116.3215 Y128.0106 Z96.5953 E0.1953
G1 X116.3369 Y128.4992 Z96.5963 E0.1952
G1 X116.3728 Y128.9866 Z96.5974 E0.1951
G1 X116.4291 Y129.4717 Z96.5984 E0.195
G1 X116.5056 Y129.9539 Z96.5994 E0.1949
G1 X116.6022 Y130.4323 Z96.6005 E0.1949
G1 X116.7186 Y130.9059 Z96.6015 E0.1948
G1 X116.8548 Y131.3741 Z96.6025 E0.1947
G1 X117.0104 Y131.8359 Z96.6036 E0.1946
G1 X117.1850 Y132.2906 Z96.6046 E0.1945
G1 X117.3785 Y132.7374 Z96.6057 E0.1944
G1 X117.5905 Y133.1755 Z96.6067 E0.1943
G1 X117.8205 Y133.6042 Z96.6077 E0.1942
G1 X118.0681 Y134.0226 Z96.6088 E0.1942
G1 X118.3329 Y134.4302 Z96.6098 E0.1941
G1 X118.6145 Y134.8261 Z96.6108 E0.194
G1 X118.9122 Y135.2097 Z96.6119 E0.1939
G1 X119.2256 Y135.5803 Z96.6129 E0.1938
G1 X119.5541 Y135.9373 Z96.6139 E0.1937
G1 X119.8971 Y136.2801 Z96.615 E0.1936
G1 X120.2540 Y136.6080 Z96.616 E0.1935
G1 X120.6241 Y136.9206 Z96.617 E0.1934
G1 X121.0069 Y137.2173 Z96.6181 E0.1934
G1 X121.4015 Y137.4976 Z96.6191 E0.1933
G1 X121.8074 Y137.7609 Z96.6201 E0.1932
G1 X122.2237 Y138.0070 Z96.6212 E0.1931
G1 X122.6498 Y138.2352 Z96.6222 E0.193
G1 X123.0849 Y138.4454 Z96.6232 E0.1929
G1 X123.5282 Y138.6370 Z96.6243 E0.1928
G1 X123.9789 Y138.8099 Z96.6253 E0.1927
G1 X124.4363 Y138.9636 Z96.6263 E0.1927
G1 X124.8995 Y139.0980 Z96.6274 E0.1926
G1 X125.3677 Y139.2128 Z96.6284 E0.1925
G1 X125.8401 Y139.3078 Z96.6294 E0.1924
G1 X126.3158 Y139.3830 Z96.6305 E0.1923
G1 X126.7941 Y139.4381 Z96.6315 E0.1922
G1 X127.2740 Y139.4732 Z96.6325 E0.1921
G1 X127.7547 Y139.4881 Z96.6336 E0.192
G1 X128.2355 Y139.4828 Z96.6346 E0.192
G1 X128.7153 Y139.4575 Z96.6356 E0.1919
G1 X129.1935 Y139.4121 Z96.6367 E0.1918
G1 X129.6691 Y139.3467 Z96.6377 E0.1917
G1 X130.1414 Y139.2615 Z96.6387 E0.1916
G1 X130.6094 Y139.1567 Z96.6398 E0.1915
G1 X131.0725 Y139.0324 Z96.6408 E0.1914
G1 X131.5297 Y138.8889 Z96.6419 E0.1914
G1 X131.9803 Y138.7264 Z96.6429 E0.1913
G1 X132.4235 Y138.5453 Z96.6439 E0.1912
G1 X132.8586 Y138.3459 Z96.645 E0.1911
G1 X133.2847 Y138.1286 Z96.646 E0.191
G1 X133.7011 Y137.8936 Z96.647 E0.1909
G1 X134.1072 Y137.6416 Z96.648 E0.1908
G1 X134.5021 Y137.3729 Z96.6491 E0.1907
G1 X134.8853 Y137.0881 Z96.6501 E0.1907
G1 X135.2560 Y136.7875 Z96.6512 E0.1906
G1 X135.6137 Y136.4719 Z96.6522 E0.1905
G1 X135.9577 Y136.1417 Z96.6532 E0.1904
G1 X136.2874 Y135.7975 Z96.6543 E0.1903
G1 X136.6022 Y135.4400 Z96.6553 E0.1902
G1 X136.9017 Y135.0698 Z96.6563 E0.1901
G1 X137.1852 Y134.6876 Z96.6574 E0.19
G1 X137.4524 Y134.2940 Z96.6584 E0.19
G1 X137.7028 Y133.8898 Z96.6594 E0.1899
G1 X137.9359 Y133.4756 Z96.6605 E0.1898
G1 X138.1513 Y133.0522 Z96.6615 E0.1897
G1 X138.3487 Y132.6203 Z96.6625 E0.1896
G1 X138.5278 Y132.1808 Z96.6636 E0.1895
G1 X138.6883 Y131.7344 Z96.6646 E0.1894
G1 X138.8298 Y131.2818 Z96.6656 E0.1893
G1 X138.9522 Y130.8239 Z96.6667 E0.1893
G1 X139.0553 Y130.3615 Z96.6677 E0.1892
G1 X139.1389 Y129.8954 Z96.6687 E0.1891
G1 X139.2028 Y129.4265 Z96.6698 E0.189
G1 X139.2471 Y128.9555 Z96.6708 E0.1889
G1 X139.2716 Y128.4832 Z96.6718 E0.1888
G1 X139.2762 Y128.0106 Z96.6729 E0.1887
G1 X139.2663 Y127.5382 Z96.7529 E0.1947
G1 X139.2367 Y127.0666 E0.1907
G1 X139.1873 Y126.5967 E0.1895
G1 X139.1182 Y126.1293 E0.1882
G1 X139.0297 Y125.6651 E0.187
G1 X138.9218 Y125.2051 E0.1857
G1 X138.7947 Y124.7500 E0.1845
G1 X138.6487 Y124.3006 E0.1832
G1 X138.4840 Y123.8578 E0.1819
G1 X138.3009 Y123.4222 E0.1807
G1 X138.0997 Y122.9947 E0.1794
G1 X137.8808 Y122.5759 E0.1782
G1 X137.6446 Y122.1667 E0.1769
G1 X137.3914 Y121.7678 E0.1757
G1 X137.1217 Y121.3798 Z96.7529 E0.1744
G1 X136.8360 Y121.0034 E0.1732
G1 X136.5349 Y120.6393 E0.1719
G1 X136.2187 Y120.2882 E0.1707
G1 X135.8881 Y119.9506 E0.1694
G1 X135.5437 Y119.6271 E0.1682
G1 X135.1860 Y119.3184 Z96.7529 E0.1669
G1 X134.8157 Y119.0249 E0.1657
G1 X134.4334 Y118.7472 E0.1644
G1 X134.0398 Y118.4857 E0.1632
G1 X133.6357 Y118.2409 Z96.7529 E0.1619
G1 X133.2216 Y118.0133 E0.1607
G1 X132.7984 Y117.8032 E0.1594
G1 X132.3667 Y117.6110 E0.1582
G1 X131.9274 Y117.4371 E0.1569
G1 X131.4812 Y117.2817 E0.1557
G1 X131.0289 Y117.1451 Z96.7529 E0.1544
G1 X130.5712 Y117.0276 E0.1532
G1 X130.1090 Y116.9294 E0.152
G1 X129.6431 Y116.8506 E0.1507
G1 X129.1743 Y116.7913 E0.1495
G1 X128.7035 Y116.7518 E0.1482
G1 X128.2314 Y116.7320 E0.147
G1 X127.7589 E0.1457
G1 X127.2868 Y116.7518 E0.1445
G1 X126.8160 Y116.7913 E0.1432
G1 X126.3472 Y116.8506 E0.142
G1 X125.8813 Y116.9294 E0.1407
G1 X125.4191 Y117.0276 E0.1395
G1 X124.9614 Y117.1451 E0.1382
G1 X124.5091 Y117.2817 Z96.7529 E0.137
G1 X124.0629 Y117.4371 E0.1357
G1 X123.6235 Y117.6110 E0.1345
G1 X123.1919 Y117.8032 E0.1332
G1 X122.7687 Y118.0133 E0.132
G1 X122.3546 Y118.2409 E0.1308
G1 X121.9504 Y118.4857 Z96.7529 E0.1295
G1 X121.5569 Y118.7472 E0.1283
G1 X121.1746 Y119.0249 E0.127
G1 X120.8043 Y119.3184 E0.1258
G1 X120.4466 Y119.6271 Z96.7529 E0.1245
G1 X120.1022 Y119.9506 E0.1233
G1 X119.7716 Y120.2882 E0.122
G1 X119.4554 Y120.6393 E0.1208
G1 X119.1542 Y121.0034 E0.1196
G1 X118.8686 Y121.3798 E0.1183
G1 X118.5989 Y121.7678 Z96.7529 E0.1171
G1 X118.3457 Y122.1667 E0.1158
G1 X118.1095 Y122.5759 E0.1146
G1 X117.8906 Y122.9947 E0.1133
G1 X117.6894 Y123.4222 E0.1121
G1 X117.5063 Y123.8578 E0.1109
G1 X117.3416 Y124.3006 E0.1096
G1 X117.1955 Y124.7500 E0.1084
G1 X117.0685 Y125.2051 E0.1071
G1 X116.9606 Y125.6651 E0.1059
G1 X116.8720 Y126.1293 E0.1047
G1 X116.8030 Y126.5967 E0.1034
G1 X116.7536 Y127.0666 E0.1022
G1 X116.7240 Y127.5382 E0.101
G1 X116.7141 Y128.0106 E0.0997
G1 X116.7240 Y128.4830 E0.0985
G1 X116.7536 Y128.9546 E0.0973
G1 X116.8030 Y129.4245 E0.096
G1 X116.8720 Y129.8919 E0.0948
G1 X116.9606 Y130.3561 E0.0935
G1 X117.0685 Y130.8161 E0.0923
G1 X117.1955 Y131.2712 E0.0911
G1 X117.3416 Y131.7206 E0.0899
G1 X117.5063 Y132.1635 E0.0886
G1 X117.6894 Y132.5990 E0.0874
G1 X117.8906 Y133.0266 E0.0862
G1 X118.1095 Y133.4453 E0.0849
G1 X118.3457 Y133.8545 E0.0837
G1 X118.5989 Y134.2535 E0.0825
G1 X118.8686 Y134.6415 Z96.7529 E0.0813
G1 X119.1542 Y135.0178 E0.08
G1 X119.4554 Y135.3819 E0.0788
G1 X119.7716 Y135.7330 E0.0776
G1 X120.1022 Y136.0706 E0.0764
G1 X120.4466 Y136.3941 E0.0751
G1 X120.8043 Y136.7028 Z96.7529 E0.0739
G1 X121.1746 Y136.9963 E0.0727
G1 X121.5569 Y137.2741 E0.0715
G1 X121.9504 Y137.5355 E0.0703
G1 X122.3546 Y137.7803 Z96.7529 E0.0691
G1 X122.7687 Y138.0079 E0.0679
G1 X123.1919 Y138.2180 E0.0666
G1 X123.6236 Y138.4102 E0.0654
G1 X124.0629 Y138.5842 E0.0642
G1 X124.5091 Y138.7396 E0.063
G1 X124.9614 Y138.8761 Z96.7529 E0.0618
G1 X125.4191 Y138.9936 E0.0606
G1 X125.8813 Y139.0919 E0.0594
G1 X126.3472 Y139.1707 E0.0582
G1 X126.8160 Y139.2299 E0.0571
G1 X127.2868 Y139.2694 E0.0559
G1 X127.7589 Y139.2892 E0.0547
G1 X128.2314 E0.0535
G1 X128.7035 Y139.2694 E0.0523
G1 X129.1743 Y139.2299 E0.0511
G1 X129.6431 Y139.1707 E0.05
G1 X130.1090 Y139.0919 E0.0488
G1 X130.5712 Y138.9936 E0.0476
G1 X131.0288 Y138.8761 E0.0465
G1 X131.4812 Y138.7396 Z96.7529 E0.0453
G1 X131.9274 Y138.5842 E0.0442
G1 X132.3667 Y138.4102 E0.0431
G1 X132.7984 Y138.2180 E0.0419
G1 X133.2216 Y138.0079 E0.0408
G1 X133.6357 Y137.7803 E0.0397
G1 X134.0398 Y137.5355 Z96.7529 E0.0386
G1 X134.4334 Y137.2741 E0.0375
G1 X134.8157 Y136.9963 E0.0364
G1 X135.1860 Y136.7028 E0.0353
G1 X135.5437 Y136.3941 Z96.7529 E0.0342
G1 X135.8881 Y136.0706 E0.0332
G1 X136.2187 Y135.7330 E0.0322
G1 X136.5349 Y135.3819 E0.0311
G1 X136.8360 Y135.0178 E0.0301
G1 X137.1217 Y134.6415 E0.0291
G1 X137.3914 Y134.2535 Z96.7529 E0.0282
G1 X137.6446 Y133.8545 E0.0272
G1 X137.8808 Y133.4453 E0.0263
G1 X138.0997 Y133.0266 E0.0255
G1 X138.3009 Y132.5990 E0.0246
G1 X138.4840 Y132.1635 E0.0238
G1 X138.6487 Y131.7206 E0.023
G1 X138.7947 Y131.2712 E0.0223
G1 X138.9218 Y130.8161 E0.0216
G1 X139.0297 Y130.3561 E0.021
G1 X139.1182 Y129.8919 E0.0204
G1 X139.1873 Y129.4245 E0.0199
G1 X139.2367 Y128.9546 E0.0195
G1 X139.2663 Y128.4830 E0.0191
G1 X139.2762 Y128.0106 E0.0189

G1 E-2
G91 Z
M211 Z1 ; enable soft endstop to stop gantry from crashing
G1 Z200

G90
M83
G1 Y217.8422

M104 S0 ; hot end off
M140 S0 ; turn off bed
M106 S0 ; turn off part cooling  fan
M18     ; off motors



;===== END GCODE - fin de la pieza =====
