;===== RECETA ==================================================
; Este archivo se generó con el comando de abajo. Volvé a correrlo
; para reproducirlo, o cambiale un número para variarlo.
; python -m lamparas.bowls celosia --perfil
;     ../../gcodes/reference/hongo/caperusa_simple.stl --perfil-invertir --altura-capa 0.4
;     --ancho-linea 1.25 --ancho-nodo 3.25 --boquilla 0.8 --piso 65 --piso-refuerzo 0
;     --capas-base 1 --capas-transicion 4 --p n_nodos=40 --p amplitud_z=1.285 --p
;     mordida=0.07 --material PETG --temperatura 240 --temp-primera-capa 250 --temp-cama
;     70 --velocidad 480 --velocidad-pico 240 --segundos-vuelta 0 --espera 1500
;     --espera-cada 1 --retraccion 1.5 --ventilador 0 --ventilador-desde 0.02 --segmentos
;     560 --nombre hongo/arco_h4.2mm --perfil-hasta 40
;===============================================================
; Time to print!!!!!
; GCode created with FullControl - tell us what you're printing!
; info@fullcontrol.xyz or tag FullControlXYZ on Twitter/Instagram/LinkedIn/Reddit/TikTok
M83 ; relative extrusion
;===== START GCODE - Bambu Lab A1 =============================
; OJO: secuencia mínima escrita a mano, NO es la de Bambu Studio.
; Si algo no te cierra, reemplazá este bloque por el Machine start
; G-code que exporta Bambu Studio para tu A1.
G90 ; coordenadas absolutas
M83 ; extrusión relativa
M104 S250 ; empezar a calentar la boquilla
M140 S70 ; empezar a calentar la cama
M190 S70 ; esperar temperatura de cama
M109 S250 ; esperar temperatura de boquilla
G28 ; homing de todos los ejes
G29 ; nivelación automática de cama
G92 E0
; --- líneas de purga en el borde frontal de la cama ---
G1 Z0.4 F1200
G1 X20 Y5 F6000
G1 X200.0 Y5 E37.418 F1000 ; primera línea de purga
G1 Y5.8 F6000
G1 X20 Y5.8 E37.418 F1000 ; segunda línea de purga
G1 E-0.4 F2100 ; retracción corta
G1 Z2.4 F1200 ; levantar para no arrastrar
G92 E0
M106 S0 ; ventilador de capa
;===== FIN DEL START GCODE ====================================
;Z:0.400
;WIDTH:1.250
; LINE_WIDTH: 1.250
;HEIGHT:0.400
G0 F6000 X161.275 Y128 Z0.4
G1 F480 X161.26554 Y129.000017 E0.207889
G1 X161.226037 Y129.999298 E0.207889
G1 X161.156532 Y130.996941 E0.207889
G1 X161.057093 Y131.992046 E0.207889
G1 X160.927814 Y132.983717 E0.207889
G1 X160.768817 Y133.971058 E0.207889
G1 X160.58025 Y134.953181 E0.207889
G1 X160.362289 Y135.929201 E0.207889
G1 X160.115134 Y136.89824 E0.207889
G1 X159.839013 Y137.859427 E0.207889
G1 X159.53418 Y138.811897 E0.207889
G1 X159.200913 Y139.754795 E0.207889
G1 X158.839517 Y140.687273 E0.207889
G1 X158.450322 Y141.608495 E0.207889
G1 X158.033682 Y142.517634 E0.207889
G1 X157.589978 Y143.413875 E0.207889
G1 X157.11961 Y144.296415 E0.207889
G1 X156.623008 Y145.164464 E0.207889
G1 X156.100621 Y146.017244 E0.207889
G1 X155.552921 Y146.853992 E0.207889
G1 X154.980406 Y147.673961 E0.207889
G1 X154.383592 Y148.476417 E0.207889
G1 X153.763019 Y149.260643 E0.207889
G1 X153.119248 Y150.025941 E0.207889
G1 X152.452858 Y150.771626 E0.207889
G1 X151.764451 Y151.497035 E0.207889
G1 X151.054646 Y152.20152 E0.207889
G1 X150.324084 Y152.884455 E0.207889
G1 X149.573421 Y153.545233 E0.207889
G1 X148.803331 Y154.183264 E0.207889
G1 X148.014508 Y154.797984 E0.207889
G1 X147.20766 Y155.388845 E0.207889
G1 X146.38351 Y155.955324 E0.207888
G1 X145.542797 Y156.496919 E0.207888
G1 X144.686277 Y157.013149 E0.207888
G1 X143.814715 Y157.503559 E0.207888
G1 X142.928893 Y157.967714 E0.207888
G1 X142.029602 Y158.405206 E0.207888
G1 X141.117649 Y158.815647 E0.207888
G1 X140.193847 Y159.198677 E0.207888
G1 X139.259023 Y159.553959 E0.207888
G1 X138.314011 Y159.88118 E0.207888
G1 X137.359655 Y160.180054 E0.207888
G1 X136.396806 Y160.450319 E0.207888
G1 X135.426323 Y160.691739 E0.207888
G1 X134.44907 Y160.904105 E0.207888
G1 X133.465919 Y161.087232 E0.207888
G1 X132.477745 Y161.240961 E0.207888
G1 X131.485427 Y161.365162 E0.207888
G1 X130.489848 Y161.459729 E0.207888
G1 X129.491892 Y161.524582 E0.207888
G1 X128.492448 Y161.559669 E0.207888
G1 X127.492401 Y161.564963 E0.207888
G1 X126.492641 Y161.540466 E0.207888
G1 X125.494054 Y161.486202 E0.207888
G1 X124.497525 Y161.402226 E0.207888
G1 X123.503939 Y161.288617 E0.207888
G1 X122.514175 Y161.14548 E0.207888
G1 X121.52911 Y160.972948 E0.207888
G1 X120.549616 Y160.771176 E0.207888
G1 X119.576559 Y160.54035 E0.207888
G1 X118.610799 Y160.280679 E0.207888
G1 X117.653191 Y159.992396 E0.207888
G1 X116.70458 Y159.675762 E0.207888
G1 X115.765803 Y159.331061 E0.207888
G1 X114.837689 Y158.958602 E0.207888
G1 X113.921057 Y158.55872 E0.207888
G1 X113.016714 Y158.131773 E0.207888
G1 X112.125458 Y157.67814 E0.207888
G1 X111.248072 Y157.198229 E0.207888
G1 X110.38533 Y156.692466 E0.207888
G1 X109.53799 Y156.161302 E0.207888
G1 X108.706797 Y155.60521 E0.207888
G1 X107.892482 Y155.024684 E0.207888
G1 X107.095759 Y154.42024 E0.207888
G1 X106.317328 Y153.792414 E0.207888
G1 X105.557871 Y153.141764 E0.207888
G1 X104.818055 Y152.468866 E0.207888
G1 X104.098527 Y151.774316 E0.207888
G1 X103.399917 Y151.058729 E0.207888
G1 X102.722837 Y150.322739 E0.207888
G1 X102.067879 Y149.566995 E0.207888
G1 X101.435614 Y148.792165 E0.207888
G1 X100.826595 Y147.998933 E0.207888
G1 X100.241354 Y147.188001 E0.207888
G1 X99.6804 Y146.360081 E0.207888
G1 X99.144222 Y145.515906 E0.207888
G1 X98.633286 Y144.656217 E0.207888
G1 X98.148038 Y143.781772 E0.207888
G1 X97.688898 Y142.893341 E0.207888
G1 X97.256265 Y141.991705 E0.207888
G1 X96.850513 Y141.077656 E0.207888
G1 X96.471995 Y140.151998 E0.207888
G1 X96.121037 Y139.215543 E0.207888
G1 X95.797942 Y138.269113 E0.207888
G1 X95.502988 Y137.313539 E0.207888
G1 X95.23643 Y136.349659 E0.207888
G1 X94.998495 Y135.378316 E0.207888
G1 X94.789388 Y134.400363 E0.207888
G1 X94.609286 Y133.416654 E0.207888
G1 X94.458342 Y132.428052 E0.207888
G1 X94.336683 Y131.43542 E0.207888
G1 X94.244411 Y130.439626 E0.207888
G1 X94.181602 Y129.441541 E0.207888
G1 X94.148305 Y128.442036 E0.207888
G1 X94.144545 Y127.441984 E0.207888
G1 X94.170321 Y126.442256 E0.207888
G1 X94.225605 Y125.443726 E0.207888
G1 X94.310344 Y124.447264 E0.207888
G1 X94.42446 Y123.453736 E0.207888
G1 X94.567849 Y122.46401 E0.207888
G1 X94.74038 Y121.478946 E0.207888
G1 X94.9419 Y120.499401 E0.207888
G1 X95.172227 Y119.526226 E0.207888
G1 X95.431157 Y118.560269 E0.207888
G1 X95.718459 Y117.602367 E0.207888
G1 X96.033881 Y116.653353 E0.207888
G1 X96.377142 Y115.71405 E0.207888
G1 X96.74794 Y114.785273 E0.207888
G1 X97.145949 Y113.867827 E0.207888
G1 X97.570818 Y112.962507 E0.207888
G1 X98.022174 Y112.070096 E0.207888
G1 X98.499621 Y111.191369 E0.207888
G1 X99.002741 Y110.327084 E0.207888
G1 X99.531094 Y109.477989 E0.207888
G1 X100.084216 Y108.644818 E0.207888
G1 X100.661625 Y107.828291 E0.207888
G1 X101.262816 Y107.029112 E0.207888
G1 X101.887265 Y106.247971 E0.207888
G1 X102.534428 Y105.485541 E0.207888
G1 X103.203739 Y104.74248 E0.207888
G1 X103.894618 Y104.019428 E0.207888
G1 X104.606461 Y103.317006 E0.207888
G1 X105.338651 Y102.635819 E0.207888
G1 X106.090552 Y101.976453 E0.207888
G1 X106.861509 Y101.339474 E0.207888
G1 X107.650854 Y100.725428 E0.207888
G1 X108.457902 Y100.134843 E0.207888
G1 X109.281954 Y99.568224 E0.207888
G1 X110.122295 Y99.026058 E0.207888
G1 X110.978198 Y98.508807 E0.207888
G1 X111.848921 Y98.016915 E0.207888
G1 X112.733712 Y97.550801 E0.207888
G1 X113.631806 Y97.110863 E0.207888
G1 X114.542425 Y96.697475 E0.207888
G1 X115.464785 Y96.310991 E0.207888
G1 X116.398088 Y95.951738 E0.207888
G1 X117.341529 Y95.620022 E0.207888
G1 X118.294295 Y95.316123 E0.207888
G1 X119.255564 Y95.040299 E0.207888
G1 X120.224508 Y94.792782 E0.207888
G1 X121.200293 Y94.573781 E0.207888
G1 X122.182078 Y94.383479 E0.207888
G1 X123.16902 Y94.222036 E0.207888
G1 X124.160268 Y94.089585 E0.207888
G1 X125.154972 Y93.986236 E0.207888
G1 X126.152277 Y93.912073 E0.207888
G1 X127.151326 Y93.867154 E0.207888
G1 X128.151262 Y93.851514 E0.207888
G1 X129.151227 Y93.865162 E0.207888
G1 X130.150364 Y93.908081 E0.207888
G1 X131.147817 Y93.980229 E0.207888
G1 X132.14273 Y94.08154 E0.207888
G1 X133.134253 Y94.211924 E0.207888
G1 X134.121536 Y94.371262 E0.207888
G1 X135.103735 Y94.559415 E0.207888
G1 X136.08001 Y94.776218 E0.207888
G1 X137.049527 Y95.021478 E0.207888
G1 X138.011458 Y95.294984 E0.207888
G1 X138.964982 Y95.596496 E0.207888
G1 X139.909284 Y95.925752 E0.207888
G1 X140.84356 Y96.282466 E0.207888
G1 X141.767013 Y96.66633 E0.207888
G1 X142.678856 Y97.077011 E0.207888
G1 X143.578312 Y97.514154 E0.207888
G1 X144.464617 Y97.977382 E0.207888
G1 X145.337015 Y98.466297 E0.207888
G1 X146.194765 Y98.980476 E0.207888
G1 X147.037139 Y99.519478 E0.207888
G1 X147.86342 Y100.082839 E0.207888
G1 X148.672907 Y100.670075 E0.207888
G1 X149.464914 Y101.280683 E0.207888
G1 X150.238768 Y101.914139 E0.207888
G1 X150.993814 Y102.569899 E0.207888
G1 X151.729412 Y103.247403 E0.207888
G1 X152.444939 Y103.94607 E0.207888
G1 X153.139791 Y104.665304 E0.207888
G1 X153.813379 Y105.404489 E0.207888
G1 X154.465135 Y106.162994 E0.207888
G1 X155.094508 Y106.940172 E0.207888
G1 X155.700968 Y107.735359 E0.207888
G1 X156.284002 Y108.547878 E0.207888
G1 X156.84312 Y109.377035 E0.207888
G1 X157.377851 Y110.222126 E0.207888
G1 X157.887745 Y111.082431 E0.207888
G1 X158.372374 Y111.957216 E0.207888
G1 X158.831331 Y112.84574 E0.207888
G1 X159.26423 Y113.747246 E0.207888
G1 X159.67071 Y114.660969 E0.207888
G1 X160.05043 Y115.586133 E0.207888
G1 X160.403073 Y116.521952 E0.207888
G1 X160.728344 Y117.467634 E0.207888
G1 X161.025973 Y118.422376 E0.207888
G1 X161.295713 Y119.385369 E0.207888
G1 X161.537338 Y120.355798 E0.207888
G1 X161.750651 Y121.332841 E0.207888
G1 X161.935474 Y122.315672 E0.207888
G1 X162.091656 Y123.303458 E0.207888
G1 X162.21907 Y124.295366 E0.207888
G1 X162.317612 Y125.290556 E0.207888
G1 X162.387204 Y126.288189 E0.207888
G1 X162.427793 Y127.287423 E0.207888
G1 X162.439347 Y128.287414 E0.207888
G1 X162.421862 Y129.287318 E0.207888
G1 X162.375357 Y130.286294 E0.207888
G1 X162.299876 Y131.283499 E0.207888
G1 X162.195487 Y132.278093 E0.207888
G1 X162.062282 Y133.269239 E0.207888
G1 X161.900378 Y134.256104 E0.207888
G1 X161.709916 Y135.237857 E0.207888
G1 X161.49106 Y136.213673 E0.207888
G1 X161.244 Y137.182732 E0.207888
G1 X160.968946 Y138.14422 E0.207888
G1 X160.666136 Y139.097331 E0.207888
G1 X160.335826 Y140.041265 E0.207888
G1 X159.9783 Y140.975229 E0.207888
G1 X159.593862 Y141.898442 E0.207888
G1 X159.182838 Y142.810129 E0.207888
G1 X158.745579 Y143.709528 E0.207888
G1 X158.282454 Y144.595885 E0.207888
G1 X157.793856 Y145.46846 E0.207888
G1 X157.280199 Y146.326522 E0.207888
G1 X156.741918 Y147.169355 E0.207888
G1 X156.179467 Y147.996255 E0.207888
G1 X155.593321 Y148.806531 E0.207888
G1 X154.983976 Y149.599508 E0.207888
G1 X154.351943 Y150.374523 E0.207888
G1 X153.697757 Y151.130932 E0.207888
G1 X153.021968 Y151.868104 E0.207888
G1 X152.325144 Y152.585426 E0.207888
G1 X151.607872 Y153.282301 E0.207888
G1 X150.870754 Y153.958149 E0.207888
G1 X150.114409 Y154.61241 E0.207888
G1 X149.339473 Y155.244539 E0.207888
G1 X148.546595 Y155.854012 E0.207888
G1 X147.736439 Y156.440324 E0.207888
G1 X146.909686 Y157.00299 E0.207888
G1 X146.067026 Y157.541542 E0.207888
G1 X145.209167 Y158.055537 E0.207888
G1 X144.336824 Y158.544548 E0.207888
G1 X143.450728 Y159.008173 E0.207888
G1 X142.55162 Y159.446028 E0.207888
G1 X141.64025 Y159.857754 E0.207888
G1 X140.717379 Y160.24301 E0.207888
G1 X139.783777 Y160.601481 E0.207888
G1 X138.840223 Y160.932872 E0.207888
G1 X137.887505 Y161.236912 E0.207888
G1 X136.926414 Y161.513351 E0.207888
G1 X135.957753 Y161.761965 E0.207888
G1 X134.982328 Y161.982551 E0.207888
G1 X134.000949 Y162.17493 E0.207888
G1 X133.014434 Y162.338946 E0.207888
G1 X132.023603 Y162.474467 E0.207888
G1 X131.029278 Y162.581387 E0.207888
G1 X130.032286 Y162.659619 E0.207888
G1 X129.033455 Y162.709104 E0.207888
G1 X128.033613 Y162.729804 E0.207888
G1 X127.033589 Y162.721708 E0.207888
G1 X126.034213 Y162.684827 E0.207888
G1 X125.036312 Y162.619194 E0.207888
G1 X124.040714 Y162.52487 E0.207888
G1 X123.048242 Y162.401937 E0.207888
G1 X122.059718 Y162.2505 E0.207888
G1 X121.07596 Y162.07069 E0.207888
G1 X120.09778 Y161.862659 E0.207888
G1 X119.125987 Y161.626585 E0.207888
G1 X118.161384 Y161.362666 E0.207888
G1 X117.204766 Y161.071125 E0.207888
G1 X116.256924 Y160.752208 E0.207888
G1 X115.31864 Y160.406181 E0.207888
G1 X114.390686 Y160.033336 E0.207888
G1 X113.473827 Y159.633983 E0.207888
G1 X112.568819 Y159.208456 E0.207888
G1 X111.676406 Y158.757112 E0.207888
G1 X110.797323 Y158.280325 E0.207888
G1 X109.932293 Y157.778494 E0.207888
G1 X109.082026 Y157.252035 E0.207888
G1 X108.247222 Y156.701386 E0.207888
G1 X107.428565 Y156.127005 E0.207888
G1 X106.626728 Y155.529369 E0.207888
G1 X105.842368 Y154.908972 E0.207888
G1 X105.076129 Y154.26633 E0.207887
G1 X104.328637 Y153.601974 E0.207887
G1 X103.600506 Y152.916455 E0.207887
G1 X102.89233 Y152.210339 E0.207887
G1 X102.20469 Y151.48421 E0.207887
G1 X101.538148 Y150.738668 E0.207887
G1 X100.893247 Y149.974329 E0.207887
G1 X100.270514 Y149.191823 E0.207887
G1 X99.670457 Y148.391795 E0.207887
G1 X99.093566 Y147.574906 E0.207887
G1 X98.540311 Y146.741827 E0.207887
G1 X98.011141 Y145.893246 E0.207887
G1 X97.506487 Y145.029859 E0.207887
G1 X97.026759 Y144.152378 E0.207887
G1 X96.572346 Y143.261524 E0.207887
G1 X96.143618 Y142.358029 E0.207887
G1 X95.740921 Y141.442635 E0.207887
G1 X95.364581 Y140.516093 E0.207887
G1 X95.014902 Y139.579164 E0.207887
G1 X94.692167 Y138.632615 E0.207887
G1 X94.396635 Y137.677224 E0.207887
G1 X94.128545 Y136.713773 E0.207887
G1 X93.88811 Y135.74305 E0.207887
G1 X93.675524 Y134.765851 E0.207887
G1 X93.490955 Y133.782974 E0.207887
G1 X93.334552 Y132.795225 E0.207887
G1 X93.206436 Y131.80341 E0.207887
G1 X93.106708 Y130.808339 E0.207887
G1 X93.035446 Y129.810826 E0.207887
G1 X92.992703 Y128.811684 E0.207887
G1 X92.97851 Y127.811729 E0.207887
G1 X92.992874 Y126.811777 E0.207887
G1 X93.035779 Y125.812642 E0.207887
G1 X93.107186 Y124.815139 E0.207887
G1 X93.207032 Y123.82008 E0.207887
G1 X93.335232 Y122.828276 E0.207887
G1 X93.491676 Y121.840533 E0.207887
G1 X93.676234 Y120.857655 E0.207887
G1 X93.888751 Y119.880441 E0.207887
G1 X94.12905 Y118.909685 E0.207887
G1 X94.396931 Y117.946176 E0.207887
G1 X94.692173 Y116.990695 E0.207887
G1 X95.014531 Y116.044019 E0.207887
G1 X95.363738 Y115.106914 E0.207887
G1 X95.739509 Y114.180142 E0.207887
G1 X96.141533 Y113.264452 E0.207887
G1 X96.56948 Y112.360587 E0.207887
G1 X97.022998 Y111.469278 E0.207887
G1 X97.501717 Y110.591247 E0.207887
G1 X98.005244 Y109.727204 E0.207887
G1 X98.533167 Y108.877846 E0.207887
G1 X99.085054 Y108.043862 E0.207887
G1 X99.660455 Y107.225923 E0.207887
G1 X100.2589 Y106.42469 E0.207887
G1 X100.879901 Y105.640809 E0.207887
G1 X101.522952 Y104.874914 E0.207887
G1 X102.187528 Y104.12762 E0.207887
G1 X102.873089 Y103.399529 E0.207887
G1 X103.579078 Y102.691229 E0.207887
G1 X104.30492 Y102.003287 E0.207887
G1 X105.050026 Y101.336258 E0.207887
G1 X105.813791 Y100.690678 E0.207887
G1 X106.595594 Y100.067064 E0.207887
G1 X107.394802 Y99.465918 E0.207887
G1 X108.210766 Y98.887721 E0.207887
G1 X109.042826 Y98.332936 E0.207887
G1 X109.890308 Y97.802008 E0.207887
G1 X110.752525 Y97.295362 E0.207887
G1 X111.628781 Y96.813401 E0.207887
G1 X112.518367 Y96.356512 E0.207887
G1 X113.420563 Y95.925059 E0.207887
G1 X114.334641 Y95.519386 E0.207887
G1 X115.259863 Y95.139814 E0.207887
G1 X116.195482 Y94.786648 E0.207887
G1 X117.140743 Y94.460165 E0.207887
G1 X118.094884 Y94.160626 E0.207887
G1 X119.057137 Y93.888268 E0.207887
G1 X120.026726 Y93.643305 E0.207887
G1 X121.00287 Y93.42593 E0.207887
G1 X121.984785 Y93.236314 E0.207887
G1 X122.971678 Y93.074605 E0.207887
G1 X123.962759 Y92.940929 E0.207887
G1 X124.957229 Y92.835389 E0.207887
G1 X125.95429 Y92.758066 E0.207887
G1 X126.953141 Y92.709017 E0.207887
G1 X127.95298 Y92.688278 E0.207887
G1 X128.953006 Y92.695861 E0.207887
G1 X129.952417 Y92.731755 E0.207887
G1 X130.95041 Y92.795929 E0.207887
G1 X131.946187 Y92.888325 E0.207887
G1 X132.93895 Y93.008867 E0.207887
G1 X133.927905 Y93.157453 E0.207887
G1 X134.91226 Y93.333959 E0.207887
G1 X135.891228 Y93.538242 E0.207887
G1 X136.864025 Y93.770132 E0.207887
G1 X137.829876 Y94.029441 E0.207887
G1 X138.788009 Y94.315957 E0.207887
G1 X139.737658 Y94.629447 E0.207887
G1 X140.678065 Y94.969656 E0.207887
G1 X141.608482 Y95.336309 E0.207887
G1 X142.528165 Y95.729108 E0.207887
G1 X143.436382 Y96.147737 E0.207887
G1 X144.33241 Y96.591857 E0.207887
G1 X145.215536 Y97.061109 E0.207887
G1 X146.085056 Y97.555117 E0.207887
G1 X146.94028 Y98.073481 E0.207887
G1 X147.780526 Y98.615786 E0.207887
G1 X148.605128 Y99.181595 E0.207887
G1 X149.413431 Y99.770453 E0.207887
G1 X150.204794 Y100.38189 E0.207887
G1 X150.978587 Y101.015413 E0.207887
G1 X151.734199 Y101.670515 E0.207887
G1 X152.47103 Y102.346673 E0.207887
G1 X153.188496 Y103.043344 E0.207887
G1 X153.88603 Y103.759971 E0.207887
G1 X154.56308 Y104.495982 E0.207887
G1 X155.219111 Y105.250788 E0.207887
G1 X155.853604 Y106.023786 E0.207887
G1 X156.466058 Y106.814361 E0.207887
G1 X157.05599 Y107.621881 E0.207887
G1 X157.622935 Y108.445702 E0.207887
G1 X158.166446 Y109.285169 E0.207887
G1 X158.686095 Y110.139612 E0.207887
G1 X159.181474 Y111.008351 E0.207887
G1 X159.652193 Y111.890696 E0.207887
G1 X160.097882 Y112.785944 E0.207887
G1 X160.518192 Y113.693384 E0.207887
G1 X160.912793 Y114.612295 E0.207887
G1 X161.281377 Y115.541947 E0.207887
G1 X161.623656 Y116.481603 E0.207887
G1 X161.939361 Y117.430517 E0.207887
G1 X162.228249 Y118.387937 E0.207887
G1 X162.490092 Y119.353103 E0.207887
G1 X162.72469 Y120.325251 E0.207887
G1 X162.931859 Y121.303611 E0.207887
G1 X163.11144 Y122.287409 E0.207887
G1 X163.263296 Y123.275866 E0.207887
G1 X163.38731 Y124.268201 E0.207887
G1 X163.483388 Y125.263629 E0.207887
G1 X163.551459 Y126.261363 E0.207887
G1 X163.591473 Y127.260616 E0.207887
G1 X163.603402 Y128.260599 E0.207887
G1 X163.587242 Y129.260522 E0.207887
G1 X163.543009 Y130.259597 E0.207887
G1 X163.470741 Y131.257036 E0.207887
G1 X163.370501 Y132.252053 E0.207887
G1 X163.242371 Y133.243865 E0.207887
G1 X163.086457 Y134.231689 E0.207887
G1 X162.902884 Y135.21475 E0.207887
G1 X162.691802 Y136.192273 E0.207887
G1 X162.453381 Y137.16349 E0.207887
G1 X162.187812 Y138.127638 E0.207887
G1 X161.895309 Y139.083958 E0.207887
G1 X161.576105 Y140.031701 E0.207887
G1 X161.230455 Y140.970122 E0.207887
G1 X160.858635 Y141.898484 E0.207887
G1 X160.46094 Y142.81606 E0.207887
G1 X160.037687 Y143.722131 E0.207887
G1 X159.589212 Y144.615986 E0.207887
G1 X159.115871 Y145.496926 E0.207887
G1 X158.618039 Y146.364261 E0.207887
G1 X158.09611 Y147.217313 E0.207887
G1 X157.550497 Y148.055414 E0.207887
G1 X156.981631 Y148.877909 E0.207887
G1 X156.389962 Y149.684156 E0.207887
G1 X155.775957 Y150.473525 E0.207887
G1 X155.140099 Y151.245401 E0.207887
G1 X154.482891 Y151.999181 E0.207887
G1 X153.80485 Y152.734277 E0.207887
G1 X153.106509 Y153.450117 E0.207887
G1 X152.388419 Y154.146144 E0.207887
G1 X151.651143 Y154.821815 E0.207887
G1 X150.895262 Y155.476605 E0.207887
G1 X150.12137 Y156.110006 E0.207887
G1 X149.330072 Y156.721525 E0.207887
G1 X148.521992 Y157.310687 E0.207887
G1 X147.697761 Y157.877035 E0.207887
G1 X146.858027 Y158.420131 E0.207887
G1 X146.003448 Y158.939554 E0.207887
G1 X145.134691 Y159.434901 E0.207887
G1 X144.252439 Y159.90579 E0.207887
G1 X143.357379 Y160.351857 E0.207887
G1 X142.450214 Y160.772757 E0.207887
G1 X141.531651 Y161.168166 E0.207887
G1 X140.602408 Y161.53778 E0.207887
G1 X139.663212 Y161.881313 E0.207887
G1 X138.714794 Y162.198504 E0.207887
G1 X137.757895 Y162.489107 E0.207887
G1 X136.79326 Y162.752901 E0.207887
G1 X135.821643 Y162.989684 E0.207887
G1 X134.8438 Y163.199276 E0.207887
G1 X133.860493 Y163.381517 E0.207887
G1 X132.872486 Y163.536271 E0.207887
G1 X131.880549 Y163.66342 E0.207887
G1 X130.885453 Y163.762871 E0.207887
G1 X129.887972 Y163.834548 E0.207887
G1 X128.888881 Y163.878402 E0.207887
G1 X127.888957 Y163.894401 E0.207887
G1 X126.888974 Y163.882538 E0.207887
G1 X125.88971 Y163.842825 E0.207887
G1 X124.89194 Y163.775298 E0.207887
G1 X123.896437 Y163.680013 E0.207887
G1 X122.903972 Y163.557047 E0.207887
G1 X121.915316 Y163.4065 E0.207887
G1 X120.931233 Y163.228493 E0.207887
G1 X119.952486 Y163.023167 E0.207887
G1 X118.979831 Y162.790685 E0.207887
G1 X118.014021 Y162.531232 E0.207887
G1 X117.055802 Y162.245012 E0.207887
G1 X116.105915 Y161.93225 E0.207887
G1 X115.165093 Y161.593192 E0.207887
G1 X114.234063 Y161.228104 E0.207887
G1 X113.313544 Y160.837273 E0.207887
G1 X112.404245 Y160.421003 E0.207887
G1 X111.506867 Y159.97962 E0.207887
G1 X110.622102 Y159.51347 E0.207887
G1 X109.750632 Y159.022914 E0.207887
G1 X108.893127 Y158.508336 E0.207887
G1 X108.050248 Y157.970136 E0.207887
G1 X107.222641 Y157.408734 E0.207887
G1 X106.410945 Y156.824564 E0.207887
G1 X105.615782 Y156.218081 E0.207887
G1 X104.837764 Y155.589757 E0.207887
G1 X104.077486 Y154.940077 E0.207887
G1 X103.335534 Y154.269546 E0.207887
G1 X102.612475 Y153.578684 E0.207887
G1 X101.908864 Y152.868025 E0.207887
G1 X101.22524 Y152.138119 E0.207887
G1 X100.562126 Y151.389531 E0.207887
G1 X99.920029 Y150.622839 E0.207887
G1 X99.29944 Y149.838636 E0.207887
G1 X98.700833 Y149.037527 E0.207887
G1 X98.124666 Y148.220131 E0.207887
G1 X97.571379 Y147.387078 E0.207887
G1 X97.041392 Y146.53901 E0.207887
G1 X96.53511 Y145.676582 E0.207887
G1 X96.052918 Y144.800457 E0.207887
G1 X95.595183 Y143.911309 E0.207887
G1 X95.162252 Y143.009824 E0.207887
G1 X94.754455 Y142.096694 E0.207887
G1 X94.372101 Y141.172622 E0.207887
G1 X94.015479 Y140.238317 E0.207887
G1 X93.684858 Y139.294498 E0.207887
G1 X93.380489 Y138.341889 E0.207887
G1 X93.102602 Y137.381221 E0.207887
G1 X92.851404 Y136.413231 E0.207887
G1 X92.627085 Y135.438662 E0.207887
G1 X92.429813 Y134.45826 E0.207887
G1 X92.259734 Y133.472777 E0.207887
G1 X92.116976 Y132.482967 E0.207887
G1 X92.001643 Y131.489587 E0.207887
G1 X91.913819 Y130.493399 E0.207887
G1 X91.853568 Y129.495163 E0.207887
G1 X91.820933 Y128.495644 E0.207887
G1 X91.815933 Y127.495605 E0.207887
G1 X91.838569 Y126.495809 E0.207887
G1 X91.888821 Y125.49702 E0.207887
G1 X91.966644 Y124.500001 E0.207887
G1 X92.071977 Y123.505512 E0.207887
G1 X92.204735 Y122.514311 E0.207887
G1 X92.364812 Y121.527154 E0.207887
G1 X92.552084 Y120.544792 E0.207887
G1 X92.766403 Y119.567976 E0.207887
G1 X93.007602 Y118.597446 E0.207887
G1 X93.275493 Y117.633944 E0.207887
G1 X93.56987 Y116.6782 E0.207887
G1 X93.890503 Y115.730942 E0.207887
G1 X94.237146 Y114.792889 E0.207887
G1 X94.60953 Y113.864755 E0.207887
G1 X95.007369 Y112.947243 E0.207887
G1 X95.430357 Y112.04105 E0.207887
G1 X95.878168 Y111.146864 E0.207887
G1 X96.350459 Y110.265363 E0.207887
G1 X96.846867 Y109.397214 E0.207887
G1 X97.367012 Y108.543075 E0.207887
G1 X97.910495 Y107.703594 E0.207887
G1 X98.476901 Y106.879404 E0.207887
G1 X99.065795 Y106.071131 E0.207887
G1 X99.67673 Y105.279384 E0.207887
G1 X100.309236 Y104.504762 E0.207887
G1 X100.962833 Y103.747851 E0.207887
G1 X101.637021 Y103.009222 E0.207887
G1 X102.331287 Y102.289431 E0.207887
G1 X103.045101 Y101.589022 E0.207887
G1 X103.77792 Y100.908523 E0.207887
G1 X104.529187 Y100.248446 E0.207887
G1 X105.29833 Y99.609288 E0.207887
G1 X106.084764 Y98.99153 E0.207887
G1 X106.887891 Y98.395637 E0.207887
G1 X107.707103 Y97.822056 E0.207887
G1 X108.541777 Y97.271218 E0.207887
G1 X109.391279 Y96.743536 E0.207887
G1 X110.254967 Y96.239405 E0.207887
G1 X111.132184 Y95.759204 E0.207887
G1 X112.022266 Y95.303292 E0.207887
G1 X112.92454 Y94.87201 E0.207887
G1 X113.838323 Y94.46568 E0.207887
G1 X114.762923 Y94.084604 E0.207887
G1 X115.69764 Y93.729068 E0.207887
G1 X116.641769 Y93.399336 E0.207887
G1 X117.594596 Y93.095653 E0.207887
G1 X118.555401 Y92.818244 E0.207887
G1 X119.52346 Y92.567314 E0.207887
G1 X120.498041 Y92.34305 E0.207887
G1 X121.478409 Y92.145615 E0.207887
G1 X122.463826 Y91.975156 E0.207887
G1 X123.453548 Y91.831797 E0.207887
G1 X124.446831 Y91.715642 E0.207886
G1 X125.442926 Y91.626774 E0.207886
G1 X126.441083 Y91.565257 E0.207886
G1 X127.440552 Y91.531133 E0.207886
G1 X128.440581 Y91.524423 E0.207886
G1 X129.440418 Y91.54513 E0.207886
G1 X130.439311 Y91.593233 E0.207886
G1 X131.436511 Y91.668694 E0.207886
G1 X132.431269 Y91.77145 E0.207886
G1 X133.422839 Y91.901422 E0.207886
G1 X134.410475 Y92.058508 E0.207886
G1 X135.393439 Y92.242586 E0.207886
G1 X136.370993 Y92.453515 E0.207886
G1 X137.342404 Y92.691132 E0.207886
G1 X138.306946 Y92.955256 E0.207886
G1 X139.263896 Y93.245685 E0.207886
G1 X140.212538 Y93.562198 E0.207886
G1 X141.152162 Y93.904554 E0.207886
G1 X142.082067 Y94.272493 E0.207886
G1 X143.001557 Y94.665736 E0.207886
G1 X143.909946 Y95.083985 E0.207886
G1 X144.806554 Y95.526923 E0.207886
G1 X145.690714 Y95.994217 E0.207886
G1 X146.561765 Y96.485513 E0.207886
G1 X147.419059 Y97.00044 E0.207886
G1 X148.261955 Y97.53861 E0.207886
G1 X149.089827 Y98.099618 E0.207886
G1 X149.902058 Y98.683042 E0.207886
G1 X150.698043 Y99.288442 E0.207886
G1 X151.477191 Y99.915364 E0.207886
G1 X152.238921 Y100.563336 E0.207886
G1 X152.982668 Y101.231873 E0.207886
G1 X153.707881 Y101.920472 E0.207886
G1 X154.414019 Y102.628618 E0.207886
G1 X155.10056 Y103.355779 E0.207886
G1 X155.766994 Y104.101411 E0.207886
G1 X156.412827 Y104.864956 E0.207886
G1 X157.037582 Y105.645842 E0.207886
G1 X157.640796 Y106.443485 E0.207886
G1 X158.222022 Y107.257289 E0.207886
G1 X158.780831 Y108.086647 E0.207886
G1 X159.31681 Y108.930938 E0.207886
G1 X159.829564 Y109.789533 E0.207886
G1 X160.318714 Y110.66179 E0.207886
G1 X160.7839 Y111.54706 E0.207886
G1 X161.22478 Y112.444683 E0.207886
G1 X161.641029 Y113.35399 E0.207886
G1 X162.03234 Y114.274303 E0.207886
G1 X162.398428 Y115.204937 E0.207886
G1 X162.739024 Y116.145201 E0.207886
G1 X163.053878 Y117.094394 E0.207886
G1 X163.34276 Y118.051812 E0.207886
G1 X163.605459 Y119.016742 E0.207886
G1 X163.841785 Y119.988468 E0.207886
G1 X164.051565 Y120.966268 E0.207886
G1 X164.234648 Y121.949417 E0.207886
G1 X164.390902 Y122.937185 E0.207886
G1 X164.520214 Y123.92884 E0.207886
G1 X164.622492 Y124.923646 E0.207886
G1 X164.697665 Y125.920867 E0.207886
G1 X164.745681 Y126.919764 E0.207886
G1 X164.766507 Y127.919598 E0.207886
G1 X164.760132 Y128.919628 E0.207886
G1 X164.726565 Y129.919115 E0.207886
G1 X164.665834 Y130.91732 E0.207886
G1 X164.577987 Y131.913504 E0.207886
G1 X164.463094 Y132.906933 E0.207886
G1 X164.321242 Y133.896871 E0.207886
G1 X164.152541 Y134.88259 E0.207886
G1 X163.957119 Y135.86336 E0.207886
G1 X163.735122 Y136.838459 E0.207886
G1 X163.486721 Y137.807168 E0.207886
G1 X163.212099 Y138.768773 E0.207886
G1 X162.911465 Y139.722565 E0.207886
G1 X162.585044 Y140.667843 E0.207886
G1 X162.233079 Y141.603909 E0.207886
G1 X161.855833 Y142.530077 E0.207886
G1 X161.453588 Y143.445664 E0.207886
G1 X161.026644 Y144.349997 E0.207886
G1 X160.575319 Y145.242413 E0.207886
G1 X160.099947 Y146.122255 E0.207886
G1 X159.600883 Y146.988878 E0.207886
G1 X159.078496 Y147.841645 E0.207886
G1 X158.533175 Y148.679932 E0.207886
G1 X157.965323 Y149.503124 E0.207886
G1 X157.37536 Y150.310617 E0.207886
G1 X156.763725 Y151.10182 E0.207886
G1 X156.130869 Y151.876154 E0.207886
G1 X155.477259 Y152.633052 E0.207886
G1 X154.80338 Y153.371961 E0.207886
G1 X154.109728 Y154.09234 E0.207886
G1 X153.396815 Y154.793664 E0.207886
G1 X152.665167 Y155.47542 E0.207886
G1 X151.915324 Y156.137111 E0.207886
G1 X151.147837 Y156.778254 E0.207886
G1 X150.363272 Y157.398382 E0.207886
G1 X149.562207 Y157.997042 E0.207886
G1 X148.745231 Y158.5738 E0.207886
G1 X147.912944 Y159.128236 E0.207886
G1 X147.065959 Y159.659946 E0.207886
G1 X146.204897 Y160.168544 E0.207886
G1 X145.330391 Y160.653661 E0.207886
G1 X144.443082 Y161.114945 E0.207886
G1 X143.543622 Y161.552062 E0.207886
G1 X142.632671 Y161.964696 E0.207886
G1 X141.710895 Y162.352548 E0.207886
G1 X140.77897 Y162.715337 E0.207886
G1 X139.837579 Y163.052802 E0.207886
G1 X138.887412 Y163.364701 E0.207886
G1 X137.929162 Y163.650807 E0.207886
G1 X136.963531 Y163.910917 E0.207886
G1 X135.991226 Y164.144843 E0.207886
G1 X135.012956 Y164.352419 E0.207886
G1 X134.029437 Y164.533496 E0.207886
G1 X133.041386 Y164.687947 E0.207886
G1 X132.049525 Y164.815661 E0.207886
G1 X131.054577 Y164.91655 E0.207886
G1 X130.057269 Y164.990543 E0.207886
G1 X129.058326 Y165.03759 E0.207886
G1 X128.058478 Y165.057662 E0.207886
G1 X127.058452 Y165.050745 E0.207886
G1 X126.058977 Y165.01685 E0.207886
G1 X125.06078 Y164.956005 E0.207886
G1 X124.064588 Y164.868257 E0.207886
G1 X123.071124 Y164.753674 E0.207886
G1 X122.081112 Y164.612343 E0.207886
G1 X121.09527 Y164.444371 E0.207886
G1 X120.114315 Y164.249882 E0.207886
G1 X119.138958 Y164.029023 E0.207886
G1 X118.169909 Y163.781956 E0.207886
G1 X117.207869 Y163.508865 E0.207886
G1 X116.253537 Y163.209952 E0.207886
G1 X115.307604 Y162.885438 E0.207886
G1 X114.370756 Y162.53556 E0.207886
G1 X113.443671 Y162.160577 E0.207886
G1 X112.52702 Y161.760764 E0.207886
G1 X111.621467 Y161.336414 E0.207886
G1 X110.727667 Y160.887838 E0.207886
G1 X109.846267 Y160.415365 E0.207886
G1 X108.977902 Y159.919339 E0.207886
G1 X108.1232 Y159.400125 E0.207886
G1 X107.282779 Y158.858099 E0.207886
G1 X106.457246 Y158.293659 E0.207886
G1 X105.647194 Y157.707216 E0.207886
G1 X104.85321 Y157.099197 E0.207886
G1 X104.075865 Y156.470044 E0.207886
G1 X103.315718 Y155.820217 E0.207886
G1 X102.573318 Y155.150186 E0.207886
G1 X101.849199 Y154.46044 E0.207886
G1 X101.143881 Y153.75148 E0.207886
G1 X100.457872 Y153.023819 E0.207886
G1 X99.791664 Y152.277987 E0.207886
G1 X99.145736 Y151.514525 E0.207886
G1 X98.520551 Y150.733985 E0.207886
G1 X97.916558 Y149.936933 E0.207886
G1 X97.33419 Y149.123948 E0.207886
G1 X96.773864 Y148.295616 E0.207886
G1 X96.235981 Y147.452538 E0.207886
G1 X95.720926 Y146.595324 E0.207886
G1 X95.229067 Y145.724593 E0.207886
G1 X94.760756 Y144.840974 E0.207886
G1 X94.316326 Y143.945105 E0.207886
G1 X93.896095 Y143.037634 E0.207886
G1 X93.500361 Y142.119216 E0.207886
G1 X93.129407 Y141.190512 E0.207886
G1 X92.783495 Y140.252192 E0.207886
G1 X92.462872 Y139.304934 E0.207886
G1 X92.167765 Y138.349418 E0.207886
G1 X91.898383 Y137.386334 E0.207886
G1 X91.654915 Y136.416375 E0.207886
G1 X91.437533 Y135.440238 E0.207886
G1 X91.246391 Y134.458626 E0.207886
G1 X91.081621 Y133.472244 E0.207886
G1 X90.943338 Y132.481802 E0.207886
G1 X90.831639 Y131.48801 E0.207886
G1 X90.7466 Y130.491584 E0.207886
G1 X90.688278 Y129.493237 E0.207886
G1 X90.656712 Y128.493687 E0.207886
G1 X90.651921 Y127.493649 E0.207886
G1 X90.673904 Y126.493842 E0.207886
G1 X90.722643 Y125.494982 E0.207886
G1 X90.798098 Y124.497783 E0.207886
G1 X90.900213 Y123.502962 E0.207886
G1 X91.02891 Y122.511229 E0.207886
G1 X91.184094 Y121.523294 E0.207886
G1 X91.365651 Y120.539864 E0.207886
G1 X91.573446 Y119.561642 E0.207886
G1 X91.807329 Y118.589326 E0.207886
G1 X92.067127 Y117.623613 E0.207886
G1 X92.352652 Y116.665191 E0.207886
G1 X92.663696 Y115.714745 E0.207886
G1 X93.000035 Y114.772952 E0.207886
G1 X93.361423 Y113.840484 E0.207886
G1 X93.7476 Y112.918006 E0.207886
G1 X94.158286 Y112.006176 E0.207886
G1 X94.593185 Y111.105643 E0.207886
G1 X95.051985 Y110.217049 E0.207886
G1 X95.534353 Y109.341025 E0.207886
G1 X96.039943 Y108.478194 E0.207886
G1 X96.568391 Y107.629172 E0.207886
G1 X97.119318 Y106.79456 E0.207886
G1 X97.692327 Y105.974952 E0.207886
G1 X98.287008 Y105.17093 E0.207886
G1 X98.902935 Y104.383065 E0.207886
G1 X99.539665 Y103.611915 E0.207886
G1 X100.196742 Y102.858028 E0.207886
G1 X100.873697 Y102.121937 E0.207886
G1 X101.570045 Y101.404165 E0.207886
G1 X102.285287 Y100.705219 E0.207886
G1 X103.018913 Y100.025595 E0.207886
G1 X103.770399 Y99.365772 E0.207886
G1 X104.539208 Y98.726217 E0.207886
G1 X105.324791 Y98.107383 E0.207886
G1 X106.126588 Y97.509706 E0.207886
G1 X106.944027 Y96.933607 E0.207886
G1 X107.776527 Y96.379494 E0.207886
G1 X108.623493 Y95.847756 E0.207886
G1 X109.484323 Y95.338768 E0.207886
G1 X110.358404 Y94.852889 E0.207886
G1 X111.245114 Y94.390459 E0.207886
G1 X112.143824 Y93.951804 E0.207886
G1 X113.053893 Y93.537232 E0.207886
G1 X113.974676 Y93.147033 E0.207886
G1 X114.905518 Y92.78148 E0.207886
G1 X115.84576 Y92.44083 E0.207886
G1 X116.794733 Y92.12532 E0.207886
G1 X117.751765 Y91.835171 E0.207886
G1 X118.716177 Y91.570584 E0.207886
G1 X119.687285 Y91.331743 E0.207886
G1 X120.664402 Y91.118815 E0.207886
G1 X121.646836 Y90.931946 E0.207886
G1 X122.633891 Y90.771264 E0.207886
G1 X123.624869 Y90.636881 E0.207886
G1 X124.619069 Y90.528888 E0.207886
G1 X125.615788 Y90.447357 E0.207886
G1 X126.614322 Y90.392342 E0.207886
G1 X127.613965 Y90.36388 E0.207886
G1 X128.614011 Y90.361986 E0.207886
G1 X129.613755 Y90.386659 E0.207886
G1 X130.612491 Y90.437877 E0.207886
G1 X131.609514 Y90.515602 E0.207886
G1 X132.604121 Y90.619774 E0.207886
G1 X133.595612 Y90.750317 E0.207886
G1 X134.583288 Y90.907135 E0.207886
G1 X135.566454 Y91.090115 E0.207886
G1 X136.544417 Y91.299123 E0.207886
G1 X137.516489 Y91.534011 E0.207886
G1 X138.481986 Y91.794608 E0.207886
G1 X139.44023 Y92.080727 E0.207886
G1 X140.390547 Y92.392165 E0.207886
G1 X141.332269 Y92.728699 E0.207886
G1 X142.264736 Y93.090088 E0.207886
G1 X143.187291 Y93.476076 E0.207886
G1 X144.099289 Y93.886387 E0.207886
G1 X145.00009 Y94.320731 E0.207886
G1 X145.889061 Y94.778798 E0.207886
G1 X146.76558 Y95.260264 E0.207886
G1 X147.629034 Y95.764788 E0.207886
G1 X148.478816 Y96.292013 E0.207886
G1 X149.314333 Y96.841564 E0.207886
G1 X150.135 Y97.413055 E0.207886
G1 X150.940243 Y98.00608 E0.207886
G1 X151.729499 Y98.620222 E0.207886
G1 X152.502218 Y99.255046 E0.207886
G1 X153.257858 Y99.910105 E0.207886
G1 X153.995894 Y100.584938 E0.207886
G1 X154.715809 Y101.279068 E0.207886
G1 X155.417103 Y101.992008 E0.207886
G1 X156.099286 Y102.723254 E0.207886
G1 X156.761883 Y103.472294 E0.207886
G1 X157.404433 Y104.2386 E0.207886
G1 X158.026489 Y105.021634 E0.207886
G1 X158.627618 Y105.820845 E0.207886
G1 X159.207403 Y106.635674 E0.207886
G1 X159.76544 Y107.465547 E0.207886
G1 X160.301343 Y108.309883 E0.207886
G1 X160.81474 Y109.168089 E0.207886
G1 X161.305275 Y110.039565 E0.207886
G1 X161.772609 Y110.9237 E0.207886
G1 X162.216417 Y111.819875 E0.207886
G1 X162.636394 Y112.727462 E0.207886
G1 X163.032249 Y113.645827 E0.207886
G1 X163.403709 Y114.574328 E0.207886
G1 X163.750517 Y115.512314 E0.207886
G1 X164.072437 Y116.459131 E0.207886
G1 X164.369245 Y117.414118 E0.207886
G1 X164.640739 Y118.376608 E0.207886
G1 X164.886732 Y119.345928 E0.207886
G1 X165.107056 Y120.321404 E0.207886
G1 X165.301562 Y121.302353 E0.207886
G1 X165.470117 Y122.288094 E0.207886
G1 X165.612607 Y123.277938 E0.207886
G1 X165.728936 Y124.271196 E0.207886
G1 X165.819027 Y125.267177 E0.207886
G1 X165.882821 Y126.265188 E0.207886
G1 X165.920276 Y127.264534 E0.207886
G1 X165.93137 Y128.264519 E0.207886
G1 X165.916098 Y129.26445 E0.207886
G1 X165.874474 Y130.263631 E0.207886
G1 X165.806532 Y131.261368 E0.207886
G1 X165.712321 Y132.256967 E0.207886
G1 X165.59191 Y133.249739 E0.207886
G1 X165.445386 Y134.238994 E0.207886
G1 X165.272855 Y135.224046 E0.207886
G1 X165.074438 Y136.204212 E0.207886
G1 X164.850278 Y137.178813 E0.207886
G1 X164.600533 Y138.147173 E0.207886
G1 X164.325379 Y139.108623 E0.207886
G1 X164.025011 Y140.062495 E0.207886
G1 X163.699639 Y141.008132 E0.207886
G1 X163.349493 Y141.944877 E0.207886
G1 X162.974818 Y142.872084 E0.207886
G1 X162.575877 Y143.789112 E0.207886
G1 X162.152949 Y144.695327 E0.207886
G1 X161.70633 Y145.590104 E0.207886
G1 X161.236331 Y146.472825 E0.207886
G1 X160.743282 Y147.34288 E0.207886
G1 X160.227525 Y148.19967 E0.207886
G1 X159.689421 Y149.042604 E0.207886
G1 X159.129343 Y149.871102 E0.207886
G1 X158.547683 Y150.684591 E0.207886
G1 X157.944845 Y151.482514 E0.207886
G1 X157.321247 Y152.264319 E0.207886
G1 X156.677323 Y153.02947 E0.207886
G1 X156.013521 Y153.777441 E0.207886
G1 X155.3303 Y154.507717 E0.207886
G1 X154.628134 Y155.219797 E0.207886
G1 X153.907511 Y155.913191 E0.207886
G1 X153.16893 Y156.587426 E0.207886
G1 X152.412902 Y157.242036 E0.207886
G1 X151.63995 Y157.876575 E0.207886
G1 X150.85061 Y158.490608 E0.207886
G1 X150.045427 Y159.083713 E0.207886
G1 X149.224958 Y159.655486 E0.207886
G1 X148.389769 Y160.205535 E0.207886
G1 X147.540438 Y160.733484 E0.207886
G1 X146.677551 Y161.238973 E0.207886
G1 X145.801702 Y161.721657 E0.207886
G1 X144.913498 Y162.181207 E0.207886
G1 X144.013549 Y162.617309 E0.207886
G1 X143.102475 Y163.029668 E0.207886
G1 X142.180906 Y163.418001 E0.207886
G1 X141.249474 Y163.782047 E0.207886
G1 X140.308822 Y164.121557 E0.207886
G1 X139.359597 Y164.436302 E0.207886
G1 X138.40245 Y164.726068 E0.207886
G1 X137.438042 Y164.99066 E0.207886
G1 X136.467033 Y165.2299 E0.207886
G1 X135.490092 Y165.443627 E0.207886
G1 X134.507888 Y165.631697 E0.207886
G1 X133.521097 Y165.793984 E0.207886
G1 X132.530396 Y165.930381 E0.207886
G1 X131.536464 Y166.040797 E0.207886
G1 X130.539982 Y166.12516 E0.207886
G1 X129.541633 Y166.183416 E0.207886
G1 X128.542102 Y166.215527 E0.207886
G1 X127.542073 Y166.221476 E0.207886
G1 X126.542231 Y166.201262 E0.207886
G1 X125.54326 Y166.154901 E0.207886
G1 X124.545843 Y166.082428 E0.207886
G1 X123.550662 Y165.983898 E0.207886
G1 X122.558398 Y165.859379 E0.207886
G1 X121.569728 Y165.708961 E0.207886
G1 X120.585328 Y165.53275 E0.207886
G1 X119.605871 Y165.33087 E0.207886
G1 X118.632023 Y165.103461 E0.207886
G1 X117.664451 Y164.850682 E0.207886
G1 X116.703814 Y164.572709 E0.207886
G1 X115.750766 Y164.269735 E0.207886
G1 X114.805958 Y163.94197 E0.207886
G1 X113.870032 Y163.58964 E0.207886
G1 X112.943627 Y163.212989 E0.207886
G1 X112.027372 Y162.812278 E0.207885
G1 X111.121891 Y162.387781 E0.207885
G1 X110.2278 Y161.939792 E0.207885
G1 X109.345707 Y161.468619 E0.207885
G1 X108.47621 Y160.974586 E0.207885
G1 X107.619902 Y160.458031 E0.207885
G1 X106.777362 Y159.919311 E0.207885
G1 X105.949164 Y159.358793 E0.207885
G1 X105.135868 Y158.776863 E0.207885
G1 X104.338027 Y158.173919 E0.207885
G1 X103.55618 Y157.550373 E0.207885
G1 X102.790859 Y156.906653 E0.207885
G1 X102.04258 Y156.243199 E0.207885
G1 X101.311851 Y155.560464 E0.207885
G1 X100.599165 Y154.858914 E0.207885
G1 X99.905005 Y154.139029 E0.207885
G1 X99.22984 Y153.4013 E0.207885
G1 X98.574126 Y152.646229 E0.207885
G1 X97.938306 Y151.874332 E0.207885
G1 X97.322808 Y151.086135 E0.207885
G1 X96.728048 Y150.282174 E0.207885
G1 X96.154427 Y149.462997 E0.207885
G1 X95.60233 Y148.629162 E0.207885
G1 X95.07213 Y147.781234 E0.207885
G1 X94.564183 Y146.919792 E0.207885
G1 X94.078831 Y146.045421 E0.207885
G1 X93.616399 Y145.158714 E0.207885
G1 X93.177199 Y144.260274 E0.207885
G1 X92.761523 Y143.35071 E0.207885
G1 X92.369652 Y142.43064 E0.207885
G1 X92.001847 Y141.500687 E0.207885
G1 X91.658353 Y140.561483 E0.207885
G1 X91.339401 Y139.613664 E0.207885
G1 X91.045203 Y138.657871 E0.207885
G1 X90.775955 Y137.694752 E0.207885
G1 X90.531835 Y136.72496 E0.207885
G1 X90.313006 Y135.74915 E0.207885
G1 X90.119612 Y134.767981 E0.207885
G1 X89.951781 Y133.782119 E0.207885
G1 X89.809622 Y132.792229 E0.207885
G1 X89.693229 Y131.798979 E0.207885
G1 X89.602676 Y130.803041 E0.207885
G1 X89.538023 Y129.805088 E0.207885
G1 X89.499308 Y128.805791 E0.207885
G1 X89.486555 Y127.805827 E0.207885
G1 X89.49977 Y126.805868 E0.207885
G1 X89.53894 Y125.80659 E0.207885
G1 X89.604035 Y124.808665 E0.207885
G1 X89.695009 Y123.812765 E0.207885
G1 X89.811797 Y122.819562 E0.207885
G1 X89.954317 Y121.829724 E0.207885
G1 X90.122469 Y120.843916 E0.207885
G1 X90.316138 Y119.862803 E0.207885
G1 X90.535191 Y118.887043 E0.207885
G1 X90.779475 Y117.917292 E0.207885
G1 X91.048825 Y116.954202 E0.207885
G1 X91.343055 Y115.998419 E0.207885
G1 X91.661965 Y115.050586 E0.207885
G1 X92.005338 Y114.111338 E0.207885
G1 X92.37294 Y113.181305 E0.207885
G1 X92.76452 Y112.261112 E0.207885
G1 X93.179812 Y111.351374 E0.207885
G1 X93.618536 Y110.452701 E0.207885
G1 X94.080394 Y109.565695 E0.207885
G1 X94.565072 Y108.69095 E0.207885
G1 X95.072243 Y107.829052 E0.207885
G1 X95.601563 Y106.980576 E0.207885
G1 X96.152676 Y106.14609 E0.207885
G1 X96.725208 Y105.326152 E0.207885
G1 X97.318774 Y104.52131 E0.207885
G1 X97.932973 Y103.732101 E0.207885
G1 X98.567391 Y102.959052 E0.207885
G1 X99.2216 Y102.202678 E0.207885
G1 X99.895161 Y101.463484 E0.207885
G1 X100.587619 Y100.741963 E0.207885
G1 X101.29851 Y100.038596 E0.207885
G1 X102.027354 Y99.35385 E0.207885
G1 X102.773663 Y98.688182 E0.207885
G1 X103.536935 Y98.042034 E0.207885
G1 X104.316657 Y97.415835 E0.207885
G1 X105.112307 Y96.810003 E0.207885
G1 X105.92335 Y96.22494 E0.207885
G1 X106.749243 Y95.661033 E0.207885
G1 X107.589433 Y95.118656 E0.207885
G1 X108.443357 Y94.59817 E0.207885
G1 X109.310442 Y94.099919 E0.207885
G1 X110.190109 Y93.624233 E0.207885
G1 X111.081768 Y93.171426 E0.207885
G1 X111.984824 Y92.741798 E0.207885
G1 X112.898673 Y92.335632 E0.207885
G1 X113.822705 Y91.953196 E0.207885
G1 X114.756301 Y91.594743 E0.207885
G1 X115.698839 Y91.260508 E0.207885
G1 X116.649689 Y90.950711 E0.207885
G1 X117.608218 Y90.665555 E0.207885
G1 X118.573785 Y90.405228 E0.207885
G1 X119.545748 Y90.169898 E0.207885
G1 X120.523457 Y89.959721 E0.207885
G1 X121.506263 Y89.774833 E0.207885
G1 X122.49351 Y89.615353 E0.207885
G1 X123.484541 Y89.481384 E0.207885
G1 X124.478697 Y89.373014 E0.207885
G1 X125.475317 Y89.290309 E0.207885
G1 X126.473737 Y89.233323 E0.207885
G1 X127.473295 Y89.20209 E0.207885
G1 X128.473325 Y89.196627 E0.207885
G1 X129.473164 Y89.216935 E0.207885
G1 X130.472148 Y89.262998 E0.207885
G1 X131.469613 Y89.334781 E0.207885
G1 X132.464899 Y89.432234 E0.207885
G1 X133.457344 Y89.555288 E0.207885
G1 X134.446292 Y89.70386 E0.207885
G1 X135.431085 Y89.877848 E0.207885
G1 X136.411073 Y90.077132 E0.207885
G1 X137.385606 Y90.301578 E0.207885
G1 X138.354039 Y90.551034 E0.207885
G1 X139.31573 Y90.825332 E0.207885
G1 X140.270045 Y91.124287 E0.207885
G1 X141.216351 Y91.447698 E0.207885
G1 X142.154024 Y91.795347 E0.207885
G1 X143.082443 Y92.167002 E0.207885
G1 X144.000996 Y92.562414 E0.207885
G1 X144.909076 Y92.981319 E0.207885
G1 X145.806084 Y93.423436 E0.207885
G1 X146.691428 Y93.88847 E0.207885
G1 X147.564523 Y94.376111 E0.207885
G1 X148.424796 Y94.886034 E0.207885
G1 X149.271678 Y95.417899 E0.207885
G1 X150.104612 Y95.971353 E0.207885
G1 X150.923049 Y96.546027 E0.207885
G1 X151.726452 Y97.141538 E0.207885
G1 X152.514291 Y97.757493 E0.207885
G1 X153.286048 Y98.39348 E0.207885
G1 X154.041217 Y99.049079 E0.207885
G1 X154.779301 Y99.723855 E0.207885
G1 X155.499815 Y100.41736 E0.207885
G1 X156.202287 Y101.129135 E0.207885
G1 X156.886255 Y101.858708 E0.207885
G1 X157.551272 Y102.605596 E0.207885
G1 X158.196902 Y103.369306 E0.207885
G1 X158.822721 Y104.149331 E0.207885
G1 X159.42832 Y104.945158 E0.207885
G1 X160.013303 Y105.756258 E0.207885
G1 X160.577287 Y106.582098 E0.207885
G1 X161.119904 Y107.422132 E0.207885
G1 X161.640799 Y108.275805 E0.207885
G1 X162.139632 Y109.142555 E0.207885
G1 X162.616079 Y110.021809 E0.207885
G1 X163.069828 Y110.912989 E0.207885
G1 X163.500585 Y111.815507 E0.207885
G1 X163.908068 Y112.728768 E0.207885
G1 X164.292014 Y113.652172 E0.207885
G1 X164.652172 Y114.585112 E0.207885
G1 X164.98831 Y115.526972 E0.207885
G1 X165.300209 Y116.477134 E0.207885
G1 X165.587668 Y117.434974 E0.207885
G1 X165.850501 Y118.399861 E0.207885
G1 X166.088539 Y119.371163 E0.207885
G1 X166.301629 Y120.348242 E0.207885
G1 X166.489633 Y121.330455 E0.207885
G1 X166.652433 Y122.31716 E0.207885
G1 X166.789923 Y123.307708 E0.207885
G1 X166.902018 Y124.30145 E0.207885
G1 X166.988647 Y125.297736 E0.207885
G1 X167.049756 Y126.295911 E0.207885
G1 X167.085308 Y127.295324 E0.207885
G1 X167.095284 Y128.295319 E0.207885
G1 X167.079679 Y129.295241 E0.207885
G1 X167.038507 Y130.294438 E0.207885
G1 X166.971799 Y131.292255 E0.207885
G1 X166.8796 Y132.28804 E0.207885
G1 X166.761974 Y133.281143 E0.207885
G1 X166.619002 Y134.270915 E0.207885
G1 X166.450778 Y135.256709 E0.207885
G1 X166.257418 Y136.237882 E0.207885
G1 X166.039049 Y137.213794 E0.207885
G1 X165.795818 Y138.183808 E0.207885
G1 X165.527886 Y139.147292 E0.207885
G1 X165.235431 Y140.103618 E0.207885
G1 X164.918646 Y141.052162 E0.207885
G1 X164.577743 Y141.992308 E0.207885
G1 X164.212944 Y142.923442 E0.207885
G1 X163.824493 Y143.844959 E0.207885
G1 X163.412643 Y144.75626 E0.207885
G1 X162.977667 Y145.656751 E0.207885
G1 X162.519851 Y146.545848 E0.207885
G1 X162.039496 Y147.422973 E0.207885
G1 X161.536917 Y148.287555 E0.207885
G1 X161.012444 Y149.139034 E0.207885
G1 X160.466421 Y149.976858 E0.207885
G1 X159.899206 Y150.800481 E0.207885
G1 X159.311171 Y151.609371 E0.207885
G1 X158.7027 Y152.403003 E0.207885
G1 X158.074192 Y153.180863 E0.207885
G1 X157.426057 Y153.942447 E0.207885
G1 X156.75872 Y154.687262 E0.207885
G1 X156.072616 Y155.414827 E0.207885
G1 X155.368193 Y156.12467 E0.207885
G1 X154.645911 Y156.816332 E0.207885
G1 X153.906241 Y157.489367 E0.207885
G1 X153.149665 Y158.143341 E0.207885
G1 X152.376676 Y158.77783 E0.207885
G1 X151.587778 Y159.392426 E0.207885
G1 X150.783485 Y159.986733 E0.207885
G1 X149.964319 Y160.560367 E0.207885
G1 X149.130814 Y161.112958 E0.207885
G1 X148.283512 Y161.644153 E0.207885
G1 X147.422963 Y162.153607 E0.207885
G1 X146.549727 Y162.640995 E0.207885
G1 X145.664371 Y163.106003 E0.207885
G1 X144.767469 Y163.548333 E0.207885
G1 X143.859604 Y163.967701 E0.207885
G1 X142.941364 Y164.363838 E0.207885
G1 X142.013346 Y164.73649 E0.207885
G1 X141.07615 Y165.085421 E0.207885
G1 X140.130384 Y165.410405 E0.207885
G1 X139.176661 Y165.711238 E0.207885
G1 X138.215598 Y165.987725 E0.207885
G1 X137.247817 Y166.239693 E0.207885
G1 X136.273944 Y166.466981 E0.207885
G1 X135.294609 Y166.669445 E0.207885
G1 X134.310446 Y166.846958 E0.207885
G1 X133.32209 Y166.999407 E0.207885
G1 X132.330181 Y167.126698 E0.207885
G1 X131.335357 Y167.22875 E0.207885
G1 X130.338263 Y167.305503 E0.207885
G1 X129.339541 Y167.356908 E0.207885
G1 X128.339836 Y167.382935 E0.207885
G1 X127.339792 Y167.383572 E0.207885
G1 X126.340055 Y167.35882 E0.207885
G1 X125.341268 Y167.308699 E0.207885
G1 X124.344075 Y167.233244 E0.207885
G1 X123.349117 Y167.132506 E0.207885
G1 X122.357037 Y167.006554 E0.207885
G1 X121.368471 Y166.855471 E0.207885
G1 X120.384057 Y166.679358 E0.207885
G1 X119.404426 Y166.478332 E0.207885
G1 X118.43021 Y166.252523 E0.207885
G1 X117.462033 Y166.002082 E0.207885
G1 X116.500518 Y165.727171 E0.207885
G1 X115.546281 Y165.42797 E0.207885
G1 X114.599937 Y165.104675 E0.207885
G1 X113.662092 Y164.757496 E0.207885
G1 X112.733346 Y164.386659 E0.207885
G1 X111.814297 Y163.992405 E0.207885
G1 X110.905533 Y163.57499 E0.207885
G1 X110.007636 Y163.134685 E0.207885
G1 X109.121181 Y162.671775 E0.207885
G1 X108.246737 Y162.18656 E0.207885
G1 X107.384861 Y161.679354 E0.207885
G1 X106.536106 Y161.150485 E0.207885
G1 X105.701015 Y160.600294 E0.207885
G1 X104.880121 Y160.029137 E0.207885
G1 X104.073948 Y159.437383 E0.207885
G1 X103.283013 Y158.825412 E0.207885
G1 X102.507818 Y158.19362 E0.207885
G1 X101.74886 Y157.542414 E0.207885
G1 X101.006622 Y156.872213 E0.207885
G1 X100.281577 Y156.183447 E0.207885
G1 X99.574188 Y155.476561 E0.207885
G1 X98.884905 Y154.752009 E0.207885
G1 X98.214167 Y154.010256 E0.207885
G1 X97.562401 Y153.251779 E0.207885
G1 X96.93002 Y152.477065 E0.207885
G1 X96.317428 Y151.68661 E0.207885
G1 X95.725014 Y150.880923 E0.207885
G1 X95.153152 Y150.06052 E0.207885
G1 X94.602208 Y149.225926 E0.207885
G1 X94.072529 Y148.377676 E0.207885
G1 X93.564451 Y147.516314 E0.207885
G1 X93.078297 Y146.642391 E0.207885
G1 X92.614374 Y145.756467 E0.207885
G1 X92.172976 Y144.859107 E0.207885
G1 X91.754381 Y143.950886 E0.207885
G1 X91.358854 Y143.032385 E0.207885
G1 X90.986643 Y142.10419 E0.207885
G1 X90.637985 Y141.166894 E0.207885
G1 X90.313097 Y140.221095 E0.207885
G1 X90.012185 Y139.267398 E0.207885
G1 X89.735437 Y138.30641 E0.207885
G1 X89.483026 Y137.338745 E0.207885
G1 X89.255111 Y136.365019 E0.207885
G1 X89.051834 Y135.385854 E0.207885
G1 X88.87332 Y134.401872 E0.207885
G1 X88.719682 Y133.413701 E0.207885
G1 X88.591013 Y132.42197 E0.207885
G1 X88.487392 Y131.42731 E0.207885
G1 X88.408883 Y130.430353 E0.207885
G1 X88.355532 Y129.431734 E0.207885
G1 X88.327371 Y128.432087 E0.207885
G1 X88.324413 Y127.432048 E0.207885
G1 X88.346659 Y126.432252 E0.207885
G1 X88.394091 Y125.433335 E0.207885
G1 X88.466675 Y124.435929 E0.207885
G1 X88.564364 Y123.440668 E0.207885
G1 X88.687091 Y122.448184 E0.207885
G1 X88.834777 Y121.459106 E0.207885
G1 X89.007324 Y120.474061 E0.207885
G1 X89.204621 Y119.493673 E0.207885
G1 X89.426538 Y118.518564 E0.207885
G1 X89.672934 Y117.54935 E0.207885
G1 X89.943647 Y116.586645 E0.207885
G1 X90.238505 Y115.631059 E0.207885
G1 X90.557318 Y114.683195 E0.207885
G1 X90.899881 Y113.743655 E0.207885
G1 X91.265973 Y112.81303 E0.207885
G1 X91.655362 Y111.891909 E0.207885
G1 X92.067797 Y110.980875 E0.207885
G1 X92.503015 Y110.080502 E0.207885
G1 X92.960737 Y109.191359 E0.207885
G1 X93.440673 Y108.314006 E0.207885
G1 X93.942515 Y107.448997 E0.207885
G1 X94.465945 Y106.596877 E0.207885
G1 X95.010628 Y105.758184 E0.207885
G1 X95.576218 Y104.933445 E0.207885
G1 X96.162355 Y104.123181 E0.207885
G1 X96.768668 Y103.3279 E0.207885
G1 X97.394769 Y102.548103 E0.207885
G1 X98.040263 Y101.784282 E0.207885
G1 X98.704739 Y101.036915 E0.207885
G1 X99.387777 Y100.306472 E0.207885
G1 X100.088942 Y99.593413 E0.207885
G1 X100.807791 Y98.898185 E0.207885
G1 X101.543868 Y98.221224 E0.207885
G1 X102.296708 Y97.562955 E0.207885
G1 X103.065833 Y96.92379 E0.207885
G1 X103.850759 Y96.30413 E0.207885
G1 X104.650987 Y95.704364 E0.207885
G1 X105.466013 Y95.124865 E0.207885
G1 X106.295321 Y94.565997 E0.207885
G1 X107.138389 Y94.02811 E0.207885
G1 X107.994683 Y93.511539 E0.207885
G1 X108.863664 Y93.016606 E0.207885
G1 X109.744783 Y92.543621 E0.207885
G1 X110.637485 Y92.092879 E0.207885
G1 X111.541207 Y91.66466 E0.207885
G1 X112.455381 Y91.25923 E0.207885
G1 X113.379429 Y90.876843 E0.207885
G1 X114.312771 Y90.517735 E0.207885
G1 X115.254819 Y90.18213 E0.207885
G1 X116.204981 Y89.870235 E0.207885
G1 X117.162658 Y89.582243 E0.207885
G1 X118.12725 Y89.318333 E0.207885
G1 X119.098149 Y89.078667 E0.207885
G1 X120.074747 Y88.863393 E0.207885
G1 X121.056429 Y88.672643 E0.207885
G1 X122.04258 Y88.506534 E0.207885
G1 X123.03258 Y88.365167 E0.207885
G1 X124.025809 Y88.248628 E0.207885
G1 X125.021644 Y88.156987 E0.207885
G1 X126.019461 Y88.090298 E0.207885
G1 X127.018634 Y88.048601 E0.207885
G1 X128.018537 Y88.031918 E0.207885
G1 X129.018545 Y88.040258 E0.207885
G1 X130.018031 Y88.073611 E0.207885
G1 X131.016371 Y88.131955 E0.207885
G1 X132.012938 Y88.21525 E0.207885
G1 X133.007111 Y88.32344 E0.207885
G1 X133.998268 Y88.456456 E0.207885
G1 X134.98579 Y88.614211 E0.207885
G1 X135.969059 Y88.796604 E0.207885
G1 X136.947461 Y89.003518 E0.207885
G1 X137.920387 Y89.23482 E0.207885
G1 X138.887228 Y89.490364 E0.207885
G1 X139.847382 Y89.769988 E0.207885
G1 X140.80025 Y90.073513 E0.207885
G1 X141.745239 Y90.400748 E0.207885
G1 X142.681758 Y90.751485 E0.207885
G1 X143.609225 Y91.125503 E0.207885
G1 X144.527063 Y91.522566 E0.207885
G1 X145.434699 Y91.942424 E0.207885
G1 X146.33157 Y92.384813 E0.207885
G1 X147.217118 Y92.849453 E0.207885
G1 X148.090791 Y93.336053 E0.207885
G1 X148.952047 Y93.844307 E0.207885
G1 X149.800352 Y94.373896 E0.207885
G1 X150.635177 Y94.924488 E0.207885
G1 X151.456005 Y95.495738 E0.207885
G1 X152.262327 Y96.087287 E0.207885
G1 X153.053642 Y96.698765 E0.207885
G1 X153.82946 Y97.329789 E0.207885
G1 X154.589299 Y97.979964 E0.207885
G1 X155.33269 Y98.648885 E0.207885
G1 X156.059172 Y99.336132 E0.207885
G1 X156.768295 Y100.041277 E0.207885
G1 X157.459621 Y100.763879 E0.207885
G1 X158.132721 Y101.503487 E0.207885
G1 X158.78718 Y102.259641 E0.207885
G1 X159.422595 Y103.031867 E0.207885
G1 X160.038571 Y103.819685 E0.207885
G1 X160.63473 Y104.622605 E0.207885
G1 X161.210703 Y105.440125 E0.207885
G1 X161.766135 Y106.271738 E0.207885
G1 X162.300684 Y107.116925 E0.207885
G1 X162.814022 Y107.975161 E0.207885
G1 X163.305832 Y108.845912 E0.207885
G1 X163.775811 Y109.728637 E0.207885
G1 X164.223672 Y110.622788 E0.207885
G1 X164.649139 Y111.527808 E0.207885
G1 X165.05195 Y112.443137 E0.207885
G1 X165.43186 Y113.368206 E0.207885
G1 X165.788635 Y114.302442 E0.207885
G1 X166.122058 Y115.245264 E0.207885
G1 X166.431924 Y116.196088 E0.207885
G1 X166.718045 Y117.154326 E0.207885
G1 X166.980246 Y118.119383 E0.207885
G1 X167.218368 Y119.090661 E0.207885
G1 X167.432267 Y120.06756 E0.207885
G1 X167.621812 Y121.049475 E0.207885
G1 X167.78689 Y122.035798 E0.207885
G1 X167.927402 Y123.02592 E0.207885
G1 X168.043262 Y124.019228 E0.207885
G1 X168.134404 Y125.015108 E0.207885
G1 X168.200772 Y126.012945 E0.207885
G1 X168.24233 Y127.012124 E0.207885
G1 X168.259054 Y128.012026 E0.207885
G1 X168.250936 Y129.012035 E0.207885
G1 X168.217985 Y130.011534 E0.207885
G1 X168.160224 Y131.009906 E0.207885
G1 X168.077691 Y132.006537 E0.207885
G1 X167.97044 Y133.000811 E0.207885
G1 X167.83854 Y133.992116 E0.207885
G1 X167.682075 Y134.979842 E0.207885
G1 X167.501144 Y135.963381 E0.207885
G1 X167.295861 Y136.942126 E0.207885
G1 X167.066356 Y137.915477 E0.207885
G1 X166.812773 Y138.882834 E0.207885
G1 X166.53527 Y139.843602 E0.207885
G1 X166.234021 Y140.797192 E0.207885
G1 X165.909214 Y141.743016 E0.207885
G1 X165.561052 Y142.680495 E0.207885
G1 X165.189751 Y143.609053 E0.207885
G1 X164.795542 Y144.528119 E0.207885
G1 X164.37867 Y145.437131 E0.207885
G1 X163.939394 Y146.33553 E0.207885
G1 X163.477986 Y147.222765 E0.207885
G1 X162.994733 Y148.098293 E0.207885
G1 X162.489933 Y148.961578 E0.207885
G1 X161.9639 Y149.812091 E0.207885
G1 X161.416957 Y150.649311 E0.207885
G1 X160.849444 Y151.472727 E0.207885
G1 X160.261711 Y152.281833 E0.207885
G1 X159.654121 Y153.076136 E0.207885
G1 X159.027048 Y153.85515 E0.207885
G1 X158.380879 Y154.6184 E0.207885
G1 X157.716013 Y155.365418 E0.207885
G1 X157.032859 Y156.09575 E0.207885
G1 X156.331838 Y156.808949 E0.207885
G1 X155.613382 Y157.504581 E0.207885
G1 X154.877932 Y158.182221 E0.207885
G1 X154.12594 Y158.841457 E0.207885
G1 X153.357869 Y159.481887 E0.207885
G1 X152.574191 Y160.103122 E0.207885
G1 X151.775387 Y160.704782 E0.207885
G1 X150.961948 Y161.286503 E0.207885
G1 X150.134372 Y161.847932 E0.207885
G1 X149.293167 Y162.388726 E0.207885
G1 X148.43885 Y162.908557 E0.207884
G1 X147.571943 Y163.407111 E0.207884
G1 X146.692978 Y163.884085 E0.207884
G1 X145.802494 Y164.33919 E0.207884
G1 X144.901035 Y164.772151 E0.207884
G1 X143.989153 Y165.182706 E0.207884
G1 X143.067407 Y165.570606 E0.207884
G1 X142.136359 Y165.935617 E0.207884
G1 X141.196579 Y166.27752 E0.207884
G1 X140.248642 Y166.596108 E0.207884
G1 X139.293127 Y166.891189 E0.207884
G1 X138.330616 Y167.162587 E0.207884
G1 X137.361699 Y167.410138 E0.207884
G1 X136.386965 Y167.633694 E0.207884
G1 X135.40701 Y167.833122 E0.207884
G1 X134.422432 Y168.008303 E0.207884
G1 X133.43383 Y168.159133 E0.207884
G1 X132.441808 Y168.285523 E0.207884
G1 X131.446969 Y168.387399 E0.207884
G1 X130.449919 Y168.464701 E0.207884
G1 X129.451267 Y168.517385 E0.207884
G1 X128.451618 Y168.545421 E0.207884
G1 X127.451583 Y168.548797 E0.207884
G1 X126.451768 Y168.527512 E0.207884
G1 X125.452782 Y168.481582 E0.207884
G1 X124.455232 Y168.411037 E0.207884
G1 X123.459723 Y168.315924 E0.207884
G1 X122.466862 Y168.196303 E0.207884
G1 X121.477251 Y168.052249 E0.207884
G1 X120.491489 Y167.883853 E0.207884
G1 X119.510176 Y167.691219 E0.207884
G1 X118.533907 Y167.474467 E0.207884
G1 X117.563274 Y167.233733 E0.207884
G1 X116.598864 Y166.969163 E0.207884
G1 X115.641263 Y166.680922 E0.207884
G1 X114.691051 Y166.369187 E0.207884
G1 X113.748802 Y166.034149 E0.207884
G1 X112.815088 Y165.676015 E0.207884
G1 X111.890472 Y165.295004 E0.207884
G1 X110.975516 Y164.89135 E0.207884
G1 X110.070771 Y164.465299 E0.207884
G1 X109.176785 Y164.017113 E0.207884
G1 X108.294097 Y163.547064 E0.207884
G1 X107.423242 Y163.055441 E0.207884
G1 X106.564745 Y162.542543 E0.207884
G1 X105.719123 Y162.008683 E0.207884
G1 X104.886888 Y161.454186 E0.207884
G1 X104.06854 Y160.87939 E0.207884
G1 X103.264575 Y160.284645 E0.207884
G1 X102.475475 Y159.670313 E0.207884
G1 X101.701717 Y159.036767 E0.207884
G1 X100.943765 Y158.384393 E0.207884
G1 X100.202078 Y157.713586 E0.207884
G1 X99.477099 Y157.024755 E0.207884
G1 X98.769267 Y156.318316 E0.207884
G1 X98.079006 Y155.594699 E0.207884
G1 X97.40673 Y154.854342 E0.207884
G1 X96.752845 Y154.097694 E0.207884
G1 X96.117741 Y153.325214 E0.207884
G1 X95.501801 Y152.537369 E0.207884
G1 X94.905393 Y151.734636 E0.207884
G1 X94.328875 Y150.917501 E0.207884
G1 X93.772593 Y150.086459 E0.207884
G1 X93.236879 Y149.24201 E0.207884
G1 X92.722054 Y148.384667 E0.207884
G1 X92.228426 Y147.514947 E0.207884
G1 X91.75629 Y146.633375 E0.207884
G1 X91.305927 Y145.740483 E0.207884
G1 X90.877607 Y144.836811 E0.207884
G1 X90.471585 Y143.922903 E0.207884
G1 X90.088102 Y142.99931 E0.207884
G1 X89.727387 Y142.06659 E0.207884
G1 X89.389655 Y141.125305 E0.207884
G1 X89.075105 Y140.17602 E0.207884
G1 X88.783925 Y139.219309 E0.207884
G1 X88.516287 Y138.255747 E0.207884
G1 X88.272348 Y137.285914 E0.207884
G1 X88.052254 Y136.310394 E0.207884
G1 X87.856134 Y135.329772 E0.207884
G1 X87.684102 Y134.344639 E0.207884
G1 X87.536259 Y133.355587 E0.207884
G1 X87.412692 Y132.36321 E0.207884
G1 X87.313472 Y131.368103 E0.207884
G1 X87.238655 Y130.370865 E0.207884
G1 X87.188284 Y129.372093 E0.207884
G1 X87.162387 Y128.372388 E0.207884
G1 X87.160976 Y127.372348 E0.207884
G1 X87.184049 Y126.372574 E0.207884
G1 X87.23159 Y125.373663 E0.207884
G1 X87.303567 Y124.376216 E0.207884
G1 X87.399936 Y123.380829 E0.207884
G1 X87.520634 Y122.388099 E0.207884
G1 X87.665588 Y121.398619 E0.207884
G1 X87.834707 Y120.412983 E0.207884
G1 X88.027889 Y119.431778 E0.207884
G1 X88.245014 Y118.455592 E0.207884
G1 X88.48595 Y117.485009 E0.207884
G1 X88.750551 Y116.520609 E0.207884
G1 X89.038654 Y115.562967 E0.207884
G1 X89.350087 Y114.612656 E0.207884
G1 X89.684659 Y113.670243 E0.207884
G1 X90.042168 Y112.73629 E0.207884
G1 X90.422399 Y111.811354 E0.207884
G1 X90.825121 Y110.895987 E0.207884
G1 X91.250091 Y109.990735 E0.207884
G1 X91.697054 Y109.096137 E0.207884
G1 X92.165739 Y108.212726 E0.207884
G1 X92.655865 Y107.341027 E0.207884
G1 X93.167137 Y106.481561 E0.207884
G1 X93.699247 Y105.634838 E0.207884
G1 X94.251877 Y104.801362 E0.207884
G1 X94.824693 Y103.981629 E0.207884
G1 X95.417352 Y103.176125 E0.207884
G1 X96.029499 Y102.38533 E0.207884
G1 X96.660767 Y101.609713 E0.207884
G1 X97.310778 Y100.849734 E0.207884
G1 X97.979141 Y100.105845 E0.207884
G1 X98.665458 Y99.378487 E0.207884
G1 X99.369318 Y98.66809 E0.207884
G1 X100.090299 Y97.975077 E0.207884
G1 X100.82797 Y97.299857 E0.207884
G1 X101.581892 Y96.642831 E0.207884
G1 X102.351613 Y96.004387 E0.207884
G1 X103.136674 Y95.384903 E0.207884
G1 X103.936606 Y94.784745 E0.207884
G1 X104.750932 Y94.204268 E0.207884
G1 X105.579167 Y93.643815 E0.207884
G1 X106.420817 Y93.103717 E0.207884
G1 X107.275381 Y92.584292 E0.207884
G1 X108.142348 Y92.085846 E0.207884
G1 X109.021204 Y91.608674 E0.207884
G1 X109.911425 Y91.153056 E0.207884
G1 X110.812481 Y90.71926 E0.207884
G1 X111.723837 Y90.307542 E0.207884
G1 X112.64495 Y89.918143 E0.207884
G1 X113.575273 Y89.551291 E0.207884
G1 X114.514253 Y89.207203 E0.207884
G1 X115.461333 Y88.886079 E0.207884
G1 X116.41595 Y88.588107 E0.207884
G1 X117.377537 Y88.313461 E0.207884
G1 X118.345525 Y88.062302 E0.207884
G1 X119.319338 Y87.834775 E0.207884
G1 X120.2984 Y87.631014 E0.207884
G1 X121.282129 Y87.451135 E0.207884
G1 X122.269944 Y87.295243 E0.207884
G1 X123.261259 Y87.163428 E0.207884
G1 X124.255487 Y87.055764 E0.207884
G1 X125.25204 Y86.972313 E0.207884
G1 X126.250327 Y86.913122 E0.207884
G1 X127.249758 Y86.878223 E0.207884
G1 X128.249742 Y86.867633 E0.207884
G1 X129.249688 Y86.881357 E0.207884
G1 X130.249005 Y86.919384 E0.207884
G1 X131.247103 Y86.981688 E0.207884
G1 X132.243391 Y87.068231 E0.207884
G1 X133.237282 Y87.178958 E0.207884
G1 X134.22819 Y87.313801 E0.207884
G1 X135.215529 Y87.472678 E0.207884
G1 X136.198717 Y87.655493 E0.207884
G1 X137.177175 Y87.862135 E0.207884
G1 X138.150325 Y88.09248 E0.207884
G1 X139.117595 Y88.346389 E0.207884
G1 X140.078414 Y88.623709 E0.207884
G1 X141.032217 Y88.924276 E0.207884
G1 X141.978442 Y89.247909 E0.207884
G1 X142.916533 Y89.594415 E0.207884
G1 X143.845937 Y89.963586 E0.207884
G1 X144.766109 Y90.355205 E0.207884
G1 X145.676506 Y90.769036 E0.207884
G1 X146.576595 Y91.204835 E0.207884
G1 X147.465846 Y91.662341 E0.207884
G1 X148.343738 Y92.141285 E0.207884
G1 X149.209754 Y92.64138 E0.207884
G1 X150.063388 Y93.162332 E0.207884
G1 X150.904137 Y93.70383 E0.207884
G1 X151.731509 Y94.265555 E0.207884
G1 X152.54502 Y94.847175 E0.207884
G1 X153.344191 Y95.448344 E0.207884
G1 X154.128556 Y96.068708 E0.207884
G1 X154.897656 Y96.7079 E0.207884
G1 X155.651039 Y97.365542 E0.207884
G1 X156.388265 Y98.041247 E0.207884
G1 X157.108904 Y98.734616 E0.207884
G1 X157.812534 Y99.445239 E0.207884
G1 X158.498743 Y100.172698 E0.207884
G1 X159.167132 Y100.916564 E0.207884
G1 X159.817309 Y101.676399 E0.207884
G1 X160.448896 Y102.451755 E0.207884
G1 X161.061525 Y103.242177 E0.207884
G1 X161.654837 Y104.047199 E0.207884
G1 X162.228488 Y104.866347 E0.207884
G1 X162.782143 Y105.699141 E0.207884
G1 X163.315481 Y106.545091 E0.207884
G1 X163.828191 Y107.403699 E0.207884
G1 X164.319975 Y108.274462 E0.207884
G1 X164.790547 Y109.156869 E0.207884
G1 X165.239635 Y110.050401 E0.207884
G1 X165.666977 Y110.954535 E0.207884
G1 X166.072326 Y111.868741 E0.207884
G1 X166.455448 Y112.792482 E0.207884
G1 X166.81612 Y113.725217 E0.207884
G1 X167.154135 Y114.6664 E0.207884
G1 X167.469296 Y115.61548 E0.207884
G1 X167.761423 Y116.571902 E0.207884
G1 X168.030347 Y117.535104 E0.207884
G1 X168.275914 Y118.504525 E0.207884
G1 X168.497982 Y119.479597 E0.207884
G1 X168.696424 Y120.45975 E0.207884
G1 X168.871128 Y121.444412 E0.207884
G1 X169.021994 Y122.433006 E0.207884
G1 X169.148936 Y123.424956 E0.207884
G1 X169.251882 Y124.419683 E0.207884
G1 X169.330776 Y125.416606 E0.207884
G1 X169.385574 Y126.415143 E0.207884
G1 X169.416247 Y127.414712 E0.207884
G1 X169.422779 Y128.414731 E0.207884
G1 X169.405169 Y129.414615 E0.207884
G1 X169.36343 Y130.413784 E0.207884
G1 X169.297588 Y131.411654 E0.207884
G1 X169.207686 Y132.407644 E0.207884
G1 X169.093778 Y133.401175 E0.207884
G1 X168.955932 Y134.391669 E0.207884
G1 X168.794232 Y135.378549 E0.207884
G1 X168.608774 Y136.361242 E0.207884
G1 X168.399668 Y137.339175 E0.207884
G1 X168.16704 Y138.311782 E0.207884
G1 X167.911026 Y139.278496 E0.207884
G1 X167.631778 Y140.238756 E0.207884
G1 X167.329461 Y141.192005 E0.207884
G1 X167.004253 Y142.137689 E0.207884
G1 X166.656346 Y143.075261 E0.207884
G1 X166.285944 Y144.004175 E0.207884
G1 X165.893264 Y144.923893 E0.207884
G1 X165.478538 Y145.833883 E0.207884
G1 X165.042008 Y146.733616 E0.207884
G1 X164.583929 Y147.622573 E0.207884
G1 X164.104571 Y148.500237 E0.207884
G1 X163.604214 Y149.366101 E0.207884
G1 X163.083149 Y150.219665 E0.207884
G1 X162.541682 Y151.060434 E0.207884
G1 X161.980128 Y151.887922 E0.207884
G1 X161.398816 Y152.701651 E0.207884
G1 X160.798084 Y153.501151 E0.207884
G1 X160.178282 Y154.285959 E0.207884
G1 X159.539772 Y155.055624 E0.207884
G1 X158.882926 Y155.809701 E0.207884
G1 X158.208125 Y156.547754 E0.207884
G1 X157.515763 Y157.269359 E0.207884
G1 X156.806241 Y157.974099 E0.207884
G1 X156.079974 Y158.661568 E0.207884
G1 X155.337381 Y159.331371 E0.207884
G1 X154.578896 Y159.983121 E0.207884
G1 X153.804958 Y160.616445 E0.207884
G1 X153.016016 Y161.230976 E0.207884
G1 X152.212528 Y161.826363 E0.207884
G1 X151.39496 Y162.402264 E0.207884
G1 X150.563786 Y162.958347 E0.207884
G1 X149.719487 Y163.494293 E0.207884
G1 X148.862553 Y164.009796 E0.207884
G1 X147.99348 Y164.504559 E0.207884
G1 X147.11277 Y164.978299 E0.207884
G1 X146.220934 Y165.430745 E0.207884
G1 X145.318488 Y165.861638 E0.207884
G1 X144.405952 Y166.270731 E0.207884
G1 X143.483856 Y166.657792 E0.207884
G1 X142.55273 Y167.022599 E0.207884
G1 X141.613114 Y167.364945 E0.207884
G1 X140.66555 Y167.684633 E0.207884
G1 X139.710585 Y167.981483 E0.207884
G1 X138.74877 Y168.255326 E0.207884
G1 X137.780659 Y168.506007 E0.207884
G1 X136.806812 Y168.733383 E0.207884
G1 X135.827789 Y168.937326 E0.207884
G1 X134.844155 Y169.117721 E0.207884
G1 X133.856477 Y169.274468 E0.207884
G1 X132.865322 Y169.407477 E0.207884
G1 X131.871263 Y169.516676 E0.207884
G1 X130.874871 Y169.602004 E0.207884
G1 X129.876719 Y169.663414 E0.207884
G1 X128.877382 Y169.700874 E0.207884
G1 X127.877433 Y169.714364 E0.207884
G1 X126.877449 Y169.70388 E0.207884
G1 X125.878004 Y169.66943 E0.207884
G1 X124.879671 Y169.611036 E0.207884
G1 X123.883024 Y169.528735 E0.207884
G1 X122.888636 Y169.422576 E0.207884
G1 X121.897076 Y169.292623 E0.207884
G1 X120.908914 Y169.138953 E0.207884
G1 X119.924717 Y168.961656 E0.207884
G1 X118.945049 Y168.760837 E0.207884
G1 X117.970471 Y168.536614 E0.207884
G1 X117.001542 Y168.289117 E0.207884
G1 X116.038817 Y168.018492 E0.207884
G1 X115.082846 Y167.724895 E0.207884
G1 X114.134179 Y167.408497 E0.207884
G1 X113.193356 Y167.069483 E0.207884
G1 X112.260917 Y166.708048 E0.207884
G1 X111.337394 Y166.324402 E0.207884
G1 X110.423316 Y165.918768 E0.207884
G1 X109.519205 Y165.491379 E0.207884
G1 X108.625577 Y165.042484 E0.207884
G1 X107.742943 Y164.57234 E0.207884
G1 X106.871807 Y164.081219 E0.207884
G1 X106.012665 Y163.569405 E0.207884
G1 X105.166009 Y163.037192 E0.207884
G1 X104.33232 Y162.484887 E0.207884
G1 X103.512074 Y161.912808 E0.207884
G1 X102.705739 Y161.321283 E0.207884
G1 X101.913773 Y160.710654 E0.207884
G1 X101.136628 Y160.08127 E0.207884
G1 X100.374747 Y159.433494 E0.207884
G1 X99.628561 Y158.767697 E0.207884
G1 X98.898497 Y158.084261 E0.207884
G1 X98.184969 Y157.383579 E0.207884
G1 X97.488383 Y156.666052 E0.207884
G1 X96.809134 Y155.932091 E0.207884
G1 X96.147608 Y155.182117 E0.207884
G1 X95.50418 Y154.41656 E0.207884
G1 X94.879216 Y153.635856 E0.207884
G1 X94.27307 Y152.840454 E0.207884
G1 X93.686085 Y152.030808 E0.207884
G1 X93.118594 Y151.207382 E0.207884
G1 X92.570918 Y150.370645 E0.207884
G1 X92.043368 Y149.521075 E0.207884
G1 X91.53624 Y148.659159 E0.207884
G1 X91.049823 Y147.785388 E0.207884
G1 X90.584391 Y146.900261 E0.207884
G1 X90.140206 Y146.004283 E0.207884
G1 X89.717519 Y145.097964 E0.207884
G1 X89.316568 Y144.181822 E0.207884
G1 X88.937579 Y143.256379 E0.207884
G1 X88.580766 Y142.322162 E0.207884
G1 X88.246328 Y141.379703 E0.207884
G1 X87.934454 Y140.429539 E0.207884
G1 X87.645318 Y139.47221 E0.207884
G1 X87.379083 Y138.508262 E0.207884
G1 X87.135897 Y137.538243 E0.207884
G1 X86.915895 Y136.562703 E0.207884
G1 X86.719201 Y135.582199 E0.207884
G1 X86.545924 Y134.597287 E0.207884
G1 X86.396159 Y133.608526 E0.207884
G1 X86.269989 Y132.616478 E0.207884
G1 X86.167483 Y131.621707 E0.207884
G1 X86.088697 Y130.624777 E0.207884
G1 X86.033673 Y129.626253 E0.207884
G1 X86.00244 Y128.626702 E0.207884
G1 X85.995012 Y127.626691 E0.207884
G1 X86.011393 Y126.626787 E0.207884
G1 X86.051568 Y125.627556 E0.207884
G1 X86.115515 Y124.629564 E0.207884
G1 X86.203193 Y123.633376 E0.207884
G1 X86.314551 Y122.639557 E0.207884
G1 X86.449523 Y121.648669 E0.207884
G1 X86.608031 Y120.661272 E0.207884
G1 X86.789981 Y119.677925 E0.207884
G1 X86.995269 Y118.699184 E0.207884
G1 X87.223776 Y117.725602 E0.207884
G1 X87.475371 Y116.75773 E0.207884
G1 X87.749908 Y115.796113 E0.207884
G1 X88.047231 Y114.841296 E0.207884
G1 X88.367168 Y113.893816 E0.207884
G1 X88.709537 Y112.95421 E0.207884
G1 X89.074141 Y112.023006 E0.207884
G1 X89.460773 Y111.10073 E0.207884
G1 X89.869211 Y110.187902 E0.207884
G1 X90.299223 Y109.285036 E0.207884
G1 X90.750564 Y108.392641 E0.207884
G1 X91.222977 Y107.51122 E0.207884
G1 X91.716193 Y106.641269 E0.207884
G1 X92.229931 Y105.783277 E0.207884
G1 X92.7639 Y104.937728 E0.207884
G1 X93.317797 Y104.105096 E0.207884
G1 X93.891306 Y103.285851 E0.207884
G1 X94.484103 Y102.480451 E0.207884
G1 X95.095852 Y101.68935 E0.207884
G1 X95.726206 Y100.912993 E0.207884
G1 X96.374807 Y100.151814 E0.207884
G1 X97.041289 Y99.406241 E0.207884
G1 X97.725274 Y98.676693 E0.207884
G1 X98.426376 Y97.963578 E0.207884
G1 X99.144198 Y97.267296 E0.207884
G1 X99.878334 Y96.588237 E0.207884
G1 X100.628369 Y95.926782 E0.207884
G1 X101.393881 Y95.2833 E0.207884
G1 X102.174436 Y94.658152 E0.207884
G1 X102.969595 Y94.051688 E0.207884
G1 X103.778908 Y93.464245 E0.207884
G1 X104.60192 Y92.896154 E0.207884
G1 X105.438167 Y92.34773 E0.207884
G1 X106.287176 Y91.81928 E0.207884
G1 X107.148471 Y91.311099 E0.207884
G1 X108.021565 Y90.823469 E0.207884
G1 X108.905968 Y90.356664 E0.207884
G1 X109.801182 Y89.910941 E0.207884
G1 X110.706704 Y89.486551 E0.207884
G1 X111.622023 Y89.083727 E0.207884
G1 X112.546626 Y88.702695 E0.207884
G1 X113.479993 Y88.343665 E0.207884
G1 X114.4216 Y88.006837 E0.207884
G1 X115.370918 Y87.692398 E0.207884
G1 X116.327413 Y87.40052 E0.207884
G1 X117.29055 Y87.131366 E0.207884
G1 X118.259787 Y86.885083 E0.207884
G1 X119.234582 Y86.661808 E0.207884
G1 X120.214387 Y86.461663 E0.207884
G1 X121.198654 Y86.284758 E0.207884
G1 X122.18683 Y86.131189 E0.207884
G1 X123.178363 Y86.00104 E0.207884
G1 X124.172697 Y85.894382 E0.207884
G1 X125.169276 Y85.811271 E0.207884
G1 X126.167541 Y85.751752 E0.207884
G1 X127.166935 Y85.715855 E0.207884
G1 X128.166898 Y85.703598 E0.207884
G1 X129.166871 Y85.714986 E0.207884
G1 X130.166296 Y85.75001 E0.207884
G1 X131.164613 Y85.808647 E0.207884
G1 X132.161266 Y85.890863 E0.207884
G1 X133.155697 Y85.996609 E0.207884
G1 X134.147352 Y86.125823 E0.207884
G1 X135.135678 Y86.278431 E0.207884
G1 X136.120122 Y86.454346 E0.207884
G1 X137.100135 Y86.653467 E0.207884
G1 X138.075172 Y86.87568 E0.207884
G1 X139.044689 Y87.120859 E0.207884
G1 X140.008146 Y87.388865 E0.207884
G1 X140.965006 Y87.679546 E0.207884
G1 X141.914736 Y87.992738 E0.207884
G1 X142.856807 Y88.328263 E0.207884
G1 X143.790696 Y88.685933 E0.207884
G1 X144.715883 Y89.065545 E0.207884
G1 X145.631853 Y89.466887 E0.207884
G1 X146.538097 Y89.889732 E0.207884
G1 X147.434111 Y90.333842 E0.207884
G1 X148.319398 Y90.798969 E0.207884
G1 X149.193466 Y91.284851 E0.207884
G1 X150.055829 Y91.791215 E0.207884
G1 X150.90601 Y92.317778 E0.207884
G1 X151.743536 Y92.864245 E0.207884
G1 X152.567943 Y93.43031 E0.207884
G1 X153.378773 Y94.015655 E0.207884
G1 X154.175578 Y94.619954 E0.207884
G1 X154.957917 Y95.242869 E0.207884
G1 X155.725354 Y95.884052 E0.207884
G1 X156.477467 Y96.543144 E0.207884
G1 X157.213838 Y97.219777 E0.207884
G1 X157.934061 Y97.913575 E0.207884
G1 X158.637737 Y98.624149 E0.207884
G1 X159.324477 Y99.351104 E0.207884
G1 X159.993901 Y100.094035 E0.207884
G1 X160.645641 Y100.852528 E0.207884
G1 X161.279336 Y101.62616 E0.207884
G1 X161.894637 Y102.4145 E0.207884
G1 X162.491203 Y103.217111 E0.207884
G1 X163.068708 Y104.033544 E0.207884
G1 X163.626831 Y104.863348 E0.207884
G1 X164.165267 Y105.706059 E0.207884
G1 X164.683718 Y106.561211 E0.207884
G1 X165.1819 Y107.428327 E0.207884
G1 X165.659538 Y108.306927 E0.207884
G1 X166.11637 Y109.196522 E0.207884
G1 X166.552146 Y110.096619 E0.207884
G1 X166.966626 Y111.006719 E0.207884
G1 X167.359583 Y111.926317 E0.207884
G1 X167.730802 Y112.854903 E0.207884
G1 X168.080079 Y113.791962 E0.207884
G1 X168.407225 Y114.736976 E0.207884
G1 X168.71206 Y115.689421 E0.207884
G1 X168.994417 Y116.648769 E0.207884
G1 X169.254144 Y117.61449 E0.207884
G1 X169.491099 Y118.58605 E0.207884
G1 X169.705153 Y119.56291 E0.207884
G1 X169.896191 Y120.544531 E0.207884
G1 X170.064109 Y121.53037 E0.207884
G1 X170.208817 Y122.519883 E0.207884
G1 X170.330237 Y123.512522 E0.207884
G1 X170.428305 Y124.507739 E0.207884
G1 X170.502969 Y125.504986 E0.207884
G1 X170.554191 Y126.50371 E0.207884
G1 X170.581943 Y127.503363 E0.207884
G1 X170.586215 Y128.503391 E0.207884
G1 X170.567004 Y129.503244 E0.207884
G1 X170.524326 Y130.502371 E0.207884
G1 X170.458205 Y131.50022 E0.207884
G1 X170.36868 Y132.496242 E0.207884
G1 X170.255803 Y133.489889 E0.207884
G1 X170.119638 Y134.480613 E0.207884
G1 X169.960264 Y135.467869 E0.207884
G1 X169.777769 Y136.451114 E0.207884
G1 X169.572258 Y137.429807 E0.207884
G1 X169.343844 Y138.40341 E0.207884
G1 X169.092657 Y139.371387 E0.207884
G1 X168.818837 Y140.333207 E0.207884
G1 X168.522537 Y141.288341 E0.207884
G1 X168.203921 Y142.236265 E0.207884
G1 X167.863168 Y143.176458 E0.207884
G1 X167.500467 Y144.108403 E0.207884
G1 X167.11602 Y145.031591 E0.207884
G1 X166.71004 Y145.945514 E0.207884
G1 X166.282752 Y146.849671 E0.207884
G1 X165.834393 Y147.743566 E0.207884
G1 X165.365212 Y148.62671 E0.207884
G1 X164.875468 Y149.49862 E0.207884
G1 X164.365432 Y150.358816 E0.207884
G1 X163.835386 Y151.206829 E0.207884
G1 X163.285624 Y152.042195 E0.207884
G1 X162.716448 Y152.864456 E0.207884
G1 X162.128172 Y153.673163 E0.207884
G1 X161.521122 Y154.467874 E0.207884
G1 X160.895632 Y155.248154 E0.207884
G1 X160.252047 Y156.013577 E0.207884
G1 X159.590721 Y156.763725 E0.207884
G1 X158.912019 Y157.49819 E0.207884
G1 X158.216313 Y158.216569 E0.207884
G1 X157.503988 Y158.918471 E0.207884
G1 X156.775434 Y159.603514 E0.207884
G1 X156.031052 Y160.271324 E0.207884
G1 X155.271251 Y160.921537 E0.207884
G1 X154.496449 Y161.5538 E0.207884
G1 X153.707071 Y162.167767 E0.207884
G1 X152.903549 Y162.763106 E0.207884
G1 X152.086327 Y163.339493 E0.207884
G1 X151.25585 Y163.896613 E0.207884
G1 X150.412575 Y164.434165 E0.207884
G1 X149.556965 Y164.951857 E0.207884
G1 X148.689487 Y165.449408 E0.207884
G1 X147.810617 Y165.926547 E0.207884
G1 X146.920836 Y166.383017 E0.207884
G1 X146.020632 Y166.818571 E0.207884
G1 X145.110497 Y167.232971 E0.207884
G1 X144.190928 Y167.625995 E0.207884
G1 X143.262429 Y167.997431 E0.207884
G1 X142.325507 Y168.347076 E0.207884
G1 X141.380675 Y168.674744 E0.207884
G1 X140.428448 Y168.980257 E0.207884
G1 X139.469347 Y169.263451 E0.207884
G1 X138.503895 Y169.524174 E0.207884
G1 X137.532619 Y169.762286 E0.207884
G1 X136.556049 Y169.97766 E0.207884
G1 X135.574718 Y170.17018 E0.207884
G1 X134.589161 Y170.339744 E0.207884
G1 X133.599916 Y170.486262 E0.207884
G1 X132.607521 Y170.609656 E0.207884
G1 X131.612517 Y170.709862 E0.207884
G1 X130.615446 Y170.786827 E0.207884
G1 X129.616851 Y170.840511 E0.207884
G1 X128.617275 Y170.870889 E0.207884
G1 X127.617263 Y170.877945 E0.207884
G1 X126.617358 Y170.861679 E0.207884
G1 X125.618105 Y170.822101 E0.207884
G1 X124.620046 Y170.759235 E0.207884
G1 X123.623723 Y170.673118 E0.207884
G1 X122.629679 Y170.563799 E0.207884
G1 X121.638454 Y170.43134 E0.207884
G1 X120.650584 Y170.275815 E0.207884
G1 X119.666608 Y170.09731 E0.207884
G1 X118.687058 Y169.895926 E0.207884
G1 X117.712466 Y169.671773 E0.207884
G1 X116.74336 Y169.424976 E0.207884
G1 X115.780267 Y169.15567 E0.207884
G1 X114.823708 Y168.864005 E0.207884
G1 X113.874201 Y168.550141 E0.207884
G1 X112.932261 Y168.21425 E0.207884
G1 X111.998398 Y167.856517 E0.207884
G1 X111.073117 Y167.477137 E0.207884
G1 X110.156919 Y167.076319 E0.207884
G1 X109.250299 Y166.654282 E0.207884
G1 X108.353749 Y166.211257 E0.207884
G1 X107.467752 Y165.747485 E0.207884
G1 X106.592788 Y165.263221 E0.207884
G1 X105.72933 Y164.758729 E0.207884
G1 X104.877842 Y164.234283 E0.207884
G1 X104.038787 Y163.69017 E0.207884
G1 X103.212615 Y163.126686 E0.207884
G1 X102.399774 Y162.544138 E0.207884
G1 X101.600701 Y161.942843 E0.207884
G1 X100.815827 Y161.323127 E0.207884
G1 X100.045575 Y160.685329 E0.207884
G1 X99.290361 Y160.029795 E0.207883
G1 X98.550591 Y159.356881 E0.207883
G1 X97.826663 Y158.666952 E0.207883
G1 X97.118967 Y157.960383 E0.207883
G1 X96.427883 Y157.237557 E0.207883
G1 X95.753784 Y156.498866 E0.207883
G1 X95.097032 Y155.744711 E0.207883
G1 X94.457978 Y154.975501 E0.207883
G1 X93.836968 Y154.191652 E0.207883
G1 X93.234333 Y153.393589 E0.207883
G1 X92.650398 Y152.581743 E0.207883
G1 X92.085475 Y151.756555 E0.207883
G1 X91.539868 Y150.91847 E0.207883
G1 X91.013868 Y150.067942 E0.207883
G1 X90.507757 Y149.205431 E0.207883
G1 X90.021806 Y148.331403 E0.207883
G1 X89.556276 Y147.44633 E0.207883
G1 X89.111414 Y146.55069 E0.207883
G1 X88.687459 Y145.644966 E0.207883
G1 X88.284636 Y144.729648 E0.207883
G1 X87.903161 Y143.805229 E0.207883
G1 X87.543236 Y142.872208 E0.207883
G1 X87.205054 Y141.931089 E0.207883
G1 X86.888794 Y140.982378 E0.207883
G1 X86.594624 Y140.026586 E0.207883
G1 X86.322701 Y139.064229 E0.207883
G1 X86.073167 Y138.095825 E0.207883
G1 X85.846156 Y137.121895 E0.207883
G1 X85.641787 Y136.142964 E0.207883
G1 X85.460168 Y135.159558 E0.207883
G1 X85.301394 Y134.172206 E0.207883
G1 X85.165548 Y133.181439 E0.207883
G1 X85.0527 Y132.18779 E0.207883
G1 X84.96291 Y131.191792 E0.207883
G1 X84.896222 Y130.193982 E0.207883
G1 X84.852671 Y129.194894 E0.207883
G1 X84.832278 Y128.195065 E0.207883
G1 X84.835051 Y127.195033 E0.207883
G1 X84.860986 Y126.195333 E0.207883
G1 X84.910068 Y125.196501 E0.207883
G1 X84.982267 Y124.199074 E0.207883
G1 X85.077542 Y123.203587 E0.207883
G1 X85.195841 Y122.210572 E0.207883
G1 X85.337098 Y121.220562 E0.207883
G1 X85.501234 Y120.234087 E0.207883
G1 X85.688159 Y119.251676 E0.207883
G1 X85.897771 Y118.273854 E0.207883
G1 X86.129956 Y117.301145 E0.207883
G1 X86.384586 Y116.334069 E0.207883
G1 X86.661523 Y115.373143 E0.207883
G1 X86.960617 Y114.418881 E0.207883
G1 X87.281706 Y113.471793 E0.207883
G1 X87.624615 Y112.532386 E0.207883
G1 X87.989159 Y111.601161 E0.207883
G1 X88.375141 Y110.678615 E0.207883
G1 X88.782352 Y109.765241 E0.207883
G1 X89.210572 Y108.861526 E0.207883
G1 X89.659571 Y107.967953 E0.207883
G1 X90.129106 Y107.084998 E0.207883
G1 X90.618924 Y106.213131 E0.207883
G1 X91.128762 Y105.352818 E0.207883
G1 X91.658345 Y104.504518 E0.207883
G1 X92.207389 Y103.668681 E0.207883
G1 X92.775599 Y102.845752 E0.207883
G1 X93.362668 Y102.036171 E0.207883
G1 X93.968283 Y101.240368 E0.207883
G1 X94.592118 Y100.458765 E0.207883
G1 X95.233838 Y99.691779 E0.207883
G1 X95.8931 Y98.939817 E0.207883
G1 X96.56955 Y98.203279 E0.207883
G1 X97.262825 Y97.482556 E0.207883
G1 X97.972555 Y96.77803 E0.207883
G1 X98.698359 Y96.090076 E0.207883
G1 X99.43985 Y95.419059 E0.207883
G1 X100.19663 Y94.765333 E0.207883
G1 X100.968295 Y94.129247 E0.207883
G1 X101.754432 Y93.511137 E0.207883
G1 X102.554622 Y92.91133 E0.207883
G1 X103.368437 Y92.330143 E0.207883
G1 X104.195443 Y91.767885 E0.207883
G1 X105.035197 Y91.224852 E0.207883
G1 X105.887253 Y90.701332 E0.207883
G1 X106.751156 Y90.197601 E0.207883
G1 X107.626444 Y89.713926 E0.207883
G1 X108.512653 Y89.25056 E0.207883
G1 X109.409308 Y88.80775 E0.207883
G1 X110.315933 Y88.385727 E0.207883
G1 X111.232045 Y87.984715 E0.207883
G1 X112.157157 Y87.604923 E0.207883
G1 X113.090775 Y87.246553 E0.207883
G1 X114.032404 Y86.909792 E0.207883
G1 X114.981542 Y86.594816 E0.207883
G1 X115.937684 Y86.301792 E0.207883
G1 X116.900324 Y86.030872 E0.207883
G1 X117.868948 Y85.782197 E0.207883
G1 X118.843043 Y85.555898 E0.207883
G1 X119.822091 Y85.352093 E0.207883
G1 X120.805573 Y85.170887 E0.207883
G1 X121.792967 Y85.012374 E0.207883
G1 X122.783748 Y84.876637 E0.207883
G1 X123.777392 Y84.763744 E0.207883
G1 X124.77337 Y84.673753 E0.207883
G1 X125.771157 Y84.60671 E0.207883
G1 X126.770222 Y84.562648 E0.207883
G1 X127.770036 Y84.541589 E0.207883
G1 X128.77007 Y84.54354 E0.207883
G1 X129.769795 Y84.568499 E0.207883
G1 X130.76868 Y84.61645 E0.207883
G1 X131.766199 Y84.687366 E0.207883
G1 X132.761822 Y84.781207 E0.207883
G1 X133.755024 Y84.89792 E0.207883
G1 X134.745279 Y85.037443 E0.207883
G1 X135.732065 Y85.199698 E0.207883
G1 X136.714859 Y85.384599 E0.207883
G1 X137.693142 Y85.592044 E0.207883
G1 X138.666398 Y85.821923 E0.207883
G1 X139.634114 Y86.074111 E0.207883
G1 X140.595778 Y86.348473 E0.207883
G1 X141.550883 Y86.644862 E0.207883
G1 X142.498925 Y86.96312 E0.207883
G1 X143.439405 Y87.303075 E0.207883
G1 X144.371826 Y87.664547 E0.207883
G1 X145.295698 Y88.047343 E0.207883
G1 X146.210534 Y88.451259 E0.207883
G1 X147.115851 Y88.876078 E0.207883
G1 X148.011174 Y89.321576 E0.207883
G1 X148.896031 Y89.787516 E0.207883
G1 X149.769957 Y90.273649 E0.207883
G1 X150.632492 Y90.779717 E0.207883
G1 X151.483183 Y91.305453 E0.207883
G1 X152.321581 Y91.850576 E0.207883
G1 X153.147248 Y92.414798 E0.207883
G1 X153.959749 Y92.997819 E0.207883
G1 X154.758658 Y93.599331 E0.207883
G1 X155.543555 Y94.219015 E0.207883
G1 X156.314028 Y94.856544 E0.207883
G1 X157.069673 Y95.511579 E0.207883
G1 X157.810095 Y96.183775 E0.207883
G1 X158.534905 Y96.872777 E0.207883
G1 X159.243723 Y97.578219 E0.207883
G1 X159.936178 Y98.29973 E0.207883
G1 X160.611907 Y99.036928 E0.207883
G1 X161.270558 Y99.789425 E0.207883
G1 X161.911784 Y100.556823 E0.207883
G1 X162.535252 Y101.338717 E0.207883
G1 X163.140635 Y102.134697 E0.207883
G1 X163.727617 Y102.944341 E0.207883
G1 X164.295892 Y103.767223 E0.207883
G1 X164.845162 Y104.602911 E0.207883
G1 X165.375142 Y105.450963 E0.207883
G1 X165.885555 Y106.310934 E0.207883
G1 X166.376134 Y107.182372 E0.207883
G1 X166.846626 Y108.064817 E0.207883
G1 X167.296784 Y108.957806 E0.207883
G1 X167.726375 Y109.860869 E0.207883
G1 X168.135175 Y110.773532 E0.207883
G1 X168.522972 Y111.695315 E0.207883
G1 X168.889565 Y112.625735 E0.207883
G1 X169.234763 Y113.564303 E0.207883
G1 X169.558389 Y114.510526 E0.207883
G1 X169.860274 Y115.463908 E0.207883
G1 X170.140262 Y116.423948 E0.207883
G1 X170.398209 Y117.390144 E0.207883
G1 X170.633982 Y118.361989 E0.207883
G1 X170.84746 Y119.338974 E0.207883
G1 X171.038534 Y120.320586 E0.207883
G1 X171.207104 Y121.306311 E0.207883
G1 X171.353086 Y122.295635 E0.207883
G1 X171.476405 Y123.288038 E0.207883
G1 X171.576999 Y124.283001 E0.207883
G1 X171.654817 Y125.280004 E0.207883
G1 X171.709821 Y126.278526 E0.207883
G1 X171.741985 Y127.278044 E0.207883
G1 X171.751294 Y128.278037 E0.207883
G1 X171.737745 Y129.27798 E0.207883
G1 X171.701347 Y130.277353 E0.207883
G1 X171.642122 Y131.275634 E0.207883
G1 X171.560103 Y132.2723 E0.207883
G1 X171.455335 Y133.266833 E0.207883
G1 X171.327875 Y134.258712 E0.207883
G1 X171.177791 Y135.247421 E0.207883
G1 X171.005164 Y136.232445 E0.207883
G1 X170.810086 Y137.213269 E0.207883
G1 X170.592662 Y138.189382 E0.207883
G1 X170.353006 Y139.160277 E0.207883
G1 X170.091245 Y140.125446 E0.207883
G1 X169.807519 Y141.084389 E0.207883
G1 X169.501978 Y142.036605 E0.207883
G1 X169.174782 Y142.981599 E0.207883
G1 X168.826104 Y143.918879 E0.207883
G1 X168.456128 Y144.847959 E0.207883
G1 X168.065049 Y145.768354 E0.207883
G1 X167.653072 Y146.679588 E0.207883
G1 X167.220413 Y147.581185 E0.207883
G1 X166.767301 Y148.472678 E0.207883
G1 X166.293972 Y149.353604 E0.207883
G1 X165.800675 Y150.223506 E0.207883
G1 X165.287668 Y151.081931 E0.207883
G1 X164.75522 Y151.928436 E0.207883
G1 X164.20361 Y152.762581 E0.207883
G1 X163.633127 Y153.583933 E0.207883
G1 X163.044068 Y154.392067 E0.207883
G1 X162.436741 Y155.186564 E0.207883
G1 X161.811465 Y155.967012 E0.207883
G1 X161.168565 Y156.733008 E0.207883
G1 X160.508377 Y157.484156 E0.207883
G1 X159.831245 Y158.220066 E0.207883
G1 X159.137523 Y158.940358 E0.207883
G1 X158.427572 Y159.644659 E0.207883
G1 X157.701763 Y160.332606 E0.207883
G1 X156.960472 Y161.003844 E0.207883
G1 X156.204088 Y161.658025 E0.207883
G1 X155.433002 Y162.294812 E0.207883
G1 X154.647617 Y162.913876 E0.207883
G1 X153.848341 Y163.514899 E0.207883
G1 X153.035589 Y164.09757 E0.207883
G1 X152.209785 Y164.661589 E0.207883
G1 X151.371357 Y165.206666 E0.207883
G1 X150.520741 Y165.732521 E0.207883
G1 X149.658378 Y166.238882 E0.207883
G1 X148.784717 Y166.725489 E0.207883
G1 X147.900211 Y167.192092 E0.207883
G1 X147.005318 Y167.638452 E0.207883
G1 X146.100503 Y168.06434 E0.207883
G1 X145.186235 Y168.469537 E0.207883
G1 X144.262988 Y168.853835 E0.207883
G1 X143.33124 Y169.217038 E0.207883
G1 X142.391474 Y169.55896 E0.207883
G1 X141.444177 Y169.879426 E0.207883
G1 X140.489839 Y170.178272 E0.207883
G1 X139.528954 Y170.455347 E0.207883
G1 X138.562019 Y170.710509 E0.207883
G1 X137.589534 Y170.943628 E0.207883
G1 X136.612003 Y171.154585 E0.207883
G1 X135.629931 Y171.343276 E0.207883
G1 X134.643824 Y171.509602 E0.207883
G1 X133.654194 Y171.653482 E0.207883
G1 X132.66155 Y171.774844 E0.207883
G1 X131.666405 Y171.873625 E0.207883
G1 X130.669274 Y171.949778 E0.207883
G1 X129.67067 Y172.003266 E0.207883
G1 X128.671109 Y172.034063 E0.207883
G1 X127.671107 Y172.042155 E0.207883
G1 X126.671179 Y172.027541 E0.207883
G1 X125.67184 Y171.99023 E0.207883
G1 X124.673606 Y171.930244 E0.207883
G1 X123.67699 Y171.847615 E0.207883
G1 X122.682506 Y171.742388 E0.207883
G1 X121.690667 Y171.61462 E0.207883
G1 X120.701982 Y171.464379 E0.207883
G1 X119.716961 Y171.291744 E0.207883
G1 X118.736109 Y171.096806 E0.207883
G1 X117.759933 Y170.879668 E0.207883
G1 X116.788932 Y170.640443 E0.207883
G1 X115.823607 Y170.379257 E0.207883
G1 X114.864454 Y170.096246 E0.207883
G1 X113.911965 Y169.791558 E0.207883
G1 X112.96663 Y169.465351 E0.207883
G1 X112.028933 Y169.117796 E0.207883
G1 X111.099356 Y168.749072 E0.207883
G1 X110.178377 Y168.359372 E0.207883
G1 X109.266466 Y167.948897 E0.207883
G1 X108.364093 Y167.517861 E0.207883
G1 X107.471719 Y167.066487 E0.207883
G1 X106.589802 Y166.595009 E0.207883
G1 X105.718793 Y166.10367 E0.207883
G1 X104.859139 Y165.592724 E0.207883
G1 X104.01128 Y165.062437 E0.207883
G1 X103.17565 Y164.513081 E0.207883
G1 X102.352676 Y163.94494 E0.207883
G1 X101.542779 Y163.358308 E0.207883
G1 X100.746374 Y162.753487 E0.207883
G1 X99.963867 Y162.130789 E0.207883
G1 X99.195658 Y161.490535 E0.207883
G1 X98.44214 Y160.833055 E0.207883
G1 X97.703697 Y160.158687 E0.207883
G1 X96.980707 Y159.467779 E0.207883
G1 X96.273537 Y158.760685 E0.207883
G1 X95.58255 Y158.03777 E0.207883
G1 X94.908096 Y157.299405 E0.207883
G1 X94.250521 Y156.54597 E0.207883
G1 X93.610158 Y155.777852 E0.207883
G1 X92.987334 Y154.995446 E0.207883
G1 X92.382367 Y154.199152 E0.207883
G1 X91.795563 Y153.38938 E0.207883
G1 X91.227221 Y152.566545 E0.207883
G1 X90.67763 Y151.731069 E0.207883
G1 X90.147069 Y150.883381 E0.207883
G1 X89.635809 Y150.023915 E0.207883
G1 X89.144107 Y149.153111 E0.207883
G1 X88.672214 Y148.271416 E0.207883
G1 X88.220369 Y147.379281 E0.207883
G1 X87.7888 Y146.477162 E0.207883
G1 X87.377726 Y145.565522 E0.207883
G1 X86.987356 Y144.644826 E0.207883
G1 X86.617886 Y143.715546 E0.207883
G1 X86.269503 Y142.778157 E0.207883
G1 X85.942383 Y141.833137 E0.207883
G1 X85.636691 Y140.88097 E0.207883
G1 X85.352581 Y139.922142 E0.207883
G1 X85.090195 Y138.957143 E0.207883
G1 X84.849665 Y137.986466 E0.207883
G1 X84.631112 Y137.010605 E0.207883
G1 X84.434645 Y136.030059 E0.207883
G1 X84.260363 Y135.045328 E0.207883
G1 X84.108351 Y134.056914 E0.207883
G1 X83.978686 Y133.065322 E0.207883
G1 X83.871431 Y132.071055 E0.207883
G1 X83.786639 Y131.074622 E0.207883
G1 X83.72435 Y130.076529 E0.207883
G1 X83.684595 Y129.077285 E0.207883
G1 X83.667391 Y128.077398 E0.207883
G1 X83.672745 Y127.077378 E0.207883
G1 X83.700653 Y126.077732 E0.207883
G1 X83.751097 Y125.078971 E0.207883
G1 X83.824051 Y124.081601 E0.207883
G1 X83.919474 Y123.086129 E0.207883
G1 X84.037317 Y122.093062 E0.207883
G1 X84.177517 Y121.102904 E0.207883
G1 X84.340001 Y120.116158 E0.207883
G1 X84.524685 Y119.133324 E0.207883
G1 X84.731471 Y118.154903 E0.207883
G1 X84.960254 Y117.18139 E0.207883
G1 X85.210915 Y116.213279 E0.207883
G1 X85.483325 Y115.251062 E0.207883
G1 X85.777343 Y114.295226 E0.207883
G1 X86.092818 Y113.346256 E0.207883
G1 X86.429588 Y112.404632 E0.207883
G1 X86.78748 Y111.470832 E0.207883
G1 X87.16631 Y110.545329 E0.207883
G1 X87.565886 Y109.628591 E0.207883
G1 X87.986001 Y108.721082 E0.207883
G1 X88.426441 Y107.823261 E0.207883
G1 X88.886981 Y106.935584 E0.207883
G1 X89.367386 Y106.058497 E0.207883
G1 X89.86741 Y105.192446 E0.207883
G1 X90.386798 Y104.337867 E0.207883
G1 X90.925286 Y103.495193 E0.207883
G1 X91.482598 Y102.664849 E0.207883
G1 X92.058452 Y101.847253 E0.207883
G1 X92.652553 Y101.04282 E0.207883
G1 X93.264599 Y100.251954 E0.207883
G1 X93.894279 Y99.475056 E0.207883
G1 X94.541273 Y98.712515 E0.207883
G1 X95.205252 Y97.964718 E0.207883
G1 X95.885878 Y97.23204 E0.207883
G1 X96.582805 Y96.51485 E0.207883
G1 X97.295681 Y95.813511 E0.207883
G1 X98.024143 Y95.128374 E0.207883
G1 X98.767821 Y94.459784 E0.207883
G1 X99.526338 Y93.808079 E0.207883
G1 X100.29931 Y93.173585 E0.207883
G1 X101.086345 Y92.556621 E0.207883
G1 X101.887045 Y91.957497 E0.207883
G1 X102.701003 Y91.376514 E0.207883
G1 X103.527807 Y90.813963 E0.207883
G1 X104.36704 Y90.270128 E0.207883
G1 X105.218276 Y89.745279 E0.207883
G1 X106.081085 Y89.239681 E0.207883
G1 X106.955031 Y88.753587 E0.207883
G1 X107.839671 Y88.28724 E0.207883
G1 X108.73456 Y87.840873 E0.207883
G1 X109.639243 Y87.414709 E0.207883
G1 X110.553266 Y87.008961 E0.207883
G1 X111.476166 Y86.623833 E0.207883
G1 X112.407478 Y86.259515 E0.207883
G1 X113.346731 Y85.91619 E0.207883
G1 X114.293452 Y85.594028 E0.207883
G1 X115.247163 Y85.29319 E0.207883
G1 X116.207384 Y85.013826 E0.207883
G1 X117.173631 Y84.756073 E0.207883
G1 X118.145416 Y84.52006 E0.207883
G1 X119.12225 Y84.305903 E0.207883
G1 X120.103642 Y84.113708 E0.207883
G1 X121.089097 Y83.94357 E0.207883
G1 X122.078119 Y83.795572 E0.207883
G1 X123.070211 Y83.669786 E0.207883
G1 X124.064874 Y83.566274 E0.207883
G1 X125.061607 Y83.485086 E0.207883
G1 X126.059909 Y83.42626 E0.207883
G1 X127.059279 Y83.389824 E0.207883
G1 X128.059215 Y83.375793 E0.207883
G1 X129.059214 Y83.384174 E0.207883
G1 X130.058775 Y83.41496 E0.207883
G1 X131.057394 Y83.468132 E0.207883
G1 X132.054572 Y83.543663 E0.207883
G1 X133.049807 Y83.641513 E0.207883
G1 X134.042602 Y83.761629 E0.207883
G1 X135.032457 Y83.903951 E0.207883
G1 X136.018876 Y84.068403 E0.207883
G1 X137.001366 Y84.254903 E0.207883
G1 X137.979434 Y84.463354 E0.207883
G1 X138.952589 Y84.69365 E0.207883
G1 X139.920346 Y84.945674 E0.207883
G1 X140.882219 Y85.219296 E0.207883
G1 X141.837726 Y85.514378 E0.207883
G1 X142.786391 Y85.83077 E0.207883
G1 X143.727737 Y86.168313 E0.207883
G1 X144.661296 Y86.526833 E0.207883
G1 X145.586599 Y86.906151 E0.207883
G1 X146.503184 Y87.306075 E0.207883
G1 X147.410595 Y87.726402 E0.207883
G1 X148.308377 Y88.16692 E0.207883
G1 X149.196081 Y88.627407 E0.207883
G1 X150.073266 Y89.10763 E0.207883
G1 X150.939494 Y89.607349 E0.207883
G1 X151.794331 Y90.12631 E0.207883
G1 X152.637352 Y90.664254 E0.207883
G1 X153.468137 Y91.220908 E0.207883
G1 X154.286272 Y91.795994 E0.207883
G1 X155.091349 Y92.389222 E0.207883
G1 X155.882967 Y93.000294 E0.207883
G1 X156.660731 Y93.628904 E0.207883
G1 X157.424256 Y94.274736 E0.207883
G1 X158.17316 Y94.937465 E0.207883
G1 X158.907072 Y95.61676 E0.207883
G1 X159.625626 Y96.31228 E0.207883
G1 X160.328466 Y97.023676 E0.207883
G1 X161.015242 Y97.750591 E0.207883
G1 X161.685613 Y98.492663 E0.207883
G1 X162.339246 Y99.249519 E0.207883
G1 X162.975818 Y100.020781 E0.207883
G1 X163.595011 Y100.806063 E0.207883
G1 X164.19652 Y101.604972 E0.207883
G1 X164.780046 Y102.417108 E0.207883
G1 X165.345299 Y103.242067 E0.207883
G1 X165.892001 Y104.079435 E0.207883
G1 X166.41988 Y104.928794 E0.207883
G1 X166.928675 Y105.789721 E0.207883
G1 X167.418135 Y106.661786 E0.207883
G1 X167.888018 Y107.544553 E0.207883
G1 X168.338091 Y108.437582 E0.207883
G1 X168.768134 Y109.340429 E0.207883
G1 X169.177933 Y110.252642 E0.207883
G1 X169.567286 Y111.173767 E0.207883
G1 X169.936002 Y112.103345 E0.207883
G1 X170.2839 Y113.040914 E0.207883
G1 X170.610808 Y113.986006 E0.207883
G1 X170.916566 Y114.938151 E0.207883
G1 X171.201023 Y115.896875 E0.207883
G1 X171.464041 Y116.861701 E0.207883
G1 X171.705491 Y117.832149 E0.207883
G1 X171.925254 Y118.807737 E0.207883
G1 X172.123224 Y119.78798 E0.207883
G1 X172.299304 Y120.77239 E0.207883
G1 X172.453409 Y121.760478 E0.207883
G1 X172.585465 Y122.751755 E0.207883
G1 X172.695407 Y123.745727 E0.207883
G1 X172.783184 Y124.741901 E0.207883
G1 X172.848754 Y125.739783 E0.207883
G1 X172.892087 Y126.738877 E0.207883
G1 X172.913162 Y127.738689 E0.207883
G1 X172.911972 Y128.738722 E0.207883
G1 X172.888519 Y129.738481 E0.207883
G1 X172.842817 Y130.73747 E0.207883
G1 X172.774891 Y131.735194 E0.207883
G1 X172.684776 Y132.731159 E0.207883
G1 X172.572519 Y133.724872 E0.207883
G1 X172.438177 Y134.715841 E0.207883
G1 X172.28182 Y135.703576 E0.207883
G1 X172.103526 Y136.687588 E0.207883
G1 X171.903386 Y137.667389 E0.207883
G1 X171.681501 Y138.642497 E0.207883
G1 X171.437982 Y139.612428 E0.207883
G1 X171.172953 Y140.576703 E0.207883
G1 X170.886545 Y141.534846 E0.207883
G1 X170.578904 Y142.486384 E0.207883
G1 X170.250182 Y143.430846 E0.207883
G1 X169.900544 Y144.367767 E0.207883
G1 X169.530166 Y145.296684 E0.207883
G1 X169.139231 Y146.217139 E0.207883
G1 X168.727935 Y147.128678 E0.207883
G1 X168.296483 Y148.030851 E0.207883
G1 X167.84509 Y148.923214 E0.207883
G1 X167.37398 Y149.805327 E0.207883
G1 X166.883388 Y150.676755 E0.207883
G1 X166.373559 Y151.537069 E0.207883
G1 X165.844744 Y152.385846 E0.207883
G1 X165.297208 Y153.222668 E0.207883
G1 X164.731221 Y154.047123 E0.207883
G1 X164.147065 Y154.858806 E0.207883
G1 X163.545029 Y155.657317 E0.207883
G1 X162.925412 Y156.442264 E0.207883
G1 X162.288521 Y157.213262 E0.207883
G1 X161.634672 Y157.969931 E0.207883
G1 X160.964187 Y158.7119 E0.207883
G1 X160.2774 Y159.438804 E0.207883
G1 X159.574649 Y160.150288 E0.207883
G1 X158.856283 Y160.846001 E0.207883
G1 X158.122657 Y161.525603 E0.207883
G1 X157.374132 Y162.188761 E0.207883
G1 X156.61108 Y162.83515 E0.207883
G1 X155.833877 Y163.464453 E0.207883
G1 X155.042906 Y164.076362 E0.207883
G1 X154.238559 Y164.670577 E0.207883
G1 X153.421231 Y165.246808 E0.207883
G1 X152.591326 Y165.804774 E0.207883
G1 X151.749254 Y166.3442 E0.207883
G1 X150.895429 Y166.864825 E0.207883
G1 X150.030272 Y167.366393 E0.207883
G1 X149.15421 Y167.848661 E0.207883
G1 X148.267673 Y168.311392 E0.207883
G1 X147.371099 Y168.754361 E0.207883
G1 X146.464929 Y169.177352 E0.207883
G1 X145.549608 Y169.58016 E0.207883
G1 X144.625586 Y169.962589 E0.207883
G1 X143.693319 Y170.324452 E0.207883
G1 X142.753265 Y170.665574 E0.207883
G1 X141.805885 Y170.98579 E0.207883
G1 X140.851645 Y171.284944 E0.207883
G1 X139.891014 Y171.562891 E0.207883
G1 X138.924463 Y171.819497 E0.207883
G1 X137.952467 Y172.054638 E0.207883
G1 X136.975504 Y172.2682 E0.207883
G1 X135.994052 Y172.460082 E0.207883
G1 X135.008593 Y172.630191 E0.207883
G1 X134.01961 Y172.778445 E0.207883
G1 X133.027588 Y172.904774 E0.207883
G1 X132.033013 Y173.009118 E0.207883
G1 X131.036372 Y173.091428 E0.207883
G1 X130.038155 Y173.151665 E0.207883
G1 X129.038849 Y173.189803 E0.207883
G1 X128.038944 Y173.205824 E0.207883
G1 X127.038929 Y173.199722 E0.207883
G1 X126.039294 Y173.171503 E0.207883
G1 X125.040528 Y173.121183 E0.207883
G1 X124.043118 Y173.048787 E0.207883
G1 X123.047554 Y172.954354 E0.207883
G1 X122.05432 Y172.837931 E0.207883
G1 X121.063904 Y172.699578 E0.207883
G1 X120.076788 Y172.539364 E0.207883
G1 X119.093454 Y172.357369 E0.207883
G1 X118.114384 Y172.153685 E0.207883
G1 X117.140054 Y171.928412 E0.207883
G1 X116.17094 Y171.681663 E0.207883
G1 X115.207515 Y171.41356 E0.207883
G1 X114.250249 Y171.124237 E0.207883
G1 X113.299609 Y170.813835 E0.207883
G1 X112.356057 Y170.482509 E0.207883
G1 X111.420055 Y170.130422 E0.207883
G1 X110.492057 Y169.757747 E0.207883
G1 X109.572515 Y169.364669 E0.207883
G1 X108.661878 Y168.951382 E0.207883
G1 X107.760589 Y168.518087 E0.207883
G1 X106.869086 Y168.064999 E0.207883
G1 X105.987803 Y167.59234 E0.207883
G1 X105.117169 Y167.100342 E0.207883
G1 X104.257606 Y166.589247 E0.207883
G1 X103.409533 Y166.059305 E0.207883
G1 X102.573361 Y165.510776 E0.207883
G1 X101.749498 Y164.94393 E0.207883
G1 X100.938342 Y164.359043 E0.207883
G1 X100.140288 Y163.756402 E0.207883
G1 X99.355722 Y163.136303 E0.207883
G1 X98.585026 Y162.499048 E0.207883
G1 X97.828574 Y161.844948 E0.207883
G1 X97.086731 Y161.174325 E0.207883
G1 X96.359858 Y160.487505 E0.207883
G1 X95.648307 Y159.784824 E0.207883
G1 X94.952422 Y159.066624 E0.207883
G1 X94.272539 Y158.333258 E0.207883
G1 X93.60899 Y157.585082 E0.207883
G1 X92.962093 Y156.822461 E0.207883
G1 X92.332162 Y156.045767 E0.207883
G1 X91.719501 Y155.255379 E0.207883
G1 X91.124407 Y154.451681 E0.207883
G1 X90.547167 Y153.635066 E0.207883
G1 X89.98806 Y152.805931 E0.207883
G1 X89.447355 Y151.96468 E0.207883
G1 X88.925312 Y151.111722 E0.207883
G1 X88.422185 Y150.247471 E0.207883
G1 X87.938215 Y149.372349 E0.207883
G1 X87.473634 Y148.486781 E0.207883
G1 X87.028668 Y147.591196 E0.207883
G1 X86.60353 Y146.686032 E0.207883
G1 X86.198423 Y145.771726 E0.207883
G1 X85.813543 Y144.848723 E0.207883
G1 X85.449075 Y143.917472 E0.207883
G1 X85.105193 Y142.978424 E0.207883
G1 X84.782062 Y142.032035 E0.207883
G1 X84.479836 Y141.078764 E0.207883
G1 X84.198661 Y140.119073 E0.207883
G1 X83.93867 Y139.153428 E0.207883
G1 X83.699987 Y138.182297 E0.207883
G1 X83.482726 Y137.206149 E0.207883
G1 X83.286991 Y136.225459 E0.207883
G1 X83.112873 Y135.240701 E0.207883
G1 X82.960456 Y134.252351 E0.207883
G1 X82.829811 Y133.260889 E0.207883
G1 X82.720999 Y132.266793 E0.207883
G1 X82.634071 Y131.270545 E0.207883
G1 X82.569067 Y130.272627 E0.207883
G1 X82.526016 Y129.273522 E0.207883
G1 X82.504938 Y128.273711 E0.207883
G1 X82.50584 Y127.273678 E0.207883
G1 X82.528721 Y126.273907 E0.207883
G1 X82.573566 Y125.27488 E0.207883
G1 X82.640353 Y124.27708 E0.207883
G1 X82.729047 Y123.280988 E0.207883
G1 X82.839604 Y122.287085 E0.207883
G1 X82.971968 Y121.295851 E0.207883
G1 X83.126073 Y120.307763 E0.207883
G1 X83.301843 Y119.323299 E0.207883
G1 X83.499192 Y118.342932 E0.207883
G1 X83.718022 Y117.367135 E0.207883
G1 X83.958225 Y116.396379 E0.207883
G1 X84.219685 Y115.43113 E0.207883
G1 X84.502273 Y114.471855 E0.207883
G1 X84.80585 Y113.519013 E0.207883
G1 X85.13027 Y112.573065 E0.207883
G1 X85.475373 Y111.634466 E0.207883
G1 X85.840992 Y110.703666 E0.207883
G1 X86.226949 Y109.781113 E0.207883
G1 X86.633055 Y108.867252 E0.207883
G1 X87.059114 Y107.96252 E0.207883
G1 X87.504919 Y107.067354 E0.207883
G1 X87.970254 Y106.182182 E0.207883
G1 X88.454892 Y105.307429 E0.207883
G1 X88.9586 Y104.443517 E0.207883
G1 X89.481132 Y103.590859 E0.207883
G1 X90.022236 Y102.749865 E0.207883
G1 X90.58165 Y101.920937 E0.207883
G1 X91.159104 Y101.104474 E0.207883
G1 X91.754318 Y100.300866 E0.207883
G1 X92.367005 Y99.510499 E0.207883
G1 X92.996869 Y98.733751 E0.207883
G1 X93.643605 Y97.970994 E0.207883
G1 X94.306902 Y97.222594 E0.207883
G1 X94.986439 Y96.488908 E0.207883
G1 X95.681889 Y95.770288 E0.207883
G1 X96.392916 Y95.067077 E0.207883
G1 X97.119178 Y94.379611 E0.207883
G1 X97.860325 Y93.70822 E0.207883
G1 X98.615999 Y93.053222 E0.207883
G1 X99.385838 Y92.414933 E0.207883
G1 X100.16947 Y91.793655 E0.207883
G1 X100.966519 Y91.189686 E0.207883
G1 X101.7766 Y90.603313 E0.207883
G1 X102.599326 Y90.034817 E0.207883
G1 X103.434299 Y89.484467 E0.207883
G1 X104.28112 Y88.952527 E0.207883
G1 X105.13938 Y88.439249 E0.207883
G1 X106.008668 Y87.944877 E0.207883
G1 X106.888567 Y87.469648 E0.207883
G1 X107.778654 Y87.013786 E0.207883
G1 X108.678503 Y86.577508 E0.207883
G1 X109.58768 Y86.161021 E0.207883
G1 X110.505752 Y85.764524 E0.207883
G1 X111.432276 Y85.388203 E0.207883
G1 X112.36681 Y85.032238 E0.207883
G1 X113.308906 Y84.696796 E0.207883
G1 X114.258112 Y84.382036 E0.207883
G1 X115.213973 Y84.088107 E0.207883
G1 X116.176032 Y83.815148 E0.207883
G1 X117.14383 Y83.563287 E0.207883
G1 X118.116901 Y83.332643 E0.207883
G1 X119.094782 Y83.123324 E0.207883
G1 X120.077004 Y82.935429 E0.207883
G1 X121.063098 Y82.769044 E0.207883
G1 X122.052592 Y82.624248 E0.207883
G1 X123.045014 Y82.501108 E0.207883
G1 X124.03989 Y82.399681 E0.207883
G1 X125.036744 Y82.320013 E0.207883
G1 X126.035101 Y82.26214 E0.207883
G1 X127.034483 Y82.226089 E0.207883
G1 X128.034415 Y82.211874 E0.207883
G1 X129.034418 Y82.2195 E0.207883
G1 X130.034016 Y82.248961 E0.207883
G1 X131.032733 Y82.300243 E0.207883
G1 X132.030092 Y82.373317 E0.207883
G1 X133.025618 Y82.468148 E0.207883
G1 X134.018837 Y82.584689 E0.207883
G1 X135.009275 Y82.722881 E0.207883
G1 X135.996461 Y82.882658 E0.207883
G1 X136.979925 Y83.063941 E0.207883
G1 X137.959199 Y83.266642 E0.207883
G1 X138.933817 Y83.490662 E0.207883
G1 X139.903315 Y83.735893 E0.207883
G1 X140.867232 Y84.002217 E0.207883
G1 X141.82511 Y84.289504 E0.207883
G1 X142.776494 Y84.597617 E0.207883
G1 X143.720932 Y84.926406 E0.207883
G1 X144.657974 Y85.275714 E0.207883
G1 X145.587177 Y85.645373 E0.207883
G1 X146.508098 Y86.035205 E0.207883
G1 X147.420301 Y86.445022 E0.207883
G1 X148.323353 Y86.874629 E0.207883
G1 X149.216825 Y87.32382 E0.207883
G1 X150.100294 Y87.792378 E0.207883
G1 X150.973341 Y88.280081 E0.207883
G1 X151.835552 Y88.786694 E0.207883
G1 X152.686519 Y89.311975 E0.207883
G1 X153.525838 Y89.855674 E0.207883
G1 X154.353112 Y90.417531 E0.207883
G1 X155.167949 Y90.997276 E0.207883
G1 X155.969964 Y91.594634 E0.207883
G1 X156.758777 Y92.209319 E0.207883
G1 X157.534016 Y92.841039 E0.207883
G1 X158.295313 Y93.489492 E0.207883
G1 X159.042309 Y94.154369 E0.207883
G1 X159.774651 Y94.835354 E0.207883
G1 X160.491993 Y95.532121 E0.207883
G1 X161.193996 Y96.244341 E0.207883
G1 X161.880329 Y96.971672 E0.207883
G1 X162.550668 Y97.713771 E0.207883
G1 X163.204697 Y98.470283 E0.207883
G1 X163.842107 Y99.24085 E0.207883
G1 X164.462599 Y100.025104 E0.207883
G1 X165.065879 Y100.822674 E0.207883
G1 X165.651664 Y101.63318 E0.207883
G1 X166.219677 Y102.456238 E0.207883
G1 X166.769653 Y103.291458 E0.207883
G1 X167.301331 Y104.138442 E0.207883
G1 X167.814462 Y104.99679 E0.207883
G1 X168.308806 Y105.866094 E0.207883
G1 X168.784129 Y106.745942 E0.207883
G1 X169.240208 Y107.635917 E0.207883
G1 X169.676831 Y108.535597 E0.207883
G1 X170.093791 Y109.444557 E0.207883
G1 X170.490895 Y110.362366 E0.207883
G1 X170.867955 Y111.28859 E0.207883
G1 X171.224796 Y112.22279 E0.207883
G1 X171.56125 Y113.164524 E0.207883
G1 X171.877161 Y114.113346 E0.207883
G1 X172.172381 Y115.068809 E0.207883
G1 X172.446772 Y116.030461 E0.207883
G1 X172.700208 Y116.997846 E0.207883
G1 X172.932569 Y117.970509 E0.207883
G1 X173.143749 Y118.947989 E0.207883
G1 X173.33365 Y119.929825 E0.207883
G1 X173.502183 Y120.915553 E0.207883
G1 X173.649272 Y121.904709 E0.207883
G1 X173.774848 Y122.896826 E0.207883
G1 X173.878855 Y123.891434 E0.207883
G1 X173.961245 Y124.888067 E0.207883
G1 X174.021982 Y125.886253 E0.207883
G1 X174.061038 Y126.885522 E0.207883
G1 X174.078397 Y127.885403 E0.207883
G1 X174.074053 Y128.885426 E0.207883
G1 X174.048009 Y129.885119 E0.207883
G1 X174.000281 Y130.884011 E0.207883
G1 X173.930892 Y131.881633 E0.207883
G1 X173.839876 Y132.877515 E0.207883
G1 X173.72728 Y133.871188 E0.207883
G1 X173.593156 Y134.862185 E0.207883
G1 X173.437571 Y135.85004 E0.207883
G1 X173.2606 Y136.834288 E0.207883
G1 X173.062327 Y137.814468 E0.207883
G1 X172.842847 Y138.790118 E0.207883
G1 X172.602267 Y139.76078 E0.207883
G1 X172.340699 Y140.725998 E0.207882
G1 X172.058271 Y141.68532 E0.207882
G1 X171.755115 Y142.638295 E0.207882
G1 X171.431376 Y143.584475 E0.207882
G1 X171.087208 Y144.523417 E0.207882
G1 X170.722774 Y145.454681 E0.207882
G1 X170.338248 Y146.377829 E0.207882
G1 X169.933811 Y147.29243 E0.207882
G1 X169.509655 Y148.198055 E0.207882
G1 X169.065981 Y149.094279 E0.207882
G1 X168.602999 Y149.980683 E0.207882
G1 X168.120928 Y150.856851 E0.207882
G1 X167.619995 Y151.722374 E0.207882
G1 X167.100437 Y152.576846 E0.207882
G1 X166.562499 Y153.419869 E0.207882
G1 X166.006435 Y154.251047 E0.207882
G1 X165.432508 Y155.069992 E0.207882
G1 X164.840987 Y155.876322 E0.207882
G1 X164.232152 Y156.669659 E0.207882
G1 X163.606289 Y157.449633 E0.207882
G1 X162.963693 Y158.21588 E0.207882
G1 X162.304667 Y158.968042 E0.207882
G1 X161.629519 Y159.705768 E0.207882
G1 X160.938569 Y160.428714 E0.207882
G1 X160.23214 Y161.136543 E0.207882
G1 X159.510565 Y161.828925 E0.207882
G1 X158.774182 Y162.505537 E0.207882
G1 X158.023338 Y163.166065 E0.207882
G1 X157.258384 Y163.8102 E0.207882
G1 X156.479681 Y164.437642 E0.207882
G1 X155.687592 Y165.048101 E0.207882
G1 X154.88249 Y165.641291 E0.207882
G1 X154.064752 Y166.216937 E0.207882
G1 X153.234762 Y166.774772 E0.207882
G1 X152.392907 Y167.314536 E0.207882
G1 X151.539584 Y167.835978 E0.207882
G1 X150.67519 Y168.338858 E0.207882
G1 X149.800132 Y168.82294 E0.207882
G1 X148.914818 Y169.288002 E0.207882
G1 X148.019662 Y169.733828 E0.207882
G1 X147.115084 Y170.160211 E0.207882
G1 X146.201507 Y170.566953 E0.207882
G1 X145.279356 Y170.953867 E0.207882
G1 X144.349065 Y171.320774 E0.207882
G1 X143.411066 Y171.667505 E0.207882
G1 X142.465799 Y171.993899 E0.207882
G1 X141.513704 Y172.299806 E0.207882
G1 X140.555226 Y172.585085 E0.207882
G1 X139.590813 Y172.849605 E0.207882
G1 X138.620915 Y173.093245 E0.207882
G1 X137.645983 Y173.315892 E0.207882
G1 X136.666473 Y173.517446 E0.207882
G1 X135.682842 Y173.697813 E0.207882
G1 X134.695547 Y173.856912 E0.207882
G1 X133.705049 Y173.99467 E0.207882
G1 X132.711809 Y174.111025 E0.207882
G1 X131.716291 Y174.205924 E0.207882
G1 X130.718956 Y174.279327 E0.207882
G1 X129.720271 Y174.331199 E0.207882
G1 X128.720699 Y174.361519 E0.207882
G1 X127.720706 Y174.370275 E0.207882
G1 X126.720756 Y174.357464 E0.207882
G1 X125.721315 Y174.323094 E0.207882
G1 X124.722848 Y174.267183 E0.207882
G1 X123.725818 Y174.189759 E0.207882
G1 X122.730688 Y174.09086 E0.207882
G1 X121.737922 Y173.970533 E0.207882
G1 X120.74798 Y173.828837 E0.207882
G1 X119.761322 Y173.665838 E0.207882
G1 X118.778405 Y173.481615 E0.207882
G1 X117.799686 Y173.276255 E0.207882
G1 X116.825619 Y173.049855 E0.207882
G1 X115.856656 Y172.802521 E0.207882
G1 X114.893246 Y172.534372 E0.207882
G1 X113.935836 Y172.245532 E0.207882
G1 X112.984869 Y171.936137 E0.207882
G1 X112.040786 Y171.606333 E0.207882
G1 X111.104024 Y171.256275 E0.207882
G1 X110.175017 Y170.886127 E0.207882
G1 X109.254196 Y170.496062 E0.207882
G1 X108.341986 Y170.086262 E0.207882
G1 X107.438809 Y169.656919 E0.207882
G1 X106.545084 Y169.208234 E0.207882
G1 X105.661223 Y168.740417 E0.207882
G1 X104.787635 Y168.253685 E0.207882
G1 X103.924724 Y167.748267 E0.207882
G1 X103.072889 Y167.224396 E0.207882
G1 X102.232523 Y166.682319 E0.207882
G1 X101.404015 Y166.122287 E0.207882
G1 X100.587745 Y165.54456 E0.207882
G1 X99.784093 Y164.949409 E0.207882
G1 X98.993427 Y164.337109 E0.207882
G1 X98.216113 Y163.707946 E0.207882
G1 X97.45251 Y163.062211 E0.207882
G1 X96.702969 Y162.400206 E0.207882
G1 X95.967835 Y161.722237 E0.207882
G1 X95.247448 Y161.02862 E0.207882
G1 X94.542139 Y160.319676 E0.207882
G1 X93.852232 Y159.595734 E0.207882
G1 X93.178046 Y158.85713 E0.207882
G1 X92.519889 Y158.104207 E0.207882
G1 X91.878066 Y157.337313 E0.207882
G1 X91.252871 Y156.556805 E0.207882
G1 X90.644591 Y155.763042 E0.207882
G1 X90.053506 Y154.956394 E0.207882
G1 X89.479886 Y154.137234 E0.207882
G1 X88.923996 Y153.30594 E0.207882
G1 X88.38609 Y152.462898 E0.207882
G1 X87.866415 Y151.608497 E0.207882
G1 X87.36521 Y150.743133 E0.207882
G1 X86.882702 Y149.867205 E0.207882
G1 X86.419115 Y148.981118 E0.207882
G1 X85.974659 Y148.085283 E0.207882
G1 X85.549538 Y147.180111 E0.207882
G1 X85.143946 Y146.266023 E0.207882
G1 X84.758069 Y145.343439 E0.207882
G1 X84.392082 Y144.412785 E0.207882
G1 X84.046153 Y143.474491 E0.207882
G1 X83.720439 Y142.528989 E0.207882
G1 X83.415088 Y141.576716 E0.207882
G1 X83.13024 Y140.618111 E0.207882
G1 X82.866023 Y139.653615 E0.207882
G1 X82.622558 Y138.683673 E0.207882
G1 X82.399954 Y137.708732 E0.207882
G1 X82.198313 Y136.729241 E0.207882
G1 X82.017725 Y135.74565 E0.207882
G1 X81.858271 Y134.758413 E0.207882
G1 X81.720024 Y133.767983 E0.207882
G1 X81.603045 Y132.774818 E0.207882
G1 X81.507386 Y131.779372 E0.207882
G1 X81.433088 Y130.782104 E0.207882
G1 X81.380185 Y129.783473 E0.207882
G1 X81.348699 Y128.783938 E0.207882
G1 X81.338642 Y127.783957 E0.207882
G1 X81.350018 Y126.783991 E0.207882
G1 X81.382819 Y125.784497 E0.207882
G1 X81.437028 Y124.785937 E0.207882
G1 X81.512619 Y123.788766 E0.207882
G1 X81.609555 Y122.793444 E0.207882
G1 X81.72779 Y121.800427 E0.207882
G1 X81.867267 Y120.81017 E0.207882
G1 X82.027922 Y119.823128 E0.207882
G1 X82.209678 Y118.839753 E0.207882
G1 X82.41245 Y117.860495 E0.207882
G1 X82.636144 Y116.885803 E0.207882
G1 X82.880655 Y115.916125 E0.207882
G1 X83.14587 Y114.951903 E0.207882
G1 X83.431664 Y113.993579 E0.207882
G1 X83.737906 Y113.041593 E0.207882
G1 X84.064453 Y112.096379 E0.207882
G1 X84.411155 Y111.15837 E0.207882
G1 X84.777849 Y110.227995 E0.207882
G1 X85.164368 Y109.30568 E0.207882
G1 X85.570531 Y108.391845 E0.207882
G1 X85.996153 Y107.486909 E0.207882
G1 X86.441035 Y106.591286 E0.207882
G1 X86.904974 Y105.705383 E0.207882
G1 X87.387754 Y104.829606 E0.207882
G1 X87.889155 Y103.964354 E0.207882
G1 X88.408943 Y103.110023 E0.207882
G1 X88.946882 Y102.267002 E0.207882
G1 X89.502722 Y101.435675 E0.207882
G1 X90.076208 Y100.616422 E0.207882
G1 X90.667078 Y99.809616 E0.207882
G1 X91.275058 Y99.015625 E0.207882
G1 X91.89987 Y98.23481 E0.207882
G1 X92.541228 Y97.467528 E0.207882
G1 X93.198836 Y96.714126 E0.207882
G1 X93.872393 Y95.974949 E0.207882
G1 X94.56159 Y95.250332 E0.207882
G1 X95.266112 Y94.540606 E0.207882
G1 X95.985634 Y93.846092 E0.207882
G1 X96.719829 Y93.167107 E0.207882
G1 X97.468358 Y92.503959 E0.207882
G1 X98.230881 Y91.856949 E0.207882
G1 X99.007047 Y91.226371 E0.207882
G1 X99.796501 Y90.612511 E0.207882
G1 X100.598883 Y90.015648 E0.207882
G1 X101.413825 Y89.436052 E0.207882
G1 X102.240956 Y88.873987 E0.207882
G1 X103.079896 Y88.329706 E0.207882
G1 X103.930263 Y87.803457 E0.207882
G1 X104.791668 Y87.295477 E0.207882
G1 X105.663718 Y86.805997 E0.207882
G1 X106.546014 Y86.335238 E0.207882
G1 X107.438155 Y85.883412 E0.207882
G1 X108.339734 Y85.450724 E0.207882
G1 X109.250338 Y85.037369 E0.207882
G1 X110.169552 Y84.643534 E0.207882
G1 X111.096959 Y84.269396 E0.207882
G1 X112.032134 Y83.915123 E0.207882
G1 X112.974653 Y83.580876 E0.207882
G1 X113.924085 Y83.266805 E0.207882
G1 X114.879998 Y82.97305 E0.207882
G1 X115.841957 Y82.699744 E0.207882
G1 X116.809525 Y82.447009 E0.207882
G1 X117.78226 Y82.214958 E0.207882
G1 X118.759721 Y82.003695 E0.207882
G1 X119.741463 Y81.813315 E0.207882
G1 X120.727039 Y81.643901 E0.207882
G1 X121.716002 Y81.49553 E0.207882
G1 X122.707903 Y81.368266 E0.207882
G1 X123.702289 Y81.262166 E0.207882
G1 X124.698711 Y81.177276 E0.207882
G1 X125.696714 Y81.113634 E0.207882
G1 X126.695847 Y81.071265 E0.207882
G1 X127.695656 Y81.050187 E0.207882
G1 X128.695687 Y81.050409 E0.207882
G1 X129.695486 Y81.071928 E0.207882
G1 X130.694601 Y81.114733 E0.207882
G1 X131.692577 Y81.178803 E0.207882
G1 X132.688963 Y81.264106 E0.207882
G1 X133.683307 Y81.370602 E0.207882
G1 X134.675159 Y81.498242 E0.207882
G1 X135.664069 Y81.646965 E0.207882
G1 X136.649589 Y81.816703 E0.207882
G1 X137.631274 Y82.007377 E0.207882
G1 X138.608679 Y82.218898 E0.207882
G1 X139.581362 Y82.45117 E0.207882
G1 X140.548882 Y82.704085 E0.207882
G1 X141.510803 Y82.977526 E0.207882
G1 X142.466689 Y83.27137 E0.207882
G1 X143.416108 Y83.58548 E0.207882
G1 X144.358631 Y83.919713 E0.207882
G1 X145.293832 Y84.273916 E0.207882
G1 X146.22129 Y84.647928 E0.207882
G1 X147.140584 Y85.041577 E0.207882
G1 X148.051301 Y85.454683 E0.207882
G1 X148.953028 Y85.887059 E0.207882
G1 X149.84536 Y86.338508 E0.207882
G1 X150.727893 Y86.808823 E0.207882
G1 X151.600231 Y87.29779 E0.207882
G1 X152.461978 Y87.805188 E0.207882
G1 X153.312748 Y88.330785 E0.207882
G1 X154.152156 Y88.874343 E0.207882
G1 X154.979826 Y89.435614 E0.207882
G1 X155.795383 Y90.014344 E0.207882
G1 X156.598461 Y90.610269 E0.207882
G1 X157.388698 Y91.22312 E0.207882
G1 X158.165739 Y91.852619 E0.207882
G1 X158.929235 Y92.49848 E0.207882
G1 X159.678841 Y93.16041 E0.207882
G1 X160.414222 Y93.838109 E0.207882
G1 X161.135046 Y94.531271 E0.207882
G1 X161.840991 Y95.239582 E0.207882
G1 X162.531738 Y95.962721 E0.207882
G1 X163.206978 Y96.700361 E0.207882
G1 X163.866407 Y97.452168 E0.207882
G1 X164.509731 Y98.217803 E0.207882
G1 X165.13666 Y98.996918 E0.207882
G1 X165.746913 Y99.789163 E0.207882
G1 X166.340218 Y100.594179 E0.207882
G1 X166.916308 Y101.411603 E0.207882
G1 X167.474925 Y102.241066 E0.207882
G1 X168.015819 Y103.082193 E0.207882
G1 X168.538749 Y103.934605 E0.207882
G1 X169.04348 Y104.797917 E0.207882
G1 X169.529788 Y105.67174 E0.207882
G1 X169.997454 Y106.555679 E0.207882
G1 X170.44627 Y107.449338 E0.207882
G1 X170.876036 Y108.352312 E0.207882
G1 X171.286559 Y109.264196 E0.207882
G1 X171.677658 Y110.184578 E0.207882
G1 X172.049158 Y111.113043 E0.207882
G1 X172.400894 Y112.049176 E0.207882
G1 X172.732709 Y112.992553 E0.207882
G1 X173.044455 Y113.94275 E0.207882
G1 X173.335995 Y114.899341 E0.207882
G1 X173.6072 Y115.861894 E0.207882
G1 X173.857948 Y116.829978 E0.207882
G1 X174.08813 Y117.803157 E0.207882
G1 X174.297644 Y118.780994 E0.207882
G1 X174.486396 Y119.76305 E0.207882
G1 X174.654306 Y120.748883 E0.207882
G1 X174.801298 Y121.738052 E0.207882
G1 X174.927308 Y122.730112 E0.207882
G1 X175.032283 Y123.724617 E0.207882
G1 X175.116176 Y124.721123 E0.207882
G1 X175.178951 Y125.719181 E0.207882
G1 X175.220583 Y126.718345 E0.207882
G1 X175.241054 Y127.718165 E0.207882
G1 X175.240357 Y128.718196 E0.207882
G1 X175.218494 Y129.717987 E0.207882
G1 X175.175477 Y130.717092 E0.207882
G1 X175.111326 Y131.715063 E0.207882
G1 X175.026072 Y132.711453 E0.207882
G1 X174.919756 Y133.705816 E0.207882
G1 X174.792425 Y134.697707 E0.207882
G1 X174.64414 Y135.686682 E0.207882
G1 X174.474967 Y136.6723 E0.207882
G1 X174.284986 Y137.654118 E0.207882
G1 X174.074281 Y138.631699 E0.207882
G1 X173.84295 Y139.604606 E0.207882
G1 X173.591098 Y140.572403 E0.207882
G1 X173.318838 Y141.534658 E0.207882
G1 X173.026294 Y142.490942 E0.207882
G1 X172.713599 Y143.440828 E0.207882
G1 X172.380894 Y144.383891 E0.207882
G1 X172.028329 Y145.319711 E0.207882
G1 X171.656064 Y146.24787 E0.207882
G1 X171.264266 Y147.167955 E0.207882
G1 X170.853112 Y148.079554 E0.207882
G1 X170.422788 Y148.982262 E0.207882
G1 X169.973486 Y149.875676 E0.207882
G1 X169.50541 Y150.759399 E0.207882
G1 X169.018769 Y151.633036 E0.207882
G1 X168.513783 Y152.496198 E0.207882
G1 X167.990678 Y153.348502 E0.207882
G1 X167.449689 Y154.189568 E0.207882
G1 X166.891058 Y155.019021 E0.207882
G1 X166.315038 Y155.836493 E0.207882
G1 X165.721884 Y156.641621 E0.207882
G1 X165.111865 Y157.434045 E0.207882
G1 X164.485252 Y158.213415 E0.207882
G1 X163.842327 Y158.979383 E0.207882
G1 X163.183377 Y159.731611 E0.207882
G1 X162.508697 Y160.469762 E0.207882
G1 X161.818589 Y161.193511 E0.207882
G1 X161.113362 Y161.902536 E0.207882
G1 X160.393332 Y162.596521 E0.207882
G1 X159.658819 Y163.275161 E0.207882
G1 X158.910152 Y163.938153 E0.207882
G1 X158.147665 Y164.585203 E0.207882
G1 X157.371699 Y165.216026 E0.207882
G1 X156.582601 Y165.830342 E0.207882
G1 X155.780721 Y166.427879 E0.207882
G1 X154.966419 Y167.008373 E0.207882
G1 X154.140057 Y167.571566 E0.207882
G1 X153.302004 Y168.11721 E0.207882
G1 X152.452633 Y168.645064 E0.207882
G1 X151.592323 Y169.154894 E0.207882
G1 X150.721457 Y169.646476 E0.207882
G1 X149.840422 Y170.119592 E0.207882
G1 X148.949612 Y170.574034 E0.207882
G1 X148.049422 Y171.009601 E0.207882
G1 X147.140254 Y171.426102 E0.207882
G1 X146.222511 Y171.823353 E0.207882
G1 X145.296602 Y172.20118 E0.207882
G1 X144.362938 Y172.559415 E0.207882
G1 X143.421935 Y172.897903 E0.207882
G1 X142.474011 Y173.216494 E0.207882
G1 X141.519587 Y173.515048 E0.207882
G1 X140.559086 Y173.793435 E0.207882
G1 X139.592936 Y174.051533 E0.207882
G1 X138.621566 Y174.289229 E0.207882
G1 X137.645405 Y174.50642 E0.207882
G1 X136.664889 Y174.70301 E0.207882
G1 X135.680451 Y174.878915 E0.207882
G1 X134.692528 Y175.034058 E0.207882
G1 X133.701559 Y175.168372 E0.207882
G1 X132.707982 Y175.281799 E0.207882
G1 X131.712239 Y175.37429 E0.207882
G1 X130.714769 Y175.445808 E0.207882
G1 X129.716016 Y175.49632 E0.207882
G1 X128.71642 Y175.525808 E0.207882
G1 X127.716426 Y175.534259 E0.207882
G1 X126.716475 Y175.521672 E0.207882
G1 X125.71701 Y175.488054 E0.207882
G1 X124.718473 Y175.433421 E0.207882
G1 X123.721306 Y175.357799 E0.207882
G1 X122.725951 Y175.261224 E0.207882
G1 X121.732845 Y175.143739 E0.207882
G1 X120.74243 Y175.0054 E0.207882
G1 X119.755142 Y174.846267 E0.207882
G1 X118.771418 Y174.666415 E0.207882
G1 X117.791692 Y174.465923 E0.207882
G1 X116.816397 Y174.244881 E0.207882
G1 X115.845963 Y174.00339 E0.207882
G1 X114.880818 Y173.741558 E0.207882
G1 X113.921389 Y173.459502 E0.207882
G1 X112.968098 Y173.157348 E0.207882
G1 X112.021367 Y172.835231 E0.207882
G1 X111.081611 Y172.493295 E0.207882
G1 X110.149247 Y172.131693 E0.207882
G1 X109.224683 Y171.750586 E0.207882
G1 X108.308329 Y171.350143 E0.207882
G1 X107.400587 Y170.930543 E0.207882
G1 X106.501857 Y170.491972 E0.207882
G1 X105.612534 Y170.034625 E0.207882
G1 X104.733011 Y169.558707 E0.207882
G1 X103.863673 Y169.064427 E0.207882
G1 X103.004904 Y168.552005 E0.207882
G1 X102.157081 Y168.021669 E0.207882
G1 X101.320577 Y167.473654 E0.207882
G1 X100.495759 Y166.908203 E0.207882
G1 X99.68299 Y166.325566 E0.207882
G1 X98.882626 Y165.726001 E0.207882
G1 X98.09502 Y165.109773 E0.207882
G1 X97.320516 Y164.477156 E0.207882
G1 X96.559456 Y163.828429 E0.207882
G1 X95.812172 Y163.163879 E0.207882
G1 X95.078992 Y162.4838 E0.207882
G1 X94.360239 Y161.788492 E0.207882
G1 X93.656226 Y161.078263 E0.207882
G1 X92.967263 Y160.353425 E0.207882
G1 X92.29365 Y159.6143 E0.207882
G1 X91.635684 Y158.861212 E0.207882
G1 X90.993653 Y158.094495 E0.207882
G1 X90.367836 Y157.314487 E0.207882
G1 X89.758508 Y156.521531 E0.207882
G1 X89.165935 Y155.715977 E0.207882
G1 X88.590376 Y154.89818 E0.207882
G1 X88.032083 Y154.0685 E0.207882
G1 X87.4913 Y153.227302 E0.207882
G1 X86.968262 Y152.374958 E0.207882
G1 X86.463198 Y151.511841 E0.207882
G1 X85.976328 Y150.638333 E0.207882
G1 X85.507864 Y149.754816 E0.207882
G1 X85.05801 Y148.86168 E0.207882
G1 X84.626963 Y147.959318 E0.207882
G1 X84.214909 Y147.048125 E0.207882
G1 X83.822029 Y146.128503 E0.207882
G1 X83.448492 Y145.200856 E0.207882
G1 X83.094461 Y144.26559 E0.207882
G1 X82.76009 Y143.323117 E0.207882
G1 X82.445524 Y142.37385 E0.207882
G1 X82.150898 Y141.418206 E0.207882
G1 X81.876341 Y140.456604 E0.207882
G1 X81.62197 Y139.489467 E0.207882
G1 X81.387897 Y138.517217 E0.207882
G1 X81.174221 Y137.540282 E0.207882
G1 X80.981035 Y136.559089 E0.207882
G1 X80.808422 Y135.574069 E0.207882
G1 X80.656455 Y134.585654 E0.207882
G1 X80.525199 Y133.594275 E0.207882
G1 X80.41471 Y132.600368 E0.207882
G1 X80.325036 Y131.604367 E0.207882
G1 X80.256212 Y130.606708 E0.207882
G1 X80.208268 Y129.607828 E0.207882
G1 X80.181223 Y128.608164 E0.207882
G1 X80.175087 Y127.608153 E0.207882
G1 X80.189862 Y126.608232 E0.207882
G1 X80.225538 Y125.608839 E0.207882
G1 X80.282099 Y124.61041 E0.207882
G1 X80.359518 Y123.613382 E0.207882
G1 X80.45776 Y122.618189 E0.207882
G1 X80.57678 Y121.625267 E0.207882
G1 X80.716525 Y120.63505 E0.207882
G1 X80.876931 Y119.647969 E0.207882
G1 X81.057928 Y118.664455 E0.207882
G1 X81.259433 Y117.684937 E0.207882
G1 X81.481359 Y116.709843 E0.207882
G1 X81.723606 Y115.739598 E0.207882
G1 X81.986066 Y114.774624 E0.207882
G1 X82.268625 Y113.815343 E0.207882
G1 X82.571156 Y112.862172 E0.207882
G1 X82.893526 Y111.915527 E0.207882
G1 X83.235594 Y110.97582 E0.207882
G1 X83.597207 Y110.04346 E0.207882
G1 X83.978208 Y109.118854 E0.207882
G1 X84.378429 Y108.202402 E0.207882
G1 X84.797693 Y107.294505 E0.207882
G1 X85.235816 Y106.395557 E0.207882
G1 X85.692606 Y105.505949 E0.207882
G1 X86.167862 Y104.626068 E0.207882
G1 X86.661376 Y103.756296 E0.207882
G1 X87.172932 Y102.897012 E0.207882
G1 X87.702305 Y102.048587 E0.207882
G1 X88.249263 Y101.211392 E0.207882
G1 X88.813568 Y100.38579 E0.207882
G1 X89.394971 Y99.572138 E0.207882
G1 X89.993219 Y98.77079 E0.207882
G1 X90.60805 Y97.982093 E0.207882
G1 X91.239195 Y97.20639 E0.207882
G1 X91.886378 Y96.444017 E0.207882
G1 X92.549317 Y95.695304 E0.207882
G1 X93.227723 Y94.960576 E0.207882
G1 X93.921298 Y94.240151 E0.207882
G1 X94.629741 Y93.534341 E0.207882
G1 X95.352742 Y92.843451 E0.207882
G1 X96.089986 Y92.167781 E0.207882
G1 X96.841152 Y91.507622 E0.207882
G1 X97.605912 Y90.863261 E0.207882
G1 X98.383933 Y90.234976 E0.207882
G1 X99.174876 Y89.623038 E0.207882
G1 X99.978397 Y89.027711 E0.207882
G1 X100.794145 Y88.449253 E0.207882
G1 X101.621767 Y87.887914 E0.207882
G1 X102.460901 Y87.343936 E0.207882
G1 X103.311183 Y86.817552 E0.207882
G1 X104.172244 Y86.308991 E0.207882
G1 X105.043707 Y85.818471 E0.207882
G1 X105.925196 Y85.346204 E0.207882
G1 X106.816327 Y84.892393 E0.207882
G1 X107.716713 Y84.457233 E0.207882
G1 X108.625963 Y84.040911 E0.207882
G1 X109.543682 Y83.643606 E0.207882
G1 X110.469472 Y83.265489 E0.207882
G1 X111.40293 Y82.906722 E0.207882
G1 X112.343653 Y82.567459 E0.207882
G1 X113.291232 Y82.247846 E0.207882
G1 X114.245257 Y81.948018 E0.207882
G1 X115.205313 Y81.668105 E0.207882
G1 X116.170984 Y81.408226 E0.207882
G1 X117.141853 Y81.168491 E0.207882
G1 X118.117499 Y80.949003 E0.207882
G1 X119.097498 Y80.749856 E0.207882
G1 X120.081428 Y80.571134 E0.207882
G1 X121.068861 Y80.412911 E0.207882
G1 X122.059371 Y80.275256 E0.207882
G1 X123.052529 Y80.158227 E0.207882
G1 X124.047906 Y80.061871 E0.207882
G1 X125.04507 Y79.986229 E0.207882
G1 X126.043592 Y79.931333 E0.207882
G1 X127.043039 Y79.897203 E0.207882
G1 X128.042979 Y79.883854 E0.207882
G1 X129.042981 Y79.891289 E0.207882
G1 X130.042612 Y79.919503 E0.207882
G1 X131.041441 Y79.968483 E0.207882
G1 X132.039037 Y80.038206 E0.207882
G1 X133.034969 Y80.12864 E0.207882
G1 X134.028808 Y80.239744 E0.207882
G1 X135.020124 Y80.371469 E0.207882
G1 X136.00849 Y80.523757 E0.207882
G1 X136.99348 Y80.696539 E0.207882
G1 X137.974669 Y80.88974 E0.207882
G1 X138.951634 Y81.103274 E0.207882
G1 X139.923955 Y81.337049 E0.207882
G1 X140.891213 Y81.590961 E0.207882
G1 X141.85299 Y81.8649 E0.207882
G1 X142.808874 Y82.158746 E0.207882
G1 X143.758452 Y82.472371 E0.207882
G1 X144.701316 Y82.805637 E0.207882
G1 X145.63706 Y83.158401 E0.207882
G1 X146.565281 Y83.530508 E0.207882
G1 X147.485581 Y83.921796 E0.207882
G1 X148.397564 Y84.332096 E0.207882
G1 X149.300838 Y84.761229 E0.207882
G1 X150.195014 Y85.209009 E0.207882
G1 X151.079709 Y85.675243 E0.207882
G1 X151.954543 Y86.159727 E0.207882
G1 X152.819139 Y86.662252 E0.207882
G1 X153.673128 Y87.1826 E0.207882
G1 X154.516141 Y87.720546 E0.207882
G1 X155.347819 Y88.275858 E0.207882
G1 X156.167804 Y88.848295 E0.207882
G1 X156.975744 Y89.437609 E0.207882
G1 X157.771293 Y90.043546 E0.207882
G1 X158.55411 Y90.665845 E0.207882
G1 X159.32386 Y91.304236 E0.207882
G1 X160.080214 Y91.958444 E0.207882
G1 X160.822846 Y92.628187 E0.207882
G1 X161.55144 Y93.313176 E0.207882
G1 X162.265683 Y94.013115 E0.207882
G1 X162.965271 Y94.727703 E0.207882
G1 X163.649904 Y95.456631 E0.207882
G1 X164.319288 Y96.199586 E0.207882
G1 X164.973139 Y96.956248 E0.207882
G1 X165.611177 Y97.726291 E0.207882
G1 X166.233129 Y98.509384 E0.207882
G1 X166.83873 Y99.305189 E0.207882
G1 X167.427721 Y100.113365 E0.207882
G1 X167.999852 Y100.933563 E0.207882
G1 X168.554878 Y101.765431 E0.207882
G1 X169.092562 Y102.608612 E0.207882
G1 X169.612676 Y103.462743 E0.207882
G1 X170.114998 Y104.327458 E0.207882
G1 X170.599314 Y105.202384 E0.207882
G1 X171.065418 Y106.087147 E0.207882
G1 X171.513112 Y106.981366 E0.207882
G1 X171.942206 Y107.884659 E0.207882
G1 X172.352517 Y108.796636 E0.207882
G1 X172.743871 Y109.716908 E0.207882
G1 X173.116103 Y110.645079 E0.207882
G1 X173.469053 Y111.580752 E0.207882
G1 X173.802574 Y112.523526 E0.207882
G1 X174.116523 Y113.472997 E0.207882
G1 X174.410769 Y114.428757 E0.207882
G1 X174.685186 Y115.390398 E0.207882
G1 X174.939658 Y116.357508 E0.207882
G1 X175.17408 Y117.329673 E0.207882
G1 X175.388351 Y118.306477 E0.207882
G1 X175.582382 Y119.287502 E0.207882
G1 X175.756092 Y120.272329 E0.207882
G1 X175.909408 Y121.260535 E0.207882
G1 X176.042266 Y122.2517 E0.207882
G1 X176.154611 Y123.245398 E0.207882
G1 X176.246397 Y124.241206 E0.207882
G1 X176.317586 Y125.238698 E0.207882
G1 X176.368149 Y126.237448 E0.207882
G1 X176.398066 Y127.23703 E0.207882
G1 X176.407327 Y128.237016 E0.207882
G1 X176.395928 Y129.23698 E0.207882
G1 X176.363877 Y130.236495 E0.207882
G1 X176.311189 Y131.235136 E0.207882
G1 X176.237887 Y132.232474 E0.207882
G1 X176.144005 Y133.228087 E0.207882
G1 X176.029584 Y134.221549 E0.207882
G1 X175.894675 Y135.212436 E0.207882
G1 X175.739337 Y136.200327 E0.207882
G1 X175.563638 Y137.1848 E0.207882
G1 X175.367654 Y138.165437 E0.207882
G1 X175.15147 Y139.141819 E0.207882
G1 X174.91518 Y140.113532 E0.207882
G1 X174.658887 Y141.080161 E0.207882
G1 X174.3827 Y142.041295 E0.207882
G1 X174.08674 Y142.996525 E0.207882
G1 X173.771133 Y143.945446 E0.207882
G1 X173.436016 Y144.887654 E0.207882
G1 X173.081533 Y145.822747 E0.207882
G1 X172.707836 Y146.750329 E0.207882
G1 X172.315086 Y147.670006 E0.207882
G1 X171.903452 Y148.581387 E0.207882
G1 X171.473109 Y149.484084 E0.207882
G1 X171.024243 Y150.377716 E0.207882
G1 X170.557045 Y151.261901 E0.207882
G1 X170.071716 Y152.136266 E0.207882
G1 X169.568464 Y153.000439 E0.207882
G1 X169.047504 Y153.854054 E0.207882
G1 X168.509059 Y154.696749 E0.207882
G1 X167.953358 Y155.528166 E0.207882
G1 X167.38064 Y156.347954 E0.207882
G1 X166.791149 Y157.155764 E0.207882
G1 X166.185136 Y157.951256 E0.207882
G1 X165.562861 Y158.734091 E0.207882
G1 X164.924588 Y159.503939 E0.207882
G1 X164.27059 Y160.260474 E0.207882
G1 X163.601147 Y161.003376 E0.207882
G1 X162.916542 Y161.73233 E0.207882
G1 X162.217068 Y162.447028 E0.207882
G1 X161.503023 Y163.147169 E0.207882
G1 X160.77471 Y163.832456 E0.207882
G1 X160.03244 Y164.502601 E0.207882
G1 X159.276529 Y165.157319 E0.207882
G1 X158.507298 Y165.796335 E0.207882
G1 X157.725074 Y166.419378 E0.207882
G1 X156.93019 Y167.026187 E0.207882
G1 X156.122984 Y167.616506 E0.207882
G1 X155.303798 Y168.190084 E0.207882
G1 X154.472981 Y168.746682 E0.207882
G1 X153.630885 Y169.286063 E0.207882
G1 X152.777869 Y169.808002 E0.207882
G1 X151.914293 Y170.312279 E0.207882
G1 X151.040525 Y170.798681 E0.207882
G1 X150.156935 Y171.267004 E0.207882
G1 X149.263898 Y171.717051 E0.207882
G1 X148.361792 Y172.148634 E0.207882
G1 X147.451001 Y172.56157 E0.207882
G1 X146.531909 Y172.955688 E0.207882
G1 X145.604907 Y173.33082 E0.207882
G1 X144.670387 Y173.686812 E0.207882
G1 X143.728745 Y174.023512 E0.207882
G1 X142.780379 Y174.340781 E0.207882
G1 X141.825691 Y174.638487 E0.207882
G1 X140.865085 Y174.916503 E0.207882
G1 X139.898967 Y175.174716 E0.207882
G1 X138.927746 Y175.413016 E0.207882
G1 X137.951832 Y175.631306 E0.207882
G1 X136.971639 Y175.829494 E0.207882
G1 X135.98758 Y176.007498 E0.207882
G1 X135.000071 Y176.165245 E0.207882
G1 X134.00953 Y176.30267 E0.207882
G1 X133.016374 Y176.419716 E0.207882
G1 X132.021024 Y176.516335 E0.207882
G1 X131.023899 Y176.592489 E0.207882
G1 X130.025421 Y176.648146 E0.207882
G1 X129.026009 Y176.683286 E0.207882
G1 X128.026087 Y176.697894 E0.207882
G1 X127.026076 Y176.691966 E0.207882
G1 X126.026398 Y176.665506 E0.207882
G1 X125.027473 Y176.618527 E0.207882
G1 X124.029723 Y176.551051 E0.207882
G1 X123.033569 Y176.463107 E0.207882
G1 X122.03943 Y176.354734 E0.207882
G1 X121.047725 Y176.225979 E0.207882
G1 X120.05887 Y176.076899 E0.207882
G1 X119.073284 Y175.907557 E0.207882
G1 X118.09138 Y175.718027 E0.207882
G1 X117.113571 Y175.508389 E0.207882
G1 X116.14027 Y175.278734 E0.207882
G1 X115.171885 Y175.02916 E0.207882
G1 X114.208823 Y174.759773 E0.207882
G1 X113.251489 Y174.470688 E0.207882
G1 X112.300286 Y174.162029 E0.207882
G1 X111.355614 Y173.833927 E0.207882
G1 X110.417868 Y173.486522 E0.207882
G1 X109.487444 Y173.11996 E0.207882
G1 X108.564731 Y172.734398 E0.207882
G1 X107.650117 Y172.329999 E0.207882
G1 X106.743985 Y171.906935 E0.207882
G1 X105.846717 Y171.465385 E0.207882
G1 X104.958688 Y171.005536 E0.207882
G1 X104.081932 Y170.524628 E0.207873
;WIDTH:1.250
; LINE_WIDTH: 1.250
;Z:0.979
;HEIGHT:0.579
M104 S240 ; temperatura de impresion
G1 F480 X103.992196 Y170.684171 Z0.581743 E0.053621
G1 X103.514802 Y170.412123 Z0.724126 E0.117994
M106 S255 ; set fan speed
G1 X103.04049 Y170.134736 Z0.866578 E0.117997
G1 X102.569321 Y169.852045 Z0.980186 E0.116637
G1 F240 X102.101352 Y169.564085 Z1.041893 E0.114939
G1 X101.636644 Y169.270893 Z1.039175 E0.114223
G1 F480 X101.175255 Y168.972505 Z0.972584 E0.115057
G1 X100.717243 Y168.668959 Z0.855635 E0.11678
G1 X100.262665 Y168.360294 Z0.712063 E0.118056
G1 X99.811579 Y168.046548 Z0.571008 E0.117925
G1 X99.364041 Y167.727761 Z0.461098 E0.116484
G1 X98.920109 Y167.403972 Z0.404641 E0.298539
G1 X98.479837 Y167.075223 Z0.413095 E0.29701
G1 X98.043281 Y166.741555 Z0.484743 E0.115188
G1 X97.610497 Y166.40301 Z0.605045 E0.116927
G1 X97.181528 Y166.059643 Z0.749584 E0.118107
G1 X96.756243 Y165.711719 Z0.889025 E0.117842
G1 F240 X96.334708 Y165.359255 Z0.995067 E0.11633
G1 X95.917129 Y165.002101 Z1.046187 E0.114717
G1 X95.503754 Y164.640082 Z1.032011 E0.114263
G1 F480 X95.094678 Y164.273209 Z0.955415 E0.11533
G1 X94.690284 Y163.901186 Z0.831946 E0.117073
G1 X94.290785 Y163.523929 Z0.686663 E0.118148
G1 X93.896035 Y163.141735 Z0.549051 E0.117746
G1 X93.505667 Y162.755106 Z0.447041 E0.116164
G1 X93.119416 Y162.364402 Z0.401337 E0.297963
G1 X92.736612 Y161.970348 Z0.421214 E0.114277
G1 X92.356701 Y161.573498 Z0.502638 E0.115451
G1 X91.979551 Y161.173971 Z0.629084 E0.117197
G1 X91.605506 Y160.771443 Z0.774888 E0.118178
G1 X91.23518 Y160.365383 Z0.910458 E0.117667
G1 F240 X90.869702 Y159.954866 Z1.008279 E0.116051
G1 X90.510489 Y159.538807 Z1.048497 E0.114569
G1 X90.158781 Y159.116373 Z1.02295 E0.114389
G1 F480 X89.815286 Y158.687241 Z0.936822 E0.115658
G1 X89.479907 Y158.251766 Z0.807595 E0.117375
G1 X89.151709 Y157.810928 Z0.661495 E0.118215
G1 X88.828994 Y157.366204 Z0.528176 E0.117537
G1 X88.509653 Y156.919247 Z0.434694 E0.115831
G1 X88.191641 Y156.471517 Z0.400024 E0.297408
G1 X87.873491 Y156.023932 Z0.431202 E0.114336
G1 X87.554785 Y155.576603 Z0.5219 E0.115722
G1 X87.236338 Y155.128796 Z0.65371 E0.117466
G1 X86.920176 Y154.67905 Z0.79988 E0.118251
G1 X86.609191 Y154.225487 Z0.930744 E0.117511
G1 F240 X86.306586 Y153.76622 Z1.019741 E0.115818
G1 X86.015194 Y153.299778 Z1.048809 E0.114487
G1 X85.736766 Y152.82549 Z1.012049 E0.114581
G1 F480 X85.471503 Y152.343671 Z0.91692 E0.116032
G1 X85.217858 Y151.855608 Z0.782731 E0.117693
G1 X84.972767 Y151.363313 Z0.636716 E0.118278
G1 X84.732203 Y150.86912 Z0.50851 E0.117323
G1 X84.491983 Y150.375212 Z0.424134 E0.115511
G1 X84.248697 Y149.883144 Z0.400712 E0.296951
G1 X84.000514 Y149.393521 Z0.442999 E0.114448
G1 X83.747746 Y148.905838 Z0.542411 E0.11604
G1 X83.492924 Y148.418598 Z0.678773 E0.117763
G1 X83.240393 Y147.929639 Z0.824408 E0.118336
G1 X82.995518 Y147.436596 Z0.949758 E0.117366
G1 F240 X82.763893 Y146.937293 Z1.029383 E0.115608
G1 X82.549379 Y146.430547 Z1.047122 E0.114449
G1 X82.353575 Y145.916255 Z0.999375 E0.114825
G1 F480 X82.175455 Y145.395386 Z0.895832 E0.116439
G1 X82.011423 Y144.869786 Z0.757508 E0.118013
G1 X81.855784 Y144.341858 Z0.612478 E0.118319
G1 X81.702018 Y143.81399 Z0.490176 E0.117085
G1 X81.544418 Y143.287977 Z0.415425 E0.299522
G1 X81.379094 Y142.764757 Z0.403396 E0.296641
G1 X81.204806 Y142.244274 Z0.456531 E0.114634
G1 X81.023302 Y141.725544 Z0.564045 E0.116407
G1 X80.839699 Y141.206733 Z0.704117 E0.11805
G1 X80.660481 Y140.685889 Z0.848319 E0.11836
G1 X80.492566 Y140.161265 Z0.967383 E0.117151
G1 F240 X80.342022 Y139.63165 Z1.037145 E0.115371
G1 X80.212758 Y139.096616 Z1.043445 E0.114428
G1 X80.104987 Y138.556733 Z0.985006 E0.115086
G1 F480 X80.015992 Y138.013183 Z0.873687 E0.11681
G1 X79.940439 Y137.467531 Z0.732082 E0.118233
G1 X79.871459 Y136.921377 Z0.588931 E0.11824
G1 X79.802041 Y136.376021 Z0.473287 E0.116782
G1 X79.726473 Y135.832231 Z0.408622 E0.298782
G1 X79.641512 Y135.29014 Z0.40806 E0.296564
G1 X79.54706 Y134.749299 Z0.471715 E0.114894
G1 X79.446194 Y134.208849 Z0.586667 E0.116758
G1 X79.344556 Y133.667779 Z0.729587 E0.118236
G1 X79.249205 Y133.125181 Z0.871467 E0.118258
G1 X79.167184 Y132.580475 Z0.983511 E0.116853
G1 F240 X79.104087 Y132.033515 Z1.042979 E0.11512
G1 X79.062912 Y131.48459 Z1.037802 E0.114434
G1 F480 X79.043449 Y130.934317 Z0.96903 E0.115349
G1 X79.042314 Y130.383455 Z0.850622 E0.117127
G1 X79.053641 Y129.832703 Z0.706608 E0.118361
G1 X79.070272 Y129.282528 Z0.566219 E0.118083
G1 X79.085216 Y128.733075 Z0.457946 E0.116456
G1 X79.093078 Y128.184169 Z0.403766 E0.298143
G1 X79.091155 Y127.635412 Z0.414674 E0.296651
G1 X79.079992 Y127.086349 Z0.488457 E0.115186
G1 X79.063268 Y126.536638 Z0.610139 E0.117089
G1 X79.047046 Y125.986203 Z0.755025 E0.118368
G1 X79.038537 Y125.4353 Z0.893708 E0.118106
G1 F240 X79.044627 Y124.884487 Z0.998041 E0.116544
G1 X79.07048 Y124.334503 Z1.04685 E0.114903
G1 X79.11848 Y123.786085 Z1.030227 E0.114491
G1 F480 X79.187755 Y123.239757 Z0.951547 E0.11564
G1 X79.274356 Y122.695675 Z0.826779 E0.117425
G1 X79.372068 Y122.153544 Z0.681245 E0.118441
G1 X79.473676 Y121.612656 Z0.544482 E0.117884
G1 X79.572438 Y121.072045 Z0.444249 E0.116124
G1 X79.663452 Y120.530719 Z0.400887 E0.297605
G1 X79.744648 Y119.987927 Z0.423199 E0.114183
G1 X79.817193 Y119.443399 Z0.506654 E0.115505
G1 X79.885245 Y118.897478 Z0.634316 E0.117401
G1 X79.955093 Y118.351125 Z0.780275 E0.11845
G1 X80.033862 Y117.805771 Z0.914906 E0.117912
G1 F240 X80.128062 Y117.263042 Z1.010885 E0.116232
G1 X80.242263 Y116.724417 Z1.048732 E0.114726
G1 X80.378171 Y116.190883 Z1.020767 E0.114598
G1 F480 X80.534295 Y115.662684 Z0.932664 E0.115951
G1 X80.706262 Y115.139217 Z0.802305 E0.117699
G1 X80.887718 Y114.619113 Z0.656148 E0.11847
G1 X81.071631 Y114.100495 Z0.523855 E0.117645
G1 X81.251717 Y113.58138 Z0.432279 E0.115796
G1 X81.42371 Y113.060118 Z0.400003 E0.297182
G1 X81.586211 Y112.535802 Z0.43358 E0.114321
G1 X81.740948 Y112.008527 Z0.526194 E0.115841
G1 X81.892398 Y111.479454 Z0.659049 E0.117685
G1 X82.046852 Y110.950636 Z0.80518 E0.118482
G1 X82.211118 Y110.424645 Z0.934929 E0.117682
G1 F240 X82.391131 Y109.904053 Z1.021963 E0.115926
G1 X82.59075 Y109.390897 Z1.048616 E0.114593
G1 X82.810984 Y108.88622 Z1.00948 E0.114753
G1 F480 X83.049812 Y108.389808 Z0.912497 E0.116275
G1 X83.302613 Y107.900181 Z0.777351 E0.117942
G1 X83.563125 Y107.414862 Z0.631472 E0.118449
G1 X83.824723 Y106.930867 Z0.504466 E0.117375
G1 X84.081766 Y106.44533 Z0.42211 E0.115479
G1 X84.330723 Y105.956134 Z0.40112 E0.296885
G1 X84.570861 Y105.462406 Z0.445755 E0.114506
G1 X84.804356 Y104.964773 Z0.546957 E0.116188
G1 X85.035814 Y104.465305 Z0.684185 E0.117936
G1 X85.2713 Y103.967151 Z0.829588 E0.118462
G1 X85.517086 Y103.473934 Z0.953656 E0.117421
G1 F240 X85.778367 Y102.989015 Z1.031206 E0.115634
G1 X86.058215 Y102.514792 Z1.046501 E0.114509
G1 X86.356977 Y102.052166 Z0.996436 E0.114951
G1 F480 X86.672233 Y101.600314 Z0.891171 E0.116603
G1 X86.999317 Y101.156807 Z0.752072 E0.118148
G1 X87.332287 Y100.718079 Z0.607369 E0.118378
G1 X87.665139 Y100.280144 Z0.486432 E0.117077
G1 X87.993019 Y99.83943 Z0.413806 E0.29947
G1 X88.313181 Y99.393552 Z0.40423 E0.296723
G1 X88.625502 Y98.941861 Z0.459649 E0.114736
G1 X88.932461 Y98.485642 Z0.568814 E0.116536
G1 X89.238581 Y98.027922 Z0.70957 E0.118148
G1 X89.549477 Y97.572898 Z0.853348 E0.118393
G1 X89.870687 Y97.125113 Z0.970969 E0.117136
G1 F240 X90.206544 Y96.688526 Z1.038559 E0.115362
G1 X90.559311 Y96.265686 Z1.042401 E0.114474
G1 F480 X90.928751 Y95.857174 Z0.981714 E0.115188
G1 X91.31221 Y95.461442 Z0.868817 E0.116927
G1 X91.705195 Y95.075087 Z0.726622 E0.118312
G1 X92.102307 Y94.693524 Z0.583989 E0.118258
G1 X92.498342 Y94.311918 Z0.469866 E0.116761
G1 X92.889337 Y93.926189 Z0.407416 E0.298764
G1 X93.27333 Y93.533889 Z0.409314 E0.296699
G1 X93.65071 Y93.134755 Z0.475175 E0.115003
G1 X94.024079 Y92.730827 Z0.59163 E0.116878
G1 X94.397662 Y92.326084 Z0.735046 E0.118316
G1 X94.77641 Y91.925674 Z0.876314 E0.118277
G1 F240 X95.164967 Y91.534886 Z0.986762 E0.116835
G1 X95.566729 Y91.158064 Z1.043975 E0.115119
G1 X95.983176 Y90.797709 Z1.03634 E0.114491
G1 F480 X96.413607 Y90.453924 Z0.965407 E0.115458
G1 X96.855328 Y90.124365 Z0.845573 E0.11724
G1 X97.304237 Y89.804681 Z0.701158 E0.118429
G1 X97.75568 Y89.489388 Z0.561474 E0.118092
G1 X98.205399 Y89.172986 Z0.45487 E0.116433
G1 X98.650369 Y88.8511 Z0.402982 E0.298146
G1 X99.089368 Y88.521417 Z0.416342 E0.296815
G1 X99.52316 Y88.184198 Z0.492238 E0.115301
G1 X99.954271 Y87.84228 Z0.615266 E0.117206
G1 X100.386413 Y87.500542 Z0.760457 E0.118437
G1 X100.823687 Y87.164938 Z0.898343 E0.118115
G1 F240 X101.269725 Y86.841302 Z1.000938 E0.116525
G1 X101.726963 Y86.534146 Z1.047421 E0.114911
G1 X102.19617 Y86.245728 Z1.028357 E0.114559
G1 F480 X102.676338 Y85.975558 Z0.947615 E0.115754
G1 X103.164937 Y85.72047 Z0.821582 E0.117534
G1 X103.658469 Y85.475241 Z0.675839 E0.118499
G1 X104.153198 Y85.23365 Z0.539964 E0.117883
G1 X104.645905 Y84.989744 Z0.441536 E0.116102
G1 X105.13451 Y84.739071 Z0.40053 E0.297632
G1 X105.618434 Y84.479627 Z0.425269 E0.114257
G1 X106.098648 Y84.212294 Z0.510732 E0.115624
G1 X106.577398 Y83.940704 Z0.639575 E0.117512
G1 X107.057685 Y83.670534 Z0.785646 E0.118508
G1 X107.542608 Y83.408362 Z0.9193 E0.117913
G1 F240 X108.034719 Y83.160344 Z1.01341 E0.116214
G1 X108.535516 Y82.930945 Z1.048876 E0.114743
G1 X109.045178 Y82.722021 Z1.0185 E0.114676
G1 F480 X109.562573 Y82.532412 Z0.928446 E0.116068
G1 X110.085534 Y82.358132 Z0.796993 E0.117802
G1 X110.611354 Y82.19321 Z0.650819 E0.118517
G1 X111.137353 Y82.030885 Z0.519592 E0.117637
G1 X111.661399 Y81.864981 Z0.429946 E0.115775
G1 X112.182312 Y81.691191 Z0.400074 E0.297236
G1 X112.700037 Y81.507997 Z0.436041 E0.114406
G1 X113.215572 Y81.316979 Z0.530545 E0.115963
G1 X113.730678 Y81.122519 Z0.664407 E0.117789
G1 X114.247467 Y80.930932 Z0.810458 E0.118527
G1 X114.767923 Y80.749196 Z0.939056 E0.117673
G1 F240 X115.293484 Y80.583509 Z1.0241 E0.115908
G1 X115.824774 Y80.438029 Z1.048331 E0.114619
G1 X116.361518 Y80.314027 Z1.00683 E0.114839
G1 F480 X116.902657 Y80.209626 Z0.90802 E0.116391
G1 X117.446605 Y80.120131 Z0.771956 E0.118033
G1 X117.991625 Y80.039032 Z0.626253 E0.118481
G1 X118.536188 Y79.959321 Z0.500483 E0.117357
G1 X119.079265 Y79.874922 Z0.420172 E0.115461
G1 X119.620485 Y79.781934 Z0.401619 E0.296972
G1 X120.160138 Y79.679434 Z0.448591 E0.114603
G1 X120.69903 Y79.569673 Z0.551553 E0.116309
G1 X121.238243 Y79.457625 Z0.689609 E0.118026
G1 X121.778847 Y79.349976 Z0.834739 E0.11849
G1 X122.321646 Y79.253766 Z0.957488 E0.1174
G1 F240 X122.867013 Y79.174954 Z1.032943 E0.115615
G1 X123.414837 Y79.117205 Z1.045789 E0.114542
G1 X123.964593 Y79.081148 Z0.993419 E0.115043
G1 F480 X124.515505 Y79.064242 Z0.886463 E0.116712
G1 X125.066753 Y79.061306 Z0.746627 E0.118222
G1 X125.617677 Y79.065567 Z0.602293 E0.118392
G1 X126.167912 Y79.070048 Z0.482755 E0.117052
G1 X126.717439 Y79.068993 Z0.412274 E0.29944
G1 X127.266533 Y79.059029 Z0.405154 E0.296847
G1 X127.815631 Y79.039861 Z0.462841 E0.114842
G1 X128.36516 Y79.014313 Z0.573627 E0.116653
G1 X128.915374 Y78.98776 Z0.715026 E0.118222
G1 X129.466241 Y78.967018 Z0.858341 E0.118402
G1 X130.017421 Y78.958958 Z0.974484 E0.117105
G1 F240 X130.568337 Y78.969106 Z1.039884 E0.115346
G1 X131.11832 Y79.000519 Z1.041266 E0.114515
G1 F480 X131.666793 Y79.053178 Z0.97835 E0.115283
G1 X132.21344 Y79.123994 Z0.863906 E0.117028
G1 X132.758321 Y79.207456 Z0.721161 E0.118368
G1 X133.301885 Y79.296768 Z0.579086 E0.118256
G1 X133.844876 Y79.385212 Z0.466517 E0.116732
G1 X134.388154 Y79.467515 Z0.406301 E0.298758
G1 X134.932463 Y79.54092 Z0.410658 E0.296859
G1 X135.478198 Y79.605746 Z0.478705 E0.115115
G1 X136.025254 Y79.665256 Z0.596631 E0.116988
G1 X136.572969 Y79.725026 Z0.740502 E0.118373
G1 X137.120203 Y79.79179 Z0.881118 E0.118269
G1 F240 X137.66555 Y79.872065 Z0.989939 E0.116798
G1 X138.207633 Y79.970794 Z1.04488 E0.115108
G1 X138.745401 Y80.090415 Z1.03479 E0.11454
G1 F480 X139.278401 Y80.230327 Z0.961716 E0.115554
G1 X139.806919 Y80.387035 Z0.84049 E0.117332
G1 X140.331968 Y80.554872 Z0.695715 E0.118472
G1 X140.855095 Y80.727177 Z0.556776 E0.118079
G1 X141.378074 Y80.897625 Z0.45187 E0.116404
G1 X141.902502 Y81.061511 Z0.402289 E0.298166
G1 X142.429423 Y81.216694 Z0.418096 E0.297005
G1 X142.95903 Y81.364015 Z0.496084 E0.115417
G1 X143.490556 Y81.507101 Z0.620423 E0.117308
G1 X144.022359 Y81.651602 Z0.765878 E0.118481
G1 X144.552209 Y81.804029 Z0.902928 E0.118098
G1 F240 X145.077722 Y81.970417 Z1.003757 E0.116488
G1 X145.596857 Y82.155099 Z1.047901 E0.114908
G1 X146.108364 Y82.359835 Z1.0264 E0.114618
G1 F480 X146.612086 Y82.583472 Z0.943619 E0.115853
G1 X147.109037 Y82.822197 Z0.816359 E0.117619
G1 X147.601241 Y83.07033 Z0.670447 E0.11853
G1 X148.09133 Y83.32149 Z0.535499 E0.117864
G1 X148.582004 Y83.56989 Z0.438903 E0.116075
G1 X149.075439 Y83.811501 Z0.400264 E0.297679
G1 X149.572791 Y84.044845 Z0.427424 E0.11434
G1 X150.07388 Y84.271265 Z0.514871 E0.115741
G1 X150.577163 Y84.494612 Z0.644857 E0.117606
G1 X151.07998 Y84.720434 Z0.791 E0.11854
G1 X151.579061 Y84.954821 Z0.923638 E0.117888
G1 F240 X152.071174 Y85.203161 Z1.015853 E0.116179
G1 X152.553801 Y85.469046 Z1.048928 E0.11475
G1 X153.025682 Y85.753557 Z1.016149 E0.114745
G1 F480 X153.487116 Y86.055075 Z0.924171 E0.116168
G1 X153.939949 Y86.369632 Z0.79166 E0.117879
G1 X154.387225 Y86.691741 Z0.645512 E0.118538
G1 X154.832583 Y87.015523 Z0.515387 E0.117613
G1 X155.279501 Y87.335895 Z0.427696 E0.115752
G1 X155.730547 Y87.649583 Z0.400237 E0.29731
G1 X156.186802 Y87.955752 Z0.438583 E0.114498
G1 X156.647572 Y88.256127 Z0.53495 E0.11608
G1 X157.110463 Y88.554602 Z0.669781 E0.117874
G1 X157.571817 Y88.856403 Z0.815711 E0.118549
G1 X158.027425 Y89.167004 Z0.943121 E0.117645
G1 F240 X158.473376 Y89.491001 Z1.026152 E0.115878
G1 X158.906868 Y89.831192 Z1.047954 E0.114638
G1 X159.32682 Y90.188021 Z1.0041 E0.114918
G1 F480 X159.73412 Y90.559541 Z0.903492 E0.116492
G1 X160.131476 Y90.941841 Z0.766548 E0.118106
G1 X160.522919 Y91.329844 Z0.621063 E0.118496
G1 X160.912974 Y91.718356 Z0.496564 E0.117332
G1 X161.305722 Y92.103119 Z0.418319 E0.300155
G1 X161.703935 Y92.481636 Z0.40221 E0.29707
G1 X162.108475 Y92.853618 Z0.451504 E0.1147
G1 X162.518032 Y93.221016 Z0.556198 E0.116425
G1 X162.929343 Y93.58756 Z0.695043 E0.118107
G1 X163.337809 Y93.957959 Z0.839859 E0.11851
G1 X163.738411 Y94.336912 Z0.961255 E0.117376
G1 F240 X164.126712 Y94.728164 Z1.034592 E0.115597
G1 X164.499786 Y95.133747 Z1.044986 E0.114575
G1 X164.85685 Y95.5536 Z0.990327 E0.115134
G1 F480 X165.199471 Y95.985603 Z0.881709 E0.116821
G1 X165.531253 Y96.426077 Z0.741176 E0.118297
G1 X165.857158 Y96.870521 Z0.597252 E0.118409
G1 X166.182501 Y97.314538 Z0.479146 E0.11703
G1 X166.511841 Y97.754715 Z0.41083 E0.299411
G1 X166.848019 Y98.189281 Z0.406169 E0.29696
G1 X167.191523 Y98.618415 Z0.466108 E0.114943
G1 X167.540337 Y99.044145 Z0.578483 E0.116771
G1 X167.890296 Y99.469881 Z0.720486 E0.118304
G1 X168.235899 Y99.899671 Z0.863296 E0.118426
G1 X168.571408 Y100.337356 Z0.977929 E0.117091
G1 F240 X168.892016 Y100.785783 Z1.041119 E0.115342
G1 X169.194852 Y101.246246 Z1.040041 E0.114565
G1 F480 X169.479593 Y101.718258 Z0.974914 E0.115388
G1 X169.74857 Y102.199694 Z0.858956 E0.117146
G1 X170.006321 Y102.687257 Z0.715701 E0.118448
G1 X170.258689 Y103.177179 Z0.574225 E0.118275
G1 X170.51163 Y103.665984 Z0.463241 E0.116712
G1 X170.769985 Y104.151171 Z0.405275 E0.29874
G1 X171.036457 Y104.631679 Z0.41209 E0.296988
G1 X171.31102 Y105.108034 Z0.482305 E0.115222
G1 X171.590872 Y105.582178 Z0.601668 E0.117109
G1 X171.870967 Y106.057003 Z0.745953 E0.118458
G1 X172.145018 Y106.535718 Z0.885877 E0.118298
G1 F240 X172.406758 Y107.021171 Z0.993041 E0.116791
G1 X172.651225 Y107.515271 Z1.045695 E0.115117
G1 X172.875792 Y108.018629 Z1.033152 E0.114607
G1 F480 X173.080728 Y108.530475 Z0.957958 E0.115673
G1 X173.269177 Y109.048863 Z0.835374 E0.117457
G1 X173.44654 Y109.571108 Z0.690281 E0.118553
G1 X173.619399 Y110.094353 Z0.552125 E0.118097
G1 X173.794149 Y110.616153 Z0.448947 E0.116384
G1 X173.975688 Y111.134942 Z0.401687 E0.298161
G1 X174.166394 Y111.650288 Z0.419938 E0.114291
G1 X174.365622 Y112.162906 Z0.499995 E0.115531
G1 X174.569747 Y112.674453 Z0.62561 E0.117432
G1 X174.772933 Y113.187096 Z0.771288 E0.118564
G1 X174.968291 Y113.703036 Z0.907463 E0.118124
G1 F240 X175.149271 Y114.224034 Z1.006497 E0.116485
G1 X175.310985 Y114.75107 Z1.048289 E0.114928
G1 X175.451275 Y115.284163 Z1.024358 E0.114698
G1 F480 X175.571121 Y115.822431 Z0.939561 E0.11598
G1 X175.674467 Y116.364326 Z0.811109 E0.117745
G1 X175.767433 Y116.907984 Z0.66507 E0.118605
G1 X175.857084 Y117.451627 Z0.531087 E0.117874
G1 X175.949964 Y117.993922 Z0.43635 E0.116054
G1 X176.050755 Y118.534204 Z0.400089 E0.297694
G1 X176.161315 Y119.072548 Z0.429663 E0.11441
G1 X176.280282 Y119.609673 Z0.519069 E0.115862
G1 X176.403335 Y120.146708 Z0.650162 E0.117727
G1 X176.524064 Y120.684899 Z0.796335 E0.118615
G1 X176.635266 Y121.225304 Z0.927921 E0.117908
G1 F240 X176.730414 Y121.768567 Z1.018214 E0.116176
G1 X176.804985 Y122.314802 Z1.048887 E0.11478
G1 X176.857394 Y122.863612 Z1.013716 E0.114836
G1 F480 X176.889316 Y123.414225 Z0.919839 E0.1163
G1 X176.905355 Y123.965707 Z0.786309 E0.117999
G1 X176.912112 Y124.517188 Z0.640226 E0.118602
G1 X176.916835 Y125.068063 Z0.511241 E0.117615
G1 X176.925945 Y125.61809 Z0.425531 E0.115733
G1 X176.943724 Y126.167396 Z0.400492 E0.297351
G1 X176.971436 Y126.716379 Z0.441206 E0.114579
G1 X177.00707 Y127.265542 Z0.539409 E0.116205
G1 X177.045742 Y127.815308 Z0.675171 E0.11799
G1 X177.080693 Y128.365869 Z0.820938 E0.118614
G1 X177.104664 Y128.9171 Z0.947124 E0.117657
G1 F240 X177.111377 Y129.468585 Z1.028119 E0.115879
G1 X177.096811 Y130.019715 Z1.047485 E0.114677
G1 X177.060023 Y130.569863 Z1.001291 E0.115019
G1 F480 X177.003338 Y131.118566 Z0.898912 E0.116627
G1 X176.931872 Y131.665673 Z0.761128 E0.118219
G1 X176.852486 Y132.211412 Z0.615902 E0.118548
G1 X176.772389 Y132.756356 Z0.49271 E0.117327
G1 X176.697672 Y133.30128 Z0.416554 E0.300111
G1 X176.632066 Y133.846953 Z0.402891 E0.29714
G1 X176.576196 Y134.393908 Z0.454495 E0.114793
G1 X176.527459 Y134.942246 Z0.560891 E0.116553
G1 X176.480566 Y135.491536 Z0.700485 E0.118216
G1 X176.4286 Y136.040838 Z0.844946 E0.118563
G1 X176.364467 Y136.588861 Z0.964955 E0.11738
G1 F240 X176.282368 Y137.134232 Z1.036153 E0.115598
G1 X176.178948 Y137.675795 Z1.044092 E0.114624
G1 X176.05395 Y138.212892 Z0.987159 E0.115243
G1 F480 X175.910303 Y138.745562 Z0.87691 E0.116952
G1 X175.753508 Y139.274585 Z0.735721 E0.118395
G1 X175.590439 Y139.801333 Z0.592247 E0.118442
G1 X175.427963 Y140.327506 Z0.475607 E0.117014
G1 X175.271584 Y140.854758 Z0.409476 E0.299379
G1 X175.124283 Y141.384296 Z0.407274 E0.297072
G1 X174.985925 Y141.916552 Z0.469448 E0.115049
G1 X174.853379 Y142.451035 Z0.58338 E0.116896
G1 X174.721175 Y142.986355 Z0.725947 E0.118393
G1 X174.582617 Y143.520449 Z0.868212 E0.118452
G1 X174.431182 Y144.050977 Z0.981302 E0.117074
G1 F240 X174.261882 Y144.575825 Z1.042265 E0.115337
G1 X174.072233 Y145.093546 Z1.038728 E0.114617
G1 F480 X173.862723 Y145.603698 Z0.971407 E0.115494
G1 X173.636679 Y146.106981 Z0.853968 E0.117258
G1 X173.399562 Y146.605133 Z0.710244 E0.118514
G1 X173.15783 Y147.100589 Z0.569407 E0.118279
G1 X172.917617 Y147.595982 Z0.460039 E0.116684
G1 X172.68351 Y148.093578 Z0.404339 E0.298738
G1 X172.457638 Y148.594756 Z0.413611 E0.297156
G1 X172.239303 Y149.09967 Z0.485974 E0.115337
G1 X172.025157 Y149.607147 Z0.60674 E0.11722
G1 X171.809936 Y150.11487 Z0.751399 E0.118513
G1 X171.587563 Y150.619808 Z0.890591 E0.118286
G1 F240 X171.352396 Y151.118819 Z0.996067 E0.116752
G1 X171.100377 Y151.609297 Z1.046418 E0.115107
G1 X170.829819 Y152.089724 Z1.031426 E0.114659
G1 F480 X170.541719 Y152.560016 Z0.954133 E0.115768
G1 X170.239511 Y153.021576 Z0.830227 E0.117541
G1 X169.928332 Y153.477034 Z0.684855 E0.118582
G1 X169.613959 Y153.929724 Z0.547523 E0.118073
G1 X169.301636 Y154.382994 Z0.446102 E0.116352
G1 X168.995027 Y154.83949 Z0.401177 E0.298202
G1 X168.695519 Y155.300575 Z0.421866 E0.114376
G1 X168.401993 Y155.765992 Z0.50397 E0.115649
G1 X168.111116 Y156.23387 Z0.630825 E0.117521
G1 X167.818062 Y156.701048 Z0.776685 E0.118582
G1 X167.517534 Y157.163699 Z0.911946 E0.11808
G1 F240 X167.204875 Y157.618111 Z1.009156 E0.116428
G1 X166.876958 Y158.061419 Z1.048586 E0.114917
G1 X166.532784 Y158.492197 Z1.022232 E0.114751
G1 F480 X166.173678 Y158.910811 Z0.935443 E0.116062
G1 X165.802972 Y159.319358 Z0.805834 E0.1178
G1 X165.425287 Y159.72126 Z0.659711 E0.118603
G1 X165.045567 Y160.120558 Z0.526729 E0.117833
G1 X164.668131 Y160.521123 Z0.43388 E0.116026
G1 X164.295804 Y160.925819 Z0.400007 E0.29778
G1 X163.92938 Y161.335875 Z0.431986 E0.114508
G1 X163.5675 Y161.75056 Z0.523325 E0.115976
G1 X163.207079 Y162.167379 Z0.655488 E0.117796
G1 X162.843871 Y162.582433 Z0.801649 E0.118608
G1 X162.473393 Y162.991212 Z0.932146 E0.117846
G1 F240 X162.091853 Y163.389518 Z1.020491 E0.116118
G1 X161.696941 Y163.774351 Z1.048755 E0.114775
G1 X161.288165 Y164.144441 Z1.011202 E0.114893
G1 F480 X160.867011 Y164.500628 Z0.915452 E0.116375
G1 X160.436589 Y164.845705 Z0.78094 E0.118039
G1 X160.000967 Y165.183866 Z0.634965 E0.118585
G1 X159.564339 Y165.51986 Z0.507155 E0.117569
G1 X159.130183 Y165.858015 Z0.42345 E0.115712
G1 X158.700586 Y166.20132 Z0.400838 E0.29747
G1 X158.275866 Y166.550781 Z0.443909 E0.114684
G1 X157.85457 Y166.905164 Z0.543921 E0.116314
G1 X157.433825 Y167.261205 Z0.680576 E0.118045
G1 X157.00997 Y167.614234 Z0.826138 E0.118593
G1 X156.579334 Y167.959107 Z0.951064 E0.117591
G1 F240 X156.138985 Y168.29125 Z1.03 E0.115826
G1 X155.687322 Y168.607601 Z1.046925 E0.114684
G1 X155.22436 Y168.907256 Z0.998404 E0.115082
G1 F480 X154.751694 Y169.191679 Z0.894284 E0.116698
G1 X154.272135 Y169.464431 Z0.755697 E0.118248
G1 X153.789115 Y169.73046 Z0.610772 E0.118523
G1 X153.305977 Y169.995093 Z0.488921 E0.11728
G1 X152.825319 Y170.262942 Z0.414876 E0.300078
G1 X152.348501 Y170.536936 Z0.403664 E0.297289
G1 X151.875432 Y170.817694 Z0.457562 E0.114902
G1 X151.404646 Y171.103354 Z0.565629 E0.116655
G1 X150.93367 Y171.389923 Z0.705934 E0.118257
G1 X150.459576 Y171.67206 Z0.849999 E0.11853
G1 X149.979602 Y171.944152 Z0.968586 E0.117311
G1 F240 X149.491723 Y172.201455 Z1.037626 E0.115553
G1 X148.995039 Y172.44107 Z1.043107 E0.114641
G1 F480 X148.489926 Y172.662553 Z0.983917 E0.11531
G1 X147.977913 Y172.868026 Z0.872068 E0.117019
G1 X147.461335 Y173.061763 Z0.730262 E0.118416
G1 X146.942828 Y173.249328 Z0.587279 E0.118412
G1 X146.424789 Y173.436421 Z0.472139 E0.116971
G1 X145.908871 Y173.627612 Z0.40821 E0.299374
G1 X145.395849 Y173.825766 Z0.408468 E0.297241
G1 X144.885392 Y174.031119 Z0.47286 E0.115157
G1 X144.376223 Y174.241251 Z0.588317 E0.116992
G1 X143.866441 Y174.451542 Z0.731407 E0.11843
G1 X143.353993 Y174.656185 Z0.873087 E0.118426
G1 F240 X142.837054 Y174.84919 Z0.984603 E0.117024
G1 X142.314406 Y175.025592 Z1.043321 E0.115315
G1 X141.785687 Y175.18254 Z1.037325 E0.114655
G1 F480 X141.251452 Y175.31999 Z0.96783 E0.115578
G1 X140.712961 Y175.440542 Z0.848943 E0.117342
G1 X140.171912 Y175.549025 Z0.704791 E0.118559
G1 X139.630126 Y175.651736 Z0.564632 E0.118275
G1 X139.089144 Y175.755062 Z0.456912 E0.116659
G1 X138.54991 Y175.86406 Z0.403495 E0.298736
G1 X138.012683 Y175.981616 Z0.41522 E0.297297
G1 X137.477029 Y176.107772 Z0.48971 E0.115439
G1 X136.941943 Y176.239489 Z0.611845 E0.117332
G1 X136.406136 Y176.371251 Z0.756837 E0.118594
G1 X135.868352 Y176.496159 Z0.895258 E0.11832
G1 F240 X135.327648 Y176.607293 Z0.999016 E0.116758
G1 X134.783597 Y176.699168 Z1.04705 E0.11513
G1 X134.236353 Y176.768889 Z1.029613 E0.114736
G1 F480 X133.686576 Y176.81681 Z0.950243 E0.115899
G1 X133.135246 Y176.846534 Z0.82505 E0.117688
G1 X132.58342 Y176.864213 Z0.679441 E0.118694
G1 X132.031983 Y176.877352 Z0.542971 E0.11812
G1 X131.48147 Y176.893279 Z0.443335 E0.116345
G1 X130.931984 Y176.917627 Z0.400758 E0.298166
G1 X130.383234 Y176.953146 Z0.423879 E0.114412
G1 X129.834676 Y176.999048 Z0.508007 E0.115759
G1 X129.28571 Y177.051135 Z0.636066 E0.11768
G1 X128.73589 Y177.102587 Z0.782067 E0.118738
G1 X128.185067 Y177.145325 Z0.916376 E0.118192
G1 F240 X127.633453 Y177.171656 Z1.011736 E0.116497
G1 X127.08157 Y177.175844 Z1.04879 E0.114985
G1 X126.5301 Y177.155351 Z1.02002 E0.114872
G1 F480 X125.979685 Y177.111402 Z0.931265 E0.116256
G1 X125.430725 Y177.0488 Z0.800537 E0.118026
G1 X124.883239 Y176.974983 Z0.654369 E0.118791
G1 X124.336825 Y176.898534 Z0.522428 E0.117926
G1 X123.790747 Y176.827442 Z0.431492 E0.116025
G1 X123.244126 Y176.767447 Z0.400017 E0.297697
G1 X122.696189 Y176.720924 Z0.434391 E0.114536
G1 X122.146553 Y176.686076 Z0.527638 E0.116115
G1 X121.595409 Y176.657358 Z0.660833 E0.118019
G1 X121.043549 Y176.62676 Z0.806942 E0.118841
G1 X120.492275 Y176.585331 Z0.936312 E0.118024
G1 F240 X119.943173 Y176.524901 Z1.022685 E0.116229
G1 X119.397725 Y176.439999 Z1.048531 E0.114876
G1 X118.856953 Y176.328964 Z1.008605 E0.115058
G1 F480 X118.321145 Y176.194184 Z0.911011 E0.116629
G1 X117.78972 Y176.041661 Z0.775555 E0.118329
G1 X117.261269 Y175.879845 Z0.629729 E0.118819
G1 X116.733815 Y175.71793 Z0.503131 E0.117675
G1 X116.205276 Y175.563784 Z0.421454 E0.1157
G1 X115.673925 Y175.422457 Z0.401276 E0.297368
G1 X115.138831 Y175.295161 Z0.446692 E0.114727
G1 X114.600126 Y175.179132 Z0.548483 E0.11649
G1 X114.059204 Y175.06778 Z0.685992 E0.118308
G1 X113.518368 Y174.95258 Z0.831309 E0.118852
G1 X112.980456 Y174.824643 Z0.95494 E0.117776
G1 F240 X112.448262 Y174.676528 Z1.031795 E0.115941
G1 X111.923938 Y174.503745 Z1.046274 E0.114799
G1 X111.408491 Y174.305655 Z0.995439 E0.115275
G1 F480 X110.901505 Y174.085573 Z0.889607 E0.116979
G1 X110.40116 Y173.850065 Z0.750258 E0.118549
G1 X109.904556 Y173.6076 Z0.605673 E0.118746
G1 X109.408287 Y173.366814 Z0.485199 E0.117367
G1 X108.909169 Y173.134761 Z0.413285 E0.300021
G1 X108.40494 Y172.915502 Z0.404528 E0.297212
G1 X107.894819 Y172.709312 Z0.460705 E0.114971
G1 X107.379753 Y172.512666 Z0.570413 E0.116855
G1 X106.86232 Y172.318999 Z0.711388 E0.118529
G1 X106.34627 Y172.120071 Z0.855017 E0.118782
G1 X105.835796 Y171.907667 Z0.972148 E0.117485
G1 F240 X105.334677 Y171.675269 Z1.03901 E0.115666
G1 X104.84547 Y171.419362 Z1.042032 E0.114769
G1 F480 X104.36893 Y171.140125 Z0.980601 E0.115523
G1 X103.903789 Y170.841354 Z0.867184 E0.117314
;WIDTH:1.250
; LINE_WIDTH: 1.250
;Z:1.595
;HEIGHT:1.195
G1 X103.691238 Y171.219253 Z1.310902 E0.128962
G1 X103.25135 Y170.868462 Z1.035422 E0.130225
G1 X102.816289 Y170.513215 Z0.759809 E0.130058
G1 X102.376857 Y170.168788 Z0.540434 E0.124701
G1 X101.925079 Y169.846981 Z0.422253 E0.306517
G1 X101.45594 Y169.553779 Z0.429687 E0.299033
G1 X100.968556 Y169.28822 Z0.561659 E0.118595
G1 X100.466519 Y169.0427 Z0.791818 E0.125639
G1 X99.957309 Y168.804614 Z1.073884 E0.130737
G1 X99.450874 Y168.558992 Z1.351043 E0.13042
G1 F240 X98.95764 Y168.291576 Z1.567476 E0.125008
G1 X98.486361 Y167.991711 Z1.679689 E0.118437
G1 X98.042286 Y167.6544 Z1.665341 E0.115962
G1 F480 X97.625885 Y167.281353 Z1.527777 E0.119683
G1 X97.232596 Y166.88056 Z1.29535 E0.126332
G1 X96.853771 Y166.46441 Z1.015667 E0.130633
G1 X96.478324 Y166.047172 Z0.745924 E0.129453
G1 X96.094929 Y165.642151 Z0.541302 E0.12349
G1 X95.694491 Y165.258876 Z0.443763 E0.30419
G1 X95.272096 Y164.901281 Z0.473538 E0.299553
G1 X94.828084 Y164.567088 Z0.625016 E0.119737
G1 X94.368123 Y164.248411 Z0.867887 E0.126805
G1 X93.902183 Y163.933451 Z1.153291 E0.131103
G1 X93.442599 Y163.608969 Z1.423736 E0.12976
G1 F240 X93.001452 Y163.263132 Z1.624766 E0.123791
G1 X92.588139 Y162.887817 Z1.716014 E0.117595
G1 X92.207429 Y162.480127 Z1.679393 E0.116205
G1 F480 X91.858335 Y162.042925 Z1.522768 E0.120773
G1 X91.534154 Y161.584171 Z1.278363 E0.127345
G1 X91.223958 Y161.115007 Z0.996213 E0.130804
G1 X90.914726 Y160.64749 Z0.734017 E0.128639
G1 X90.594004 Y160.192135 Z0.545423 E0.122237
G1 X90.252484 Y159.755859 Z0.469141 E0.302277
G1 X89.885974 Y159.340698 Z0.521086 E0.115626
G1 X89.496338 Y158.943564 Z0.691149 E0.120935
G1 X89.091198 Y158.557038 Z0.945248 E0.127824
G1 X88.682448 Y158.171024 Z1.232243 E0.131217
G1 X88.283849 Y157.774895 Z1.49432 E0.128897
G1 F240 X87.90825 Y157.359661 Z1.678721 E0.122541
G1 X87.564942 Y156.919741 Z1.748454 E0.116902
G1 X87.25772 Y156.45398 Z1.689799 E0.116625
G1 F480 X86.984061 Y155.965737 Z1.515093 E0.121886
G1 X86.735581 Y155.462057 Z1.260229 E0.128209
G1 X86.499717 Y154.952115 Z0.977365 E0.130761
G1 X86.262279 Y154.445294 Z0.724345 E0.127681
G1 X86.010352 Y153.949291 Z0.552956 E0.121008
G1 X85.734957 Y153.468647 Z0.498414 E0.300845
G1 X85.43293 Y153.003964 Z0.572223 E0.116224
G1 X85.107623 Y152.551959 Z0.759835 E0.122158
G1 X84.768273 Y152.106299 Z1.023608 E0.128706
G1 X84.428154 Y151.659032 Z1.310438 E0.131143
G1 X84.10188 Y151.202277 Z1.562544 E0.127913
G1 F240 X83.802439 Y150.729829 Z1.729193 E0.121326
G1 X83.538534 Y150.238348 Z1.776994 E0.116389
G1 X83.312761 Y149.727921 Z1.69668 E0.117217
G1 F480 X83.121077 Y149.201891 Z1.504983 E0.123016
G1 X82.953766 Y148.665948 Z1.241244 E0.128948
G1 X82.797127 Y148.127007 Z0.959424 E0.130551
G1 X82.636362 Y147.591709 Z0.717154 E0.126631
G1 X82.45867 Y147.065069 Z0.564038 E0.311593
G1 X82.255773 Y146.549606 Z0.531585 E0.299915
G1 X82.025543 Y146.045008 Z0.626816 E0.116983
G1 X81.772653 Y145.548292 Z0.830835 E0.123385
G1 X81.507613 Y145.054597 Z1.102668 E0.129464
G1 X81.244619 Y144.558301 Z1.387578 E0.13092
G1 X80.998676 Y144.05423 Z1.628173 E0.126866
G1 F240 X80.782677 Y143.538657 Z1.776055 E0.120198
G1 X80.604681 Y143.010012 Z1.801643 E0.116076
G1 X80.466231 Y142.469093 Z1.700177 E0.11797
G1 F480 X80.361983 Y141.918767 Z1.492684 E0.124166
G1 X80.281007 Y141.363189 Z1.22171 E0.129594
G1 X80.208643 Y140.806971 Z0.942684 E0.130229
G1 X80.129607 Y140.254178 Z0.712671 E0.125543
G1 X80.031112 Y139.707532 Z0.578786 E0.308805
G1 X79.905505 Y139.167963 Z0.568636 E0.299473
G1 X79.751859 Y138.634567 Z0.684714 E0.117885
G1 X79.576206 Y138.104956 Z0.903895 E0.124618
G1 X79.390341 Y137.575898 Z1.182126 E0.130128
G1 X79.209441 Y137.044092 Z1.463372 E0.130589
G1 X79.048985 Y136.50689 Z1.690985 E0.125785
G1 F240 X78.921597 Y135.962819 Z1.819201 E0.119176
G1 X78.834454 Y135.411806 Z1.822432 E0.115968
G1 F480 X78.78781 Y134.855059 Z1.700454 E0.118875
G1 X78.774915 Y134.29469 Z1.478457 E0.125324
G1 X78.783379 Y133.733149 Z1.201932 E0.130129
G1 X78.797679 Y133.17265 Z0.927433 E0.129771
G1 X78.802325 Y132.614699 Z0.711107 E0.124401
G1 X78.785024 Y132.059835 Z0.597292 E0.306278
G1 X78.739189 Y131.507641 Z0.60952 E0.299547
G1 X78.665304 Y130.956982 Z0.745744 E0.118915
G1 X78.570833 Y130.406409 Z0.978748 E0.12582
G1 X78.46871 Y129.854604 Z1.261676 E0.130642
G1 X78.374712 Y129.30076 Z1.537537 E0.130098
G1 F240 X78.30424 Y128.744779 Z1.750778 E0.124648
G1 X78.269185 Y128.187271 Z1.858551 E0.118263
G1 X78.275501 Y127.629332 Z1.839417 E0.116058
G1 F480 X78.321989 Y127.072192 Z1.697692 E0.119895
G1 X78.400543 Y126.51682 Z1.462574 E0.126427
G1 X78.497805 Y125.963609 Z1.182215 E0.1305
G1 X78.597885 Y125.412218 Z0.91395 E0.129153
G1 X78.685604 Y124.861638 Z0.712658 E0.123218
G1 X78.74958 Y124.310464 Z0.619627 E0.304083
G1 X78.784546 Y123.757298 Z0.654172 E0.300152
G1 X78.792406 Y123.201202 Z0.809714 E0.120047
G1 X78.781836 Y122.642059 Z1.055118 E0.126953
G1 X78.766505 Y122.080738 Z1.34101 E0.130987
G1 X78.762275 Y121.519017 Z1.6098 E0.129451
G1 F240 X78.783969 Y120.959249 Z1.807367 E0.12348
G1 X78.842353 Y120.403837 Z1.894046 E0.117483
G1 X78.941958 Y119.854653 Z1.852678 E0.116343
G1 F480 X79.080175 Y119.312515 Z1.692093 E0.120998
G1 X79.247808 Y118.776885 Z1.445316 E0.12745
G1 X79.430971 Y118.245865 Z1.162865 E0.130699
G1 X79.613925 Y117.716522 Z0.9025 E0.12839
G1 X79.782289 Y117.18549 Z0.717498 E0.122023
G1 X79.925949 Y116.649735 Z0.645838 E0.302284
G1 X80.041099 Y116.107296 Z0.702499 E0.115873
G1 X80.130971 Y115.557852 Z0.876414 E0.121249
G1 X80.205144 Y115.002946 Z1.132718 E0.127994
G1 X80.277553 Y114.445813 Z1.419826 E0.131155
G1 X80.363628 Y113.890795 Z1.679899 E0.128664
G1 F240 X80.477148 Y113.342479 Z1.860587 E0.122309
G1 X80.627444 Y112.804707 Z1.925651 E0.116859
G1 X80.817531 Y112.279692 Z1.862318 E0.116815
G1 F480 X81.043535 Y111.767435 Z1.683876 E0.122157
G1 X81.295524 Y111.265591 Z1.426975 E0.12837
G1 X81.55957 Y110.769847 Z1.144187 E0.130723
G1 X81.8206 Y110.274751 Z0.89334 E0.127498
G1 X82.065467 Y109.774841 Z0.72578 E0.120845
G1 X82.285591 Y109.26584 Z0.675947 E0.300935
G1 X82.478665 Y108.745658 Z0.754388 E0.116488
G1 X82.649057 Y108.214973 Z0.945616 E0.122493
G1 X82.806855 Y107.677246 Z1.211254 E0.128919
G1 X82.965765 Y107.138139 Z1.49782 E0.131145
G1 X83.140282 Y106.604427 Z1.747587 E0.127753
G1 F240 X83.342737 Y106.082621 Z1.910295 E0.121166
G1 X83.580813 Y105.577586 Z1.953356 E0.11641
G1 X83.856025 Y105.091441 Z1.868462 E0.117461
G1 F480 X84.163478 Y104.623008 Z1.673276 E0.123341
G1 X84.492925 Y104.167924 Z1.407847 E0.129166
G1 X84.830901 Y103.719447 Z1.126479 E0.13057
G1 X85.163487 Y103.269795 Z0.886711 E0.126495
G1 X85.47913 Y102.811755 Z0.737639 E0.311258
G1 X85.770953 Y102.340242 Z0.709952 E0.300075
G1 X86.038076 Y101.853458 Z0.809703 E0.117273
G1 X86.285714 Y101.35341 Z1.017079 E0.123748
G1 X86.524025 Y100.845633 Z1.290425 E0.12971
G1 X86.765977 Y100.33817 Z1.574696 E0.130957
G1 X87.02467 Y99.839986 Z1.81263 E0.12674
G1 F240 X87.310669 Y99.35913 Z1.956369 E0.120079
G1 X87.629898 Y98.901038 Z1.977174 E0.116148
G1 X87.982496 Y98.467326 Z1.871254 E0.118261
G1 F480 X88.362876 Y98.055338 Z1.660542 E0.124521
G1 X88.76094 Y97.658588 Z1.388235 E0.129821
G1 X89.164188 Y97.268007 Z1.110034 E0.130244
G1 X89.560286 Y96.873769 Z0.882836 E0.125406
G1 X89.939552 Y96.467326 Z0.753185 E0.308521
G1 X90.296861 Y96.043236 Z0.747829 E0.299734
G1 X90.632594 Y95.600389 Z0.868287 E0.118204
G1 X90.952448 Y95.142367 Z1.090546 E0.124983
G1 X91.266175 Y94.676829 Z1.369928 E0.130351
G1 X91.585519 Y94.21404 Z1.650164 E0.130596
G1 X91.921787 Y93.764816 Z1.874811 E0.125648
G1 F240 X92.283562 Y93.338304 Z1.998708 E0.119079
G1 X92.675008 Y92.940057 Z1.997142 E0.116082
G1 F480 X93.095111 Y92.57081 Z1.870864 E0.119194
G1 X93.537986 Y92.226232 Z1.645937 E0.125669
G1 X93.994166 Y91.897712 Z1.368444 E0.130321
G1 X94.452588 Y91.574067 Z1.095139 E0.129751
G1 X94.90286 Y91.243801 Z0.881924 E0.124254
G1 X95.337337 Y90.897491 Z0.772507 E0.306062
G1 X95.752597 Y90.529785 Z0.789527 E0.299923
G1 X96.150014 Y90.140596 Z0.929964 E0.119258
G1 X96.535351 Y89.735235 Z1.165748 E0.126172
G1 X96.917474 Y89.323425 Z1.449457 E0.130829
G1 X97.306459 Y88.917387 Z1.723944 E0.130071
G1 F240 X97.711513 Y88.529375 Z1.933932 E0.124503
G1 X98.13912 Y88.169155 Z2.037236 E0.118193
G1 X98.591796 Y87.841963 Z2.013322 E0.116214
G1 F480 X99.067681 Y87.547355 Z1.867477 E0.120233
G1 X99.56103 Y87.279212 Z1.629735 E0.126756
G1 X100.063484 Y87.026919 Z1.34878 E0.130656
G1 X100.565831 Y86.777486 Z1.082069 E0.129101
G1 X101.059884 Y86.518192 Z0.884166 E0.123067
G1 X101.540096 Y86.23922 Z0.795669 E0.303949
G1 X102.004586 Y85.935718 Z0.834975 E0.11563
G1 X102.455382 Y85.608883 Z0.994537 E0.120406
G1 X102.897868 Y85.265807 Z1.242406 E0.127286
G1 X103.339558 Y84.918102 Z1.528706 E0.131136
G1 X103.788488 Y84.579587 Z1.795765 E0.129393
G1 F240 X104.251554 Y84.263484 Z1.989813 E0.123333
G1 X104.733145 Y83.979699 Z2.071899 E0.117446
G1 X105.234336 Y83.732759 Z2.025798 E0.11654
G1 F480 X105.752793 Y83.520821 Z1.861298 E0.12135
G1 X106.28337 Y83.335985 Z1.61222 E0.127758
G1 X106.819261 Y83.165852 Z1.329549 E0.130818
G1 X107.353438 Y82.996023 Z1.071089 E0.12831
G1 X107.880079 Y82.813041 Z0.88973 E0.121873
G1 X108.39568 Y82.607161 Z0.822714 E0.302243
G1 X108.899651 Y82.374395 Z0.884075 E0.1161
G1 X109.394279 Y82.117391 Z1.061793 E0.121619
G1 X109.884113 Y81.844959 Z1.320231 E0.128303
G1 X110.374902 Y81.570326 Z1.607371 E0.131266
G1 X110.872354 Y81.308475 Z1.865368 E0.128579
G1 F240 X111.380955 Y81.073095 Z2.042292 E0.122167
G1 X111.903106 Y80.873772 Z2.102669 E0.116858
G1 X112.438742 Y80.713998 Z2.034677 E0.11705
G1 F480 X112.98547 Y80.590415 Z1.85255 E0.122515
G1 X113.539193 Y80.493453 Z1.593685 E0.128652
G1 X114.095044 Y80.409252 Z1.311053 E0.130803
G1 X114.648422 Y80.322467 Z1.062452 E0.127393
G1 X115.195913 Y80.219405 Z0.898769 E0.120704
G1 X115.735898 Y80.090838 Z0.853659 E0.300997
G1 X116.268748 Y79.933923 Z0.93671 E0.116753
G1 X116.796583 Y79.752821 Z1.131501 E0.122867
G1 X117.32268 Y79.557892 Z1.398928 E0.1292
G1 X117.850681 Y79.363614 Z1.68515 E0.131218
G1 X118.383778 Y79.185646 Z1.932508 E0.127645
G1 F240 X118.924062 Y79.037639 Z2.091231 E0.121034
G1 X119.472162 Y78.928441 Z2.129539 E0.116449
G1 X120.027231 Y78.860272 Z2.040089 E0.11773
G1 F480 X120.587259 Y78.828247 Z1.841471 E0.1237
G1 X121.149612 Y78.821346 Z1.574428 E0.129419
G1 X121.71167 Y78.824651 Z1.293591 E0.130613
G1 X122.271394 Y78.822374 Z1.056394 E0.12637
G1 X122.827708 Y78.801084 Z0.911409 E0.310931
G1 X123.380624 Y78.752454 Z0.888497 E0.300248
G1 X123.931087 Y78.674973 Z0.99274 E0.11757
G1 X124.480616 Y78.574275 Z1.203415 E0.124119
G1 X125.030832 Y78.462 Z1.478197 E0.12996
G1 X125.583007 Y78.353436 Z1.761749 E0.130992
G1 X126.137746 Y78.264403 Z1.996955 E0.126614
G1 F240 X126.694871 Y78.208032 Z2.136512 E0.119965
G1 X127.25354 Y78.192085 Z2.152528 E0.116229
G1 X127.812534 Y78.217367 Z2.042185 E0.11856
G1 F480 X128.370652 Y78.277564 Z1.828313 E0.124875
G1 X128.927089 Y78.360523 Z1.554751 E0.130041
G1 X129.481679 Y78.450731 Z1.277455 E0.130251
G1 X130.034965 Y78.53248 Z1.053137 E0.125266
G1 X130.588035 Y78.593062 Z0.927758 E0.308251
G1 X131.142196 Y78.625356 Z0.927197 E0.300019
G1 X131.698549 Y78.629276 Z1.052003 E0.118529
G1 X132.257597 Y78.611773 Z1.277277 E0.125346
G1 X132.818984 Y78.585412 Z1.557731 E0.130566
G1 X133.381459 Y78.565801 Z1.836879 E0.130596
G1 X133.943079 Y78.568403 Z2.058497 E0.125509
G1 F240 X134.501632 Y78.605394 Z2.17804 E0.118988
G1 X135.055169 Y78.683185 Z2.171678 E0.116205
G1 F480 X135.602532 Y78.801135 Z2.041137 E0.119517
G1 X136.14373 Y78.951699 Z1.813342 E0.12601
G1 X136.68006 Y79.121987 Z1.534962 E0.130506
G1 X137.213922 Y79.296401 Z1.262928 E0.129724
G1 X137.748342 Y79.459815 Z1.052886 E0.124105
G1 X138.286299 Y79.600652 Z0.947898 E0.305862
G1 X138.830002 Y79.713213 Z0.969706 E0.300322
G1 X139.380281 Y79.798814 Z1.114317 E0.119605
G1 X139.936254 Y79.865475 Z1.352815 E0.126519
G1 X140.495357 Y79.926258 Z1.637226 E0.131008
G1 X141.053771 Y79.996574 Z1.910261 E0.130038
G1 F240 X141.607161 Y80.091039 Z2.116938 E0.124358
G1 X142.151596 Y80.220504 Z2.215743 E0.11813
G1 X142.684442 Y80.389866 Z2.187057 E0.116379
G1 F480 X143.205023 Y80.597111 Z2.037133 E0.120574
G1 X143.7149 Y80.833763 Z1.796835 E0.12708
G1 X144.217661 Y81.086647 Z1.515365 E0.130804
G1 X144.718259 Y81.340597 Z1.250284 E0.129043
G1 X145.222 Y81.581545 Z1.055826 E0.122915
G1 X145.733399 Y81.799368 Z0.97189 E0.303833
G1 X146.25514 Y81.989903 Z1.015945 E0.115826
G1 X146.787374 Y82.155741 Z1.179484 E0.120768
G1 X147.327529 Y82.305635 Z1.429747 E0.127614
G1 X147.870706 Y82.452665 Z1.716375 E0.131277
G1 X148.410588 Y82.611534 Z1.981628 E0.12933
G1 F240 X148.940705 Y82.795566 Z2.172102 E0.123187
G1 X149.4558 Y83.014007 Z2.249574 E0.117416
G1 X149.952988 Y83.270183 Z2.198752 E0.116745
G1 F480 X150.432474 Y83.560886 Z2.030385 E0.121703
G1 X150.897632 Y83.877081 Z1.779077 E0.12806
G1 X151.354421 Y84.205803 Z1.496266 E0.130928
G1 X151.810221 Y84.532822 Z1.239786 E0.128224
G1 X152.272337 Y84.845508 Z1.062123 E0.121725
G1 X152.746397 Y85.13544 Z0.99977 E0.302224
G1 X153.235104 Y85.400026 Z1.065814 E0.116337
G1 X153.737549 Y85.642931 Z1.247285 E0.121991
G1 X154.249249 Y85.873244 Z1.507785 E0.128605
G1 X154.762938 Y86.103576 Z1.794875 E0.131365
G1 X155.269984 Y86.347431 Z2.050723 E0.128483
G1 F240 X155.762164 Y86.616415 Z2.223834 E0.122022
G1 X156.233372 Y86.917928 Z2.279507 E0.116864
G1 X156.680943 Y87.253739 Z2.206877 E0.117291
G1 F480 X157.106334 Y87.61967 Z2.021117 E0.12287
G1 X157.514939 Y88.006528 Z1.760361 E0.128918
G1 X157.915027 Y88.402104 Z1.477967 E0.130862
G1 X158.316107 Y88.793665 Z1.231681 E0.127271
G1 X158.726991 Y89.170508 Z1.071923 E0.120561
G1 X159.153883 Y89.526138 Z1.03155 E0.301089
G1 X159.599016 Y89.859476 Z1.119189 E0.117029
G1 X160.060098 Y90.174946 Z1.317487 E0.123234
G1 X160.530652 Y90.48146 Z1.58663 E0.129453
G1 X161.001252 Y90.790515 Z1.872426 E0.131252
G1 X161.461397 Y91.113802 Z2.117305 E0.127503
G1 F240 X161.901653 Y91.460824 Z2.271998 E0.120887
G1 X162.31562 Y91.837021 Z2.305543 E0.116488
G1 X162.701312 Y92.242741 Z2.211565 E0.117996
G1 F480 X163.061654 Y92.673284 Z2.00957 E0.124033
G1 X163.403971 Y93.119957 Z1.740989 E0.129624
G1 X163.738546 Y93.571916 Z1.460765 E0.130604
G1 X164.07655 Y94.018409 Z1.226206 E0.12621
G1 X164.427731 Y94.450932 Z1.08535 E0.310596
G1 X164.798374 Y94.864883 Z1.067219 E0.300469
G1 X165.189925 Y95.260382 Z1.175926 E0.117876
G1 X165.598595 Y95.642111 Z1.38984 E0.124463
G1 X166.016043 Y96.018238 Z1.665981 E0.130149
G1 X166.431004 Y96.398655 Z1.948734 E0.130955
G1 X166.831564 Y96.792917 Z2.181147 E0.12643
G1 F240 X167.207584 Y97.208313 Z2.316482 E0.119824
G1 X167.552815 Y97.648443 Z2.327705 E0.116304
G1 F480 X167.866231 Y98.112591 Z2.212972 E0.11884
G1 X168.152309 Y98.595991 Z1.996001 E0.125174
G1 X168.420184 Y99.090897 Z1.721263 E0.130179
G1 X168.681822 Y99.588243 Z1.44495 E0.130177
G1 X168.949588 Y100.079502 Z1.223576 E0.125078
G1 X169.233682 Y100.558399 Z1.102505 E0.307982
G1 X169.540047 Y101.022061 Z1.106741 E0.300371
G1 X169.869102 Y101.471463 Z1.235858 E0.118855
G1 X170.215528 Y101.911117 Z1.464085 E0.125656
G1 X170.569293 Y102.348014 Z1.745532 E0.130688
G1 X170.917669 Y102.790094 Z2.023513 E0.130495
G1 F240 X171.247791 Y103.244599 Z2.24204 E0.125298
G1 X171.549255 Y103.716645 Z2.357196 E0.118866
G1 X171.816301 Y104.208232 Z2.346041 E0.116317
G1 F480 X172.049042 Y104.717954 Z2.211273 E0.119803
G1 X172.253498 Y105.241404 Z1.980678 E0.126271
G1 X172.440361 Y105.772209 Z1.701489 E0.130585
G1 X172.622945 Y106.30334 Z1.430804 E0.129603
G1 X172.814437 Y106.828573 Z1.223994 E0.12391
G1 X173.025164 Y107.343718 Z1.123466 E0.305686
G1 X173.260479 Y107.847343 Z1.150056 E0.300788
G1 X173.519637 Y108.340918 Z1.298801 E0.11994
G1 X173.795817 Y108.828394 Z1.539945 E0.126797
G1 X174.077471 Y109.315261 Z1.824979 E0.131079
G1 X174.350647 Y109.807337 Z2.096485 E0.129898
G1 F240 X174.601814 Y110.309556 Z2.299793 E0.124143
G1 X174.820635 Y110.824993 Z2.394073 E0.118041
G1 X175.002106 Y111.354322 Z2.360622 E0.116529
G1 F480 X175.147618 Y111.8958 Z2.206664 E0.120868
G1 X175.264723 Y112.445744 Z1.963878 E0.127314
G1 X175.365628 Y112.999391 Z1.681973 E0.130842
G1 X175.464728 Y113.551923 Z1.418598 E0.128896
G1 X175.575671 Y114.099449 Z1.22764 E0.122727
G1 X175.708559 Y114.639733 Z1.148289 E0.303757
G1 X175.86785 Y115.17253 Z1.197083 E0.116044
G1 X176.051409 Y115.699484 Z1.364551 E0.121108
G1 X176.250899 Y116.223639 Z1.617139 E0.127862
G1 X176.453448 Y116.748685 Z1.904015 E0.131307
G1 X176.644247 Y117.278126 Z2.167386 E0.129164
G1 F240 X176.809566 Y117.814542 Z2.354235 E0.122978
G1 X176.939562 Y118.359112 Z2.42707 E0.117364
G1 X177.030306 Y118.911467 Z2.371542 E0.116932
G1 F480 X177.084606 Y119.469894 Z2.199356 E0.122
G1 X177.111465 Y120.031817 Z1.945889 E0.128265
G1 X177.12426 Y120.594418 Z1.66302 E0.130929
G1 X177.138026 Y121.155272 Z1.408592 E0.128055
G1 X177.166391 Y121.712816 Z1.234676 E0.121551
G1 X177.218786 Y122.266599 Z1.177004 E0.302255
G1 X177.298506 Y122.817238 Z1.247714 E0.116588
G1 X177.40202 Y123.366134 Z1.432887 E0.122328
G1 X177.51967 Y123.915031 Z1.695375 E0.128821
G1 X177.63763 Y124.465528 Z1.982336 E0.131359
G1 X177.740715 Y125.018682 Z2.235963 E0.128301
G1 F240 X177.815475 Y125.574784 Z2.405212 E0.121831
G1 X177.852941 Y126.133352 Z2.456167 E0.116855
G1 X177.850455 Y126.693338 Z2.378919 E0.117511
G1 F480 X177.812222 Y127.253475 Z2.189579 E0.123168
G1 X177.74846 Y127.812662 Z1.927008 E0.129101
G1 X177.673259 Y128.370286 Z1.644931 E0.130841
G1 X177.601812 Y128.926385 Z1.401032 E0.1271
G1 X177.547286 Y129.48162 Z1.245244 E0.120412
G1 X177.518121 Y130.037046 Z1.20962 E0.301225
G1 X177.516307 Y130.593764 Z1.301822 E0.117305
G1 X177.53708 Y131.152533 Z1.503571 E0.123569
G1 X177.569763 Y131.71346 Z1.774354 E0.129657
G1 X177.599989 Y132.275852 Z2.059645 E0.13124
G1 X177.612647 Y132.838299 Z2.301976 E0.127337
G1 F240 X177.594944 Y133.398958 Z2.452597 E0.120736
G1 X177.53896 Y133.955987 Z2.48137 E0.11653
G1 X177.443314 Y134.508044 Z2.38289 E0.118254
G1 F480 X177.313434 Y135.054686 Z2.177577 E0.124351
G1 X177.160449 Y135.596596 Z1.907534 E0.129817
G1 X176.998862 Y136.135521 Z1.628002 E0.130596
G1 X176.843688 Y136.673964 Z1.396148 E0.126062
G1 X176.707369 Y137.214635 Z1.259462 E0.310288
G1 X176.597239 Y137.7598 Z1.246118 E0.300688
G1 X176.514041 Y138.310675 Z1.359258 E0.118176
G1 X176.451789 Y138.86701 Z1.576353 E0.124814
G1 X176.399009 Y139.426987 Z1.853774 E0.13037
G1 X176.341088 Y139.987477 Z2.135649 E0.130971
G1 X176.263262 Y140.544617 Z2.365203 E0.126302
G1 F240 X176.153623 Y141.094615 Z2.496279 E0.119722
G1 X176.005538 Y141.634591 Z2.502707 E0.1164
G1 F480 X175.818983 Y142.163292 Z2.383616 E0.119146
G1 X175.600529 Y142.681479 Z2.163609 E0.125527
G1 X175.361983 Y143.191902 Z1.887772 E0.130403
G1 X175.117964 Y143.698816 Z1.612522 E0.130196
G1 X174.882921 Y144.207141 Z1.394156 E0.124954
G1 X174.668203 Y144.721412 Z1.277426 E0.307742
G1 X174.479768 Y145.244748 Z1.286459 E0.300668
G1 X174.317011 Y145.778069 Z1.419852 E0.119183
G1 X174.172917 Y146.319741 Z1.650967 E0.126033
G1 X174.035542 Y146.865763 Z1.933329 E0.130935
G1 X173.890475 Y147.410479 Z2.210064 E0.130539
G1 F240 X173.723786 Y147.947686 Z2.425439 E0.125203
G1 X173.524862 Y148.471923 Z2.536176 E0.118809
G1 X173.28854 Y148.979667 Z2.520232 E0.116467
G1 F480 X173.016131 Y149.470173 Z2.381276 E0.120157
G1 X172.715101 Y149.945765 Z2.147945 E0.126659
G1 X172.39752 Y150.411477 Z1.868028 E0.13083
G1 X172.077598 Y150.874112 Z1.598769 E0.129632
G1 X171.768729 Y151.340839 Z1.39525 E0.123796
G1 X171.480801 Y151.817684 Z1.299211 E0.305504
G1 X171.21824 Y152.308192 Z1.330577 E0.301178
G1 X170.9792 Y152.81258 Z1.483415 E0.1203
G1 X170.755893 Y153.327467 Z1.727137 E0.127191
G1 X170.536376 Y153.846501 Z2.012713 E0.131331
G1 X170.30699 Y154.361553 Z2.282615 E0.129942
G1 F240 X170.055152 Y154.864331 Z2.482496 E0.124059
G1 X169.771887 Y155.348101 Z2.572224 E0.118018
G1 X169.453696 Y155.809198 Z2.53402 E0.116728
G1 F480 X169.10312 Y156.247837 Z2.37607 E0.121257
G1 X168.728162 Y156.668203 Z2.130866 E0.127709
G1 X168.340606 Y157.0777 Z1.848607 E0.13107
G1 X167.953591 Y157.485506 Z1.587013 E0.128903
G1 X167.578889 Y157.900668 Z1.39961 E0.122608
G1 X167.224566 Y158.330205 Z1.324867 E0.303647
G1 X166.893418 Y158.777578 Z1.378385 E0.116237
G1 X166.582505 Y159.241855 Z1.549738 E0.121493
G1 X166.283854 Y159.717764 Z1.804579 E0.128249
G1 X165.98617 Y160.196659 Z2.091621 E0.13153
G1 X165.677195 Y160.668215 Z2.353038 E0.129179
G1 F240 X165.346217 Y161.12252 Z2.536207 E0.122892
G1 X164.986217 Y161.552129 Z2.604386 E0.117374
G1 X164.595235 Y161.953666 Z2.54417 E0.117174
G1 F480 X164.17667 Y162.328611 Z2.368213 E0.122407
G1 X163.738498 Y162.683105 Z2.112661 E0.128643
G1 X163.291572 Y163.026775 Z1.829814 E0.131119
G1 X162.847372 Y163.370808 Z1.577511 E0.12803
G1 X162.415677 Y163.725667 Z1.407392 E0.12143
G1 X162.002633 Y164.098889 Z1.354418 E0.302236
G1 X161.609602 Y164.493459 Z1.429773 E0.116825
G1 X161.233004 Y164.907083 Z1.618597 E0.122729
G1 X160.865169 Y165.332542 Z1.883 E0.129189
G1 X160.495997 Y165.759072 Z2.169751 E0.131545
G1 X160.115077 Y166.174512 Z2.421085 E0.128288
G1 F240 X159.713808 Y166.567773 Z2.586425 E0.121746
G1 X159.287108 Y166.93114 Z2.632648 E0.116901
G1 X158.834359 Y167.261919 Z2.550804 E0.117793
G1 F480 X158.359428 Y167.563072 Z2.357938 E0.123586
G1 X157.869767 Y167.842699 Z2.093627 E0.129455
G1 X157.374819 Y168.112449 Z1.811949 E0.130992
G1 X156.884061 Y168.385171 Z1.570505 E0.127045
G1 X156.405091 Y168.672278 Z1.418733 E0.312766
G1 X155.942164 Y168.981366 Z1.387868 E0.301308
G1 X155.495439 Y169.314579 Z1.484608 E0.117584
G1 X155.061089 Y169.668079 Z1.689753 E0.12398
G1 X154.632215 Y170.032733 Z1.962099 E0.129998
G1 X154.200358 Y170.395911 Z2.246804 E0.131383
G1 X153.757275 Y170.744019 Z2.486519 E0.127292
G1 F240 X153.296611 Y171.065276 Z2.633025 E0.120654
G1 X152.81514 Y171.352155 Z2.657019 E0.116613
G1 X152.313308 Y171.602973 Z2.554066 E0.11857
G1 F480 X151.79503 Y171.822308 Z2.345493 E0.124764
G1 X151.266767 Y172.020134 Z2.074066 E0.130129
G1 X150.736137 Y172.209827 Z1.795306 E0.130691
G1 X150.210333 Y172.405456 Z1.566224 E0.12597
G1 X149.694692 Y172.618896 Z1.433746 E0.310006
G1 X149.191706 Y172.857364 Z1.425194 E0.300893
G1 X148.700649 Y173.121872 Z1.542736 E0.118493
G1 X148.217877 Y173.406956 Z1.762949 E0.125216
G1 X147.737719 Y173.701717 Z2.041573 E0.130659
G1 X147.253733 Y173.991996 Z2.322491 E0.131047
G1 X146.760069 Y174.26324 Z2.549122 E0.126213
G1 F240 X146.252646 Y174.503471 Z2.675903 E0.119644
G1 X145.729903 Y174.705762 Z2.677534 E0.116519
G1 F480 X145.193003 Y174.869696 Z2.554119 E0.119482
G1 X144.645462 Y175.001497 Z2.331139 E0.125914
G1 X144.092312 Y175.112813 Z2.054282 E0.130651
G1 X143.538999 Y175.218364 Z1.780173 E0.130222
G1 X142.990261 Y175.332953 Z1.564877 E0.124829
G1 X142.449203 Y175.468428 Z1.452524 E0.307512
G1 X141.916786 Y175.631236 Z1.46635 E0.301006
G1 X141.391771 Y175.821057 Z1.603982 E0.119527
G1 X140.871144 Y176.030828 Z1.83792 E0.126409
G1 X140.350874 Y176.248132 Z2.121117 E0.13116
G1 X139.826835 Y176.457705 Z2.396529 E0.130547
G1 F240 X139.295687 Y176.644537 Z2.608692 E0.125078
G1 X138.755529 Y176.796936 Z2.714979 E0.118743
G1 X138.206193 Y176.908931 Z2.694251 E0.116622
G1 F480 X137.649154 Y176.981523 Z2.551148 E0.120504
G1 X137.087087 Y177.022503 Z2.315147 E0.127008
G1 X136.523205 Y177.044897 Z2.034581 E0.131008
G1 X135.960534 Y177.064317 Z1.766825 E0.129597
G1 X135.401289 Y177.095786 Z1.566657 E0.123649
G1 X134.846489 Y177.150663 Z1.475135 E0.305353
G1 X134.295869 Y177.234309 Z1.511267 E0.301644
G1 X133.7481 Y177.344972 Z1.668154 E0.120659
G1 X133.201225 Y177.474121 Z1.914388 E0.127532
G1 X132.653202 Y177.608167 Z2.200425 E0.131491
G1 X132.102421 Y177.731221 Z2.468646 E0.129893
G1 F240 X131.548051 Y177.82833 Z2.665046 E0.123914
G1 X130.990177 Y177.888527 Z2.750197 E0.117977
G1 X130.429675 Y177.907075 Z2.70725 E0.11692
G1 F480 X129.867902 Y177.886438 Z2.545355 E0.121607
G1 X129.306277 Y177.835792 Z2.297803 E0.12802
G1 X128.745879 Y177.769154 Z2.01527 E0.131194
G1 X128.187165 Y177.702532 Z1.755531 E0.128827
G1 X127.629883 Y177.650659 Z1.571737 E0.122459
G1 X127.073201 Y177.623992 Z1.501623 E0.303593
G1 X126.516009 Y177.626581 Z1.559853 E0.116459
G1 X125.957313 Y177.655246 Z1.735041 E0.121861
G1 X125.396602 Y177.700227 Z1.992064 E0.128561
G1 X124.834096 Y177.74718 Z2.279192 E0.131646
G1 X124.270783 Y177.780104 Z2.538581 E0.129099
G1 F240 X123.708233 Y177.784602 Z2.71802 E0.122749
G1 X123.148227 Y177.750811 Z2.781523 E0.117368
G1 X122.592283 Y177.675403 Z2.716636 E0.117403
G1 F480 X122.041212 Y177.562251 Z2.536959 E0.122764
G1 X121.494811 Y177.421628 Z2.279395 E0.128928
G1 X120.9518 Y177.268095 Z1.99665 E0.131205
G1 X120.410036 Y177.117533 Z1.746544 E0.127929
G1 X119.866962 Y176.983907 Z1.580271 E0.121288
G1 X119.320221 Y176.876433 Z1.532011 E0.302284
G1 X118.768271 Y176.797722 Z1.611991 E0.117084
G1 X118.21087 Y176.743278 Z1.804413 E0.123101
G1 X117.649284 Y176.702442 Z2.070655 E0.129474
G1 X117.08616 Y176.66059 Z2.357116 E0.131623
G1 X116.525057 Y176.602127 Z2.606087 E0.128184
G1 F240 X115.969727 Y176.513669 Z2.767472 E0.121614
G1 X115.423285 Y176.386753 Z2.80895 E0.116934
G1 X114.887462 Y176.219535 Z2.722534 E0.118057
G1 F480 X114.362116 Y176.017131 Z2.526198 E0.123944
G1 X113.845133 Y175.79054 Z2.260223 E0.129712
G1 X113.332755 Y175.554377 Z1.979023 E0.13104
G1 X112.820319 Y175.323882 Z1.740104 E0.126924
G1 X112.30323 Y175.111823 Z1.59239 E0.312436
G1 X111.777992 Y174.925926 Z1.566294 E0.301465
G1 X111.243065 Y174.767346 Z1.667545 E0.117876
G1 X110.699334 Y174.630482 Z1.876027 E0.124351
G1 X110.150089 Y174.504179 Z2.14986 E0.130252
G1 X109.600461 Y174.374038 Z2.433901 E0.131424
G1 X109.056443 Y174.225373 Z2.670933 E0.127169
G1 F240 X108.523653 Y174.046203 Z2.813282 E0.120538
G1 X108.006124 Y173.829663 Z2.832491 E0.116687
G1 X107.50537 Y173.575358 Z2.725094 E0.118864
G1 F480 X107.019942 Y173.289384 Z2.513322 E0.125118
G1 X106.54561 Y172.983038 Z2.240588 E0.130354
G1 X106.076138 Y172.670473 Z1.96268 E0.130703
G1 X105.604532 Y172.365805 Z1.736434 E0.125833
G1 X105.124509 Y172.080255 Z1.608203 E0.309729
G1 X104.631865 Y171.819913 Z1.604445 E0.301163
G1 X104.12548 Y171.58456 Z1.726357 E0.118813
G1 X103.607687 Y171.367801 Z1.949627 E0.125579
;WIDTH:1.250
; LINE_WIDTH: 1.250
;Z:3.399
;HEIGHT:1.804
G1 X103.496023 Y171.566331 Z2.120147 E0.059148
G1 X102.951433 Y171.387965 Z2.534574 E0.147011
G1 X102.407739 Y171.202898 Z2.949198 E0.14725
G1 X101.877021 Y170.991384 Z3.280522 E0.137289
G1 F240 X101.369765 Y170.73819 Z3.461955 E0.12374
G1 X100.89262 Y170.435637 Z3.457327 E0.11745
G1 F480 X100.446868 Y170.085054 Z3.268232 E0.124267
G1 X100.027984 Y169.6964 Z2.933702 E0.137642
G1 X99.626396 Y169.286122 Z2.522286 E0.146823
G1 X99.229327 Y168.873738 Z2.118139 E0.14567
G1 X98.823379 Y168.477842 Z1.803939 E0.134759
G1 X98.397324 Y168.112359 Z1.644111 E0.315449
G1 X97.944528 Y167.7838 Z1.671747 E0.302734
G1 X97.464489 Y167.490078 Z1.881891 E0.124876
G1 X96.963137 Y167.221074 Z2.232547 E0.138932
G1 X96.451798 Y166.960832 Z2.6532 E0.147891
G1 X95.944999 Y166.690905 Z3.059129 E0.146177
G1 F240 X95.45755 Y166.39414 Z3.3686 E0.134951
G1 X95.001483 Y166.058142 Z3.519458 E0.12186
G1 X94.583483 Y165.677704 Z3.481739 E0.117754
G1 F480 X94.203377 Y165.255735 Z3.263751 E0.126456
G1 X93.854003 Y164.802529 Z2.910392 E0.139806
G1 X93.522535 Y164.333537 Z2.494032 E0.147457
G1 X93.193012 Y163.86615 Z2.09983 E0.144385
G1 X92.849588 Y163.416145 Z1.808445 E0.132349
G1 X92.479822 Y162.994531 Z1.679671 E0.310982
G1 X92.077348 Y162.605439 Z1.740298 E0.11705
G1 X91.643335 Y162.24544 Z1.978674 E0.127262
G1 X91.186421 Y161.904425 Z2.347073 E0.141108
G1 X90.721097 Y161.56781 Z2.77138 E0.148434
G1 X90.264841 Y161.219608 Z3.16613 E0.144805
G1 F240 X89.834579 Y160.845707 Z3.45186 E0.132547
G1 X89.443187 Y160.436696 Z3.571233 E0.120268
G1 X89.096762 Y159.989658 Z3.500674 E0.118477
G1 F480 X88.793246 Y159.508606 Z3.255158 E0.128784
G1 X88.522706 Y159.003504 Z2.885168 E0.141785
G1 X88.269251 Y158.488098 Z2.466452 E0.147754
G1 X88.014209 Y157.977042 Z2.084644 E0.142816
G1 X87.739938 Y157.482918 Z1.81789 E0.129908
G1 X87.433491 Y157.013756 Z1.720984 E0.307366
G1 X87.089362 Y156.57156 Z1.814248 E0.11808
G1 X86.710755 Y156.152084 Z2.079407 E0.129754
G1 X86.30907 Y155.745906 Z2.463298 E0.143073
G1 X85.90169 Y155.3405 Z2.888661 E0.148634
G1 X85.508502 Y154.922891 Z3.269819 E0.143159
G1 F240 X85.147855 Y154.482308 Z3.530067 E0.130136
G1 X84.83277 Y154.012299 Z3.617238 E0.119014
G1 X84.568196 Y153.51191 Z3.514295 E0.119594
G1 F480 X84.349891 Y152.985691 Z3.242784 E0.13119
G1 X84.165179 Y152.442589 Z2.858465 E0.143537
G1 X83.995452 Y151.893984 Z2.439992 E0.147708
G1 X83.819922 Y151.351305 Z2.072953 E0.140993
G1 X83.619874 Y150.823718 Z1.832495 E0.127499
G1 X83.382533 Y150.316375 Z1.768074 E0.304725
G1 X83.103768 Y149.829539 Z1.89342 E0.119493
G1 X82.789041 Y149.358754 Z2.183746 E0.132288
G1 X82.452399 Y148.895961 Z2.580782 E0.14479
G1 X82.113694 Y148.431312 Z3.0046 E0.148488
G1 X81.794575 Y147.955261 Z3.369836 E0.141273
G1 F240 X81.514078 Y147.460506 Z3.603016 E0.127778
G1 X81.284701 Y146.943383 Z3.657468 E0.118141
G1 X81.109788 Y146.404442 Z3.522794 E0.121067
G1 F480 X80.982766 Y145.848141 Z3.226983 E0.13361
G1 X80.888407 Y145.281738 Z2.830724 E0.145028
G1 X80.805877 Y144.71368 Z2.415096 E0.14732
G1 X80.712963 Y144.151821 Z2.065108 E0.138952
G1 X80.590612 Y143.601863 Z1.852447 E0.325477
G1 X80.426862 Y143.066327 Z1.820929 E0.303153
G1 X80.219345 Y142.544244 Z1.977604 E0.121244
G1 X79.975851 Y142.031586 Z2.291327 E0.134804
G1 X79.712804 Y141.522308 Z2.69908 E0.146227
G1 X79.451965 Y141.009744 Z3.118759 E0.148
G1 X79.216022 Y140.488044 Z3.465841 E0.139185
G1 F240 X79.02396 Y139.953343 Z3.670535 E0.125536
G1 X78.887157 Y139.404432 Z3.691953 E0.11768
G1 X78.807027 Y138.842821 Z3.526399 E0.122847
G1 F480 X78.774674 Y138.272218 Z3.20813 E0.135985
G1 X78.772665 Y137.697578 Z2.802394 E0.14623
G1 X78.778556 Y137.123963 Z2.392193 E0.146598
G1 X78.769451 Y136.555468 Z2.061434 E0.136736
G1 X78.726685 Y135.994443 Z1.877902 E0.31987
G1 X78.639654 Y135.441172 Z1.8795 E0.302709
G1 X78.508012 Y134.894034 Z2.066558 E0.123276
G1 X78.341781 Y134.350077 Z2.401764 E0.137243
G1 X78.159339 Y133.805842 Z2.81774 E0.147359
G1 X77.983699 Y133.258224 Z3.230713 E0.147179
G1 X77.837824 Y132.705168 Z3.55752 E0.136939
G1 F240 X77.739944 Y132.146045 Z3.732488 E0.123474
G1 X77.699827 Y131.581649 Z3.720758 E0.117646
G1 F480 X77.716774 Y131.013834 Z3.525365 E0.124878
G1 X77.77974 Y130.444922 Z3.186621 E0.138261
G1 X77.869577 Y129.877038 Z2.773929 E0.147119
G1 X77.962924 Y129.311553 Z2.371703 E0.145553
G1 X78.036976 Y128.748785 Z2.062232 E0.134392
G1 X78.074122 Y128.188006 Z1.908981 E0.314843
G1 X78.065548 Y127.627767 Z1.943706 E0.303413
G1 X78.013029 Y127.066422 Z2.160013 E0.125529
G1 X77.92857 Y126.502707 Z2.514655 E0.139553
G1 X77.831954 Y125.936217 Z2.936309 E0.148167
G1 X77.746711 Y125.367631 Z3.340049 E0.146041
G1 F240 X77.695317 Y124.798617 Z3.644587 E0.134585
G1 X77.694621 Y124.231433 Z3.788768 E0.121654
G1 X77.752416 Y123.668321 Z3.743984 E0.11804
G1 F480 X77.865867 Y123.110845 Z3.519977 E0.127099
G1 X78.022105 Y122.559354 Z3.162865 E0.140386
G1 X78.20087 Y122.012733 Z2.745781 E0.147681
G1 X78.378645 Y121.468522 Z2.354031 E0.144206
G1 X78.533455 Y120.923411 Z2.067776 E0.131973
G1 X78.649328 Y120.37401 Z1.94577 E0.310553
G1 X78.719529 Y119.817722 Z2.013427 E0.117401
G1 X78.747897 Y119.253507 Z2.25767 E0.12794
G1 X78.748022 Y118.682334 Z2.629582 E0.141685
G1 X78.740442 Y118.107186 Z3.054334 E0.148637
G1 X78.748436 Y117.532579 Z3.446372 E0.144609
G1 F240 X78.793273 Y116.963669 Z3.726783 E0.132177
G1 X78.889894 Y116.405123 Z3.839309 E0.120132
G1 X79.043901 Y115.860014 Z3.761765 E0.118849
G1 F480 X79.250465 Y115.32899 Z3.510544 E0.129446
G1 X79.495355 Y114.809931 Z3.137287 E0.142318
G1 X79.757887 Y114.298217 Z2.718404 E0.147904
G1 X80.015159 Y113.787583 Z2.339564 E0.142581
G1 X80.246713 Y113.271405 Z2.07831 E0.129537
G1 X80.43868 Y112.744158 Z1.98832 E0.307141
G1 X80.58654 Y112.20273 Z2.088512 E0.118516
G1 X80.695979 Y111.647288 Z2.359205 E0.130444
G1 X80.781652 Y111.081469 Z2.746113 E0.143598
G1 X80.864133 Y110.511828 Z3.171365 E0.148763
G1 X80.965687 Y109.946605 Z3.549304 E0.14291
G1 F240 X81.10573 Y109.394052 Z3.803879 E0.129774
G1 X81.296903 Y108.860667 Z3.884076 E0.118958
G1 X81.542563 Y108.349711 Z3.774271 E0.120044
G1 F480 X81.836173 Y107.86034 Z3.497405 E0.131857
G1 X82.162719 Y107.387586 Z3.110324 E0.144015
G1 X82.501832 Y106.923225 Z2.692242 E0.147785
G1 X82.83197 Y106.457379 Z2.328668 E0.14071
G1 X83.134792 Y105.980563 Z2.094046 E0.127145
G1 X83.398846 Y105.48573 Z2.036648 E0.304725
G1 X83.621809 Y104.969895 Z2.168777 E0.120003
G1 X83.810852 Y104.434961 Z2.464271 E0.132977
G1 X83.981074 Y103.887545 Z2.86381 E0.145256
G1 X84.152335 Y103.337786 Z3.286958 E0.148543
G1 X84.345169 Y102.797367 Z3.648488 E0.140979
G1 F240 X84.5766 Y102.27712 Z3.875678 E0.127439
G1 X84.856732 Y101.784731 Z3.923071 E0.118173
G1 X85.186774 Y101.32301 Z3.781702 E0.121585
G1 F480 X85.558912 Y100.889138 Z3.480918 E0.13427
G1 X85.958008 Y100.475061 Z3.082418 E0.145445
G1 X86.36476 Y100.069014 Z2.667737 E0.147325
G1 X86.759668 Y99.657865 Z2.32169 E0.138631
G1 X87.126983 Y99.229834 Z2.115165 E0.324639
G1 X87.457833 Y98.777014 Z2.090732 E0.303393
G1 X87.751911 Y98.297156 Z2.254004 E0.121816
G1 X88.01739 Y97.794334 Z2.572497 E0.135478
G1 X88.269125 Y97.278294 Z2.982223 E0.146629
G1 X88.525523 Y96.762611 Z3.40068 E0.147983
G1 X88.804747 Y96.261977 Z3.743592 E0.138856
G1 F240 X89.12103 Y95.789189 Z3.942015 E0.125233
G1 X89.481853 Y95.352444 Z3.956332 E0.117802
G1 F480 X89.886539 Y94.953519 Z3.784291 E0.123421
G1 X90.326538 Y94.587244 Z3.461462 E0.136626
G1 X90.787288 Y94.242405 Z3.054022 E0.14658
G1 X91.25128 Y93.903927 Z2.645316 E0.146533
G1 X91.701646 Y93.55592 Z2.31895 E0.136385
G1 X92.125555 Y93.184963 Z2.141816 E0.319149
G1 X92.51672 Y92.782956 Z2.150519 E0.303195
G1 X92.87652 Y92.348936 Z2.343947 E0.123899
G1 X93.213547 Y91.889443 Z2.683494 E0.137891
G1 X93.541701 Y91.417353 Z3.100902 E0.147692
G1 X93.877242 Y90.949353 Z3.512107 E0.147093
G1 F240 X94.235435 Y90.502589 Z3.834306 E0.136585
G1 X94.627474 Y90.091136 Z4.002759 E0.123221
G1 X95.0583 Y89.72304 Z3.983932 E0.11786
G1 F480 X95.525747 Y89.398543 Z3.782298 E0.125496
G1 X96.021141 Y89.109895 Z3.439436 E0.138871
G1 X96.531222 Y88.842804 Z3.025586 E0.1474
G1 X97.040926 Y88.579279 Z2.625397 E0.145423
G1 X97.536481 Y88.301281 Z2.320744 E0.134023
G1 X98.008144 Y87.994449 Z2.174112 E0.314274
G1 X98.45205 Y87.651135 Z2.215917 E0.304143
G1 X98.870815 Y87.272101 Z2.438328 E0.126189
G1 X99.272806 Y86.866514 Z2.796857 E0.140165
G1 X99.670261 Y86.450198 Z3.219392 E0.148428
G1 X100.076684 Y86.042494 Z3.620831 E0.145892
G1 F240 X100.504057 Y85.662341 Z3.92035 E0.134217
G1 X100.960448 Y85.324381 Z4.057815 E0.121462
G1 X101.4485 Y85.035891 Z4.005979 E0.118345
G1 F480 X101.965057 Y84.795193 Z3.776016 E0.127746
G1 X102.501999 Y84.591875 Z3.415254 E0.140957
G1 X103.048044 Y84.408826 Z2.997566 E0.14789
G1 X103.591139 Y84.225665 Z2.60838 E0.144016
G1 X104.120918 Y84.022896 Z2.327337 E0.131598
G1 X104.630728 Y83.785928 Z2.212133 E0.310166
G1 X105.118821 Y83.508142 Z2.286802 E0.117771
G1 X105.5885 Y83.192347 Z2.536844 E0.128622
G1 X106.047232 Y82.850325 Z2.912164 E0.142251
G1 X106.504942 Y82.50052 Z3.337242 E0.148824
G1 X106.971882 Y82.164334 Z3.726458 E0.144402
G1 F240 X107.456519 Y81.861776 Z4.001472 E0.131808
G1 X107.963881 Y81.607352 Z4.10712 E0.120013
G1 X108.494685 Y81.407041 Z4.022614 E0.119238
G1 F480 X109.04538 Y81.256988 Z3.76576 E0.13011
G1 X109.60907 Y81.144214 Z3.389342 E0.142839
G1 X110.177074 Y81.049189 Z2.970412 E0.148039
G1 X110.740778 Y80.949785 Z2.594648 E0.142337
G1 X111.293371 Y80.825788 Z2.338969 E0.129169
G1 X111.831133 Y80.663058 Z2.255921 E0.306963
G1 X112.353996 Y80.456481 Z2.363014 E0.118968
G1 X112.865338 Y80.211088 Z2.639166 E0.131135
G1 X113.371061 Y79.941107 Z3.028983 E0.144111
G1 X113.87821 Y79.667122 Z3.454002 E0.148876
G1 X114.393431 Y79.411911 Z3.828616 E0.142652
G1 F240 X114.921612 Y79.195806 Z4.077448 E0.129417
G1 X115.464983 Y79.032521 Z4.150648 E0.118921
G1 X116.022826 Y78.926315 Z4.034015 E0.120509
G1 F480 X116.591831 Y78.871065 Z3.751873 E0.132524
G1 X117.166974 Y78.851467 Z3.362139 E0.14448
G1 X117.742691 Y78.846117 Z2.944568 E0.147847
G1 X118.314083 Y78.831857 Z2.584563 E0.140419
G1 X118.87788 Y78.788503 Z2.355844 E0.126797
G1 X119.43298 Y78.702981 Z2.305485 E0.304776
G1 X119.980465 Y78.572035 Z2.444361 E0.120527
G1 X120.523142 Y78.402933 Z2.74494 E0.133663
G1 X121.064736 Y78.212022 Z3.146871 E0.145709
G1 X121.608958 Y78.021427 Z3.569231 E0.148583
G1 X122.158654 Y77.854555 Z3.926953 E0.140678
G1 F240 X122.715243 Y77.731324 Z4.148089 E0.127107
G1 X123.278536 Y77.664087 Z4.18841 E0.118224
G1 X123.846956 Y77.655099 Z4.040387 E0.122116
G1 F480 X124.418081 Y77.696034 Z3.734717 E0.134926
G1 X124.989336 Y77.769661 Z3.334091 E0.145847
G1 X125.558661 Y77.853351 Z2.920474 E0.147316
G1 X126.124988 Y77.923679 Z2.578467 E0.138302
G1 X126.688402 Y77.961204 Z2.378138 E0.323824
G1 X127.249978 Y77.954435 Z2.360798 E0.303686
G1 X127.811347 Y77.902183 Z2.530621 E0.122401
G1 X128.374109 Y77.813805 Z2.853794 E0.136147
G1 X128.939288 Y77.707302 Z3.265379 E0.147016
G1 X129.50695 Y77.605647 Z3.682496 E0.147952
G1 X130.076118 Y77.532108 Z4.021142 E0.138521
G1 F240 X130.645004 Y77.505501 Z4.213238 E0.12494
G1 X131.211499 Y77.536364 Z4.220451 E0.117945
G1 F480 X131.773797 Y77.624818 Z4.041971 E0.124006
G1 X132.330977 Y77.760554 Z3.714676 E0.137261
G1 X132.883394 Y77.924947 Z3.305648 E0.146916
G1 X133.432725 Y78.094865 Z2.898555 E0.146455
G1 X133.981675 Y78.247383 Z2.576675 E0.13603
G1 X134.533347 Y78.36445 Z2.40599 E0.31846
G1 X135.090453 Y78.436548 Z2.421796 E0.303734
G1 X135.654535 Y78.464604 Z2.621539 E0.12453
G1 X136.225408 Y78.459765 Z2.965333 E0.138532
G1 X136.800976 Y78.441101 Z3.384056 E0.148009
G1 X137.377512 Y78.431686 Z3.793378 E0.146994
G1 F240 X137.950362 Y78.453891 Z4.110878 E0.136227
G1 X138.514942 Y78.524836 Z4.27277 E0.12298
G1 X139.067809 Y78.652923 Z4.246851 E0.118095
G1 F480 X139.607561 Y78.836169 Z4.039034 E0.126121
G1 X140.135336 Y79.062653 Z3.692153 E0.139473
G1 X140.654758 Y79.312992 Z3.277263 E0.147665
G1 X141.171323 Y79.564294 Z2.879224 E0.145279
G1 X141.691291 Y79.79483 Z2.579475 E0.13365
G1 X142.220307 Y79.98852 Z2.439507 E0.31374
G1 X142.762092 Y80.138107 Z2.488381 E0.304925
G1 X143.317464 Y80.246568 Z2.716833 E0.126854
G1 X143.883941 Y80.326407 Z3.079148 E0.140765
G1 X144.456015 Y80.397152 Z3.502447 E0.148665
G1 X145.026191 Y80.481181 Z3.90147 E0.145718
G1 F240 X145.586472 Y80.599183 Z4.195887 E0.133837
G1 X146.130044 Y80.765993 Z4.326597 E0.121279
G1 X146.652795 Y80.987658 Z4.267725 E0.118666
G1 F480 X147.15441 Y81.260112 Z4.031873 E0.128392
G1 X147.638559 Y81.570295 Z3.667564 E0.141498
G1 X148.112324 Y81.898832 Z3.249391 E0.148054
G1 X148.58485 Y82.224015 Z2.862879 E0.143783
G1 X149.065477 Y82.526222 Z2.587129 E0.131204
G1 X149.56171 Y82.791947 Z2.478761 E0.309821
G1 X150.077542 Y83.016401 Z2.560422 E0.118166
G1 X150.61244 Y83.20437 Z2.816193 E0.129296
G1 X151.161241 Y83.369115 Z3.194816 E0.142767
G1 X151.715047 Y83.529557 Z3.6201 E0.148934
G1 X152.262934 Y83.706365 Z4.006385 E0.144119
G1 F240 X152.794164 Y83.917736 Z4.275924 E0.131396
G1 X153.300449 Y84.175737 Z4.374665 E0.119892
G1 X153.777768 Y84.483943 Z4.283223 E0.11963
G1 F480 X154.227366 Y84.836824 Z4.02081 E0.130735
G1 X154.655656 Y85.221012 Z3.641338 E0.143273
G1 X155.073046 Y85.618113 Z3.22248 E0.148066
G1 X155.491873 Y86.008513 Z2.849899 E0.142003
G1 X155.923877 Y86.375357 Z2.599868 E0.128768
G1 X156.377707 Y86.707907 Z2.523788 E0.306856
G1 X156.857007 Y87.00361 Z2.637752 E0.119444
G1 X157.359487 Y87.268461 Z2.919285 E0.131783
G1 X157.877215 Y87.515634 Z3.311901 E0.144513
G1 X158.398101 Y87.762669 Z3.736569 E0.148844
G1 X158.90828 Y88.027837 Z4.107753 E0.142266
G1 F240 X159.394945 Y88.32642 Z4.350772 E0.128992
G1 X159.849022 Y88.667667 Z4.416956 E0.118874
G1 X160.267147 Y89.053032 Z4.293527 E0.120956
G1 F480 X160.652501 Y89.476019 Z4.00619 E0.133102
G1 X161.014294 Y89.923661 Z3.613916 E0.144792
G1 X161.365992 Y90.379264 Z3.196975 E0.147739
G1 X161.72259 Y90.825875 Z2.840641 E0.140004
G1 X162.097544 Y91.249694 Z2.617891 E0.328684
G1 X162.49999 Y91.642725 Z2.574587 E0.304933
G1 X162.932695 Y92.004317 Z2.720172 E0.121065
G1 X163.391337 Y92.341109 Z3.025751 E0.134263
G1 X163.865233 Y92.66552 Z3.42996 E0.145988
G1 X164.339469 Y92.993029 Z3.851413 E0.148422
G1 X164.797784 Y93.339057 Z4.205228 E0.140216
G1 F240 X165.225927 Y93.715813 Z4.420248 E0.126699
G1 X165.614642 Y94.129874 Z4.453487 E0.118261
G1 X165.961688 Y94.580971 Z4.298853 E0.122601
G1 F480 X166.272299 Y95.062312 Z3.988383 E0.135448
G1 X166.558387 Y95.56198 Z3.585745 E0.146051
G1 X166.836154 Y96.065505 Z3.173311 E0.147107
G1 X167.122793 Y96.55887 Z2.835442 E0.137846
G1 X167.432972 Y97.031305 Z2.641365 E0.322965
G1 X167.775814 Y97.477321 Z2.631124 E0.3041
G1 X168.152851 Y97.897715 Z2.807452 E0.122977
G1 X168.557571 Y98.299213 Z3.135214 E0.136697
G1 X168.976621 Y98.692925 Z3.548543 E0.147204
G1 X169.392434 Y99.091959 Z3.964203 E0.147709
G1 X169.786767 Y99.508692 Z4.298487 E0.138032
G1 F240 X170.14444 Y99.952277 Z4.484202 E0.124585
G1 X170.456499 Y100.426876 Z4.484311 E0.118074
G1 F480 X170.722143 Y100.93097 Z4.299444 E0.124527
G1 X170.949 Y101.457836 Z3.967776 E0.137741
G1 X171.151674 Y101.997074 Z3.557276 E0.147044
G1 X171.348831 Y102.536828 Z3.151912 E0.146183
G1 X171.559408 Y103.066227 Z2.83461 E0.135564
G1 X171.798724 Y103.577539 Z2.670424 E0.317766
G1 X172.075271 Y104.067614 Z2.693329 E0.304388
G1 X172.388884 Y104.538331 Z2.899332 E0.125134
G1 X172.730656 Y104.996012 Z3.247276 E0.139035
G1 X173.084656 Y105.449951 Z3.667196 E0.148119
G1 X173.431111 Y105.910391 Z4.07452 E0.146689
G1 F240 X173.750412 Y106.386396 Z4.387232 E0.135729
G1 X174.02713 Y106.884044 Z4.542518 E0.122689
G1 X174.253223 Y107.405314 Z4.509516 E0.118312
G1 F480 X174.429753 Y107.947856 Z4.295576 E0.126665
G1 X174.566754 Y108.505655 Z3.944775 E0.139907
G1 X174.681258 Y109.070421 Z3.528963 E0.147719
G1 X174.793866 Y109.633374 Z3.133188 E0.144953
G1 X174.924555 Y110.187041 Z2.83843 E0.133188
G1 X175.088571 Y110.726707 Z2.705165 E0.313244
G1 X175.293267 Y111.251208 Z2.761096 E0.117616
G1 X175.536519 Y111.762963 Z2.995524 E0.127471
G1 X175.807084 Y112.26726 Z3.361524 E0.141214
G1 X176.086826 Y112.770989 Z3.785467 E0.148704
G1 X176.354367 Y113.28112 Z4.181964 E0.145368
G1 F240 X176.58944 Y113.803249 Z4.471196 E0.133354
G1 X176.77703 Y114.340519 Z4.595115 E0.12107
G1 X176.910496 Y114.893125 Z4.529224 E0.118967
G1 F480 X176.99298 Y115.458455 Z4.287551 E0.128951
G1 X177.036687 Y116.031856 Z3.919798 E0.141896
G1 X177.06063 Y116.607692 Z3.501259 E0.148065
G1 X177.086719 Y117.180599 Z3.117533 E0.143442
G1 X177.135259 Y117.746577 Z2.847155 E0.130779
G1 X177.220831 Y118.303704 Z2.745654 E0.309545
G1 X177.349343 Y118.852328 Z2.834285 E0.118573
G1 X177.516679 Y119.394807 Z3.095713 E0.129923
G1 X177.709499 Y119.934787 Z3.477533 E0.1432
G1 X177.907939 Y120.476277 Z3.902904 E0.148966
G1 X178.089643 Y121.022715 Z4.286149 E0.143793
G1 F240 X178.23423 Y121.576265 Z4.550138 E0.13098
G1 X178.327507 Y122.137446 Z4.641945 E0.119787
G1 X178.364414 Y122.705179 Z4.543593 E0.120021
G1 F480 X178.3501 Y123.277205 Z4.275695 E0.131339
G1 X178.298778 Y123.850761 Z3.893279 E0.143697
G1 X178.231058 Y124.423272 Z3.474612 E0.148109
G1 X178.169695 Y124.99297 Z3.105321 E0.141706
G1 X178.134954 Y125.559231 Z2.861011 E0.128404
G1 X178.140452 Y126.122587 Z2.791919 E0.306777
G1 X178.190357 Y126.684429 Z2.912723 E0.119912
G1 X178.278505 Y127.246487 Z3.199559 E0.132447
G1 X178.389624 Y127.810248 Z3.594864 E0.144983
G1 X178.502429 Y128.376467 Z4.019062 E0.148929
G1 X178.593936 Y128.944914 Z4.386711 E0.142007
G1 F240 X178.644159 Y129.51442 Z4.623849 E0.128664
G1 X178.640194 Y130.083206 Z4.682999 E0.118877
G1 X178.578859 Y130.649423 Z4.552811 E0.121445
G1 F480 X178.467368 Y131.211737 Z4.260361 E0.133778
G1 X178.321863 Y131.769802 Z3.865659 E0.145275
G1 X178.164141 Y132.324486 Z3.449466 E0.147836
G1 X178.017219 Y132.877754 Z3.096906 E0.139755
G1 X177.900638 Y133.432236 Z2.880189 E0.327873
G1 X177.82648 Y133.990556 Z2.843952 E0.305039
G1 X177.796905 Y134.554585 Z2.996205 E0.1216
G1 X177.803716 Y135.124825 Z3.3067 E0.134979
G1 X177.830038 Y135.700065 Z3.713073 E0.14651
G1 X177.85376 Y136.277464 Z4.133501 E0.148557
G1 X177.852042 Y136.853034 Z4.483309 E0.140012
G1 F240 X177.805978 Y137.422474 Z4.692153 E0.126446
G1 X177.704441 Y137.98216 Z4.718302 E0.118369
G1 X177.54633 Y138.530067 Z4.5571 E0.123189
G1 F480 X177.340781 Y139.066397 Z4.241921 E0.136193
G1 X177.105383 Y139.593762 Z3.837386 E0.146574
G1 X176.86242 Y140.116755 Z3.426252 E0.147223
G1 X176.634375 Y140.641077 Z3.092617 E0.137612
G1 X176.439403 Y141.172328 Z2.904849 E0.322252
G1 X176.28759 Y141.7147 Z2.901711 E0.304411
G1 X176.178893 Y142.269892 Z3.084494 E0.123588
G1 X176.103306 Y142.836551 Z3.416754 E0.137452
G1 X176.042915 Y143.410319 Z3.831709 E0.14773
G1 X175.975565 Y143.984553 Z4.245796 E0.147833
G1 X175.879413 Y144.551622 Z4.575625 E0.137827
G1 F240 X175.737425 Y145.104518 Z4.754908 E0.124378
G1 X175.540768 Y145.638396 Z4.747913 E0.118279
G1 F480 X175.290547 Y146.151746 Z4.556712 E0.125192
G1 X174.997513 Y146.646911 Z4.220766 E0.138502
G1 X174.679897 Y147.129825 Z3.808912 E0.147535
G1 X174.359499 Y147.608864 Z3.405392 E0.146248
G1 X174.05729 Y148.093182 Z3.09276 E0.1353
G1 X173.78917 Y148.590779 Z2.935119 E0.317156
G1 X173.562796 Y149.106714 Z2.965118 E0.304943
G1 X173.376111 Y149.641864 Z3.177323 E0.125807
G1 X173.217869 Y150.192519 Z3.529319 E0.139782
G1 X173.070015 Y150.750947 Z3.950319 E0.14859
G1 X172.911432 Y151.306831 Z4.355531 E0.146748
G1 F240 X172.722264 Y151.849337 Z4.663367 E0.135496
G1 X172.487934 Y152.369366 Z4.812004 E0.122529
G1 X172.202051 Y152.861539 Z4.771928 E0.118611
G1 F480 X171.867612 Y153.325475 Z4.551927 E0.12738
G1 X171.496286 Y153.766056 Z4.197306 E0.140643
G1 X171.105948 Y154.192592 Z3.780691 E0.148142
G1 X170.716979 Y154.617018 Z3.387294 E0.144947
G1 X170.348108 Y155.051468 Z3.09761 E0.132899
G1 X170.012643 Y155.505725 Z2.971088 E0.312774
G1 X169.715861 Y155.985071 Z3.03406 E0.117926
G1 X169.454054 Y156.489014 Z3.274399 E0.128188
G1 X169.215425 Y157.011183 Z3.643981 E0.141935
G1 X168.982606 Y157.540457 Z4.068449 E0.149108
G1 X168.736273 Y158.063121 Z4.462308 E0.145362
G1 F240 X168.459099 Y158.56564 Z4.746274 E0.133103
G1 X168.139243 Y159.037474 Z4.863368 E0.12097
G1 X167.772669 Y159.473357 Z4.790478 E0.119358
G1 F480 X167.363838 Y159.874533 Z4.543053 E0.129703
G1 X166.924671 Y160.248674 Z4.171962 E0.142597
G1 X166.472006 Y160.608448 Z3.753176 E0.148413
G1 X166.024114 Y160.969013 Z3.372346 E0.143366
G1 X165.596976 Y161.34492 Z3.107417 E0.130473
G1 X165.201101 Y161.747062 Z3.012813 E0.309248
G1 X164.839512 Y162.18031 Z3.108389 E0.118978
G1 X164.507289 Y162.642341 Z3.375401 E0.130671
G1 X164.192739 Y163.123932 Z3.76031 E0.143874
G1 X163.879908 Y163.610696 Z4.185649 E0.149283
G1 X163.551915 Y164.085935 Z4.565746 E0.143706
G1 F240 X163.194398 Y164.534029 Z4.824111 E0.130707
G1 X162.798377 Y164.943691 Z4.90896 E0.119751
G1 X162.361963 Y165.310376 Z4.803726 E0.120494
G1 F480 X161.890586 Y165.637365 Z4.530421 E0.132097
G1 X161.395737 Y165.935231 Z4.145169 E0.144323
G1 X160.892505 Y166.219798 Z3.726814 E0.148343
G1 X160.396445 Y166.508968 Z3.360918 E0.141535
G1 X159.920429 Y166.819048 Z3.122398 E0.128081
G1 X159.47212 Y167.161354 Z3.060316 E0.306698
G1 X159.052566 Y167.539766 Z3.187927 E0.120408
G1 X158.65618 Y167.949787 Z3.479985 E0.133193
G1 X158.27206 Y168.37931 Z3.877867 E0.145565
G1 X157.886358 Y168.810975 Z4.301475 E0.149113
G1 X157.485179 Y169.225644 Z4.665487 E0.141813
G1 F240 X157.057408 Y169.606308 Z4.896677 E0.128369
G1 X156.596888 Y169.941616 Z4.948778 E0.118912
G1 X156.103526 Y170.228289 Z4.811868 E0.121981
G1 F480 X155.583137 Y170.471917 Z4.51439 E0.134503
G1 X155.046083 Y170.685927 Z4.117371 E0.145788
G1 X154.505044 Y170.888936 Z3.702045 E0.147933
G1 X153.972379 Y171.100983 Z3.35336 E0.13949
G1 X153.457646 Y171.339424 Z3.142738 E0.327052
G1 X152.965779 Y171.615322 Z3.113581 E0.305216
G1 X152.496263 Y171.93108 Z3.27246 E0.122168
G1 X152.043458 Y172.279828 Z3.587783 E0.135692
G1 X151.597943 Y172.64671 Z3.996206 E0.146975
G1 X151.148589 Y173.011829 Z4.415491 E0.148603
G1 X150.684899 Y173.354264 Z4.761193 E0.139723
G1 F240 X150.199121 Y173.656343 Z4.963804 E0.126152
G1 X149.687723 Y173.907303 Z4.982855 E0.118484
G1 F480 X149.15194 Y174.105565 Z4.815133 E0.123769
G1 X148.597324 Y174.259148 Z4.495334 E0.13686
G1 X148.032438 Y174.384125 Z4.089017 E0.146962
G1 X147.466983 Y174.501394 Z3.679301 E0.14719
G1 X146.909785 Y174.632445 Z3.349996 E0.137275
G1 X146.367052 Y174.79495 Z3.168591 E0.321516
G1 X145.841258 Y174.999104 Z3.172558 E0.304857
G1 X145.330844 Y175.245463 Z3.361745 E0.124206
G1 X144.830768 Y175.524743 Z3.698409 E0.138111
G1 X144.33374 Y175.819632 Z4.114875 E0.14808
G1 X143.831856 Y176.108269 Z4.527271 E0.147763
G1 F240 X143.31827 Y176.36867 Z4.852552 E0.137479
G1 X142.788545 Y176.583232 Z5.025354 E0.124119
G1 X142.241429 Y176.742353 Z5.011257 E0.118481
G1 F480 X141.678922 Y176.846454 Z4.813778 E0.125803
G1 X141.105657 Y176.905952 Z4.47365 E0.139115
G1 X140.527776 Y176.939189 Z4.060559 E0.147825
G1 X139.951558 Y176.968729 Z3.659 E0.146128
G1 X139.382122 Y177.016763 Z3.351125 E0.134936
G1 X138.822454 Y177.100568 Z3.200075 E0.316568
G1 X138.272973 Y177.228947 Z3.237161 E0.305638
G1 X137.731667 Y177.400383 Z3.45551 E0.126459
G1 X137.194746 Y177.603296 Z3.811459 E0.140398
G1 X136.657621 Y177.818363 Z4.23342 E0.148861
G1 X136.115984 Y178.022424 Z4.636405 E0.146609
G1 F240 X135.566726 Y178.193199 Z4.93928 E0.135132
G1 X135.008514 Y178.313835 Z5.081226 E0.12233
G1 X134.44191 Y178.376365 Z5.03409 E0.118903
G1 F480 X133.86906 Y178.383359 Z4.80809 E0.128022
G1 X133.293036 Y178.347433 Z4.44975 E0.141218
G1 X132.717035 Y178.288694 Z4.032452 E0.148361
G1 X132.14362 Y178.230659 Z3.641544 E0.144766
G1 X131.574193 Y178.195462 Z3.357018 E0.132527
G1 X131.008806 Y178.199331 Z3.237275 E0.312364
G1 X130.446335 Y178.249273 Z3.307271 E0.118283
G1 X129.884946 Y178.341625 Z3.553455 E0.128865
G1 X129.322712 Y178.46279 Z3.926515 E0.142507
G1 X128.758211 Y178.591997 Z4.351388 E0.149305
G1 X128.190942 Y178.705533 Z4.742498 E0.145164
G1 F240 X127.621452 Y178.781572 Z5.021119 E0.132736
G1 X127.051151 Y178.804623 Z5.131355 E0.120841
G1 X126.481856 Y178.768691 Z5.051489 E0.119735
G1 F480 X125.915219 Y178.67849 Z4.798382 E0.130363
G1 X125.352169 Y178.548481 Z4.424059 E0.143125
G1 X124.792556 Y178.399918 Z4.005146 E0.148559
G1 X124.235094 Y178.256511 Z3.62732 E0.14313
G1 X123.67763 Y178.139598 Z3.367916 E0.130105
G1 X123.117704 Y178.063801 Z3.280237 E0.309043
G1 X122.553239 Y178.034063 Z3.382733 E0.119417
G1 X121.983212 Y178.044666 Z3.655254 E0.131359
G1 X121.408097 Y178.080415 Z4.043144 E0.144394
G1 X120.829963 Y178.119761 Z4.468331 E0.149406
G1 X120.252161 Y178.139204 Z4.845174 E0.143456
G1 F240 X119.67865 Y178.118074 Z5.097842 E0.13035
G1 X119.113098 Y178.042755 Z5.175709 E0.119702
G1 X118.557957 Y177.909416 Z5.063625 E0.120948
G1 F480 X118.01376 Y177.724756 Z4.784991 E0.132762
G1 X117.478802 Y177.504598 Z4.397013 E0.144795
G1 X116.949334 Y177.270641 Z3.979089 E0.148414
G1 X116.420254 Y177.046019 Z3.616693 E0.14125
G1 X115.886181 Y176.85058 Z3.384031 E0.127732
G1 X115.342676 Y176.696882 Z3.328977 E0.306719
G1 X114.787349 Y176.587687 Z3.46336 E0.120921
G1 X114.220584 Y176.515446 Z3.760558 E0.133877
G1 X113.645691 Y176.463907 Z4.160907 E0.146023
G1 X113.068397 Y176.411485 Z4.583806 E0.149159
G1 X112.495772 Y176.335684 Z4.944078 E0.141515
G1 F240 X111.934782 Y176.217671 Z5.169256 E0.128032
G1 X111.390756 Y176.046098 Z5.214293 E0.11895
G1 X110.866129 Y175.819346 Z5.070702 E0.1225
G1 F480 X110.359745 Y175.545777 Z4.768279 E0.135155
G1 X109.866902 Y175.241962 Z4.369058 E0.146191
G1 X109.380174 Y174.929248 Z3.954718 E0.147924
G1 X108.890872 Y174.629393 Z3.610007 E0.139161
G1 X108.390863 Y174.360145 Z3.405541 E0.326222
G1 X107.874363 Y174.131684 Z3.383472 E0.305479
G1 X107.339311 Y173.944635 Z3.548932 E0.122743
G1 X106.788016 Y173.79004 Z3.868995 E0.136355
G1 X106.226895 Y173.651281 Z4.279354 E0.147358
G1 X105.665313 Y173.507539 Z4.697378 E0.148567
G1 X105.113744 Y173.338065 Z5.038878 E0.139381
G1 F240 X104.581611 Y173.1264 Z5.235198 E0.125848
G1 X104.075254 Y172.863671 Z5.247147 E0.118611
G1 F480 X103.59647 Y172.550304 Z5.072954 E0.12434
G1 X103.141956 Y172.195838 Z4.748626 E0.137484
;WIDTH:1.250
; LINE_WIDTH: 1.250
;Z:5.771
;HEIGHT:2.372
G1 X103.071415 Y172.321254 Z5.157463 E0.090097
G1 X102.648895 Y171.912007 Z4.625894 E0.164809
G1 X102.232417 Y171.498864 Z4.094067 E0.164601
G1 X101.80647 Y171.107491 Z3.67078 E0.149001
G1 X101.357616 Y170.757688 Z3.442804 E0.331328
G1 X100.877401 Y170.459461 Z3.457267 E0.305623
G1 X100.364321 Y170.211137 Z3.712095 E0.129794
G1 X99.824395 Y169.999881 Z4.156426 E0.151846
G1 X99.270169 Y169.804465 Z4.70094 E0.166541
G1 X98.718324 Y169.599707 Z5.235983 E0.165353
G1 F240 X98.186331 Y169.361643 Z5.653822 E0.149075
G1 X97.688835 Y169.072378 Z5.870514 E0.127828
G1 X97.234534 Y168.723605 Z5.842938 E0.119197
G1 F480 X96.824192 Y168.318143 Z5.57755 E0.131999
G1 X96.450254 Y167.869201 Z5.129074 E0.153111
G1 X96.098191 Y167.397523 Z4.589391 E0.166
G1 X95.749346 Y166.927061 Z4.068895 E0.16288
G1 X95.384705 Y166.480085 Z3.674083 E0.145309
G1 X94.988849 Y166.072714 Z3.485946 E0.323406
G1 X94.553271 Y165.711768 Z3.543529 E0.307325
G1 X94.078333 Y165.393577 Z3.836003 E0.133487
G1 X93.573425 Y165.104936 Z4.304869 E0.155293
G1 X93.055237 Y164.825991 Z4.855825 E0.167579
G1 X92.544516 Y164.53438 Z5.377909 E0.163476
G1 F240 X92.061855 Y164.209832 Z5.766021 E0.145353
G1 X91.623435 Y163.838245 Z5.942249 E0.124958
G1 X91.237591 Y163.414404 Z5.871685 E0.120047
G1 F480 X90.902932 Y162.942848 Z5.569511 E0.135625
G1 X90.60841 Y162.436759 Z5.097915 E0.156291
G1 X90.335415 Y161.915097 Z4.553472 E0.1667
G1 X90.061474 Y161.398638 Z4.047541 E0.160716
G1 X89.764827 Y160.905737 Z3.683664 E0.141502
G1 X89.428946 Y160.448677 Z3.536553 E0.316704
G1 X89.046058 Y160.031351 Z3.636926 E0.119567
G1 X88.618929 Y159.648696 Z3.96527 E0.137367
G1 X88.160496 Y159.287966 Z4.455805 E0.158438
G1 X87.691394 Y158.931527 Z5.009832 E0.168116
G1 X87.235846 Y158.560574 Z5.515766 E0.161167
G1 F240 X86.816747 Y158.158981 Z5.871783 E0.141549
G1 X86.450926 Y157.716501 Z6.006487 E0.122587
G1 X86.14559 Y157.23068 Z5.893396 E0.121575
G1 F480 X85.896694 Y156.707133 Z5.556324 E0.139396
G1 X85.689603 Y156.15817 Z5.064543 E0.159143
G1 X85.501951 Y155.600108 Z4.518722 E0.166893
G1 X85.30813 Y155.049849 Z4.030502 E0.158138
G1 X85.084522 Y154.521447 Z3.699829 E0.137662
G1 X84.814393 Y154.023373 Z3.594678 E0.311469
G1 X84.491432 Y153.557002 Z3.737248 E0.121591
G1 X84.121204 Y153.116593 Z4.099464 E0.141329
G1 X83.72017 Y152.690729 Z4.60867 E0.161218
G1 X83.312454 Y152.264844 Z5.162378 E0.168136
G1 X82.924993 Y151.824318 Z5.649069 E0.158458
G1 F240 X82.582049 Y151.357449 Z5.970823 E0.137749
G1 X82.300201 Y150.857726 Z6.063197 E0.1208
G1 X82.084862 Y150.324953 Z5.908304 E0.123718
G1 F480 X81.929048 Y149.765035 Z5.538438 E0.143206
G1 X81.814681 Y149.188529 Z5.029529 E0.161613
G1 X81.71618 Y148.608309 Z4.485722 E0.166571
G1 X81.60573 Y148.036819 Z4.018249 E0.155189
G1 X81.458981 Y147.483571 Z3.722846 E0.348129
G1 X81.259599 Y146.953562 Z3.660327 E0.307916
G1 X81.003114 Y146.446312 Z3.844242 E0.124189
G1 X80.697914 Y145.956273 Z4.238122 E0.145279
G1 X80.363693 Y145.474216 Z4.762887 E0.16361
G1 X80.027235 Y144.989434 Z5.312889 E0.167688
G1 X79.717501 Y144.491841 Z5.777361 E0.155458
G1 F240 X79.459631 Y143.974056 Z6.062895 E0.134097
G1 X79.26968 Y143.432804 Z6.112397 E0.119684
G1 X79.150931 Y142.869465 Z5.916681 E0.126404
G1 F480 X79.094081 Y142.28922 Z5.516329 E0.14702
G1 X79.077995 Y141.700079 Z4.993455 E0.16378
G1 X79.07412 Y141.110997 Z4.455041 E0.1659
G1 X79.052343 Y140.529943 Z4.011223 E0.152058
G1 X78.987316 Y139.962286 Z3.752936 E0.338899
G1 X78.863029 Y139.410035 Z3.733463 E0.306126
G1 X78.676767 Y138.871532 Z3.957614 E0.127284
G1 X78.439767 Y138.342105 Z4.380757 E0.149253
G1 X78.17509 Y137.815298 Z4.91787 E0.165789
G1 X77.913063 Y137.284396 Z5.460802 E0.166986
G1 X77.685158 Y136.743901 Z5.900218 E0.152355
G1 F240 X77.517522 Y136.190626 Z6.147796 E0.130732
G1 X77.425563 Y135.624199 Z6.154147 E0.119296
G1 F480 X77.410641 Y135.046893 Z5.918842 E0.129631
G1 X77.459667 Y134.462878 Z5.490497 E0.150901
G1 X77.547595 Y133.877103 Z4.956909 E0.165725
G1 X77.642425 Y133.294102 Z4.427234 E0.164923
G1 X77.711695 Y132.716999 Z4.009833 E0.148754
G1 X77.729113 Y132.146939 Z3.790281 E0.330299
G1 X77.680072 Y131.583056 Z3.813999 E0.306185
G1 X77.564705 Y131.022949 Z4.077032 E0.130849
G1 X77.398021 Y130.463506 Z4.526854 E0.153195
G1 X77.20697 Y129.901848 Z5.073031 E0.16763
G1 X77.025028 Y129.336137 Z5.60557 E0.165875
G1 F240 X76.885438 Y128.766043 Z6.017248 E0.14903
G1 X76.814352 Y128.19275 Z6.22537 E0.127642
G1 X76.825439 Y127.618523 Z6.188557 E0.119635
G1 F480 X76.916969 Y127.045951 Z5.915139 E0.133263
G1 X77.072074 Y126.477095 Z5.461469 E0.154651
G1 X77.262082 Y125.912774 Z4.920482 E0.167237
G1 X77.452279 Y125.352208 Z4.402837 E0.163466
G1 X77.60898 Y124.793122 Z4.014453 E0.145212
G1 X77.706119 Y124.232294 Z3.835017 E0.322553
G1 X77.731447 Y123.666513 Z3.901805 E0.308219
G1 X77.68862 Y123.093559 Z4.202123 E0.134767
G1 X77.596442 Y122.513016 Z4.675878 E0.156939
G1 X77.485147 Y121.926682 Z5.227777 E0.168977
G1 X77.390448 Y121.338449 Z5.746666 E0.164239
G1 F240 X77.345965 Y120.753531 Z6.128093 E0.145453
G1 X77.376277 Y120.177289 Z6.295503 E0.124898
G1 X77.492037 Y119.613915 Z6.215779 E0.120702
G1 F480 X77.687868 Y119.06526 Z5.90596 E0.13716
G1 X77.943211 Y118.530077 Z5.429788 E0.15809
G1 X78.22647 Y118.003965 Z4.884764 E0.16812
G1 X78.501954 Y117.480195 Z4.382366 E0.161372
G1 X78.736924 Y116.951031 Z4.02542 E0.141392
G1 X78.908028 Y116.409405 Z3.887231 E0.315951
G1 X79.006529 Y115.850747 Z3.996705 E0.120099
G1 X79.039937 Y115.274269 Z4.332483 E0.138856
G1 X79.030068 Y114.683403 Z4.827276 E0.160218
G1 X79.008658 Y114.08542 Z5.38152 E0.169547
G1 X79.010844 Y113.49012 Z5.883587 E0.161884
G1 F240 X79.068004 Y112.907855 Z6.232438 E0.141599
G1 X79.2014 Y112.347286 Z6.358129 E0.122599
G1 X79.417917 Y111.813367 Z6.236011 E0.122429
G1 F480 X79.708767 Y111.306014 Z5.891728 E0.14107
G1 X80.051379 Y110.819809 Z5.396015 E0.160954
G1 X80.414083 Y110.344853 Z4.850341 E0.168225
G1 X80.762612 Y109.868658 Z4.366314 E0.158656
G1 X81.067075 Y109.378715 Z4.043033 E0.137458
G1 X81.307983 Y108.865208 Z3.946969 E0.310929
G1 X81.480116 Y108.323298 Z4.09848 E0.122321
G1 X81.593447 Y107.754447 Z4.467673 E0.142927
G1 X81.67097 Y107.166453 Z4.980479 E0.162983
G1 X81.743909 Y106.572121 Z5.533678 E0.169464
G1 X81.845285 Y105.986786 Z6.015854 E0.159047
G1 F240 X82.0032 Y105.425188 Z6.330003 E0.137735
G1 X82.23517 Y104.898316 Z6.413228 E0.120913
G1 X82.544684 Y104.41092 Z6.249495 E0.124754
G1 F480 X82.920644 Y103.960234 Z5.872896 E0.144961
G1 X83.339771 Y103.536255 Z5.360725 E0.163384
G1 X83.771465 Y103.123565 Z4.81779 E0.167782
G1 X84.184094 Y102.704376 Z4.355145 E0.155563
G1 X84.551413 Y102.2622 Z4.067548 E0.347403
G1 X84.857812 Y101.785387 Z4.014228 E0.30768
G1 X85.101338 Y101.269775 Z4.206867 E0.125118
G1 X85.293902 Y100.719852 Z4.607226 E0.146959
G1 X85.458668 Y100.148142 Z5.13491 E0.165317
G1 X85.625192 Y99.572875 Z5.683679 E0.168855
G1 X85.823364 Y99.014397 Z6.143016 E0.15586
G1 F240 X86.077314 Y98.490981 Z6.420554 E0.133992
G1 X86.400498 Y98.014881 Z6.460824 E0.11991
G1 X86.793232 Y97.589657 Z6.256513 E0.127603
G1 F480 X87.242816 Y97.209166 Z5.849946 E0.148772
G1 X87.726314 Y96.858568 Z5.3245 E0.16536
G1 X88.215294 Y96.517118 Z4.787679 E0.166802
G1 X88.681811 Y96.16243 Z4.349294 E0.152136
G1 X89.104004 Y95.775083 Z4.09918 E0.337892
G1 X89.470397 Y95.342734 Z4.088958 E0.306348
G1 X89.781948 Y94.862832 Z4.321564 E0.128392
G1 X90.051834 Y94.343609 Z4.750647 E0.150842
G1 X90.302279 Y93.802429 Z5.289981 E0.16714
G1 X90.55993 Y93.262482 Z5.830963 E0.167671
G1 X90.850382 Y92.748142 Z6.264656 E0.152332
G1 F240 X91.193025 Y92.279971 Z6.503897 E0.130454
G1 X91.597109 Y91.870245 Z6.500991 E0.119627
G1 F480 X92.060219 Y91.520374 Z6.257386 E0.13085
G1 X92.569012 Y91.220375 Z5.823384 E0.152364
G1 X93.102163 Y90.950718 Z5.28793 E0.166778
G1 X93.634867 Y90.686181 Z4.760557 E0.165242
G1 X94.143928 Y90.400966 Z4.349162 E0.148415
G1 X94.612409 Y90.074024 Z4.138098 E0.329165
G1 X95.032876 Y89.693498 Z4.171065 E0.307017
G1 X95.408642 Y89.259343 Z4.442229 E0.132
G1 X95.752783 Y88.783539 Z4.897417 E0.154447
G1 X96.085222 Y88.287838 Z5.445102 E0.168392
G1 X96.428488 Y87.799452 Z5.974988 E0.165928
G1 F240 X96.803075 Y87.345539 Z6.380389 E0.148555
G1 X97.223349 Y86.947626 Z6.579885 E0.127257
G1 X97.694805 Y86.617087 Z6.533846 E0.120073
G1 F480 X98.213227 Y86.352673 Z6.252476 E0.134373
G1 X98.765833 Y86.140597 Z5.793741 E0.155669
G1 X99.334125 Y85.957204 Z5.251605 E0.167659
G1 X99.897805 Y85.773711 Z4.736959 E0.163188
G1 X100.438928 Y85.562057 Z4.355115 E0.144532
G1 X100.945443 Y85.300698 Z4.18443 E0.321572
G1 X101.413414 Y84.979119 Z4.260407 E0.119086
G1 X101.847516 Y84.600134 Z4.568485 E0.135835
G1 X102.259751 Y84.179469 Z5.046996 E0.157749
G1 X102.666742 Y83.742689 Z5.599683 E0.16912
G1 X103.086173 Y83.320069 Z6.115231 E0.163724
G1 F240 X103.533155 Y82.940438 Z6.489867 E0.144659
G1 X104.017214 Y82.625176 Z6.648413 E0.124524
G1 X104.540696 Y82.383994 Z6.559552 E0.121229
G1 F480 X105.098493 Y82.212668 Z6.242178 E0.13808
G1 X105.679386 Y82.093786 Z5.761564 E0.158662
G1 X106.268584 Y82.00021 Z5.216115 E0.168036
G1 X106.850896 Y81.900616 Z4.717395 E0.160715
G1 X107.413763 Y81.76575 Z4.367482 E0.140596
G1 X107.949686 Y81.574485 Z4.238255 E0.31538
G1 X108.457509 Y81.318237 Z4.3568 E0.120783
G1 X108.942334 Y81.002873 Z4.699918 E0.139794
G1 X109.414121 Y80.647531 Z5.198829 E0.16072
G1 X109.88541 Y80.280859 Z5.753135 E0.169367
G1 X110.368649 Y79.93533 Z6.251194 E0.161151
G1 F240 X110.873631 Y79.640574 Z6.592781 E0.140769
G1 X111.405594 Y79.417226 Z6.709427 E0.12236
G1 X111.964469 Y79.272824 Z6.578317 E0.123048
G1 F480 X112.545158 Y79.200095 Z6.226921 E0.1419
G1 X113.138858 Y79.178274 Z5.727418 E0.16135
G1 X113.735093 Y79.177294 Z5.182045 E0.167972
G1 X114.323971 Y79.163875 Z4.702351 E0.157912
G1 X114.898166 Y79.108316 Z4.386554 E0.136711
G1 X115.45425 Y78.990596 Z4.299606 E0.310785
G1 X115.993102 Y78.80453 Z4.460015 E0.123106
G1 X116.519395 Y78.55912 Z4.836083 E0.143816
G1 X117.04031 Y78.276801 Z5.352345 E0.163362
G1 X117.563816 Y77.988935 Z5.904879 E0.169163
G1 X118.096912 Y77.729445 Z6.382404 E0.158253
G1 F240 X118.644208 Y77.527902 Z6.688862 E0.136957
G1 X119.207147 Y77.40347 Z6.762913 E0.120831
G1 X119.78397 Y77.360946 Z6.59039 E0.125468
G1 F480 X120.370399 Y77.389725 Z6.207165 E0.145749
G1 X120.960806 Y77.465916 Z5.691878 E0.163669
G1 X121.54959 Y77.557169 Z5.14997 E0.167422
G1 X122.13241 Y77.629257 Z4.692286 E0.154773
G1 X122.707016 Y77.653059 Z4.412577 E0.345642
G1 X123.273511 Y77.610517 Z4.368472 E0.307964
G1 X123.834025 Y77.498351 Z4.569781 E0.125981
G1 X124.391929 Y77.328761 Z4.976508 E0.147788
G1 X124.950815 Y77.126974 Z5.506962 E0.165578
G1 X125.51352 Y76.926116 Z6.054344 E0.168445
G1 X126.081434 Y76.760475 Z6.508417 E0.155024
G1 F240 X126.654256 Y76.658506 Z6.777883 E0.133289
G1 X127.230235 Y76.63703 Z6.80891 E0.119989
G1 X127.806811 Y76.697791 Z6.596062 E0.128385
G1 F480 X128.381465 Y76.827102 Z6.183397 E0.149503
G1 X128.952524 Y76.998622 Z5.655529 E0.165542
G1 X129.519716 Y77.178732 Z5.120454 E0.166359
G1 X130.084293 Y77.333384 Z4.687628 E0.151336
G1 X130.648695 Y77.435039 Z4.445758 E0.336394
G1 X131.215833 Y77.46827 Z4.444792 E0.307051
G1 X131.788175 Y77.43289 Z4.685787 E0.129302
G1 X132.36689 Y77.343973 Z5.12069 E0.151615
G1 X132.951287 Y77.228759 Z5.662094 E0.167326
G1 X133.538733 Y77.121081 Z6.200975 E0.167218
G1 X134.125097 Y77.054468 Z6.628822 E0.151523
G1 F240 X134.705663 Y77.055316 Z6.859661 E0.129876
G1 X135.276288 Y77.137529 Z6.847499 E0.119871
G1 F480 X135.834539 Y77.29973 Z6.595665 E0.131698
G1 X136.380516 Y77.525579 Z6.15613 E0.15308
G1 X136.917109 Y77.787149 Z5.618962 E0.166936
G1 X137.449599 Y78.050645 Z5.094043 E0.164802
G1 X137.984622 Y78.283301 Z4.68877 E0.147669
G1 X138.528714 Y78.460035 Z4.486256 E0.327996
G1 X139.086741 Y78.568516 Z4.528463 E0.308092
G1 X139.66058 Y78.61161 Z4.807684 E0.132961
G1 X140.248396 Y78.606721 Z5.268108 E0.155218
G1 X140.844713 Y78.582174 Z5.817149 E0.168577
G1 X141.441326 Y78.571394 Z6.344233 E0.165504
G1 F240 X142.028921 Y78.60608 Z6.743243 E0.147823
G1 X142.599053 Y78.709772 Z6.934057 E0.126824
G1 X143.146089 Y78.893105 Z6.878806 E0.120481
G1 F480 X143.668643 Y79.151738 Z6.589565 E0.135297
G1 X144.170172 Y79.467322 Z6.125897 E0.156407
G1 X144.658531 Y79.811329 Z5.582767 E0.16783
G1 X145.144528 Y80.150912 Z5.071267 E0.162774
G1 X145.63974 Y80.455609 Z4.696071 E0.143848
G1 X146.15403 Y80.703503 Z4.534188 E0.320732
G1 X146.693287 Y80.8856 Z4.619333 E0.119634
G1 X147.257914 Y81.007546 Z4.935085 E0.136847
G1 X147.842412 Y81.088343 Z5.418218 E0.15853
G1 X148.436235 Y81.156368 Z5.971537 E0.169315
G1 X149.025763 Y81.243524 Z6.4836 E0.163331
G1 F240 X149.597051 Y81.37872 Z6.851339 E0.144003
G1 X150.138773 Y81.582029 Z7.000978 E0.124238
G1 X150.644751 Y81.860697 Z6.903006 E0.121793
G1 F480 X151.115499 Y82.2078 Z6.578167 E0.139076
G1 X151.558405 Y82.603795 Z6.09325 E0.159418
G1 X151.986453 Y83.020617 Z5.547532 E0.168209
G1 X152.415709 Y83.427462 Z5.052632 E0.160309
G1 X152.862037 Y83.797063 Z4.709853 E0.139959
G1 X153.337725 Y84.11117 Z4.589625 E0.31487
G1 X153.84874 Y84.364134 Z4.717209 E0.121462
G1 X154.393211 Y84.563888 Z5.06757 E0.140851
G1 X154.96151 Y84.730155 Z5.57046 E0.16149
G1 X155.537974 Y84.890284 Z6.124672 E0.169531
G1 X156.103965 Y85.073596 Z6.618583 E0.160738
G1 F240 X156.641657 Y85.305401 Z6.95281 E0.140151
G1 X157.137789 Y85.60192 Z7.060378 E0.122213
G1 X157.586583 Y85.96712 Z6.920314 E0.123752
G1 F480 X157.991183 Y86.392084 Z6.561907 E0.142929
G1 X158.363274 Y86.857012 Z6.058756 E0.162059
G1 X158.720898 Y87.33539 Z5.513841 E0.168068
G1 X159.084868 Y87.799465 Z5.038617 E0.157448
G1 X159.474502 Y88.225884 Z4.730394 E0.136099
G1 X159.903544 Y88.600335 Z4.652589 E0.310642
G1 X160.377123 Y88.920289 Z4.821852 E0.123908
G1 X160.890443 Y89.195291 Z5.204689 E0.144871
G1 X161.42949 Y89.444805 Z5.724261 E0.164049
G1 X161.973692 Y89.694072 Z6.275975 E0.169221
G1 X162.500008 Y89.968888 Z6.748715 E0.157769
G1 F240 X162.987636 Y90.290353 Z7.047396 E0.136366
G1 X163.422377 Y90.670682 Z7.112255 E0.120829
G1 X163.799727 Y91.110902 Z6.93099 E0.126282
G1 F480 X164.126031 Y91.600861 Z6.541249 E0.14676
G1 X164.417413 Y92.121512 Z6.022994 E0.164284
G1 X164.696646 Y92.648948 Z5.482268 E0.167407
G1 X164.988577 Y93.159343 Z5.029676 E0.154244
G1 X165.315022 Y93.633759 Z4.757935 E0.344161
G1 X165.690177 Y94.061859 Z4.723058 E0.308227
G1 X166.117518 Y94.443789 Z4.932982 E0.126882
G1 X166.588848 Y94.789886 Z5.345962 E0.148815
G1 X167.085753 Y95.118323 Z5.879038 E0.166165
G1 X167.583193 Y95.451224 Z6.424879 E0.168394
G1 X168.054536 Y95.810073 Z6.87356 E0.15448
G1 F240 X168.47701 Y96.211369 Z7.134878 E0.13275
G1 X168.836466 Y96.66341 Z7.156656 E0.120142
G1 F480 X169.130437 Y97.164826 Z6.935333 E0.129288
G1 X169.368838 Y97.705112 Z6.516688 E0.150478
G1 X169.572128 Y98.26701 Z5.986548 E0.166054
G1 X169.76726 Y98.830184 Z5.453371 E0.166238
G1 X169.982227 Y99.375422 Z5.026228 E0.150756
G1 X170.240306 Y99.888477 Z4.792672 E0.335086
G1 X170.555186 Y100.362785 Z4.800964 E0.307734
G1 X170.928002 Y100.800537 Z5.050281 E0.13028
G1 X171.346902 Y101.211936 Z5.490883 E0.152595
G1 X171.789298 Y101.612847 Z6.034203 E0.167806
G1 X172.226343 Y102.021376 Z6.570832 E0.167062
G1 F240 X172.628721 Y102.454143 Z6.992714 E0.150933
G1 X172.972743 Y102.922898 Z7.215085 E0.129407
G1 X173.245306 Y103.432298 Z7.193672 E0.12018
G1 F480 X173.446637 Y103.979257 Z6.933681 E0.132665
G1 X173.590406 Y104.553861 Z6.488739 E0.153998
G1 X173.701078 Y105.141634 Z5.950011 E0.167331
G1 X173.809069 Y105.72662 Z5.427696 E0.164561
G1 X173.944405 Y106.294749 Z5.028661 E0.147037
G1 X174.130625 Y106.836564 Z4.834755 E0.326906
G1 X174.379903 Y107.348909 Z4.886192 E0.3092
G1 X174.690444 Y107.835269 Z5.173391 E0.13399
G1 X175.046558 Y108.304794 Z5.638924 E0.156113
G1 X175.421984 Y108.770052 Z6.189165 E0.168902
G1 X175.785103 Y109.244313 Z6.713299 E0.165192
G1 F240 X176.105319 Y109.738813 Z7.105806 E0.147157
G1 X176.359372 Y110.260545 Z7.287885 E0.126429
G1 X176.536251 Y110.811009 Z7.22344 E0.120935
G1 F480 X176.639374 Y111.386261 Z6.926411 E0.136278
G1 X176.686005 Y111.978017 Z6.457942 E0.157192
G1 X176.703787 Y112.575599 Z5.913972 E0.168023
G1 X176.72515 Y113.168255 Z5.405765 E0.162353
G1 X176.780696 Y113.747368 Z5.037325 E0.143148
G1 X176.89293 Y114.308063 Z4.884291 E0.319931
G1 X177.071625 Y114.849946 Z4.978581 E0.12022
G1 X177.311767 Y115.37685 Z5.301918 E0.137864
G1 X177.594533 Y115.895705 Z5.789538 E0.159258
G1 X177.891072 Y116.414856 Z6.343334 E0.169408
G1 X178.16836 Y116.94219 Z6.851767 E0.162818
G1 F240 X178.395929 Y117.483504 Z7.212507 E0.14326
G1 X178.552085 Y118.041452 Z7.353197 E0.123941
G1 X178.628366 Y118.615242 Z7.246144 E0.122367
G1 F480 X178.63128 Y119.201108 Z6.913934 E0.140006
G1 X178.581006 Y119.793388 Z6.424851 E0.160014
G1 X178.507293 Y120.385923 Z5.87902 E0.168169
G1 X178.443413 Y120.973436 Z5.38808 E0.15971
G1 X178.419371 Y121.55259 Z5.052533 E0.139229
G1 X178.455782 Y122.122504 Z4.94134 E0.31445
G1 X178.559661 Y122.684652 Z5.077928 E0.12218
G1 X178.722981 Y123.242229 Z5.435436 E0.14181
G1 X178.924324 Y123.799158 Z5.942163 E0.162021
G1 X179.133234 Y124.359032 Z6.496124 E0.169387
G1 X179.316425 Y124.924239 Z6.985749 E0.160044
G1 F240 X179.444573 Y125.495473 Z7.312523 E0.139372
G1 X179.498365 Y126.071742 Z7.410983 E0.122042
G1 X179.472133 Y126.650831 Z7.262008 E0.124418
G1 F480 X179.375248 Y127.230051 Z6.896691 E0.143771
G1 X179.230132 Y127.807083 Z6.390036 E0.162452
G1 X179.067663 Y128.38068 Z5.845735 E0.167811
G1 X178.920822 Y128.95102 Z5.375116 E0.156713
G1 X178.818126 Y129.519622 Z5.074556 E0.13539
G1 X178.777763 Y130.088865 Z5.005916 E0.310658
G1 X178.803901 Y130.661211 Z5.183986 E0.124721
G1 X178.885835 Y131.238368 Z5.573486 E0.145741
G1 X179.000347 Y131.82063 Z6.096222 E0.164392
G1 X179.116326 Y132.40657 Z6.646961 E0.168891
G1 X179.20109 Y132.993206 Z7.114784 E0.156968
G1 F240 X179.22708 Y133.576634 Z7.405603 E0.13562
G1 X179.177555 Y134.152993 Z7.461253 E0.120808
G1 X179.049678 Y134.719483 Z7.271299 E0.127016
G1 F480 X178.85529 Y135.275261 Z6.875154 E0.14752
G1 X178.618426 Y135.821892 Z6.354078 E0.164528
G1 X178.370385 Y136.363242 Z5.814688 E0.167017
G1 X178.143332 Y136.904763 Z5.367318 E0.153454
G1 X177.963757 Y137.452323 Z5.103624 E0.342512
G1 X177.847112 Y138.010813 Z5.077986 E0.308675
G1 X177.794709 Y138.582855 Z5.296467 E0.127757
G1 X177.793526 Y139.167941 Z5.715584 E0.149611
G1 X177.818916 Y139.762227 Z6.251132 E0.166383
G1 X177.839682 Y140.359094 Z6.795278 E0.167952
G1 X177.824458 Y140.950405 Z7.238442 E0.153642
G1 F240 X177.748085 Y141.528203 Z7.49154 E0.132086
G1 X177.596699 Y142.086514 Z7.504062 E0.120278
G1 F480 X177.370481 Y142.622823 Z7.274328 E0.130081
G1 X177.083542 Y143.138887 Z6.849823 E0.151173
G1 X176.760966 Y143.640642 Z6.317563 E0.166185
G1 X176.433645 Y144.137176 Z5.786437 E0.165752
G1 X176.131969 Y144.638929 Z5.365099 E0.149943
G1 X175.879656 Y145.15548 Z5.139924 E0.333694
G1 X175.688992 Y145.69339 Z5.157472 E0.308596
G1 X175.558428 Y146.254568 Z5.415043 E0.131194
G1 X175.473015 Y146.835573 Z5.861218 E0.153312
G1 X175.407551 Y147.428024 Z6.406303 E0.167904
G1 X175.331799 Y148.020121 Z6.940528 E0.166523
G1 F240 X175.216668 Y148.598978 Z7.356327 E0.150077
G1 X175.040124 Y149.153316 Z7.570168 E0.128847
G1 X174.791591 Y149.675947 Z7.539512 E0.12047
G1 F480 X174.473999 Y150.165495 Z7.271439 E0.133492
G1 X174.103054 Y150.62696 Z6.821218 E0.15462
G1 X173.703926 Y151.07094 Z6.281083 E0.167358
G1 X173.306048 Y151.511617 Z5.76152 E0.164005
G1 X172.937099 Y151.963904 Z5.368839 E0.146237
G1 X172.61742 Y152.440294 Z5.183596 E0.32584
G1 X172.355977 Y152.948115 Z5.244249 E0.310439
G1 X172.148687 Y153.487744 Z5.539347 E0.13492
G1 X171.97941 Y154.052246 Z6.009857 E0.156763
G1 X171.823398 Y154.628539 Z6.561145 E0.168927
G1 X171.652475 Y155.199927 Z7.082181 E0.164626
G1 F240 X171.440662 Y155.749378 Z7.468076 E0.146354
G1 X171.169491 Y156.263114 Z7.64137 E0.126016
G1 X170.831685 Y156.733621 Z7.56775 E0.121373
G1 F480 X170.432451 Y157.161411 Z7.263018 E0.137143
G1 X169.988161 Y157.555105 Z6.789882 E0.157801
G1 X169.523066 Y157.930023 Z6.245228 E0.168049
G1 X169.06421 Y158.305137 Z5.740458 E0.16183
G1 X168.635877 Y158.69919 Z5.37888 E0.142435
G1 X168.254773 Y159.126807 Z5.234739 E0.319235
G1 X167.926817 Y159.595339 Z5.338148 E0.120813
G1 X167.646026 Y160.103032 Z5.668981 E0.138833
G1 X167.395939 Y160.639115 Z6.16095 E0.159938
G1 X167.153149 Y161.185777 Z6.715067 E0.169496
G1 X166.892185 Y161.721679 Z7.219728 E0.162353
G1 F240 X166.590623 Y162.22619 Z7.573367 E0.142593
G1 X166.23364 Y162.683732 Z7.705071 E0.123704
G1 X165.8169 Y163.087148 Z7.588967 E0.122963
G1 F480 X165.347271 Y163.439413 Z7.249481 E0.140972
G1 X164.841226 Y163.753269 Z6.756373 E0.160717
G1 X164.321355 Y164.048831 Z6.210584 E0.168304
G1 X163.811675 Y164.349597 Z5.723746 E0.159299
G1 X163.332748 Y164.677645 Z5.395527 E0.138626
G1 X162.897585 Y165.049015 Z5.293401 E0.314087
G1 X162.509173 Y165.470218 Z5.438956 E0.122886
G1 X162.16009 Y165.936663 Z5.803509 E0.142865
G1 X161.834234 Y166.433333 Z6.313931 E0.162807
G1 X161.510296 Y166.937647 Z6.867487 E0.169606
G1 X161.166189 Y167.423945 Z7.352688 E0.159715
G1 F240 X160.783563 Y167.868722 Z7.671917 E0.138847
G1 X160.351448 Y168.255518 Z7.761244 E0.121978
G1 X159.868309 Y168.578466 Z7.603399 E0.125181
G1 F480 X159.342146 Y168.843707 Z7.231277 E0.14487
G1 X158.788629 Y169.068352 Z6.721264 E0.16328
G1 X158.227753 Y169.277163 Z6.177731 E0.16806
G1 X157.679674 Y169.497583 Z5.711852 E0.156394
G1 X157.160637 Y169.754118 Z5.419042 E0.350664
G1 X156.679803 Y170.063223 Z5.359587 E0.310613
G1 X156.237594 Y170.42974 Z5.546416 E0.125552
G1 X155.825888 Y170.8457 Z5.942468 E0.1469
G1 X155.429922 Y171.291727 Z6.468222 E0.165277
G1 X155.031499 Y171.740814 Z7.017831 E0.169197
G1 X154.612772 Y172.16371 Z7.480606 E0.156713
G1 F240 X154.159941 Y172.53502 Z7.763483 E0.135191
G1 X153.665894 Y172.838427 Z7.809909 E0.120907
G1 X153.131431 Y173.070177 Z7.611321 E0.12794
G1 F480 X152.564817 Y173.239994 Z7.208885 E0.148721
G1 X151.979925 Y173.36941 Z6.685137 E0.16541
G1 X151.393136 Y173.487344 Z6.147237 E0.167281
G1 X150.81994 Y173.624254 Z5.705216 E0.153136
G1 X150.271851 Y173.805924 Z5.449645 E0.341281
G1 X149.754286 Y174.048199 Z5.433255 E0.30899
G1 X149.265594 Y174.353301 Z5.660232 E0.12872
G1 X148.797839 Y174.709481 Z6.085368 E0.150821
G1 X148.338677 Y175.093206 Z6.623238 E0.167257
G1 X147.874079 Y175.473838 Z7.165537 E0.168215
G1 X147.391259 Y175.819785 Z7.603059 E0.153353
G1 F240 X146.881294 Y176.105118 Z7.847865 E0.131704
G1 X146.340728 Y176.314853 Z7.851131 E0.120534
G1 F480 X145.772007 Y176.448111 Z7.613051 E0.131124
G1 X145.182675 Y176.518416 Z7.182807 E0.152384
G1 X144.583565 Y176.551036 Z6.64858 E0.167
G1 X143.986408 Y176.577904 Z6.119655 E0.165921
G1 X143.401391 Y176.631129 Z5.704243 E0.149562
G1 X142.835174 Y176.736416 Z5.487514 E0.332584
G1 X142.289757 Y176.907759 Z5.514315 E0.309329
G1 X141.762384 Y177.144493 Z5.780067 E0.132257
G1 X141.246445 Y177.431325 Z6.231692 E0.154505
G1 X140.733122 Y177.741367 Z6.778388 E0.168688
G1 X140.213398 Y178.041557 Z7.31006 E0.166677
G1 F240 X139.679956 Y178.299379 Z7.719658 E0.149729
G1 X139.128596 Y178.48951 Z7.924911 E0.128527
G1 X138.558878 Y178.599029 Z7.885021 E0.120884
G1 F480 X137.97392 Y178.630118 Z7.608944 E0.134617
G1 X137.379442 Y178.599684 Z7.153571 E0.155795
G1 X136.782329 Y178.53597 Z6.612184 E0.168072
G1 X136.189061 Y178.472831 Z6.095522 E0.164063
G1 X135.60436 Y178.44284 Z5.709306 E0.1458
G1 X135.030355 Y178.470629 Z5.532781 E0.324923
G1 X134.466394 Y178.56783 Z5.602634 E0.311598
G1 X133.909516 Y178.730656 Z5.905548 E0.136057
G1 X133.355399 Y178.940627 Z6.380904 E0.157917
G1 X132.799541 Y179.168298 Z6.933082 E0.169608
G1 X132.238369 Y179.379238 Z7.450874 E0.164671
G1 F240 X131.670006 Y179.541045 Z7.830049 E0.145957
G1 X131.094553 Y179.629956 Z7.99451 E0.125777
G1 X130.513832 Y179.635707 Z7.911737 E0.121944
G1 F480 X129.930702 Y179.563648 Z7.59939 E0.138326
G1 X129.34816 Y179.433665 Z7.121722 E0.158915
G1 X128.768464 Y179.276145 Z6.576539 E0.168634
G1 X128.192524 Y179.125783 Z6.075351 E0.161757
G1 X127.619716 Y179.014514 Z5.720738 E0.141941
G1 X127.048155 Y178.965002 Z5.585532 E0.318567
G1 X126.475357 Y178.986025 Z5.698033 E0.121424
G1 X125.899085 Y179.070685 Z6.036268 E0.140013
G1 X125.318154 Y179.197829 Z6.532449 E0.160999
G1 X124.732961 Y179.336363 Z7.086731 E0.17001
G1 X124.145565 Y179.451601 Z7.587478 E0.162231
G1 F240 X123.559291 Y179.512333 Z7.933918 E0.142122
G1 X122.977919 Y179.497176 Z8.056598 E0.123555
G1 X122.404661 Y179.398909 Z7.931479 E0.123671
G1 F480 X121.841192 Y179.225921 Z7.584814 E0.142148
G1 X121.286995 Y179.000463 Z7.087821 E0.161685
G1 X120.739217 Y178.754089 Z6.54223 E0.168678
G1 X120.193131 Y178.521208 Z6.059633 E0.159041
G1 X119.643119 Y178.332077 Z5.738836 E0.138076
G1 X119.083991 Y178.206656 Z5.645808 E0.31376
G1 X118.51233 Y178.150594 Z5.800289 E0.123648
G1 X117.927529 Y178.154129 Z6.171786 E0.144023
G1 X117.332253 Y178.194143 Z6.68576 E0.163698
G1 X116.732163 Y178.238923 Z7.238754 E0.169889
G1 X116.134895 Y178.254656 Z7.719395 E0.1594
G1 F240 X115.548503 Y178.212311 Z8.03099 E0.138318
G1 X114.979659 Y178.093528 Z8.111159 E0.121944
G1 X114.432039 Y177.894288 Z7.944491 E0.125994
G1 F480 X113.905259 Y177.625662 Z7.565671 E0.145982
G1 X113.394656 Y177.311468 Z7.052445 E0.164055
G1 X112.892013 Y176.983359 Z6.509836 E0.168204
G1 X112.387144 Y176.674342 Z6.04883 E0.155964
G1 X111.870012 Y176.41207 Z5.763853 E0.349193
G1 X111.332968 Y176.213263 Z5.713602 E0.3107
G1 X110.772594 Y176.080395 Z5.909137 E0.12643
G1 X110.190737 Y176.001305 Z6.311632 E0.147989
G1 X109.594448 Y175.951784 Z6.840256 E0.16597
G1 X108.994779 Y175.900595 Z7.38858 E0.169248
G1 X108.404638 Y175.815882 Z7.846176 E0.15623
G1 F240 X107.836133 Y175.671645 Z8.121032 E0.134647
G1 X107.29793 Y175.452974 Z8.158222 E0.121008
G1 X106.793235 Y175.158981 Z7.951058 E0.128827
G1 F480 X106.318838 Y174.802849 Z7.542446 E0.149735
G1 X105.865494 Y174.409025 Z7.016176 E0.165986
G1 X105.419616 Y174.008154 Z6.47992 E0.167218
G1 X104.965976 Y173.630796 Z6.043374 E0.152581
G1 X104.490879 Y173.301237 Z5.796 E0.339908
G1 X103.985148 Y173.032636 Z5.788863 E0.30952
G1 X103.44628 Y172.824486 Z6.024273 E0.129672
G1 X102.879265 Y172.662884 Z6.455309 E0.151822
;WIDTH:1.250
; LINE_WIDTH: 1.250
;Z:8.154
;HEIGHT:2.383
G1 X102.861878 Y172.693796 Z6.458325 E0.007399
G1 X102.277754 Y172.55488 Z7.000747 E0.168202
G1 X101.693553 Y172.408533 Z7.543428 E0.168522
G1 X101.126998 Y172.225719 Z7.97709 E0.153106
G1 F240 X100.593477 Y171.984035 Z8.214581 E0.131383
G1 X100.102733 Y171.672176 Z8.208563 E0.120876
G1 F480 X99.656626 Y171.292082 Z7.961122 E0.132244
G1 X99.248478 Y170.858369 Z7.523341 E0.153652
G1 X98.864194 Y170.395195 Z6.984935 E0.167864
G1 X98.48497 Y169.931227 Z6.456043 E0.166145
G1 X98.091089 Y169.493776 Z6.044871 E0.149261
G1 X97.666024 Y169.103288 Z5.835733 E0.331811
G1 X97.199999 Y168.769318 Z5.87194 E0.310493
G1 X96.692251 Y168.488777 Z6.147006 E0.133458
G1 X96.15147 Y168.246773 Z6.605969 E0.15579
G1 X95.594276 Y168.019838 Z7.156541 E0.169529
G1 X95.042 Y167.78084 Z7.687842 E0.166873
G1 F240 X94.516381 Y167.504548 Z8.092904 E0.149423
G1 X94.035079 Y167.172724 Z8.290379 E0.128271
G1 X93.607895 Y166.777696 Z8.241052 E0.121384
G1 F480 X93.234553 Y166.323719 Z7.955797 E0.135813
G1 X92.904502 Y165.8259 Z7.493374 E0.157024
G1 X92.598868 Y165.306929 Z6.948498 E0.168832
G1 X92.294172 Y164.792342 Z6.432621 E0.164178
G1 X91.967098 Y164.305306 Z6.051307 E0.145451
G1 X91.599343 Y163.86198 Z5.882812 E0.324364
G1 X91.181526 Y163.468412 Z5.962196 E0.120455
G1 X90.715344 Y163.119542 Z6.274212 E0.137322
G1 X90.213472 Y162.800487 Z6.756396 E0.159154
G1 X89.697185 Y162.489792 Z7.311749 E0.170344
G1 X89.19215 Y162.163936 Z7.82842 E0.164759
G1 F240 X88.723223 Y161.802156 Z8.202411 E0.145609
G1 X88.309307 Y161.390595 Z8.358679 E0.125611
G1 X87.959344 Y160.924942 Z8.266374 E0.122599
G1 F480 X87.670288 Y160.411074 Z7.945091 E0.139577
G1 X87.427521 Y159.863608 Z7.460903 E0.16009
G1 X87.207667 Y159.302723 Z6.912942 E0.169287
G1 X86.983266 Y158.749932 Z6.413287 E0.161768
G1 X86.72837 Y158.223701 Z6.064209 E0.141561
G1 X86.423929 Y157.73581 Z5.937421 E0.318284
G1 X86.061835 Y157.289174 Z6.05952 E0.122189
G1 X85.646779 Y156.877531 Z6.406587 E0.141321
G1 X85.195497 Y156.487005 Z6.909046 E0.162174
G1 X84.733518 Y156.099162 Z7.465782 E0.170636
G1 X84.290057 Y155.694906 Z7.964665 E0.162218
G1 F240 X83.892064 Y155.258377 Z8.305305 E0.141751
G1 X83.558657 Y154.780071 Z8.419429 E0.1235
G1 X83.297096 Y154.258556 Z8.28474 E0.124471
G1 F480 X83.10113 Y153.700492 Z7.929436 E0.143431
G1 X82.952112 Y153.119003 Z7.426494 E0.162793
G1 X82.822679 Y152.530787 Z6.878854 E0.169219
G1 X82.682264 Y151.952612 Z6.398527 E0.158956
G1 X82.503344 Y151.397925 Z6.083863 E0.137686
G1 X82.26713 Y150.874267 Z5.999591 E0.31381
G1 X81.967536 Y150.382 Z6.163677 E0.124554
G1 X81.612576 Y149.914544 Z6.543682 E0.145352
G1 X81.222883 Y149.460029 Z7.063345 E0.164799
G1 X80.827619 Y149.003949 Z7.618058 E0.170401
G1 X80.45859 Y148.532248 Z8.096102 E0.159295
G1 F240 X80.14376 Y148.034165 Z8.401317 E0.137946
G1 X79.901486 Y147.504286 Z8.472621 E0.12202
G1 X79.736672 Y146.943391 Z8.296404 E0.126927
G1 F480 X79.639644 Y146.358001 Z7.909296 E0.147277
G1 X79.588011 Y145.758756 Z7.390728 E0.165085
G1 X79.551142 Y145.158041 Z6.84681 E0.168631
G1 X79.496378 Y144.56737 Z6.388799 E0.155791
G1 X79.395707 Y143.995092 Z6.110516 E0.348211
G1 X79.231537 Y143.444884 Z6.069305 E0.311128
G1 X79.00038 Y142.915292 Z6.274393 E0.127461
G1 X78.713675 Y142.400366 Z6.68502 E0.149318
G1 X78.39555 Y141.89119 Z7.218708 E0.166986
G1 X78.077982 Y141.377939 Z7.768005 E0.169645
G1 X77.794308 Y140.851983 Z8.22229 E0.156042
G1 F240 X77.572418 Y140.307613 Z8.490224 E0.134295
G1 X77.429033 Y139.743021 Z8.518293 E0.121231
G1 X77.36622 Y139.160395 Z8.301662 E0.129873
G1 F480 X77.370899 Y138.565154 Z7.885163 E0.151022
G1 X77.417443 Y137.964551 Z7.354191 E0.166926
G1 X77.472855 Y137.365995 Z6.817376 E0.167532
G1 X77.503482 Y136.775473 Z6.384531 E0.152333
G1 X77.481885 Y136.196408 Z6.144371 E0.339022
G1 X77.392473 Y135.629187 Z6.146501 E0.310358
G1 X77.234734 Y135.071396 Z6.391353 E0.130807
G1 X77.023391 Y134.518667 Z6.830096 E0.153134
G1 X76.785454 Y133.965883 Z7.374546 E0.168701
G1 X76.554739 Y133.408451 Z7.915066 E0.168382
G1 X76.364992 Y132.843318 Z8.342816 E0.152523
G1 F240 X76.243004 Y132.269531 Z8.571845 E0.130907
G1 X76.20313 Y131.688222 Z8.556532 E0.121166
G1 F480 X76.244337 Y131.102088 Z8.300849 E0.133207
G1 X76.350391 Y130.514509 Z7.857553 E0.154586
G1 X76.493148 Y129.928576 Z7.317477 E0.168287
G1 X76.638275 Y129.346275 Z6.7911 E0.165938
G1 X76.752248 Y128.768039 Z6.386116 E0.148651
G1 X76.80919 Y128.192769 Z6.185585 E0.330704
G1 X76.796141 Y127.618304 Z6.23107 E0.311537
G1 X76.715713 Y127.042192 Z6.514203 E0.134484
G1 X76.585549 Y126.462546 Z6.978383 E0.156722
G1 X76.434726 Y125.878739 Z7.530264 E0.169919
G1 X76.297828 Y125.291736 Z8.058701 E0.166633
G1 F240 X76.20789 Y124.703957 Z8.457306 E0.148811
G1 X76.189676 Y124.118691 Z8.646043 E0.127888
G1 X76.254641 Y123.539203 Z8.587469 E0.121826
G1 F480 X76.398623 Y122.967757 Z8.294337 E0.136821
G1 X76.602712 Y122.404837 Z7.827002 E0.157894
G1 X76.837132 Y121.848773 Z7.28118 E0.169145
G1 X77.067324 Y121.295917 Z6.768512 E0.163875
G1 X77.260994 Y120.741375 Z6.393912 E0.144821
G1 X77.394673 Y120.180132 Z6.234273 E0.323541
G1 X77.458466 Y119.608341 Z6.322859 E0.121008
G1 X77.458021 Y119.024443 Z6.642553 E0.138381
G1 X77.413315 Y118.429829 Z7.129334 E0.160013
G1 X77.354542 Y117.828855 Z7.68527 E0.170621
G1 X77.315919 Y117.228127 Z8.198392 E0.164427
G1 F240 X77.328714 Y116.63519 Z8.565421 E0.144985
G1 X77.414892 Y116.056876 Z8.712729 E0.125343
G1 X77.582693 Y115.497668 Z8.611282 E0.123185
G1 F480 X77.825027 Y114.958489 Z8.282533 E0.140607
G1 X78.120987 Y114.436193 Z7.794068 E0.160884
G1 X78.44018 Y113.92396 Z7.245889 E0.169488
G1 X78.748955 Y113.412552 Z6.750118 E0.161378
G1 X79.017255 Y112.892202 Z6.408238 E0.140932
G1 X79.224702 Y112.354761 Z6.290502 E0.317798
G1 X79.364666 Y111.795625 Z6.421667 E0.12288
G1 X79.445511 Y111.215008 Z6.775978 E0.142389
G1 X79.488786 Y110.61823 Z7.282386 E0.16295
G1 X79.52474 Y110.014892 Z7.838975 E0.1708
G1 X79.586109 Y109.417075 Z8.333645 E0.161803
G1 F240 X79.701437 Y108.836879 Z8.666861 E0.141135
G1 X79.889318 Y108.283827 Z8.771858 E0.123365
G1 X80.154693 Y107.762678 Z8.628189 E0.125186
G1 F480 X80.48797 Y107.272166 Z8.265877 E0.144462
G1 X80.867093 Y106.804961 Z7.759319 E0.163499
G1 X81.26214 Y106.348944 Z7.21219 E0.169309
G1 X81.64146 Y105.889573 Z6.736398 E0.158489
G1 X81.978113 Y105.412876 Z6.429373 E0.137078
G1 X82.25528 Y104.908468 Z6.354291 E0.313703
G1 X82.46956 Y104.371934 Z6.527255 E0.125365
G1 X82.631509 Y103.806045 Z6.914023 E0.146408
G1 X82.763331 Y103.220496 Z7.436962 E0.165481
G1 X82.89423 Y102.630163 Z7.9908 E0.170454
G1 X83.054401 Y102.052186 Z8.463994 E0.158807
G1 F240 X83.268881 Y101.502461 Z8.761369 E0.13736
G1 X83.552533 Y100.992257 Z8.823433 E0.122032
G1 X83.907153 Y100.525676 Z8.638454 E0.12775
G1 F480 X84.321273 Y100.098548 Z8.244839 E0.148288
G1 X84.772658 Y99.699011 Z7.723338 E0.165694
G1 X85.232958 Y99.309745 Z7.180659 E0.168611
G1 X85.673532 Y98.911425 Z6.727806 E0.15526
G1 X86.071249 Y98.486713 Z6.457553 E0.346747
G1 X86.41309 Y98.023958 Z6.425615 E0.311428
G1 X86.69862 Y97.519833 Z6.639337 E0.12837
G1 X86.939868 Y96.980298 Z7.056205 E0.150344
G1 X87.158688 Y96.419655 Z7.592477 E0.167568
G1 X87.382152 Y95.857826 Z8.140175 E0.169589
G1 X87.636973 Y95.316382 Z8.589002 E0.155496
G1 F240 X87.944091 Y94.814107 Z8.848728 E0.133763
G1 X88.314518 Y94.363023 Z8.867504 E0.121398
G1 F480 X88.747282 Y93.96572 Z8.642382 E0.130783
G1 X89.229834 Y93.614573 Z8.219916 E0.151997
G1 X89.740796 Y93.293078 Z7.686714 E0.167433
G1 X90.254453 Y92.979055 Z7.151856 E0.167405
G1 X90.746037 Y92.649128 Z6.72476 E0.151752
G1 X91.19671 Y92.283547 Z6.492973 E0.337736
G1 X91.597253 Y91.870388 Z6.504402 E0.311075
G1 X91.949715 Y91.40821 Z6.75759 E0.131791
G1 X92.266748 Y90.906606 Z7.202014 E0.154113
G1 X92.568801 Y90.384474 Z7.748339 E0.169177
G1 X92.879796 Y89.866322 Z8.286546 E0.168221
G1 F240 X93.222191 Y89.377325 Z8.708265 E0.151934
G1 X93.612461 Y88.938151 Z8.928768 E0.13045
G1 X94.057892 Y88.560604 Z8.904166 E0.121488
G1 F480 X94.555321 Y88.245019 Z8.640315 E0.13418
G1 X95.092029 Y87.979984 Z8.19163 E0.155507
G1 X95.648547 Y87.744475 Z7.650039 E0.168687
G1 X96.202762 Y87.51203 Z7.126326 E0.16571
G1 X96.734456 Y87.256118 Z6.727647 E0.148036
G1 X97.229335 Y86.955611 Z6.535781 E0.329657
G1 X97.681743 Y86.59925 Z6.590532 E0.312667
G1 X98.09555 Y86.188139 Z6.881652 E0.135518
G1 X98.483078 Y85.735729 Z7.350919 E0.157638
G1 X98.862341 Y85.265262 Z7.903954 E0.170284
G1 X99.253211 Y84.805145 Z8.429379 E0.166373
G1 F240 X99.673322 Y84.383195 Z8.821416 E0.148195
G1 X100.134562 Y84.020913 Z9.001362 E0.12753
G1 X100.640839 Y83.728981 Z8.93356 E0.1223
G1 F480 X101.187542 Y83.504913 Z8.632633 E0.137834
G1 X101.762764 Y83.333392 Z8.160521 E0.158748
G1 X102.349949 Y83.189252 Z7.613907 E0.169435
G1 X102.931411 Y83.042523 Z7.104595 E0.163553
G1 X103.491942 Y82.864537 Z6.736817 E0.144191
G1 X104.02179 Y82.633834 Z6.586081 E0.32279
G1 X104.518415 Y82.340669 Z6.683843 E0.121592
G1 X104.986699 Y81.989158 Z7.011126 E0.139442
G1 X105.437644 Y81.596603 Z7.502368 E0.160855
G1 X105.885866 Y81.190096 Z8.058731 E0.170875
G1 X106.34646 Y80.801081 Z8.56816 E0.164077
G1 F240 X106.831898 Y80.458951 Z8.928124 E0.144362
G1 X107.3496 Y80.185014 Z9.066431 E0.125104
G1 X107.900646 Y79.988042 Z8.955872 E0.123799
G1 F480 X108.479849 Y79.862362 Z8.619751 E0.141638
G1 X109.077101 Y79.788882 Z8.127149 E0.161658
G1 X109.679673 Y79.738888 Z7.578909 E0.169665
G1 X110.274932 Y79.679847 Z7.087163 E0.160971
G1 X110.8529 Y79.582038 Z6.75258 E0.140306
G1 X111.408137 Y79.42467 Z6.643929 E0.317393
G1 X111.940574 Y79.200216 Z6.784126 E0.123599
G1 X112.455205 Y78.916061 Z7.145581 E0.143455
G1 X112.960735 Y78.593104 Z7.655796 E0.163705
G1 X113.467545 Y78.261591 Z8.212082 E0.170941
G1 X113.985435 Y77.954989 Z8.7024 E0.161372
G1 F240 X114.521621 Y77.703173 Z9.028099 E0.140526
G1 X115.079408 Y77.52629 Z9.123939 E0.123262
G1 X115.657772 Y77.430591 Z8.971333 E0.125924
G1 F480 X116.251879 Y77.40707 Z8.602116 E0.145489
G1 X116.854374 Y77.433227 Z8.092087 E0.164184
G1 X117.457112 Y77.477597 Z7.545627 E0.169375
G1 X118.052922 Y77.506138 Z7.074505 E0.158007
G1 X118.63703 Y77.489177 Z6.775206 E0.13648
G1 X119.207846 Y77.407495 Z6.709337 E0.313682
G1 X119.766992 Y77.256301 Z6.891131 E0.126198
G1 X120.318622 Y77.046271 Z7.284554 E0.147459
G1 X120.868245 Y76.801425 Z7.810623 E0.166142
G1 X121.421345 Y76.554277 Z8.363429 E0.170483
G1 X121.982136 Y76.339226 Z8.83164 E0.158307
G1 F240 X122.552735 Y76.185539 Z9.121092 E0.136786
G1 X123.132892 Y76.111371 Z9.173901 E0.122077
G1 X123.720325 Y76.120033 Z8.980213 E0.128592
G1 F480 X124.311504 Y76.199282 Z8.580203 E0.149292
G1 X124.902675 Y76.323795 Z8.055919 E0.166282
G1 X125.490842 Y76.460309 Z7.514633 E0.168568
G1 X126.074467 Y76.574395 Z7.067067 E0.154717
G1 X126.653705 Y76.637477 Z6.804923 E0.34532
G1 X127.230169 Y76.632668 Z6.782268 E0.311817
G1 X127.806286 Y76.558219 Z7.004564 E0.129296
G1 X128.384441 Y76.427881 Z7.427557 E0.151361
G1 X128.966167 Y76.26811 Z7.966262 E0.168127
G1 X129.551594 Y76.112674 Z8.512206 E0.16951
G1 X130.139319 Y75.995766 Z8.955449 E0.154941
G1 F240 X130.726744 Y75.945046 Z9.206895 E0.133246
G1 X131.3108 Y75.976001 Z9.216374 E0.121598
G1 F480 X131.888865 Y76.088812 Z8.982826 E0.131707
G1 X132.459617 Y76.268328 Z8.554515 E0.15296
G1 X133.023607 Y76.48718 Z8.019234 E0.167918
G1 X133.583334 Y76.711372 Z7.486486 E0.167256
G1 X134.142801 Y76.907214 Z7.065262 E0.151163
G1 X134.706603 Y77.048179 Z6.841915 E0.336499
G1 X135.278755 Y77.120282 Z6.86264 E0.311882
G1 X135.861557 Y77.12489 Z7.124093 E0.132786
G1 X136.454764 Y77.078393 Z7.574075 E0.155079
G1 X137.055329 Y77.00882 Z8.122121 E0.169629
G1 X137.657806 Y76.95009 Z8.657864 E0.168039
G1 F240 X138.255384 Y76.935089 Z9.073433 E0.151339
G1 X138.841357 Y76.988983 Z9.285349 E0.130014
G1 X139.410695 Y77.124129 Z9.251465 E0.121844
G1 F480 X139.961369 Y77.337616 Z8.979523 E0.135163
G1 X140.49508 Y77.611935 Z8.525577 E0.156414
G1 X141.017189 Y77.918601 Z7.982625 E0.169063
G1 X141.535793 Y78.224006 Z7.461727 E0.165462
G1 X142.060108 Y78.496276 Z7.069467 E0.147417
G1 X142.598473 Y78.71173 Z6.886321 E0.328671
G1 X143.15641 Y78.859644 Z6.950324 E0.313881
G1 X143.735169 Y78.944339 Z7.24935 E0.136559
G1 X144.331139 Y78.984202 Z7.723572 E0.158539
G1 X144.936291 Y79.007842 Z8.277606 E0.170626
G1 X145.539633 Y79.048204 Z8.79987 E0.166094
G1 F240 X146.129397 Y79.135839 Z9.18523 E0.147578
G1 X146.695541 Y79.29271 Z9.356336 E0.127197
G1 X147.232014 Y79.5278 Z9.279325 E0.122805
G1 F480 X147.738274 Y79.835388 Z8.97069 E0.138852
G1 X148.219709 Y80.196333 Z8.493936 E0.159585
G1 X148.686778 Y80.582078 Z7.946687 E0.1697
G1 X149.153025 Y80.960524 Z7.440876 E0.163213
G1 X149.632325 Y81.302575 Z7.080025 E0.143561
G1 X150.13592 Y81.588011 Z6.938235 E0.322111
G1 X150.669882 Y81.809492 Z7.045148 E0.122206
G1 X151.233565 Y81.973911 Z7.379929 E0.140505
G1 X151.819418 Y82.100832 Z7.875493 E0.161678
G1 X152.414267 Y82.21838 Z8.432127 E0.171104
G1 X153.001848 Y82.357426 Z8.937718 E0.163709
G1 F240 X153.566099 Y82.545291 Z9.290518 E0.143741
G1 X154.094549 Y82.800233 Z9.419786 E0.124893
G1 X154.581078 Y83.127857 Z9.300148 E0.124441
G1 F480 X155.027438 Y83.520121 Z8.956751 E0.142669
G1 X155.443176 Y83.957141 Z8.460154 E0.162414
G1 X155.843897 Y84.411372 Z7.912008 E0.169819
G1 X156.2482 Y84.853288 Z7.424428 E0.160548
G1 X156.673866 Y85.257388 Z7.097237 E0.139686
G1 X157.134092 Y85.6073 Z6.997704 E0.317068
G1 X157.634561 Y85.898959 Z7.146894 E0.124342
G1 X158.171995 Y86.141238 Z7.515392 E0.144518
G1 X158.734537 Y86.353941 Z8.02927 E0.164441
G1 X159.30395 Y86.563615 Z8.585096 E0.171058
G1 X159.859209 Y86.798047 Z9.070925 E0.160926
G1 F240 X160.380796 Y87.080607 Z9.389016 E0.139923
G1 X160.854791 Y87.42558 Z9.475674 E0.12319
G1 X161.275927 Y87.835417 Z9.314174 E0.126686
G1 F480 X161.64891 Y88.300438 Z8.938158 E0.146512
G1 X161.987702 Y88.801003 Z8.424805 E0.164849
G1 X162.312854 Y89.311661 Z7.879168 E0.169418
G1 X162.647399 Y89.806411 Z7.412852 E0.157513
G1 X163.012122 Y90.263962 Z7.121365 E0.353317
G1 X163.421176 Y90.671948 Z7.064729 E0.313749
G1 X163.878979 Y91.029238 Z7.255302 E0.127052
G1 X164.379051 Y91.345928 Z7.655271 E0.148502
G1 X164.905093 Y91.641049 Z8.184321 E0.166782
G1 X165.434128 Y91.938508 Z8.73594 E0.170489
G1 X165.941097 Y92.262136 Z9.199036 E0.157796
G1 F240 X166.403986 Y92.630849 Z9.480484 E0.136223
G1 X166.808436 Y93.054922 Z9.524025 E0.122155
G1 X167.150859 Y93.534101 Z9.321684 E0.129453
G1 F480 X167.439389 Y94.057897 Z8.915393 E0.150288
G1 X167.692425 Y94.607947 Z8.388476 E0.166849
G1 X167.935022 Y95.161919 Z7.848738 E0.168502
G1 X168.193836 Y95.698123 Z7.406587 E0.154164
G1 X168.491646 Y96.199874 Z7.152627 E0.343933
G1 X168.842572 Y96.658725 Z7.139263 E0.312296
G1 X169.249004 Y97.075937 Z7.370071 E0.130238
G1 X169.700891 Y97.461946 Z7.799071 E0.152367
G1 X170.177598 Y97.833969 Z8.340057 E0.168664
G1 X170.651966 Y98.212315 Z8.884094 E0.169409
G1 X171.095796 Y98.616162 Z9.32163 E0.154377
G1 F240 X171.485623 Y99.059701 Z9.564725 E0.132746
G1 X171.807614 Y99.549403 Z9.564906 E0.121831
G1 F480 X172.060551 Y100.082946 Z9.322998 E0.132644
G1 X172.256257 Y100.649962 Z8.888964 E0.153911
G1 X172.417342 Y101.234391 Z8.351757 E0.168379
G1 X172.572703 Y101.817924 Z7.821272 E0.167086
G1 X172.751659 Y102.383773 Z7.406039 E0.150567
G1 X172.977924 Y102.920009 Z7.191197 E0.335315
G1 X173.264658 Y103.42179 Z7.221214 E0.312778
G1 X173.611621 Y103.892055 Z7.49086 E0.133792
G1 X174.005051 Y104.340619 Z7.946273 E0.156031
G1 X174.42032 Y104.78189 Z8.495886 E0.170058
G1 X174.826852 Y105.231752 Z9.029013 E0.167836
G1 F240 X175.194326 Y105.704256 Z9.438316 E0.150739
G1 X175.498892 Y106.208841 Z9.641587 E0.129599
G1 X175.728121 Y106.748602 Z9.598433 E0.122232
G1 F480 X175.883671 Y107.319936 Z9.318476 E0.136154
G1 X175.981081 Y107.913572 Z8.859401 E0.157306
G1 X176.046716 Y108.516718 Z8.315243 E0.169416
G1 X176.112461 Y109.115824 Z7.797308 E0.165194
G1 X176.209235 Y109.699366 Z7.411578 E0.146795
G1 X176.360639 Y110.26008 Z7.237206 E0.327749
G1 X176.57806 Y110.796202 Z7.310444 E0.121222
G1 X176.858225 Y111.311508 Z7.617293 E0.137605
G1 X177.183754 Y111.814214 Z8.096337 E0.159424
G1 X177.526598 Y112.315016 Z8.651214 E0.170943
G1 X177.853699 Y112.82473 Z9.170171 E0.165796
G1 F240 X178.133708 Y113.352048 Z9.548744 E0.146959
G1 X178.343411 Y113.901872 Z9.710963 E0.126889
G1 X178.472525 Y114.474538 Z9.624767 E0.12334
G1 F480 X178.525881 Y115.066053 Z9.308513 E0.139873
G1 X178.52252 Y115.669216 Z8.827253 E0.160405
G1 X178.491887 Y116.275342 Z8.279525 E0.169942
G1 X178.467858 Y116.876176 Z7.777359 E0.162854
G1 X178.481844 Y117.465575 Z7.423538 E0.142933
G1 X178.55635 Y118.040612 Z7.290737 E0.321506
G1 X178.700335 Y118.601901 Z7.406771 E0.122848
G1 X178.907316 Y119.153137 Z7.748956 E0.141568
G1 X179.156622 Y119.699996 Z8.248704 E0.162483
G1 X179.417559 Y120.248699 Z8.805451 E0.171309
G1 X179.655634 Y120.804579 Z9.307064 E0.163325
G1 F240 X179.839585 Y121.370979 Z9.6526 E0.143124
G1 X179.947768 Y121.948705 Z9.772793 E0.124711
G1 X179.972603 Y122.536109 Z9.644112 E0.125109
G1 F480 X179.922157 Y123.129747 Z9.293538 E0.143698
G1 X179.818535 Y123.725393 Z8.793086 E0.163151
G1 X179.693399 Y124.319146 Z8.245191 E0.169949
G1 X179.581526 Y124.908349 Z7.761917 E0.160109
G1 X179.513722 Y125.492107 Z7.442212 E0.139072
G1 X179.510528 Y126.071287 Z7.351826 E0.316827
G1 X179.578021 Y126.648056 Z7.509968 E0.125111
G1 X179.706559 Y127.225085 Z7.885405 E0.145578
G1 X179.872736 Y127.804663 Z8.402802 E0.165157
G1 X180.044146 Y128.387959 Z8.958013 E0.171151
G1 X180.185984 Y128.974648 Z9.439216 E0.160466
G1 F240 X180.268141 Y129.562982 Z9.749611 E0.139328
G1 X180.271335 Y130.150307 Z9.827063 E0.123149
G1 X180.191037 Y130.733872 Z9.656717 E0.127469
G1 F480 X180.03838 Y131.311716 Z9.274009 E0.147529
G1 X179.837877 Y131.883373 Z8.757477 E0.165493
G1 X179.62241 Y132.450198 Z8.21282 E0.169437
G1 X179.426526 Y133.015191 Z7.751443 E0.157006
G1 X179.279396 Y133.582329 Z7.467851 E0.351816
G1 X179.198892 Y134.155558 Z7.420465 E0.313904
G1 X179.187978 Y134.737687 Z7.619766 E0.127926
G1 X179.234139 Y135.329458 Z8.026167 E0.149539
G1 X179.311981 Y135.929065 Z8.55805 E0.1674
G1 X179.388436 Y136.532274 Z9.108327 E0.170472
G1 X179.429517 Y137.133172 Z9.56618 E0.157272
G1 F240 X179.407242 Y137.725407 Z9.839545 E0.135673
G1 X179.305302 Y138.303662 Z9.873805 E0.122266
G1 X179.122335 Y138.865015 Z9.66287 E0.130331
G1 F480 X178.872141 Y139.409858 Z9.250415 E0.151275
G1 X178.580807 Y139.942109 Z8.721015 E0.167392
G1 X178.281349 Y140.468617 Z8.182979 E0.168414
G1 X178.006967 Y140.997842 Z7.74637 E0.153602
G1 X177.784294 Y141.53805 Z7.500666 E0.342587
G1 X177.628027 Y142.095412 Z7.496598 E0.312865
G1 X177.538045 Y142.672453 Z7.735855 E0.131195
G1 X177.499438 Y143.267162 Z8.170741 E0.153363
G1 X177.48563 Y143.873086 Z8.713856 E0.169174
G1 X177.464008 Y144.480474 Z9.255834 E0.169279
G1 X177.402532 Y145.078155 Z9.687539 E0.153796
G1 F240 X177.276171 Y145.655857 Z9.922216 E0.132256
G1 X177.072099 Y146.206545 Z9.913099 E0.122097
G1 F480 X176.792152 Y146.728114 Z9.662903 E0.133592
G1 X176.452257 Y147.224101 Z9.223269 E0.154837
G1 X176.079097 Y147.70323 Z8.68429 E0.168791
G1 X175.704636 Y148.177822 Z8.156219 E0.166861
G1 X175.359541 Y148.661308 Z7.747097 E0.149935
G1 X175.066916 Y149.165364 Z7.540821 E0.334158
G1 X174.837761 Y149.697335 Z7.580122 E0.313779
G1 X174.668897 Y150.25845 Z7.857886 E0.134802
G1 X174.543747 Y150.843248 Z8.318602 E0.156931
G1 X174.435809 Y151.440388 Z8.869628 E0.170389
G1 X174.314328 Y152.034865 Z9.39999 E0.167523
G1 F240 X174.15052 Y152.610993 Z9.802913 E0.15006
G1 X173.923387 Y153.15567 Z9.997481 E0.129171
G1 X173.623874 Y153.661246 Z9.94507 E0.12264
G1 F480 X173.256539 Y154.127325 Z9.65718 E0.137111
G1 X172.838434 Y154.561109 Z9.193105 E0.158088
G1 X172.395472 Y154.976149 Z8.647896 E0.16961
G1 X171.957044 Y155.389704 Z8.133072 E0.164772
G1 X171.550037 Y155.819246 Z7.753985 E0.146086
G1 X171.193419 Y156.278779 Z7.588437 E0.326868
G1 X170.894539 Y156.775786 Z7.67089 E0.12177
G1 X170.647842 Y157.309436 Z7.985475 E0.138609
G1 X170.436215 Y157.870487 Z8.469207 E0.160153
G1 X170.234675 Y158.442955 Z9.024771 E0.171039
G1 X170.015562 Y159.007228 Z9.540276 E0.165279
G1 F240 X169.754196 Y159.544047 Z9.911957 E0.146199
G1 X169.433831 Y160.038508 Z10.065244 E0.126552
G1 X169.048902 Y160.48328 Z9.969887 E0.123871
G1 F480 X168.60595 Y160.880323 Z9.646106 E0.140786
G1 X168.122065 Y161.240702 Z9.160476 E0.161
G1 X167.621226 Y161.582514 Z8.612426 E0.169904
G1 X167.129317 Y161.927285 Z8.114049 E0.162253
G1 X166.668864 Y162.295582 Z7.76736 E0.142187
G1 X166.254558 Y162.702708 Z7.643585 E0.320991
G1 X165.890456 Y163.155393 Z7.76871 E0.123533
G1 X165.569407 Y163.650202 Z8.118202 E0.14252
G1 X165.274744 Y164.173984 Z8.621994 E0.163018
G1 X164.98401 Y164.706513 Z9.178698 E0.171171
G1 X164.673451 Y165.224316 Z9.676192 E0.162631
G1 F240 X164.322935 Y165.705523 Z10.014368 E0.142328
G1 X163.919973 Y166.134432 Z10.125453 E0.124497
G1 X163.46205 Y166.504856 Z9.987766 E0.125737
G1 F480 X162.956799 Y166.821453 Z9.630115 E0.144534
G1 X162.42036 Y167.099131 Z9.125952 E0.163556
G1 X161.873869 Y167.360105 Z8.578464 E0.169709
G1 X161.339032 Y167.629401 Z8.099634 E0.159381
G1 X160.833759 Y167.929767 Z7.787506 E0.13835
G1 X160.368714 Y168.277003 Z7.706295 E0.316738
G1 X159.945301 Y168.6765 Z7.873345 E0.125895
G1 X159.555652 Y169.121939 Z8.255617 E0.146456
G1 X159.184489 Y169.596381 Z8.776388 E0.165527
G1 X158.812506 Y170.075665 Z9.330827 E0.170849
G1 X158.420288 Y170.533096 Z9.807269 E0.159683
G1 F240 X157.992295 Y170.94494 Z10.10988 E0.138572
G1 X157.519908 Y171.295363 Z10.178106 E0.123086
G1 X157.002977 Y171.579801 Z9.998963 E0.12818
G1 F480 X156.449597 Y171.806074 Z9.609673 E0.148304
G1 X155.874218 Y171.992944 Z9.090111 E0.165771
G1 X155.294518 Y172.166418 Z8.546588 E0.169079
G1 X154.727734 Y172.354489 Z8.090282 E0.15623
G1 X154.187188 Y172.581406 Z7.814668 E0.350121
G1 X153.679746 Y172.862626 Z7.776546 E0.314238
G1 X153.204669 Y173.201519 Z7.984519 E0.128782
G1 X152.754055 Y173.588505 Z8.397239 E0.150355
G1 X152.31473 Y174.002854 Z8.931805 E0.167653
G1 X151.871134 Y174.416798 Z9.480586 E0.170063
G1 X151.408584 Y174.801138 Z9.933065 E0.156447
G1 F240 X150.916235 Y175.131212 Z10.198272 E0.13499
G1 X150.389131 Y175.392003 Z10.223244 E0.12236
G1 F480 X149.828973 Y175.581316 Z10.003776 E0.131107
G1 X149.243491 Y175.710363 Z9.585274 E0.151989
G1 X148.644615 Y175.801591 Z9.053542 E0.167558
G1 X148.045868 Y175.884195 Z8.517362 E0.167957
G1 X147.459547 Y175.988186 Z8.08642 E0.152799
G1 X146.894298 Y176.13825 Z7.849043 E0.341132
G1 X146.35355 Y176.34863 Z7.854273 E0.313615
G1 X145.835101 Y176.620113 Z8.101911 E0.132098
G1 X145.331888 Y176.939745 Z8.542562 E0.154103
G1 X144.833706 Y177.283364 Z9.087654 E0.169312
G1 X144.329498 Y177.620453 Z9.627419 E0.168777
G1 F240 X143.809678 Y177.920329 Z10.053173 E0.152955
G1 X143.268026 Y178.158419 Z10.279366 E0.131675
G1 X142.70277 Y178.321326 Z10.260956 E0.122346
G1 F480 X142.116677 Y178.409645 Z10.002542 E0.134411
G1 X141.51619 Y178.437925 Z9.557436 E0.155491
G1 X140.90986 Y178.431786 Z9.016838 E0.168869
G1 X140.306431 Y178.422738 Z8.491332 E0.166348
G1 X139.713018 Y178.441757 Z8.088437 E0.149154
G1 X139.133749 Y178.512889 Z7.890788 E0.333031
G1 X138.56921 Y178.64854 Z7.939363 E0.314902
G1 X138.016578 Y178.846661 Z8.225167 E0.135732
G1 X137.470539 Y179.091132 Z8.691057 E0.157627
G1 X136.924661 Y179.354988 Z9.24334 E0.170486
G1 X136.372903 Y179.605931 Z9.77079 E0.167028
G1 F240 X135.81088 Y179.81277 Z10.167218 E0.149296
G1 X135.236679 Y179.951825 Z10.35303 E0.128744
G1 X134.651044 Y180.011814 Z10.291378 E0.123046
G1 F480 X134.056946 Y179.996276 Z9.995638 E0.137992
G1 X133.458642 Y179.922678 Z9.526696 E0.158762
G1 X132.860588 Y179.819124 Z8.980593 E0.169724
G1 X132.266367 Y179.718645 Z8.469027 E0.164326
G1 X131.677938 Y179.652444 Z8.096689 E0.145404
G1 X131.09536 Y179.643418 Z7.940013 E0.326095
G1 X130.517047 Y179.701751 Z8.03166 E0.12232
G1 X129.940396 Y179.822539 Z8.353894 E0.139595
G1 X129.362659 Y179.98679 Z8.842177 E0.16091
G1 X128.781789 Y180.165255 Z9.398273 E0.17123
G1 X128.197038 Y180.324362 Z9.91018 E0.164904
G1 F240 X127.609142 Y180.43305 Z10.274865 E0.145577
G1 X127.020064 Y180.469126 Z10.419177 E0.126299
G1 X126.432363 Y180.423805 Z10.314689 E0.124442
G1 F480 X125.848369 Y180.303542 Z9.983472 E0.141786
G1 X125.269392 Y180.128728 Z9.493613 E0.161788
G1 X124.695209 Y179.929564 Z8.945396 E0.17014
G1 X124.123966 Y179.739918 Z8.450951 E0.161925
G1 X123.552559 Y179.590421 Z8.111493 E0.141613
G1 X122.977427 Y179.502222 Z7.996781 E0.320533
G1 X122.395543 Y179.482662 Z8.130962 E0.1242
G1 X121.80538 Y179.523784 Z8.487665 E0.143603
G1 X121.20756 Y179.603952 Z8.995357 E0.163889
G1 X120.605003 Y179.692264 Z9.551863 E0.171491
G1 X120.002499 Y179.754858 Z10.045098 E0.162384
G1 F240 X119.405735 Y179.7618 Z10.375818 E0.141837
G1 X118.820002 Y179.693197 Z10.477766 E0.12441
G1 X118.248865 Y179.543236 Z10.331113 E0.126479
G1 F480 X117.693115 Y179.32135 Z9.966488 E0.145668
G1 X117.150301 Y179.050268 Z9.458757 E0.164462
G1 X116.614987 Y178.761368 Z8.911833 E0.170046
G1 X116.079739 Y178.48827 Z8.437583 E0.159128
G1 X115.536678 Y178.259996 Z8.133123 E0.137845
G1 X114.979235 Y178.095156 Z8.06111 E0.316583
G1 X114.403849 Y177.997953 Z8.237023 E0.126696
G1 X113.810997 Y177.957546 Z8.626022 E0.14764
G1 X113.205432 Y177.950336 Z9.15002 E0.166474
G1 X112.595473 Y177.944805 Z9.703531 E0.171224
G1 X111.991466 Y177.9079 Z10.175079 E0.159475
G1 F240 X111.403613 Y177.811908 Z10.469822 E0.138149
G1 X110.839745 Y177.640026 Z10.528803 E0.123151
G1 X110.303466 Y177.389695 Z10.340915 E0.129078
G1 F480 X109.793114 Y177.073017 Z9.945156 E0.149522
G1 X109.301775 Y176.714282 Z9.42271 E0.166697
G1 X108.818488 Y176.344917 Z8.880478 E0.169392
G1 X108.330432 Y175.996956 Z8.429373 E0.155944
G1 X107.825582 Y175.69659 Z8.161815 E0.348883
G1 X107.295318 Y175.458963 Z8.13297 E0.314444
G1 X106.736554 Y175.285028 Z8.349557 E0.129715
G1 X106.152664 Y175.161568 Z8.76848 E0.151574
G1 X105.553067 Y175.064086 Z9.30558 E0.168558
G1 X104.951543 Y174.961865 Z9.85271 E0.170361
G1 X104.36352 Y174.824272 Z10.299689 E0.156183
G1 F240 X103.802884 Y174.626979 Z10.556664 E0.134602
G1 X103.278984 Y174.356835 Z10.572341 E0.122575
G1 F480 X102.794466 Y174.014416 Z10.344403 E0.132122
G1 X102.344445 Y173.613756 Z9.919975 E0.153207
;WIDTH:1.250
; LINE_WIDTH: 1.250
;Z:10.509
;HEIGHT:2.355
G1 X102.326049 Y173.646463 Z9.900166 E0.008821
G1 X101.897557 Y173.213441 Z9.372242 E0.167571
G1 X101.47558 Y172.776499 Z8.844061 E0.167331
G1 X101.042718 Y172.364422 Z8.423677 E0.151892
G1 X100.583882 Y171.999435 Z8.197264 E0.339688
G1 X100.089564 Y171.692792 Z8.211627 E0.314494
G1 X99.558048 Y171.442651 Z8.464706 E0.132964
G1 X98.996058 Y171.234638 Z8.905989 E0.154701
G1 X98.417656 Y171.044947 Z9.446767 E0.169259
G1 X97.841553 Y170.845313 Z9.97814 E0.168123
G1 F240 X97.287366 Y170.608812 Z10.393112 E0.152085
G1 X96.771556 Y170.315314 Z10.608317 E0.131228
G1 E-1.5
G4 P1500 ; dejar cuajar el ápice del arco
G1 E1.5
G1 X96.303908 Y169.955454 Z10.580929 E0.122795
G1 E-1.5
G4 P1500 ; dejar cuajar el ápice del arco
G1 E1.5
G1 F480 X95.885294 Y169.532375 Z10.317361 E0.135311
G1 X95.507236 Y169.060887 Z9.87196 E0.156061
G1 X95.153416 Y168.564284 Z9.335978 E0.168761
G1 X94.802859 Y168.069487 Z8.81905 E0.165641
G1 X94.434179 Y167.601531 Z8.426945 E0.148257
G1 X94.030031 Y167.178545 Z8.240098 E0.331927
G1 X93.580832 Y166.80821 Z8.297285 E0.316167
G1 X93.086967 Y166.48641 Z8.587752 E0.136603
G1 X92.558976 Y166.198308 Z9.053401 E0.158123
G1 X92.01563 Y165.921565 Z9.600578 E0.170308
G1 X91.480252 Y165.631029 Z10.119081 E0.166286
G1 F240 X90.975975 Y165.303921 Z10.50453 E0.148433
G1 X90.520975 Y164.92439 Z10.679548 E0.12843
G1 E-1.5
G4 P1500 ; dejar cuajar el ápice del arco
G1 E1.5
G1 X90.124697 Y164.486489 Z10.609467 E0.12363
G1 F480 X89.785611 Y163.995286 Z10.309365 E0.138876
G1 X89.491314 Y163.465577 Z9.841003 E0.159207
G1 X89.22088 Y162.918681 Z9.300293 E0.169466
G1 X88.949048 Y162.377946 Z8.79783 E0.163517
G1 X88.651269 Y161.86408 Z8.436448 E0.144519
G1 X88.308832 Y161.390995 Z8.290346 E0.325374
G1 X87.912872 Y160.963156 Z8.390029 E0.12294
G1 X87.466452 Y160.574887 Z8.716121 E0.140432
G1 X86.984001 Y160.211926 Z9.20329 E0.161266
G1 X86.488761 Y159.854388 Z9.753517 E0.170894
G1 X86.00813 Y159.480984 Z10.25598 E0.164065
G1 F240 X85.568077 Y159.073398 Z10.609555 E0.144737
G1 X85.187709 Y158.619972 Z10.743333 E0.126133
G1 E-1.5
G4 P1500 ; dejar cuajar el ápice del arco
G1 E1.5
G1 X84.875449 Y158.117733 Z10.631018 E0.125135
G1 F480 X84.626901 Y157.572911 Z10.296257 E0.142614
G1 X84.425585 Y156.999392 Z9.807847 E0.162089
G1 X84.24613 Y156.415694 Z9.265769 E0.169741
G1 X84.05935 Y155.841084 Z8.780896 E0.161042
G1 X83.838209 Y155.291659 Z8.452491 E0.140777
G1 X83.563421 Y154.777201 Z8.34806 E0.320244
G1 X83.227558 Y154.299403 Z8.489651 E0.124923
G1 X82.83677 Y153.851814 Z8.849382 E0.144389
G1 X82.409749 Y153.421428 Z9.355095 E0.16412
G1 X81.974078 Y152.991568 Z9.905005 E0.171039
G1 X81.560697 Y152.545415 Z10.388357 E0.161498
G1 F240 X81.197598 Y152.069441 Z10.707903 E0.141065
G1 X80.90404 Y151.556046 Z10.799643 E0.124408
G1 E-1.5
G4 P1500 ; dejar cuajar el ápice del arco
G1 E1.5
G1 X80.68648 Y151.004878 Z10.645811 E0.127261
G1 F480 X80.537076 Y150.422636 Z10.278482 E0.146439
G1 X80.435116 Y149.821434 Z9.773062 E0.164641
G1 X80.351109 Y149.21612 Z9.232984 E0.169536
G1 X80.252732 Y148.621154 Z8.768715 E0.158205
G1 X80.111451 Y148.047691 Z8.475337 E0.356425
G1 X79.908413 Y147.501477 Z8.413247 E0.316735
G1 X79.638438 Y146.981948 Z8.595899 E0.127494
G1 X79.311244 Y146.482664 Z8.987078 E0.14836
G1 X78.949621 Y145.992934 Z9.508242 E0.166589
G1 X78.584919 Y145.500227 Z10.054472 E0.170678
G1 X78.250702 Y144.992855 Z10.515757 E0.158574
G1 F240 X77.975901 Y144.462333 Z10.799331 E0.137479
G1 X77.778891 Y143.904934 Z10.848493 E0.123318
G1 E-1.5
G4 P1500 ; dejar cuajar el ápice del arco
G1 E1.5
G1 X77.663522 Y143.322227 Z10.654119 E0.129925
G1 F480 X77.618187 Y142.720443 Z10.256512 E0.150231
G1 X77.618192 Y142.108881 Z9.737223 E0.166777
G1 X77.630661 Y141.497811 Z9.202501 E0.168814
G1 X77.621139 Y140.896312 Z8.761726 E0.155028
G1 X77.560752 Y140.310461 Z8.50521 E0.347199
G1 X77.432166 Y139.742294 Z8.485869 E0.315021
G1 X77.233155 Y139.189725 Z8.708482 E0.130564
G1 X76.977172 Y138.647316 Z9.128722 E0.152238
G1 X76.69069 Y138.107718 Z9.662151 E0.168595
G1 X76.407972 Y137.563388 Z10.201358 E0.169768
G1 X76.163919 Y137.008267 Z10.63776 E0.155305
G1 F240 X75.987022 Y136.438945 Z10.883639 E0.134056
G1 X75.893541 Y135.855154 Z10.889945 E0.122909
G1 E-1.5
G4 P1500 ; dejar cuajar el ápice del arco
G1 E1.5
G1 F480 X75.88413 Y135.25953 Z10.656253 E0.133019
G1 X75.943464 Y134.656763 Z10.230845 E0.153859
G1 X76.043567 Y134.052304 Z9.700916 E0.168394
G1 X76.149401 Y133.451064 Z9.174872 E0.167519
G1 X76.225998 Y132.856356 Z8.760333 E0.151534
G1 X76.245602 Y132.269316 Z8.542287 E0.338627
G1 X76.193346 Y131.688919 Z8.565841 E0.315218
G1 X76.070312 Y131.112519 Z8.827069 E0.134014
G1 X75.893341 Y130.53676 Z9.273805 E0.155892
G1 X75.691619 Y129.958587 Z9.816235 E0.170053
G1 X75.500744 Y129.376091 Z10.345121 E0.168297
G1 F240 X75.355475 Y128.788972 Z10.753974 E0.15176
G1 X75.282645 Y128.198518 Z10.960669 E0.130923
G1 E-1.5
G4 P1500 ; dejar cuajar el ápice del arco
G1 E1.5
G1 X75.295687 Y127.607119 Z10.924107 E0.123202
G1 E-1.5
G4 P1500 ; dejar cuajar el ápice del arco
G1 E1.5
G1 F480 X75.391897 Y127.017468 Z10.652563 E0.136421
G1 X75.552984 Y126.431669 Z10.202004 E0.157234
G1 X75.748801 Y125.850522 Z9.664727 E0.169485
G1 X75.943492 Y125.273175 Z9.150631 E0.165719
G1 X76.102805 Y124.697269 Z8.76491 E0.147845
G1 X76.201059 Y124.119544 Z8.586703 E0.331052
G1 X76.22637 Y123.536766 Z8.653033 E0.317307
G1 X76.183043 Y122.946733 Z8.95129 E0.137728
G1 X76.090668 Y122.349096 Z9.421795 E0.159277
G1 X75.980098 Y121.745733 Z9.969908 E0.171002
G1 X75.887143 Y121.140574 Z10.485238 E0.166356
G1 F240 X75.845265 Y120.538843 Z10.864048 E0.148064
G1 X75.878774 Y119.945885 Z11.030309 E0.128205
G1 E-1.5
G4 P1500 ; dejar cuajar el ápice del arco
G1 E1.5
G1 X75.997906 Y119.365837 Z10.95113 E0.12419
G1 F480 X76.196784 Y118.800464 Z10.643436 E0.140047
G1 X76.454673 Y118.24847 Z10.170528 E0.160327
G1 X76.740248 Y117.705486 Z9.629241 E0.170074
G1 X77.018006 Y117.164812 Z9.130289 E0.163475
G1 X77.255507 Y116.618771 Z8.77579 E0.144056
G1 X77.429953 Y116.060432 Z8.638548 E0.324741
G1 X77.532763 Y115.485287 Z8.74727 E0.123539
G1 X77.571251 Y114.892528 Z9.080744 E0.141608
G1 X77.567051 Y114.285559 Z9.572142 E0.162343
G1 X77.551633 Y113.671594 Z10.122584 E0.171441
G1 X77.559843 Y113.060354 Z10.621207 E0.163986
G1 F240 X77.622803 Y112.46211 Z10.967665 E0.144304
G1 X77.761606 Y111.885456 Z11.092493 E0.125997
G1 E-1.5
G4 P1500 ; dejar cuajar el ápice del arco
G1 E1.5
G1 X77.983087 Y111.335309 Z10.971212 E0.125834
G1 F480 X78.278535 Y110.811592 Z10.629289 E0.143792
G1 X78.625565 Y110.308934 Z10.136975 E0.163082
G1 X78.99277 Y109.817523 Z9.595042 E0.170156
G1 X79.346154 Y109.324973 Z9.114335 E0.160827
G1 X79.656056 Y108.818874 Z8.79327 E0.14026
G1 X79.903136 Y108.289489 Z8.697864 E0.319933
G1 X80.0822 Y107.732016 Z8.848334 E0.125672
G1 X80.203128 Y107.1479 Z9.214995 E0.145551
G1 X80.288727 Y106.544877 Z9.724283 E0.165041
G1 X80.369974 Y105.935653 Z10.273687 E0.171368
G1 X80.479642 Y105.33545 Z10.752555 E0.161232
G1 F240 X80.645625 Y104.758903 Z11.064549 E0.140574
G1 X80.885322 Y104.216925 Z11.147202 E0.124383
G1 E-1.5
G4 P1500 ; dejar cuajar el ápice del arco
G1 E1.5
G1 X81.202207 Y103.71424 Z10.984591 E0.128068
G1 F480 X81.585273 Y103.248112 Z10.610574 E0.147563
G1 X82.01142 Y102.808618 Z10.101915 E0.165453
G1 X82.45027 Y102.380456 Z9.562703 E0.169729
G1 X82.870414 Y101.945967 Z9.10323 E0.157824
G1 X83.245785 Y101.48878 Z8.817605 E0.355035
G1 X83.560869 Y100.997322 Z8.764649 E0.31682
G1 X83.813713 Y100.467454 Z8.955966 E0.128361
G1 X84.016133 Y99.903628 Z9.353579 E0.149464
G1 X84.191124 Y99.31828 Z9.877643 E0.167324
G1 X84.36804 Y98.729515 Z10.422647 E0.170784
G1 X84.576538 Y98.157524 Z10.878833 E0.158143
G1 F240 X84.84056 Y97.620441 Z11.154467 E0.136968
G1 X85.173553 Y97.130494 Z11.19446 E0.123425
G1 E-1.5
G4 P1500 ; dejar cuajar el ápice del arco
G1 E1.5
G1 X85.575896 Y96.69127 Z10.991549 E0.130808
G1 F480 X86.035016 Y96.296709 Z10.58777 E0.151266
G1 X86.528135 Y95.932083 Z10.065927 E0.167394
G1 X87.027047 Y95.57682 Z9.532786 E0.168798
G1 X87.503906 Y95.208632 Z9.097407 E0.154516
G1 X87.936861 Y94.808117 Z8.849007 E0.34589
G1 X88.314365 Y94.362894 Z8.838855 E0.315537
G1 X88.637318 Y93.870375 Z9.069864 E0.131512
G1 X88.91866 Y93.338592 Z9.496004 E0.153257
G1 X89.180501 Y92.784805 Z10.031638 E0.169153
G1 X89.449461 Y92.23217 Z10.568909 E0.169697
G1 X89.751182 Y91.705094 Z10.999627 E0.154775
G1 F240 X90.105146 Y91.224218 Z11.237226 E0.133589
G1 E-1.5
G4 P1500 ; dejar cuajar el ápice del arco
G1 E1.5
G1 X90.520835 Y90.802047 Z11.234339 E0.123163
G1 E-1.5
G4 P1500 ; dejar cuajar el ápice del arco
G1 E1.5
G1 F480 X90.996022 Y90.440191 Z10.992404 E0.133959
G1 X91.517455 Y90.128792 Z10.561378 E0.154815
G1 X92.063776 Y89.848314 Z10.029595 E0.16887
G1 X92.610012 Y89.573389 Z9.505839 E0.167373
G1 X93.132707 Y89.277949 Z9.097264 E0.150968
G1 X93.614626 Y88.940611 Z8.887647 E0.33752
G1 X94.048082 Y88.549205 Z8.920386 E0.316146
G1 X94.436244 Y88.103474 Z9.18969 E0.135019
G1 X94.792223 Y87.615383 Z9.641755 E0.156849
G1 X95.136144 Y87.106882 Z10.185684 E0.170498
G1 X95.490875 Y86.605573 Z10.711934 E0.168121
G1 F240 X95.877317 Y86.139131 Z11.114554 E0.151194
G1 X96.310211 Y85.729609 Z11.312681 E0.130542
G1 E-1.5
G4 P1500 ; dejar cuajar el ápice del arco
G1 E1.5
G1 X96.795317 Y85.388802 Z11.266957 E0.123606
G1 E-1.5
G4 P1500 ; dejar cuajar el ápice del arco
G1 E1.5
G1 F480 X97.328492 Y85.115653 Z10.987516 E0.137414
G1 X97.896807 Y84.896268 Z10.531926 E0.158132
G1 X98.481414 Y84.706576 Z9.993508 E0.169854
G1 X99.061535 Y84.517134 Z9.48239 E0.165476
G1 X99.618715 Y84.299111 Z9.103164 E0.147254
G1 X100.140472 Y84.030239 Z8.933649 E0.330203
G1 X100.622619 Y83.699499 Z9.009104 E0.12255
G1 X101.06982 Y83.309553 Z9.315068 E0.138773
G1 X101.494328 Y82.876403 Z9.790297 E0.160168
G1 X101.913221 Y82.426285 Z10.339192 E0.171339
G1 X102.344756 Y81.990429 Z10.851204 E0.166086
G1 F240 X102.804612 Y81.598711 Z11.223269 E0.147481
G1 X103.302793 Y81.273509 Z11.380727 E0.12793
G1 E-1.5
G4 P1500 ; dejar cuajar el ápice del arco
G1 E1.5
G1 X103.841809 Y81.025027 Z11.292475 E0.124738
G1 F480 X104.416453 Y80.849055 Z10.977276 E0.14107
G1 X105.015154 Y80.727678 Z10.499958 E0.161155
G1 X105.622586 Y80.632799 Z9.958249 E0.170334
G1 X106.222923 Y80.531802 Z9.462948 E0.163143
G1 X106.803064 Y80.394194 Z9.115435 E0.143459
G1 X107.355161 Y80.197891 Z8.987093 E0.324204
G1 X107.877953 Y79.933834 Z9.104824 E0.124187
G1 X108.376696 Y79.607982 Z9.445588 E0.142671
G1 X108.861757 Y79.240237 Z9.941076 E0.163157
G1 X109.34623 Y78.860502 Z10.49158 E0.171666
G1 X109.843107 Y78.502653 Z10.986222 E0.163631
G1 F240 X110.362618 Y78.197635 Z11.325465 E0.143722
G1 X110.910263 Y77.967066 Z11.44131 E0.125846
G1 E-1.5
G4 P1500 ; dejar cuajar el ápice del arco
G1 E1.5
G1 X111.48596 Y77.81878 Z11.311098 E0.126509
G1 F480 X112.084439 Y77.745336 Z10.962112 E0.144823
G1 X112.696521 Y77.725111 Z10.466034 E0.163833
G1 X113.311266 Y77.726715 Z9.924401 E0.170316
G1 X113.918341 Y77.715399 Z9.447996 E0.160432
G1 X114.51008 Y77.660105 Z9.134364 E0.139692
G1 X115.08284 Y77.539699 Z9.048011 E0.319755
G1 X115.637495 Y77.347511 Z9.207319 E0.126439
G1 X116.178902 Y77.0928 Z9.580807 E0.146622
G1 X116.714578 Y76.798984 Z10.093527 E0.165801
G1 X117.252859 Y76.4988 Z10.642271 E0.171542
G1 X117.801121 Y76.227935 Z11.11652 E0.160868
G1 F240 X118.364265 Y76.017679 Z11.420875 E0.140061
G1 X118.943866 Y75.888479 Z11.494418 E0.124385
G1 E-1.5
G4 P1500 ; dejar cuajar el ápice del arco
G1 E1.5
G1 X119.5381 Y75.845538 Z11.323077 E0.128869
G1 F480 X120.142529 Y75.878172 Z10.942479 E0.148635
G1 X120.751227 Y75.961354 Z10.430725 E0.166213
G1 X121.358253 Y76.060894 Z9.892534 E0.169905
G1 X121.958973 Y76.140377 Z9.437988 E0.157464
G1 X122.550953 Y76.168593 Z9.160196 E0.353757
G1 X123.134261 Y76.125966 Z9.116392 E0.316991
G1 X123.711134 Y76.008606 Z9.31632 E0.129239
G1 X124.285152 Y75.829198 Z9.720257 E0.150599
G1 X124.860161 Y75.614491 Z10.247072 E0.168144
G1 X125.439218 Y75.399918 Z10.790699 E0.171025
G1 X126.023844 Y75.222394 Z11.241657 E0.157858
G1 F240 X126.61374 Y75.112777 Z11.509274 E0.136569
G1 X127.207043 Y75.089546 Z11.540087 E0.123594
G1 E-1.5
G4 P1500 ; dejar cuajar el ápice del arco
G1 E1.5
G1 X127.801001 Y75.15497 Z11.328698 E0.13176
G1 F480 X128.392889 Y75.294604 Z10.918863 E0.152444
G1 X128.980883 Y75.480169 Z10.394614 E0.168239
G1 X129.564674 Y75.675282 Z9.863207 E0.169042
G1 X130.145609 Y75.842856 Z9.433349 E0.154213
G1 X130.726345 Y75.952662 Z9.193137 E0.344811
G1 X131.310066 Y75.987536 Z9.192177 E0.316051
G1 X131.899497 Y75.946887 Z9.431519 E0.132514
G1 X132.495952 Y75.846851 Z9.863438 E0.15449
G1 X133.098713 Y75.717029 Z10.401128 E0.170063
G1 X133.704922 Y75.594462 Z10.936312 E0.170018
G1 X134.310052 Y75.516103 Z11.361224 E0.154567
G1 F240 X134.908902 Y75.511259 Z11.590479 E0.1333
G1 E-1.5
G4 P1500 ; dejar cuajar el ápice del arco
G1 E1.5
G1 X135.49687 Y75.595621 Z11.578399 E0.123502
G1 E-1.5
G4 P1500 ; dejar cuajar el ápice del arco
G1 E1.5
G1 F480 X136.071217 Y75.768098 Z11.328291 E0.135068
G1 X136.632005 Y76.010898 Z10.89177 E0.156113
G1 X137.182417 Y76.293179 Z10.358286 E0.169803
G1 X137.72829 Y76.577519 Z9.836966 E0.167672
G1 X138.276997 Y76.827469 Z9.434472 E0.1507
G1 X138.835859 Y77.014851 Z9.233346 E0.336614
G1 X139.410334 Y77.125737 Z9.275262 E0.317032
G1 X140.002553 Y77.16318 Z9.552567 E0.136158
G1 X140.61052 Y77.146409 Z10.009833 E0.158177
G1 X141.228164 Y77.10691 Z10.555107 E0.171465
G1 X141.846334 Y77.082035 Z11.078575 E0.168465
G1 F240 X142.45461 Y77.107288 Z11.474848 E0.151003
G1 X143.043551 Y77.20903 Z11.664352 E0.130336
G1 E-1.5
G4 P1500 ; dejar cuajar el ápice del arco
G1 E1.5
G1 X143.606843 Y77.399242 Z11.60948 E0.124116
G1 E-1.5
G4 P1500 ; dejar cuajar el ápice del arco
G1 E1.5
G1 F480 X144.14291 Y77.673174 Z11.322222 E0.138659
G1 X144.65559 Y78.010404 Z10.861733 E0.159485
G1 X145.153717 Y78.378887 Z10.322327 E0.170771
G1 X145.649389 Y78.741882 Z9.814334 E0.165717
G1 X146.155562 Y79.065314 Z9.441711 E0.146942
G1 X146.683275 Y79.324667 Z9.280937 E0.329466
G1 X147.239122 Y79.509885 Z9.365497 E0.123055
G1 X147.823558 Y79.627282 Z9.679083 E0.140017
G1 X148.430441 Y79.698119 Z10.158902 E0.161496
G1 X149.047976 Y79.754145 Z10.708425 E0.172232
G1 X149.660936 Y79.831047 Z11.216975 E0.166334
G1 F240 X150.253724 Y79.961169 Z11.582191 E0.147242
G1 X150.813678 Y80.166967 Z11.730803 E0.127803
G1 E-1.5
G4 P1500 ; dejar cuajar el ápice del arco
G1 E1.5
G1 X151.333893 Y80.456552 Z11.633502 E0.125408
G1 F480 X151.814949 Y80.822179 Z11.31089 E0.142388
G1 X152.265115 Y81.24199 Z10.829298 E0.162466
G1 X152.698924 Y81.684591 Z10.287322 E0.171144
G1 X153.134353 Y82.115529 Z9.795815 E0.16327
G1 X153.589153 Y82.504302 Z9.455386 E0.143099
G1 X154.077076 Y82.830499 Z9.335981 E0.323714
G1 X154.604804 Y83.087804 Z9.46269 E0.124857
G1 X155.170248 Y83.285094 Z9.810647 E0.143979
G1 X155.762643 Y83.444436 Z10.310087 E0.16444
G1 X156.364475 Y83.596426 Z10.860497 E0.172456
G1 X156.954897 Y83.773869 Z11.35102 E0.163774
G1 F240 X157.513976 Y84.005082 Z11.682954 E0.143451
G1 X158.026881 Y84.308213 Z11.789783 E0.125825
G1 E-1.5
G4 P1500 ; dejar cuajar el ápice del arco
G1 E1.5
G1 X158.487154 Y84.687703 Z11.65068 E0.127334
G1 F480 X158.898317 Y85.133583 Z11.294729 E0.146189
G1 X159.273448 Y85.623705 Z10.795028 E0.16508
G1 X159.632733 Y86.128413 Z10.25385 E0.171001
G1 X159.999461 Y86.616666 Z9.781884 E0.160433
G1 X160.395249 Y87.062343 Z9.475774 E0.139289
G1 X160.835473 Y87.449438 Z9.398502 E0.319573
G1 X161.325888 Y87.775115 Z9.566603 E0.127269
G1 X161.861118 Y88.050072 Z9.946814 E0.147962
G1 X162.425484 Y88.296095 Z10.462821 E0.166988
G1 X162.995978 Y88.541427 Z11.010751 E0.172158
G1 X163.546833 Y88.814919 Z11.480248 E0.160841
G1 F240 X164.054781 Y89.140186 Z11.776879 E0.139726
G1 X164.503963 Y89.53087 Z11.841293 E0.124474
G1 E-1.5
G4 P1500 ; dejar cuajar el ápice del arco
G1 E1.5
G1 X164.889364 Y89.988108 Z11.66127 E0.12982
G1 F480 X165.218101 Y90.500535 Z11.274201 E0.149969
G1 X165.508216 Y91.046851 Z10.759499 E0.167278
G1 X165.785184 Y91.600325 Z10.222481 E0.170336
G1 X166.076789 Y92.134324 Z9.772992 E0.157249
G1 X166.407401 Y92.627703 Z9.503115 E0.352581
G1 X166.792866 Y93.068942 Z9.468476 E0.317217
G1 X167.237048 Y93.458226 Z9.676959 E0.130202
G1 X167.730764 Y93.807136 Z10.087106 E0.151865
G1 X168.253417 Y94.136001 Z10.616525 E0.169084
G1 X168.777039 Y94.469539 Z11.158621 E0.17133
G1 X169.271904 Y94.831731 Z11.604225 E0.15758
G1 F240 X169.71262 Y95.240982 Z11.86375 E0.136166
G1 X170.083432 Y95.706529 Z11.885377 E0.123805
G1 E-1.5
G4 P1500 ; dejar cuajar el ápice del arco
G1 E1.5
G1 F480 X170.381631 Y96.226815 Z11.665571 E0.13277
G1 X170.618319 Y96.790103 Z11.249796 E0.153629
G1 X170.816344 Y97.377129 Z10.723292 E0.16901
G1 X171.005776 Y97.965218 Z10.193771 E0.169151
G1 X171.217821 Y98.532962 Z9.769556 E0.153779
G1 X171.478407 Y99.064503 Z9.537601 E0.343636
G1 X171.802758 Y99.552557 Z9.545835 E0.316753
G1 X172.192098 Y99.999597 Z9.793442 E0.13355
G1 X172.633192 Y100.417019 Z10.23102 E0.155599
G1 X173.100855 Y100.822511 Z10.770614 E0.170698
G1 X173.562958 Y101.236247 Z11.303561 E0.169995
G1 F240 X173.98693 Y101.676693 Z11.722549 E0.154066
G1 X174.346436 Y102.156918 Z11.943394 E0.132883
G1 E-1.5
G4 P1500 ; dejar cuajar el ápice del arco
G1 E1.5
G1 X174.626855 Y102.682132 Z11.922127 E0.123845
G1 E-1.5
G4 P1500 ; dejar cuajar el ápice del arco
G1 E1.5
G1 F480 X174.828422 Y103.248917 Z11.663919 E0.136083
G1 X174.966343 Y103.846248 Z11.222027 E0.157093
G1 X175.067845 Y104.458017 Z10.686993 E0.170259
G1 X175.166718 Y105.066501 Z10.168259 E0.167481
G1 X175.296445 Y105.656013 Z9.771961 E0.150104
G1 X175.483326 Y106.215982 Z9.579383 E0.335608
G1 X175.741006 Y106.742865 Z9.630466 E0.3182
G1 X176.06754 Y107.240526 Z9.915695 E0.137205
G1 X176.445633 Y107.719096 Z10.378034 E0.159095
G1 X176.846062 Y108.192578 Z10.924501 E0.171816
G1 X177.233506 Y108.675813 Z11.445039 E0.168185
G1 F240 X177.573734 Y109.181391 Z11.834854 E0.150379
G1 X177.840624 Y109.717184 Z12.015683 E0.129985
G1 E-1.5
G4 P1500 ; dejar cuajar el ápice del arco
G1 E1.5
G1 X178.021584 Y110.284982 Z11.95168 E0.124593
G1 F480 X178.120183 Y110.880462 Z11.656687 E0.139655
G1 X178.155597 Y111.494392 Z11.191429 E0.160298
G1 X178.158778 Y112.114806 Z10.65119 E0.171013
G1 X178.166199 Y112.729606 Z10.146467 E0.16536
G1 X178.212424 Y113.329049 Z9.780553 E0.146307
G1 X178.323044 Y113.907575 Z9.628568 E0.328772
G1 X178.509361 Y114.464667 Z9.72221 E0.123653
G1 X178.765988 Y115.004588 Z10.043329 E0.141063
G1 X179.071838 Y115.535146 Z10.527604 E0.162297
G1 X179.394366 Y116.065778 Z11.0776 E0.172436
G1 X179.696123 Y116.605449 Z11.582546 E0.165946
G1 F240 X179.942386 Y117.160793 Z11.940811 E0.146609
G1 X180.108264 Y117.734891 Z12.080535 E0.127573
G1 E-1.5
G4 P1500 ; dejar cuajar el ápice del arco
G1 E1.5
G1 X180.183833 Y118.326912 Z11.974215 E0.126018
G1 F480 X180.176221 Y118.932622 Z11.644282 E0.143389
G1 X180.108228 Y119.545601 Z11.158553 E0.163192
G1 X180.013729 Y120.158825 Z10.616465 E0.171272
G1 X179.930791 Y120.766251 Z10.128892 E0.162831
G1 X179.893919 Y121.364031 Z9.795645 E0.142475
G1 X179.926995 Y121.951125 Z9.685213 E0.32337
G1 X180.03837 Y122.529195 Z9.820864 E0.125584
G1 X180.219117 Y123.101893 Z10.175919 E0.145025
G1 X180.444807 Y123.673731 Z10.679169 E0.165153
G1 X180.680456 Y124.248862 Z11.229331 E0.172547
G1 X180.887642 Y124.830064 Z11.715597 E0.163309
G1 F240 X181.032332 Y125.418175 Z12.040129 E0.142835
G1 X181.091831 Y126.012078 Z12.137913 E0.12573
G1 E-1.5
G4 P1500 ; dejar cuajar el ápice del arco
G1 E1.5
G1 X181.059418 Y126.609226 Z11.989958 E0.128064
G1 F480 X180.945737 Y127.206514 Z11.627146 E0.147183
G1 X180.776634 Y127.801259 Z11.123966 E0.165716
G1 X180.587896 Y128.392013 Z10.583396 E0.171018
G1 X180.417962 Y128.978981 Z10.116004 E0.159925
G1 X180.300085 Y129.563937 Z9.817505 E0.138697
G1 X180.255564 Y130.149658 Z9.749334 E0.319613
G1 X180.289405 Y130.739025 Z9.926183 E0.128105
G1 X180.389318 Y131.334049 Z10.31301 E0.148987
G1 X180.52824 Y131.93509 Z10.83216 E0.167603
G1 X180.669864 Y132.540496 Z11.379121 E0.172141
G1 X180.776047 Y133.146799 Z11.843735 E0.160313
G1 F240 X180.814585 Y133.749451 Z12.132559 E0.139152
G1 X180.765754 Y134.34394 Z12.187826 E0.124527
G1 E-1.5
G4 P1500 ; dejar cuajar el ápice del arco
G1 E1.5
G1 X180.626299 Y134.927008 Z11.999174 E0.130649
G1 F480 X180.410059 Y135.497683 Z11.605745 E0.150938
G1 X180.145099 Y136.057804 Z11.088242 E0.16782
G1 X179.867964 Y136.611892 Z10.55255 E0.170253
G1 X179.616211 Y137.166326 Z10.108247 E0.156692
G1 X179.420771 Y137.727966 Z9.846361 E0.351194
G1 X179.299682 Y138.302533 Z9.820898 E0.31766
G1 X179.254478 Y138.893099 Z10.03788 E0.131125
G1 X179.269948 Y139.499081 Z10.454121 E0.152857
G1 X179.317313 Y140.115998 Z10.985996 E0.169609
G1 X179.360142 Y140.736133 Z11.526409 E0.171223
G1 X179.361805 Y141.349993 Z11.966533 E0.157017
G1 F240 X179.292926 Y141.948298 Z12.217894 E0.135661
G1 X179.137311 Y142.524081 Z12.23033 E0.124013
G1 E-1.5
G4 P1500 ; dejar cuajar el ápice del arco
G1 E1.5
G1 F480 X178.89517 Y143.074414 Z12.00217 E0.133681
G1 X178.582977 Y143.601359 Z11.580575 E0.154568
G1 X178.230018 Y144.111858 Z11.051966 E0.169469
G1 X177.872365 Y144.61653 Z10.524481 E0.168988
G1 X177.545496 Y145.127577 Z10.106032 E0.153196
G1 X177.277106 Y145.656193 Z9.8824 E0.342459
G1 X177.081536 Y146.210046 Z9.899827 E0.317599
G1 X176.956976 Y146.791379 Z10.15563 E0.134542
G1 X176.885964 Y147.39618 Z10.598745 E0.156554
G1 X176.839072 Y148.014674 Z11.140091 E0.17114
G1 X176.780985 Y148.633089 Z11.670651 E0.169811
G1 F240 X176.677735 Y149.23639 Z12.083597 E0.153485
G1 X176.503586 Y149.811416 Z12.295971 E0.132468
G1 E-1.5
G4 P1500 ; dejar cuajar el ápice del arco
G1 E1.5
G1 X176.246188 Y150.349781 Z12.265524 E0.124208
G1 E-1.5
G4 P1500 ; dejar cuajar el ápice del arco
G1 E1.5
G1 F480 X175.908955 Y150.849888 Z11.999289 E0.137059
G1 X175.510223 Y151.317586 Z11.552155 E0.157994
G1 X175.07938 Y151.765256 Z11.015724 E0.170635
G1 X174.650786 Y152.209471 Z10.499723 E0.167243
G1 X174.25676 Y152.667648 Z10.109734 E0.149508
G1 X173.921048 Y153.154389 Z9.925761 E0.334688
G1 X173.654115 Y153.678255 Z9.985997 E0.319439
G1 X173.451187 Y154.239698 Z10.279071 E0.138248
G1 X173.293415 Y154.830628 Z10.746353 E0.160003
G1 X173.151881 Y155.435769 Z11.293858 E0.172172
G1 X172.9936 Y156.035584 Z11.81132 E0.167929
G1 F240 X172.78827 Y156.610214 Z12.194568 E0.149792
G1 X172.514387 Y157.143619 Z12.366672 E0.129677
G1 E-1.5
G4 P1500 ; dejar cuajar el ápice del arco
G1 E1.5
G1 X172.163493 Y157.627064 Z12.293556 E0.125105
G1 F480 X171.741707 Y158.061187 Z11.990914 E0.140675
G1 X171.268284 Y158.456173 Z11.521021 E0.161146
G1 X170.771525 Y158.829918 Z10.980102 E0.171299
G1 X170.282906 Y159.204527 Z10.478794 E0.165047
G1 X169.830663 Y159.601816 Z10.119695 E0.145708
G1 X169.434129 Y160.038738 Z9.976541 E0.328152
G1 X169.09997 Y160.523692 Z10.07924 E0.124272
G1 X168.821061 Y161.054507 Z10.407803 E0.142134
G1 X168.578172 Y161.618582 Z10.896397 E0.16314
G1 X168.344089 Y162.195204 Z11.446713 E0.172692
G1 X168.089277 Y162.759624 Z11.947912 E0.16561
G1 F240 X167.787919 Y163.288076 Z12.299125 E0.146021
G1 X167.423081 Y163.762736 Z12.429924 E0.127385
G1 E-1.5
G4 P1500 ; dejar cuajar el ápice del arco
G1 E1.5
G1 X166.989983 Y164.175553 Z12.314616 E0.126666
G1 F480 X166.496737 Y164.53016 Z11.977457 E0.144427
G1 X165.962455 Y164.841386 Z11.487731 E0.163965
G1 X165.413163 Y165.132446 Z10.945684 E0.171451
G1 X164.876395 Y165.43031 Z10.462184 E0.162438
G1 X164.375599 Y165.760191 Z10.136215 E0.141886
G1 X163.925485 Y166.140284 Z10.034789 E0.323095
G1 X163.529256 Y166.577829 Z10.179344 E0.126333
G1 X163.178238 Y167.067373 Z10.541397 E0.146098
G1 X162.853918 Y167.591622 Z11.048317 E0.165909
G1 X162.531946 Y168.124764 Z11.598076 E0.172692
G1 X162.187215 Y168.637618 Z12.079948 E0.162895
G1 F240 X161.798976 Y169.103585 Z12.396987 E0.142265
G1 X161.354936 Y169.504178 Z12.4857 E0.125677
G1 E-1.5
G4 P1500 ; dejar cuajar el ápice del arco
G1 E1.5
G1 X160.853541 Y169.832977 Z12.328937 E0.12883
G1 F480 X160.304008 Y170.097163 Z11.959366 E0.148215
G1 X159.724184 Y170.316269 Z11.45285 E0.1664
G1 X159.136697 Y170.51836 Z10.913044 E0.171087
G1 X158.564253 Y170.734385 Z10.45036 E0.159461
G1 X158.025048 Y170.991839 Z10.159556 E0.359159
G1 X157.529232 Y171.309038 Z10.100509 E0.319721
G1 X157.07711 Y171.691194 Z10.286055 E0.128964
G1 X156.659404 Y172.129129 Z10.679391 E0.150042
G1 X156.259448 Y172.60094 Z11.201538 E0.168265
G1 X155.856823 Y173.076306 Z11.747376 E0.172176
G1 X155.431628 Y173.522596 Z12.206976 E0.159835
G1 F240 X154.96851 Y173.911539 Z12.487912 E0.13862
G1 X154.459625 Y174.225078 Z12.534019 E0.124621
G1 E-1.5
G4 P1500 ; dejar cuajar el ápice del arco
G1 E1.5
G1 X153.90597 Y174.459218 Z12.336793 E0.131514
G1 F480 X153.316868 Y174.625014 Z11.937116 E0.151944
G1 X152.707777 Y174.746489 Z11.416959 E0.168406
G1 X152.096927 Y174.855847 Z10.882747 E0.170215
G1 X151.501527 Y174.98696 Z10.443757 E0.156171
G1 X150.934328 Y175.168423 Z10.189938 E0.34988
G1 X150.401235 Y175.417624 Z10.173659 E0.318173
G1 X149.900416 Y175.737042 Z10.399079 E0.132073
G1 X149.423041 Y176.113612 Z10.821298 E0.153879
G1 X148.955345 Y176.521069 Z11.355479 E0.170168
G1 X148.48174 Y176.925375 Z11.894057 E0.171145
G1 X147.988094 Y177.291609 Z12.328578 E0.156477
G1 F240 X147.464534 Y177.591078 Z12.571705 E0.135184
G1 E-1.5
G4 P1500 ; dejar cuajar el ápice del arco
G1 E1.5
G1 X146.907214 Y177.807144 Z12.574946 E0.124257
G1 E-1.5
G4 P1500 ; dejar cuajar el ápice del arco
G1 E1.5
G1 F480 X146.318915 Y177.939033 Z12.338499 E0.134622
G1 X145.708029 Y178.001849 Z11.911205 E0.155519
G1 X145.08656 Y178.023635 Z11.380641 E0.169925
G1 X144.467478 Y178.039732 Z10.855343 E0.16881
G1 X143.86204 Y178.085665 Z10.442779 E0.152598
G1 X143.277544 Y178.189688 Z10.227535 E0.341308
G1 X142.71613 Y178.367052 Z10.254152 E0.318539
G1 X142.174692 Y178.616814 Z10.51808 E0.135549
G1 X141.645902 Y178.921965 Z10.966607 E0.157481
G1 X141.120013 Y179.252737 Z11.509553 E0.171515
G1 X140.587096 Y179.572696 Z12.037577 E0.169541
G1 F240 X140.039149 Y179.846232 Z12.444365 E0.152834
G1 X139.471618 Y180.045771 Z12.64821 E0.13204
G1 E-1.5
G4 P1500 ; dejar cuajar el ápice del arco
G1 E1.5
G1 X138.88408 Y180.157423 Z12.608592 E0.124593
G1 E-1.5
G4 P1500 ; dejar cuajar el ápice del arco
G1 E1.5
G1 F480 X138.280001 Y180.183862 Z12.334408 E0.138013
G1 X137.66567 Y180.14381 Z11.882157 E0.158796
G1 X137.048613 Y180.068243 Z11.344482 E0.170859
G1 X136.435882 Y179.994101 Z10.831363 E0.166849
G1 X135.832584 Y179.956743 Z10.447795 E0.148815
G1 X135.240988 Y179.982759 Z10.27248 E0.333785
G1 X134.660341 Y180.08451 Z10.341853 E0.320808
G1 X134.087387 Y180.257603 Z10.642689 E0.139252
G1 X133.51742 Y180.481771 Z11.114783 E0.16075
G1 X132.945558 Y180.724996 Z11.663174 E0.172288
G1 X132.367947 Y180.950045 Z12.177414 E0.16743
G1 F240 X131.782582 Y181.122041 Z12.553987 E0.14904
G1 X131.189591 Y181.215574 Z12.717319 E0.129329
G1 E-1.5
G4 P1500 ; dejar cuajar el ápice del arco
G1 E1.5
G1 X130.590955 Y181.219866 Z12.635113 E0.125613
G1 F480 X129.989761 Y181.140955 Z12.324907 E0.141583
G1 X129.389228 Y181.000452 Z11.850514 E0.161747
G1 X128.791768 Y180.831103 Z11.30907 E0.171267
G1 X128.19834 Y180.670107 Z10.811319 E0.16445
G1 X127.608258 Y180.551533 Z10.459137 E0.144961
G1 X127.019498 Y180.499393 Z10.324857 E0.327597
G1 X126.429404 Y180.52278 Z10.436586 E0.124941
G1 X125.835595 Y180.614055 Z10.7725 E0.143084
G1 X125.236825 Y180.75045 Z11.265277 E0.163676
G1 X124.63353 Y180.898766 Z11.815757 E0.172548
G1 X124.027904 Y181.022217 Z12.313069 E0.16491
G1 F240 X123.423478 Y181.087766 Z12.657132 E0.145217
G1 X122.824252 Y181.072898 Z12.77897 E0.127151
G1 E-1.5
G4 P1500 ; dejar cuajar el ápice del arco
G1 E1.5
G1 X122.233611 Y180.970175 Z12.654708 E0.127272
G1 F480 X121.653295 Y180.788753 Z12.310419 E0.145248
G1 X121.082748 Y180.552176 Z11.816835 E0.164356
G1 X120.518939 Y180.293868 Z11.274985 E0.171192
G1 X119.956863 Y180.050188 Z10.795696 E0.161693
G1 X119.390592 Y179.852999 Z10.477099 E0.141149
G1 X118.814677 Y179.723184 Z10.384708 E0.322962
G1 X118.22551 Y179.66669 Z10.538128 E0.127102
G1 X117.622463 Y179.673152 Z10.907077 E0.146965
G1 X117.008359 Y179.71814 Z11.417524 E0.166262
G1 X116.389166 Y179.768215 Z11.966726 E0.172365
G1 X115.772917 Y179.787815 Z12.444069 E0.16209
G1 F240 X115.168094 Y179.74636 Z12.753526 E0.141492
G1 X114.581728 Y179.624498 Z12.833145 E0.125591
G1 E-1.5
G4 P1500 ; dejar cuajar el ápice del arco
G1 E1.5
G1 X114.01769 Y179.417998 Z12.667618 E0.129515
G1 F480 X113.475575 Y179.138522 Z12.291396 E0.148967
G1 X112.950466 Y178.81117 Z11.781689 E0.166651
G1 X112.433703 Y178.4693 Z11.2428 E0.170701
G1 X111.914549 Y178.147695 Z10.784955 E0.158664
G1 X111.382426 Y177.875496 Z10.501932 E0.35743
G1 X110.829272 Y177.670321 Z10.452025 E0.32001
G1 X110.251482 Y177.534778 Z10.646218 E0.129806
G1 X109.651003 Y177.45605 Z11.045951 E0.150844
G1 X109.035262 Y177.408625 Z11.570949 E0.168496
G1 X108.415904 Y177.359585 Z12.115511 E0.171741
G1 X107.806533 Y177.275356 Z12.569969 E0.158989
G1 F240 X107.219904 Y177.12854 Z12.842938 E0.137921
G1 X106.66515 Y176.903424 Z12.879873 E0.12469
G1 E-1.5
G4 P1500 ; dejar cuajar el ápice del arco
G1 E1.5
G1 X106.145647 Y176.59907 Z12.674129 E0.132266
G1 F480 X105.65801 Y176.22937 Z12.268318 E0.152637
G1 X105.192496 Y175.820088 Z11.745657 E0.168545
G1 X104.734785 Y175.403515 Z11.213077 E0.169731
G1 X104.268828 Y175.011858 Z10.779525 E0.155349
G1 X103.78019 Y174.670709 Z10.533846 E0.348391
G1 X103.259201 Y174.393932 Z10.526758 E0.318875
G1 X102.703218 Y174.180995 Z10.760552 E0.132962
G1 X102.117502 Y174.017244 Z11.188631 E0.154603
;WIDTH:1.250
; LINE_WIDTH: 1.250
;Z:12.853
;HEIGHT:2.344
G1 X102.093197 Y174.060456 Z11.185448 E0.010327
G1 X101.490068 Y173.919273 Z11.719271 E0.169984
G1 X100.886814 Y173.770408 Z12.253348 E0.170321
G1 X100.301944 Y173.583536 Z12.680134 E0.155441
G1 F240 X99.751525 Y173.335264 Z12.913858 E0.134595
G1 E-1.5
G4 P1500 ; dejar cuajar el ápice del arco
G1 E1.5
G1 X99.24573 Y173.013783 Z12.907933 E0.124589
G1 E-1.5
G4 P1500 ; dejar cuajar el ápice del arco
G1 E1.5
G1 F480 X98.786502 Y172.621122 Z12.664412 E0.135419
G1 X98.366866 Y172.172541 Z12.233569 E0.155968
G1 X97.972102 Y171.693268 Z11.703696 E0.169684
G1 X97.582572 Y171.213239 Z11.183185 E0.167993
G1 X97.177686 Y170.760975 Z10.778528 E0.151653
G1 X96.740183 Y170.357825 Z10.572704 E0.340244
G1 X96.259875 Y170.01374 Z10.608335 E0.319915
G1 X95.735973 Y169.725484 Z10.879039 E0.136447
G1 X95.177464 Y169.477617 Z11.330725 E0.157957
G1 X94.601686 Y169.24565 Z11.872567 E0.171283
G1 X94.03092 Y169.001229 Z12.395444 E0.16874
G1 F240 X93.487876 Y168.717997 Z12.794083 E0.15191
G1 X92.991028 Y168.376858 Z12.988426 E0.131637
G1 E-1.5
G4 P1500 ; dejar cuajar el ápice del arco
G1 E1.5
G1 X92.55074 Y167.969656 Z12.939879 E0.125076
G1 E-1.5
G4 P1500 ; dejar cuajar el ápice del arco
G1 E1.5
G1 F480 X92.166816 Y167.50074 Z12.659144 E0.138841
G1 X91.828286 Y166.985845 Z12.204049 E0.159243
G1 X91.515421 Y166.448702 Z11.667809 E0.170656
G1 X91.203667 Y165.916031 Z11.160107 E0.16613
G1 X90.868506 Y165.412203 Z10.784835 E0.148016
G1 X90.490596 Y164.954319 Z10.619009 E0.33316
G1 X90.059926 Y164.548885 Z10.697133 E0.124023
G1 X89.578178 Y164.190674 Z11.004201 E0.140172
G1 X89.05846 Y163.864226 Z11.47874 E0.16127
G1 X88.523103 Y163.546994 Z12.025287 E0.172168
G1 X87.999201 Y163.214131 Z12.533767 E0.166797
G1 F240 X87.513115 Y162.843592 Z12.901827 E0.148314
G1 X87.085016 Y162.420555 Z13.055617 E0.129131
G1 E-1.5
G4 P1500 ; dejar cuajar el ápice del arco
G1 E1.5
G1 X86.724597 Y161.94026 Z12.964772 E0.126247
G1 F480 X86.428844 Y161.408764 Z12.64858 E0.142503
G1 X86.182402 Y160.841462 Z12.172065 E0.162307
G1 X85.960506 Y160.259754 Z11.632788 E0.171222
G1 X85.733908 Y159.686566 Z11.141051 E0.163905
G1 X85.474847 Y159.141671 Z10.797505 E0.144327
G1 X85.1628 Y158.637788 Z10.672725 E0.327353
G1 X84.788872 Y158.178198 Z10.792886 E0.125672
G1 X84.357847 Y157.756359 Z11.13445 E0.14408
G1 X83.887472 Y157.357514 Z11.628942 E0.164321
G1 X83.405034 Y156.961939 Z12.176851 E0.172603
G1 X82.941912 Y156.5491 Z12.667824 E0.164468
G1 F240 X82.527196 Y156.101856 Z13.003062 E0.144679
G1 X82.181659 Y155.609842 Z13.115376 E0.127142
G1 E-1.5
G4 P1500 ; dejar cuajar el ápice del arco
G1 E1.5
G1 X81.913367 Y155.071361 Z12.982819 E0.128061
G1 F480 X81.715817 Y154.493457 Z12.633146 E0.146294
G1 X81.569046 Y153.890209 Z12.138174 E0.165055
G1 X81.443551 Y153.279638 Z11.599212 E0.171296
G1 X81.306203 Y152.679927 Z11.126497 E0.161285
G1 X81.12704 Y152.105728 Z10.81682 E0.140636
G1 X80.885453 Y151.565342 Z10.733881 E0.32305
G1 X80.57457 Y151.05929 Z10.895364 E0.127943
G1 X80.20285 Y150.580533 Z11.269344 E0.148052
G1 X79.792591 Y150.116206 Z11.780767 E0.167009
G1 X79.375609 Y149.65047 Z12.326686 E0.172526
G1 X78.986638 Y149.167957 Z12.79715 E0.16175
G1 F240 X78.656327 Y148.656852 Z13.097525 E0.141074
G1 X78.40496 Y148.111138 Z13.167696 E0.125746
G1 E-1.5
G4 P1500 ; dejar cuajar el ápice del arco
G1 E1.5
G1 X78.238096 Y147.531583 Z12.994271 E0.13045
G1 F480 X78.145209 Y146.925301 Z12.613298 E0.150095
G1 X78.101854 Y146.303916 Z12.102947 E0.167396
G1 X78.074489 Y145.680994 Z11.567649 E0.170829
G1 X78.027215 Y145.069191 Z11.116896 E0.158275
G1 X77.929181 Y144.477708 Z10.843023 E0.356252
G1 X77.761026 Y143.910592 Z10.802463 E0.320454
G1 X77.518848 Y143.366265 Z11.004298 E0.13076
G1 X77.215149 Y142.838202 Z11.408414 E0.151962
G1 X76.876394 Y142.316614 Z11.93364 E0.169221
G1 X76.537812 Y141.790669 Z12.474228 E0.171858
G1 X76.236057 Y141.250875 Z12.92131 E0.158629
G1 F240 X76.001788 Y140.690949 Z13.184995 E0.137564
G1 X75.853383 Y140.108901 Z13.212617 E0.124997
G1 E-1.5
G4 P1500 ; dejar cuajar el ápice del arco
G1 E1.5
G1 X75.793113 Y139.50713 Z12.999418 E0.133302
G1 F480 X75.806599 Y138.891588 Z12.589519 E0.153757
G1 X75.865668 Y138.270244 Z12.066962 E0.169215
G1 X75.934051 Y137.651237 Z11.538653 E0.169767
G1 X75.97475 Y137.041142 Z11.112668 E0.154911
G1 X75.957604 Y136.443718 Z10.876313 E0.347369
G1 X75.865474 Y135.859385 Z10.878407 E0.319722
G1 X75.697795 Y135.285486 Z11.119376 E0.134002
G1 X75.470753 Y134.717212 Z11.551162 E0.155688
G1 X75.214034 Y134.148935 Z12.08698 E0.170907
G1 X74.964813 Y133.5756 Z12.61893 E0.170635
G1 X74.760184 Y132.993848 Z13.039898 E0.155216
G1 F240 X74.629595 Y132.402624 Z13.265294 E0.134302
G1 E-1.5
G4 P1500 ; dejar cuajar el ápice del arco
G1 E1.5
G1 X74.588826 Y131.80317 Z13.250222 E0.124939
G1 E-1.5
G4 P1500 ; dejar cuajar el ápice del arco
G1 E1.5
G1 F480 X74.636741 Y131.198443 Z12.99859 E0.136521
G1 X74.755495 Y130.592155 Z12.562319 E0.157221
G1 X74.914149 Y129.987698 Z12.030802 E0.17054
G1 X75.074964 Y129.387251 Z11.512766 E0.168207
G1 X75.20109 Y128.791286 Z11.1142 E0.151327
G1 X75.264077 Y128.198588 Z10.916846 E0.339343
G1 X75.249684 Y127.606776 Z10.961608 E0.320868
G1 X75.160779 Y127.013152 Z11.240251 E0.137565
G1 X75.016756 Y126.415634 Z11.697071 E0.159192
G1 X74.84958 Y125.81353 Z12.240202 E0.172107
G1 X74.697266 Y125.207895 Z12.76026 E0.168937
G1 F240 X74.596128 Y124.601385 Z13.152545 E0.151617
G1 X74.573388 Y123.997609 Z13.338288 E0.1314
G1 E-1.5
G4 P1500 ; dejar cuajar el ápice del arco
G1 E1.5
G1 X74.641639 Y123.400151 Z13.280641 E0.125578
G1 E-1.5
G4 P1500 ; dejar cuajar el ápice del arco
G1 E1.5
G1 F480 X74.796305 Y122.811497 Z12.992153 E0.140013
G1 X75.0166 Y122.232171 Z12.532225 E0.160439
G1 X75.269794 Y121.660334 Z11.995052 E0.171376
G1 X75.517898 Y121.091972 Z11.490508 E0.166191
G1 X75.725415 Y120.521698 Z11.121845 E0.147605
G1 X75.866545 Y119.943996 Z10.964735 E0.332444
G1 X75.930415 Y119.354632 Z11.051914 E0.124557
G1 X75.923231 Y118.751885 Z11.366538 E0.141347
G1 X75.866956 Y118.137283 Z11.845601 E0.16241
G1 X75.794779 Y117.515607 Z12.392723 E0.172804
G1 X75.744317 Y116.894115 Z12.897709 E0.166795
G1 F240 X75.74994 Y116.281095 Z13.258918 E0.147913
G1 X75.835794 Y115.684051 Z13.403889 E0.128958
G1 E-1.5
G4 P1500 ; dejar cuajar el ápice del arco
G1 E1.5
G1 X76.010939 Y115.10791 Z13.304048 E0.126887
G1 F480 X76.267581 Y114.553677 Z12.980508 E0.143678
G1 X76.582741 Y114.017891 Z12.499784 E0.16335
G1 X76.92301 Y113.493052 Z11.960293 E0.171707
G1 X77.251399 Y112.968998 Z11.472378 E0.163752
G1 X77.534869 Y112.434988 Z11.135916 E0.14383
G1 X77.75102 Y111.88206 Z11.020044 E0.326923
G1 X77.892567 Y111.305149 Z11.149129 E0.126365
G1 X77.968706 Y110.704486 Z11.497821 E0.145243
G1 X78.003125 Y110.085911 Z11.9962 E0.165284
G1 X78.029078 Y109.459977 Z12.543964 E0.172989
G1 X78.082549 Y108.839957 Z13.030791 E0.164246
G1 F240 X78.19492 Y108.239148 Z13.358723 E0.144191
G1 X78.38663 Y107.668012 Z13.462053 E0.127064
G1 E-1.5
G4 P1500 ; dejar cuajar el ápice del arco
G1 E1.5
G1 X78.663113 Y107.131779 Z13.32066 E0.128813
G1 F480 X79.013826 Y106.629049 Z12.964089 E0.147413
G1 X79.414528 Y106.151762 Z12.465559 E0.165897
G1 X79.832328 Y105.686591 Z11.927101 E0.171529
G1 X80.232435 Y105.217547 Z11.458849 E0.160933
G1 X80.58524 Y104.729266 Z11.156688 E0.140095
G1 X80.872254 Y104.210329 Z11.082794 E0.322993
G1 X81.089743 Y103.655877 Z11.253014 E0.128765
G1 X81.249312 Y103.068952 Z11.63365 E0.149154
G1 X81.375369 Y102.460206 Z12.148298 E0.167765
G1 X81.500023 Y101.845988 Z12.693354 E0.172661
G1 X81.656465 Y101.245135 Z13.159046 E0.161337
G1 F240 X81.87222 Y100.675116 Z13.451705 E0.140546
G1 X82.163629 Y100.148313 Z13.512783 E0.12579
G1 E-1.5
G4 P1500 ; dejar cuajar el ápice del arco
G1 E1.5
G1 X82.532668 Y99.669233 Z13.330735 E0.131283
G1 F480 X82.966735 Y99.233285 Z12.943357 E0.151125
G1 X83.44139 Y98.827428 Z12.43012 E0.168036
G1 X83.925471 Y98.432618 Z11.896041 E0.170844
G1 X84.387498 Y98.027608 Z11.450365 E0.157784
G1 X84.802049 Y97.593333 Z11.184394 E0.354903
G1 X85.154813 Y97.116986 Z11.15296 E0.320817
G1 X85.445315 Y96.594902 Z11.363292 E0.13167
G1 X85.686784 Y96.03363 Z11.773551 E0.152989
G1 X85.903242 Y95.448887 Z12.30132 E0.169813
G1 X86.124452 Y94.862569 Z12.840334 E0.171827
G1 X86.379783 Y94.298383 Z13.282044 E0.158123
G1 F240 X86.692254 Y93.776974 Z13.537652 E0.137078
G1 X87.073974 Y93.311552 Z13.556128 E0.125187
G1 E-1.5
G4 P1500 ; dejar cuajar el ápice del arco
G1 E1.5
G1 F480 X87.523878 Y92.90496 Z13.334572 E0.134208
G1 X88.028174 Y92.548816 Z12.918801 E0.154727
G1 X88.563367 Y92.22497 Z12.394049 E0.169731
G1 X89.101192 Y91.90904 Z11.867667 E0.169664
G1 X89.614425 Y91.575324 Z11.44734 E0.154368
G1 X90.082366 Y91.202111 Z11.219225 E0.346198
G1 X90.494881 Y90.776287 Z11.23047 E0.32049
G1 X90.854226 Y90.296266 Z11.479643 E0.134981
G1 X91.174313 Y89.772589 Z11.917021 E0.156666
G1 X91.477625 Y89.226027 Z12.454683 E0.171395
G1 X91.790459 Y88.683515 Z12.984357 E0.170501
G1 F240 X92.137509 Y88.172726 Z13.399389 E0.154669
G1 X92.536886 Y87.716374 Z13.616395 E0.133891
G1 E-1.5
G4 P1500 ; dejar cuajar el ápice del arco
G1 E1.5
G1 X92.996605 Y87.32743 Z13.592181 E0.125279
G1 E-1.5
G4 P1500 ; dejar cuajar el ápice del arco
G1 E1.5
G1 F480 X93.513192 Y87.006262 Z13.33251 E0.137487
G1 X94.072668 Y86.740319 Z12.890936 E0.15814
G1 X94.653637 Y86.506489 Z12.357928 E0.170952
G1 X95.231795 Y86.275682 Z11.842515 E0.168006
G1 X95.784922 Y86.018726 Z11.450153 E0.150753
G1 X96.297308 Y85.712399 Z11.261327 E0.338406
G1 X96.762741 Y85.344318 Z11.315208 E0.322033
G1 X97.185478 Y84.915694 Z11.601711 E0.138594
G1 X97.579069 Y84.441311 Z12.063537 E0.16011
G1 X97.963319 Y83.946713 Z12.607804 E0.172487
G1 X98.360077 Y83.463124 Z13.124898 E0.168708
G1 F240 X98.788731 Y83.021121 Z13.510719 E0.151046
G1 X99.262353 Y82.644334 Z13.687811 E0.131085
G1 E-1.5
G4 P1500 ; dejar cuajar el ápice del arco
G1 E1.5
G1 X99.785242 Y82.344503 Z13.621081 E0.126063
G1 F480 X100.352336 Y82.118893 Z13.324923 E0.14102
G1 X100.950547 Y81.950664 Z12.860292 E0.161293
G1 X101.561684 Y81.812149 Z12.322341 E0.171679
G1 X102.166308 Y81.670404 Z11.8211 E0.165898
G1 X102.747706 Y81.493909 Z11.45915 E0.147017
G1 X103.295163 Y81.259074 Z11.310801 E0.331795
G1 X103.805891 Y80.955185 Z11.407012 E0.125149
G1 X104.285262 Y80.586764 Z11.729105 E0.142402
G1 X104.745373 Y80.172826 Z12.212558 E0.163255
G1 X105.202295 Y79.743153 Z12.7601 E0.173074
G1 X105.672626 Y79.332304 Z13.261451 E0.166477
G1 F240 X106.170081 Y78.97259 Z13.615708 E0.147336
G1 X106.702821 Y78.687429 Z13.75182 E0.128758
G1 E-1.5
G4 P1500 ; dejar cuajar el ápice del arco
G1 E1.5
G1 X107.272037 Y78.486463 Z13.643012 E0.127507
G1 F480 X107.872031 Y78.363453 Z13.312217 E0.144702
G1 X108.491698 Y78.297412 Z12.827422 E0.164127
G1 X109.11705 Y78.256774 Z12.28787 E0.171901
G1 X109.734204 Y78.205774 Z11.803917 E0.163376
G1 X110.332199 Y78.111741 Z11.474635 E0.143248
G1 X110.905056 Y77.951819 Z11.367705 E0.326608
G1 X111.452706 Y77.717732 Z11.505678 E0.127086
G1 X111.980643 Y77.417594 Z11.861401 E0.146304
G1 X112.498441 Y77.07438 Z12.363526 E0.166046
G1 X113.017517 Y76.721334 Z12.910992 E0.17315
G1 X113.548646 Y76.395245 Z13.393536 E0.163851
G1 F240 X114.099766 Y76.12895 Z13.71407 E0.143628
G1 X114.674515 Y75.944595 Z13.80839 E0.126995
G1 E-1.5
G4 P1500 ; dejar cuajar el ápice del arco
G1 E1.5
G1 X115.271772 Y75.849049 Z13.6582 E0.129552
G1 F480 X115.886229 Y75.832413 Z13.294833 E0.148434
G1 X116.509806 Y75.869951 Z12.792888 E0.166587
G1 X117.133553 Y75.927075 Z12.255087 E0.171614
G1 X117.749592 Y75.966362 Z11.791432 E0.160486
G1 X118.352683 Y75.955195 Z11.496875 E0.139541
G1 X118.94108 Y75.872446 Z11.432048 E0.32305
G1 X119.516571 Y75.712848 Z11.610958 E0.129597
G1 X120.08373 Y75.488133 Z11.998144 E0.150201
G1 X120.648615 Y75.224708 Z12.515871 E0.168435
G1 X121.21726 Y74.958312 Z13.059912 E0.172713
G1 X121.794303 Y74.726755 Z13.5207 E0.160875
G1 F240 X122.382074 Y74.562211 Z13.805561 E0.140019
G1 X122.980306 Y74.484635 Z13.857531 E0.125864
G1 E-1.5
G4 P1500 ; dejar cuajar el ápice del arco
G1 E1.5
G1 X123.586493 Y74.497665 Z13.666912 E0.132123
G1 F480 X124.196761 Y74.587845 Z13.27324 E0.152124
G1 X124.806987 Y74.727336 Z12.757265 E0.168631
G1 X125.413886 Y74.879575 Z12.224557 E0.170823
G1 X126.015768 Y75.006714 Z11.784084 E0.157279
G1 X126.612811 Y75.077344 Z11.526093 E0.353593
G1 X127.206793 Y75.072899 Z11.503795 E0.321269
G1 X127.800386 Y74.991456 Z11.722565 E0.132592
G1 X128.396217 Y74.848132 Z12.138852 E0.154004
G1 X128.995977 Y74.67201 Z12.669015 E0.170383
G1 X129.599812 Y74.500206 Z13.206304 E0.171773
G1 X130.206186 Y74.37031 Z13.642519 E0.157608
G1 F240 X130.812248 Y74.312724 Z13.889977 E0.136608
G1 X131.41463 Y74.344476 Z13.899304 E0.12541
G1 E-1.5
G4 P1500 ; dejar cuajar el ápice del arco
G1 E1.5
G1 F480 X132.010454 Y74.465761 Z13.669456 E0.135127
G1 X132.598272 Y74.659928 Z13.247932 E0.155687
G1 X133.178694 Y74.896892 Z12.721133 E0.170224
G1 X133.754473 Y75.139281 Z12.196829 E0.169539
G1 X134.330015 Y75.350065 Z11.782279 E0.153818
G1 X134.910373 Y75.500082 Z11.562471 E0.345075
G1 X135.499969 Y75.573962 Z11.582865 E0.321344
G1 X136.101333 Y75.573207 Z11.840173 E0.135972
G1 X136.714203 Y75.515835 Z12.28302 E0.157632
G1 X137.335234 Y75.432656 Z12.822376 E0.17186
G1 X137.958443 Y75.360958 Z13.349624 E0.170347
G1 F240 X138.576351 Y75.336891 Z13.758604 E0.154116
G1 X139.181588 Y75.38812 Z13.967159 E0.1335
G1 E-1.5
G4 P1500 ; dejar cuajar el ápice del arco
G1 E1.5
G1 X139.768631 Y75.528228 Z13.933811 E0.125651
G1 E-1.5
G4 P1500 ; dejar cuajar el ápice del arco
G1 E1.5
G1 F480 X140.335256 Y75.754019 Z13.666177 E0.138464
G1 X140.883336 Y76.046244 Z13.219425 E0.159045
G1 X141.418768 Y76.373594 Z12.685078 E0.17134
G1 X141.950459 Y76.699128 Z12.172434 E0.167784
G1 X142.488545 Y76.987807 Z11.78639 E0.150175
G1 X143.042197 Y77.213602 Z11.606146 E0.337529
G1 X143.617488 Y77.364728 Z11.669132 E0.323279
G1 X144.215799 Y77.445934 Z11.963416 E0.139629
G1 X144.833165 Y77.477434 Z12.430119 E0.161012
G1 X145.460765 Y77.490678 Z12.975369 E0.172844
G1 X146.08652 Y77.521884 Z13.489352 E0.168459
G1 F240 X146.697499 Y77.604633 Z13.868601 E0.150473
G1 X147.282669 Y77.763073 Z14.036993 E0.130794
G1 E-1.5
G4 P1500 ; dejar cuajar el ápice del arco
G1 E1.5
G1 X147.835381 Y78.007078 Z13.961201 E0.126578
G1 F480 X148.355047 Y78.330361 Z13.657457 E0.14203
G1 X148.847592 Y78.711886 Z13.188258 E0.162131
G1 X149.324518 Y79.12026 Z12.649681 E0.171959
G1 X149.800718 Y79.520202 Z12.151886 E0.165587
G1 X150.291449 Y79.879731 Z11.796753 E0.14643
G1 X150.809073 Y80.176622 Z11.657209 E0.331216
G1 X151.36027 Y80.402808 Z11.762425 E0.125769
G1 X151.944332 Y80.565868 Z12.091897 E0.14346
G1 X152.552966 Y80.687312 Z12.579604 E0.164083
G1 X153.171693 Y80.798055 Z13.127412 E0.173322
G1 X153.78264 Y80.932038 Z13.624988 E0.166143
G1 F240 X154.368155 Y81.119292 Z13.972193 E0.146761
G1 X154.914534 Y81.379893 Z14.099409 E0.128585
G1 E-1.5
G4 P1500 ; dejar cuajar el ápice del arco
G1 E1.5
G1 X155.415054 Y81.720002 Z13.981667 E0.128153
G1 F480 X155.871645 Y82.130784 Z13.643711 E0.145725
G1 X156.294805 Y82.590382 Z13.154983 E0.164885
G1 X156.701695 Y83.068521 Z12.615524 E0.172072
G1 X157.11276 Y83.532747 Z12.135671 E0.162986
G1 X157.547552 Y83.95503 Z11.813664 E0.142672
G1 X158.020582 Y84.317378 Z11.715707 E0.326373
G1 X158.538101 Y84.615323 Z11.862531 E0.127832
G1 X159.09651 Y84.858622 Z12.225185 E0.147362
G1 X159.682779 Y85.06905 Z12.730916 E0.166788
G1 X160.276865 Y85.275788 Z13.27793 E0.173287
G1 X160.855661 Y85.509385 Z13.756055 E0.163441
G1 F240 X161.397714 Y85.795535 Z14.069102 E0.143073
G1 X161.887729 Y86.149942 Z14.154384 E0.126956
G1 E-1.5
G4 P1500 ; dejar cuajar el ápice del arco
G1 E1.5
G1 X162.319919 Y86.575303 Z13.995443 E0.130314
G1 F480 X162.69946 Y87.060982 Z13.625385 E0.149451
G1 X163.041704 Y87.585391 Z13.120167 E0.167257
G1 X163.369247 Y88.120559 Z12.583177 E0.171677
G1 X163.707411 Y88.637906 Z12.124251 E0.160026
G1 X164.079046 Y89.114032 Z11.837382 E0.361394
G1 X164.499716 Y89.535346 Z11.781642 E0.323192
G1 X164.974278 Y89.90061 Z11.969193 E0.13045
G1 X165.495614 Y90.220924 Z12.362819 E0.151241
G1 X166.045811 Y90.517211 Z12.883481 E0.169083
G1 X166.599616 Y90.815757 Z13.426354 E0.172742
G1 X167.129485 Y91.142758 Z13.882108 E0.160402
G1 F240 X167.611223 Y91.519012 Z14.159092 E0.139503
G1 X168.029051 Y91.955819 Z14.201941 E0.125969
G1 E-1.5
G4 P1500 ; dejar cuajar el ápice del arco
G1 E1.5
G1 X168.379026 Y92.452902 Z14.002806 E0.13298
G1 F480 X168.670094 Y92.998736 Z13.602953 E0.153115
G1 X168.922482 Y93.573137 Z13.084386 E0.169205
G1 X169.163736 Y94.151563 Z12.553202 E0.170779
G1 X169.42316 Y94.710174 Z12.118058 E0.156763
G1 X169.725798 Y95.230633 Z11.868121 E0.352321
G1 X170.087174 Y95.703658 Z11.854967 E0.321808
G1 X170.509917 Y96.13064 Z12.082114 E0.13353
G1 X170.982983 Y96.523055 Z12.504312 E0.155008
G1 X171.483692 Y96.899832 Z13.036721 E0.17093
G1 X171.982192 Y97.283299 Z13.572132 E0.171698
G1 X172.447488 Y97.694543 Z14.00273 E0.157085
G1 F240 X172.853789 Y98.149166 Z14.24197 E0.136155
G1 E-1.5
G4 P1500 ; dejar cuajar el ápice del arco
G1 E1.5
G1 X173.185894 Y98.654287 Z14.242146 E0.125664
G1 E-1.5
G4 P1500 ; dejar cuajar el ápice del arco
G1 E1.5
G1 F480 X173.442464 Y99.207357 Z14.004071 E0.136059
G1 X173.636498 Y99.796983 Z13.576915 E0.156636
G1 X173.792856 Y100.405515 Z13.048222 E0.170696
G1 X173.943303 Y101.012831 Z12.526144 E0.169394
G1 X174.12007 Y101.600483 Z12.117491 E0.153262
G1 X174.349229 Y102.155361 Z11.906052 E0.344004
G1 X174.645246 Y102.672146 Z11.935591 E0.322283
G1 X175.007862 Y103.154074 Z12.200961 E0.136972
G1 X175.42195 Y103.611939 Z12.649153 E0.158584
G1 X175.86044 Y104.061583 Z13.190052 E0.172302
G1 X176.289725 Y104.52047 Z13.714727 E0.170172
G1 F240 X176.676477 Y105.004052 Z14.11754 E0.153559
G1 X176.994479 Y105.522708 Z14.317586 E0.133129
G1 E-1.5
G4 P1500 ; dejar cuajar el ápice del arco
G1 E1.5
G1 X177.230074 Y106.079844 Z14.275114 E0.126054
G1 E-1.5
G4 P1500 ; dejar cuajar el ápice del arco
G1 E1.5
G1 F480 X177.385083 Y106.671504 Z13.999593 E0.139448
G1 X177.476592 Y107.287503 Z13.547792 E0.159936
G1 X177.533583 Y107.913784 Z13.012258 E0.171705
G1 X177.591107 Y108.535454 Z12.502531 E0.167544
G1 X177.683155 Y109.139853 Z12.122914 E0.149596
G1 X177.835671 Y109.719001 Z11.951304 E0.336715
G1 X178.061175 Y110.270961 Z12.023379 E0.124848
G1 X178.35607 Y110.79989 Z12.325362 E0.14067
G1 X178.701252 Y111.314824 Z12.79681 E0.161899
G1 X179.065892 Y111.827524 Z13.34289 E0.173178
G1 X179.41365 Y112.349886 Z13.853619 E0.168192
G1 F240 X179.710069 Y112.89147 Z14.226189 E0.149899
G1 X179.929633 Y113.457667 Z14.385835 E0.130528
G1 E-1.5
G4 P1500 ; dejar cuajar el ápice del arco
G1 E1.5
G1 X180.06104 Y114.048853 Z14.301003 E0.127122
G1 F480 X180.109598 Y114.660642 Z13.98976 E0.143045
G1 X180.096244 Y115.285124 Z13.516126 E0.162952
G1 X180.053343 Y115.912758 Z12.977079 E0.172216
G1 X180.018137 Y116.534473 Z12.482871 E0.165259
G1 X180.025153 Y117.143522 Z12.134657 E0.145846
G1 X180.099132 Y117.73669 Z12.003958 E0.33071
G1 X180.249923 Y118.314661 Z12.118152 E0.126417
G1 X180.470399 Y118.881499 Z12.45491 E0.144518
G1 X180.737841 Y119.443448 Z12.946734 E0.164892
G1 X181.018508 Y120.007353 Z13.494654 E0.173546
G1 X181.274486 Y120.579079 Z13.988314 E0.165793
G1 F240 X181.471409 Y121.162309 Z14.328371 E0.146191
G1 X181.585486 Y121.75793 Z14.446657 E0.128441
G1 E-1.5
G4 P1500 ; dejar cuajar el ápice del arco
G1 E1.5
G1 X181.608387 Y122.364139 Z14.320014 E0.128825
G1 F480 X181.548978 Y122.977153 Z13.974994 E0.146748
G1 X181.43156 Y123.592332 Z13.482473 E0.165625
G1 X181.290936 Y124.205392 Z12.943261 E0.17222
G1 X181.165337 Y124.81342 Z12.467646 E0.16258
G1 X181.088626 Y125.415434 Z12.153007 E0.142103
G1 X181.083382 Y126.012394 Z12.064052 E0.326218
G1 X181.156285 Y126.606687 Z12.219685 E0.128601
G1 X181.296739 Y127.201254 Z12.589169 E0.148417
G1 X181.479013 Y127.798614 Z13.098363 E0.16751
G1 X181.667485 Y128.40006 Z13.644771 E0.173401
G1 X181.823895 Y129.005239 Z14.118344 E0.163017
G1 F240 X181.915147 Y129.612233 Z14.423816 E0.142525
G1 X181.920046 Y130.21813 Z14.500039 E0.126948
G1 E-1.5
G4 P1500 ; dejar cuajar el ápice del arco
G1 E1.5
G1 X181.833612 Y130.819913 Z14.332391 E0.131097
G1 F480 X181.668083 Y131.41543 Z13.955748 E0.150462
G1 X181.450404 Y132.004173 Z13.447402 E0.167906
G1 X181.216721 Y132.587639 Z12.911376 E0.171716
G1 X181.005008 Y133.169127 Z12.457311 E0.159554
G1 X180.847332 Y133.753016 Z12.178212 E0.36001
G1 X180.763338 Y134.343649 Z12.131575 E0.323419
G1 X180.756283 Y134.944118 Z12.327715 E0.131321
G1 X180.812409 Y135.555242 Z12.727672 E0.152274
G1 X180.903803 Y136.175044 Z13.251121 E0.169709
G1 X180.994112 Y136.798872 Z13.792674 E0.172749
G1 X181.045977 Y137.420233 Z14.243267 E0.159918
G1 F240 X181.028638 Y138.032148 Z14.512297 E0.139
G1 X180.924165 Y138.628779 Z14.546012 E0.126107
G1 E-1.5
G4 P1500 ; dejar cuajar el ápice del arco
G1 E1.5
G1 X180.73106 Y139.206917 Z14.338419 E0.133855
G1 F480 X180.464493 Y139.766999 Z13.9325 E0.154098
G1 X180.153138 Y140.313336 Z13.411489 E0.169757
G1 X179.833288 Y140.853462 Z12.88198 E0.170714
G1 X179.541434 Y141.396682 Z12.45229 E0.156239
G1 X179.306853 Y141.952086 Z12.210479 E0.351091
G1 X179.1457 Y142.526463 Z12.206473 E0.322433
G1 X179.057803 Y143.122583 Z12.441935 E0.134483
G1 X179.026808 Y143.73825 Z12.869926 E0.156001
G1 X179.023608 Y144.36641 Z13.40443 E0.171455
G1 X179.012344 Y144.99635 Z13.937815 E0.171601
G1 X178.957749 Y145.615784 Z14.362675 E0.156555
G1 F240 X178.832307 Y146.213428 Z14.59363 E0.135718
G1 E-1.5
G4 P1500 ; dejar cuajar el ápice del arco
G1 E1.5
G1 X178.62179 Y146.781505 Z14.584656 E0.125951
G1 E-1.5
G4 P1500 ; dejar cuajar el ápice del arco
G1 E1.5
G1 F480 X178.328053 Y147.317646 Z14.338423 E0.137002
G1 X177.968525 Y147.825701 Z13.905757 E0.157572
G1 X177.572552 Y148.31526 Z13.375319 E0.171145
G1 X177.175338 Y148.79989 Z12.855617 E0.169229
G1 X176.810747 Y149.294419 Z12.452978 E0.152701
G1 X176.504455 Y149.811806 Z12.24997 E0.342987
G1 X176.268813 Y150.360262 Z12.288646 E0.323306
G1 X176.100483 Y150.941237 Z12.562005 E0.137982
G1 X175.981278 Y151.548776 Z13.015416 E0.159523
G1 X175.882014 Y152.170419 Z13.557705 E0.172721
G1 X175.768555 Y152.789538 Z14.079659 E0.169978
G1 F240 X175.608803 Y153.388661 Z14.476192 E0.152998
G1 X175.379192 Y153.953124 Z14.667674 E0.132781
G1 E-1.5
G4 P1500 ; dejar cuajar el ápice del arco
G1 E1.5
G1 X175.069376 Y154.474272 Z14.616092 E0.126487
G1 E-1.5
G4 P1500 ; dejar cuajar el ápice del arco
G1 E1.5
G1 F480 X174.684178 Y154.951523 Z14.332764 E0.140439
G1 X174.242431 Y155.3928 Z13.876043 E0.160813
G1 X173.772995 Y155.813178 Z13.339474 E0.172047
G1 X173.308775 Y156.23197 Z12.832809 E0.167285
G1 X172.880009 Y156.668816 Z12.459729 E0.149014
G1 X172.508178 Y157.139554 Z12.296803 E0.335965
G1 X172.201784 Y157.652751 Z12.377947 E0.125388
G1 X171.954816 Y158.207645 Z12.687544 E0.141714
G1 X171.748192 Y158.793976 Z13.163606 E0.16277
G1 X171.553831 Y159.393808 Z13.710362 E0.173488
G1 X171.340488 Y159.985016 Z14.217693 E0.167907
G1 F240 X171.080149 Y160.545765 Z14.58348 E0.149326
G1 X170.75366 Y161.059059 Z14.734335 E0.130287
G1 E-1.5
G4 P1500 ; dejar cuajar el ápice del arco
G1 E1.5
G1 X170.354475 Y161.516421 Z14.640488 E0.127693
G1 F480 X169.889779 Y161.919892 Z14.321837 E0.144061
G1 X169.378804 Y162.281897 Z13.843904 E0.163756
G1 X168.84873 Y162.622933 Z13.304538 E0.172449
G1 X168.32905 Y162.96752 Z12.81406 E0.164915
G1 X167.845557 Y163.339196 Z12.472864 E0.145264
G1 X167.415203 Y163.75559 Z12.351049 E0.330278
G1 X167.042846 Y164.2246 Z12.474189 E0.127091
G1 X166.720512 Y164.742503 Z12.818139 E0.145576
G1 X166.429279 Y165.294425 Z13.313943 E0.165683
G1 X166.143349 Y165.857154 Z13.861821 E0.173746
G1 X165.835418 Y166.403737 Z14.351427 E0.165426
G1 F240 X165.482257 Y166.908972 Z14.68424 E0.145624
G1 X165.069329 Y167.354646 Z14.793562 E0.128326
G1 E-1.5
G4 P1500 ; dejar cuajar el ápice del arco
G1 E1.5
G1 X164.593554 Y167.733448 Z14.658056 E0.129521
G1 F480 X164.063676 Y168.050701 Z14.306072 E0.147769
G1 X163.498231 Y168.323517 Z13.809898 E0.166346
G1 X162.921565 Y168.577486 Z13.271088 E0.172344
G1 X162.358781 Y168.841554 Z12.799845 E0.16216
G1 X161.830643 Y169.142097 Z12.492664 E0.141541
G1 X161.349503 Y169.497417 Z12.412737 E0.326144
G1 X160.917023 Y169.913811 Z12.577138 E0.129393
G1 X160.524144 Y170.384036 Z12.953348 E0.149468
G1 X160.153224 Y170.888558 Z13.465862 E0.168212
G1 X159.781857 Y171.399352 Z14.01151 E0.173493
G1 X159.387564 Y171.885524 Z14.480398 E0.16258
G1 F240 X158.952356 Y172.319619 Z14.77821 E0.141986
G1 X158.466252 Y172.683318 Z14.845352 E0.126972
G1 E-1.5
G4 P1500 ; dejar cuajar el ápice del arco
G1 E1.5
G1 X157.929071 Y172.971349 Z14.669047 E0.1319
G1 F480 X157.350173 Y173.192761 Z14.285927 E0.151468
G1 X156.746269 Y173.369273 Z13.774598 E0.168535
G1 X156.137808 Y173.530981 Z13.239689 E0.171734
G1 X155.544725 Y173.71028 Z12.790614 E0.159071
G1 X154.982419 Y173.935216 Z12.519366 E0.358659
G1 X154.458815 Y174.223663 Z12.481847 E0.323732
G1 X153.973084 Y174.579579 Z12.686521 E0.13221
G1 X153.516089 Y174.991911 Z13.092697 E0.153299
G1 X153.072582 Y175.43669 Z13.618788 E0.170319
G1 X152.624548 Y175.881793 Z14.158868 E0.172742
G1 X152.154989 Y176.293436 Z14.604173 E0.159433
G1 F240 X151.651313 Y176.643026 Z14.865173 E0.138518
G1 X151.107739 Y176.91311 Z14.889747 E0.126279
G1 E-1.5
G4 P1500 ; dejar cuajar el ápice del arco
G1 E1.5
G1 F480 X150.526199 Y177.101084 Z14.673756 E0.134747
G1 X149.91563 Y177.219908 Z14.261887 E0.15508
G1 X149.289814 Y177.295517 Z13.738581 E0.170307
G1 X148.664419 Y177.361746 Z13.210898 E0.170655
G1 X148.053724 Y177.453454 Z12.786785 E0.155731
G1 X147.467788 Y177.599368 Z12.553169 E0.34993
G1 X146.910605 Y177.816078 Z12.558314 E0.323132
G1 X146.379677 Y178.104677 Z12.802025 E0.13545
G1 X145.866821 Y178.450227 Z13.235689 E0.15701
G1 X145.36018 Y178.824701 Z13.772138 E0.172009
G1 X144.846873 Y179.1926 Z14.303346 E0.171547
G1 F240 X144.315706 Y179.518154 Z14.722348 E0.156071
G1 X143.759386 Y179.77263 Z14.944955 E0.135328
G1 E-1.5
G4 P1500 ; dejar cuajar el ápice del arco
G1 E1.5
G1 X143.175792 Y179.940279 Z14.926834 E0.126278
G1 E-1.5
G4 P1500 ; dejar cuajar el ápice del arco
G1 E1.5
G1 F480 X142.568104 Y180.021659 Z14.672515 E0.137981
G1 X141.943805 Y180.033641 Z14.234462 E0.158557
G1 X141.312858 Y180.006077 Z13.702431 E0.171659
G1 X140.685475 Y179.975781 Z13.185253 E0.169135
G1 X140.069989 Y179.979044 Z12.788743 E0.152198
G1 X139.471273 Y180.044204 Z12.594225 E0.34206
G1 X138.890001 Y180.185797 Z12.642028 E0.324381
G1 X138.322873 Y180.401491 Z12.9233 E0.139024
G1 X137.763663 Y180.67246 Z13.381803 E0.160531
G1 X137.204827 Y180.96714 Z13.925329 E0.173244
G1 X136.639259 Y181.247601 Z14.444416 E0.169897
G1 F240 X136.061807 Y181.477273 Z14.834558 E0.152532
G1 X135.47022 Y181.628406 Z15.017423 E0.132496
G1 E-1.5
G4 P1500 ; dejar cuajar el ápice del arco
G1 E1.5
G1 X134.865361 Y181.687791 Z14.956746 E0.126968
G1 E-1.5
G4 P1500 ; dejar cuajar el ápice del arco
G1 E1.5
G1 F480 X134.250693 Y181.659513 Z14.665692 E0.141498
G1 X133.631214 Y181.564188 Z14.204182 E0.161801
G1 X133.012139 Y181.434821 Z13.666733 E0.17253
G1 X132.397649 Y181.310094 Z13.163274 E0.167159
G1 X131.79002 Y181.226504 Z12.796837 E0.148522
G1 X131.189311 Y181.210896 Z12.642642 E0.335301
G1 X130.593638 Y181.274974 Z12.732834 E0.125944
G1 X129.999942 Y181.412854 Z13.049958 E0.142823
G1 X129.404999 Y181.60214 Z13.5305 E0.163775
G1 X128.806418 Y181.808602 Z14.077778 E0.173976
G1 X128.203322 Y181.993083 Z14.581569 E0.167796
G1 F240 X127.59657 Y182.119456 Z14.940471 E0.148879
G1 X126.988446 Y182.162023 Z15.082494 E0.130117
G1 E-1.5
G4 P1500 ; dejar cuajar el ápice del arco
G1 E1.5
G1 X126.381916 Y182.110815 Z14.97966 E0.128325
G1 F480 X125.779668 Y181.973558 Z14.653692 E0.145186
G1 X125.183203 Y181.774115 Z14.171595 E0.16473
G1 X124.592236 Y181.547631 Z13.632067 E0.172878
G1 X124.004593 Y181.333387 Z13.145457 E0.164736
G1 X123.416672 Y181.166724 Z12.811378 E0.144774
G1 X122.824352 Y181.071876 Z12.698482 E0.329906
G1 X122.224153 Y181.057061 Z12.830534 E0.127788
G1 X121.614327 Y181.112871 Z13.181581 E0.146731
G1 X120.995624 Y181.214083 Z13.681224 E0.166649
G1 X120.371428 Y181.324997 Z14.228906 E0.174155
G1 X119.747248 Y181.406683 Z14.71432 E0.165245
G1 F240 X119.129599 Y181.424917 Z15.039797 E0.14518
G1 X118.524511 Y181.357127 Z15.140126 E0.128277
G1 E-1.5
G4 P1500 ; dejar cuajar el ápice del arco
G1 E1.5
G1 X117.93601 Y181.196949 Z14.995796 E0.130287
G1 F480 X117.364937 Y180.955456 Z14.636948 E0.14892
G1 X116.80843 Y180.658847 Z14.137264 E0.167254
G1 X116.260239 Y180.343048 Z13.599008 E0.17267
G1 X115.711873 Y180.046366 Z13.132273 E0.161899
G1 X115.154372 Y179.801695 Z12.832638 E0.141058
G1 X114.580336 Y179.629854 Z12.761764 E0.326114
G1 X113.985757 Y179.535428 Z12.934886 E0.130219
G1 X113.371224 Y179.505927 Z13.317717 E0.150632
G1 X112.742169 Y179.514433 Z13.833407 E0.169099
G1 X112.108043 Y179.525159 Z14.378143 E0.173793
G1 X111.480528 Y179.500789 Z14.842213 E0.16232
G1 F240 X110.871136 Y179.410069 Z15.132282 E0.141559
G1 X110.288675 Y179.234122 Z15.190327 E0.127057
G1 E-1.5
G4 P1500 ; dejar cuajar el ápice del arco
G1 E1.5
G1 X109.737166 Y178.970197 Z15.005415 E0.132782
G1 F480 X109.214665 Y178.632111 Z14.615927 E0.152617
G1 X108.713342 Y178.247319 Z14.101761 E0.169359
G1 X108.220836 Y177.851233 Z13.568122 E0.17195
G1 X107.722681 Y177.479969 Z13.124166 E0.158735
G1 X107.205322 Y177.163014 Z12.860847 E0.357475
G1 X106.659095 Y176.917303 Z12.832457 E0.324081
G1 X106.080516 Y176.743905 Z13.045609 E0.133147
G1 X105.473365 Y176.627961 Z13.457889 E0.154452
G1 X104.84825 Y176.541862 Z13.986473 E0.171114
G1 X104.220695 Y176.450988 Z14.524929 E0.172927
G1 X103.608077 Y176.320816 Z14.964821 E0.159096
G1 F240 X103.026042 Y176.123925 Z15.21772 E0.138122
G1 X102.485133 Y175.845465 Z15.233147 E0.126508
G1 E-1.5
G4 P1500 ; dejar cuajar el ápice del arco
G1 E1.5
G1 F480 X101.988324 Y175.486083 Z15.00882 E0.135725
G1 X101.53006 Y175.061674 Z14.591118 E0.156198
;WIDTH:1.250
; LINE_WIDTH: 1.250
;Z:15.179
;HEIGHT:2.326
G1 X101.504184 Y175.10768 Z14.578199 E0.011296
G1 X101.070081 Y174.646756 Z14.056653 E0.170522
G1 X100.642981 Y174.182028 Z13.534854 E0.170238
G1 X100.203195 Y173.74605 Z13.119549 E0.154999
G1 X99.733667 Y173.363923 Z12.89587 E0.348811
G1 X99.223705 Y173.048263 Z12.910058 E0.324243
G1 X98.671418 Y172.796902 Z13.160077 E0.136426
G1 X98.084442 Y172.593535 Z13.596025 E0.15776
G1 X97.478677 Y172.411245 Z14.130267 E0.172123
G1 X96.87527 Y172.218085 Z14.655216 E0.171038
G1 F240 X96.296315 Y171.983735 Z15.065173 E0.155306
G1 X95.760295 Y171.685598 Z15.277775 E0.134944
G1 E-1.5
G4 P1500 ; dejar cuajar el ápice del arco
G1 E1.5
G1 X95.27814 Y171.313243 Z15.250717 E0.126762
G1 E-1.5
G4 P1500 ; dejar cuajar el ápice del arco
G1 E1.5
G1 F480 X94.850772 Y170.87027 Z14.990332 E0.13893
G1 X94.468502 Y170.373527 Z14.550313 E0.159198
G1 X94.112909 Y169.84927 Z14.020806 E0.171629
G1 X93.760417 Y169.327731 Z13.510124 E0.168501
G1 X93.387064 Y168.836936 Z13.122756 E0.151382
G1 X92.973493 Y168.397082 Z12.938166 E0.341223
G1 X92.509083 Y168.016626 Z12.99466 E0.32591
G1 X91.994394 Y167.690809 Z13.281615 E0.139974
G1 X91.441324 Y167.402912 Z13.741635 E0.161072
G1 X90.870918 Y167.127901 Z14.282197 E0.173075
G1 X90.30923 Y166.837685 Z14.794433 E0.169148
G1 F240 X89.782042 Y166.506881 Z15.175222 E0.151672
G1 X89.30954 Y166.117898 Z15.348124 E0.132203
G1 E-1.5
G4 P1500 ; dejar cuajar el ápice del arco
G1 E1.5
G1 X88.90203 Y165.664324 Z15.278888 E0.127567
G1 F480 X88.557612 Y165.151975 Z14.982411 E0.142364
G1 X88.262339 Y164.597434 Z14.519708 E0.162196
G1 X87.992867 Y164.024445 Z13.985531 E0.172208
G1 X87.721115 Y163.45894 Z13.489139 E0.166307
G1 X87.419981 Y162.923745 Z13.132123 E0.147662
G1 X87.068967 Y162.434056 Z12.987785 E0.334851
G1 X86.658531 Y161.994585 Z13.086262 E0.126666
G1 X86.192257 Y161.598897 Z13.408411 E0.143684
G1 X85.686351 Y161.231036 Z13.889692 E0.164063
G1 X85.16652 Y160.869033 Z14.433267 E0.173516
G1 X84.662842 Y160.489536 Z14.929657 E0.166834
G1 F240 X84.203639 Y160.072592 Z15.278957 E0.147975
G1 X83.809638 Y159.605589 Z15.411117 E0.129951
G1 E-1.5
G4 P1500 ; dejar cuajar el ápice del arco
G1 E1.5
G1 X83.4896 Y159.085596 Z15.300157 E0.129005
G1 F480 X83.238351 Y158.51966 Z14.969441 E0.145926
G1 X83.037648 Y157.923084 Z14.486932 E0.164865
G1 X82.859851 Y157.316004 Z13.951404 E0.172292
G1 X82.673337 Y156.719271 Z13.472389 E0.163726
G1 X82.449013 Y156.150172 Z13.147951 E0.143939
G1 X82.166346 Y155.619069 Z13.04478 E0.329919
G1 X81.817727 Y155.12754 Z13.184659 E0.128598
G1 X81.410029 Y154.668493 Z13.540041 E0.147466
G1 X80.963578 Y154.227823 Z14.039641 E0.166704
G1 X80.508096 Y153.78758 Z14.582904 E0.173475
G1 X80.076698 Y153.32978 Z15.060413 E0.164169
G1 F240 X79.699125 Y152.840073 Z15.376096 E0.144325
G1 X79.395734 Y152.310457 Z15.466726 E0.12827
G1 E-1.5
G4 P1500 ; dejar cuajar el ápice del arco
G1 E1.5
G1 X79.173127 Y151.740703 Z15.314751 E0.131023
G1 F480 X79.022675 Y151.138076 Z14.951859 E0.149538
G1 X78.922118 Y150.515555 Z14.452546 E0.167202
G1 X78.840067 Y149.888926 Z13.918993 E0.171932
G1 X78.742261 Y149.273498 Z13.460334 E0.160843
G1 X78.598566 Y148.681033 Z13.1705 E0.364839
G1 X78.389221 Y148.11752 Z13.109158 E0.326591
G1 X78.10899 Y147.582258 Z13.289602 E0.131076
G1 X77.768377 Y147.06835 Z13.676051 E0.151259
G1 X77.391619 Y146.564449 Z14.190916 E0.169
G1 X77.011849 Y146.057326 Z14.730543 E0.172999
G1 X76.664386 Y145.534693 Z15.186252 E0.161227
G1 F240 X76.379534 Y144.987679 Z15.466398 E0.140811
G1 X76.176339 Y144.41246 Z15.514964 E0.127217
G1 E-1.5
G4 P1500 ; dejar cuajar el ápice del arco
G1 E1.5
G1 X76.058615 Y143.810754 Z15.322937 E0.133557
G1 F480 X76.014059 Y143.189133 Z14.930133 E0.153137
G1 X76.016658 Y142.557373 Z14.417119 E0.169175
G1 X76.031927 Y141.926234 Z13.888858 E0.17112
G1 X76.023908 Y141.305182 Z13.453408 E0.157683
G1 X75.962521 Y140.700533 Z13.19999 E0.355891
G1 X75.829751 Y140.114389 Z13.180882 E0.324987
G1 X75.623402 Y139.544537 Z13.400803 E0.134024
G1 X75.357633 Y138.985277 Z13.815963 E0.15497
G1 X75.060153 Y138.428927 Z14.342943 E0.17088
G1 X74.766625 Y137.867638 Z14.875632 E0.172043
G1 X74.51342 Y137.295097 Z15.306759 E0.158011
G1 F240 X74.330197 Y136.70776 Z15.549665 E0.137503
G1 X74.23382 Y136.10536 Z15.555894 E0.126823
G1 E-1.5
G4 P1500 ; dejar cuajar el ápice del arco
G1 E1.5
G1 F480 X74.224866 Y135.490659 Z15.325024 E0.13651
G1 X74.287459 Y134.868526 Z14.904756 E0.156611
G1 X74.392455 Y134.244639 Z14.381229 E0.170704
G1 X74.503355 Y133.624114 Z13.861542 E0.169827
G1 X74.583736 Y133.010399 Z13.452011 E0.15428
G1 X74.604684 Y132.404679 Z13.236598 E0.347648
G1 X74.550713 Y131.805883 Z13.259866 E0.32519
G1 X74.422949 Y131.211257 Z13.517935 E0.13734
G1 X74.238936 Y130.617303 Z13.959271 E0.158507
G1 X74.029075 Y130.020838 Z14.495144 E0.172295
G1 X73.830448 Y129.419872 Z15.017637 E0.170612
G1 F240 X73.679262 Y128.814093 Z15.421548 E0.154581
G1 X73.603467 Y128.204841 Z15.625743 E0.134499
G1 E-1.5
G4 P1500 ; dejar cuajar el ápice del arco
G1 E1.5
G1 X73.616955 Y127.594605 Z15.589622 E0.127106
G1 E-1.5
G4 P1500 ; dejar cuajar el ápice del arco
G1 E1.5
G1 F480 X73.71705 Y126.986188 Z15.321358 E0.139781
G1 X73.88477 Y126.381784 Z14.876242 E0.159884
G1 X74.08873 Y125.782231 Z14.345456 E0.171771
G1 X74.291555 Y125.186643 Z13.837572 E0.168085
G1 X74.457594 Y124.592568 Z13.456511 E0.150721
G1 X74.559935 Y123.996601 Z13.280456 E0.340391
G1 X74.586028 Y123.395357 Z13.345983 E0.327187
G1 X74.540224 Y122.786523 Z13.640634 E0.140926
G1 X74.442888 Y122.169716 Z14.105452 E0.16182
G1 X74.326166 Y121.546883 Z14.646939 E0.173268
G1 X74.22747 Y120.922117 Z15.15604 E0.168784
G1 F240 X74.181941 Y120.300891 Z15.53027 E0.151056
G1 X74.215238 Y119.688825 Z15.69452 E0.131917
G1 E-1.5
G4 P1500 ; dejar cuajar el ápice del arco
G1 E1.5
G1 X74.338267 Y119.09028 Z15.616297 E0.128061
G1 F480 X74.545093 Y118.507147 Z15.31232 E0.143302
G1 X74.814218 Y117.938122 Z14.845126 E0.162952
G1 X75.11279 Y117.378643 Z14.310379 E0.172439
G1 X75.403386 Y116.821657 Z13.817455 E0.165996
G1 X75.651638 Y116.259047 Z13.467238 E0.147109
G1 X75.833225 Y115.683445 Z13.331653 E0.334343
G1 X75.938795 Y115.09002 Z13.43906 E0.127269
G1 X75.975822 Y114.477843 Z13.768503 E0.144719
G1 X75.96703 Y113.850458 Z14.253961 E0.164912
G1 X75.945711 Y113.215478 Z14.797749 E0.173842
G1 X75.948921 Y112.583223 Z15.290345 E0.166613
G1 F240 X76.009915 Y111.964646 Z15.632614 E0.147505
G1 X76.151389 Y111.36896 Z15.755932 E0.129829
G1 E-1.5
G4 P1500 ; dejar cuajar el ápice del arco
G1 E1.5
G1 X76.380907 Y110.801493 Z15.636115 E0.129661
G1 F480 X76.689422 Y110.262245 Z15.298323 E0.147001
G1 X77.053213 Y109.745554 Z14.811957 E0.165763
G1 X77.438758 Y109.240959 Z14.276572 E0.172662
G1 X77.80961 Y108.735194 Z13.801672 E0.163531
G1 X78.133817 Y108.214904 Z13.484486 E0.143482
G1 X78.390378 Y107.669548 Z13.390232 E0.3297
G1 X78.573459 Y107.093857 Z13.538882 E0.129324
G1 X78.693452 Y106.489281 Z13.90111 E0.148616
G1 X78.774752 Y105.864063 Z14.404242 E0.167679
G1 X78.85069 Y105.231853 Z14.947005 E0.173927
G1 X78.956688 Y104.609087 Z15.420084 E0.164061
G1 F240 X79.12305 Y104.011637 Z15.728306 E0.143964
G1 X79.368823 Y103.45141 Z15.809958 E0.128299
G1 E-1.5
G4 P1500 ; dejar cuajar el ápice del arco
G1 E1.5
G1 X79.698023 Y102.933642 Z15.649312 E0.131844
G1 F480 X80.098969 Y102.455501 Z15.279813 E0.15075
G1 X80.546684 Y102.006273 Z14.777299 E0.168209
G1 X81.008158 Y101.569337 Z14.244602 E0.172379
G1 X81.449197 Y101.125476 Z13.790681 E0.160694
G1 X81.84132 Y100.656812 Z13.508505 E0.363782
G1 X82.167404 Y100.150607 Z13.456189 E0.32667
G1 X82.425198 Y99.602268 Z13.645192 E0.131941
G1 X82.627534 Y99.016608 Z14.037998 E0.152507
G1 X82.799444 Y98.407145 Z14.555727 E0.170032
G1 X82.972957 Y97.793624 Z15.094144 E0.173475
G1 X83.180567 Y97.198152 Z15.544815 E0.161126
G1 F240 X83.448511 Y96.64059 Z15.817116 E0.1405
G1 X83.791532 Y96.134326 Z15.856624 E0.127387
G1 E-1.5
G4 P1500 ; dejar cuajar el ápice del arco
G1 E1.5
G1 X84.210091 Y95.683314 Z15.656164 E0.134524
G1 F480 X84.690482 Y95.280953 Z15.257263 E0.154416
G1 X85.207816 Y94.911152 Z14.741725 E0.170175
G1 X85.731144 Y94.551332 Z14.215026 E0.171514
G1 X86.230001 Y94.177098 Z13.784907 E0.15748
G1 X86.680488 Y93.767226 Z13.539507 E0.35489
G1 X87.069986 Y93.308172 Z13.529476 E0.325428
G1 X87.399498 Y92.797117 Z13.757693 E0.135014
G1 X87.683188 Y92.242846 Z14.178681 E0.156243
G1 X87.945249 Y91.664244 Z14.70784 E0.171855
G1 X88.214809 Y91.086639 Z15.238617 E0.172426
G1 X88.519913 Y90.536724 Z15.664128 E0.157843
G1 F240 X88.881867 Y90.037064 Z15.898854 E0.137224
G1 E-1.5
G4 P1500 ; dejar cuajar el ápice del arco
G1 E1.5
G1 X89.31104 Y89.601329 Z15.896 E0.127138
G1 E-1.5
G4 P1500 ; dejar cuajar el ápice del arco
G1 E1.5
G1 F480 X89.804993 Y89.231272 Z15.656988 E0.137585
G1 X90.349232 Y88.916102 Z15.231169 E0.157883
G1 X90.920398 Y88.634448 Z14.705811 E0.171615
G1 X91.491187 Y88.358564 Z14.188383 E0.170108
G1 X92.035951 Y88.059941 Z13.784744 E0.154006
G1 X92.535849 Y87.715195 Z13.577659 E0.346762
G1 X92.982479 Y87.311016 Z13.610001 E0.326031
G1 X93.379316 Y86.847127 Z13.876049 E0.13843
G1 X93.7407 Y86.336606 Z14.322649 E0.159765
G1 X94.088638 Y85.803451 Z14.860003 E0.173182
G1 X94.448143 Y85.277844 Z15.379892 E0.170888
G1 F240 X94.842072 Y84.790046 Z15.777645 E0.154352
G1 X95.28655 Y84.364167 Z15.973376 E0.134276
G1 E-1.5
G4 P1500 ; dejar cuajar el ápice del arco
G1 E1.5
G1 X95.787879 Y84.013106 Z15.928203 E0.127571
G1 E-1.5
G4 P1500 ; dejar cuajar el ápice del arco
G1 E1.5
G1 F480 X96.341531 Y83.735702 Z15.652137 E0.140942
G1 X96.933373 Y83.51676 Z15.202052 E0.161126
G1 X97.542798 Y83.329955 Z14.670139 E0.172578
G1 X98.147087 Y83.143087 Z14.165197 E0.168245
G1 X98.726063 Y82.924625 Z13.790552 E0.150376
G1 X99.266081 Y82.650218 Z13.623084 E0.339669
G1 X99.762566 Y82.307812 Z13.697626 E0.126326
G1 X100.220623 Y81.900316 Z13.999891 E0.142092
G1 X100.653653 Y81.445227 Z14.469375 E0.163025
G1 X101.080336 Y80.971232 Z15.011635 E0.174018
G1 X101.520642 Y80.51248 Z15.517458 E0.168902
G1 F240 X101.991718 Y80.101638 Z15.885025 E0.150736
G1 X102.504509 Y79.763177 Z16.040579 E0.131753
G1 E-1.5
G4 P1500 ; dejar cuajar el ápice del arco
G1 E1.5
G1 X103.061765 Y79.50825 Z15.953391 E0.128669
G1 F480 X103.657792 Y79.332254 Z15.642 E0.144498
G1 X104.279946 Y79.215595 Z15.170449 E0.164083
G1 X104.911468 Y79.127547 Z14.635285 E0.173046
G1 X105.535057 Y79.03244 Z14.145969 E0.165955
G1 X106.136392 Y78.896928 Z13.802653 E0.146671
G1 X106.706893 Y78.696859 Z13.675861 E0.333862
G1 X107.245187 Y78.422326 Z13.792168 E0.127916
G1 X107.757024 Y78.079842 Z14.128812 E0.145899
G1 X108.253747 Y77.691169 Z14.618311 E0.165964
G1 X108.749677 Y77.289007 Z15.16216 E0.17435
G1 X109.259026 Y76.910396 Z15.650823 E0.166505
G1 F240 X109.792986 Y76.589177 Z15.985965 E0.147081
G1 X110.357593 Y76.349036 Z16.100408 E0.129743
G1 E-1.5
G4 P1500 ; dejar cuajar el ápice del arco
G1 E1.5
G1 X110.952773 Y76.198584 Z15.971769 E0.130387
G1 F480 X111.5727 Y76.12948 Z15.626998 E0.148155
G1 X112.207327 Y76.118015 Z15.136913 E0.166699
G1 X112.844701 Y76.129859 Z14.601825 E0.173013
G1 X113.47353 Y76.127014 Z14.131176 E0.163278
G1 X114.085461 Y76.075568 Z13.821332 E0.142983
G1 X114.67658 Y75.952661 Z13.736022 E0.329561
G1 X115.247899 Y75.751231 Z13.893403 E0.130109
G1 X115.804757 Y75.481554 Z14.262376 E0.149751
G1 X116.35536 Y75.169243 Z14.768898 E0.168529
G1 X116.908813 Y74.850102 Z15.311009 E0.174175
G1 X117.473109 Y74.562861 Z15.779525 E0.16374
G1 F240 X118.053519 Y74.341283 Z16.080201 E0.143476
G1 X118.651695 Y74.207244 Z16.152853 E0.128322
G1 E-1.5
G4 P1500 ; dejar cuajar el ápice del arco
G1 E1.5
G1 X119.265636 Y74.16622 Z15.983581 E0.13266
G1 F480 X119.890461 Y74.206104 Z15.607582 E0.151817
G1 X120.519754 Y74.299616 Z15.102011 E0.168925
G1 X121.147121 Y74.409822 Z14.570322 E0.172478
G1 X121.767614 Y74.497643 Z14.121268 E0.160263
G1 X122.37867 Y74.529831 Z13.846832 E0.362459
G1 X122.980412 Y74.485768 Z13.803556 E0.326936
G1 X123.575278 Y74.361709 Z14.001066 E0.132824
G1 X124.16712 Y74.171582 Z14.400119 E0.153557
G1 X124.760048 Y73.944187 Z14.920566 E0.170678
G1 X125.357304 Y73.717347 Z15.457622 E0.173499
G1 X125.960483 Y73.530207 Z15.903129 E0.16066
G1 F240 X126.569245 Y73.415256 Z16.16751 E0.14002
G1 X127.181597 Y73.391696 Z16.197949 E0.127545
G1 E-1.5
G4 P1500 ; dejar cuajar el ápice del arco
G1 E1.5
G1 X127.794624 Y73.461522 Z15.989113 E0.135405
G1 F480 X128.405453 Y73.609103 Z15.584229 E0.155396
G1 X129.012181 Y73.804368 Z15.066315 E0.170722
G1 X129.614503 Y74.008932 Z14.541329 E0.17145
G1 X130.213853 Y74.183924 Z14.116664 E0.156968
G1 X130.813024 Y74.297899 Z13.879353 E0.353719
G1 X131.415345 Y74.333246 Z13.878404 E0.326101
G1 X132.023639 Y74.289752 Z14.114851 E0.135967
G1 X132.639246 Y74.184628 Z14.541549 E0.157231
G1 X133.261384 Y74.048973 Z15.072739 E0.172377
G1 X133.887051 Y73.921418 Z15.601454 E0.172333
G1 X134.511538 Y73.840242 Z16.02123 E0.157326
G1 F240 X135.129465 Y73.835582 Z16.247712 E0.136812
G1 E-1.5
G4 P1500 ; dejar cuajar el ápice del arco
G1 E1.5
G1 X135.736107 Y73.923316 Z16.235777 E0.127442
G1 E-1.5
G4 P1500 ; dejar cuajar el ápice del arco
G1 E1.5
G1 F480 X136.328694 Y74.10187 Z15.98869 E0.138529
G1 X136.907343 Y74.35259 Z15.557443 E0.158813
G1 X137.475361 Y74.643592 Z15.030404 E0.17206
G1 X138.038783 Y74.936293 Z14.515383 E0.169946
G1 X138.605191 Y75.193284 Z14.117752 E0.153459
G1 X139.182053 Y75.38593 Z13.919055 E0.345805
G1 X139.774928 Y75.500153 Z13.960463 E0.327095
G1 X140.385968 Y75.539228 Z14.234416 E0.139439
G1 X141.013082 Y75.523025 Z14.686154 E0.160698
G1 X141.650022 Y75.483884 Z15.224837 E0.173599
G1 X142.287429 Y75.459969 Z15.741977 E0.170698
G1 F240 X142.914671 Y75.487475 Z16.133459 E0.153807
G1 X143.522115 Y75.593275 Z16.320672 E0.133952
G1 E-1.5
G4 P1500 ; dejar cuajar el ápice del arco
G1 E1.5
G1 X144.103332 Y75.789518 Z16.266461 E0.128019
G1 E-1.5
G4 P1500 ; dejar cuajar el ápice del arco
G1 E1.5
G1 F480 X144.656747 Y76.071245 Z15.982673 E0.141931
G1 X145.186312 Y76.417511 Z15.527748 E0.161996
G1 X145.701 Y76.795745 Z14.994859 E0.172917
G1 X146.213157 Y77.168449 Z14.493004 E0.16799
G1 X146.736006 Y77.500843 Z14.124882 E0.149811
G1 X147.280813 Y77.767909 Z13.96605 E0.338981
G1 X147.854306 Y77.959379 Z14.049587 E0.126878
G1 X148.456951 Y78.0817 Z14.359381 E0.143135
G1 X149.082476 Y78.15657 Z14.8334 E0.16389
G1 X149.718844 Y78.216391 Z15.37628 E0.174326
G1 X150.350512 Y78.297588 Z15.878683 E0.168624
G1 F240 X150.961561 Y78.433169 Z16.239484 E0.150181
G1 X151.539068 Y78.646055 Z16.386298 E0.131536
G1 E-1.5
G4 P1500 ; dejar cuajar el ápice del arco
G1 E1.5
G1 X152.075984 Y78.944521 Z16.290172 E0.129251
G1 F480 X152.5729 Y79.320665 Z15.971457 E0.145511
G1 X153.038255 Y79.752175 Z15.495683 E0.164881
G1 X153.48688 Y80.207017 Z14.960256 E0.173278
G1 X153.937107 Y80.650047 Z14.474687 E0.165618
G1 X154.407057 Y81.050128 Z14.138371 E0.14611
G1 X154.910776 Y81.386403 Z14.020408 E0.333492
G1 X155.455097 Y81.652403 Z14.145583 E0.1286
G1 X156.037892 Y81.857185 Z14.489334 E0.146954
G1 X156.648199 Y82.02323 Z14.982737 E0.166754
G1 X157.268147 Y82.18176 Z15.526494 E0.174559
G1 X157.876443 Y82.366286 Z16.011087 E0.166158
G1 F240 X158.452706 Y82.605766 Z16.339008 E0.146543
G1 X158.981781 Y82.918748 Z16.444545 E0.129655
G1 E-1.5
G4 P1500 ; dejar cuajar el ápice del arco
G1 E1.5
G1 X159.457012 Y83.309851 Z16.307121 E0.131092
G1 F480 X159.881953 Y83.768947 Z15.95547 E0.149179
G1 X160.269944 Y84.273427 Z15.461807 E0.167432
G1 X160.641618 Y84.792972 Z14.927167 E0.173163
G1 X161.020794 Y85.295827 Z14.460904 E0.162893
G1 X161.429624 Y85.75521 Z14.158492 E0.142456
G1 X161.883909 Y86.154659 Z14.082151 E0.329541
G1 X162.389601 Y86.491196 Z14.24822 E0.130906
G1 X162.941267 Y86.775694 Z14.623834 E0.150815
G1 X163.522888 Y87.030427 Z15.133604 E0.169267
G1 X164.110886 Y87.284348 Z15.67491 E0.174322
G1 X164.678808 Y87.567086 Z16.138732 E0.163365
G1 F240 X165.202732 Y87.902925 Z16.431777 E0.142991
G1 X165.666289 Y88.305971 Z16.495411 E0.128376
G1 E-1.5
G4 P1500 ; dejar cuajar el ápice del arco
G1 E1.5
G1 X166.064236 Y88.777485 Z16.317562 E0.133481
G1 F480 X166.403804 Y89.305869 Z15.935169 E0.152859
G1 X166.703493 Y89.869263 Z15.426686 E0.169617
G1 X166.989491 Y90.440178 Z14.896156 E0.172575
G1 X167.29042 Y90.991168 Z14.452098 E0.159853
G1 X167.631452 Y91.500382 Z14.185481 E0.361226
G1 X168.029015 Y91.955851 Z14.151259 E0.327281
G1 X168.487195 Y92.357677 Z14.357221 E0.133723
G1 X168.996619 Y92.717723 Z14.762409 E0.15463
G1 X169.536104 Y93.056916 Z15.285429 E0.171374
G1 X170.076776 Y93.400781 Z15.820973 E0.173595
G1 X170.587877 Y93.774146 Z16.261189 E0.160269
G1 F240 X171.043063 Y94.196118 Z16.517576 E0.1396
G1 X171.425915 Y94.676351 Z16.538941 E0.127747
G1 E-1.5
G4 P1500 ; dejar cuajar el ápice del arco
G1 E1.5
G1 F480 X171.733504 Y95.213326 Z16.321789 E0.13633
G1 X171.977223 Y95.794961 Z15.911038 E0.156448
G1 X172.180691 Y96.401328 Z15.390895 E0.171372
G1 X172.375085 Y97.008907 Z14.867772 E0.171494
G1 X172.592839 Y97.595439 Z14.448683 E0.156539
G1 X172.861007 Y98.144363 Z14.219529 E0.352656
G1 X173.195499 Y98.648049 Z14.227662 E0.326822
G1 X173.597697 Y99.109 Z14.472275 E0.136958
G1 X174.053926 Y99.539015 Z14.904564 E0.158304
G1 X174.538032 Y99.956477 Z15.437635 E0.173024
G1 X175.016546 Y100.382407 Z15.96414 E0.172374
G1 F240 X175.455488 Y100.836078 Z16.378062 E0.156918
G1 X175.827344 Y101.331154 Z16.596237 E0.136468
G1 E-1.5
G4 P1500 ; dejar cuajar el ápice del arco
G1 E1.5
G1 X176.116782 Y101.873118 Z16.575226 E0.127796
G1 E-1.5
G4 P1500 ; dejar cuajar el ápice del arco
G1 E1.5
G1 F480 X176.323942 Y102.458463 Z16.320136 E0.139542
G1 X176.464634 Y103.07571 Z15.883584 E0.159857
G1 X176.567272 Y103.708047 Z15.355014 E0.172646
G1 X176.667136 Y104.336965 Z14.842547 E0.169916
G1 X176.799231 Y104.94606 Z14.451037 E0.153001
G1 X176.991115 Y105.524251 Z14.260785 E0.344941
G1 X177.25711 Y106.067806 Z14.311249 E0.328204
G1 X177.595215 Y106.580752 Z14.59303 E0.140502
G1 X177.98739 Y107.073667 Z15.04978 E0.161741
G1 X178.40307 Y107.5612 Z15.589641 E0.174161
G1 X178.805305 Y108.058881 Z16.103887 E0.170652
G1 F240 X179.158267 Y108.579888 Z16.488989 E0.153369
G1 X179.434591 Y109.132476 Z16.667632 E0.133692
G1 E-1.5
G4 P1500 ; dejar cuajar el ápice del arco
G1 E1.5
G1 X179.621049 Y109.718535 Z16.6044 E0.128519
G1 F480 X179.72137 Y110.333545 Z16.31297 E0.143002
G1 X179.755607 Y110.967848 Z15.853334 E0.162991
G1 X179.756155 Y111.608919 Z15.319622 E0.173402
G1 X179.761209 Y112.244091 Z14.820998 E0.167865
G1 X179.806984 Y112.863154 Z14.459505 E0.149325
G1 X179.920288 Y113.460284 Z14.309354 E0.33837
G1 X180.112971 Y114.034937 Z14.401863 E0.127452
G1 X180.379403 Y114.591576 Z14.7191 E0.144241
G1 X180.697512 Y115.138376 Z15.19752 E0.164875
G1 X181.033196 Y115.685227 Z15.740869 E0.174784
G1 X181.347225 Y116.241523 Z16.239711 E0.168485
G1 F240 X181.603225 Y116.814213 Z16.593644 E0.149725
G1 X181.775127 Y117.406526 Z16.731679 E0.13138
G1 E-1.5
G4 P1500 ; dejar cuajar el ápice del arco
G1 E1.5
G1 X181.852531 Y118.017592 Z16.626642 E0.129889
G1 F480 X181.842909 Y118.642979 Z16.300695 E0.146614
G1 X181.770141 Y119.275961 Z15.820835 E0.16581
G1 X181.66971 Y119.909183 Z15.285296 E0.173655
G1 X181.581492 Y120.536315 Z14.803613 E0.165401
G1 X181.541629 Y121.153329 Z14.474392 E0.145614
G1 X181.575137 Y121.759136 Z14.365294 E0.333184
G1 X181.690765 Y122.355479 Z14.499304 E0.12931
G1 X181.879161 Y122.946182 Z14.850066 E0.148083
G1 X182.114737 Y123.535975 Z15.347233 E0.167663
G1 X182.360848 Y124.129209 Z15.890745 E0.1749
G1 X182.577248 Y124.728794 Z16.371133 E0.165924
G1 F240 X182.728382 Y125.335604 Z16.691741 E0.146084
G1 X182.790421 Y125.948477 Z16.788342 E0.129618
G1 E-1.5
G4 P1500 ; dejar cuajar el ápice del arco
G1 E1.5
G1 X182.756238 Y126.56475 Z16.642174 E0.131854
G1 F480 X182.636917 Y127.181169 Z16.283744 E0.150287
G1 X182.4595 Y127.794922 Z15.786644 E0.168274
G1 X182.261458 Y128.404488 Z15.252605 E0.173422
G1 X182.083059 Y129.010079 Z14.79086 E0.162592
G1 X181.959287 Y129.613553 Z14.495967 E0.141975
G1 X181.912634 Y130.217825 Z14.428619 E0.329584
G1 X181.948493 Y130.825931 Z14.603328 E0.131735
G1 X182.054061 Y131.439993 Z14.98548 E0.151942
G1 X182.201111 Y132.060411 Z15.498354 E0.170101
G1 X182.351476 Y132.685462 Z16.038703 E0.174575
G1 X182.464924 Y133.3115 Z16.497701 E0.163083
G1 F240 X182.507403 Y133.933733 Z16.783033 E0.142572
G1 X182.457944 Y134.547389 Z16.837631 E0.12848
G1 E-1.5
G4 P1500 ; dejar cuajar el ápice del arco
G1 E1.5
G1 X182.312751 Y135.14899 Z16.651257 E0.134356
G1 F480 X182.086195 Y135.737468 Z16.262581 E0.153983
G1 X181.807809 Y136.314737 Z15.75133 E0.170422
G1 X181.516269 Y136.885569 Z15.222111 E0.172789
G1 X181.251498 Y137.45673 Z14.783176 E0.159536
G1 X181.046536 Y138.035534 Z14.524454 E0.360122
G1 X180.920832 Y138.628109 Z14.499297 E0.327682
G1 X180.876309 Y139.237787 Z14.713655 E0.134661
G1 X180.897014 Y139.864007 Z15.124864 E0.155792
G1 X180.952405 Y140.502042 Z15.65031 E0.172205
G1 X181.003613 Y141.143676 Z16.18419 E0.17384
G1 X181.011386 Y141.778753 Z16.618994 E0.160002
G1 F240 X180.944077 Y142.397303 Z16.867315 E0.139261
G1 X180.784072 Y142.991796 Z16.879599 E0.128004
G1 E-1.5
G4 P1500 ; dejar cuajar el ápice del arco
G1 E1.5
G1 F480 X180.531307 Y143.559014 Z16.654195 E0.137329
G1 X180.203228 Y144.101094 Z16.237694 E0.157624
G1 X179.831172 Y144.625446 Z15.715471 E0.172184
G1 X179.45393 Y145.143478 Z15.19436 E0.171699
G1 X179.109836 Y145.66836 Z14.780966 E0.156225
G1 X178.828953 Y146.212226 Z14.560036 E0.351724
G1 X178.627036 Y146.783452 Z14.577251 E0.327587
G1 X178.5024 Y147.384566 Z14.829961 E0.138004
G1 X178.436378 Y148.011328 Z15.267719 E0.159513
G1 X178.397226 Y148.653219 Z15.802521 E0.173868
G1 X178.346653 Y149.295326 Z16.326668 E0.172623
G1 F240 X178.247671 Y149.921298 Z16.734622 E0.156676
G1 X178.072101 Y150.516756 Z16.944428 E0.13622
G1 E-1.5
G4 P1500 ; dejar cuajar el ápice del arco
G1 E1.5
G1 X177.806201 Y151.072448 Z16.914348 E0.128211
G1 E-1.5
G4 P1500 ; dejar cuajar el ápice del arco
G1 E1.5
G1 F480 X177.453438 Y151.586521 Z16.651329 E0.140665
G1 X177.033708 Y152.065299 Z16.209596 E0.161091
G1 X176.578986 Y152.522245 Z15.679646 E0.173476
G1 X176.126797 Y152.975448 Z15.16988 E0.170119
G1 X175.712603 Y153.444015 Z14.784603 E0.152693
G1 X175.362547 Y153.944006 Z14.602852 E0.344197
G1 X175.088181 Y154.484848 Z14.662358 E0.329349
G1 X174.884401 Y155.067115 Z14.951888 E0.141659
G1 X174.730646 Y155.682006 Z15.413522 E0.162999
G1 X174.59525 Y156.312807 Z15.954409 E0.175011
G1 X174.441947 Y156.938052 Z16.465616 E0.170884
G1 F240 X174.237441 Y157.535927 Z16.844231 E0.153128
G1 X173.95807 Y158.0888 Z17.014254 E0.133531
G1 E-1.5
G4 P1500 ; dejar cuajar el ápice del arco
G1 E1.5
G1 X173.594483 Y158.587043 Z16.94202 E0.129094
G1 F480 X173.153275 Y159.031278 Z16.643033 E0.144231
G1 X172.655688 Y159.432755 Z16.178818 E0.164245
G1 X172.132823 Y159.811149 Z15.644434 E0.174186
G1 X171.619264 Y160.190751 Z15.149183 E0.167996
G1 X171.146031 Y160.595537 Z14.794422 E0.148984
G1 X170.734364 Y161.044138 Z14.652997 E0.337837
G1 X170.391585 Y161.545787 Z14.754453 E0.128049
G1 X170.109862 Y162.098102 Z15.079044 E0.14548
G1 X169.868062 Y162.687242 Z15.561732 E0.166111
G1 X169.63628 Y163.290451 Z16.105396 E0.175548
G1 X169.382062 Y163.880539 Z16.600536 E0.168622
G1 F240 X169.077035 Y164.431399 Z16.947503 E0.14945
G1 X168.702592 Y164.923447 Z17.07672 E0.13131
G1 E-1.5
G4 P1500 ; dejar cuajar el ápice del arco
G1 E1.5
G1 X168.253475 Y165.347842 Z16.962804 E0.130614
G1 F480 X167.738596 Y165.708579 Z16.629718 E0.147896
G1 X167.17895 Y166.021957 Z16.145908 E0.167011
G1 X166.603131 Y166.313486 Z15.610411 E0.174333
G1 X166.041389 Y166.612802 Z15.132752 E0.165428
G1 X165.519483 Y166.947616 Z14.810721 E0.145244
G1 X165.053574 Y167.33792 Z14.710519 E0.332931
G1 X164.647179 Y167.791674 Z14.853327 E0.130058
G1 X164.290759 Y168.302889 Z15.211002 E0.149368
G1 X163.963974 Y168.852568 Z15.711795 E0.168844
G1 X163.640062 Y169.412351 Z16.254908 E0.175559
G1 X163.291433 Y169.950179 Z16.730955 E0.165965
G1 F240 X162.895286 Y170.436829 Z17.044161 E0.145789
G1 X162.438109 Y170.85199 Z17.131801 E0.12966
G1 E-1.5
G4 P1500 ; dejar cuajar el ápice del arco
G1 E1.5
G1 X161.918189 Y171.188613 Z16.97693 E0.132718
G1 F480 X161.345653 Y171.454589 Z16.611825 E0.151599
G1 X160.740104 Y171.671385 Z16.111429 E0.169401
G1 X160.126402 Y171.869841 Z15.578144 E0.173972
G1 X159.529492 Y172.083965 Z15.12105 E0.162501
G1 X158.969363 Y172.343971 Z14.83376 E0.368113
G1 X158.457163 Y172.669988 Z14.775424 E0.329664
G1 X157.99322 Y173.067739 Z14.958727 E0.132626
G1 X157.567342 Y173.527153 Z15.347307 E0.153241
G1 X157.161214 Y174.024167 Z15.863143 E0.171173
G1 X156.752396 Y174.525471 Z16.402383 E0.175063
G1 X156.319016 Y174.995211 Z16.856427 E0.162971
G1 F240 X155.8442 Y175.402324 Z17.133967 E0.142242
G1 X155.319316 Y175.726962 Z17.179515 E0.128643
G1 E-1.5
G4 P1500 ; dejar cuajar el ápice del arco
G1 E1.5
G1 X154.745452 Y175.964728 Z16.98467 E0.13533
G1 F480 X154.132846 Y176.127766 Z16.589822 E0.15525
G1 X153.498477 Y176.242472 Z16.07595 E0.171374
G1 X152.862374 Y176.344239 Z15.548192 E0.173113
G1 X152.243449 Y176.470295 Z15.114506 E0.159272
G1 X151.655717 Y176.652085 Z14.863753 E0.359063
G1 X151.105672 Y176.908734 Z14.84767 E0.328171
G1 X150.591298 Y177.242982 Z15.070363 E0.135661
G1 X150.102879 Y177.640448 Z15.487478 E0.157014
G1 X149.625327 Y178.072381 Z16.015202 E0.173064
G1 X149.141514 Y178.5014 Z16.54727 E0.174074
G1 X148.635874 Y178.889064 Z16.976538 E0.159703
G1 F240 X148.097505 Y179.20374 Z17.216725 E0.138912
G1 E-1.5
G4 P1500 ; dejar cuajar el ápice del arco
G1 E1.5
G1 X147.522175 Y179.427131 Z17.219926 E0.128298
G1 E-1.5
G4 P1500 ; dejar cuajar el ápice del arco
G1 E1.5
G1 F480 X146.912849 Y179.558151 Z16.986335 E0.13836
G1 X146.278716 Y179.613287 Z16.564203 E0.158771
G1 X145.63298 Y179.623366 Z16.040049 E0.172901
G1 X144.989947 Y179.627358 Z15.521098 E0.171774
G1 X144.36204 Y179.664455 Z15.113518 E0.155805
G1 X143.757383 Y179.76605 Z14.900875 E0.350748
G1 X143.178412 Y179.949245 Z14.927168 E0.328519
G1 X142.621757 Y180.213252 Z15.187905 E0.139067
G1 X142.079342 Y180.539421 Z15.63101 E0.160609
G1 X141.540395 Y180.89494 Z16.167393 E0.174488
G1 X140.993891 Y181.239445 Z16.689034 E0.172607
G1 F240 X140.430885 Y181.533229 Z17.090905 E0.156223
G1 X139.846231 Y181.745357 Z17.292284 E0.135896
G1 E-1.5
G4 P1500 ; dejar cuajar el ápice del arco
G1 E1.5
G1 X139.239377 Y181.860034 Z17.253144 E0.12864
G1 E-1.5
G4 P1500 ; dejar cuajar el ápice del arco
G1 E1.5
G1 F480 X138.614115 Y181.879905 Z16.982272 E0.14171
G1 X137.977417 Y181.825608 Z16.535485 E0.162083
G1 X137.337683 Y181.731634 Z16.004307 E0.173951
G1 X136.702817 Y181.639341 Z15.497387 E0.169968
G1 X136.07858 Y181.588532 Z15.118453 E0.152168
G1 X135.467561 Y181.609319 Z14.945255 E0.343436
G1 X134.86896 Y181.715937 Z15.013788 E0.330703
G1 X134.279147 Y181.90378 Z15.310987 E0.142738
G1 X133.692831 Y182.150284 Z15.777374 E0.163952
G1 X133.104498 Y182.419466 Z16.319136 E0.175418
G1 X132.509767 Y182.669244 Z16.82716 E0.170684
G1 F240 X131.906334 Y182.860006 Z17.199181 E0.152604
G1 X131.294308 Y182.962694 Z17.360537 E0.133293
G1 E-1.5
G4 P1500 ; dejar cuajar el ápice del arco
G1 E1.5
G1 X130.675903 Y182.964741 Z17.279323 E0.129656
G1 F480 X130.054603 Y182.872682 Z16.972865 E0.145276
G1 X129.43406 Y182.710823 Z16.504203 E0.165116
G1 X128.817024 Y182.51631 Z15.969301 E0.174503
G1 X128.204596 Y182.331564 Z15.477564 E0.167724
G1 X127.596002 Y182.195642 Z15.129637 E0.148441
G1 X126.988928 Y182.136262 Z14.996978 E0.337383
G1 X126.380321 Y182.164159 Z15.107355 E0.128709
G1 X125.767436 Y182.270906 Z15.439208 E0.146571
G1 X125.148813 Y182.430638 Z15.926029 E0.166975
G1 X124.524924 Y182.605332 Z16.469854 E0.175837
G1 X123.898277 Y182.752569 Z16.961155 E0.168333
G1 F240 X123.272926 Y182.83418 Z17.301058 E0.148927
G1 X122.65348 Y182.824018 Z17.421422 E0.131193
G1 E-1.5
G4 P1500 ; dejar cuajar el ápice del arco
G1 E1.5
G1 X122.043858 Y182.713252 Z17.29866 E0.131304
G1 F480 X121.446095 Y182.512139 Z16.958531 E0.148955
G1 X120.859548 Y182.247886 Z16.47091 E0.167806
G1 X120.280717 Y181.959079 Z15.935607 E0.174542
G1 X119.703809 Y181.687792 Z15.462109 E0.165077
G1 X119.121944 Y181.471022 Z15.14736 E0.144713
G1 X118.528764 Y181.333178 Z15.056084 E0.332819
G1 X117.920078 Y181.281163 Z15.207649 E0.130842
G1 X117.295132 Y181.303038 Z15.572137 E0.150461
G1 X116.657176 Y181.370532 Z16.076415 E0.169625
G1 X116.013119 Y181.444863 Z16.618977 E0.175739
G1 X115.372288 Y181.484679 Z17.09055 E0.165602
G1 F240 X114.74452 Y181.45448 Z17.396266 E0.145285
G1 X114.137963 Y181.331808 Z17.474921 E0.129676
G1 E-1.5
G4 P1500 ; dejar cuajar el ápice del arco
G1 E1.5
G1 X113.557102 Y181.111749 Z17.311394 E0.133521
G1 F480 X113.001454 Y180.807837 Z16.939716 E0.152651
G1 X112.465307 Y180.449193 Z16.436168 E0.170108
G1 X111.938602 Y180.074522 Z15.90379 E0.174073
G1 X111.408872 Y179.724183 Z15.451476 E0.162082
G1 X110.863833 Y179.431988 Z15.171872 E0.366818
G1 X110.294118 Y179.218378 Z15.122567 E0.329928
G1 X109.695539 Y179.086376 Z15.314412 E0.133515
G1 X109.070342 Y179.021105 Z15.709313 E0.154316
G1 X108.42714 Y178.99296 Z16.227964 E0.171859
G1 X107.779434 Y178.963738 Z16.765944 E0.175134
G1 X107.143003 Y178.894479 Z17.214907 E0.162544
G1 F240 X106.532636 Y178.753386 Z17.484577 E0.141779
G1 X105.958924 Y178.522223 Z17.521063 E0.128801
G1 E-1.5
G4 P1500 ; dejar cuajar el ápice del arco
G1 E1.5
G1 X105.425776 Y178.199898 Z17.317804 E0.136227
G1 F480 X104.929266 Y177.8025 Z16.916896 E0.156277
G1 X104.458048 Y177.359992 Z16.40055 E0.171982
G1 X103.995464 Y176.909903 Z15.874405 E0.173099
G1 X103.522896 Y176.489563 Z15.44609 E0.158785
G1 X103.023618 Y176.128596 Z15.203379 E0.357894
G1 X102.486406 Y175.843077 Z15.196375 E0.328834
G1 X101.908259 Y175.632248 Z15.427342 E0.136638
G1 X101.295352 Y175.478968 Z15.850247 E0.15804
;WIDTH:1.250
; LINE_WIDTH: 1.250
;Z:17.497
;HEIGHT:2.318
G1 X101.264183 Y175.534385 Z15.848069 E0.013225
G1 X100.630614 Y175.40798 Z16.376202 E0.173463
G1 X99.996597 Y175.273203 Z16.904587 E0.173838
G1 X99.383587 Y175.094903 Z17.326824 E0.159111
G1 F240 X98.810113 Y174.846111 Z17.558057 E0.138552
G1 E-1.5
G4 P1500 ; dejar cuajar el ápice del arco
G1 E1.5
G1 X98.287811 Y174.513372 Z17.552194 E0.12874
G1 E-1.5
G4 P1500 ; dejar cuajar el ápice del arco
G1 E1.5
G1 F480 X97.818789 Y174.09922 Z17.311266 E0.139378
G1 X97.394874 Y173.621438 Z16.885012 E0.159628
G1 X96.999002 Y173.109214 Z16.360784 E0.173162
G1 X96.608446 Y172.597154 Z15.845818 E0.17141
G1 X96.199543 Y172.11799 Z15.445472 E0.155154
G1 X95.752562 Y171.696077 Z15.241839 E0.349965
G1 X95.255945 Y171.342622 Z15.277089 E0.330002
G1 X94.708964 Y171.053664 Z15.544908 E0.140129
G1 X94.122171 Y170.811184 Z15.991779 E0.161397
G1 X93.515531 Y170.587009 Z16.527847 E0.17462
G1 X92.914525 Y170.348736 Z17.045151 E0.172122
G1 F240 X92.345005 Y170.066375 Z17.439541 E0.155508
G1 X91.827854 Y169.71838 Z17.631812 E0.1356
G1 E-1.5
G4 P1500 ; dejar cuajar el ápice del arco
G1 E1.5
G1 X91.374527 Y169.295857 Z17.583781 E0.129208
G1 E-1.5
G4 P1500 ; dejar cuajar el ápice del arco
G1 E1.5
G1 F480 X90.98448 Y168.804088 Z17.306036 E0.142681
G1 X90.64501 Y168.261179 Z16.855789 E0.162717
G1 X90.333627 Y167.694118 Z16.32526 E0.173919
G1 X90.022509 Y167.133131 Z15.822967 E0.169365
G1 X89.684154 Y166.605508 Z15.451693 E0.151438
G1 X89.297098 Y166.130155 Z15.287632 E0.342975
G1 X88.850482 Y165.713981 Z15.364922 E0.127914
G1 X88.346529 Y165.350801 Z15.668717 E0.143744
G1 X87.800336 Y165.022927 Z16.138198 E0.164503
G1 X87.237017 Y164.705051 Z16.678921 E0.175252
G1 X86.686716 Y164.369559 Z17.181981 E0.169958
G1 F240 X86.178482 Y163.992196 Z17.546118 E0.151806
G1 X85.734278 Y163.556891 Z17.698268 E0.133099
G1 E-1.5
G4 P1500 ; dejar cuajar el ápice del arco
G1 E1.5
G1 X85.364323 Y163.058797 Z17.60839 E0.130324
G1 F480 X85.064813 Y162.50497 Z17.295566 E0.146149
G1 X84.818488 Y161.912613 Z16.824126 E0.165496
G1 X84.597982 Y161.305312 Z16.290595 E0.174181
G1 X84.371377 Y160.708045 Z15.804096 E0.166918
G1 X84.108607 Y160.142185 Z15.464209 E0.14769
G1 X83.787678 Y159.621295 Z15.340757 E0.337338
G1 X83.399363 Y159.148616 Z15.459636 E0.129543
G1 X82.949289 Y158.71675 Z15.797559 E0.14747
G1 X82.457017 Y158.309502 Z16.286781 E0.167275
G1 X81.952055 Y157.905567 Z16.828851 E0.175405
G1 X81.468197 Y157.482855 Z17.314591 E0.167433
G1 F240 X81.036541 Y157.023069 Z17.646256 E0.148123
G1 X80.679049 Y156.515305 Z17.757371 E0.131138
G1 E-1.5
G4 P1500 ; dejar cuajar el ápice del arco
G1 E1.5
G1 X80.403915 Y155.958015 Z17.626226 E0.132041
G1 F480 X80.203937 Y155.35887 Z17.280277 E0.149706
G1 X80.057543 Y154.733034 Z16.790578 E0.167969
G1 X79.933133 Y154.099778 Z16.257358 E0.174023
G1 X79.795483 Y153.478416 Z15.789678 E0.164178
G1 X79.612954 Y152.884389 Z15.483299 E0.144029
G1 X79.363863 Y152.326398 Z15.401243 E0.333231
G1 X79.041191 Y151.804853 Z15.561004 E0.131743
G1 X78.654174 Y151.312165 Z15.930998 E0.151253
G1 X78.226595 Y150.834642 Z16.43697 E0.169755
G1 X77.792071 Y150.355556 Z16.977071 E0.175165
G1 X77.387266 Y149.858695 Z17.442521 E0.164653
G1 F240 X77.044417 Y149.33165 Z17.739694 E0.144565
G1 X76.784684 Y148.768171 Z17.809116 E0.129783
G1 E-1.5
G4 P1500 ; dejar cuajar el ápice del arco
G1 E1.5
G1 X76.613717 Y148.169153 Z17.637537 E0.134316
G1 F480 X76.520362 Y147.542107 Z17.260622 E0.153317
G1 X76.478803 Y146.899293 Z16.755708 E0.170138
G1 X76.453724 Y146.254984 Z16.226112 E0.173453
G1 X76.407474 Y145.622446 Z15.780161 E0.16117
G1 X76.307756 Y145.0113 Z15.509204 E0.365317
G1 X76.134286 Y144.425778 Z15.469075 E0.330769
G1 X75.883044 Y143.864197 Z15.668758 E0.134457
G1 X75.567212 Y143.319692 Z16.068567 E0.155015
G1 X75.214607 Y142.781979 Z16.588196 E0.171857
G1 X74.86209 Y142.239723 Z17.123022 E0.174461
G1 X74.548091 Y141.682971 Z17.565339 E0.161584
G1 F240 X74.304764 Y141.105134 Z17.826213 E0.141166
G1 X74.151381 Y140.504121 Z17.853539 E0.129066
G1 E-1.5
G4 P1500 ; dejar cuajar el ápice del arco
G1 E1.5
G1 X74.090325 Y139.882448 Z17.642611 E0.137055
G1 F480 X74.106516 Y139.246357 Z17.237078 E0.156851
G1 X74.170406 Y138.604203 Z16.720087 E0.171887
G1 X74.243957 Y137.964522 Z16.197407 E0.172399
G1 X74.288369 Y137.334207 Z15.775959 E0.157888
G1 X74.272007 Y136.717201 Z15.542121 E0.356733
G1 X74.176898 Y136.113941 Z15.544192 E0.330077
G1 X74.002449 Y135.521641 Z15.782592 E0.137589
G1 X73.765634 Y134.935255 Z16.209776 E0.158643
G1 X73.497589 Y134.34888 Z16.739883 E0.173511
G1 X73.237298 Y133.757214 Z17.266163 E0.173273
G1 X73.023666 Y133.156732 Z17.682645 E0.158269
G1 F240 X72.887576 Y132.546326 Z17.905638 E0.138021
G1 E-1.5
G4 P1500 ; dejar cuajar el ápice del arco
G1 E1.5
G1 X72.845577 Y131.927298 Z17.890725 E0.129014
G1 E-1.5
G4 P1500 ; dejar cuajar el ápice del arco
G1 E1.5
G1 F480 X72.896478 Y131.302749 Z17.641773 E0.140163
G1 X73.021532 Y130.676571 Z17.210149 E0.160218
G1 X73.188399 Y130.052316 Z16.684294 E0.173182
G1 X73.357538 Y129.432268 Z16.171777 E0.170881
G1 X73.490254 Y128.816925 Z15.777457 E0.15441
G1 X73.556632 Y128.205017 Z15.582204 E0.349
G1 X73.541741 Y127.594045 Z15.626488 E0.331181
G1 X73.448389 Y126.98117 Z15.90216 E0.141038
G1 X73.2968 Y126.364202 Z16.354111 E0.162075
G1 X73.120503 Y125.7424 Z16.891454 E0.174721
G1 X72.959484 Y125.116867 Z17.405969 E0.171664
G1 F240 X72.85192 Y124.490384 Z17.794073 E0.154819
G1 X72.826671 Y123.866756 Z17.977836 E0.13525
G1 E-1.5
G4 P1500 ; dejar cuajar el ápice del arco
G1 E1.5
G1 X72.897247 Y123.249773 Z17.920802 E0.129636
G1 E-1.5
G4 P1500 ; dejar cuajar el ápice del arco
G1 E1.5
G1 F480 X73.059049 Y122.642077 Z17.635386 E0.14356
G1 X73.290309 Y122.044245 Z17.180357 E0.163409
G1 X73.556557 Y121.454355 Z16.648907 E0.174083
G1 X73.817694 Y120.86818 Z16.149738 E0.169002
G1 X74.035978 Y120.28001 Z15.785001 E0.150853
G1 X74.183806 Y119.683968 Z15.629563 E0.342374
G1 X74.24932 Y119.075511 Z15.715812 E0.128472
G1 X74.238813 Y118.452756 Z16.027083 E0.144742
G1 X74.175431 Y117.817274 Z16.50104 E0.165322
G1 X74.094416 Y117.174123 Z17.042331 E0.175554
G1 X74.035913 Y116.531028 Z17.541935 E0.169721
G1 F240 X74.036779 Y115.896859 Z17.899294 E0.151318
G1 X74.123087 Y115.279682 Z18.042719 E0.132931
G1 E-1.5
G4 P1500 ; dejar cuajar el ápice del arco
G1 E1.5
G1 X74.304847 Y114.684838 Z17.94394 E0.130918
G1 F480 X74.573998 Y114.11348 Z17.623847 E0.147189
G1 X74.906104 Y113.561957 Z17.148244 E0.166388
G1 X75.265377 Y113.022249 Z16.614499 E0.174572
G1 X75.612 Y112.483431 Z16.131782 E0.166753
G1 X75.910239 Y111.933902 Z15.798904 E0.147246
G1 X76.135689 Y111.363924 Z15.684265 E0.337028
G1 X76.280186 Y110.767934 Z15.811973 E0.130216
G1 X76.353381 Y110.146078 Z16.156948 E0.148609
G1 X76.380701 Y109.50459 Z16.650015 E0.168286
G1 X76.398078 Y108.85485 Z17.191942 E0.175916
G1 X76.444581 Y108.211249 Z17.67358 E0.167383
G1 F240 X76.554452 Y107.58827 Z17.998017 E0.147787
G1 X76.750157 Y106.997372 Z18.100245 E0.131129
G1 E-1.5
G4 P1500 ; dejar cuajar el ápice del arco
G1 E1.5
G1 X77.037912 Y106.444361 Z17.960356 E0.132812
G1 F480 X77.406501 Y105.927829 Z17.607583 E0.150923
G1 X77.829677 Y105.439075 Z17.114364 E0.169036
G1 X78.271593 Y104.96359 Z16.581642 E0.174562
G1 X78.694077 Y104.483836 Z16.118378 E0.164113
G1 X79.064574 Y103.982937 Z15.819436 E0.14365
G1 X79.362644 Y103.448291 Z15.746328 E0.333189
G1 X79.58398 Y102.874459 Z15.914733 E0.132558
G1 X79.741114 Y102.264665 Z16.291312 E0.152524
G1 X79.860748 Y101.630535 Z16.800474 E0.170873
G1 X79.978237 Y100.990056 Z17.339722 E0.175751
G1 X80.130128 Y100.363956 Z17.80045 E0.164648
G1 F240 X80.346806 Y99.771501 Z18.089989 E0.144288
G1 X80.646434 Y99.226415 Z18.150415 E0.129909
G1 E-1.5
G4 P1500 ; dejar cuajar el ápice del arco
G1 E1.5
G1 X81.031333 Y98.733749 Z17.970305 E0.135248
G1 F480 X81.487603 Y98.288434 Z17.587054 E0.154636
G1 X81.988336 Y97.876112 Z17.079285 E0.171239
G1 X82.49917 Y97.475784 Z16.550895 E0.173972
G1 X82.985312 Y97.063964 Z16.109966 E0.161067
G1 X83.418627 Y96.619555 Z15.846828 E0.364373
G1 X83.783342 Y96.128423 Z15.815727 E0.331059
G1 X84.078934 Y95.586521 Z16.023817 E0.135412
G1 X84.32001 Y95.001073 Z16.429703 E0.156337
G1 X84.533093 Y94.389426 Z16.951847 E0.172944
G1 X84.751044 Y93.775748 Z17.485116 E0.174972
G1 X85.006287 Y93.186207 Z17.922119 E0.161513
G1 F240 X85.324238 Y92.643587 Z18.175001 E0.140908
G1 X85.718269 Y92.162471 Z18.193279 E0.129329
G1 E-1.5
G4 P1500 ; dejar cuajar el ápice del arco
G1 E1.5
G1 F480 X86.187207 Y91.745993 Z17.974083 E0.138109
G1 X86.71583 Y91.384892 Z17.562741 E0.158182
G1 X87.278203 Y91.059131 Z17.043579 E0.172914
G1 X87.843128 Y90.741787 Z16.522804 E0.172806
G1 X88.380553 Y90.404484 Z16.106954 E0.157703
G1 X88.86763 Y90.023247 Z15.881269 E0.355862
G1 X89.293176 Y89.583599 Z15.892393 E0.330754
G1 X89.659685 Y89.083781 Z16.138909 E0.138657
G1 X89.982518 Y88.53543 Z16.571626 E0.159964
G1 X90.2865 Y87.96147 Z17.103558 E0.174515
G1 X90.600667 Y87.391633 Z17.627586 E0.173675
G1 F240 X90.952281 Y86.856465 Z18.038195 E0.158127
G1 X91.361342 Y86.381038 Z18.252887 E0.137804
G1 E-1.5
G4 P1500 ; dejar cuajar el ápice del arco
G1 E1.5
G1 X91.836701 Y85.979668 Z18.22893 E0.129425
G1 E-1.5
G4 P1500 ; dejar cuajar el ápice del arco
G1 E1.5
G1 F480 X92.374528 Y85.652756 Z17.972025 E0.141314
G1 X92.959395 Y85.386446 Z17.535154 E0.161535
G1 X93.567684 Y85.155218 Z17.007824 E0.174115
G1 X94.172571 Y84.926953 Z16.497901 E0.171168
G1 X94.749528 Y84.669447 Z16.109719 E0.154147
G1 X95.281218 Y84.357056 Z15.922903 E0.348255
G1 X95.760786 Y83.976109 Z15.976209 E0.332271
G1 X96.192937 Y83.52794 Z16.259658 E0.142202
G1 X96.592633 Y83.028866 Z16.716562 E0.163364
G1 X96.981743 Y82.507083 Z17.255029 E0.175604
G1 X97.38439 Y81.99706 Z17.766611 E0.171918
G1 F240 X97.821985 Y81.532546 Z18.14832 E0.15458
G1 X98.308962 Y81.139628 Z18.323524 E0.135076
G1 E-1.5
G4 P1500 ; dejar cuajar el ápice del arco
G1 E1.5
G1 X98.85007 Y80.831262 Z18.257504 E0.130192
G1 F480 X99.439727 Y80.604426 Z17.964499 E0.144769
G1 X100.06349 Y80.440526 Z17.504818 E0.164636
G1 X100.701279 Y80.309018 Z16.972598 E0.174829
G1 X101.33164 Y80.173527 Z16.476696 E0.169088
G1 X101.936127 Y79.999258 Z16.118601 E0.150478
G1 X102.502916 Y79.760163 Z15.971832 E0.34181
G1 X103.028934 Y79.444412 Z16.067016 E0.129059
G1 X103.520116 Y79.056995 Z16.385676 E0.145942
G1 X103.989821 Y78.618903 Z16.863977 E0.166472
G1 X104.455797 Y78.163008 Z17.405683 E0.176195
G1 X104.93637 Y77.727462 Z17.901691 E0.169731
G1 F240 X105.446687 Y77.347933 Z18.252172 E0.15095
G1 X105.995762 Y77.05027 Z18.386832 E0.132816
G1 E-1.5
G4 P1500 ; dejar cuajar el ápice del arco
G1 E1.5
G1 X106.584916 Y76.845116 Z18.279182 E0.1316
G1 F480 X107.207862 Y76.725581 Z17.95191 E0.148374
G1 X107.852346 Y76.668493 Z17.472279 E0.167423
G1 X108.502931 Y76.639005 Z16.938475 E0.175045
G1 X109.144296 Y76.59763 Z16.459677 E0.1666
G1 X109.764344 Y76.508299 Z16.133903 E0.14678
G1 X110.356481 Y76.345778 Z16.028111 E0.336762
G1 X110.920636 Y76.10093 Z16.164612 E0.130954
G1 X111.462878 Y75.78271 Z16.516543 E0.149778
G1 X111.993783 Y75.41648 Z17.013317 E0.169233
G1 X112.525958 Y75.038938 Z17.554949 E0.17628
G1 X113.071305 Y74.690697 Z18.03235 E0.167154
G1 F240 X113.638592 Y74.408004 Z18.349467 E0.147327
G1 X114.231841 Y74.215307 Z18.44278 E0.131107
G1 E-1.5
G4 P1500 ; dejar cuajar el ápice del arco
G1 E1.5
G1 X114.849818 Y74.12019 Z18.294189 E0.133595
G1 F480 X115.486669 Y74.11172 Z17.934693 E0.152032
G1 X116.13348 Y74.16259 Z17.438095 E0.169844
G1 X116.780374 Y74.234615 Z16.906023 E0.174759
G1 X117.418663 Y74.286482 Z16.447307 E0.163751
G1 X118.042563 Y74.282178 Z16.155887 E0.143147
G1 X118.650154 Y74.198381 Z16.09175 E0.333305
G1 X119.243417 Y74.029274 Z16.268752 E0.133411
G1 X119.827403 Y73.78781 Z16.651811 E0.153614
G1 X120.408807 Y73.503137 Z17.16402 E0.171599
G1 X120.994296 Y73.214711 Z17.702263 E0.17586
G1 X121.588994 Y72.964271 Z18.15814 E0.164236
G1 F240 X122.195481 Y72.787335 Z18.439964 E0.143804
G1 X122.813465 Y72.705933 Z18.49138 E0.130014
G1 E-1.5
G4 P1500 ; dejar cuajar el ápice del arco
G1 E1.5
G1 X123.440187 Y72.724079 Z18.30279 E0.136103
G1 F480 X124.071373 Y72.826919 Z17.913312 E0.155652
G1 X124.70248 Y72.983719 Z17.402833 E0.171856
G1 X125.329884 Y73.154114 Z16.8758 E0.173975
G1 X125.951725 Y73.296322 Z16.440019 E0.160592
G1 X126.568207 Y73.375668 Z16.184775 E0.363165
G1 X127.181297 Y73.371656 Z16.162714 E0.331583
G1 X127.793949 Y73.282163 Z16.379152 E0.136344
G1 X128.40907 Y73.123879 Z16.791001 E0.157362
G1 X129.028532 Y72.928906 Z17.315514 E0.173531
G1 X129.652501 Y72.738223 Z17.847076 E0.174944
G1 X130.279286 Y72.593327 Z18.278642 E0.161034
G1 F240 X130.905747 Y72.52778 Z18.523462 E0.14048
G1 X131.52817 Y72.560379 Z18.532688 E0.129578
G1 E-1.5
G4 P1500 ; dejar cuajar el ápice del arco
G1 E1.5
G1 F480 X132.143382 Y72.691342 Z18.305288 E0.139036
G1 X132.749793 Y72.902286 Z17.888254 E0.15915
G1 X133.348078 Y73.159999 Z17.367068 E0.173423
G1 X133.941285 Y73.423226 Z16.848348 E0.172706
G1 X134.53428 Y73.651085 Z16.438214 E0.157187
G1 X135.13265 Y73.811386 Z16.220747 E0.354841
G1 X135.74128 Y73.88716 Z16.240923 E0.331669
G1 X136.362968 Y73.880066 Z16.495487 E0.139656
G1 X136.997432 Y73.809995 Z16.933614 E0.160941
G1 X137.640983 Y73.710964 Z17.467222 E0.174999
G1 X138.287022 Y73.624135 Z17.988851 E0.173549
G1 F240 X138.927296 Y73.58942 Z18.393472 E0.157612
G1 X139.553677 Y73.637358 Z18.599804 E0.137454
G1 E-1.5
G4 P1500 ; dejar cuajar el ápice del arco
G1 E1.5
G1 X140.160072 Y73.782946 Z18.566809 E0.129818
G1 E-1.5
G4 P1500 ; dejar cuajar el ápice del arco
G1 E1.5
G1 F480 X140.744029 Y74.022658 Z18.302025 E0.142297
G1 X141.307624 Y74.335244 Z17.860033 E0.16245
G1 X141.857371 Y74.686143 Z17.331378 E0.17452
G1 X142.403109 Y75.034573 Z16.824195 E0.170973
G1 X142.95603 Y75.341855 Z16.442263 E0.153606
G1 X143.526267 Y75.579256 Z16.263938 E0.347477
G1 X144.120528 Y75.733764 Z16.326252 E0.333568
G1 X144.740342 Y75.810629 Z16.617399 E0.143245
G1 X145.381338 Y75.832163 Z17.079127 E0.164279
G1 X146.033784 Y75.83309 Z17.618566 E0.175981
G1 X146.684347 Y75.853392 Z18.127072 E0.171699
G1 F240 X147.318761 Y75.930146 Z18.502278 E0.154046
G1 X147.924848 Y76.09001 Z18.668875 E0.134824
G1 E-1.5
G4 P1500 ; dejar cuajar el ápice del arco
G1 E1.5
G1 X148.495274 Y76.343888 Z18.593889 E0.130725
G1 F480 X149.029396 Y76.684841 Z18.29338 E0.145786
G1 X149.533757 Y77.089647 Z17.829179 E0.165484
G1 X150.021062 Y77.523652 Z17.29634 E0.175128
G1 X150.507757 Y77.94791 Z16.803847 E0.168804
G1 X151.010689 Y78.327117 Z16.452497 E0.149928
G1 X151.543511 Y78.636739 Z16.314438 E0.341325
G1 X152.113601 Y78.867875 Z16.418532 E0.129696
G1 X152.720184 Y79.028892 Z16.744492 E0.147008
G1 X153.354108 Y79.143538 Z17.227001 E0.167313
G1 X153.999396 Y79.245948 Z17.768971 E0.176464
G1 X154.636319 Y79.373589 Z18.261243 E0.169428
G1 F240 X155.245396 Y79.559621 Z18.604748 E0.150416
G1 X155.811502 Y79.826207 Z18.730607 E0.13268
G1 E-1.5
G4 P1500 ; dejar cuajar el ápice del arco
G1 E1.5
G1 X156.327221 Y80.180152 Z18.614118 E0.132261
G1 F480 X156.794688 Y80.611703 Z18.279762 E0.149404
G1 X157.225498 Y81.096738 Z17.79624 E0.168193
G1 X157.638597 Y81.601834 Z17.262527 E0.175236
G1 X158.056564 Y82.091167 Z16.787786 E0.166239
G1 X158.500987 Y82.533797 Z16.469209 E0.146242
G1 X158.987888 Y82.909862 Z16.372295 E0.336614
G1 X159.524174 Y83.214435 Z16.517552 E0.131713
G1 X160.105876 Y83.45829 Z16.876341 E0.150846
G1 X160.718615 Y83.665467 Z17.376682 E0.16999
G1 X161.340266 Y83.868186 Z17.917866 E0.176441
G1 X161.945327 Y84.100174 Z18.390896 E0.166777
G1 F240 X162.510117 Y84.389798 Z18.700606 E0.146813
G1 X163.017757 Y84.7544 Z18.784978 E0.131102
G1 E-1.5
G4 P1500 ; dejar cuajar el ápice del arco
G1 E1.5
G1 X163.46186 Y85.196961 Z18.627728 E0.134368
G1 F480 X163.848147 Y85.705741 Z18.261612 E0.153056
G1 X164.193569 Y86.256912 Z17.761776 E0.170527
G1 X164.523075 Y86.819599 Z17.230507 E0.174843
G1 X164.864623 Y87.362253 Z16.776469 E0.163322
G1 X165.243443 Y87.859047 Z16.492656 E0.370871
G1 X165.67672 Y88.294979 Z16.437508 E0.333526
G1 X166.169821 Y88.668686 Z16.623059 E0.134275
G1 X166.714893 Y88.992428 Z17.01249 E0.154664
G1 X167.292163 Y89.289304 Z17.527602 E0.172263
G1 X167.873755 Y89.588337 Z18.06469 E0.175914
G1 X168.429269 Y89.918452 Z18.515587 E0.163797
G1 F240 X168.931996 Y90.302612 Z18.789618 E0.14333
G1 X169.364521 Y90.753294 Z18.832009 E0.130149
G1 E-1.5
G4 P1500 ; dejar cuajar el ápice del arco
G1 E1.5
G1 X169.722495 Y91.270199 Z18.634994 E0.13697
G1 F480 X170.015796 Y91.840605 Z18.239401 E0.156651
G1 X170.266759 Y92.442237 Z17.726358 E0.172444
G1 X170.505797 Y93.048002 Z17.200832 E0.173955
G1 X170.765264 Y93.631589 Z16.770324 E0.160109
G1 X171.07281 Y94.172757 Z16.523048 E0.361996
G1 X171.445576 Y94.661264 Z16.510033 E0.33219
G1 X171.886468 Y95.098651 Z16.734759 E0.137292
G1 X172.383298 Y95.497588 Z17.152457 E0.158377
G1 X172.91103 Y95.878979 Z17.679191 E0.174096
G1 X173.436713 Y96.267477 Z18.208896 E0.174895
G1 X173.926132 Y96.686365 Z18.634905 E0.160547
G1 F240 X174.350819 Y97.152872 Z18.871594 E0.140067
G1 E-1.5
G4 P1500 ; dejar cuajar el ápice del arco
G1 E1.5
G1 X174.693994 Y97.67486 Z18.871767 E0.129859
G1 E-1.5
G4 P1500 ; dejar cuajar el ápice del arco
G1 E1.5
G1 F480 X174.954184 Y98.249522 Z18.636228 E0.139975
G1 X175.145741 Y98.864282 Z18.213621 E0.160108
G1 X175.296111 Y99.499663 Z17.69056 E0.173911
G1 X175.440367 Y100.133454 Z17.174044 E0.172586
G1 X175.614091 Y100.745292 Z16.769744 E0.156665
G1 X175.846068 Y101.320713 Z16.560557 E0.353871
G1 X176.152274 Y101.853847 Z16.589779 E0.332667
G1 X176.532421 Y102.348272 Z16.852321 E0.140665
G1 X176.969814 Y102.815907 Z17.295736 E0.161905
G1 X177.434572 Y103.274248 Z17.83087 E0.175461
G1 X177.889595 Y103.742578 Z18.349953 E0.173402
G1 F240 X178.298095 Y104.23796 Z18.748472 E0.157093
G1 X178.63113 Y104.771858 Z18.946386 E0.137124
G1 E-1.5
G4 P1500 ; dejar cuajar el ápice del arco
G1 E1.5
G1 X178.873626 Y105.348036 Z18.904365 E0.130242
G1 E-1.5
G4 P1500 ; dejar cuajar el ápice del arco
G1 E1.5
G1 F480 X179.027597 Y105.962133 Z18.631779 E0.143287
G1 X179.111904 Y106.602909 Z18.184791 E0.163351
G1 X179.158547 Y107.254849 Z17.654961 E0.174903
G1 X179.206223 Y107.90152 Z17.150664 E0.170759
G1 X179.292455 Y108.528949 Z16.775091 E0.153062
G1 X179.445891 Y109.128331 Z16.605308 E0.34676
G1 X179.680351 Y109.697534 Z16.676614 E0.128824
G1 X179.991867 Y110.241151 Z16.975377 E0.144294
G1 X180.359352 Y110.769163 Z17.441801 E0.165179
G1 X180.748771 Y111.29456 Z17.982061 E0.176336
G1 X181.120009 Y111.830477 Z18.487346 E0.171462
G1 F240 X181.43503 Y112.387475 Z18.855946 E0.153512
G1 X181.665665 Y112.97151 Z19.013889 E0.134596
G1 E-1.5
G4 P1500 ; dejar cuajar el ápice del arco
G1 E1.5
G1 X181.799439 Y113.583002 Z18.929959 E0.131285
G1 F480 X181.842215 Y114.217116 Z18.622032 E0.146806
G1 X181.817105 Y114.865122 Z18.153443 E0.166316
G1 X181.759843 Y115.516494 Z17.620138 E0.175403
G1 X181.711541 Y116.161223 Z17.131195 E0.168504
G1 X181.710318 Y116.791866 Z16.786689 E0.149381
G1 X181.783488 Y117.404879 Z16.657382 E0.340912
G1 X181.941924 Y118.001022 Z16.770358 E0.130358
G1 X182.177762 Y118.584787 Z17.103526 E0.148074
G1 X182.465919 Y119.163073 Z17.590109 E0.168137
G1 X182.769149 Y119.74344 Z18.13219 E0.17671
G1 X183.045596 Y120.332371 Z18.620588 E0.169109
G1 F240 X183.257323 Y120.933934 Z18.95702 E0.149886
G1 X183.378067 Y121.549116 Z19.074044 E0.132572
G1 E-1.5
G4 P1500 ; dejar cuajar el ápice del arco
G1 E1.5
G1 X183.398632 Y122.17593 Z18.948749 E0.132946
G1 F480 X183.328816 Y122.810206 Z18.607405 E0.150433
G1 X183.195425 Y123.446827 Z18.12013 E0.168945
G1 X183.036871 Y124.081072 Z17.586662 E0.175405
G1 X182.895364 Y124.709727 Z17.116113 E0.165865
G1 X182.808301 Y125.331714 Z16.804825 E0.145713
G1 X182.800606 Y125.948096 Z16.716817 E0.336545
G1 X182.879691 Y126.561514 Z16.870791 E0.132494
G1 X183.033884 Y127.175219 Z17.236336 E0.151911
G1 X183.234789 Y127.792002 Z17.740103 E0.170732
G1 X183.443067 Y128.413296 Z18.280688 E0.176587
G1 X183.616467 Y129.038717 Z18.749213 E0.166396
G1 F240 X183.7184 Y129.666156 Z19.05143 E0.146313
G1 X183.72541 Y130.292398 Z19.126838 E0.131129
G1 E-1.5
G4 P1500 ; dejar cuajar el ápice del arco
G1 E1.5
G1 X183.631949 Y130.914114 Z18.960976 E0.135163
G1 F480 X183.451506 Y131.528926 Z18.588344 E0.154082
G1 X183.213839 Y132.136279 Z18.085414 E0.171205
G1 X182.958878 Y132.737824 Z17.555098 E0.174924
G1 X182.72863 Y133.337217 Z17.105869 E0.1629
G1 X182.558602 Y133.939307 Z16.829743 E0.369612
G1 X182.470579 Y134.548908 Z16.783602 E0.333825
G1 X182.468221 Y135.169454 Z16.97765 E0.135157
G1 X182.536355 Y135.801867 Z17.373345 E0.155721
G1 X182.64411 Y136.443967 Z17.891215 E0.172937
G1 X182.751246 Y137.090618 Z18.426997 E0.175983
G1 X182.816372 Y137.73463 Z18.872787 E0.163381
G1 F240 X182.805374 Y138.368278 Z19.138949 E0.142887
G1 X182.698332 Y138.985085 Z19.172304 E0.13032
G1 E-1.5
G4 P1500 ; dejar cuajar el ápice del arco
G1 E1.5
G1 X182.493529 Y139.581494 Z18.966921 E0.137863
G1 F480 X182.207726 Y140.15798 Z18.565326 E0.157671
G1 X181.872684 Y140.71932 Z18.049865 E0.173056
G1 X181.528637 Y141.27387 Z17.525997 E0.173963
G1 X181.216074 Y141.831956 Z17.100884 E0.159656
G1 X180.967512 Y142.403675 Z16.861648 E0.3609
G1 X180.800926 Y142.996583 Z16.857684 E0.332868
G1 X180.716183 Y143.613772 Z17.090635 E0.13826
G1 X180.695174 Y144.252826 Z17.514064 E0.159418
G1 X180.705606 Y144.905931 Z18.042872 E0.174701
G1 X180.707664 Y145.561199 Z18.570572 E0.174894
G1 X180.662151 Y146.204986 Z18.990903 E0.160106
G1 F240 X180.538457 Y146.824748 Z19.219397 E0.139697
G1 E-1.5
G4 P1500 ; dejar cuajar el ápice del arco
G1 E1.5
G1 X180.320717 Y147.411835 Z19.210517 E0.130177
G1 E-1.5
G4 P1500 ; dejar cuajar el ápice del arco
G1 E1.5
G1 F480 X180.010933 Y147.963594 Z18.966906 E0.14095
G1 X179.628438 Y148.484294 Z18.538849 E0.161109
G1 X179.205832 Y148.984592 Z18.014062 E0.174454
G1 X178.782273 Y149.479582 Z17.499896 E0.172522
G1 X178.395457 Y149.985772 Z17.101545 E0.156189
G1 X178.073974 Y150.517598 Z16.9007 E0.352981
G1 X177.831606 Y151.084217 Z16.938962 E0.333726
G1 X177.664678 Y151.68727 Z17.209407 E0.141703
G1 X177.552974 Y152.32015 Z17.657985 E0.162919
G1 X177.463997 Y152.96899 Z18.194495 E0.17599
G1 X177.359736 Y153.615283 Z18.710886 E0.173327
G1 F240 X177.204437 Y154.239576 Z19.103193 E0.156635
G1 X176.971825 Y154.825527 Z19.292633 E0.136841
G1 E-1.5
G4 P1500 ; dejar cuajar el ápice del arco
G1 E1.5
G1 X176.650344 Y155.363491 Z19.241599 E0.130707
G1 E-1.5
G4 P1500 ; dejar cuajar el ápice del arco
G1 E1.5
G1 F480 X176.245363 Y155.852821 Z18.961289 E0.144324
G1 X175.77785 Y156.302342 Z18.509433 E0.164316
G1 X175.279941 Y156.728848 Z17.97858 E0.17536
G1 X174.7883 Y157.153865 Z17.477313 E0.170613
G1 X174.336625 Y157.599286 Z17.108206 E0.152566
G1 X173.948845 Y158.08276 Z16.947014 E0.346118
G1 X173.634428 Y158.61384 Z17.027293 E0.129376
G1 X173.386673 Y159.191679 Z17.333589 E0.145379
G1 X173.184319 Y159.804854 Z17.804577 E0.166139
G1 X172.996075 Y160.433384 Z18.345506 E0.176767
G1 X172.787127 Y161.052627 Z18.84743 E0.171299
G1 F240 X172.526261 Y161.638259 Z19.209319 E0.153037
G1 X172.192132 Y162.171351 Z19.358565 E0.134414
G1 E-1.5
G4 P1500 ; dejar cuajar el ápice del arco
G1 E1.5
G1 X171.777444 Y162.642461 Z19.265717 E0.131888
G1 F480 X171.290198 Y163.05387 Z18.95046 E0.147877
G1 X170.751817 Y163.419423 Z18.477618 E0.167216
G1 X170.19258 Y163.761965 Z17.943998 E0.175754
G1 X169.645341 Y164.108817 Z17.458744 E0.16827
G1 X169.138832 Y164.486207 Z17.121183 E0.148878
G1 X168.691938 Y164.913782 Z17.000665 E0.340569
G1 X168.310064 Y165.400346 Z17.122491 E0.131047
G1 X167.984324 Y165.941754 Z17.462775 E0.149182
G1 X167.693633 Y166.521441 Z17.953294 E0.169026
G1 X167.409241 Y167.113548 Z18.495333 E0.177034
G1 X167.100728 Y167.688054 Z18.979721 E0.168862
G1 F240 X166.742207 Y168.216881 Z19.308986 E0.149412
G1 X166.317479 Y168.679744 Z19.417143 E0.132509
G1 E-1.5
G4 P1500 ; dejar cuajar el ápice del arco
G1 E1.5
G1 X165.823107 Y169.068502 Z19.283079 E0.133674
G1 F480 X165.268829 Y169.389089 Z18.934844 E0.151517
G1 X164.67529 Y169.660574 Z18.443956 E0.169768
G1 X164.069613 Y169.911473 Z17.910885 E0.175647
G1 X163.479759 Y170.174037 Z17.444662 E0.16555
G1 X162.928859 Y170.477658 Z17.140752 E0.145221
G1 X162.430667 Y170.842731 Z17.061677 E0.336543
G1 X161.987033 Y171.276273 Z17.224324 E0.133304
G1 X161.587858 Y171.770221 Z17.596524 E0.153019
G1 X161.213481 Y172.302814 Z18.103576 E0.171534
G1 X160.838941 Y172.842841 Z18.643409 E0.176796
G1 X160.439206 Y173.355911 Z19.107299 E0.16607
G1 F240 X159.994216 Y173.811422 Z19.401937 E0.145857
G1 X159.492828 Y174.188945 Z19.468362 E0.131197
G1 E-1.5
G4 P1500 ; dejar cuajar el ápice del arco
G1 E1.5
G1 X158.934817 Y174.48258 Z19.293934 E0.136
G1 F480 X158.330607 Y174.702412 Z18.914895 E0.155152
G1 X157.698778 Y174.872587 Z18.409013 E0.171933
G1 X157.062116 Y175.026642 Z17.879802 E0.175053
G1 X156.442854 Y175.200719 Z17.435511 E0.162514
G1 X155.858198 Y175.426155 Z17.167152 E0.368422
G1 X155.317003 Y175.722922 Z17.130031 E0.334197
G1 X154.818364 Y176.095487 Z17.332523 E0.136067
G1 X154.352103 Y176.531562 Z17.73437 E0.156811
G1 X153.901204 Y177.004422 Z18.254853 E0.173649
G1 X153.445546 Y177.478202 Z18.789177 E0.176094
G1 X152.966135 Y177.915173 Z19.229736 E0.163003
G1 F240 X152.448885 Y178.283371 Z19.487955 E0.142481
G1 X151.887314 Y178.563267 Z19.512266 E0.130531
G1 E-1.5
G4 P1500 ; dejar cuajar el ápice del arco
G1 E1.5
G1 F480 X151.283554 Y178.751914 Z19.298574 E0.138791
G1 X150.64756 Y178.863736 Z18.891092 E0.158727
G1 X149.994751 Y178.927763 Z18.373361 E0.173711
G1 X149.342636 Y178.981825 Z17.851299 E0.174011
G1 X148.707171 Y179.064887 Z17.431704 E0.159235
G1 X148.099595 Y179.209064 Z17.200576 E0.359877
G1 X147.524389 Y179.432965 Z17.205665 E0.333619
G1 X146.978724 Y179.737734 Z17.446778 E0.139257
G1 X146.453439 Y180.106649 Z17.875819 E0.160496
G1 X145.935272 Y180.508373 Z18.406551 E0.175351
G1 X145.409823 Y180.903238 Z18.932098 E0.174939
G1 F240 X144.864588 Y181.251293 Z19.346634 E0.159708
G1 X144.291422 Y181.520473 Z19.566867 E0.139367
G1 E-1.5
G4 P1500 ; dejar cuajar el ápice del arco
G1 E1.5
G1 X143.687962 Y181.693219 Z19.548939 E0.130537
G1 E-1.5
G4 P1500 ; dejar cuajar el ápice del arco
G1 E1.5
G1 F480 X143.057761 Y181.770191 Z19.297328 E0.141964
G1 X142.409177 Y181.770257 Z18.863941 E0.162155
G1 X141.753331 Y181.726768 Z18.337578 E0.175046
G1 X141.101616 Y181.680824 Z17.825909 E0.172505
G1 X140.463323 Y181.672924 Z17.433622 E0.15575
G1 X139.843875 Y181.734668 Z17.241176 E0.352167
G1 X139.244012 Y181.882244 Z17.288468 E0.334856
G1 X138.660037 Y182.113019 Z17.566742 E0.142773
G1 X138.084995 Y182.405963 Z18.020358 E0.163979
G1 X137.510462 Y182.72585 Z18.558092 E0.176581
G1 X136.928508 Y183.030375 Z19.071646 E0.173317
G1 F240 X136.333385 Y183.278764 Z19.45763 E0.156232
G1 X135.722576 Y183.440061 Z19.638545 E0.136604
G1 E-1.5
G4 P1500 ; dejar cuajar el ápice del arco
G1 E1.5
G1 X135.097051 Y183.499628 Z19.578514 E0.131215
G1 E-1.5
G4 P1500 ; dejar cuajar el ápice del arco
G1 E1.5
G1 F480 X134.460671 Y183.462084 Z19.290559 E0.14541
G1 X133.819005 Y183.350458 Z18.833965 E0.165346
G1 X133.177857 Y183.201549 Z18.302241 E0.175895
G1 X132.541876 Y183.058483 Z17.804145 E0.170539
G1 X131.913587 Y182.961867 Z17.441611 E0.152121
G1 X131.293039 Y182.941509 Z17.289058 E0.345554
G1 X130.678122 Y183.01032 Z17.378288 E0.129955
G1 X130.065423 Y183.16166 Z17.692032 E0.14651
G1 X129.451354 Y183.370615 Z18.167452 E0.167178
G1 X128.833251 Y183.599061 Z18.708898 E0.177293
G1 X128.210139 Y183.803481 Z19.207319 E0.171227
G1 F240 X127.582971 Y183.943805 Z19.562396 E0.152631
G1 X126.954277 Y183.991549 Z19.702904 E0.134282
G1 E-1.5
G4 P1500 ; dejar cuajar el ápice del arco
G1 E1.5
G1 X126.327347 Y183.935683 Z19.601165 E0.132538
G1 F480 X125.705155 Y183.784885 Z19.278668 E0.149015
G1 X125.089357 Y183.565698 Z18.801707 E0.168205
G1 X124.479625 Y183.317136 Z18.267926 E0.176202
G1 X123.873544 Y183.082724 Z17.7865 E0.168117
G1 X123.267111 Y182.901628 Z17.455979 E0.148424
G1 X122.655756 Y182.800687 Z17.344285 E0.340295
G1 X122.035615 Y182.788971 Z17.474928 E0.131764
G1 X121.404757 Y182.855975 Z17.822233 E0.150346
G1 X120.763999 Y182.973801 Z18.316551 E0.170002
G1 X120.117087 Y183.102882 Z18.858397 E0.177457
G1 X119.470122 Y183.200074 Z19.338637 E0.168705
G1 F240 X118.830317 Y183.227441 Z19.660644 E0.149003
G1 X118.204352 Y183.159965 Z19.759903 E0.132493
G1 E-1.5
G4 P1500 ; dejar cuajar el ápice del arco
G1 E1.5
G1 X117.596682 Y182.990591 Z19.61711 E0.134453
G1 F480 X117.008235 Y182.731594 Z19.262084 E0.152671
G1 X116.435832 Y182.412006 Z18.767723 E0.170683
G1 X115.872541 Y182.071646 Z18.235201 E0.175986
G1 X115.308944 Y181.752972 Z17.773438 E0.165313
G1 X114.735107 Y181.492439 Z17.476994 E0.144776
G1 X114.14282 Y181.313121 Z17.406874 E0.336607
G1 X113.527638 Y181.220098 Z17.57815 E0.134146
G1 X112.890207 Y181.199525 Z17.9569 E0.154192
G1 X112.236541 Y181.221567 Z18.467095 E0.172432
G1 X111.57711 Y181.246558 Z19.006024 E0.177112
G1 X110.924858 Y181.233136 Z19.465149 E0.165833
G1 F240 X110.292537 Y181.146659 Z19.752126 E0.145463
G1 X109.689905 Y180.966204 Z19.80955 E0.131312
G1 E-1.5
G4 P1500 ; dejar cuajar el ápice del arco
G1 E1.5
G1 X109.121412 Y180.68872 Z19.626608 E0.136891
G1 F480 X108.5849 Y180.329518 Z19.241268 E0.156302
G1 X108.071683 Y179.919027 Z18.73258 E0.172757
G1 X107.568057 Y179.496493 Z18.204625 E0.175272
G1 X107.057982 Y179.101944 Z17.765398 E0.162192
G1 X106.52643 Y178.768058 Z17.504884 E0.367324
G1 X105.962684 Y178.513605 Z17.476795 E0.334636
G1 X105.362879 Y178.339767 Z17.687674 E0.137018
G1 X104.731197 Y178.230071 Z18.09556 E0.157962
G1 X104.079391 Y178.153915 Z18.618511 E0.174433
G1 X103.424662 Y178.072928 Z19.151227 E0.176268
G1 X102.786265 Y177.94884 Z19.586431 E0.162669
G1 F240 X102.181536 Y177.751259 Z19.836634 E0.142108
G1 X101.622137 Y177.463754 Z19.851895 E0.130783
G1 E-1.5
G4 P1500 ; dejar cuajar el ápice del arco
G1 E1.5
G1 F480 X101.111362 Y177.087037 Z19.629957 E0.139767
G1 X100.643098 Y176.63863 Z19.216705 E0.159824
;WIDTH:1.250
; LINE_WIDTH: 1.250
;Z:19.792
;HEIGHT:2.295
G1 X100.609926 Y176.697607 Z19.19991 E0.014493
G1 X100.167909 Y176.209455 Z18.685133 E0.173756
G1 X99.733436 Y175.717452 Z18.170107 E0.173435
G1 X99.28473 Y175.257595 Z17.760191 E0.158428
G1 X98.802905 Y174.85768 Z17.539415 E0.35885
G1 X98.276055 Y174.531776 Z17.553417 E0.334913
G1 X97.702022 Y174.277572 Z17.800188 E0.140224
G1 X97.089206 Y174.077081 Z18.230476 E0.161139
G1 X96.455185 Y173.900516 Z18.757781 E0.175308
G1 X95.823355 Y173.712513 Z19.275913 E0.174296
G1 F240 X95.21824 Y173.479389 Z19.680546 E0.158891
G1 X94.660423 Y173.175952 Z19.890387 E0.139023
G1 E-1.5
G4 P1500 ; dejar cuajar el ápice del arco
G1 E1.5
G1 X94.162129 Y172.790483 Z19.863678 E0.131077
G1 E-1.5
G4 P1500 ; dejar cuajar el ápice del arco
G1 E1.5
G1 F480 X93.72444 Y172.326901 Z19.606672 E0.142896
G1 X93.33674 Y171.803728 Z19.172363 E0.162708
G1 X92.978607 Y171.250091 Z18.649729 E0.174903
G1 X92.623792 Y170.699655 Z18.145675 E0.171789
G1 X92.245536 Y170.183731 Z17.763334 E0.154925
G1 X91.822128 Y169.724983 Z17.581138 E0.351484
G1 X91.341574 Y169.333013 Z17.636898 E0.336524
G1 X90.804343 Y169.002663 Z17.920126 E0.143715
G1 X90.22361 Y168.715364 Z18.374173 E0.164465
G1 X89.622845 Y168.443164 Z18.907716 E0.176349
G1 X89.031213 Y168.154591 Z19.4133 E0.172539
G1 F240 X88.477672 Y167.821112 Z19.789144 E0.155404
G1 X87.984984 Y167.422852 Z19.9598 E0.136389
G1 E-1.5
G4 P1500 ; dejar cuajar el ápice del arco
G1 E1.5
G1 X87.564869 Y166.952454 Z19.891461 E0.131873
G1 F480 X87.215349 Y166.416294 Z19.598831 E0.146293
G1 X86.920862 Y165.832902 Z19.142133 E0.165733
G1 X86.655212 Y165.228937 Z18.614889 E0.175569
G1 X86.386766 Y164.633615 Z18.12494 E0.169712
G1 X86.084894 Y164.07274 Z17.772557 E0.151319
G1 X85.726327 Y163.563579 Z17.630091 E0.345276
G1 X85.300118 Y163.111592 Z17.727288 E0.130713
G1 X84.810141 Y162.709638 Z18.045253 E0.147394
G1 X84.274583 Y162.339768 Z18.520285 E0.167502
G1 X83.722464 Y161.977156 Z19.056802 E0.176899
G1 X83.187852 Y161.595325 Z19.546746 E0.170363
G1 F240 X82.702941 Y161.17157 Z19.89151 E0.151845
G1 X82.291397 Y160.691457 Z20.021953 E0.13422
G1 E-1.5
G4 P1500 ; dejar cuajar el ápice del arco
G1 E1.5
G1 X81.963347 Y160.151514 Z19.912432 E0.133292
G1 F480 X81.713088 Y159.559624 Z19.586007 E0.149832
G1 X81.520016 Y158.933089 Z19.10976 E0.168448
G1 X81.352651 Y158.294847 Z18.581182 E0.175745
G1 X81.174953 Y157.668657 Z18.108384 E0.167237
G1 X80.953681 Y157.074276 Z17.788156 E0.147694
G1 X80.665278 Y156.523603 Z17.686323 E0.340452
G1 X80.300856 Y156.018552 Z17.824385 E0.132608
G1 X79.868233 Y155.55103 Z18.175151 E0.151161
G1 X79.390556 Y155.104951 Z18.668264 E0.170195
G1 X78.901755 Y154.659805 Z19.204473 E0.176951
G1 X78.439718 Y154.195003 Z19.675781 E0.167808
G1 F240 X78.038568 Y153.69406 Z19.987365 E0.1483
G1 X77.721623 Y153.147799 Z20.076816 E0.132594
G1 E-1.5
G4 P1500 ; dejar cuajar el ápice del arco
G1 E1.5
G1 X77.496487 Y152.555923 Z19.926813 E0.13528
G1 F480 X77.353324 Y151.926718 Z19.568631 E0.153419
G1 X77.266689 Y151.27502 Z19.075797 E0.1708
G1 X77.200585 Y150.61892 Z18.54917 E0.175427
G1 X77.115743 Y149.975961 Z18.096463 E0.164411
G1 X76.977646 Y149.359603 Z17.81039 E0.374768
G1 X76.763655 Y148.776698 Z17.749843 E0.337197
G1 X76.467771 Y148.226437 Z17.927943 E0.135048
G1 X76.102022 Y147.700912 Z18.309374 E0.154925
G1 X75.694165 Y147.187118 Z18.817553 E0.172497
G1 X75.282145 Y146.669896 Z19.350172 E0.176506
G1 X74.906414 Y146.135163 Z19.799965 E0.164921
G1 F240 X74.601677 Y145.57275 Z20.076472 E0.144863
G1 X74.389745 Y144.978271 Z20.124406 E0.131574
G1 E-1.5
G4 P1500 ; dejar cuajar el ápice del arco
G1 E1.5
G1 X74.274987 Y144.353683 Z19.93487 E0.137764
G1 F480 X74.243305 Y143.706508 Z19.547164 E0.156964
G1 X74.264906 Y143.047933 Z19.040808 E0.172748
G1 X74.300286 Y142.390274 Z18.519403 E0.17462
G1 X74.308262 Y141.744364 Z18.089604 E0.161287
G1 X74.254376 Y141.117431 Z17.839475 E0.365977
G1 X74.117995 Y140.511873 Z17.820613 E0.335643
G1 X73.896599 Y139.925148 Z18.037678 E0.137949
G1 X73.606406 Y139.350719 Z18.447446 E0.158599
G1 X73.279149 Y138.779777 Z18.967584 E0.17437
G1 X72.955673 Y138.203326 Z19.493356 E0.175574
G1 X72.677637 Y137.614126 Z19.918884 E0.161761
G1 F240 X72.479008 Y137.008109 Z20.158635 E0.141629
G1 X72.379099 Y136.384963 Z20.164782 E0.131198
G1 E-1.5
G4 P1500 ; dejar cuajar el ápice del arco
G1 E1.5
G1 F480 X72.378571 Y135.74784 Z19.936907 E0.140659
G1 X72.459286 Y135.102305 Z19.522093 E0.160388
G1 X72.587717 Y134.45487 Z19.005362 E0.174254
G1 X72.72204 Y133.811384 Z18.492419 E0.173328
G1 X72.820584 Y133.175781 Z18.088203 E0.157916
G1 X72.850311 Y132.5494 Z17.875585 E0.357877
G1 X72.793458 Y131.93101 Z17.898549 E0.335865
G1 X72.651558 Y131.317429 Z18.153266 E0.141218
G1 X72.444808 Y130.704648 Z18.588872 E0.16209
G1 X72.208026 Y130.089024 Z19.117786 E0.175752
G1 X71.983572 Y129.468282 Z19.633494 E0.174127
G1 F240 X71.812823 Y128.842065 Z20.03216 E0.158346
G1 X71.72747 Y128.211905 Z20.233703 E0.138671
G1 E-1.5
G4 P1500 ; dejar cuajar el ápice del arco
G1 E1.5
G1 X71.743232 Y127.580638 Z20.198049 E0.131475
G1 E-1.5
G4 P1500 ; dejar cuajar el ápice del arco
G1 E1.5
G1 F480 X71.856666 Y126.951443 Z19.933266 E0.14385
G1 X72.045907 Y126.326796 Z19.493927 E0.163551
G1 X72.275114 Y125.707623 Z18.97003 E0.175206
G1 X72.501767 Y125.092891 Z18.468737 E0.17149
G1 X72.685517 Y124.479794 Z18.092622 E0.154321
G1 X72.796298 Y123.864481 Z17.918851 E0.350719
G1 X72.820407 Y123.243149 Z17.983525 E0.337881
G1 X72.763231 Y122.613228 Z18.27435 E0.144716
G1 X72.648058 Y121.974329 Z18.733131 E0.16525
G1 X72.511279 Y121.328683 Z19.267587 E0.176537
G1 X72.394917 Y120.680905 Z19.770077 E0.17213
G1 F240 X72.338063 Y120.03711 Z20.139448 E0.154744
G1 X72.368933 Y119.403522 Z20.301565 E0.136102
G1 E-1.5
G4 P1500 ; dejar cuajar el ápice del arco
G1 E1.5
G1 X72.499184 Y118.784927 Z20.224355 E0.132387
G1 F480 X72.72165 Y118.183329 Z19.924322 E0.147201
G1 X73.011897 Y117.597153 Z19.463192 E0.166364
G1 X73.333298 Y117.021267 Z18.935385 E0.175593
G1 X73.644543 Y116.44785 Z18.448858 E0.169184
G1 X73.908056 Y115.867988 Z18.103187 E0.150644
G1 X74.097613 Y115.273667 Z17.969361 E0.344831
G1 X74.203573 Y114.659724 Z18.075371 E0.131372
G1 X74.234719 Y114.025294 Z18.400536 E0.148337
G1 X74.216316 Y113.37438 Z18.87969 E0.168061
G1 X74.184851 Y112.715356 Z19.416418 E0.176802
G1 X74.180534 Y112.059452 Z19.902617 E0.169724
G1 F240 X74.239093 Y111.418469 Z20.240441 E0.151109
G1 X74.384566 Y110.802231 Z20.362157 E0.134032
G1 E-1.5
G4 P1500 ; dejar cuajar el ápice del arco
G1 E1.5
G1 X74.624505 Y110.216293 Z20.243893 E0.133895
G1 F480 X74.948608 Y109.660456 Z19.910485 E0.150643
G1 X75.33097 Y109.128467 Z19.430431 E0.168836
G1 X75.735489 Y108.609019 Z18.901995 E0.175493
G1 X76.123363 Y108.087954 Z18.433258 E0.166517
G1 X76.460855 Y107.551134 Z18.120188 E0.147004
G1 X76.726069 Y106.9875 Z18.027156 E0.340405
G1 X76.913316 Y106.39166 Z18.173875 E0.133367
G1 X77.034082 Y105.765356 Z18.531399 E0.152
G1 X77.11453 Y105.117483 Z19.027997 E0.170512
G1 X77.189847 Y104.462477 Z19.563713 E0.176596
G1 X77.297267 Y103.817636 Z20.030649 E0.166999
G1 F240 X77.468393 Y103.199546 Z20.334868 E0.147558
G1 X77.722843 Y102.620534 Z20.415459 E0.132535
G1 E-1.5
G4 P1500 ; dejar cuajar el ápice del arco
G1 E1.5
G1 X78.064308 Y102.085824 Z20.256896 E0.135941
G1 F480 X78.480339 Y101.592323 Z19.892193 E0.154113
G1 X78.944695 Y101.128744 Z19.396201 E0.170982
G1 X79.422935 Y100.677725 Z18.870417 E0.174984
G1 X79.879509 Y100.21927 Z18.422387 E0.163599
G1 X80.285041 Y99.734913 Z18.143873 E0.373136
G1 X80.621953 Y99.21154 Z18.092234 E0.337569
G1 X80.888053 Y98.64447 Z18.278782 E0.135865
G1 X81.096727 Y98.038747 Z18.666487 E0.155666
G1 X81.274016 Y97.408446 Z19.177493 E0.172654
G1 X81.453143 Y96.774057 Z19.708919 E0.176014
G1 X81.667673 Y96.158426 Z20.153738 E0.164062
G1 F240 X81.944689 Y95.582062 Z20.422502 E0.144196
G1 X82.299398 Y95.058789 Z20.461496 E0.131662
G1 E-1.5
G4 P1500 ; dejar cuajar el ápice del arco
G1 E1.5
G1 X82.732218 Y94.592653 Z20.263636 E0.138478
G1 F480 X83.228915 Y94.176784 Z19.869912 E0.157585
G1 X83.763716 Y93.794509 Z19.361065 E0.172809
G1 X84.304712 Y93.422551 Z18.841202 E0.174081
G1 X84.820412 Y93.035696 Z18.416665 E0.16046
G1 X85.286113 Y92.612001 Z18.17445 E0.364597
G1 X85.68877 Y92.137469 Z18.164547 E0.336406
G1 X86.029421 Y91.609183 Z18.389799 E0.138805
G1 X86.322704 Y91.036228 Z18.805321 E0.159259
G1 X86.593632 Y90.438121 Z19.327609 E0.174408
G1 X86.87231 Y89.841047 Z19.851494 E0.174988
G1 X87.187731 Y89.272595 Z20.271479 E0.160888
G1 F240 X87.561915 Y88.756091 Z20.503157 E0.141059
G1 E-1.5
G4 P1500 ; dejar cuajar el ápice del arco
G1 E1.5
G1 X88.005584 Y88.305668 Z20.500338 E0.131428
G1 E-1.5
G4 P1500 ; dejar cuajar el ápice del arco
G1 E1.5
G1 F480 X88.516214 Y87.923135 Z20.264427 E0.141406
G1 X89.078825 Y87.597339 Z19.844134 E0.160929
G1 X89.669271 Y87.306188 Z19.325595 E0.174204
G1 X90.259325 Y87.021003 Z18.814882 E0.172715
G1 X90.822479 Y86.712313 Z18.416482 E0.157102
G1 X91.339254 Y86.355947 Z18.212084 E0.35681
G1 X91.800967 Y85.938147 Z18.244004 E0.336989
G1 X92.21121 Y85.458624 Z18.506597 E0.142087
G1 X92.584805 Y84.9309 Z18.947398 E0.162671
G1 X92.944501 Y84.37978 Z19.477774 E0.175703
G1 X93.316153 Y83.836462 Z19.990912 E0.173502
G1 F240 X93.72339 Y83.332228 Z20.3835 E0.157523
G1 X94.182877 Y82.892 Z20.576688 E0.138242
G1 E-1.5
G4 P1500 ; dejar cuajar el ápice del arco
G1 E1.5
G1 X94.701131 Y82.52911 Z20.5321 E0.131844
G1 E-1.5
G4 P1500 ; dejar cuajar el ápice del arco
G1 E1.5
G1 F480 X95.273471 Y82.24236 Z20.259616 E0.144626
G1 X95.885287 Y82.016041 Z19.815372 E0.164063
G1 X96.515286 Y81.822955 Z19.290363 E0.175137
G1 X97.140039 Y81.629899 Z18.791975 E0.170911
G1 X97.738662 Y81.404247 Z18.422192 E0.153604
G1 X98.297006 Y81.12076 Z18.256896 E0.350034
G1 X98.810304 Y80.766915 Z18.330469 E0.130498
G1 X99.283827 Y80.34571 Z18.628808 E0.145609
G1 X99.731326 Y79.875045 Z19.092196 E0.165846
G1 X100.172122 Y79.384577 Z19.627414 E0.17655
G1 X100.626919 Y78.909695 Z20.126669 E0.171621
G1 F240 X101.113529 Y78.484314 Z20.489463 E0.154075
G1 X101.643333 Y78.133854 Z20.642996 E0.135851
G1 E-1.5
G4 P1500 ; dejar cuajar el ápice del arco
G1 E1.5
G1 X102.219332 Y77.870161 Z20.556938 E0.132897
G1 F480 X102.835712 Y77.688657 Z20.249588 E0.148064
G1 X103.479396 Y77.569125 Z19.784157 E0.16698
G1 X104.13297 Y77.479668 Z19.255939 E0.175674
G1 X104.778424 Y77.383181 Z18.772973 E0.168774
G1 X105.400755 Y77.244774 Z18.434113 E0.150086
G1 X105.99089 Y77.038989 Z18.308965 E0.344496
G1 X106.547265 Y76.755178 Z18.423761 E0.13201
G1 X107.075786 Y76.399875 Z18.756033 E0.149321
G1 X107.58826 Y75.995664 Z19.239176 E0.168808
G1 X108.09969 Y75.576749 Z19.775963 E0.177023
G1 X108.625029 Y75.182063 Z20.258281 E0.16944
G1 F240 X109.176121 Y74.847344 Z20.58907 E0.150643
G1 X109.759417 Y74.597781 Z20.702026 E0.133959
G1 E-1.5
G4 P1500 ; dejar cuajar el ápice del arco
G1 E1.5
G1 X110.374948 Y74.442749 Z20.575055 E0.134564
G1 F480 X111.016658 Y74.373734 Z20.234758 E0.151672
G1 X111.673991 Y74.365902 Z19.751034 E0.169662
G1 X112.334317 Y74.383033 Z19.22289 E0.175807
G1 X112.985654 Y74.384843 Z18.75835 E0.166306
G1 X113.619085 Y74.335209 Z18.452527 E0.146582
G1 X114.23038 Y74.2096 Z18.368323 E0.34035
G1 X114.820533 Y74.000202 Z18.523659 E0.134118
G1 X115.395165 Y73.71766 Z18.88784 E0.153133
G1 X115.962979 Y73.389042 Z19.387785 E0.171463
G1 X116.533683 Y73.052448 Z19.922857 E0.177037
G1 X117.115841 Y72.749283 Z20.385289 E0.166905
G1 F240 X117.715141 Y72.515821 Z20.682059 E0.147246
G1 X118.333411 Y72.37575 Z20.753767 E0.132621
G1 E-1.5
G4 P1500 ; dejar cuajar el ápice del arco
G1 E1.5
G1 X118.968565 Y72.335242 Z20.586691 E0.136784
G1 F480 X119.615415 Y72.381605 Z20.215571 E0.155323
G1 X120.267089 Y72.485747 Z19.716562 E0.171989
G1 X120.916716 Y72.608034 Z19.191773 E0.175452
G1 X121.558948 Y72.706337 Z18.748548 E0.163493
G1 X122.190977 Y72.744496 Z18.477673 E0.37222
G1 X122.812918 Y72.700103 Z18.434957 E0.33779
G1 X123.427384 Y72.568877 Z18.629901 E0.136755
G1 X124.038529 Y72.365657 Z19.023772 E0.156933
G1 X124.650798 Y72.121447 Z19.537462 E0.173721
G1 X125.267718 Y71.877197 Z20.067544 E0.17654
G1 X125.891034 Y71.67543 Z20.507265 E0.164023
G1 F240 X126.520392 Y71.551471 Z20.768212 E0.143953
G1 X127.153641 Y71.5263 Z20.798255 E0.131889
G1 E-1.5
G4 P1500 ; dejar cuajar el ápice del arco
G1 E1.5
G1 X127.787623 Y71.60226 Z20.592129 E0.139477
G1 F480 X128.419218 Y71.762525 Z20.192499 E0.158899
G1 X129.046359 Y71.974362 Z19.681307 E0.173859
G1 X129.668713 Y72.196062 Z19.163134 E0.174539
G1 X130.287842 Y72.38534 Z18.743981 E0.160326
G1 X130.906788 Y72.507904 Z18.509749 E0.363762
G1 X131.529182 Y72.544472 Z18.50881 E0.33697
G1 X132.158099 Y72.494884 Z18.742187 E0.139828
G1 X132.795001 Y72.377867 Z19.163344 E0.160578
G1 X133.439041 Y72.22726 Z19.687636 E0.175449
G1 X134.086955 Y72.085098 Z20.209486 E0.175447
G1 X134.733625 Y71.993031 Z20.623811 E0.160795
G1 F240 X135.373202 Y71.983853 Z20.847351 E0.140852
G1 E-1.5
G4 P1500 ; dejar cuajar el ápice del arco
G1 E1.5
G1 X136.000546 Y72.074841 Z20.835569 E0.131797
G1 E-1.5
G4 P1500 ; dejar cuajar el ápice del arco
G1 E1.5
G1 F480 X136.61265 Y72.264282 Z20.591689 E0.142518
G1 X137.209644 Y72.53188 Z20.166038 E0.162248
G1 X137.795131 Y72.842943 Z19.64584 E0.175179
G1 X138.375682 Y73.15549 Z19.137503 E0.173066
G1 X138.95955 Y73.428817 Z18.745032 E0.156894
G1 X139.554865 Y73.631766 Z18.548913 E0.35608
G1 X140.167681 Y73.749021 Z18.589782 E0.337944
G1 X140.800342 Y73.784146 Z18.860176 E0.143209
G1 X141.450578 Y73.758762 Z19.306049 E0.163979
G1 X142.111595 Y73.70806 Z19.837737 E0.176659
G1 X142.773213 Y73.673567 Z20.348162 E0.173854
G1 F240 X143.423867 Y73.694666 Z20.73456 E0.157369
G1 X144.053079 Y73.8006 Z20.919341 E0.138089
G1 E-1.5
G4 P1500 ; dejar cuajar el ápice del arco
G1 E1.5
G1 X144.65386 Y74.004588 Z20.865833 E0.132359
G1 E-1.5
G4 P1500 ; dejar cuajar el ápice del arco
G1 E1.5
G1 F480 X145.224498 Y74.301236 Z20.585727 E0.145823
G1 X145.769297 Y74.667756 Z20.136705 E0.165358
G1 X146.298026 Y75.068708 Z19.610733 E0.176016
G1 X146.824121 Y75.463293 Z19.115391 E0.171146
G1 X147.361976 Y75.813667 Z18.752047 E0.153331
G1 X147.92385 Y76.09261 Z18.595275 E0.349471
G1 X148.517071 Y76.288952 Z18.677726 E0.131021
G1 X149.142148 Y76.409708 Z18.983496 E0.146814
G1 X149.79226 Y76.478489 Z19.45136 E0.167114
G1 X150.454315 Y76.530555 Z19.987191 E0.177383
G1 X151.111403 Y76.605539 Z20.48307 E0.171832
G1 F240 X151.746209 Y76.73936 Z20.839186 E0.153843
G1 X152.344672 Y76.956959 Z20.984093 E0.135758
G1 E-1.5
G4 P1500 ; dejar cuajar el ápice del arco
G1 E1.5
G1 X152.899128 Y77.267341 Z20.889212 E0.133553
G1 F480 X153.410224 Y77.661912 Z20.574634 E0.149304
G1 X153.887144 Y78.116396 Z20.105035 E0.168178
G1 X154.346033 Y78.595934 Z19.576556 E0.176367
G1 X154.806855 Y79.062263 Z19.09729 E0.168817
G1 X155.289327 Y79.481514 Z18.765337 E0.14972
G1 X155.808725 Y79.831018 Z18.648904 E0.344163
G1 X156.372472 Y80.103763 Z18.772453 E0.132693
G1 X156.978251 Y80.309608 Z19.11174 E0.150542
G1 X157.614112 Y80.47306 Z19.598736 E0.169925
G1 X158.260606 Y80.628101 Z20.135432 E0.177613
G1 X158.894586 Y80.811161 Z20.613733 E0.169417
G1 F240 X159.493914 Y81.053692 Z20.937395 E0.150301
G1 X160.042126 Y81.375851 Z21.04156 E0.133943
G1 E-1.5
G4 P1500 ; dejar cuajar el ápice del arco
G1 E1.5
G1 X160.532049 Y81.782574 Z20.905919 E0.135334
G1 F480 X160.967597 Y82.262792 Z20.558832 E0.152867
G1 X161.363295 Y82.79191 Z20.071576 E0.170656
G1 X161.741565 Y83.336995 Z19.543875 E0.176226
G1 X162.128275 Y83.863576 Z19.083663 E0.166122
G1 X162.547434 Y84.342641 Z18.785175 E0.146149
G1 X163.016124 Y84.756417 Z18.709824 E0.340354
G1 X163.540729 Y85.101765 Z18.873735 E0.134934
G1 X164.115298 Y85.390551 Z19.244471 E0.154301
G1 X164.72243 Y85.646961 Z19.747622 E0.172364
G1 X165.336573 Y85.902365 Z20.281899 E0.177348
G1 X165.929108 Y86.188817 Z20.739698 E0.166655
G1 F240 X166.474197 Y86.53254 Z21.028937 E0.146833
G1 X166.954205 Y86.948721 Z21.091743 E0.132709
G1 E-1.5
G4 P1500 ; dejar cuajar el ápice del arco
G1 E1.5
G1 X167.363542 Y87.438641 Z20.916201 E0.137637
G1 F480 X167.710098 Y87.989698 Z20.538772 E0.156421
G1 X168.013914 Y88.578234 Z20.036888 E0.172745
G1 X168.30329 Y89.174553 Z19.513243 E0.175595
G1 X168.609107 Y89.749057 Z19.074948 E0.16311
G1 X168.95848 Y90.278221 Z18.81179 E0.371056
G1 X169.369055 Y90.749211 Z18.778011 E0.338196
G1 X169.845158 Y91.162214 Z18.981299 E0.137665
G1 X170.376614 Y91.53008 Z19.381225 E0.158001
G1 X170.94055 Y91.875397 Z19.897453 E0.174388
G1 X171.505861 Y92.225662 Z20.426043 E0.176593
G1 X172.03946 Y92.607578 Z20.860543 E0.1636
G1 F240 X172.513059 Y93.041657 Z21.1136 E0.143533
G1 X172.909082 Y93.538216 Z21.134685 E0.132103
G1 E-1.5
G4 P1500 ; dejar cuajar el ápice del arco
G1 E1.5
G1 F480 X173.224467 Y94.095563 Z20.920352 E0.14038
G1 X173.471541 Y94.700654 Z20.514931 E0.159882
G1 X173.675732 Y95.332053 Z20.001539 E0.174409
G1 X173.870536 Y95.9645 Z19.485205 E0.174484
G1 X174.090744 Y96.574128 Z19.071555 E0.159841
G1 X174.365286 Y97.143244 Z18.845374 E0.362734
G1 X174.711181 Y97.663698 Z18.8534 E0.337779
G1 X175.129843 Y98.138223 Z19.094836 E0.140795
G1 X175.606553 Y98.579503 Z19.521511 E0.16156
G1 X176.113247 Y99.007262 Z20.04766 E0.175965
G1 X176.614086 Y99.444009 Z20.567328 E0.175362
G1 F240 X177.072708 Y99.910367 Z20.975876 E0.160312
G1 X177.459689 Y100.420948 Z21.191217 E0.1405
G1 E-1.5
G4 P1500 ; dejar cuajar el ápice del arco
G1 E1.5
G1 X177.758661 Y100.981596 Z21.170477 E0.132151
G1 E-1.5
G4 P1500 ; dejar cuajar el ápice del arco
G1 E1.5
G1 F480 X177.96984 Y101.588526 Z20.918697 E0.143473
G1 X178.110168 Y102.229448 Z20.48781 E0.163171
G1 X178.210038 Y102.886382 Z19.966101 E0.175617
G1 X178.307197 Y103.539531 Z19.460285 E0.172911
G1 X178.439082 Y104.171354 Z19.073855 E0.156381
G1 X178.635128 Y104.770024 Z18.886072 E0.35528
G1 X178.910635 Y105.331558 Z18.93588 E0.339127
G1 X179.263484 Y105.860258 Z19.214 E0.144227
G1 X179.67438 Y106.367438 Z19.664819 E0.164905
G1 X180.110637 Y106.86877 Z20.19767 E0.177071
G1 X180.532741 Y107.380861 Z20.705239 E0.173677
G1 F240 X180.902377 Y107.917809 Z21.08534 E0.156863
G1 X181.190281 Y108.488444 Z21.261662 E0.137827
G1 E-1.5
G4 P1500 ; dejar cuajar el ápice del arco
G1 E1.5
G1 X181.382308 Y109.09479 Z21.199249 E0.13285
G1 F480 X181.482445 Y109.732015 Z20.911602 E0.146817
G1 X181.512141 Y110.389794 Z20.457931 E0.166219
G1 X181.506039 Y111.054734 Z19.931145 E0.17635
G1 X181.504988 Y111.713292 Z19.438992 E0.170903
G1 X181.547718 Y112.35455 Z19.082191 E0.152806
G1 X181.662899 Y112.972285 Z18.933988 E0.348944
G1 X181.863207 Y113.565914 Z19.025294 E0.131613
G1 X182.14262 Y114.140216 Z19.338411 E0.14786
G1 X182.477533 Y114.703935 Z19.810619 E0.167972
G1 X182.831478 Y115.267651 Z20.346912 E0.17769
G1 X183.162501 Y115.841411 Z20.839276 E0.17157
G1 F240 X183.431705 Y116.432651 Z21.188614 E0.153332
G1 X183.611208 Y117.044826 Z21.324855 E0.135605
G1 E-1.5
G4 P1500 ; dejar cuajar el ápice del arco
G1 E1.5
G1 X183.689891 Y117.677009 Z21.22118 E0.134172
G1 F480 X183.675744 Y118.324462 Z20.899463 E0.150318
G1 X183.594306 Y118.979996 Z20.42583 E0.168967
G1 X183.483525 Y119.635746 Z19.897242 E0.176595
G1 X183.386045 Y120.284948 Z19.421811 E0.168495
G1 X183.34052 Y120.923295 Z19.096862 E0.149201
G1 X183.373702 Y121.549625 Z18.989179 E0.343951
G1 X183.494947 Y122.165805 Z19.121447 E0.133409
G1 X183.694238 Y122.775929 Z19.467654 E0.151597
G1 X183.944219 Y123.385058 Z19.958366 E0.170702
G1 X184.20589 Y123.997831 Z20.49482 E0.177821
G1 X184.436177 Y124.617375 Z20.96897 E0.169095
G1 F240 X184.596857 Y125.244639 Z21.285414 E0.149817
G1 X184.662423 Y125.878384 Z21.38076 E0.133918
G1 E-1.5
G4 P1500 ; dejar cuajar el ápice del arco
G1 E1.5
G1 X184.625283 Y126.515759 Z21.236487 E0.136066
G1 F480 X184.497026 Y127.153292 Z20.882709 E0.153892
G1 X184.306533 Y127.787967 Z20.39206 E0.171398
G1 X184.093982 Y128.418149 Z19.864953 E0.176407
G1 X183.902631 Y129.044062 Z19.409201 E0.165792
G1 X183.769978 Y129.667698 Z19.118134 E0.145697
G1 X183.720379 Y130.292191 Z19.051659 E0.340488
G1 X183.759845 Y130.920813 Z19.224099 E0.135751
G1 X183.874809 Y131.555865 Z19.601287 E0.15539
G1 X184.034866 Y132.197785 Z20.107502 E0.173166
G1 X184.199086 Y132.844738 Z20.640835 E0.177604
G1 X184.324135 Y133.492813 Z21.093872 E0.166415
G1 F240 X184.373109 Y134.136836 Z21.375498 E0.146472
G1 X184.323125 Y134.771636 Z21.429386 E0.132841
G1 E-1.5
G4 P1500 ; dejar cuajar el ápice del arco
G1 E1.5
G1 X184.170003 Y135.393453 Z21.24543 E0.138506
G1 F480 X183.929125 Y136.001114 Z20.861798 E0.157554
G1 X183.632317 Y136.596671 Z20.357183 E0.173601
G1 X183.32137 Y137.185278 Z19.834832 E0.175897
G1 X183.039522 Y137.774259 Z19.401594 E0.162892
G1 X182.82266 Y138.371548 Z19.146229 E0.370136
G1 X182.691987 Y138.983811 Z19.121397 E0.338633
G1 X182.649733 Y139.614692 Z19.33297 E0.138602
G1 X182.678727 Y140.263618 Z19.73884 E0.159222
G1 X182.745917 Y140.92549 Z20.257462 E0.175351
G1 X182.809144 Y141.591406 Z20.784411 E0.177014
G1 X182.825721 Y142.250336 Z21.213568 E0.163502
G1 F240 X182.761151 Y142.891427 Z21.458664 E0.143305
G1 X182.596133 Y143.50646 Z21.470787 E0.132396
G1 E-1.5
G4 P1500 ; dejar cuajar el ápice del arco
G1 E1.5
G1 F480 X182.330455 Y144.091896 Z21.248308 E0.141419
G1 X181.982992 Y144.650029 Z20.837212 E0.161187
G1 X181.58778 Y145.188898 Z20.321767 E0.175437
G1 X181.187066 Y145.720926 Z19.807418 E0.174935
G1 X180.82268 Y146.26048 Z19.39939 E0.159724
G1 X180.527526 Y146.820832 Z19.181326 E0.362024
G1 X180.318941 Y147.411176 Z19.198316 E0.338523
G1 X180.195217 Y148.034328 Z19.447744 E0.14188
G1 X180.136076 Y148.685707 Z19.879817 E0.162951
G1 X180.106887 Y149.353853 Z20.407675 E0.17711
G1 X180.065782 Y150.022473 Z20.925016 E0.175945
G1 F240 X179.97211 Y150.67361 Z21.327672 E0.160332
G1 X179.794997 Y151.291519 Z21.534753 E0.140384
G1 E-1.5
G4 P1500 ; dejar cuajar el ápice del arco
G1 E1.5
G1 X179.519411 Y151.866083 Z21.505061 E0.13261
G1 E-1.5
G4 P1500 ; dejar cuajar el ápice del arco
G1 E1.5
G1 F480 X179.149103 Y152.395258 Z21.245455 E0.144701
G1 X178.705692 Y152.885893 Z20.809456 E0.16466
G1 X178.22423 Y153.352749 Z20.286384 E0.1768
G1 X177.74593 Y153.815698 Z19.783234 E0.173455
G1 X177.309589 Y154.29565 Z19.402956 E0.156303
G1 X176.943834 Y154.810195 Z19.223563 E0.354709
G1 X176.661478 Y155.369753 Z19.282296 E0.340234
G1 X176.456981 Y155.974991 Z19.568065 E0.145483
G1 X176.307656 Y156.616185 Z20.023704 E0.166435
G1 X176.178777 Y157.27501 Z20.557569 E0.178298
G1 X176.030673 Y157.927989 Z21.062137 E0.174282
G1 F240 X175.826772 Y158.551173 Z21.435835 E0.156886
G1 X175.541063 Y159.125187 Z21.603649 E0.137777
G1 E-1.5
G4 P1500 ; dejar cuajar el ápice del arco
G1 E1.5
G1 X175.163406 Y159.639555 Z21.532352 E0.133475
G1 F480 X174.701165 Y160.095055 Z21.237245 E0.148196
G1 X174.177513 Y160.503955 Z20.779054 E0.167769
G1 X173.626512 Y160.887807 Z20.251606 E0.177505
G1 X173.08605 Y161.27323 Z19.762782 E0.171368
G1 X172.59011 Y161.686495 Z19.412625 E0.152666
G1 X172.16196 Y162.14802 Z19.273034 E0.348515
G1 X171.809619 Y162.667922 Z19.373173 E0.132205
G1 X171.524504 Y163.243597 Z19.693547 E0.149227
G1 X171.283458 Y163.859882 Z20.169968 E0.169503
G1 X171.053713 Y164.491852 Z20.706572 E0.178835
G1 X170.79971 Y165.109719 Z21.195283 E0.172062
G1 F240 X170.490362 Y165.684884 Z21.537744 E0.153292
G1 X170.105276 Y166.195895 Z21.665282 E0.135628
G1 E-1.5
G4 P1500 ; dejar cuajar el ápice del arco
G1 E1.5
G1 X169.638692 Y166.633069 Z21.552843 E0.134954
G1 F480 X169.100367 Y167.000786 Z21.22408 E0.151777
G1 X168.513304 Y167.316906 Z20.746549 E0.170485
G1 X167.908825 Y167.609383 Z20.218002 E0.177646
G1 X167.32007 Y167.91069 Z19.746543 E0.16884
G1 X166.775256 Y168.251189 Z19.428691 E0.149004
G1 X166.292087 Y168.652787 Z19.329788 E0.343752
G1 X165.874412 Y169.124209 Z19.470739 E0.134166
G1 X165.511778 Y169.658898 Z19.82377 E0.153043
G1 X165.181894 Y170.236041 Z20.31806 E0.172204
G1 X164.855439 Y170.824572 Z20.854121 E0.178858
G1 X164.50218 Y171.389368 Z21.323986 E0.169462
G1 F240 X164.097132 Y171.898417 Z21.633125 E0.149723
G1 X163.625489 Y172.32947 Z21.719625 E0.134033
G1 E-1.5
G4 P1500 ; dejar cuajar el ápice del arco
G1 E1.5
G1 X163.08537 Y172.674804 Z21.566764 E0.137001
G1 F480 X162.487865 Y172.94307 Z21.206396 E0.155399
G1 X161.854449 Y173.157789 Z20.712494 E0.172832
G1 X161.212355 Y173.352752 Z20.186132 E0.177287
G1 X160.588909 Y173.565223 Z19.73497 E0.165959
G1 X160.006007 Y173.828307 Z19.451407 E0.3781
G1 X159.47586 Y174.164059 Z19.393828 E0.340587
G1 X158.998825 Y174.578759 Z19.574749 E0.136673
G1 X158.563726 Y175.061363 Z19.958283 E0.156849
G1 X158.150491 Y175.585511 Z20.46742 E0.174506
G1 X157.734532 Y176.114706 Z20.999659 E0.17838
G1 X157.291882 Y176.609674 Z21.447807 E0.16653
G1 F240 X156.804049 Y177.036383 Z21.721742 E0.146269
G1 X156.261582 Y177.373105 Z21.766697 E0.133052
G1 E-1.5
G4 P1500 ; dejar cuajar el ápice del arco
G1 E1.5
G1 X155.665674 Y177.615034 Z21.57438 E0.139544
G1 F480 X155.027538 Y177.775483 Z21.184656 E0.158974
G1 X154.365773 Y177.883376 Z20.677453 E0.174768
G1 X153.702317 Y177.977487 Z20.156546 E0.176435
G1 X153.057877 Y178.098595 Z19.728487 E0.162782
G1 X152.447795 Y178.28113 Z19.480988 E0.369259
G1 X151.879169 Y178.546027 Z19.465112 E0.33915
G1 X151.349783 Y178.896276 Z19.684913 E0.139639
G1 X150.848984 Y179.31611 Z20.096612 E0.160557
G1 X150.360241 Y179.774037 Z20.617483 E0.176373
G1 X149.864796 Y180.229126 Z21.142642 E0.17741
G1 X149.345607 Y180.6393 Z21.566336 E0.163327
G1 F240 X148.790741 Y180.969943 Z21.803403 E0.143027
G1 E-1.5
G4 P1500 ; dejar cuajar el ápice del arco
G1 E1.5
G1 X148.19557 Y181.201052 Z21.806561 E0.132723
G1 E-1.5
G4 P1500 ; dejar cuajar el ápice del arco
G1 E1.5
G1 F480 X147.563343 Y181.331459 Z21.576 E0.142494
G1 X146.904119 Y181.379228 Z21.159347 E0.162417
G1 X146.232347 Y181.37811 Z20.641996 E0.176257
G1 X145.563677 Y181.370753 Z20.12978 E0.175102
G1 X144.911696 Y181.40004 Z19.72749 E0.159371
G1 X144.285282 Y181.500301 Z19.517605 E0.36115
G1 X143.687089 Y181.690232 Z19.543556 E0.339505
G1 X143.113421 Y181.968947 Z19.800906 E0.142968
G1 X142.555432 Y182.31603 Z20.238257 E0.164089
G1 X142.001334 Y182.69558 Z20.767675 E0.177775
G1 X141.439067 Y183.063448 Z21.282543 E0.175967
G1 F240 X140.858843 Y183.37622 Z21.679195 E0.159918
G1 X140.255038 Y183.600082 Z21.877959 E0.140097
G1 E-1.5
G4 P1500 ; dejar cuajar el ápice del arco
G1 E1.5
G1 X139.627047 Y183.717783 Z21.839325 E0.13306
G1 E-1.5
G4 P1500 ; dejar cuajar el ápice del arco
G1 E1.5
G1 F480 X138.979017 Y183.732242 Z21.571967 E0.145755
G1 X138.31857 Y183.666039 Z21.130979 E0.165656
G1 X137.654884 Y183.556893 Z20.606695 E0.177276
G1 X136.996594 Y183.450016 Z20.106354 E0.173313
G1 X136.34999 Y183.388908 Z19.732338 E0.155799
G1 X135.717897 Y183.406466 Z19.561387 E0.354033
G1 X135.099429 Y183.518226 Z19.629029 E0.341643
G1 X134.490614 Y183.719132 Z19.922368 E0.146559
G1 X133.885663 Y183.984509 Z20.382699 E0.167375
G1 X133.278549 Y184.275037 Z20.917426 E0.178692
G1 X132.664481 Y184.544741 Z21.418853 E0.174077
G1 F240 X132.040937 Y184.750352 Z21.786043 E0.156379
G1 X131.408036 Y184.860139 Z21.945303 E0.137573
G1 E-1.5
G4 P1500 ; dejar cuajar el ápice del arco
G1 E1.5
G1 X130.768191 Y184.860397 Z21.865142 E0.134048
G1 F480 X130.125205 Y184.758269 Z21.56266 E0.149231
G1 X129.483062 Y184.580315 Z21.100081 E0.168622
G1 X128.844761 Y184.367111 Z20.572121 E0.177807
G1 X128.2115 Y184.164989 Z20.086766 E0.171096
G1 X127.582428 Y184.016596 Z19.743354 E0.152145
G1 X126.955012 Y183.952198 Z19.612416 E0.348154
G1 X126.325917 Y183.983514 Z19.721358 E0.13288
G1 X125.692137 Y184.101335 Z20.048902 E0.150311
G1 X125.052076 Y184.277411 Z20.529401 E0.170352
G1 X124.406243 Y184.470219 Z21.066165 E0.17911
G1 X123.757373 Y184.63344 Z21.551085 E0.171774
G1 F240 X123.10989 Y184.725394 Z21.886575 E0.152791
G1 X122.468823 Y184.717525 Z22.005375 E0.135541
G1 E-1.5
G4 P1500 ; dejar cuajar el ápice del arco
G1 E1.5
G1 X121.838444 Y184.60019 Z21.884205 E0.13565
G1 F480 X121.220974 Y184.384588 Z21.548489 E0.152822
G1 X120.615704 Y184.100432 Z21.067197 E0.17126
G1 X120.01881 Y183.789857 Z20.538841 E0.17784
G1 X119.423959 Y183.498809 Z20.071489 E0.168492
G1 X118.823635 Y183.26769 Z19.760824 E0.148499
G1 X118.210889 Y183.123154 Z19.670732 E0.34373
G1 X117.581141 Y183.072739 Z19.820328 E0.13496
G1 X116.933563 Y183.103408 Z20.180082 E0.154126
G1 X116.2717 Y183.184285 Z20.677812 E0.172967
G1 X115.603091 Y183.273019 Z21.213329 E0.179026
G1 X114.937919 Y183.32445 Z21.678778 E0.169102
G1 F240 X114.28692 Y183.29981 Z21.980524 E0.149245
G1 X113.65899 Y183.174573 Z22.058156 E0.134077
G1 E-1.5
G4 P1500 ; dejar cuajar el ápice del arco
G1 E1.5
G1 X113.059021 Y182.943373 Z21.89675 E0.137806
G1 F480 X112.486482 Y182.620985 Z21.529896 E0.156435
G1 X111.935129 Y182.239213 Z21.032883 E0.173519
G1 X111.393975 Y181.840321 Z20.507415 E0.177375
G1 X110.8494 Y181.468382 Z20.060972 E0.165547
G1 X110.287986 Y181.160317 Z19.784995 E0.376885
G1 X109.6995 Y180.93845 Z19.736329 E0.340933
G1 X109.079362 Y180.806078 Z19.925682 E0.137567
G1 X108.430024 Y180.746955 Z20.315454 E0.157912
G1 X107.760884 Y180.728749 Z20.827371 E0.175176
G1 X107.086684 Y180.70974 Z21.358365 E0.178442
G1 X106.424649 Y180.647379 Z21.801499 E0.166112
G1 F240 X105.790927 Y180.506943 Z22.067666 E0.145835
G1 X105.197079 Y180.268513 Z22.103677 E0.133235
G1 E-1.5
G4 P1500 ; dejar cuajar el ápice del arco
G1 E1.5
G1 X104.647369 Y179.930896 Z21.903055 E0.140438
G1 F480 X104.137494 Y179.51169 Z21.50735 E0.159982
G1 X103.655092 Y179.043535 Z20.997705 E0.175359
G1 X103.182006 Y178.567345 Z20.478389 E0.17642
G1 X102.697885 Y178.123924 Z20.055633 E0.162319
G1 X102.184423 Y177.745695 Z19.816071 E0.368195
G1 X101.629353 Y177.450222 Z19.809156 E0.33988
G1 X101.029315 Y177.23682 Z20.037123 E0.140613
G1 X100.390959 Y177.086916 Z20.454536 E0.161583
;WIDTH:1.250
; LINE_WIDTH: 1.250
;Z:22.077
;HEIGHT:2.285
G1 X100.35082 Y177.15828 Z20.451856 E0.01703
G1 X99.689488 Y177.038155 Z20.972712 E0.176765
G1 X99.027331 Y176.909445 Z21.493816 E0.177191
G1 X98.387805 Y176.733693 Z21.910235 E0.162793
G1 F240 X97.79127 Y176.481227 Z22.13828 E0.142754
G1 E-1.5
G4 P1500 ; dejar cuajar el ápice del arco
G1 E1.5
G1 X97.250614 Y176.137067 Z22.132497 E0.133233
G1 E-1.5
G4 P1500 ; dejar cuajar el ápice del arco
G1 E1.5
G1 F480 X96.768285 Y175.703776 Z21.894886 E0.143546
G1 X96.335428 Y175.200698 Z21.474502 E0.163308
G1 X95.933365 Y174.659811 Z20.957494 E0.176574
G1 X95.537184 Y174.119068 Z20.44962 E0.174826
G1 X95.120764 Y173.614622 Z20.054787 E0.158827
G1 X94.662205 Y173.173537 Z19.853958 E0.36061
G1 X94.148551 Y172.808456 Z19.888721 E0.341115
G1 X93.578778 Y172.515278 Z20.152848 E0.144074
G1 X92.96438 Y172.274276 Z20.593562 E0.16497
G1 X92.327353 Y172.054364 Z21.122243 E0.178055
G1 X91.695926 Y171.819604 Z21.63242 E0.175663
G1 F240 X91.098877 Y171.536578 Z22.021375 E0.159382
G1 X90.559573 Y171.181125 Z22.210996 E0.139935
G1 E-1.5
G4 P1500 ; dejar cuajar el ápice del arco
G1 E1.5
G1 X90.090984 Y170.743074 Z22.163625 E0.133706
G1 E-1.5
G4 P1500 ; dejar cuajar el ápice del arco
G1 E1.5
G1 F480 X89.692728 Y170.228052 Z21.889704 E0.146827
G1 X89.350826 Y169.65605 Z21.445657 E0.166465
G1 X89.040271 Y169.057101 Z20.922436 E0.177481
G1 X88.729962 Y168.465009 Z20.42706 E0.172957
G1 X88.389016 Y167.910437 Z20.060899 E0.155264
G1 X87.993183 Y167.414775 Z19.899096 E0.353815
G1 X87.530029 Y166.986016 Z19.97532 E0.132153
G1 X87.001792 Y166.617449 Z20.274928 E0.147671
G1 X86.425243 Y166.289355 Z20.73794 E0.168166
G1 X85.828542 Y165.973313 Z21.271212 E0.17886
G1 X85.245666 Y165.638166 Z21.767341 E0.173699
G1 F240 X84.709517 Y165.256409 Z22.12646 E0.15586
G1 X84.245114 Y164.809679 Z22.276512 E0.137537
G1 E-1.5
G4 P1500 ; dejar cuajar el ápice del arco
G1 E1.5
G1 X83.864287 Y164.292257 Z22.18787 E0.134817
G1 F480 X83.562993 Y163.711912 Z21.879354 E0.150299
G1 X83.321864 Y163.087986 Z21.414407 E0.169339
G1 X83.109938 Y162.447188 Z20.888224 E0.177901
G1 X82.890842 Y161.817991 Z20.408425 E0.170674
G1 X82.63021 Y161.224832 Z20.073218 E0.15164
G1 X82.302806 Y160.683297 Z19.951465 E0.348294
G1 X81.897883 Y160.197234 Z20.068705 E0.133748
G1 X81.421645 Y159.758338 Z20.401971 E0.151407
G1 X80.896242 Y159.34822 Z20.884452 E0.171044
G1 X80.355472 Y158.942458 Z21.419053 E0.179168
G1 X79.838008 Y158.515753 Z21.8981 E0.171335
G1 F240 X79.379527 Y158.047091 Z22.225194 E0.152309
G1 X79.005338 Y157.523873 Z22.334777 E0.135643
G1 E-1.5
G4 P1500 ; dejar cuajar el ápice del arco
G1 E1.5
G1 X78.725043 Y156.944187 Z22.205437 E0.136524
G1 F480 X78.530358 Y156.316841 Z21.864252 E0.153867
G1 X78.396584 Y155.659196 Z21.381297 E0.171877
G1 X78.287479 Y154.99335 Z20.85542 E0.177828
G1 X78.16256 Y154.341494 Z20.394182 E0.168015
G1 X77.985374 Y153.721417 Z20.092021 E0.148044
G1 X77.731037 Y153.14309 Z20.011094 E0.344254
G1 X77.391481 Y152.606979 Z20.168652 E0.135923
G1 X76.977311 Y152.104356 Z20.533547 E0.155187
G1 X76.51584 Y151.619488 Z21.032548 E0.173555
G1 X76.045676 Y151.133155 Z21.565207 E0.178978
G1 X75.608929 Y150.626726 Z22.024243 E0.168614
G1 F240 X75.242621 Y150.08594 Z22.317321 E0.14882
G1 X74.971053 Y149.503611 Z22.385785 E0.134324
G1 E-1.5
G4 P1500 ; dejar cuajar el ápice del arco
G1 E1.5
G1 X74.800711 Y148.88076 Z22.216568 E0.138763
G1 F480 X74.718781 Y148.226002 Z21.844843 E0.157438
G1 X74.695607 Y147.553415 Z21.346883 E0.17403
G1 X74.690624 Y146.879382 Z20.824581 E0.177262
G1 X74.660581 Y146.219132 Z20.384771 E0.165031
G1 X74.568379 Y145.583708 Z20.117545 E0.375884
G1 X74.390721 Y144.977962 Z20.077967 E0.341852
G1 X74.122983 Y144.399953 Z20.274898 E0.138602
G1 X73.780304 Y143.841787 Z20.669197 E0.15892
G1 X73.394633 Y143.291643 Z21.181666 E0.175655
G1 X73.008304 Y142.736495 Z21.709123 E0.178295
G1 X72.665457 Y142.1649 Z22.145345 E0.165592
G1 F240 X72.40302 Y141.569283 Z22.402624 E0.145487
G1 X72.243127 Y140.947234 Z22.429572 E0.13363
G1 E-1.5
G4 P1500 ; dejar cuajar el ápice del arco
G1 E1.5
G1 X72.188513 Y140.301635 Z22.221548 E0.141456
G1 F480 X72.221854 Y139.639644 Z21.8216 E0.160926
G1 X72.309213 Y138.970851 Z21.311729 E0.175761
G1 X72.406895 Y138.30505 Z20.796247 E0.176211
G1 X72.470333 Y137.650152 Z20.380603 E0.16178
G1 X72.463193 Y137.010675 Z20.149985 E0.367432
G1 X72.364826 Y136.387115 Z20.152025 E0.34119
G1 X72.174552 Y135.776259 Z20.387139 E0.141696
G1 X71.911865 Y135.172307 Z20.808437 E0.162523
G1 X71.612526 Y134.568468 Z21.33124 E0.177311
G1 X71.321312 Y133.958642 Z21.850269 E0.177132
G1 X71.082907 Y133.338773 Z22.261011 E0.162328
G1 F240 X70.932781 Y132.707581 Z22.480931 E0.142407
G1 E-1.5
G4 P1500 ; dejar cuajar el ápice del arco
G1 E1.5
G1 X70.889943 Y132.06655 Z22.466222 E0.133587
G1 E-1.5
G4 P1500 ; dejar cuajar el ápice del arco
G1 E1.5
G1 F480 X70.953023 Y131.419234 Z22.220697 E0.144512
G1 X71.100526 Y130.770093 Z21.795017 E0.164254
G1 X71.295181 Y130.123203 Z21.276405 E0.177038
G1 X71.491527 Y129.481179 Z20.770946 E0.174694
G1 X71.645174 Y128.844577 Z20.382056 E0.158328
G1 X71.721853 Y128.211927 Z20.189491 E0.359816
G1 X71.704407 Y127.580348 Z20.233163 E0.342299
G1 X71.596292 Y126.94658 Z20.505036 E0.145107
G1 X71.420871 Y126.308106 Z20.95076 E0.165922
G1 X71.216647 Y125.664081 Z21.480698 E0.178496
G1 X71.029414 Y125.015766 Z21.988125 E0.175511
G1 F240 X70.902916 Y124.366349 Z22.37088 E0.158892
G1 X70.869946 Y123.72017 Z22.55211 E0.139676
G1 E-1.5
G4 P1500 ; dejar cuajar el ápice del arco
G1 E1.5
G1 X70.945674 Y123.081534 Z22.49586 E0.134197
G1 E-1.5
G4 P1500 ; dejar cuajar el ápice del arco
G1 E1.5
G1 F480 X71.124587 Y122.453425 Z22.214374 E0.147835
G1 X71.381649 Y121.836467 Z21.765612 E0.167351
G1 X71.677433 Y121.228431 Z21.241481 E0.177841
G1 X71.966181 Y120.624472 Z20.749186 E0.172737
G1 X72.205131 Y120.018093 Z20.389472 E0.154751
G1 X72.363211 Y119.402637 Z20.236174 E0.35329
G1 X72.42732 Y118.772996 Z20.321233 E0.132747
G1 X72.404937 Y118.127085 Z20.628214 E0.148735
G1 X72.322522 Y117.466734 Z21.095641 E0.169051
G1 X72.220055 Y116.797694 Z21.629473 E0.179195
G1 X72.142851 Y116.128696 Z22.122194 E0.17346
G1 F240 X72.132313 Y115.469716 Z22.474628 E0.155362
G1 X72.217531 Y114.829781 Z22.616075 E0.137385
G1 E-1.5
G4 P1500 ; dejar cuajar el ápice del arco
G1 E1.5
G1 X72.40942 Y114.214816 Z22.518656 E0.135438
G1 F480 X72.698594 Y113.626024 Z22.20297 E0.15133
G1 X73.057376 Y113.059224 Z21.733917 E0.170153
G1 X73.445523 Y112.505372 Z21.207523 E0.178156
G1 X73.818481 Y111.952217 Z20.731454 E0.170372
G1 X74.136454 Y111.386812 Z20.403159 E0.151131
G1 X74.372465 Y110.79835 Z20.290098 E0.348082
G1 X74.517737 Y110.18072 Z20.416045 E0.134467
G1 X74.583354 Y109.53419 Z20.756266 E0.152482
G1 X74.597852 Y108.865788 Z21.24254 E0.171851
G1 X74.601292 Y108.188213 Z21.776999 E0.179397
G1 X74.637025 Y107.517446 Z22.252001 E0.171019
G1 F240 X74.742856 Y106.869494 Z22.571966 E0.151823
G1 X74.94341 Y106.256951 Z22.672784 E0.135613
G1 E-1.5
G4 P1500 ; dejar cuajar el ápice del arco
G1 E1.5
G1 X75.245236 Y105.686106 Z22.534821 E0.137261
G1 F480 X75.635639 Y105.155264 Z22.186906 E0.154899
G1 X76.085422 Y104.654707 Z21.70048 E0.172609
G1 X76.554967 Y104.168372 Z21.175095 E0.177977
G1 X77.002372 Y103.676988 Z20.71821 E0.167643
G1 X77.391972 Y103.162039 Z20.423384 E0.14756
G1 X77.701502 Y102.609761 Z20.351282 E0.34439
G1 X77.926467 Y102.014292 Z20.517366 E0.136753
G1 X78.080851 Y101.379286 Z20.888755 E0.156253
G1 X78.194062 Y100.717566 Z21.390902 E0.174274
G1 X78.304781 Y100.048817 Z21.922719 E0.179101
G1 X78.452996 Y99.395721 Z22.377099 E0.168233
G1 F240 X78.67187 Y98.779313 Z22.662648 E0.148366
G1 X78.981089 Y98.214497 Z22.72224 E0.134427
G1 E-1.5
G4 P1500 ; dejar cuajar el ápice del arco
G1 E1.5
G1 X79.383041 Y97.706695 Z22.544609 E0.139599
G1 F480 X79.862549 Y97.250369 Z22.166635 E0.158454
G1 X80.390181 Y96.829798 Z21.665859 E0.174672
G1 X80.928404 Y96.422036 Z21.144747 E0.177306
G1 X81.439301 Y96.001479 Z20.70989 E0.164601
G1 X81.892256 Y95.545155 Z20.450375 E0.374745
G1 X82.270037 Y95.037625 Z20.419702 E0.34236
G1 X82.572076 Y94.474469 Z20.624923 E0.139523
G1 X82.814315 Y93.863565 Z21.025216 E0.159959
G1 X83.025697 Y93.223839 Z21.540165 E0.176279
G1 X83.242081 Y92.581659 Z22.066087 E0.178315
G1 X83.498851 Y91.965573 Z22.497068 E0.165158
G1 F240 X83.82374 Y91.400441 Z22.746465 E0.145086
G1 X84.231344 Y90.90217 Z22.764489 E0.133873
G1 E-1.5
G4 P1500 ; dejar cuajar el ápice del arco
G1 E1.5
G1 F480 X84.720385 Y90.474177 Z22.548311 E0.142372
G1 X85.274257 Y90.106355 Z22.142634 E0.161909
G1 X85.864663 Y89.776835 Z21.630621 E0.176305
G1 X86.457563 Y89.456237 Z21.117019 E0.176156
G1 X87.020171 Y89.113595 Z20.706896 E0.161306
G1 X87.527556 Y88.722747 Z20.484318 E0.366467
G1 X87.96752 Y88.267889 Z20.495287 E0.342077
G1 X88.342788 Y87.747103 Z20.738406 E0.142687
G1 X88.670124 Y87.173081 Z21.165159 E0.163519
G1 X88.976618 Y86.570834 Z21.689762 E0.177834
G1 X89.293958 Y85.972803 Z22.20657 E0.177053
G1 F240 X89.651894 Y85.412313 Z22.611521 E0.161857
G1 X90.072252 Y84.916721 Z22.823254 E0.142079
G1 E-1.5
G4 P1500 ; dejar cuajar el ápice del arco
G1 E1.5
G1 X90.564692 Y84.501644 Z22.799624 E0.13397
G1 E-1.5
G4 P1500 ; dejar cuajar el ápice del arco
G1 E1.5
G1 F480 X91.12504 Y84.167517 Z22.546257 E0.145487
G1 X91.736465 Y83.899217 Z22.115402 E0.165187
G1 X92.373198 Y83.668896 Z21.595335 E0.177481
G1 X93.005973 Y83.441505 Z21.092435 E0.174544
G1 X93.608032 Y83.181899 Z20.709599 E0.157826
G1 X94.160458 Y82.862095 Z20.525354 E0.35908
G1 X94.655775 Y82.467175 Z20.577924 E0.34356
G1 X95.099081 Y81.998531 Z20.857467 E0.146149
G1 X95.506781 Y81.474072 Z21.308075 E0.166862
G1 X95.902781 Y80.924625 Z21.839122 E0.178908
G1 X96.313395 Y80.387785 Z22.343656 E0.175326
G1 F240 X96.761946 Y79.900321 Z22.720104 E0.158386
G1 X97.264194 Y79.490706 Z22.892893 E0.139431
G1 E-1.5
G4 P1500 ; dejar cuajar el ápice del arco
G1 E1.5
G1 X97.825222 Y79.172912 Z22.827781 E0.134717
G1 F480 X98.438851 Y78.943478 Z22.538811 E0.148843
G1 X99.089296 Y78.782046 Z22.085461 E0.168195
G1 X99.754686 Y78.655315 Z21.56057 E0.178133
G1 X100.411671 Y78.523675 Z21.071498 E0.172443
G1 X101.040243 Y78.349346 Z20.718334 E0.154195
G1 X101.627669 Y78.104218 Z20.573585 E0.352808
G1 X102.170738 Y77.775673 Z20.667456 E0.133378
G1 X102.675998 Y77.369338 Z20.981725 E0.14978
G1 X103.15799 Y76.908099 Z21.453435 E0.169845
G1 X103.636023 Y76.42776 Z21.987677 E0.179383
G1 X104.129892 Y75.969556 Z22.47685 E0.173068
G1 F240 X104.655871 Y75.571854 Z22.822501 E0.154766
G1 X105.223564 Y75.262282 Z22.955305 E0.137221
G1 E-1.5
G4 P1500 ; dejar cuajar el ápice del arco
G1 E1.5
G1 X105.834262 Y75.052006 Z22.849137 E0.136066
G1 F480 X106.48108 Y74.9333 Z22.526371 E0.152281
G1 X107.150764 Y74.881025 Z22.053346 E0.170783
G1 X107.826713 Y74.857647 Z21.526893 E0.178169
G1 X108.492527 Y74.820848 Z21.054689 E0.169854
G1 X109.135328 Y74.732159 Z20.733401 E0.150518
G1 X109.748166 Y74.56484 Z20.629064 E0.347948
G1 X110.331079 Y74.309443 Z20.763684 E0.135221
G1 X110.890644 Y73.975834 Z21.110765 E0.153445
G1 X111.438201 Y73.591286 Z21.600694 E0.17239
G1 X111.987198 Y73.194992 Z22.134863 E0.179278
G1 X112.550267 Y72.830107 Z22.605685 E0.17039
G1 F240 X113.136662 Y72.534967 Z22.918433 E0.151161
G1 X113.750568 Y72.335237 Z23.010458 E0.135557
G1 E-1.5
G4 P1500 ; dejar cuajar el ápice del arco
G1 E1.5
G1 X114.390594 Y72.238627 Z22.863913 E0.137959
G1 F480 X115.050474 Y72.233259 Z22.509367 E0.155723
G1 X115.720739 Y72.290021 Z22.019608 E0.172967
G1 X116.390954 Y72.368481 Z21.494864 E0.177694
G1 X117.051979 Y72.425102 Z21.042465 E0.166926
G1 X117.697774 Y72.422129 Z20.755058 E0.146941
G1 X118.326382 Y72.335306 Z20.691803 E0.344674
G1 X118.939945 Y72.158846 Z20.866365 E0.137586
G1 X119.543816 Y71.90666 Z21.244145 E0.157077
G1 X120.145037 Y71.60954 Z21.749297 E0.174532
G1 X120.750587 Y71.308888 Z22.280124 E0.178684
G1 X121.365799 Y71.048233 Z22.729718 E0.167409
G1 F240 X121.993337 Y70.864535 Z23.007659 E0.147694
G1 X122.632868 Y70.780574 Z23.058364 E0.134498
G1 E-1.5
G4 P1500 ; dejar cuajar el ápice del arco
G1 E1.5
G1 X123.28149 Y70.800286 Z22.872371 E0.140326
G1 F480 X123.93473 Y70.90792 Z22.488256 E0.15911
G1 X124.587861 Y71.071411 Z21.984808 E0.17476
G1 X125.237123 Y71.248755 Z21.465033 E0.176775
G1 X125.880591 Y71.396533 Z21.035253 E0.163761
G1 X126.518487 Y71.478803 Z20.783524 E0.3733
G1 X127.152865 Y71.474519 Z20.761765 E0.343076
G1 X127.786792 Y71.381561 Z20.97522 E0.140384
G1 X128.423283 Y71.217278 Z21.381394 E0.160629
G1 X129.064276 Y71.015032 Z21.89868 E0.17631
G1 X129.709941 Y70.817344 Z22.422918 E0.177705
G1 X130.358524 Y70.667141 Z22.848537 E0.164258
G1 F240 X131.006772 Y70.599163 Z23.089983 E0.144491
G1 X131.650834 Y70.632912 Z23.09908 E0.134082
G1 E-1.5
G4 P1500 ; dejar cuajar el ápice del arco
G1 E1.5
G1 F480 X132.287421 Y70.768612 Z22.87481 E0.143111
G1 X132.914885 Y70.987208 Z22.46352 E0.162443
G1 X133.533928 Y71.254272 Z21.949511 E0.176234
G1 X134.147706 Y71.527038 Z21.437936 E0.175509
G1 X134.761266 Y71.76313 Z21.03345 E0.160456
G1 X135.380398 Y71.929178 Z20.818976 E0.36533
G1 X136.010167 Y72.007591 Z20.838873 E0.343172
G1 X136.653474 Y72.000091 Z21.089928 E0.143559
G1 X137.310026 Y71.927297 Z21.522018 E0.164085
G1 X137.975998 Y71.824468 Z22.048274 E0.177735
G1 X138.644552 Y71.734277 Z22.562715 E0.176358
G1 F240 X139.307132 Y71.698093 Z22.961761 E0.160961
G1 X139.955311 Y71.747576 Z23.165248 E0.141599
G1 E-1.5
G4 P1500 ; dejar cuajar el ápice del arco
G1 E1.5
G1 X140.582777 Y71.89827 Z23.132707 E0.134314
G1 E-1.5
G4 P1500 ; dejar cuajar el ápice del arco
G1 E1.5
G1 F480 X141.186985 Y72.146521 Z22.871569 E0.146237
G1 X141.770087 Y72.4703 Z22.435663 E0.165631
G1 X142.338838 Y72.833782 Z21.914289 E0.177296
G1 X142.903435 Y73.194692 Z21.414091 E0.173825
G1 X143.475482 Y73.512935 Z21.037419 E0.156998
G1 X144.065481 Y73.758727 Z20.861548 E0.358285
G1 X144.680387 Y73.91858 Z20.923002 E0.344992
G1 X145.321785 Y73.997935 Z21.210136 E0.14701
G1 X145.985143 Y74.019921 Z21.665503 E0.167322
G1 X146.660374 Y74.020533 Z22.197509 E0.178697
G1 X147.333657 Y74.041218 Z22.699008 E0.174571
G1 F240 X147.990203 Y74.120409 Z23.069044 E0.157527
G1 X148.61739 Y74.285739 Z23.233344 E0.139089
G1 E-1.5
G4 P1500 ; dejar cuajar el ápice del arco
G1 E1.5
G1 X149.207615 Y74.548512 Z23.159389 E0.135181
G1 F480 X149.76021 Y74.901535 Z22.863018 E0.149587
G1 X150.28196 Y75.320736 Z22.40521 E0.168564
G1 X150.786035 Y75.770193 Z21.879709 E0.177883
G1 X151.289482 Y76.209534 Z21.393999 E0.17172
G1 X151.809765 Y76.602163 Z21.047487 E0.153452
G1 X152.361036 Y76.922648 Z20.911329 E0.35241
G1 X152.950946 Y77.161762 Z21.013987 E0.134029
G1 X153.578689 Y77.328179 Z21.335455 E0.150634
G1 X154.234772 Y77.44653 Z21.811316 E0.170267
G1 X154.902675 Y77.552119 Z22.345818 E0.179176
G1 X155.561968 Y77.683753 Z22.831307 E0.172386
G1 F240 X156.192432 Y77.875856 Z23.170078 E0.154046
G1 X156.778347 Y78.151484 Z23.294202 E0.137052
G1 E-1.5
G4 P1500 ; dejar cuajar el ápice del arco
G1 E1.5
G1 X157.312008 Y78.51771 Z23.179315 E0.136648
G1 F480 X157.795557 Y78.964543 Z22.849563 E0.15307
G1 X158.240931 Y79.467094 Z22.372701 E0.171206
G1 X158.667782 Y79.990682 Z21.846339 E0.178023
G1 X159.099585 Y80.498042 Z21.378136 E0.169273
G1 X159.558798 Y80.956973 Z21.063946 E0.149932
G1 X160.062181 Y81.346669 Z20.968364 E0.347923
G1 X160.617088 Y81.661761 Z21.111619 E0.135952
G1 X161.21952 Y81.913289 Z21.465464 E0.15436
G1 X161.854584 Y82.126201 Z21.95891 E0.172941
G1 X162.499249 Y82.334065 Z22.492637 E0.179264
G1 X163.126889 Y82.572117 Z22.959149 E0.169929
G1 F240 X163.712622 Y82.870201 Z23.264591 E0.150654
G1 X164.238585 Y83.246724 Z23.347799 E0.135571
G1 E-1.5
G4 P1500 ; dejar cuajar el ápice del arco
G1 E1.5
G1 X164.697869 Y83.705078 Z23.192714 E0.138683
G1 F480 X165.096283 Y84.233169 Z22.83164 E0.156666
G1 X165.451493 Y84.806112 Z22.338688 E0.173603
G1 X165.78969 Y85.391468 Z21.814735 E0.177797
G1 X166.14037 Y85.955932 Z21.366951 E0.166574
G1 X166.530282 Y86.472092 Z21.087045 E0.38095
G1 X166.977785 Y86.923871 Z21.032655 E0.344942
G1 X167.488786 Y87.309586 Z21.215648 E0.138419
G1 X168.055186 Y87.642002 Z21.599713 E0.158152
G1 X168.65619 Y87.945463 Z22.107728 E0.175329
G1 X169.262279 Y88.250728 Z22.637415 E0.178954
G1 X169.841115 Y88.588591 Z23.082098 E0.167201
G1 F240 X170.364138 Y88.983643 Z23.352354 E0.147381
G1 X170.812579 Y89.449389 Z23.394158 E0.134681
G1 E-1.5
G4 P1500 ; dejar cuajar el ápice del arco
G1 E1.5
G1 X171.181552 Y89.985739 Z23.199856 E0.141228
G1 F480 X171.481371 Y90.57931 Z22.80971 E0.160271
G1 X171.735751 Y91.206418 Z22.303733 E0.17565
G1 X171.977167 Y91.838112 Z21.785445 E0.177115
G1 X172.240338 Y92.446142 Z21.360865 E0.16358
G1 X172.555081 Y93.008655 Z21.116995 E0.372481
G1 X172.940046 Y93.514455 Z21.104157 E0.343617
G1 X173.398634 Y93.964991 Z21.325785 E0.141356
G1 X173.917965 Y94.373733 Z21.737727 E0.161886
G1 X174.471232 Y94.7631 Z22.257204 E0.177313
G1 X175.02295 Y95.159666 Z22.779611 E0.178164
G1 X175.536079 Y95.588661 Z23.199749 E0.16419
G1 F240 X175.979587 Y96.068904 Z23.433176 E0.144293
G1 E-1.5
G4 P1500 ; dejar cuajar el ápice del arco
G1 E1.5
G1 X176.335153 Y96.609019 Z23.433345 E0.134422
G1 E-1.5
G4 P1500 ; dejar cuajar el ápice del arco
G1 E1.5
G1 F480 X176.600969 Y97.206107 Z23.201048 E0.144191
G1 X176.792412 Y97.846651 Z22.784262 E0.163768
G1 X176.939144 Y98.509582 Z22.268404 E0.177258
G1 X177.079296 Y99.170744 Z21.759001 E0.175931
G1 X177.251617 Y99.807959 Z21.360269 E0.16031
G1 X177.48751 Y100.405434 Z21.153962 E0.364646
G1 X177.804499 Y100.956707 Z21.182781 E0.344048
G1 X178.202461 Y101.465575 Z21.441704 E0.144673
G1 X178.663289 Y101.94499 Z21.879009 E0.165446
G1 X179.154391 Y102.414044 Z22.406769 E0.178788
G1 X179.635337 Y102.89376 Z22.9187 E0.176818
G1 F240 X180.065986 Y103.402765 Z23.311728 E0.160888
G1 X180.414657 Y103.953626 Z23.506913 E0.141465
G1 E-1.5
G4 P1500 ; dejar cuajar el ápice del arco
G1 E1.5
G1 X180.664838 Y104.550482 Z23.46547 E0.134806
G1 E-1.5
G4 P1500 ; dejar cuajar el ápice del arco
G1 E1.5
G1 F480 X180.818782 Y105.188554 Z23.196637 E0.147446
G1 X180.897072 Y105.85558 Z22.755804 E0.166999
G1 X180.934626 Y106.534637 Z22.233272 E0.178285
G1 X180.97367 Y107.207796 Z21.73592 E0.174173
G1 X181.055151 Y107.859815 Z21.365519 E0.1568
G1 X181.210328 Y108.481091 Z21.198073 E0.357738
G1 X181.454282 Y109.0693 Z21.268395 E0.133178
G1 X181.782688 Y109.629461 Z21.563041 E0.148227
G1 X182.172535 Y110.172466 Z22.023038 E0.168678
G1 X182.586689 Y110.712494 Z22.555853 E0.179671
G1 X182.981378 Y111.263884 Z23.054177 E0.174929
G1 F240 X183.3151 Y111.83816 Z23.417697 E0.157398
G1 X183.55712 Y112.441829 Z23.573462 E0.139021
G1 E-1.5
G4 P1500 ; dejar cuajar el ápice del arco
G1 E1.5
G1 X183.693827 Y113.075351 Z23.490687 E0.13582
G1 F480 X183.731619 Y113.733454 Z23.187 E0.150872
G1 X183.695717 Y114.406619 Z22.724865 E0.169901
G1 X183.625111 Y115.083362 Z22.198904 E0.178773
G1 X183.564665 Y115.752768 Z21.716695 E0.171958
G1 X183.555973 Y116.406719 Z21.376933 E0.153204
G1 X183.62884 Y117.041353 Z21.249406 E0.352071
G1 X183.795131 Y117.657501 Z21.360823 E0.134672
G1 X184.046265 Y118.260071 Z21.689401 E0.151923
G1 X184.354874 Y118.856596 Z22.169279 E0.171591
G1 X184.680316 Y119.455328 Z22.70389 E0.18005
G1 X184.976922 Y120.063345 Z23.185559 E0.172633
G1 F240 X185.203298 Y120.685091 Z23.517355 E0.153871
G1 X185.330785 Y121.321648 Z23.632765 E0.137068
G1 E-1.5
G4 P1500 ; dejar cuajar el ápice del arco
G1 E1.5
G1 X185.349349 Y121.970851 Z23.509194 E0.137431
G1 F480 X185.269674 Y122.628155 Z23.17255 E0.154407
G1 X185.121031 Y123.28798 Z22.691986 E0.172475
G1 X184.945347 Y123.945178 Z22.165866 E0.17877
G1 X184.788675 Y124.596248 Z21.701797 E0.169364
G1 X184.691803 Y125.240017 Z21.394795 E0.149623
G1 X184.681924 Y125.877654 Z21.307997 E0.347847
G1 X184.767099 Y126.512042 Z21.459848 E0.13675
G1 X184.934569 Y127.146734 Z21.820357 E0.155678
G1 X185.153342 Y127.784778 Z22.317182 E0.174144
G1 X185.380508 Y128.427739 Z22.850318 E0.179934
G1 X185.569982 Y129.075202 Z23.312388 E0.169978
G1 F240 X185.681885 Y129.72487 Z23.610439 E0.150394
G1 X185.690668 Y130.373244 Z23.684808 E0.135677
G1 E-1.5
G4 P1500 ; dejar cuajar el ápice del arco
G1 E1.5
G1 X185.590317 Y131.016697 Z23.521228 E0.139581
G1 F480 X185.395567 Y131.652646 Z23.153728 E0.15796
G1 X185.138872 Y132.28049 Z22.657724 E0.174678
G1 X184.863776 Y132.902039 Z22.134712 E0.178282
G1 X184.616045 Y133.521281 Z21.69167 E0.166446
G1 X184.434339 Y134.143501 Z21.419346 E0.380004
G1 X184.342347 Y134.773947 Z21.373839 E0.345227
G1 X184.344014 Y135.416358 Z21.565212 E0.139342
G1 X184.422789 Y136.071736 Z21.955454 E0.159404
G1 X184.545031 Y136.73771 Z22.466189 E0.176305
G1 X184.66692 Y137.408686 Z22.994588 E0.179337
G1 X184.743397 Y138.076844 Z23.434235 E0.167023
G1 F240 X184.737351 Y138.733776 Z23.696729 E0.147064
G1 X184.62713 Y139.372446 Z23.729623 E0.1349
G1 E-1.5
G4 P1500 ; dejar cuajar el ápice del arco
G1 E1.5
G1 X184.4109 Y139.988992 Z23.527068 E0.142196
G1 F480 X184.106931 Y140.583943 Z23.131003 E0.161453
G1 X183.749799 Y141.162506 Z22.622641 E0.176475
G1 X183.38328 Y141.733779 Z22.105988 E0.177319
G1 X183.05141 Y142.308997 Z21.686729 E0.163258
G1 X182.789532 Y142.899145 Z21.450787 E0.371526
G1 X182.617162 Y143.512432 Z21.446875 E0.344318
G1 X182.534119 Y144.152218 Z21.676617 E0.142361
G1 X182.520683 Y144.81587 Z22.094211 E0.16302
G1 X182.541728 Y145.494888 Z22.615732 E0.178034
G1 X182.553967 Y146.176352 Z23.136161 E0.178264
G1 X182.514806 Y146.845437 Z23.550701 E0.16382
G1 F240 X182.391 Y147.488522 Z23.776044 E0.143971
G1 E-1.5
G4 P1500 ; dejar cuajar el ápice del arco
G1 E1.5
G1 X182.16534 Y148.09622 Z23.767285 E0.134766
G1 E-1.5
G4 P1500 ; dejar cuajar el ápice del arco
G1 E1.5
G1 F480 X181.840034 Y148.665666 Z23.527029 E0.145188
G1 X181.436111 Y149.201513 Z23.104866 E0.164801
G1 X180.988999 Y149.71535 Z22.587307 E0.177829
G1 X180.541218 Y150.22357 Z22.080222 E0.175889
G1 X180.133688 Y150.744101 Z21.687357 E0.159859
G1 X179.797443 Y151.292619 Z21.489277 E0.363837
G1 X179.54743 Y151.879063 Z21.52701 E0.345164
G1 X179.379635 Y152.505208 Z21.793728 E0.145714
G1 X179.272096 Y153.163879 Z22.236125 E0.166447
G1 X179.189535 Y153.840027 Z22.765242 E0.179299
G1 X179.090686 Y154.513561 Z23.274518 E0.176729
G1 F240 X178.936732 Y155.163368 Z23.661419 E0.160434
G1 X178.699166 Y155.771722 Z23.848248 E0.141208
G1 E-1.5
G4 P1500 ; dejar cuajar el ápice del arco
G1 E1.5
G1 X178.365448 Y156.328154 Z23.797915 E0.135282
G1 E-1.5
G4 P1500 ; dejar cuajar el ápice del arco
G1 E1.5
G1 F480 X177.941399 Y156.83197 Z23.521464 E0.148464
G1 X177.44978 Y157.292749 Z23.075832 E0.167929
G1 X176.925473 Y157.728727 Z22.55229 E0.178709
G1 X176.408268 Y158.163269 Z22.057926 E0.174011
G1 X175.934739 Y158.620141 Z21.693902 E0.156319
G1 X175.530862 Y159.118509 Z21.534929 E0.357189
G1 X175.206919 Y159.668745 Z21.614101 E0.133748
G1 X174.955641 Y160.269942 Z21.916176 E0.149299
G1 X174.753948 Y160.909702 Z22.380674 E0.169611
G1 X174.567868 Y161.56634 Z22.91415 E0.180073
G1 X174.359599 Y162.213102 Z23.409157 E0.174753
G1 F240 X174.095251 Y162.823584 Z23.766059 E0.156936
G1 X173.751651 Y163.377242 Z23.913248 E0.138867
G1 E-1.5
G4 P1500 ; dejar cuajar el ápice del arco
G1 E1.5
G1 X173.320876 Y163.863827 Z23.821677 E0.136427
G1 F480 X172.811608 Y164.285818 Z23.510761 E0.15192
G1 X172.247102 Y164.658251 Z23.04443 E0.170767
G1 X171.660228 Y165.005927 Z22.51816 E0.179094
G1 X171.086649 Y165.358511 Z22.039589 E0.171713
G1 X170.557556 Y165.744479 Z21.706676 E0.15272
G1 X170.093445 Y166.185163 Z21.587816 E0.35182
G1 X169.700185 Y166.690124 Z21.707962 E0.135371
G1 X169.368124 Y167.254864 Z22.043557 E0.153014
G1 X169.07437 Y167.861404 Z22.527318 E0.17245
G1 X168.78771 Y168.481674 Z23.061888 E0.180346
G1 X168.475114 Y169.083084 Z23.539601 E0.172377
G1 F240 X168.108477 Y169.635157 Z23.864329 E0.153414
G1 X167.670211 Y170.115873 Z23.970994 E0.137031
G1 E-1.5
G4 P1500 ; dejar cuajar el ápice del arco
G1 E1.5
G1 X167.156582 Y170.516395 Z23.838775 E0.138158
G1 F480 X166.578157 Y170.843171 Z23.495336 E0.155464
G1 X165.957349 Y171.116903 Z23.011208 E0.173263
G1 X165.323596 Y171.368552 Z22.485479 E0.178986
G1 X164.707253 Y171.633134 Z22.025677 E0.169045
G1 X164.133428 Y171.942557 Z21.725952 E0.149158
G1 X163.617048 Y172.318966 Z21.647964 E0.347932
G1 X163.160119 Y172.769983 Z21.808369 E0.137565
G1 X162.751675 Y173.286855 Z22.17544 E0.156767
G1 X162.370367 Y173.845962 Z22.675505 E0.17492
G1 X161.989089 Y174.413413 Z23.2079 E0.180124
G1 X161.580644 Y174.951848 Z23.665398 E0.169651
G1 F240 X161.123262 Y175.428065 Z23.955975 E0.149961
G1 X160.604866 Y175.819916 Z24.021484 E0.135769
G1 E-1.5
G4 P1500 ; dejar cuajar el ápice del arco
G1 E1.5
G1 X160.025227 Y176.121028 Z23.849457 E0.140411
G1 F480 X159.395657 Y176.342353 Z23.475637 E0.159006
G1 X158.736361 Y176.510169 Z22.976723 E0.175375
G1 X158.072041 Y176.660845 Z22.4548 E0.178389
G1 X157.426803 Y176.833575 Z22.016628 E0.166062
G1 X156.819289 Y177.062328 Z21.751964 E0.378893
G1 X156.259105 Y177.368777 Z21.715353 E0.345676
G1 X155.745194 Y177.757644 Z21.915053 E0.140251
G1 X155.26652 Y178.215607 Z22.311363 E0.160472
G1 X154.804631 Y178.713683 Z22.824675 E0.176989
G1 X154.337714 Y179.212999 Z23.351636 E0.179427
G1 X153.845171 Y179.672643 Z23.786125 E0.166645
G1 F240 X153.311788 Y180.058081 Z24.040784 E0.146683
G1 X152.730551 Y180.348182 Z24.064758 E0.13513
G1 E-1.5
G4 P1500 ; dejar cuajar el ápice del arco
G1 E1.5
G1 F480 X152.103784 Y180.539796 Z23.854009 E0.143113
G1 X151.442279 Y180.64858 Z23.452139 E0.162479
G1 X150.762733 Y180.705988 Z22.941538 E0.177097
G1 X150.08409 Y180.752959 Z22.426666 E0.177348
G1 X149.423601 Y180.831637 Z22.012849 E0.162845
G1 X148.793421 Y180.97677 Z21.784903 E0.370592
G1 X148.198389 Y181.208478 Z21.78992 E0.345135
G1 X147.635435 Y181.527988 Z22.02771 E0.143351
G1 X147.094639 Y181.917196 Z22.45084 E0.164075
G1 X146.561647 Y182.342188 Z22.974259 E0.17866
G1 X146.020877 Y182.760048 Z23.492564 E0.178299
G1 F240 X145.458798 Y183.127558 Z23.901388 E0.163435
G1 X144.8666 Y183.410044 Z24.118586 E0.143671
G1 E-1.5
G4 P1500 ; dejar cuajar el ápice del arco
G1 E1.5
G1 X144.24173 Y183.588533 Z24.100902 E0.135141
G1 E-1.5
G4 P1500 ; dejar cuajar el ápice del arco
G1 E1.5
G1 F480 X143.588032 Y183.66375 Z23.852756 E0.146188
G1 X142.914545 Y183.65612 Z23.425337 E0.165823
G1 X142.233294 Y183.601718 Z22.906223 E0.178403
G1 X141.556597 Y183.545001 Z22.401602 E0.175871
G1 X140.894496 Y183.529759 Z22.014717 E0.159441
G1 X140.25285 Y183.590153 Z21.82492 E0.363119
G1 X139.63245 Y183.743672 Z21.871559 E0.346344
G1 X139.029292 Y183.987452 Z22.145997 E0.146776
G1 X138.435852 Y184.298746 Z22.593363 E0.167493
G1 X137.843017 Y184.639463 Z23.123688 E0.17988
G1 X137.242212 Y184.963868 Z23.630165 E0.176722
G1 F240 X136.62722 Y185.227892 Z24.010831 E0.160055
G1 X135.995328 Y185.398134 Z24.189252 E0.141004
G1 E-1.5
G4 P1500 ; dejar cuajar el ápice del arco
G1 E1.5
G1 X135.347572 Y185.45873 Z24.130046 E0.1358
G1 E-1.5
G4 P1500 ; dejar cuajar el ápice del arco
G1 E1.5
G1 F480 X134.688123 Y185.414659 Z23.846056 E0.149536
G1 X134.022994 Y185.2908 Z23.39575 E0.168945
G1 X133.358455 Y185.126924 Z22.871349 E0.17924
G1 X132.69953 Y184.969624 Z22.380113 E0.173951
G1 X132.048947 Y184.862845 Z22.022572 E0.155906
G1 X131.406761 Y184.838866 Z21.872118 E0.356721
G1 X130.770686 Y184.911658 Z21.960118 E0.134339
G1 X130.137028 Y185.074046 Z22.269537 E0.150424
G1 X129.501903 Y185.299122 Z22.738406 E0.170646
G1 X128.862424 Y185.545692 Z23.272392 E0.180609
G1 X128.217532 Y185.766636 Z23.763945 E0.174706
G1 F240 X127.56825 Y185.918573 Z24.114129 E0.156568
G1 X126.917314 Y185.970686 Z24.2527 E0.138769
G1 E-1.5
G4 P1500 ; dejar cuajar el ápice del arco
G1 E1.5
G1 X126.268279 Y185.911 Z24.15236 E0.137084
G1 F480 X125.624365 Y185.748801 Z23.834305 E0.153053
G1 X124.987362 Y185.512837 Z23.363912 E0.171761
G1 X124.356913 Y185.245353 Z22.837483 E0.179562
G1 X123.730401 Y184.993488 Z22.362687 E0.171593
G1 X123.103487 Y184.799674 Z22.036717 E0.15231
G1 X122.471209 Y184.69305 Z21.92656 E0.351633
G1 X121.829383 Y184.683426 Z22.055402 E0.136097
G1 X121.175909 Y184.759414 Z22.397921 E0.154182
G1 X120.511672 Y184.890793 Z22.885428 E0.173441
G1 X119.840725 Y185.034699 Z23.419807 E0.180797
G1 X119.169672 Y185.144394 Z23.893431 E0.172257
G1 F240 X118.506326 Y185.178784 Z24.211 E0.153048
G1 X117.857917 Y185.110765 Z24.30889 E0.137047
G1 E-1.5
G4 P1500 ; dejar cuajar el ápice del arco
G1 E1.5
G1 X117.229268 Y184.932693 Z24.168062 E0.138942
G1 F480 X116.621381 Y184.657866 Z23.817925 E0.156619
G1 X116.030808 Y184.317734 Z23.330372 E0.174191
G1 X115.450036 Y183.95543 Z22.805184 E0.17935
G1 X114.86886 Y183.616948 Z22.349781 E0.168844
G1 X114.276513 Y183.341778 Z22.057418 E0.148754
G1 X113.664099 Y183.154916 Z21.988263 E0.348073
G1 X113.026799 Y183.061863 Z22.157178 E0.138412
G1 X112.365308 Y183.047622 Z22.530709 E0.157944
G1 X111.686139 Y183.079869 Z23.033873 E0.175835
G1 X111.000629 Y183.115635 Z23.565377 E0.180469
G1 X110.322796 Y183.110112 Z24.018176 E0.169456
G1 F240 X109.666451 Y183.025772 Z24.301197 E0.149613
G1 X109.042163 Y182.839948 Z24.357829 E0.135912
G1 E-1.5
G4 P1500 ; dejar cuajar el ápice del arco
G1 E1.5
G1 X108.454747 Y182.549331 Z24.177405 E0.141305
G1 F480 X107.901862 Y182.170511 Z23.797372 E0.160161
G1 X107.374095 Y181.736446 Z23.295689 E0.176221
G1 X106.856596 Y181.289651 Z22.775006 E0.178645
G1 X106.331989 Y180.873486 Z22.341828 E0.165787
G1 X105.783987 Y180.52335 Z22.0849 E0.377914
G1 X105.200979 Y180.259574 Z22.057197 E0.346177
G1 X104.578773 Y180.083437 Z22.265169 E0.141205
G1 X103.921898 Y179.977093 Z22.667435 E0.161638
G1 X103.243082 Y179.90739 Z23.18318 E0.177809
G1 X102.560953 Y179.832758 Z23.708556 E0.179652
G1 X101.896369 Y179.711739 Z24.137763 E0.16637
G1 F240 X101.268104 Y179.511409 Z24.384518 E0.146362
G1 X100.688791 Y179.213964 Z24.399567 E0.135407
G1 E-1.5
G4 P1500 ; dejar cuajar el ápice del arco
G1 E1.5
G1 F480 X100.161992 Y178.820177 Z24.180684 E0.144095
G1 X99.681083 Y178.349025 Z23.773123 E0.163598
;WIDTH:1.250
; LINE_WIDTH: 1.250
;Z:24.334
;HEIGHT:2.257
G1 X99.638563 Y178.424621 Z23.752453 E0.018535
G1 X99.185521 Y177.911102 Z23.246007 E0.177053
G1 X98.740473 Y177.393697 Z22.739315 E0.176696
G1 X98.279882 Y176.911304 Z22.336033 E0.162021
G1 X97.783337 Y176.493958 Z22.118829 E0.369709
G1 X97.237969 Y176.156862 Z22.132602 E0.346601
G1 X96.641443 Y175.897516 Z22.375377 E0.144327
G1 X96.002834 Y175.696479 Z22.798697 E0.16466
G1 X95.341132 Y175.521563 Z23.317464 E0.178527
G1 X94.681618 Y175.334549 Z23.827207 E0.177581
G1 F240 X94.050792 Y175.099035 Z24.225288 E0.162606
G1 X93.470892 Y174.787796 Z24.431729 E0.143385
G1 E-1.5
G4 P1500 ; dejar cuajar el ápice del arco
G1 E1.5
G1 X92.955128 Y174.388165 Z24.405451 E0.135743
G1 E-1.5
G4 P1500 ; dejar cuajar el ápice del arco
G1 E1.5
G1 F480 X92.504663 Y173.904379 Z24.152604 E0.147123
G1 X92.108025 Y173.356446 Z23.725323 E0.166316
G1 X91.743142 Y172.775843 Z23.211147 E0.17817
G1 X91.381645 Y172.198947 Z22.715251 E0.175086
G1 X90.994613 Y171.65959 Z22.339097 E0.158612
G1 X90.558585 Y171.182264 Z22.159849 E0.3626
G1 X90.060594 Y170.77734 Z22.214703 E0.348165
G1 X89.501145 Y170.439244 Z22.493345 E0.147714
G1 X88.894474 Y170.147905 Z22.94004 E0.167912
G1 X88.26594 Y169.873117 Z23.464944 E0.179556
G1 X87.647057 Y169.580867 Z23.962342 E0.175877
G1 F240 X87.069115 Y169.240317 Z24.3321 E0.159227
G1 X86.55671 Y168.82999 Z24.49999 E0.140853
G1 E-1.5
G4 P1500 ; dejar cuajar el ápice del arco
G1 E1.5
G1 X86.122505 Y168.34193 Z24.432757 E0.136512
G1 F480 X85.764357 Y167.783026 Z24.144862 E0.150409
G1 X85.465451 Y167.173301 Z23.695554 E0.169261
G1 X85.197473 Y166.541559 Z23.176843 E0.178818
G1 X84.926238 Y165.91937 Z22.694823 E0.173054
G1 X84.618643 Y165.334616 Z22.348142 E0.155106
G1 X84.249542 Y164.805954 Z22.20798 E0.356618
G1 X83.8071 Y164.339282 Z22.303602 E0.135148
G1 X83.295504 Y163.92688 Z22.616418 E0.151287
G1 X82.734404 Y163.549349 Z23.083758 E0.170885
G1 X82.155157 Y163.179856 Z23.611588 E0.180104
G1 X81.594578 Y162.78979 Z24.093599 E0.173764
G1 F240 X81.087454 Y162.354611 Z24.43278 E0.155782
G1 X80.659356 Y161.858716 Z24.561109 E0.138771
G1 E-1.5
G4 P1500 ; dejar cuajar el ápice del arco
G1 E1.5
G1 X80.321228 Y161.298353 Z24.453359 E0.137881
G1 F480 X80.066902 Y160.682037 Z24.132216 E0.153837
G1 X79.874113 Y160.028461 Z23.663677 E0.171904
G1 X79.708839 Y159.36241 Z23.143654 E0.178986
G1 X79.532133 Y158.709558 Z22.678507 E0.170636
G1 X79.308072 Y158.091251 Z22.363461 E0.151587
G1 X79.011196 Y157.520343 Z22.263274 E0.351978
G1 X78.631898 Y156.998901 Z22.399099 E0.13698
G1 X78.178626 Y156.518175 Z22.744185 E0.154953
G1 X77.676392 Y156.06078 Z23.229314 E0.173523
G1 X77.16186 Y155.604549 Z23.75684 E0.180167
G1 X76.67597 Y155.127229 Z24.220517 E0.171283
G1 F240 X76.255598 Y154.611003 Z24.527055 E0.152356
G1 X75.925936 Y154.04595 Z24.615056 E0.137215
G1 E-1.5
G4 P1500 ; dejar cuajar el ápice del arco
G1 E1.5
G1 X75.695204 Y153.431746 Z24.467479 E0.139798
G1 F480 X75.552769 Y152.777344 Z24.115093 E0.157315
G1 X75.471133 Y152.09877 Z23.630236 E0.174196
G1 X75.411395 Y151.415574 Z23.112131 E0.178671
G1 X75.331118 Y150.746707 Z22.666751 E0.167877
G1 X75.192999 Y150.106713 Z22.385307 E0.385175
G1 X74.972574 Y149.502994 Z22.325738 E0.348854
G1 X74.663358 Y148.934671 Z22.500952 E0.13934
G1 X74.278347 Y148.393195 Z22.876207 E0.15862
G1 X73.847536 Y147.864509 Z23.376157 E0.175782
G1 X73.411927 Y147.332229 Z23.900153 E0.179743
G1 X73.015235 Y146.781132 Z24.342662 E0.16848
G1 F240 X72.69496 Y146.200228 Z24.614691 E0.149038
G1 X72.474673 Y145.584771 Z24.661847 E0.13624
G1 E-1.5
G4 P1500 ; dejar cuajar el ápice del arco
G1 E1.5
G1 X72.359092 Y144.936874 Z24.475377 E0.142194
G1 F480 X72.332983 Y144.264662 Z24.093946 E0.160757
G1 X72.364147 Y143.58022 Z23.595784 E0.176094
G1 X72.409897 Y142.896854 Z23.082818 E0.177879
G1 X72.425725 Y142.226269 Z22.659974 E0.16483
G1 X72.374395 Y141.576269 Z22.413892 E0.376667
G1 X72.233609 Y140.949444 Z22.395333 E0.34737
G1 X72.000643 Y140.343044 Z22.608882 E0.142148
G1 X71.693022 Y139.749999 Z23.012016 E0.162203
G1 X71.345036 Y139.160789 Z23.523731 E0.177623
G1 X71.000826 Y138.565687 Z24.04099 E0.178844
G1 X70.705406 Y137.956868 Z24.459628 E0.165414
G1 F240 X70.495484 Y137.32993 Z24.695496 E0.145921
G1 X70.391928 Y136.684533 Z24.701541 E0.135884
G1 E-1.5
G4 P1500 ; dejar cuajar el ápice del arco
G1 E1.5
G1 F480 X70.395453 Y136.024081 Z24.477354 E0.144988
G1 X70.486406 Y135.354588 Z24.069253 E0.164082
G1 X70.628714 Y134.68307 Z23.560883 E0.177564
G1 X70.777198 Y134.015845 Z23.056242 E0.176621
G1 X70.886777 Y133.35717 Z22.658567 E0.161557
G1 X70.921661 Y132.708498 Z22.449389 E0.368853
G1 X70.862682 Y132.068491 Z22.47198 E0.347589
G1 X70.711234 Y131.433727 Z22.722572 E0.145314
G1 X70.489028 Y130.799863 Z23.151123 E0.165626
G1 X70.233693 Y130.162949 Z23.671474 E0.179017
G1 X69.991126 Y129.520507 Z24.178832 E0.177485
G1 F240 X69.806139 Y128.872138 Z24.571042 E0.162147
G1 X69.713329 Y128.21949 Z24.76932 E0.143099
G1 E-1.5
G4 P1500 ; dejar cuajar el ápice del arco
G1 E1.5
G1 X69.730015 Y127.56563 Z24.734241 E0.136161
G1 E-1.5
G4 P1500 ; dejar cuajar el ápice del arco
G1 E1.5
G1 F480 X69.852712 Y126.914016 Z24.473743 E0.148091
G1 X70.057835 Y126.267347 Z24.041514 E0.167218
G1 X70.306517 Y125.62664 Z23.526096 E0.17858
G1 X70.552531 Y124.990786 Z23.032916 E0.17492
G1 X70.751713 Y124.356727 Z22.662886 E0.158126
G1 X70.870956 Y123.720246 Z22.491927 E0.36198
G1 X70.894938 Y123.07716 Z22.555552 E0.349511
G1 X70.82921 Y122.42462 Z22.841667 E0.148743
G1 X70.699031 Y121.762156 Z23.293019 E0.168818
G1 X70.544182 Y121.092182 Z23.818822 E0.179943
G1 X70.410834 Y120.419748 Z24.313176 E0.175693
G1 F240 X70.342131 Y119.751575 Z24.676565 E0.158753
G1 X70.369416 Y119.094543 Z24.836055 E0.140662
G1 E-1.5
G4 P1500 ; dejar cuajar el ápice del arco
G1 E1.5
G1 X70.50589 Y118.453971 Z24.760094 E0.137061
G1 F480 X70.743979 Y117.832122 Z24.464916 E0.151409
G1 X71.05695 Y117.227309 Z24.011247 E0.170098
G1 X71.404418 Y116.633889 Z23.491983 E0.179125
G1 X71.740613 Y116.043209 Z23.01333 E0.172805
G1 X72.023711 Y115.445358 Z22.673253 E0.154616
G1 X72.224316 Y114.831383 Z22.54159 E0.356282
G1 X72.331374 Y114.195462 Z22.645883 E0.135795
G1 X72.354324 Y113.536541 Z22.965781 E0.152338
G1 X72.321064 Y112.858996 Z23.437177 E0.171719
G1 X72.272172 Y112.172115 Z23.965214 E0.180388
G1 X72.252581 Y111.48842 Z24.443541 E0.173501
G1 F240 X72.302413 Y110.821137 Z24.775894 E0.155311
G1 X72.448856 Y110.18133 Z24.895638 E0.138692
G1 E-1.5
G4 P1500 ; dejar cuajar el ápice del arco
G1 E1.5
G1 X72.700719 Y109.575324 Z24.779287 E0.138548
G1 F480 X73.046767 Y109.003001 Z24.451274 E0.154849
G1 X73.458143 Y108.457425 Z23.978989 E0.172667
G1 X73.894358 Y107.925929 Z23.459105 E0.17919
G1 X74.311598 Y107.392536 Z22.997954 E0.170313
G1 X74.671648 Y106.841241 Z22.68995 E0.151111
G1 X74.949595 Y106.259485 Z22.598422 E0.351963
G1 X75.138765 Y105.641071 Z22.742763 E0.137741
G1 X75.251915 Y104.987859 Z23.094498 E0.156005
G1 X75.318451 Y104.30981 Z23.583056 E0.174277
G1 X75.378299 Y103.623287 Z24.110097 E0.180346
G1 X75.473686 Y102.94789 Z24.569472 E0.17095
G1 F240 X75.640546 Y102.302455 Z24.868765 E0.151906
G1 X75.901282 Y101.701026 Z24.948049 E0.137259
G1 E-1.5
G4 P1500 ; dejar cuajar el ápice del arco
G1 E1.5
G1 X76.260361 Y101.149664 Z24.792051 E0.14057
G1 F480 X76.703593 Y100.644826 Z24.433249 E0.158321
G1 X77.201221 Y100.173713 Z23.945284 E0.174874
G1 X77.714124 Y99.716601 Z23.42801 E0.178772
G1 X78.201859 Y99.250736 Z22.987231 E0.167492
G1 X78.630875 Y98.755029 Z22.713223 E0.384028
G1 X78.981218 Y98.214575 Z22.662418 E0.349188
G1 X79.250395 Y97.624043 Z22.845944 E0.140199
G1 X79.453641 Y96.989163 Z23.227371 E0.159655
G1 X79.620581 Y96.32594 Z23.730103 E0.176446
G1 X79.78901 Y95.657674 Z24.252924 E0.17982
G1 X79.997112 Y95.010345 Z24.69054 E0.16809
G1 F240 X80.275703 Y94.407278 Z24.954952 E0.14863
G1 X80.642083 Y93.864189 Z24.993313 E0.136417
G1 E-1.5
G4 P1500 ; dejar cuajar el ápice del arco
G1 E1.5
G1 X81.096732 Y93.385674 Z24.798654 E0.143053
G1 F480 X81.623464 Y92.963913 Z24.411301 E0.161739
G1 X82.192967 Y92.579935 Z23.910689 E0.17668
G1 X82.768946 Y92.207252 Z23.39924 E0.17788
G1 X83.31559 Y91.817179 Z22.981573 E0.164396
G1 X83.8048 Y91.384749 Z22.743277 E0.375664
G1 X84.221743 Y90.894033 Z22.733533 E0.348069
G1 X84.567604 Y90.341708 Z22.955136 E0.143086
G1 X84.859043 Y89.7381 Z23.363929 E0.163204
G1 X85.124513 Y89.105407 Z23.877761 E0.178192
G1 X85.398267 Y88.473405 Z24.393163 E0.178822
G1 X85.71329 Y87.873475 Z24.806347 E0.16498
G1 F240 X86.094636 Y87.332142 Z25.034273 E0.145575
G1 E-1.5
G4 P1500 ; dejar cuajar el ápice del arco
G1 E1.5
G1 X86.554505 Y86.865477 Z25.031498 E0.136197
G1 E-1.5
G4 P1500 ; dejar cuajar el ápice del arco
G1 E1.5
G1 F480 X87.090035 Y86.475533 Z24.799403 E0.145916
G1 X87.684188 Y86.149617 Z24.385912 E0.165024
G1 X88.309505 Y85.862593 Z23.875765 E0.178053
G1 X88.933884 Y85.581833 Z23.373318 E0.176527
G1 X89.527177 Y85.273809 Z22.981364 E0.161087
G1 X90.067232 Y84.911019 Z22.780273 E0.368046
G1 X90.544179 Y84.477807 Z22.811675 E0.348654
G1 X90.962108 Y83.973843 Z23.070015 E0.14631
G1 X91.337887 Y83.414498 Z23.503678 E0.166578
G1 X91.697399 Y82.827987 Z24.025466 E0.179486
G1 X92.070062 Y82.249792 Z24.530296 E0.177371
G1 F240 X92.482757 Y81.71549 Z24.916526 E0.161685
G1 X92.954452 Y81.253427 Z25.106585 E0.142834
G1 E-1.5
G4 P1500 ; dejar cuajar el ápice del arco
G1 E1.5
G1 X93.492562 Y80.878762 Z25.062717 E0.136608
G1 E-1.5
G4 P1500 ; dejar cuajar el ápice del arco
G1 E1.5
G1 F480 X94.091772 Y80.590129 Z24.794642 E0.149067
G1 X94.735467 Y80.369654 Z24.357588 E0.168106
G1 X95.399425 Y80.186378 Z23.841075 E0.178968
G1 X96.056939 Y80.002436 Z23.350752 E0.174736
G1 X96.684291 Y79.780749 Z22.986953 E0.157639
G1 X97.265442 Y79.492677 Z22.824332 E0.361421
G1 X97.795021 Y79.124043 Z22.896711 E0.134973
G1 X98.279036 Y78.678266 Z23.190219 E0.149777
G1 X98.733252 Y78.175912 Z23.646103 E0.169709
G1 X99.179641 Y77.65071 Z24.172656 E0.180309
G1 X99.64169 Y77.142808 Z24.663827 E0.175492
G1 F240 X100.13957 Y76.690614 Z25.020746 E0.15828
G1 X100.686156 Y76.322898 Z25.171791 E0.140495
G1 E-1.5
G4 P1500 ; dejar cuajar el ápice del arco
G1 E1.5
G1 X101.284688 Y76.052771 Z25.087125 E0.137635
G1 F480 X101.92848 Y75.874815 Z24.784748 E0.152413
G1 X102.602671 Y75.765987 Z24.326849 E0.17092
G1 X103.287562 Y75.690157 Z23.80718 E0.17941
G1 X103.962817 Y75.605378 Z23.332031 E0.17254
G1 X104.611605 Y75.472437 Z22.998654 E0.154128
G1 X105.223845 Y75.262933 Z22.875529 E0.356014
G1 X105.797928 Y74.965212 Z22.988465 E0.136466
G1 X106.340625 Y74.586931 Z23.315356 E0.153389
G1 X106.865278 Y74.153675 Z23.790676 E0.172537
G1 X107.388736 Y73.703889 Z24.318772 E0.180649
G1 X107.927717 Y73.281125 Z24.79328 E0.173223
G1 F240 X108.495387 Y72.92517 Z25.118712 E0.154845
G1 X109.098853 Y72.663874 Z25.229838 E0.138639
G1 E-1.5
G4 P1500 ; dejar cuajar el ápice del arco
G1 E1.5
G1 X109.738035 Y72.507359 Z25.10492 E0.139239
G1 F480 X110.406089 Y72.445813 Z24.77013 E0.155861
G1 X111.091211 Y72.451357 Z24.294234 E0.173411
G1 X111.779352 Y72.483622 Z23.774638 E0.179372
G1 X112.457244 Y72.497926 Z23.317615 E0.169977
G1 X113.11507 Y72.454394 Z23.016741 E0.150643
G1 X113.748239 Y72.326141 Z22.933898 E0.352022
G1 X114.357947 Y72.104863 Z23.086717 E0.138524
G1 X114.950481 Y71.80264 Z23.445002 E0.157053
G1 X115.535496 Y71.449587 Z23.936851 E0.175012
G1 X116.123705 Y71.087803 Z24.463259 E0.180503
G1 X116.724518 Y70.762826 Z24.918204 E0.170605
G1 F240 X117.344137 Y70.514353 Z25.210168 E0.151466
G1 X117.984515 Y70.368105 Z25.280713 E0.137332
G1 E-1.5
G4 P1500 ; dejar cuajar el ápice del arco
G1 E1.5
G1 X118.643305 Y70.330521 Z25.116339 E0.141361
G1 F480 X119.314778 Y70.387362 Z24.751225 E0.159322
G1 X119.991395 Y70.506552 Z24.260292 E0.175533
G1 X120.665649 Y70.644659 Z23.743996 E0.178852
G1 X121.331726 Y70.755735 Z23.307943 E0.167096
G1 X121.986624 Y70.800681 Z23.041451 E0.382911
G1 X122.630493 Y70.755254 Z22.999425 E0.349601
G1 X123.266209 Y70.61505 Z23.191212 E0.141076
G1 X123.89831 Y70.396446 Z23.578705 E0.160683
G1 X124.531634 Y70.133306 Z24.084077 E0.177091
G1 X125.170005 Y69.8701 Z24.605576 E0.179876
G1 X125.815303 Y69.652859 Z25.038177 E0.167691
G1 F240 X126.467138 Y69.519781 Z25.294898 E0.148235
G1 X127.123175 Y69.493448 Z25.324453 E0.136622
G1 E-1.5
G4 P1500 ; dejar cuajar el ápice del arco
G1 E1.5
G1 X127.779994 Y69.576202 Z25.121661 E0.143928
G1 F480 X128.434223 Y69.749665 Z24.728498 E0.162713
G1 X129.083635 Y69.978479 Z24.225579 E0.177246
G1 X129.727878 Y70.217509 Z23.715793 E0.17786
G1 X130.368648 Y70.421049 Z23.303422 E0.163954
G1 X131.009236 Y70.552126 Z23.07298 E0.374702
G1 X131.653563 Y70.590031 Z23.072055 E0.348847
G1 X132.304958 Y70.534517 Z23.301651 E0.144037
G1 X132.965005 Y70.405819 Z23.715989 E0.164196
G1 X133.632792 Y70.240506 Z24.231792 E0.178739
G1 X134.304796 Y70.084002 Z24.745192 E0.178781
G1 X134.97549 Y69.981319 Z25.152807 E0.164541
G1 F240 X135.638555 Y69.967892 Z25.372727 E0.145246
G1 E-1.5
G4 P1500 ; dejar cuajar el ápice del arco
G1 E1.5
G1 X136.288443 Y70.062393 Z25.361134 E0.136538
G1 E-1.5
G4 P1500 ; dejar cuajar el ápice del arco
G1 E1.5
G1 F480 X136.921905 Y70.262972 Z25.121199 E0.146854
G1 X137.539087 Y70.547697 Z24.702438 E0.165955
G1 X138.143887 Y70.879079 Z24.190658 E0.178521
G1 X138.743405 Y71.211751 Z23.690548 E0.176413
G1 X139.346568 Y71.501728 Z23.304428 E0.160614
G1 X139.962162 Y71.71534 Z23.111481 E0.367292
G1 X140.596734 Y71.836039 Z23.151687 E0.349796
G1 X141.252821 Y71.867673 Z23.417702 E0.147316
G1 X141.927972 Y71.833611 Z23.856355 E0.167518
G1 X142.614849 Y71.77188 Z24.379434 E0.179932
G1 X143.302453 Y71.727357 Z24.881595 E0.177238
G1 F240 X143.978294 Y71.742603 Z25.261736 E0.161221
G1 X144.63105 Y71.84922 Z25.443524 E0.142589
G1 E-1.5
G4 P1500 ; dejar cuajar el ápice del arco
G1 E1.5
G1 X145.253171 Y72.061492 Z25.390879 E0.137082
G1 E-1.5
G4 P1500 ; dejar cuajar el ápice del arco
G1 E1.5
G1 F480 X145.842811 Y72.373593 Z25.115306 E0.150049
G1 X146.404626 Y72.760897 Z24.673551 E0.16898
G1 X146.949175 Y73.185109 Z24.156091 E0.179335
G1 X147.490981 Y73.602139 Z23.668766 E0.174536
G1 X148.0456 Y73.971095 Z23.311301 E0.157151
G1 X148.626287 Y74.26256 Z23.157065 E0.360923
G1 X149.240961 Y74.464467 Z23.238179 E0.135546
G1 X149.890175 Y74.584399 Z23.538998 E0.150815
G1 X150.566565 Y74.64787 Z23.999286 E0.170585
G1 X151.255983 Y74.692984 Z24.526441 E0.180652
G1 X151.94016 Y74.762574 Z25.014291 E0.175275
G1 F240 X152.600388 Y74.895455 Z25.36464 E0.157808
G1 X153.221475 Y75.118582 Z25.507199 E0.140352
G1 E-1.5
G4 P1500 ; dejar cuajar el ápice del arco
G1 E1.5
G1 X153.795143 Y75.441688 Z25.413852 E0.138234
G1 F480 X154.322093 Y75.855484 Z25.104364 E0.153418
G1 X154.812255 Y76.333741 Z24.642365 E0.171725
G1 X155.283078 Y76.838788 Z24.122439 E0.179674
G1 X155.75614 Y77.32928 Z23.650929 E0.17226
G1 X156.25275 Y77.768617 Z23.324348 E0.153644
G1 X156.789466 Y78.132223 Z23.209798 E0.355811
G1 X157.374257 Y78.412625 Z23.331345 E0.137163
G1 X158.004594 Y78.620524 Z23.665138 E0.15444
G1 X158.667546 Y78.782431 Z24.144248 E0.173332
G1 X159.342098 Y78.935064 Z24.672254 E0.180877
G1 X160.003226 Y79.117808 Z25.14281 E0.172913
G1 F240 X160.627053 Y79.364582 Z25.461231 E0.154368
G1 X161.195866 Y79.697056 Z25.563708 E0.138606
G1 E-1.5
G4 P1500 ; dejar cuajar el ápice del arco
G1 E1.5
G1 X161.701997 Y80.12046 Z25.43026 E0.13995
G1 F480 X162.149731 Y80.622771 Z25.088789 E0.156858
G1 X162.554772 Y81.177428 Z24.609419 E0.174107
G1 X162.94137 Y81.748839 Z24.090258 E0.179484
G1 X163.337373 Y82.299909 Z23.637494 E0.16958
G1 X163.768569 Y82.7995 Z23.343836 E0.150154
G1 X164.253249 Y83.228614 Z23.269703 E0.352161
G1 X164.798208 Y83.583968 Z23.430958 E0.139333
G1 X165.396864 Y83.878538 Z23.795692 E0.158066
G1 X166.030434 Y84.138403 Z24.290695 E0.175648
G1 X166.671462 Y84.397255 Z24.816322 E0.18053
G1 X167.289294 Y84.689415 Z25.266708 E0.170144
G1 F240 X167.856343 Y85.042864 Z25.551262 E0.15097
G1 X168.35388 Y85.473696 Z25.61305 E0.137415
G1 E-1.5
G4 P1500 ; dejar cuajar el ápice del arco
G1 E1.5
G1 X168.776087 Y85.983113 Z25.440348 E0.142147
G1 F480 X169.131551 Y86.5575 Z25.069026 E0.160234
G1 X169.441776 Y87.171502 Z24.575264 E0.176025
G1 X169.737003 Y87.793412 Z24.060095 E0.178741
G1 X170.050125 Y88.391719 Z23.628893 E0.166554
G1 X170.409925 Y88.941475 Z23.369993 E0.381685
G1 X170.835036 Y89.429168 Z23.336758 E0.350131
G1 X171.329884 Y89.855157 Z23.536753 E0.141956
G1 X171.883497 Y90.233235 Z23.930203 E0.161587
G1 X172.47148 Y90.587471 Z24.438073 E0.177504
G1 X173.060788 Y90.947064 Z24.958104 E0.179668
G1 X173.616386 Y91.340278 Z25.385568 E0.167082
G1 F240 X174.108421 Y91.788739 Z25.634527 E0.147752
G1 X174.518452 Y92.303238 Z25.655269 E0.13683
G1 E-1.5
G4 P1500 ; dejar cuajar el ápice del arco
G1 E1.5
G1 F480 X174.843431 Y92.881838 Z25.444402 E0.144747
G1 X175.096553 Y93.510639 Z25.045543 E0.16349
G1 X175.304784 Y94.166931 Z24.540459 E0.177511
G1 X175.503505 Y94.824052 Z24.032481 E0.177529
G1 X175.729343 Y95.456889 Z23.625525 E0.163298
G1 X176.012655 Y96.046896 Z23.403004 E0.37363
G1 X176.371178 Y96.585623 Z23.410899 E0.34978
G1 X176.806206 Y97.076068 Z23.648424 E0.144948
G1 X177.302089 Y97.531675 Z24.06819 E0.164955
G1 X177.829268 Y97.973199 Z24.58582 E0.178918
G1 X178.350164 Y98.424234 Z25.097074 E0.178355
G1 F240 X178.82669 Y98.906374 Z25.499006 E0.163825
G1 X179.228108 Y99.434865 Z25.710859 E0.144817
G1 E-1.5
G4 P1500 ; dejar cuajar el ápice del arco
G1 E1.5
G1 X179.537438 Y100.01574 Z25.690452 E0.13687
G1 E-1.5
G4 P1500 ; dejar cuajar el ápice del arco
G1 E1.5
G1 F480 X179.75507 Y100.644946 Z25.442746 E0.147668
G1 X179.898763 Y101.309613 Z25.018833 E0.166578
G1 X180.000358 Y101.990915 Z24.505566 E0.178572
G1 X180.099333 Y102.668155 Z24.007937 E0.175908
G1 X180.234754 Y103.323036 Z23.627761 E0.159908
G1 X180.437247 Y103.943262 Z23.443015 E0.366496
G1 X180.722773 Y104.524686 Z23.492014 E0.351094
G1 X181.089065 Y105.071824 Z23.765631 E0.148219
G1 X181.515938 Y105.596503 Z24.20915 E0.168138
G1 X181.969255 Y106.115087 Z24.733373 E0.179934
G1 X182.407836 Y106.644885 Z25.232723 E0.176681
G1 F240 X182.791724 Y107.200597 Z25.60667 E0.160485
G1 X183.090389 Y107.791436 Z25.780135 E0.142267
G1 E-1.5
G4 P1500 ; dejar cuajar el ápice del arco
G1 E1.5
G1 X183.28907 Y108.419515 Z25.718731 E0.137533
G1 F480 X183.39193 Y109.079792 Z25.435737 E0.150854
G1 X183.421346 Y109.761497 Z24.989409 E0.169492
G1 X183.413465 Y110.450656 Z24.471149 E0.179255
G1 X183.410904 Y111.133138 Z23.986961 E0.17395
G1 X183.454075 Y111.797555 Z23.635933 E0.156465
G1 X183.57289 Y112.437412 Z23.490127 E0.36046
G1 X183.780574 Y113.052104 Z23.579953 E0.136162
G1 X184.070843 Y113.646617 Z23.887999 E0.151706
G1 X184.419071 Y114.230073 Z24.352562 E0.171104
G1 X184.787209 Y114.813513 Z24.880171 E0.180541
G1 X185.131485 Y115.407419 Z25.364563 E0.174651
G1 F240 X185.411314 Y116.019551 Z25.708243 E0.157098
G1 X185.597607 Y116.653514 Z25.842277 E0.140155
G1 E-1.5
G4 P1500 ; dejar cuajar el ápice del arco
G1 E1.5
G1 X185.678764 Y117.30834 Z25.740278 E0.138793
G1 F480 X185.663119 Y117.979088 Z25.423767 E0.154211
G1 X185.577321 Y118.658258 Z24.957799 E0.172143
G1 X185.460961 Y119.337644 Z24.437766 E0.17949
G1 X185.358533 Y120.010188 Z23.970029 E0.171618
G1 X185.310365 Y120.6714 Z23.650339 E0.153
G1 X185.34437 Y121.320065 Z23.544396 E0.355709
G1 X185.47031 Y121.958134 Z23.674521 E0.137878
G1 X185.677751 Y122.589878 Z24.015122 E0.155302
G1 X185.938142 Y123.220575 Z24.497888 E0.173753
G1 X186.210595 Y123.855085 Z25.025656 E0.180669
G1 X186.450205 Y124.49666 Z25.492128 E0.172252
G1 F240 X186.617196 Y125.146281 Z25.803448 E0.153718
G1 X186.68504 Y125.802651 Z25.897248 E0.138549
G1 E-1.5
G4 P1500 ; dejar cuajar el ápice del arco
G1 E1.5
G1 X186.645886 Y126.462796 Z25.755309 E0.1406
G1 F480 X186.512171 Y127.123091 Z25.407256 E0.157631
G1 X186.314105 Y127.780407 Z24.924548 E0.174455
G1 X186.093514 Y128.433054 Z24.405972 E0.179248
G1 X185.895325 Y129.081278 Z23.957595 E0.168945
G1 X185.758403 Y129.727158 Z23.671238 E0.1496
G1 X185.707641 Y130.373942 Z23.605837 E0.352424
G1 X185.74889 Y131.025003 Z23.775483 E0.140122
G1 X185.867694 Y131.682692 Z24.146563 E0.158909
G1 X186.032642 Y132.347446 Z24.644582 E0.176036
G1 X186.201461 Y133.017357 Z25.169279 E0.180336
G1 X186.32949 Y133.688379 Z25.614981 E0.169557
G1 F240 X186.378911 Y134.35519 Z25.892046 E0.150455
G1 X186.326625 Y135.012514 Z25.945059 E0.137516
G1 E-1.5
G4 P1500 ; dejar cuajar el ápice del arco
G1 E1.5
G1 X186.168509 Y135.656509 Z25.764079 E0.142889
G1 F480 X185.920325 Y136.285971 Z25.386655 E0.161056
G1 X185.614811 Y136.90302 Z24.890207 E0.176456
G1 X185.294878 Y137.512949 Z24.37631 E0.178636
G1 X185.004732 Y138.123253 Z23.950082 E0.166083
G1 X184.781024 Y138.742038 Z23.698849 E0.380666
G1 X184.64562 Y139.37616 Z23.674417 E0.350703
G1 X184.600897 Y140.029372 Z23.882564 E0.142817
G1 X184.62931 Y140.701105 Z24.281861 E0.162552
G1 X184.696992 Y141.386138 Z24.792086 E0.178117
G1 X184.760881 Y142.075392 Z25.310502 E0.179775
G1 X184.777106 Y142.757541 Z25.73271 E0.1668
G1 F240 X184.710017 Y143.42139 Z25.973837 E0.14748
G1 X184.539502 Y144.058418 Z25.985762 E0.137107
G1 E-1.5
G4 P1500 ; dejar cuajar el ápice del arco
G1 E1.5
G1 F480 X184.265089 Y144.664906 Z25.766882 E0.145667
G1 X183.905997 Y145.243143 Z25.362439 E0.164587
G1 X183.497212 Y145.801371 Z24.855336 E0.178323
G1 X183.082345 Y146.352397 Z24.349311 E0.177829
G1 X182.704726 Y146.911091 Z23.947886 E0.163137
G1 X182.3986 Y147.491245 Z23.73335 E0.373014
G1 X182.182151 Y148.102457 Z23.750063 E0.350565
G1 X182.053867 Y148.747742 Z23.995451 E0.145967
G1 X181.992919 Y149.422435 Z24.420528 E0.166251
G1 X181.963473 Y150.114697 Z24.939839 E0.179999
G1 X181.922051 Y150.807627 Z25.448803 E0.178932
G1 F240 X181.826398 Y151.482572 Z25.844939 E0.163896
G1 X181.644095 Y152.123034 Z26.048666 E0.144759
G1 E-1.5
G4 P1500 ; dejar cuajar el ápice del arco
G1 E1.5
G1 X181.359125 Y152.718321 Z26.019453 E0.137328
G1 E-1.5
G4 P1500 ; dejar cuajar el ápice del arco
G1 E1.5
G1 F480 X180.97505 Y153.266132 Z25.764047 E0.148866
G1 X180.514205 Y153.773495 Z25.335103 E0.168082
G1 X180.013025 Y154.255717 Z24.820497 E0.17985
G1 X179.514578 Y154.73354 Z24.32549 E0.176608
G1 X179.059772 Y155.228982 Z23.951366 E0.159981
G1 X178.679055 Y155.760705 Z23.774875 E0.366101
G1 X178.38631 Y156.339888 Z23.832655 E0.352137
G1 X178.17613 Y156.967483 Z24.113797 E0.149482
G1 X178.025095 Y157.633551 Z24.562058 E0.169823
G1 X177.896678 Y158.318863 Z25.087278 E0.18146
G1 X177.748787 Y158.998549 Z25.583676 E0.17764
G1 F240 X177.54221 Y159.646975 Z25.951323 E0.160791
G1 X177.24891 Y160.243316 Z26.116419 E0.142346
G1 E-1.5
G4 P1500 ; dejar cuajar el ápice del arco
G1 E1.5
G1 X176.857573 Y160.776086 Z26.046273 E0.138188
G1 F480 X176.375605 Y161.245802 Z25.755941 E0.152363
G1 X175.827457 Y161.665336 Z25.305166 E0.171378
G1 X175.249527 Y162.057684 Z24.786254 E0.180889
G1 X174.682706 Y162.451553 Z24.305341 E0.174875
G1 X174.163721 Y162.875312 Z23.96085 E0.156611
G1 X173.717886 Y163.351133 Z23.823517 E0.360152
G1 X173.35415 Y163.890157 Z23.922032 E0.136718
G1 X173.063659 Y164.489915 Z24.237219 E0.153242
G1 X172.821313 Y165.133979 Z24.705925 E0.173079
G1 X172.591668 Y165.795405 Z25.233841 E0.182282
G1 X172.336215 Y166.441954 Z25.714639 E0.175707
G1 F240 X172.021206 Y167.042596 Z26.051554 E0.157426
G1 X171.624216 Y167.573804 Z26.177025 E0.140301
G1 E-1.5
G4 P1500 ; dejar cuajar el ápice del arco
G1 E1.5
G1 X171.139064 Y168.025139 Z26.066405 E0.139651
G1 F480 X170.576365 Y168.401383 Z25.742961 E0.155949
G1 X169.96106 Y168.721909 Z25.273159 E0.174176
G1 X169.327117 Y169.017034 Z24.753165 E0.181147
G1 X168.710473 Y169.321978 Z24.289336 E0.172472
G1 X168.141728 Y169.669673 Z23.976627 E0.153061
G1 X167.640076 Y170.08388 Z23.879324 E0.355521
G1 X167.209691 Y170.574062 Z24.017991 E0.13863
G1 X166.839233 Y171.13311 Z24.365305 E0.156998
G1 X166.504525 Y171.738458 Z24.851591 E0.175769
G1 X166.173765 Y172.356415 Z25.378973 E0.18234
G1 X165.814163 Y172.948895 Z25.84123 E0.173178
G1 F240 X165.39862 Y173.481181 Z26.145362 E0.153955
G1 X164.911074 Y173.929148 Z26.23046 E0.138767
G1 E-1.5
G4 P1500 ; dejar cuajar el ápice del arco
G1 E1.5
G1 X164.349484 Y174.284423 Z26.080071 E0.141634
G1 F480 X163.725875 Y174.55639 Z25.725535 E0.159476
G1 X163.063531 Y174.770559 Z25.239627 E0.176471
G1 X162.391984 Y174.963581 Z24.721783 E0.180792
G1 X161.740866 Y175.175869 Z24.277922 E0.169649
G1 X161.133921 Y175.443328 Z23.998948 E0.388897
G1 X160.584387 Y175.789879 Z23.942298 E0.352471
G1 X160.092649 Y176.222336 Z24.120289 E0.141066
G1 X159.646582 Y176.728723 Z24.497612 E0.160721
G1 X159.224418 Y177.280453 Z24.998506 E0.178037
G1 X158.799484 Y177.837951 Z25.522126 E0.181883
G1 X158.345787 Y178.358623 Z25.963018 E0.170322
G1 F240 X157.843269 Y178.805565 Z26.232516 E0.150608
G1 X157.281677 Y179.155215 Z26.276742 E0.137826
G1 E-1.5
G4 P1500 ; dejar cuajar el ápice del arco
G1 E1.5
G1 X156.6623 Y179.402362 Z26.087536 E0.144097
G1 F480 X155.997297 Y179.561447 Z25.704119 E0.16296
G1 X155.306834 Y179.663839 Z25.205125 E0.178364
G1 X154.6147 Y179.751592 Z24.692648 E0.179952
G1 X153.943348 Y179.868931 Z24.271516 E0.166539
G1 X153.309413 Y180.053196 Z24.028022 E0.380305
G1 X152.720588 Y180.327094 Z24.012401 E0.351093
G1 X152.174469 Y180.69387 Z24.228641 E0.14395
G1 X151.659497 Y181.136426 Z24.633674 E0.164354
G1 X151.157741 Y181.620609 Z25.146111 E0.17988
G1 X150.648855 Y182.102032 Z25.662767 E0.180943
G1 X150.114353 Y182.535066 Z26.0796 E0.167203
G1 F240 X149.541291 Y182.882169 Z26.312827 E0.147471
G1 E-1.5
G4 P1500 ; dejar cuajar el ápice del arco
G1 E1.5
G1 X148.924645 Y183.12165 Z26.315932 E0.137515
G1 E-1.5
G4 P1500 ; dejar cuajar el ápice del arco
G1 E1.5
G1 F480 X148.267936 Y183.252243 Z26.089102 E0.146957
G1 X147.582069 Y183.293542 Z25.679191 E0.16632
G1 X146.882709 Y183.282148 Z25.170213 E0.179821
G1 X146.186827 Y183.264318 Z24.666287 E0.178642
G1 X145.509152 Y183.286555 Z24.270507 E0.163203
G1 X144.85931 Y183.386096 Z24.064018 E0.372436
G1 X144.240176 Y183.583213 Z24.089546 E0.351449
G1 X143.647736 Y183.87695 Z24.342729 E0.147191
G1 X143.072395 Y184.245166 Z24.772998 E0.167818
G1 X142.501365 Y184.648925 Z25.293844 E0.181267
G1 X141.92156 Y185.040353 Z25.800375 E0.179541
G1 F240 X141.322366 Y185.372365 Z26.190604 E0.163885
G1 X140.697676 Y185.608292 Z26.386148 E0.14464
G1 E-1.5
G4 P1500 ; dejar cuajar el ápice del arco
G1 E1.5
G1 X140.046832 Y185.729427 Z26.348138 E0.137845
G1 E-1.5
G4 P1500 ; dejar cuajar el ápice del arco
G1 E1.5
G1 F480 X139.374327 Y185.738935 Z26.085106 E0.150123
G1 X138.688423 Y185.661305 Z25.651254 E0.169482
G1 X137.999071 Y185.537444 Z25.135455 E0.180816
G1 X137.315631 Y185.416386 Z24.643212 E0.176884
G1 X136.644921 Y185.345307 Z24.275248 E0.159713
G1 X135.99 Y185.359883 Z24.107062 E0.36554
G1 X135.349904 Y185.476964 Z24.173607 E0.353531
G1 X134.720321 Y185.691068 Z24.462196 E0.150692
G1 X134.09497 Y185.975435 Z24.915073 E0.171044
G1 X133.467309 Y186.287423 Z25.441142 E0.182178
G1 X132.83214 Y186.577173 Z25.93445 E0.1777
G1 F240 X132.186724 Y186.79776 Z26.295694 E0.160444
G1 X131.531185 Y186.914771 Z26.452374 E0.142205
G1 E-1.5
G4 P1500 ; dejar cuajar el ápice del arco
G1 E1.5
G1 X130.868136 Y186.913344 Z26.373508 E0.138804
G1 F480 X130.201699 Y186.801227 Z26.075921 E0.1535
G1 X129.536191 Y186.607223 Z25.620828 E0.17238
G1 X128.874858 Y186.375337 Z25.101413 E0.181332
G1 X128.218997 Y186.155816 Z24.623912 E0.174708
G1 X127.567681 Y185.994911 Z24.286057 E0.156149
G1 X126.918159 Y185.925445 Z24.157237 E0.359854
G1 X126.26681 Y185.960128 Z24.264414 E0.13741
G1 X125.610371 Y186.088972 Z24.586653 E0.154354
G1 X124.947106 Y186.28134 Z25.059372 E0.17397
G1 X124.277564 Y186.4922 Z25.587445 E0.182601
G1 X123.604708 Y186.67132 Z26.064514 E0.175457
G1 F240 X122.93333 Y186.773496 Z26.39457 E0.15696
G1 X122.268881 Y186.76776 Z26.511445 E0.140249
G1 E-1.5
G4 P1500 ; dejar cuajar el ápice del arco
G1 E1.5
G1 X121.61599 Y186.643653 Z26.392234 E0.140355
G1 F480 X120.977063 Y186.413322 Z26.061951 E0.156993
G1 X120.351325 Y186.108988 Z25.588448 E0.174958
G1 X119.734626 Y185.776346 Z25.068643 E0.181361
G1 X119.120096 Y185.465225 Z24.608854 E0.172155
G1 X118.499576 Y185.21944 Z24.303217 E0.152597
G1 X117.86553 Y185.067896 Z24.21458 E0.355581
G1 X117.212984 Y185.018769 Z24.361753 E0.13943
G1 X116.541039 Y185.057917 Z24.715682 E0.158083
G1 X115.853533 Y185.151856 Z25.205352 E0.176544
G1 X115.158639 Y185.254655 Z25.732198 E0.18253
G1 X114.467399 Y185.317339 Z26.190111 E0.172853
G1 F240 X113.79145 Y185.29786 Z26.48697 E0.15352
G1 X113.140436 Y185.169622 Z26.563344 E0.138841
G1 E-1.5
G4 P1500 ; dejar cuajar el ápice del arco
G1 E1.5
G1 X112.519658 Y184.926802 Z26.404548 E0.142443
G1 F480 X111.928539 Y184.585425 Z26.043631 E0.160512
G1 X111.360302 Y184.17998 Z25.554661 E0.177167
G1 X110.803028 Y183.7563 Z25.037697 E0.180901
G1 X110.241941 Y183.362183 Z24.598479 E0.16927
G1 X109.662488 Y183.037669 Z24.326968 E0.387788
G1 X109.053566 Y182.806964 Z24.279087 E0.352888
G1 X108.410205 Y182.673645 Z24.465373 E0.141964
G1 X107.73506 Y182.620092 Z24.848834 E0.161787
G1 X107.03832 Y182.611238 Z25.352462 E0.178721
G1 X106.335969 Y182.601837 Z25.874858 E0.18197
G1 X105.646683 Y182.545744 Z26.310816 E0.16994
G1 F240 X104.987972 Y182.4053 Z26.572673 E0.150217
G1 X104.372369 Y182.158902 Z26.608099 E0.138035
G1 E-1.5
G4 P1500 ; dejar cuajar el ápice del arco
G1 E1.5
G1 X103.804495 Y181.805254 Z26.410723 E0.144993
G1 F480 X103.279681 Y181.363439 Z26.021421 E0.16397
G1 X102.784517 Y180.868854 Z25.520024 E0.178966
G1 X102.299307 Y180.365869 Z25.009113 E0.17996
G1 X101.801976 Y179.898734 Z24.593198 E0.166111
G1 X101.272671 Y179.502609 Z24.357513 E0.379347
G1 X100.698082 Y179.196541 Z24.350708 E0.351882
G1 X100.074562 Y178.979786 Z24.574982 E0.144927
G1 X99.409321 Y178.832199 Z24.985636 E0.165384
;WIDTH:1.250
; LINE_WIDTH: 1.250
;Z:26.582
;HEIGHT:2.248
G1 X99.358218 Y178.923055 Z24.983291 E0.021675
G1 X98.667685 Y178.808075 Z25.495944 E0.18037
G1 X97.976082 Y178.684083 Z26.008841 E0.180834
G1 X97.308857 Y178.509351 Z26.418701 E0.166782
G1 F240 X96.688096 Y178.251683 Z26.643154 E0.147301
G1 E-1.5
G4 P1500 ; dejar cuajar el ápice del arco
G1 E1.5
G1 X96.127778 Y177.894826 Z26.637459 E0.138098
G1 E-1.5
G4 P1500 ; dejar cuajar el ápice del arco
G1 E1.5
G1 F480 X95.630558 Y177.441556 Z26.403588 E0.148071
G1 X95.186825 Y176.91286 Z25.989821 E0.167288
G1 X94.776308 Y176.343432 Z25.480951 E0.180232
G1 X94.371977 Y175.774448 Z24.981073 E0.178472
G1 X93.945486 Y175.24513 Z24.592455 E0.162768
G1 X93.473071 Y174.784843 Z24.394785 E0.37215
G1 X92.940673 Y174.407298 Z24.428999 E0.353241
G1 X92.347178 Y174.108046 Z24.688966 E0.148362
G1 X91.705052 Y173.86568 Z25.122738 E0.16878
G1 X91.038158 Y173.646471 Z25.643093 E0.181647
G1 X90.377122 Y173.411423 Z26.145235 E0.179348
G1 F240 X89.753162 Y173.124275 Z26.528064 E0.163462
G1 X89.191631 Y172.758812 Z26.714696 E0.144577
G1 E-1.5
G4 P1500 ; dejar cuajar el ápice del arco
G1 E1.5
G1 X88.706596 Y172.303996 Z26.668069 E0.13856
G1 E-1.5
G4 P1500 ; dejar cuajar el ápice del arco
G1 E1.5
G1 F480 X88.297641 Y171.765928 Z26.39846 E0.151257
G1 X87.949595 Y171.166295 Z25.961403 E0.170371
G1 X87.635324 Y170.537682 Z25.446418 E0.181118
G1 X87.321081 Y169.916762 Z24.95884 E0.176636
G1 X86.973354 Y169.336802 Z24.598442 E0.159287
G1 X86.56583 Y168.821005 Z24.439186 E0.365566
G1 X86.085017 Y168.378042 Z24.514207 E0.136792
G1 X85.533339 Y168.00063 Z24.809095 E0.15187
G1 X84.928989 Y167.667369 Z25.264815 E0.17192
G1 X84.302519 Y167.347421 Z25.789689 E0.182449
G1 X83.690791 Y167.006978 Z26.278004 E0.177434
G1 F240 X83.129498 Y166.616195 Z26.631466 E0.160037
G1 X82.645786 Y166.155146 Z26.779154 E0.142263
G1 E-1.5
G4 P1500 ; dejar cuajar el ápice del arco
G1 E1.5
G1 X82.252486 Y165.617622 Z26.691906 E0.139638
G1 F480 X81.945209 Y165.012048 Z26.388245 E0.154634
G1 X81.70294 Y164.359409 Z25.930617 E0.173181
G1 X81.492081 Y163.68868 Z25.412717 E0.181527
G1 X81.273167 Y163.03075 Z24.940471 E0.174394
G1 X81.008908 Y162.412131 Z24.61054 E0.155751
G1 X80.67192 Y161.84973 Z24.490702 E0.360226
G1 X80.250544 Y161.347718 Z24.606094 E0.138341
G1 X79.751506 Y160.897082 Z24.934111 E0.155519
G1 X79.198838 Y160.477866 Z25.408993 E0.174751
G1 X78.629206 Y160.063572 Z25.935174 E0.182764
G1 X78.084569 Y159.626744 Z26.406676 E0.17513
G1 F240 X77.603633 Y159.144581 Z26.728618 E0.156588
G1 X77.213857 Y158.603408 Z26.836474 E0.14044
G1 E-1.5
G4 P1500 ; dejar cuajar el ápice del arco
G1 E1.5
G1 X76.925656 Y158.00115 Z26.709168 E0.141291
G1 F480 X76.73004 Y157.347358 Z26.373353 E0.158106
G1 X76.60021 Y156.660866 Z25.898001 E0.175663
G1 X76.49684 Y155.965647 Z25.380403 E0.181451
G1 X76.376007 Y155.285774 Z24.926424 E0.171787
G1 X76.198157 Y154.640543 Z24.62902 E0.152247
G1 X75.93629 Y154.040772 Z24.549365 E0.356324
G1 X75.581649 Y153.486959 Z24.70444 E0.140455
G1 X75.145739 Y152.969634 Z25.063588 E0.159216
G1 X74.658194 Y152.471724 Z25.55473 E0.177224
G1 X74.160901 Y151.972369 Z26.078999 E0.18259
G1 X73.699547 Y151.451352 Z26.530806 E0.172479
G1 F240 X73.314298 Y150.893198 Z26.819267 E0.153204
G1 X73.031518 Y150.290106 Z26.886651 E0.139172
G1 E-1.5
G4 P1500 ; dejar cuajar el ápice del arco
G1 E1.5
G1 X72.858245 Y149.643179 Z26.720096 E0.143461
G1 F480 X72.780573 Y148.961763 Z26.354223 E0.161586
G1 X72.766324 Y148.261125 Z25.864101 E0.177769
G1 X72.771485 Y147.55904 Z25.350021 E0.180891
G1 X72.749128 Y146.872026 Z24.917134 E0.168864
G1 X72.659 Y146.212062 Z24.654114 E0.387057
G1 X72.475822 Y145.584407 Z24.615158 E0.354012
G1 X72.194576 Y144.986952 Z24.808986 E0.14306
G1 X71.831687 Y144.411129 Z25.197074 E0.162871
G1 X71.421817 Y143.844109 Z25.701472 E0.179295
G1 X71.010899 Y143.271753 Z26.220622 E0.181931
G1 X70.64682 Y142.681644 Z26.649973 E0.169533
G1 F240 X70.369647 Y142.065558 Z26.903199 E0.149975
G1 X70.203395 Y141.420878 Z26.929721 E0.138508
G1 E-1.5
G4 P1500 ; dejar cuajar el ápice del arco
G1 E1.5
G1 X70.151029 Y140.750725 Z26.72497 E0.146072
G1 F480 X70.193754 Y140.062863 Z26.331318 E0.164989
G1 X70.294745 Y139.367692 Z25.829473 E0.179462
G1 X70.406594 Y138.675837 Z25.322106 E0.179857
G1 X70.480946 Y137.995875 Z24.913005 E0.165681
G1 X70.478379 Y137.332705 Z24.686015 E0.378845
G1 X70.376488 Y136.686861 Z24.688022 E0.353383
G1 X70.174534 Y136.054854 Z24.919432 E0.146072
G1 X69.893667 Y135.430385 Z25.334094 E0.166403
G1 X69.572688 Y134.806084 Z25.848663 E0.180931
G1 X69.260178 Y134.17533 Z26.359518 E0.180803
G1 X69.004617 Y133.533715 Z26.76379 E0.166355
G1 F240 X68.844492 Y132.879848 Z26.980245 E0.146996
G1 E-1.5
G4 P1500 ; dejar cuajar el ápice del arco
G1 E1.5
G1 X68.800424 Y132.215336 Z26.965766 E0.138472
G1 E-1.5
G4 P1500 ; dejar cuajar el ápice del arco
G1 E1.5
G1 F480 X68.870928 Y131.544029 Z26.724106 E0.149037
G1 X69.032681 Y130.870764 Z26.305126 E0.168237
G1 X69.245245 Y130.199959 Z25.794678 E0.180711
G1 X69.459296 Y129.534447 Z25.297176 E0.178366
G1 X69.62667 Y128.874828 Z24.914407 E0.162306
G1 X69.710186 Y128.219502 Z24.724872 E0.371458
G1 X69.69123 Y127.565341 Z24.767855 E0.354469
G1 X69.57355 Y126.908802 Z25.035445 E0.149396
G1 X69.382494 Y126.247152 Z25.474148 E0.16974
G1 X69.15984 Y125.579469 Z25.995741 E0.182106
G1 X68.955271 Y124.907118 Z26.495175 E0.179225
G1 F240 X68.816251 Y124.233554 Z26.871902 E0.163012
G1 X68.778359 Y123.563482 Z27.050276 E0.144358
G1 E-1.5
G4 P1500 ; dejar cuajar el ápice del arco
G1 E1.5
G1 X68.858054 Y122.901567 Z26.99491 E0.139067
G1 E-1.5
G4 P1500 ; dejar cuajar el ápice del arco
G1 E1.5
G1 F480 X69.049357 Y122.251046 Z26.717854 E0.152266
G1 X69.325102 Y121.612589 Z26.276156 E0.171262
G1 X69.642514 Y120.983776 Z25.760276 E0.181495
G1 X69.951945 Y120.359346 Z25.275731 E0.176443
G1 X70.207001 Y119.732244 Z24.921679 E0.158813
G1 X70.373967 Y119.095246 Z24.770793 E0.365136
G1 X70.438632 Y118.442804 Z24.854511 E0.137398
G1 X70.40911 Y117.772653 Z25.156656 E0.152936
G1 X70.31411 Y117.086776 Z25.616721 E0.172814
G1 X70.197011 Y116.391406 Z26.142146 E0.182803
G1 X70.10698 Y115.696013 Z26.627106 E0.177227
G1 F240 X70.088939 Y115.011418 Z26.973989 E0.159581
G1 X70.174451 Y114.34741 Z27.113207 E0.142148
G1 E-1.5
G4 P1500 ; dejar cuajar el ápice del arco
G1 E1.5
G1 X70.375361 Y113.710416 Z27.017319 E0.140269
G1 F480 X70.681484 Y113.101735 Z26.706602 E0.155664
G1 X71.062793 Y112.516829 Z26.244932 E0.174002
G1 X71.475626 Y111.945879 Z25.726825 E0.181799
G1 X71.871642 Y111.375591 Z25.25825 E0.174122
G1 X72.207667 Y110.791914 Z24.935123 E0.155282
G1 X72.45443 Y110.183118 Z24.82384 E0.360101
G1 X72.60241 Y109.542569 Z24.947802 E0.13907
G1 X72.663634 Y108.870555 Z25.282664 E0.156596
G1 X72.669065 Y108.174695 Z25.761279 E0.175569
G1 X72.66217 Y107.468767 Z26.287321 E0.183014
G1 X72.689984 Y106.770104 Z26.754841 E0.174848
G1 F240 X72.793528 Y106.096071 Z27.069767 E0.156145
G1 X72.99952 Y105.460328 Z27.168996 E0.140443
G1 E-1.5
G4 P1500 ; dejar cuajar el ápice del arco
G1 E1.5
G1 X73.315068 Y104.869695 Z27.033203 E0.142035
G1 F480 X73.726399 Y104.322329 Z26.690764 E0.159139
G1 X74.201835 Y103.807683 Z26.211994 E0.176403
G1 X74.698395 Y103.308325 Z25.69488 E0.181619
G1 X75.170617 Y102.803343 Z25.245188 E0.171447
G1 X75.579806 Y102.272645 Z24.955002 E0.151804
G1 X75.901806 Y101.70129 Z24.884033 E0.356537
G1 X76.131743 Y101.082918 Z25.047499 E0.141291
G1 X76.28479 Y100.421488 Z25.413039 E0.160285
G1 X76.392857 Y99.730912 Z25.907277 E0.177955
G1 X76.497913 Y99.03254 Z26.430719 E0.182736
G1 X76.643348 Y98.350982 Z26.877942 E0.172133
G1 F240 X76.865143 Y97.709055 Z27.158993 E0.152793
G1 X77.184662 Y97.122929 Z27.217645 E0.139304
G1 E-1.5
G4 P1500 ; dejar cuajar el ápice del arco
G1 E1.5
G1 X77.604495 Y96.598481 Z27.042809 E0.144301
G1 F480 X78.10818 Y96.129698 Z26.670785 E0.162603
G1 X78.663783 Y95.699524 Z26.177892 E0.178421
G1 X79.230585 Y95.283055 Z25.664982 E0.180958
G1 X79.76745 Y94.852511 Z25.236971 E0.168467
G1 X80.241159 Y94.382962 Z24.98154 E0.386024
G1 X80.63302 Y93.857656 Z24.951348 E0.354585
G1 X80.942419 Y93.271792 Z25.153336 E0.143985
G1 X81.186654 Y92.633916 Z25.547324 E0.163914
G1 X81.39713 Y91.964558 Z26.054163 E0.179933
G1 X81.612758 Y91.292325 Z26.571802 E0.181977
G1 X81.871929 Y90.648187 Z26.995994 E0.169138
G1 F240 X82.204737 Y90.059114 Z27.241463 E0.149616
G1 X82.627021 Y89.542364 Z27.259201 E0.138775
G1 E-1.5
G4 P1500 ; dejar cuajar el ápice del arco
G1 E1.5
G1 F480 X83.137396 Y89.101637 Z27.046425 E0.14699
G1 X83.717846 Y88.725968 Z26.647133 E0.165974
G1 X84.337674 Y88.391624 Z26.143181 E0.180019
G1 X84.95995 Y88.066727 Z25.637664 E0.179825
G1 X85.549102 Y87.717675 Z25.233996 E0.165243
G1 X86.078085 Y87.31608 Z25.014921 E0.377985
G1 X86.533665 Y86.844793 Z25.025715 E0.354325
G1 X86.918804 Y86.30173 Z25.265004 E0.147065
G1 X87.251691 Y85.700657 Z25.685036 E0.167405
G1 X87.561723 Y85.068711 Z26.201377 E0.18147
G1 X87.883282 Y84.441085 Z26.710045 E0.180751
G1 F240 X88.24865 Y83.853934 Z27.108618 E0.165923
G1 X88.681512 Y83.336937 Z27.317015 E0.146709
G1 E-1.5
G4 P1500 ; dejar cuajar el ápice del arco
G1 E1.5
G1 X89.19235 Y82.907036 Z27.293756 E0.138875
G1 E-1.5
G4 P1500 ; dejar cuajar el ápice del arco
G1 E1.5
G1 F480 X89.776639 Y82.564702 Z27.044376 E0.150013
G1 X90.41612 Y82.293521 Z26.620303 E0.169175
G1 X91.082839 Y82.063278 Z26.108423 E0.181168
G1 X91.745044 Y81.835941 Z25.613439 E0.178241
G1 X92.373705 Y81.573378 Z25.236629 E0.161842
G1 X92.948303 Y81.245225 Z25.055284 E0.370821
G1 X93.460728 Y80.835292 Z25.107024 E0.355773
G1 X93.91656 Y80.345151 Z25.382163 E0.150437
G1 X94.333517 Y79.794116 Z25.825674 E0.170686
G1 X94.737499 Y79.215564 Z26.348358 E0.182543
G1 X95.15707 Y78.650295 Z26.844945 E0.179083
G1 F240 X95.617587 Y78.138261 Z27.215464 E0.162561
G1 X96.136143 Y77.710342 Z27.38553 E0.144161
G1 E-1.5
G4 P1500 ; dejar cuajar el ápice del arco
G1 E1.5
G1 X96.718371 Y77.38187 Z27.321441 E0.139601
G1 F480 X97.357669 Y77.149264 Z27.037019 E0.15328
G1 X98.036943 Y76.990507 Z26.590805 E0.172139
G1 X98.732431 Y76.869432 Z26.074177 E0.181849
G1 X99.418739 Y76.742971 Z25.592804 E0.176233
G1 X100.074037 Y76.569926 Z25.2452 E0.158339
G1 X100.684336 Y76.319456 Z25.102727 E0.364771
G1 X101.246004 Y75.97755 Z25.195119 E0.138031
G1 X101.766074 Y75.550112 Z25.504437 E0.154004
G1 X102.260371 Y75.061989 Z25.968717 E0.173692
G1 X102.749913 Y74.552094 Z26.494546 E0.183136
G1 X103.256407 Y74.065593 Z26.976015 E0.177004
G1 F240 X103.79779 Y73.644705 Z27.316221 E0.159128
G1 X104.384743 Y73.320034 Z27.446932 E0.142058
G1 E-1.5
G4 P1500 ; dejar cuajar el ápice del arco
G1 E1.5
G1 X105.018837 Y73.104174 Z27.342433 E0.140926
G1 F480 X105.692638 Y72.988965 Z27.024748 E0.156695
G1 X106.391646 Y72.94697 Z26.559169 E0.174806
G1 X107.097592 Y72.936931 Z26.041003 E0.182049
G1 X107.792348 Y72.912097 Z25.576233 E0.173836
G1 X108.461599 Y72.829762 Z25.260001 E0.154819
G1 X109.097548 Y72.660051 Z25.157306 E0.360048
G1 X109.700118 Y72.39214 Z25.289803 E0.139822
G1 X110.276502 Y72.036631 Z25.631418 E0.157672
G1 X110.839229 Y71.623547 Z26.11363 E0.176368
G1 X111.403234 Y71.196331 Z26.639386 E0.183242
G1 X111.982615 Y70.803062 Z27.102794 E0.174553
G1 F240 X112.587761 Y70.48665 Z27.410615 E0.155709
G1 X113.223441 Y70.276039 Z27.501189 E0.140474
G1 E-1.5
G4 P1500 ; dejar cuajar el ápice del arco
G1 E1.5
G1 X113.888205 Y70.180202 Z27.356949 E0.1428
G1 F480 X114.575128 Y70.186195 Z27.007984 E0.160169
G1 X115.273666 Y70.261688 Z26.525935 E0.177125
G1 X115.972136 Y70.36147 Z26.009451 E0.181766
G1 X116.660258 Y70.43663 Z25.564174 E0.171095
G1 X117.331195 Y70.444532 Z25.28129 E0.15137
G1 X117.982683 Y70.357562 Z25.219028 E0.356828
G1 X118.617072 Y70.168833 Z25.39084 E0.142146
G1 X119.240354 Y69.893677 Z25.76267 E0.161348
G1 X119.860464 Y69.566602 Z26.259866 E0.178667
G1 X120.4853 Y69.234317 Z26.782333 E0.18286
G1 X121.120941 Y68.946238 Z27.224846 E0.171777
G1 F240 X121.770447 Y68.744411 Z27.498408 E0.152393
G1 X122.433483 Y68.654916 Z27.548313 E0.139465
G1 E-1.5
G4 P1500 ; dejar cuajar el ápice del arco
G1 E1.5
G1 X123.10679 Y68.682507 Z27.365246 E0.145159
G1 F480 X123.785317 Y68.809594 Z26.987178 E0.163614
G1 X124.463695 Y68.999794 Z26.491655 E0.179053
G1 X125.137641 Y69.205316 Z25.980062 E0.181004
G1 X125.804963 Y69.376697 Z25.557048 E0.168062
G1 X126.465909 Y69.472881 Z25.30928 E0.385027
G1 X127.122818 Y69.469606 Z25.287862 E0.355238
G1 X127.779196 Y69.364357 Z25.497953 E0.144925
G1 X128.438493 Y69.176893 Z25.89773 E0.164949
G1 X129.102933 Y68.94522 Z26.406869 E0.18055
G1 X129.772723 Y68.717853 Z26.92285 E0.182001
G1 X130.445868 Y68.543918 Z27.341766 E0.168734
G1 F240 X131.11866 Y68.463151 Z27.579408 E0.149273
G1 X131.786712 Y68.497807 Z27.58836 E0.139071
G1 E-1.5
G4 P1500 ; dejar cuajar el ápice del arco
G1 E1.5
G1 F480 X132.446273 Y68.648144 Z27.36762 E0.147921
G1 X133.095472 Y68.892398 Z26.962803 E0.166948
G1 X133.735117 Y69.19125 Z26.456886 E0.180554
G1 X134.368822 Y69.49586 Z25.953364 E0.179774
G1 X135.00236 Y69.757829 Z25.555245 E0.164799
G1 X135.642352 Y69.939049 Z25.344147 E0.377171
G1 X136.29459 Y70.01943 Z25.363728 E0.355344
G1 X136.962396 Y70.000938 Z25.610828 E0.148069
G1 X137.645445 Y69.907125 Z26.036113 E0.168395
G1 X138.339377 Y69.778261 Z26.55408 E0.181988
G1 X139.036388 Y69.663083 Z27.06042 E0.180681
G1 F240 X139.726717 Y69.60884 Z27.45318 E0.165488
G1 X140.400749 Y69.651691 Z27.653461 E0.146441
G1 E-1.5
G4 P1500 ; dejar cuajar el ápice del arco
G1 E1.5
G1 X141.05128 Y69.809394 Z27.62143 E0.139306
G1 E-1.5
G4 P1500 ; dejar cuajar el ápice del arco
G1 E1.5
G1 F480 X141.675415 Y70.077773 Z27.364402 E0.150998
G1 X142.27562 Y70.431674 Z26.935358 E0.170099
G1 X142.859615 Y70.830182 Z26.422191 E0.181603
G1 X143.439056 Y71.225018 Z25.929867 E0.178099
G1 X144.027205 Y71.570393 Z25.559124 E0.161376
G1 X144.636064 Y71.832291 Z25.38602 E0.370242
G1 X145.273583 Y71.995312 Z25.446505 E0.357151
G1 X145.941581 Y72.06567 Z25.729116 E0.151484
G1 X146.634891 Y72.069786 Z26.177311 E0.171617
G1 X147.342 Y72.04877 Z26.700938 E0.182958
G1 X148.047132 Y72.049962 Z27.194539 E0.178925
G1 F240 X148.733404 Y72.117258 Z27.558746 E0.162109
G1 X149.386409 Y72.282221 Z27.720457 E0.143987
G1 E-1.5
G4 P1500 ; dejar cuajar el ápice del arco
G1 E1.5
G1 X149.997472 Y72.557763 Z27.647665 E0.140161
G1 F480 X150.565837 Y72.935674 Z27.355958 E0.154298
G1 X151.099261 Y73.388463 Z26.905357 E0.173
G1 X151.612793 Y73.875109 Z26.388128 E0.182181
G1 X152.125912 Y74.349504 Z25.910064 E0.176007
G1 X152.65857 Y74.769859 Z25.569006 E0.157868
G1 X153.226937 Y75.107129 Z25.43499 E0.364473
G1 X153.839759 Y75.35078 Z25.53603 E0.13869
G1 X154.496125 Y75.510724 Z25.852434 E0.155074
G1 X155.185206 Y75.615078 Z26.3208 E0.174553
G1 X155.888096 Y75.704258 Z26.846884 E0.183446
G1 X156.581446 Y75.822626 Z27.324727 E0.176765
G1 F240 X157.242201 Y76.009443 Z27.658162 E0.158678
G1 X157.852461 Y76.290952 Z27.780329 E0.141995
G1 E-1.5
G4 P1500 ; dejar cuajar el ápice del arco
G1 E1.5
G1 X158.403453 Y76.675215 Z27.667249 E0.141605
G1 F480 X158.897715 Y77.150688 Z27.342688 E0.157727
G1 X159.348977 Y77.688819 Z26.873332 E0.175593
G1 X159.779682 Y78.250042 Z26.355256 E0.182278
G1 X160.216565 Y78.791951 Z25.894423 E0.173536
G1 X160.68519 Y79.27792 Z25.585178 E0.154362
G1 X161.204537 Y79.68444 Z25.4911 E0.360069
G1 X161.782787 Y80.005683 Z25.632097 E0.140597
G1 X162.415249 Y80.254409 Z25.980368 E0.158745
G1 X163.084907 Y80.459083 Z26.466043 E0.177148
G1 X163.765575 Y80.657856 Z26.991364 E0.183448
G1 X164.427066 Y80.890662 Z27.450528 E0.174244
G1 F240 X165.041275 Y81.191191 Z27.751159 E0.155275
G1 X165.58828 Y81.579902 Z27.833055 E0.14053
G1 E-1.5
G4 P1500 ; dejar cuajar el ápice del arco
G1 E1.5
G1 X166.060592 Y82.06025 Z27.68041 E0.143587
G1 F480 X166.465041 Y82.618285 Z27.325019 E0.161192
G1 X166.821727 Y83.225782 Z26.839827 E0.177815
G1 X167.16021 Y83.846183 Z26.324122 E0.181867
G1 X167.513594 Y84.442157 Z25.883386 E0.170701
G1 X167.911633 Y84.983273 Z25.607886 E0.392411
G1 X168.374522 Y85.451942 Z25.554351 E0.357199
G1 X168.908479 Y85.846692 Z25.734461 E0.143024
G1 X169.504172 Y86.182062 Z26.112476 E0.162385
G1 X170.13808 Y86.485502 Z26.61249 E0.179296
G1 X170.777309 Y86.791251 Z27.133835 E0.182871
G1 X171.386112 Y87.133312 Z27.571514 E0.171319
G1 F240 X171.933201 Y87.538574 Z27.837512 E0.151948
G1 X172.39818 Y88.021633 Z27.878657 E0.13964
G1 E-1.5
G4 P1500 ; dejar cuajar el ápice del arco
G1 E1.5
G1 X172.776289 Y88.581835 Z27.687412 E0.146012
G1 F480 X173.079374 Y89.204046 Z27.303407 E0.164533
G1 X173.33378 Y89.862044 Z26.805395 E0.179509
G1 X173.575167 Y90.524097 Z26.295266 E0.180842
G1 X173.841291 Y91.159532 Z25.877369 E0.167497
G1 X174.164269 Y91.744878 Z25.637337 E0.383914
G1 X174.563843 Y92.268406 Z25.624699 E0.356018
G1 X175.043113 Y92.732138 Z25.842836 E0.145859
G1 X175.587643 Y93.151008 Z26.24829 E0.165827
G1 X176.168154 Y93.549437 Z26.759585 E0.180883
G1 X176.746346 Y93.956065 Z27.273764 E0.181702
G1 X177.282621 Y94.397823 Z27.687285 E0.168077
G1 F240 X177.744205 Y94.894525 Z27.917035 E0.148825
G1 E-1.5
G4 P1500 ; dejar cuajar el ápice del arco
G1 E1.5
G1 X178.111965 Y95.455079 Z27.917199 E0.139365
G1 E-1.5
G4 P1500 ; dejar cuajar el ápice del arco
G1 E1.5
G1 F480 X178.384496 Y96.076053 Z27.688558 E0.148767
G1 X178.578644 Y96.742773 Z27.278332 E0.167659
G1 X178.726236 Y97.432692 Z26.770595 E0.180693
G1 X178.867714 Y98.120224 Z26.269211 E0.179317
G1 X179.043924 Y98.782027 Z25.876755 E0.164084
G1 X179.287722 Y99.401624 Z25.673695 E0.376233
G1 X179.617155 Y99.972454 Z25.702057 E0.356542
G1 X180.031584 Y100.498795 Z25.956901 E0.148995
G1 X180.51162 Y100.994434 Z26.387319 E0.169052
G1 X181.022914 Y101.479463 Z26.906767 E0.181995
G1 X181.523039 Y101.975917 Z27.410635 E0.180083
G1 F240 X181.970134 Y102.5032 Z27.797473 E0.164677
G1 X182.331448 Y103.074256 Z27.989583 E0.146041
G1 E-1.5
G4 P1500 ; dejar cuajar el ápice del arco
G1 E1.5
G1 X182.590131 Y103.693227 Z27.94879 E0.139711
G1 E-1.5
G4 P1500 ; dejar cuajar el ápice del arco
G1 E1.5
G1 F480 X182.748806 Y104.355012 Z27.684188 E0.151785
G1 X182.829212 Y105.046724 Z27.250295 E0.170559
G1 X182.867661 Y105.750777 Z26.735988 E0.181422
G1 X182.908037 Y106.448556 Z26.246465 E0.177385
G1 X182.992745 Y107.124288 Z25.881895 E0.160577
G1 X183.154013 Y107.768097 Z25.717083 E0.369609
G1 X183.407083 Y108.377721 Z25.786296 E0.137964
G1 X183.74743 Y108.958364 Z26.0763 E0.152344
G1 X184.151113 Y109.52134 Z26.529052 E0.172033
G1 X184.579654 Y110.081326 Z27.053477 E0.182677
G1 X184.987813 Y110.653133 Z27.543952 E0.17811
G1 F240 X185.332922 Y111.248598 Z27.901746 E0.161247
G1 X185.583305 Y111.874417 Z28.055057 E0.143697
G1 E-1.5
G4 P1500 ; dejar cuajar el ápice del arco
G1 E1.5
G1 X185.724999 Y112.531044 Z27.973583 E0.140662
G1 F480 X185.764691 Y113.213014 Z27.674675 E0.155004
G1 X185.728459 Y113.910497 Z27.219815 E0.173261
G1 X185.656515 Y114.611652 Z26.702134 E0.181792
G1 X185.595002 Y115.305254 Z26.227515 E0.175175
G1 X185.586793 Y115.982932 Z25.893102 E0.157101
G1 X185.662609 Y116.640709 Z25.76758 E0.36424
G1 X185.83468 Y117.279439 Z25.877241 E0.139387
G1 X186.09416 Y117.904181 Z26.200643 E0.155868
G1 X186.412841 Y118.522697 Z26.672963 E0.174814
G1 X186.748832 Y119.143495 Z27.199155 E0.18302
G1 X187.055059 Y119.773869 Z27.673237 E0.175886
G1 F240 X187.288855 Y120.418399 Z27.999807 E0.157866
G1 X187.420682 Y121.0782 Z28.113398 E0.141847
G1 E-1.5
G4 P1500 ; dejar cuajar el ápice del arco
G1 E1.5
G1 X187.440198 Y121.75104 Z27.991771 E0.142192
G1 F480 X187.358413 Y122.432233 Z27.660426 E0.158382
G1 X187.205499 Y123.116029 Z27.187427 E0.175736
G1 X187.024671 Y123.797119 Z26.669588 E0.181786
G1 X186.863397 Y124.471895 Z26.212824 E0.17267
G1 X186.763723 Y125.139148 Z25.910655 E0.153669
G1 X186.753684 Y125.800081 Z25.825222 E0.360232
G1 X186.841576 Y126.457666 Z25.97468 E0.141368
G1 X187.014241 Y127.115567 Z26.32951 E0.159476
G1 X187.239731 Y127.776921 Z26.81851 E0.177287
G1 X187.473818 Y128.443343 Z27.34325 E0.182915
G1 X187.669 Y129.114404 Z27.798042 E0.173331
G1 F240 X187.78418 Y129.787735 Z28.091398 E0.154543
G1 X187.793043 Y130.45973 Z28.164594 E0.14053
G1 E-1.5
G4 P1500 ; dejar cuajar el ápice del arco
G1 E1.5
G1 X187.689406 Y131.126652 Z28.003588 E0.144238
G1 F480 X187.488464 Y131.785838 Z27.641873 E0.161789
G1 X187.223672 Y132.436671 Z27.153676 E0.177856
G1 X186.939907 Y133.081016 Z26.638897 E0.181305
G1 X186.68432 Y133.722982 Z26.20283 E0.169849
G1 X186.496723 Y134.368015 Z25.934792 E0.390905
G1 X186.401508 Y135.021517 Z25.889999 E0.357752
G1 X186.402717 Y135.687337 Z26.078357 E0.14384
G1 X186.483268 Y136.366505 Z26.462452 E0.163058
G1 X186.608499 Y137.056571 Z26.965143 E0.179373
G1 X186.733275 Y137.751774 Z27.48522 E0.182334
G1 X186.811209 Y138.444058 Z27.917943 E0.170481
G1 F240 X186.804104 Y139.124772 Z28.176302 E0.15136
G1 X186.689699 Y139.786673 Z28.208676 E0.139795
G1 E-1.5
G4 P1500 ; dejar cuajar el ápice del arco
G1 E1.5
G1 X186.466139 Y140.425792 Z28.009308 E0.146726
G1 F480 X186.152313 Y141.042692 Z27.619477 E0.16513
G1 X185.783617 Y141.642689 Z27.119118 E0.17958
G1 X185.405106 Y142.235145 Z26.610598 E0.18037
G1 X185.062144 Y142.831629 Z26.197939 E0.166781
G1 X184.79117 Y143.443459 Z25.96571 E0.382822
G1 X184.612215 Y144.07907 Z25.961858 E0.356896
G1 X184.525373 Y144.741999 Z26.18798 E0.146718
G1 X184.510453 Y145.429576 Z26.598997 E0.16655
G1 X184.53131 Y146.133069 Z27.112304 E0.181081
G1 X184.543292 Y146.839157 Z27.624537 E0.181351
G1 X184.502488 Y147.532567 Z28.032547 E0.16746
G1 F240 X184.374355 Y148.199166 Z28.254341 E0.148448
G1 E-1.5
G4 P1500 ; dejar cuajar el ápice del arco
G1 E1.5
G1 X184.140856 Y148.829168 Z28.245717 E0.139679
G1 E-1.5
G4 P1500 ; dejar cuajar el ápice del arco
G1 E1.5
G1 F480 X183.804025 Y149.419513 Z28.009242 E0.149596
G1 X183.385441 Y149.974937 Z27.593725 E0.168413
G1 X182.921698 Y150.507386 Z27.084313 E0.180991
G1 X182.456772 Y151.0338 Z26.58521 E0.179108
G1 X182.033306 Y151.572838 Z26.19853 E0.163603
G1 X181.683832 Y152.140903 Z26.003566 E0.37556
G1 X181.424239 Y152.748484 Z26.040703 E0.357665
G1 X181.250681 Y153.397593 Z26.303219 E0.149956
G1 X181.140492 Y154.080871 Z26.738649 E0.169977
G1 X181.05697 Y154.782691 Z27.259433 E0.182498
G1 X180.956947 Y155.482059 Z27.760688 E0.180071
G1 F240 X180.799628 Y156.156806 Z28.141495 E0.164346
G1 X180.55486 Y156.788224 Z28.32538 E0.145871
G1 E-1.5
G4 P1500 ; dejar cuajar el ápice del arco
G1 E1.5
G1 X180.209155 Y157.365151 Z28.275838 E0.140191
G1 E-1.5
G4 P1500 ; dejar cuajar el ápice del arco
G1 E1.5
G1 F480 X179.768298 Y157.886667 Z28.003738 E0.15281
G1 X179.255983 Y158.362697 Z27.56512 E0.171602
G1 X178.708832 Y158.812355 Z27.04982 E0.182067
G1 X178.168837 Y159.260282 Z26.563238 E0.177487
G1 X177.674763 Y159.731648 Z26.204944 E0.160303
G1 X177.25435 Y160.246878 Z26.048472 E0.369226
G1 X176.918807 Y160.817165 Z26.126395 E0.138497
G1 X176.660741 Y161.44176 Z26.423712 E0.153479
G1 X176.4559 Y162.107692 Z26.880894 E0.173229
G1 X176.268296 Y162.792017 Z27.405968 E0.183497
G1 X176.057688 Y163.46628 Z27.89318 E0.178382
G1 F240 X175.787806 Y164.102259 Z28.24446 E0.161114
G1 X175.433669 Y164.677854 Z28.389329 E0.143676
G1 E-1.5
G4 P1500 ; dejar cuajar el ápice del arco
G1 E1.5
G1 X174.986505 Y165.181891 Z28.299198 E0.141315
G1 F480 X174.45529 Y165.616776 Z27.993175 E0.156248
G1 X173.8647 Y165.998414 Z27.534186 E0.174556
G1 X173.249864 Y166.353286 Z27.0162 E0.182679
G1 X172.649103 Y166.713245 Z26.545162 E0.17545
G1 X172.096198 Y167.109108 Z26.217489 E0.156913
G1 X171.613365 Y167.563961 Z26.100499 E0.364053
G1 X171.20714 Y168.088302 Z26.218751 E0.140056
G1 X170.867325 Y168.67748 Z26.54906 E0.157178
G1 X170.569372 Y169.312257 Z27.025201 E0.176196
G1 X170.279596 Y169.962366 Z27.551353 E0.183996
G1 X169.962201 Y170.592508 Z28.021542 E0.176253
G1 F240 X169.586703 Y171.16965 Z28.341155 E0.1578
G1 X169.133945 Y171.669845 Z28.446138 E0.141936
G1 E-1.5
G4 P1500 ; dejar cuajar el ápice del arco
G1 E1.5
G1 X168.599729 Y172.083371 Z28.315999 E0.143016
G1 F480 X167.995345 Y172.417036 Z27.977966 E0.159791
G1 X167.345144 Y172.693342 Z27.501459 E0.177142
G1 X166.681035 Y172.945843 Z26.984006 E0.182713
G1 X166.035959 Y173.212538 Z26.531442 E0.172933
G1 X165.437213 Y173.528115 Z26.236434 E0.153479
G1 X164.901133 Y173.916778 Z26.159672 E0.360273
G1 X164.429832 Y174.386731 Z26.317549 E0.142195
G1 X164.0114 Y174.928473 Z26.678839 E0.160899
G1 X163.622651 Y175.516359 Z27.171028 E0.178699
G1 X163.234149 Y176.11359 Z27.695038 E0.18385
G1 X162.816358 Y176.679601 Z28.145331 E0.173633
G1 F240 X162.345637 Y177.178342 Z28.43133 E0.154461
G1 X161.808868 Y177.585765 Z28.495806 E0.140723
G1 E-1.5
G4 P1500 ; dejar cuajar el ápice del arco
G1 E1.5
G1 X161.2058 Y177.894953 Z28.326486 E0.14521
G1 F480 X160.548711 Y178.117801 Z27.95855 E0.163259
G1 X159.859537 Y178.282841 Z27.467489 E0.179225
G1 X159.165123 Y178.429606 Z26.953783 E0.182131
G1 X158.491634 Y178.600656 Z26.522507 E0.170007
G1 X157.859297 Y178.832852 Z26.262009 E0.390352
G1 X157.278521 Y179.149701 Z26.225972 E0.358102
G1 X156.748157 Y179.556337 Z26.422526 E0.144809
G1 X156.256176 Y180.038214 Z26.812594 E0.164525
G1 X155.782531 Y180.563845 Z27.317821 E0.18073
G1 X155.30355 Y181.091043 Z27.836484 E0.183163
G1 X154.796898 Y181.575446 Z28.264128 E0.170689
G1 F240 X154.246068 Y181.97959 Z28.514776 E0.151275
G1 X153.643503 Y182.280667 Z28.538371 E0.14011
G1 E-1.5
G4 P1500 ; dejar cuajar el ápice del arco
G1 E1.5
G1 F480 X152.991763 Y182.475353 Z28.330938 E0.147825
G1 X152.302572 Y182.580696 Z27.935394 E0.16663
G1 X151.594033 Y182.630823 Z27.432831 E0.180877
G1 X150.88667 Y182.670108 Z26.926064 E0.181069
G1 X150.199148 Y182.744174 Z26.518761 E0.166828
G1 X149.544578 Y182.890544 Z26.294402 E0.38226
G1 X148.928147 Y183.130874 Z26.299338 E0.357603
G1 X148.346483 Y183.46637 Z26.533382 E0.147821
G1 X147.788825 Y183.877355 Z26.949847 E0.168024
G1 X147.239641 Y184.327121 Z27.465022 E0.182327
G1 X146.682098 Y184.7693 Z27.975164 E0.18201
G1 F240 X146.101605 Y185.157272 Z28.37755 E0.167519
G1 X145.488684 Y185.453709 Z28.591325 E0.148343
G1 E-1.5
G4 P1500 ; dejar cuajar el ápice del arco
G1 E1.5
G1 X144.84062 Y185.638276 Z28.573918 E0.14012
G1 E-1.5
G4 P1500 ; dejar cuajar el ápice del arco
G1 E1.5
G1 F480 X144.16158 Y185.711848 Z28.329677 E0.150787
G1 X143.461328 Y185.696533 Z27.908986 E0.169845
G1 X142.75283 Y185.631265 Z27.398045 E0.182089
G1 X142.049349 Y185.56394 Z26.901366 E0.179558
G1 X141.361677 Y185.541658 Z26.520572 E0.16347
G1 X140.696097 Y185.601132 Z26.333761 E0.375011
G1 X140.053441 Y185.761097 Z26.379664 E0.358798
G1 X139.429377 Y186.018383 Z26.649779 E0.151138
G1 X138.815796 Y186.348446 Z27.090098 E0.171331
G1 X138.202893 Y186.710294 Z27.612071 E0.183478
G1 X137.581455 Y187.054775 Z28.110572 E0.180428
G1 F240 X136.944804 Y187.334553 Z28.485241 E0.164206
G1 X136.290031 Y187.513797 Z28.660851 E0.145764
G1 E-1.5
G4 P1500 ; dejar cuajar el ápice del arco
G1 E1.5
G1 X135.618261 Y187.575539 Z28.602575 E0.140756
G1 E-1.5
G4 P1500 ; dejar cuajar el ápice del arco
G1 E1.5
G1 F480 X134.933976 Y187.525208 Z28.323055 E0.154012
G1 X134.243635 Y187.389541 Z27.879838 E0.172852
G1 X133.553964 Y187.211262 Z27.363692 E0.182864
G1 X132.870351 Y187.040385 Z26.880189 E0.177646
G1 X132.195715 Y186.924023 Z26.528275 E0.160013
G1 X131.530106 Y186.896767 Z26.380189 E0.368837
G1 X130.87107 Y186.9736 Z26.4668 E0.139096
G1 X130.214639 Y187.146801 Z26.771346 E0.154675
G1 X129.556643 Y187.387483 Z27.232831 E0.1744
G1 X128.893983 Y187.651454 Z27.758406 E0.184182
G1 X128.225521 Y187.888207 Z28.242218 E0.178455
G1 F240 X127.552352 Y188.05121 Z28.586886 E0.160822
G1 X126.877408 Y188.107401 Z28.723273 E0.143616
G1 E-1.5
G4 P1500 ; dejar cuajar el ápice del arco
G1 E1.5
G1 X126.204498 Y188.043924 Z28.624511 E0.141995
G1 F480 X125.537073 Y187.870758 Z28.311461 E0.157416
G1 X124.877053 Y187.618681 Z27.848474 E0.175594
G1 X124.224056 Y187.332989 Z27.330331 E0.183178
G1 X123.575271 Y187.064261 Z26.863009 E0.175347
G1 X122.926041 Y186.858055 Z26.54217 E0.156524
G1 X122.271038 Y186.745634 Z26.433746 E0.363939
G1 X121.605761 Y186.737619 Z26.560557 E0.140795
G1 X120.927945 Y186.821857 Z26.897681 E0.158338
G1 X120.238527 Y186.965946 Z27.37751 E0.177158
G1 X119.541852 Y187.123872 Z27.903473 E0.184405
G1 X118.845009 Y187.245412 Z28.369637 E0.176103
G1 F240 X118.156394 Y187.286367 Z28.682204 E0.157433
G1 X117.483782 Y187.217544 Z28.778551 E0.14197
G1 E-1.5
G4 P1500 ; dejar cuajar el ápice del arco
G1 E1.5
G1 X116.832369 Y187.030649 Z28.639938 E0.143793
G1 F480 X116.203243 Y186.739914 Z28.295312 E0.160898
G1 X115.592704 Y186.379115 Z27.815434 E0.178
G1 X114.99267 Y185.994648 Z27.298514 E0.183009
G1 X114.392158 Y185.636022 Z26.850279 E0.172692
G1 X113.77957 Y185.345767 Z26.562518 E0.153084
G1 X113.145319 Y185.150834 Z26.494449 E0.360505
G1 X112.484197 Y185.057206 Z26.660703 E0.14304
G1 X111.796936 Y185.048783 Z27.02835 E0.162032
G1 X111.090544 Y185.090754 Z27.52359 E0.179547
G1 X110.377223 Y185.13685 Z28.046723 E0.184134
G1 X109.672072 Y185.138798 Z28.49239 E0.173407
G1 F240 X108.989971 Y185.05614 Z28.770953 E0.154122
G1 X108.34232 Y184.864407 Z28.826691 E0.140884
G1 E-1.5
G4 P1500 ; dejar cuajar el ápice del arco
G1 E1.5
G1 X107.734304 Y184.560034 Z28.649106 E0.146086
G1 F480 X107.163403 Y184.160877 Z28.275055 E0.164362
G1 X106.619477 Y183.702443 Z27.78127 E0.180007
G1 X106.08652 Y183.230546 Z27.268783 E0.182336
G1 X105.545791 Y182.791936 Z26.842424 E0.169715
G1 X104.979738 Y182.424766 Z26.589539 E0.389436
G1 X104.375839 Y182.150948 Z26.56227 E0.358681
G1 X103.729575 Y181.971858 Z26.766966 E0.145755
G1 X103.045825 Y181.868262 Z27.162896 E0.165651
G1 X102.338302 Y181.804427 Z27.670518 E0.181501
G1 X101.62708 Y181.735549 Z28.18762 E0.183352
G1 X100.934638 Y181.616946 Z28.610067 E0.170408
G1 F240 X100.281205 Y181.413129 Z28.852934 E0.150979
G1 X99.680393 Y181.104911 Z28.867744 E0.140404
G1 E-1.5
G4 P1500 ; dejar cuajar el ápice del arco
G1 E1.5
G1 F480 X99.13604 Y180.693122 Z28.652306 E0.148788
G1 X98.641003 Y180.198213 Z28.25116 E0.167713
;WIDTH:1.250
; LINE_WIDTH: 1.250
;Z:28.796
;HEIGHT:2.214
G1 X98.58716 Y180.293942 Z28.226614 E0.023395
G1 X98.121549 Y179.754066 Z27.729411 E0.180681
G1 X97.664394 Y179.210251 Z27.231966 E0.180287
G1 X97.190391 Y178.704314 Z26.836043 E0.165963
G1 X96.677592 Y178.26854 Z26.622801 E0.381538
G1 X96.112163 Y177.919271 Z26.636321 E0.359278
G1 X95.491589 Y177.653819 Z26.874662 E0.148799
G1 X94.825624 Y177.451283 Z27.290253 E0.168526
G1 X94.134681 Y177.277056 Z27.799548 E0.182071
G1 X93.445934 Y177.090053 Z28.299984 E0.181196
G1 F240 X92.787868 Y176.851137 Z28.690796 E0.166672
G1 X92.184388 Y176.53104 Z28.893467 E0.148122
G1 E-1.5
G4 P1500 ; dejar cuajar el ápice del arco
G1 E1.5
G1 X91.649692 Y176.116143 Z28.867666 E0.14079
G1 E-1.5
G4 P1500 ; dejar cuajar el ápice del arco
G1 E1.5
G1 F480 X91.185028 Y175.610997 Z28.619432 E0.151722
G1 X90.778061 Y175.037112 Z28.199948 E0.170272
G1 X90.40506 Y174.428323 Z27.695156 E0.181766
G1 X90.035526 Y173.823735 Z27.208309 E0.178713
G1 X89.638365 Y173.259715 Z26.839019 E0.162653
G1 X89.188355 Y172.762591 Z26.663041 E0.374692
G1 X88.671551 Y172.34351 Z26.716892 E0.360792
G1 X88.088497 Y171.996478 Z26.990445 E0.152079
G1 X87.454492 Y171.699917 Z27.428983 E0.171699
G1 X86.796797 Y171.42135 Z27.944303 E0.183086
G1 X86.149287 Y171.124214 Z28.43262 E0.179547
G1 F240 X85.545597 Y170.775352 Z28.795626 E0.163407
G1 X85.012167 Y170.351675 Z28.96045 E0.145694
G1 E-1.5
G4 P1500 ; dejar cuajar el ápice del arco
G1 E1.5
G1 X84.562607 Y169.844628 Z28.894441 E0.141532
G1 F480 X84.194613 Y169.261616 Z28.611799 E0.154893
G1 X83.890103 Y168.624158 Z28.170691 E0.173131
G1 X83.618639 Y167.963221 Z27.661446 E0.182394
G1 X83.343468 Y167.312739 Z27.188222 E0.17673
G1 X83.029003 Y166.702683 Z26.847868 E0.159252
G1 X82.648208 Y166.153109 Z26.710262 E0.368941
G1 X82.188359 Y165.670353 Z26.804136 E0.139962
G1 X81.653954 Y165.246115 Z27.11124 E0.155543
G1 X81.066117 Y164.859538 Z27.570046 E0.174603
G1 X80.458554 Y164.481775 Z28.088239 E0.183633
G1 X79.87084 Y164.082063 Z28.561449 E0.1775
G1 F240 X79.340372 Y163.634019 Z28.894436 E0.160081
G1 X78.894635 Y163.12087 Z29.020421 E0.143702
G1 E-1.5
G4 P1500 ; dejar cuajar el ápice del arco
G1 E1.5
G1 X78.545393 Y162.538577 Z28.914635 E0.142849
G1 F480 X78.286015 Y161.896292 Z28.599352 E0.158206
G1 X78.092562 Y161.214109 Z28.139363 E0.1757
G1 X77.928458 Y160.518668 Z27.62883 E0.182554
G1 X77.751833 Y159.837568 Z27.172172 E0.174372
G1 X77.524067 Y159.193752 Z26.862875 E0.155843
G1 X77.217788 Y158.601039 Z26.764515 E0.364488
G1 X76.822668 Y158.061645 Z26.897857 E0.141729
G1 X76.347786 Y157.566163 Z27.236642 E0.159102
G1 X75.820028 Y157.0959 Z27.712913 E0.177184
G1 X75.278809 Y156.627025 Z28.230808 E0.183706
G1 X74.768138 Y156.13561 Z28.686019 E0.175096
G1 F240 X74.327655 Y155.602501 Z28.986958 E0.156777
G1 X73.984444 Y155.017029 Z29.073351 E0.142214
G1 E-1.5
G4 P1500 ; dejar cuajar el ápice del arco
G1 E1.5
G1 X73.747336 Y154.378843 Z28.928466 E0.144693
G1 F480 X73.604901 Y153.697564 Z28.58251 E0.161571
G1 X73.527577 Y152.990419 Z28.106501 E0.177927
G1 X73.473543 Y152.278421 Z27.597851 E0.182243
G1 X73.397176 Y151.581941 Z27.160599 E0.171684
G1 X73.258375 Y150.916609 Z26.884289 E0.396534
G1 X73.030837 Y150.290382 Z26.825806 E0.361496
G1 X72.707591 Y149.702311 Z26.99782 E0.144006
G1 X72.302607 Y149.143203 Z27.366222 E0.162667
G1 X71.848127 Y148.597943 Z27.857044 E0.179396
G1 X71.388232 Y148.048915 Z28.371473 E0.183305
G1 X70.969911 Y147.479753 Z28.805902 E0.172382
G1 F240 X70.633479 Y146.878637 Z29.072963 E0.153582
G1 X70.404274 Y146.240462 Z29.119256 E0.141286
G1 E-1.5
G4 P1500 ; dejar cuajar el ápice del arco
G1 E1.5
G1 X70.287367 Y145.567499 Z28.936188 E0.146999
G1 F480 X70.266379 Y144.868477 Z28.561716 E0.164905
G1 X70.306697 Y144.156386 Z28.072646 E0.179772
G1 X70.362428 Y143.445528 Z27.569041 E0.181466
G1 X70.385725 Y142.748481 Z27.153914 E0.168719
G1 X70.336558 Y142.073634 Z26.912321 E0.388318
G1 X70.190955 Y141.423767 Z26.894099 E0.360081
G1 X69.945987 Y140.795919 Z27.103748 E0.146719
G1 X69.620493 Y140.182489 Z27.49952 E0.166155
G1 X69.251336 Y139.57324 Z28.001893 E0.181203
G1 X68.885966 Y138.95771 Z28.509707 E0.18244
G1 X68.572775 Y138.327485 Z28.920701 E0.169414
G1 F240 X68.351222 Y137.67783 Z29.152261 E0.150585
G1 X68.243744 Y137.008377 Z29.158194 E0.140951
G1 E-1.5
G4 P1500 ; dejar cuajar el ápice del arco
G1 E1.5
G1 F480 X68.251106 Y136.322779 Z28.938096 E0.149691
G1 X68.352182 Y135.627503 Z28.537442 E0.168129
G1 X68.50819 Y134.930086 Z28.03835 E0.181201
G1 X68.670564 Y134.237316 Z27.542918 E0.180235
G1 X68.790838 Y133.553767 Z27.152501 E0.165536
G1 X68.830538 Y132.880999 Z26.947138 E0.380784
G1 X68.769057 Y132.217569 Z26.969314 E0.360304
G1 X68.607894 Y131.559795 Z27.21533 E0.149781
G1 X68.370388 Y130.903007 Z27.636056 E0.169491
G1 X68.096992 Y130.242954 Z28.146906 E0.182574
G1 X67.837044 Y129.576969 Z28.645001 E0.181127
G1 F240 X67.638721 Y128.904621 Z29.030049 E0.166255
G1 X67.539212 Y128.227677 Z29.224706 E0.147876
G1 E-1.5
G4 P1500 ; dejar cuajar el ápice del arco
G1 E1.5
G1 X67.557138 Y127.549433 Z29.190265 E0.141221
G1 E-1.5
G4 P1500 ; dejar cuajar el ápice del arco
G1 E1.5
G1 F480 X67.688751 Y126.873601 Z28.934519 E0.152683
G1 X67.908697 Y126.203081 Z28.510178 E0.171172
G1 X68.175193 Y125.538963 Z28.004166 E0.182188
G1 X68.438544 Y124.880051 Z27.519986 E0.178574
G1 X68.651274 Y124.223055 Z27.156709 E0.162205
G1 X68.777791 Y123.563439 Z26.988868 E0.374169
G1 X68.801624 Y122.896703 Z27.051329 E0.362163
G1 X68.728741 Y122.219779 Z27.332219 E0.153101
G1 X68.586297 Y121.532162 Z27.77533 E0.172606
G1 X68.417056 Y120.836441 Z28.291533 E0.183489
G1 X68.270654 Y120.138044 Z28.77686 E0.179393
G1 F240 X68.193472 Y119.444192 Z29.133614 E0.162975
G1 X68.219206 Y118.762279 Z29.290191 E0.145541
G1 E-1.5
G4 P1500 ; dejar cuajar el ápice del arco
G1 E1.5
G1 X68.362047 Y118.098018 Z29.215614 E0.142088
G1 F480 X68.613853 Y117.453841 Z28.925821 E0.155886
G1 X68.945885 Y116.82793 Z28.480432 E0.173969
G1 X69.31473 Y116.214217 Z27.970644 E0.182715
G1 X69.671186 Y115.603394 Z27.500726 E0.176509
G1 X69.97029 Y114.984806 Z27.166854 E0.158802
G1 X70.180442 Y114.348825 Z27.037593 E0.368693
G1 X70.289759 Y113.689189 Z27.139979 E0.140613
G1 X70.308389 Y113.00476 Z27.454036 E0.156587
G1 X70.266324 Y112.300242 Z27.916825 E0.175441
G1 X70.207187 Y111.585615 Z28.435221 E0.183935
G1 X70.179282 Y110.874339 Z28.904814 E0.17727
G1 F240 X70.225743 Y110.180627 Z29.231098 E0.159653
G1 X70.375798 Y109.516373 Z29.348654 E0.143656
G1 E-1.5
G4 P1500 ; dejar cuajar el ápice del arco
G1 E1.5
G1 X70.638919 Y108.888371 Z29.234425 E0.14352
G1 F480 X71.003027 Y108.296493 Z28.912396 E0.159211
G1 X71.437102 Y107.733278 Z28.44873 E0.176464
G1 X71.897618 Y107.185106 Z27.938334 E0.182774
G1 X72.337477 Y106.6348 Z27.485599 E0.174081
G1 X72.715596 Y106.065151 Z27.183215 E0.155409
G1 X73.005194 Y105.462653 Z27.093355 E0.36455
G1 X73.1991 Y104.820643 Z27.235059 E0.142491
G1 X73.311027 Y104.141117 Z27.580371 E0.160148
G1 X73.372588 Y103.434782 Z28.060008 E0.177944
G1 X73.426706 Y102.719222 Z28.577427 E0.183906
G1 X73.518778 Y102.015508 Z29.028414 E0.174799
G1 F240 X73.687435 Y101.343886 Z29.322242 E0.156371
G1 X73.956762 Y100.719449 Z29.400076 E0.142287
G1 E-1.5
G4 P1500 ; dejar cuajar el ápice del arco
G1 E1.5
G1 X74.331562 Y100.148712 Z29.246923 E0.145464
G1 F480 X74.796583 Y99.627862 Z28.894669 E0.162571
G1 X75.319835 Y99.143138 Z28.415609 E0.17861
G1 X75.859265 Y98.673332 Z27.907775 E0.182363
G1 X76.371398 Y98.193981 Z27.475039 E0.171333
G1 X76.820166 Y97.682412 Z27.206031 E0.395495
G1 X77.18412 Y97.122599 Z27.156151 E0.361894
G1 X77.460581 Y96.508807 Z27.336325 E0.144863
G1 X77.66593 Y95.847194 Z27.710787 E0.163698
G1 X77.832014 Y95.154964 Z28.20434 E0.180069
G1 X77.999468 Y94.457161 Z28.717615 E0.183405
G1 X78.209341 Y93.781712 Z29.147241 E0.17203
G1 F240 X78.494762 Y93.153688 Z29.406824 E0.153218
G1 X78.874332 Y92.589985 Z29.444482 E0.141486
G1 E-1.5
G4 P1500 ; dejar cuajar el ápice del arco
G1 E1.5
G1 X79.348567 Y92.095539 Z29.253374 E0.147855
G1 F480 X79.900069 Y91.66194 Z28.87309 E0.165882
G1 X80.49733 Y91.268792 Z28.381614 E0.180366
G1 X81.101334 Y90.887618 Z27.879498 E0.181488
G1 X81.673583 Y90.487578 Z27.469453 E0.16832
G1 X82.183874 Y90.04183 Z27.235504 E0.387421
G1 X82.616263 Y89.533246 Z27.225935 E0.36083
G1 X82.972026 Y88.958253 Z27.443492 E0.147653
G1 X83.269073 Y88.327948 Z27.84482 E0.167154
G1 X83.537996 Y87.666194 Z28.34927 E0.181783
G1 X83.815618 Y87.004997 Z28.855262 E0.182444
G1 X84.137401 Y86.37809 Z29.260902 E0.16902
G1 F240 X84.530282 Y85.813985 Z29.484664 E0.150281
G1 E-1.5
G4 P1500 ; dejar cuajar el ápice del arco
G1 E1.5
G1 X85.007378 Y85.329958 Z29.481938 E0.141281
G1 E-1.5
G4 P1500 ; dejar cuajar el ápice del arco
G1 E1.5
G1 F480 X85.565613 Y84.928213 Z29.254078 E0.150613
G1 X86.186675 Y84.595103 Z28.848133 E0.169067
G1 X86.841046 Y84.303604 Z28.347295 E0.1817
G1 X87.494218 Y84.018637 Z27.854017 E0.180165
G1 X88.113784 Y83.704157 Z27.469216 E0.165105
G1 X88.675931 Y83.330598 Z27.271793 E0.38008
G1 X89.170052 Y82.881126 Z27.30262 E0.361405
G1 X89.600547 Y82.355384 Z27.556241 E0.150772
G1 X89.98555 Y81.769895 Z27.981986 E0.170443
G1 X90.35289 Y81.154988 Z28.494247 E0.183056
G1 X90.734191 Y80.548806 Z28.98986 E0.181041
G1 F240 X91.158358 Y79.989591 Z29.369038 E0.165834
G1 X91.645781 Y79.507817 Z29.555625 E0.147651
G1 E-1.5
G4 P1500 ; dejar cuajar el ápice del arco
G1 E1.5
G1 X92.204435 Y79.119776 Z29.512555 E0.14168
G1 E-1.5
G4 P1500 ; dejar cuajar el ápice del arco
G1 E1.5
G1 F480 X92.828609 Y78.823997 Z29.249372 E0.153651
G1 X93.500443 Y78.601265 Z28.820293 E0.172058
G1 X94.193901 Y78.418297 Z28.313206 E0.182588
G1 X94.880275 Y78.234383 Z27.831832 E0.178417
G1 X95.534069 Y78.009663 Z27.474671 E0.161758
G1 X96.138046 Y77.713345 Z27.315016 E0.373705
G1 X96.686432 Y77.330188 Z27.386072 E0.139847
G1 X97.185689 Y76.863865 Z27.674219 E0.154129
G1 X97.652768 Y76.336482 Z28.12178 E0.173499
G1 X98.111292 Y75.7843 Z28.638719 E0.18387
G1 X98.586513 Y75.250475 Z29.120922 E0.179223
G1 F240 X99.100116 Y74.776296 Z29.471323 E0.162544
G1 X99.665947 Y74.392689 Z29.619609 E0.14541
G1 E-1.5
G4 P1500 ; dejar cuajar el ápice del arco
G1 E1.5
G1 X100.287491 Y74.113748 Z29.536486 E0.142669
G1 F480 X100.957564 Y73.933646 Z29.239626 E0.156882
G1 X101.66019 Y73.827612 Z28.790084 E0.174791
G1 X102.374198 Y73.756802 Z28.279898 E0.183015
G1 X103.077728 Y73.67612 Z27.81342 E0.176274
G1 X103.752689 Y73.543413 Z27.486126 E0.158355
G1 X104.388246 Y73.328145 Z27.365247 E0.368511
G1 X104.982673 Y73.017788 Z27.476118 E0.141288
G1 X105.543252 Y72.620571 Z27.79704 E0.157633
G1 X106.084329 Y72.163999 Z28.263681 E0.176263
G1 X106.624019 Y71.689399 Z28.782135 E0.184214
G1 X107.180297 Y71.243589 Z29.247979 E0.177025
G1 F240 X107.767321 Y70.86934 Z29.567469 E0.15923
G1 X108.392732 Y70.596591 Z29.676564 E0.143635
G1 E-1.5
G4 P1500 ; dejar cuajar el ápice del arco
G1 E1.5
G1 X109.056448 Y70.436221 Z29.553924 E0.144212
G1 F480 X109.751116 Y70.377683 Z29.225243 E0.160216
G1 X110.464047 Y70.391003 Z28.758032 E0.177211
G1 X111.180142 Y70.432784 Z28.247918 E0.182973
G1 X111.885142 Y70.454991 Z27.799236 E0.173776
G1 X112.568494 Y70.414754 Z27.503851 E0.154981
G1 X113.225267 Y70.283175 Z27.422518 E0.364684
G1 X113.85675 Y70.051323 Z27.572546 E0.143274
G1 X114.469703 Y69.732183 Z27.924287 E0.161192
G1 X115.07451 Y69.358131 Z28.407157 E0.178685
G1 X115.68269 Y68.974422 Z28.923953 E0.184084
G1 X116.304362 Y68.63001 Z29.370591 E0.17449
G1 F240 X116.946198 Y68.367569 Z29.657224 E0.155974
G1 X117.610297 Y68.21475 Z29.726479 E0.142388
G1 E-1.5
G4 P1500 ; dejar cuajar el ápice del arco
G1 E1.5
G1 X118.294142 Y68.178474 Z29.565103 E0.146254
G1 F480 X118.991577 Y68.243434 Z29.206651 E0.163566
G1 X119.694499 Y68.375146 Z28.724677 E0.179274
G1 X120.394841 Y68.52692 Z28.217804 E0.182462
G1 X121.086359 Y68.649359 Z27.789708 E0.170971
G1 X121.765824 Y68.700433 Z27.528078 E0.394486
G1 X122.433405 Y68.654078 Z27.486817 E0.362368
G1 X123.092193 Y68.505558 Z27.675101 E0.145737
G1 X123.747072 Y68.272482 Z28.055518 E0.164722
G1 X124.403245 Y67.99125 Z28.551663 E0.180722
G1 X125.064827 Y67.709672 Z29.06364 E0.183485
G1 X125.733841 Y67.477229 Z29.488342 E0.171668
G1 F240 X126.409871 Y67.334987 Z29.740375 E0.152866
G1 X127.090411 Y67.307221 Z29.769388 E0.141714
G1 E-1.5
G4 P1500 ; dejar cuajar el ápice del arco
G1 E1.5
G1 X127.771785 Y67.396448 Z29.570296 E0.148725
G1 F480 X128.450375 Y67.582913 Z29.184308 E0.166851
G1 X129.123787 Y67.828603 Z28.690566 E0.180939
G1 X129.791647 Y68.084999 Z28.190083 E0.181491
G1 X130.455781 Y68.302964 Z27.785238 E0.167914
G1 X131.119729 Y68.442753 Z27.559 E0.386565
G1 X131.787711 Y68.482104 Z27.558089 E0.361655
G1 X132.463308 Y68.420749 Z27.783492 E0.148599
G1 X133.148227 Y68.280444 Z28.190264 E0.168143
G1 X133.841488 Y68.1005 Z28.69665 E0.182341
G1 X134.539311 Y67.92975 Z29.200676 E0.182429
G1 X135.235753 Y67.816582 Z29.600849 E0.16862
G1 F240 X135.924026 Y67.799092 Z29.816752 E0.149994
G1 E-1.5
G4 P1500 ; dejar cuajar el ápice del arco
G1 E1.5
G1 X136.59817 Y67.897351 Z29.805368 E0.141639
G1 E-1.5
G4 P1500 ; dejar cuajar el ápice del arco
G1 E1.5
G1 F480 X137.254694 Y68.109373 Z29.569811 E0.151545
G1 X137.893758 Y68.411578 Z29.15869 E0.169995
G1 X138.519555 Y68.763666 Z28.65625 E0.182177
G1 X139.139723 Y69.116869 Z28.165267 E0.180077
G1 X139.763859 Y69.4239 Z27.786193 E0.16467
G1 X140.401413 Y69.648566 Z27.596766 E0.379426
G1 X141.059426 Y69.773076 Z27.636236 E0.36258
G1 X141.740627 Y69.801568 Z27.897393 E0.151771
G1 X142.442386 Y69.759166 Z28.328036 E0.171383
G1 X143.156817 Y69.686749 Z28.841565 E0.183517
G1 X143.872099 Y69.632563 Z29.334557 E0.180936
G1 F240 X144.574807 Y69.642361 Z29.707757 E0.165411
G1 X145.252773 Y69.750118 Z29.886224 E0.147445
G1 E-1.5
G4 P1500 ; dejar cuajar el ápice del arco
G1 E1.5
G1 X145.897884 Y69.971191 Z29.834538 E0.142165
G1 E-1.5
G4 P1500 ; dejar cuajar el ápice del arco
G1 E1.5
G1 F480 X146.508159 Y70.299317 Z29.563993 E0.154626
G1 X147.088605 Y70.708023 Z29.130299 E0.172931
G1 X147.650576 Y71.156142 Z28.622282 E0.182967
G1 X148.209689 Y71.596278 Z28.143851 E0.178243
G1 X148.78267 Y71.984472 Z27.792909 E0.16131
G1 X149.383768 Y72.289102 Z27.641486 E0.3733
G1 X150.021503 Y72.497195 Z27.721117 E0.140428
G1 X150.696471 Y72.616904 Z28.016442 E0.155161
G1 X151.400759 Y72.67566 Z28.468326 E0.174377
G1 X152.119159 Y72.714426 Z28.985856 E0.18423
G1 X152.832035 Y72.779249 Z29.464799 E0.179037
G1 F240 X153.519278 Y72.911858 Z29.80875 E0.162115
G1 X154.164561 Y73.141231 Z29.948705 E0.145303
G1 E-1.5
G4 P1500 ; dejar cuajar el ápice del arco
G1 E1.5
G1 X154.758985 Y73.477833 Z29.85706 E0.143274
G1 F480 X155.303308 Y73.911679 Z29.553219 E0.15788
G1 X155.808208 Y74.414575 Z29.09965 E0.175597
G1 X156.292445 Y74.946024 Z28.589213 E0.183293
G1 X156.779218 Y75.46158 Z28.126307 E0.176024
G1 X157.291439 Y75.921901 Z27.805686 E0.157912
G1 X157.846859 Y76.300657 Z27.693224 E0.368396
G1 X158.454107 Y76.589706 Z27.81255 E0.141987
G1 X159.110497 Y76.800505 Z28.140248 E0.158678
G1 X159.802152 Y76.961529 Z28.61061 E0.177068
G1 X160.506485 Y77.112258 Z29.128976 E0.184472
G1 X161.19661 Y77.295015 Z29.59094 E0.176766
G1 F240 X161.84682 Y77.546341 Z29.903546 E0.158812
G1 X162.437991 Y77.889654 Z30.00415 E0.14364
G1 E-1.5
G4 P1500 ; dejar cuajar el ápice del arco
G1 E1.5
G1 X162.9618 Y78.33069 Z29.873136 E0.144926
G1 F480 X163.422801 Y78.856593 Z29.537896 E0.161219
G1 X163.837873 Y79.438796 Z29.067274 E0.177941
G1 X164.233067 Y80.039046 Z28.557588 E0.18315
G1 X164.638439 Y80.617304 Z28.113086 E0.17346
G1 X165.081883 Y81.139876 Z27.824786 E0.154562
G1 X165.583245 Y81.586119 Z27.752004 E0.36489
G1 X166.149948 Y81.952396 Z27.910313 E0.144076
G1 X166.77508 Y82.252495 Z28.268387 E0.162232
G1 X167.438435 Y82.514515 Z28.754352 E0.179407
G1 X168.110335 Y82.7749 Z29.270382 E0.184241
G1 X168.757543 Y83.070889 Z29.712544 E0.174169
G1 F240 X169.350053 Y83.432946 Z29.991902 E0.155587
G1 X169.867385 Y83.878711 Z30.05256 E0.142515
G1 E-1.5
G4 P1500 ; dejar cuajar el ápice del arco
G1 E1.5
G1 X170.303054 Y84.409681 Z29.883008 E0.147062
G1 F480 X170.666232 Y85.011217 Z29.518461 E0.164555
G1 X170.9802 Y85.655845 Z29.033711 E0.179918
G1 X171.277838 Y86.309076 Z28.527943 E0.182541
G1 X171.595019 Y86.936536 Z28.10461 E0.1706
G1 X171.96324 Y87.510909 Z27.850433 E0.393509
G1 X172.403003 Y88.017291 Z27.817803 E0.362917
G1 X172.919334 Y88.455907 Z28.014145 E0.146627
G1 X173.500419 Y88.841688 Z28.400411 E0.16574
G1 X174.119695 Y89.200877 Z28.899008 E0.181355
G1 X174.7411 Y89.565364 Z29.409544 E0.183549
G1 X175.326263 Y89.966131 Z29.829203 E0.171311
G1 F240 X175.842263 Y90.427065 Z30.073615 E0.152538
G1 X176.268589 Y90.960238 Z30.093976 E0.141972
G1 E-1.5
G4 P1500 ; dejar cuajar el ápice del arco
G1 E1.5
G1 F480 X176.601593 Y91.563757 Z29.886957 E0.14961
G1 X176.855603 Y92.222466 Z29.495375 E0.167821
G1 X177.059945 Y92.911615 Z28.999509 E0.181528
G1 X177.253584 Y93.601815 Z28.500802 E0.181529
G1 X177.477115 Y94.265212 Z28.101272 E0.167554
G1 X177.76441 Y94.881078 Z27.88281 E0.385809
G1 X178.135381 Y95.439872 Z27.890558 E0.362535
G1 X178.592068 Y95.944534 Z28.123745 E0.149558
G1 X179.117551 Y96.409733 Z28.535847 E0.169182
G1 X179.679161 Y96.858465 Z29.044026 E0.183003
G1 X180.234958 Y97.317103 Z29.545945 E0.18255
G1 F240 X180.742329 Y97.809846 Z29.940538 E0.168357
G1 X181.166468 Y98.354023 Z30.148521 E0.149798
G1 E-1.5
G4 P1500 ; dejar cuajar el ápice del arco
G1 E1.5
G1 X181.487725 Y98.956755 Z30.128485 E0.142041
G1 E-1.5
G4 P1500 ; dejar cuajar el ápice del arco
G1 E1.5
G1 F480 X181.705933 Y99.61382 Z29.885299 E0.152543
G1 X181.840717 Y100.310909 Z29.469121 E0.171079
G1 X181.927754 Y101.026888 Z28.965221 E0.182897
G1 X182.011644 Y101.738347 Z28.476673 E0.180253
G1 X182.13688 Y102.424425 Z28.103434 E0.164432
G1 X182.338696 Y103.070931 Z27.922059 E0.37895
G1 X182.635692 Y103.672941 Z27.970161 E0.363744
G1 X183.025793 Y104.235387 Z28.238781 E0.152853
G1 X183.486377 Y104.771613 Z28.674202 E0.172583
G1 X183.978668 Y105.300256 Z29.188854 E0.184375
G1 X184.455484 Y105.841182 Z29.679086 E0.181255
G1 F240 X184.870809 Y106.411359 Z30.046205 E0.165307
G1 X185.189251 Y107.02152 Z30.216501 E0.147387
G1 E-1.5
G4 P1500 ; dejar cuajar el ápice del arco
G1 E1.5
G1 X185.393397 Y107.674273 Z30.156216 E0.142724
G1 F480 X185.487591 Y108.363978 Z29.878386 E0.155804
G1 X185.497282 Y109.078331 Z29.440202 E0.174219
G1 X185.464018 Y109.801249 Z28.9314 E0.183896
G1 X185.437097 Y110.516373 Z28.456048 E0.17859
G1 X185.463529 Y111.210437 Z28.111425 E0.161179
G1 X185.578374 Y111.875798 Z27.968279 E0.373041
G1 X185.797449 Y112.511629 Z28.056463 E0.140996
G1 X186.113903 Y113.123621 Z28.358884 E0.15641
G1 X186.499417 Y113.722333 Z28.814964 E0.175786
G1 X186.909799 Y114.320629 Z29.33294 E0.185309
G1 X187.293893 Y114.930794 Z29.808488 E0.179542
G1 F240 X187.604002 Y115.561986 Z30.145892 E0.162145
G1 X187.805667 Y116.218535 Z30.277477 E0.14537
G1 E-1.5
G4 P1500 ; dejar cuajar el ápice del arco
G1 E1.5
G1 X187.884745 Y116.899427 Z30.177338 E0.144005
G1 F480 X187.850616 Y117.598937 Z29.866602 E0.159271
G1 X187.734479 Y118.308265 Z29.409138 E0.177111
G1 X187.582823 Y119.017769 Z28.898594 E0.184419
G1 X187.448128 Y119.719116 Z28.439394 E0.176498
G1 X187.378234 Y120.40697 Z28.125536 E0.15784
G1 X187.406505 Y121.079851 Z28.021525 E0.368313
G1 X187.544632 Y121.74006 Z28.149273 E0.142706
G1 X187.780499 Y122.392642 Z28.483654 E0.160119
G1 X188.08047 Y123.043851 Z28.957606 E0.178663
G1 X188.396165 Y123.699461 Z29.475738 E0.185691
G1 X188.674182 Y124.363361 Z29.933693 E0.177339
G1 F240 X188.867236 Y125.03674 Z30.239327 E0.158875
G1 X188.943739 Y125.718078 Z30.331413 E0.143803
G1 E-1.5
G4 P1500 ; dejar cuajar el ápice del arco
G1 E1.5
G1 X188.894248 Y126.403862 Z30.192063 E0.145835
G1 F480 X188.733402 Y127.089802 Z29.850361 E0.162774
G1 X188.497041 Y127.772186 Z29.376461 E0.179557
G1 X188.235019 Y128.449018 Z28.867349 E0.18429
G1 X188.000729 Y129.1206 Z28.427154 E0.173882
G1 X187.840364 Y129.789415 Z28.146022 E0.154454
G1 X187.783506 Y130.459338 Z28.081812 E0.365033
G1 X187.837111 Y131.134389 Z28.24836 E0.144963
G1 X187.984105 Y131.81738 Z28.612664 E0.163788
G1 X188.186895 Y132.508829 Z29.10159 E0.181016
G1 X188.395047 Y133.206458 Z29.616707 E0.18539
G1 X188.555577 Y133.90547 Z30.054271 E0.174647
G1 F240 X188.623749 Y134.599565 Z30.326276 E0.155616
G1 X188.572164 Y135.282491 Z30.378319 E0.142779
G1 E-1.5
G4 P1500 ; dejar cuajar el ápice del arco
G1 E1.5
G1 X188.396299 Y135.949745 Z30.200641 E0.148122
G1 F480 X188.115373 Y136.59999 Z29.830104 E0.166175
G1 X187.76837 Y137.235802 Z29.342715 E0.181486
G1 X187.406049 Y137.863478 Z28.838197 E0.183567
G1 X187.080577 Y138.491894 Z28.419747 E0.170906
G1 X186.834917 Y139.130601 Z28.173097 E0.393151
G1 X186.694121 Y139.787561 Z28.149109 E0.363366
G1 X186.660316 Y140.46706 Z28.353454 E0.147668
G1 X186.712371 Y141.168304 Z28.74546 E0.167353
G1 X186.810303 Y141.88509 Z29.24637 E0.182917
G1 X186.903506 Y142.606714 Z29.75532 E0.184584
G1 X186.941095 Y143.320007 Z30.169819 E0.171672
G1 F240 X186.882256 Y144.012096 Z30.406542 E0.152543
G1 X186.704494 Y144.673321 Z30.418247 E0.142354
G1 E-1.5
G4 P1500 ; dejar cuajar el ápice del arco
G1 E1.5
G1 F480 X186.408094 Y145.299634 Z30.20336 E0.150806
G1 X186.015935 Y145.893914 Z29.806297 E0.169469
G1 X185.568692 Y146.465822 Z29.308448 E0.182997
G1 X185.116465 Y147.030128 Z28.811659 E0.182381
G1 X184.708532 Y147.603795 Z28.417559 E0.1677
G1 X184.383354 Y148.202391 Z28.206936 E0.385379
G1 X184.160849 Y148.836586 Z28.223342 E0.36336
G1 X184.038495 Y149.509511 Z28.464249 E0.15074
G1 X183.992031 Y150.21561 Z28.881564 E0.170773
G1 X183.980567 Y150.94132 Z29.391394 E0.184379
G1 X183.954966 Y151.667497 Z29.891065 E0.183315
G1 F240 X183.868053 Y152.373274 Z30.279967 E0.168485
G1 X183.684132 Y153.040411 Z30.479973 E0.149743
G1 E-1.5
G4 P1500 ; dejar cuajar el ápice del arco
G1 E1.5
G1 X183.386109 Y153.65731 Z30.451291 E0.142543
G1 E-1.5
G4 P1500 ; dejar cuajar el ápice del arco
G1 E1.5
G1 F480 X182.978731 Y154.221776 Z30.200545 E0.153807
G1 X182.487575 Y154.742007 Z29.779429 E0.172576
G1 X181.953497 Y155.23525 Z29.274214 E0.184034
G1 X181.424145 Y155.724512 Z28.788241 E0.180716
G1 X180.94426 Y156.233936 Z28.420944 E0.164302
G1 X180.546697 Y156.783752 Z28.247672 E0.37848
G1 X180.245802 Y157.385763 Z28.304395 E0.365041
G1 X180.034744 Y158.040491 Z28.580402 E0.15408
G1 X179.887292 Y158.736667 Z29.020479 E0.17393
G1 X179.763374 Y159.453129 Z29.536109 E0.185295
G1 X179.617371 Y160.162866 Z30.023444 E0.181524
G1 F240 X179.40746 Y160.838474 Z30.384378 E0.165099
G1 X179.104151 Y161.457945 Z30.546457 E0.147286
G1 E-1.5
G4 P1500 ; dejar cuajar el ápice del arco
G1 E1.5
G1 X178.696001 Y162.009394 Z30.47759 E0.143333
G1 F480 X178.191657 Y162.493871 Z30.192555 E0.156988
G1 X177.617792 Y162.925537 Z29.750006 E0.175345
G1 X177.013414 Y163.329101 Z29.240564 E0.184491
G1 X176.42177 Y163.734971 Z28.768427 E0.178542
G1 X175.88152 Y164.173057 Z28.430223 E0.160774
G1 X175.418998 Y164.666509 Z28.295394 E0.372733
G1 X175.043116 Y165.226689 Z28.392109 E0.141667
G1 X174.743887 Y165.850465 Z28.70154 E0.157545
G1 X174.494824 Y166.520465 Z29.161688 E0.176715
G1 X174.258616 Y167.208293 Z29.679965 E0.18564
G1 X173.99491 Y167.880134 Z30.151984 E0.17927
G1 F240 X173.668548 Y168.503631 Z30.482747 E0.161645
G1 X173.256589 Y169.054616 Z30.605926 E0.145285
G1 E-1.5
G4 P1500 ; dejar cuajar el ápice del arco
G1 E1.5
G1 X172.752718 Y169.522314 Z30.497322 E0.144683
G1 F480 X172.168166 Y169.911868 Z30.17978 E0.160251
G1 X171.529078 Y170.243622 Z29.718551 E0.177758
G1 X170.8709 Y170.549233 Z29.208047 E0.184438
G1 X170.231004 Y170.865349 Z28.752683 E0.17599
G1 X169.641107 Y171.226125 Z28.44568 E0.157271
G1 X169.120987 Y171.656089 Z28.35015 E0.368366
G1 X168.674783 Y172.164865 Z28.486284 E0.143492
G1 X168.290556 Y172.744884 Z28.827256 E0.161062
G1 X167.943115 Y173.372596 Z29.304663 E0.179142
G1 X167.599479 Y174.013039 Z29.822415 E0.185502
G1 X167.225749 Y174.626817 Z30.276233 E0.176676
G1 F240 X166.794012 Y175.178145 Z30.574811 E0.158246
G1 X166.287842 Y175.642286 Z30.658353 E0.143813
G1 E-1.5
G4 P1500 ; dejar cuajar el ápice del arco
G1 E1.5
G1 X165.705351 Y176.010871 Z30.510707 E0.146541
G1 F480 X165.059002 Y176.293663 Z30.162641 E0.163535
G1 X164.372879 Y176.517074 Z29.685599 E0.179815
G1 X163.677432 Y176.71891 Z29.177206 E0.183926
G1 X163.003138 Y176.940754 Z28.741445 E0.173146
G1 X162.374283 Y177.21936 Z28.467561 E0.400133
G1 X161.804432 Y177.579259 Z28.411943 E0.365513
G1 X161.293903 Y178.027337 Z28.586682 E0.145802
G1 X160.83017 Y178.551186 Z28.957116 E0.164562
G1 X160.390833 Y179.121367 Z29.448864 E0.181215
G1 X159.948521 Y179.697256 Z29.962924 E0.184945
G1 X159.476607 Y180.235211 Z30.395766 E0.173853
G1 F240 X158.954542 Y180.69741 Z30.660342 E0.155029
G1 X158.371841 Y181.059736 Z30.703758 E0.142922
G1 E-1.5
G4 P1500 ; dejar cuajar el ápice del arco
G1 E1.5
G1 X157.729863 Y181.316907 Z30.518004 E0.148857
G1 F480 X157.041129 Y181.483829 Z30.141583 E0.166808
G1 X156.326262 Y181.59257 Z29.651695 E0.181561
G1 X155.60964 Y181.686226 Z29.14857 E0.183055
G1 X154.914279 Y181.810126 Z28.735124 E0.17013
G1 X154.257229 Y182.002544 Z28.496072 E0.391943
G1 X153.646379 Y182.286753 Z28.480734 E0.36423
G1 X153.079263 Y182.666079 Z28.693025 E0.148537
G1 X152.544036 Y183.122996 Z29.090662 E0.168027
G1 X152.022319 Y183.622498 Z29.593743 E0.182976
G1 X151.493259 Y184.119087 Z30.100965 E0.184035
G1 X150.937908 Y184.565992 Z30.510187 E0.170864
G1 F240 X150.343 Y184.924736 Z30.739155 E0.152054
G1 E-1.5
G4 P1500 ; dejar cuajar el ápice del arco
G1 E1.5
G1 X149.703387 Y185.173082 Z30.742201 E0.142632
G1 E-1.5
G4 P1500 ; dejar cuajar el ápice del arco
G1 E1.5
G1 F480 X149.022677 Y185.309735 Z30.519509 E0.151569
G1 X148.312049 Y185.354775 Z30.117079 E0.170023
G1 X147.587563 Y185.345721 Z29.617389 E0.18296
G1 X146.866612 Y185.329982 Z29.122659 E0.18179
G1 X146.164297 Y185.355227 Z28.734101 E0.166931
G1 X145.490483 Y185.45962 Z28.531379 E0.384469
G1 X144.848119 Y185.663942 Z28.556439 E0.364575
G1 X144.233091 Y185.967211 Z28.804998 E0.151623
G1 X143.635566 Y186.346732 Z29.22741 E0.171356
G1 X143.042437 Y186.762598 Z29.738747 E0.184321
G1 X142.440292 Y187.165737 Z30.23603 E0.182693
G1 F240 X141.818252 Y187.507886 Z30.619133 E0.167694
G1 X141.17006 Y187.75146 Z30.811106 E0.149372
G1 E-1.5
G4 P1500 ; dejar cuajar el ápice del arco
G1 E1.5
G1 X140.495041 Y187.877284 Z30.773787 E0.142948
G1 E-1.5
G4 P1500 ; dejar cuajar el ápice del arco
G1 E1.5
G1 F480 X139.797802 Y187.888602 Z30.515554 E0.154578
G1 X139.086813 Y187.810515 Z30.08962 E0.173053
G1 X138.372273 Y187.684953 Z29.583233 E0.183915
G1 X137.663779 Y187.562174 Z29.099973 E0.180095
G1 X136.968318 Y187.490534 Z28.738724 E0.163589
G1 X136.289029 Y187.5066 Z28.573606 E0.377931
G1 X135.624923 Y187.627643 Z28.638934 E0.366552
G1 X134.971583 Y187.848044 Z28.922252 E0.154962
G1 X134.32257 Y188.140373 Z29.36686 E0.174461
G1 X133.671181 Y188.460925 Z29.883324 E0.185207
G1 X133.012089 Y188.758591 Z30.367625 E0.18093
G1 F240 X132.342487 Y188.985276 Z30.722273 E0.16441
G1 X131.662503 Y189.105706 Z30.876091 E0.14707
G1 E-1.5
G4 P1500 ; dejar cuajar el ápice del arco
G1 E1.5
G1 X130.97482 Y189.104696 Z30.798662 E0.143856
G1 F480 X130.283661 Y188.990184 Z30.506505 E0.15779
G1 X129.593445 Y188.791514 Z30.059717 E0.175835
G1 X128.907506 Y188.553766 Z29.54978 E0.184421
G1 X128.227179 Y188.328481 Z29.080994 E0.178017
G1 X127.551518 Y188.16312 Z28.749304 E0.160197
G1 X126.877708 Y188.09135 Z28.622833 E0.372563
G1 X126.202029 Y188.126483 Z28.728051 E0.142338
G1 X125.521125 Y188.258445 Z29.044406 E0.158467
G1 X124.833198 Y188.45589 Z29.508493 E0.177317
G1 X124.138805 Y188.672589 Z30.026925 E0.185687
G1 X123.440975 Y188.856943 Z30.495283 E0.178859
G1 F240 X122.744642 Y188.962288 Z30.819312 E0.16115
G1 X122.055434 Y188.956469 Z30.934051 E0.145246
G1 E-1.5
G4 P1500 ; dejar cuajar el ápice del arco
G1 E1.5
G1 X121.378155 Y188.828414 Z30.817014 E0.145335
G1 F480 X120.715316 Y188.590398 Z30.492758 E0.161174
G1 X120.066153 Y188.275519 Z30.027896 E0.178417
G1 X119.42642 Y187.930762 Z29.517577 E0.184593
G1 X118.789017 Y187.607761 Z29.066179 E0.175698
G1 X118.145474 Y187.352134 Z28.766118 E0.156878
G1 X117.487928 Y187.194201 Z28.679098 E0.36851
G1 X116.811144 Y187.142844 Z28.823581 E0.144253
G1 X116.114117 Y187.183701 Z29.171047 E0.162123
G1 X115.400778 Y187.282168 Z29.651777 E0.179984
G1 X114.679606 Y187.390479 Z30.169004 E0.185854
G1 X113.962116 Y187.457463 Z30.618556 E0.176557
G1 F240 X113.2605 Y187.438986 Z30.909994 E0.157978
G1 X112.584915 Y187.306891 Z30.984971 E0.143943
G1 E-1.5
G4 P1500 ; dejar cuajar el ápice del arco
G1 E1.5
G1 X111.941009 Y187.054706 Z30.829072 E0.14736
G1 F480 X111.328271 Y186.698886 Z30.474741 E0.164682
G1 X110.739673 Y186.275384 Z29.994694 E0.180774
G1 X110.162734 Y185.83227 Z29.487164 E0.184389
G1 X109.58191 Y185.419886 Z29.055961 E0.173094
G1 X108.981816 Y185.080618 Z28.789404 E0.399466
G1 X108.350649 Y184.840313 Z28.742395 E0.365902
G1 X107.683038 Y184.703113 Z28.925278 E0.146692
G1 X106.981658 Y184.650735 Z29.301737 E0.165832
G1 X106.25719 Y184.646305 Z29.796169 E0.182332
G1 X105.526512 Y184.641985 Z30.309028 E0.185573
G1 X104.809435 Y184.588766 Z30.737026 E0.173948
G1 F240 X104.124619 Y184.446449 Z30.9941 E0.154908
G1 X103.485503 Y184.191762 Z31.028877 E0.1432
G1 E-1.5
G4 P1500 ; dejar cuajar el ápice del arco
G1 E1.5
G1 X102.897157 Y183.822966 Z30.835101 E0.14986
G1 F480 X102.354754 Y183.360067 Z30.452904 E0.168181
G1 X101.844108 Y182.840594 Z29.960657 E0.182756
G1 X101.344243 Y182.311838 Z29.459069 E0.183713
G1 X100.831503 Y181.821257 Z29.050745 E0.170192
G1 X100.284544 Y181.406695 Z28.819359 E0.391451
G1 X99.689006 Y181.08876 Z28.812676 E0.364889
G1 X99.040844 Y180.866909 Z29.032855 E0.149586
G1 X98.347659 Y180.719757 Z29.43601 E0.169478
;WIDTH:1.250
; LINE_WIDTH: 1.250
;Z:30.998
;HEIGHT:2.202
G1 X98.282394 Y180.835794 Z29.432492 E0.027685
G1 X97.561766 Y180.723695 Z29.934825 E0.184086
G1 X96.839707 Y180.602424 Z30.437397 E0.184607
G1 X96.143548 Y180.427136 Z30.839006 E0.170997
G1 F240 X95.497055 Y180.163154 Z31.058939 E0.152191
G1 E-1.5
G4 P1500 ; dejar cuajar el ápice del arco
G1 E1.5
G1 X94.915331 Y179.792869 Z31.053356 E0.143351
G1 E-1.5
G4 P1500 ; dejar cuajar el ápice del arco
G1 E1.5
G1 F480 X94.401362 Y179.319047 Z30.824189 E0.152925
G1 X93.944856 Y178.764197 Z30.418748 E0.171499
G1 X93.524 Y178.165652 Z29.920117 E0.184062
G1 X93.10972 Y177.567703 Z29.430296 E0.182303
G1 X92.671495 Y177.012586 Z29.049497 E0.166975
G1 X92.183667 Y176.532017 Z28.855803 E0.384628
G1 X91.631029 Y176.140848 Z28.889326 E0.366389
G1 X91.012421 Y175.834221 Z29.144058 E0.152981
G1 X90.341269 Y175.589084 Z29.569098 E0.172824
G1 X89.643265 Y175.369111 Z30.078977 E0.185415
G1 X88.951388 Y175.132307 Z30.57101 E0.183222
G1 F240 X88.299254 Y174.839622 Z30.946132 E0.167809
G1 X87.714161 Y174.462821 Z31.129006 E0.149578
G1 E-1.5
G4 P1500 ; dejar cuajar el ápice del arco
G1 E1.5
G1 X87.211257 Y173.990016 Z31.083315 E0.143802
G1 E-1.5
G4 P1500 ; dejar cuajar el ápice del arco
G1 E1.5
G1 F480 X86.790091 Y173.427777 Z30.819129 E0.156016
G1 X86.434323 Y172.799454 Z30.390866 E0.174513
G1 X86.114731 Y172.140135 Z29.886243 E0.184938
G1 X85.79497 Y171.489312 Z29.408475 E0.180515
G1 X85.43895 Y170.882806 Z29.055329 E0.163591
G1 X85.018331 Y170.345603 Z28.899275 E0.37828
G1 X84.518584 Y169.887037 Z28.972784 E0.141818
G1 X83.942315 Y169.499263 Z29.261735 E0.156384
G1 X83.309116 Y169.159234 Z29.70828 E0.175893
G1 X82.651883 Y168.833738 Z30.222588 E0.18621
G1 X82.01031 Y168.486366 Z30.701072 E0.181369
G1 F240 X81.422834 Y168.084975 Z31.047419 E0.164498
G1 X80.918684 Y167.608106 Z31.192131 E0.147359
G1 E-1.5
G4 P1500 ; dejar cuajar el ápice del arco
G1 E1.5
G1 X80.511677 Y167.049068 Z31.106636 E0.144842
G1 F480 X80.197083 Y166.416934 Z30.809085 E0.15928
G1 X79.952269 Y165.734299 Z30.360665 E0.177244
G1 X79.741054 Y165.032361 Z29.853185 E0.185332
G1 X79.520936 Y164.344384 Z29.390441 E0.178325
G1 X79.251755 Y163.698915 Z29.067148 E0.16016
G1 X78.904021 Y163.114157 Z28.949719 E0.373144
G1 X78.465175 Y162.594601 Z29.062786 E0.143315
G1 X77.942459 Y162.130537 Z29.384199 E0.159928
G1 X77.361751 Y161.700474 Z29.849521 E0.178665
G1 X76.762535 Y161.27587 Z30.36511 E0.186531
G1 X76.189993 Y160.82716 Z30.82712 E0.179135
G1 F240 X75.685806 Y160.329784 Z31.14258 E0.161168
G1 X75.279541 Y159.769014 Z31.248262 E0.145614
G1 E-1.5
G4 P1500 ; dejar cuajar el ápice del arco
G1 E1.5
G1 X74.982413 Y159.142614 Z31.123516 E0.146434
G1 F480 X74.784739 Y158.460865 Z30.794457 E0.16264
G1 X74.657658 Y157.744046 Z30.328669 E0.179658
G1 X74.558819 Y157.017972 Z29.821486 E0.185253
G1 X74.44092 Y156.308561 Z29.376642 E0.175781
G1 X74.261365 Y155.636593 Z29.08522 E0.156765
G1 X73.991075 Y155.013712 Z29.007166 E0.369399
G1 X73.620622 Y154.440454 Z29.159118 E0.145357
G1 X73.16239 Y153.906617 Z29.511035 E0.163524
G1 X72.648293 Y153.39381 Z29.992289 E0.181088
G1 X72.123434 Y152.87957 Z30.506005 E0.186374
G1 X71.637014 Y152.342122 Z30.948716 E0.176566
G1 F240 X71.232283 Y151.764797 Z31.231369 E0.157904
G1 X70.937634 Y151.139191 Z31.297394 E0.144404
G1 E-1.5
G4 P1500 ; dejar cuajar el ápice del arco
G1 E1.5
G1 X70.760643 Y150.466489 Z31.134189 E0.148524
G1 F480 X70.686333 Y149.756754 Z30.775677 E0.166012
G1 X70.680053 Y149.026423 Z30.295417 E0.181707
G1 X70.694402 Y148.294633 Z29.791681 E0.184702
G1 X70.678846 Y147.579172 Z29.367504 E0.172931
G1 X70.590035 Y146.892934 Z29.109775 E0.399089
G1 X70.400743 Y146.241581 Z29.071599 E0.367186
G1 X70.105569 Y145.622838 Z29.261524 E0.147876
G1 X69.722198 Y145.027475 Z29.641799 E0.167083
G1 X69.287956 Y144.441674 Z30.136043 E0.18312
G1 X68.852306 Y143.850205 Z30.644742 E0.185744
G1 X68.466817 Y143.239696 Z31.06545 E0.173712
G1 F240 X68.174636 Y142.601284 Z31.313577 E0.154795
G1 X68.001622 Y141.932149 Z31.339562 E0.143773
G1 E-1.5
G4 P1500 ; dejar cuajar el ápice del arco
G1 E1.5
G1 X67.950968 Y141.235649 Z31.13893 E0.15104
G1 F480 X68.002432 Y140.520142 Z30.753197 E0.169312
G1 X68.116359 Y139.796825 Z30.261451 E0.183353
G1 X68.241695 Y139.077135 Z29.764292 E0.183689
G1 X68.326367 Y138.370306 Z29.363422 E0.169833
G1 X68.32792 Y137.681611 Z29.140998 E0.391156
G1 X68.222227 Y137.01162 Z29.142962 E0.366594
G1 X68.008491 Y136.356575 Z29.369712 E0.15079
G1 X67.709489 Y135.709688 Z29.776026 E0.170529
G1 X67.367003 Y135.06302 Z30.280236 E0.184729
G1 X67.03335 Y134.409437 Z30.780807 E0.184655
G1 X66.760736 Y133.744189 Z31.176941 E0.170635
G1 F240 X66.590607 Y133.065775 Z31.389037 E0.151931
G1 E-1.5
G4 P1500 ; dejar cuajar el ápice del arco
G1 E1.5
G1 X66.545169 Y132.375922 Z31.374847 E0.143745
G1 E-1.5
G4 P1500 ; dejar cuajar el ápice del arco
G1 E1.5
G1 F480 X66.622823 Y131.678774 Z31.138047 E0.153901
G1 X66.798452 Y130.979535 Z30.727498 E0.172466
G1 X67.028509 Y130.282961 Z30.22732 E0.184567
G1 X67.259877 Y129.592098 Z29.739829 E0.182229
G1 X67.440691 Y128.907589 Z29.364761 E0.16655
G1 X67.53091 Y128.227708 Z29.179038 E0.384032
G1 X67.510487 Y127.549085 Z29.221153 E0.367652
G1 X67.383461 Y126.867899 Z29.483355 E0.154011
G1 X67.177129 Y126.181205 Z29.913227 E0.173786
G1 X66.936478 Y125.488006 Z30.424319 E0.185889
G1 X66.715014 Y124.789769 Z30.9137 E0.183128
G1 F240 X66.56385 Y124.090212 Z31.282842 E0.167401
G1 X66.521298 Y123.394396 Z31.457624 E0.149399
G1 E-1.5
G4 P1500 ; dejar cuajar el ápice del arco
G1 E1.5
G1 X66.605085 Y122.707346 Z31.403369 E0.144321
G1 E-1.5
G4 P1500 ; dejar cuajar el ápice del arco
G1 E1.5
G1 F480 X66.808772 Y122.03254 Z31.131887 E0.157019
G1 X67.103105 Y121.3707 Z30.699076 E0.175405
G1 X67.442019 Y120.719214 Z30.193575 E0.185328
G1 X67.772051 Y120.072414 Z29.71878 E0.18035
G1 X68.04324 Y119.4227 Z29.371851 E0.163157
G1 X68.219279 Y118.76229 Z29.223999 E0.377945
G1 X68.284866 Y118.085204 Z29.30603 E0.142433
G1 X68.248738 Y117.389001 Z29.602092 E0.157445
G1 X68.141812 Y116.675813 Z30.052895 E0.176792
G1 X68.010804 Y115.952349 Z30.567742 E0.186583
G1 X67.908659 Y115.228805 Z31.042939 E0.181194
G1 F240 X67.883756 Y114.516828 Z31.382839 E0.164085
G1 X67.970085 Y113.82696 Z31.519252 E0.147281
G1 E-1.5
G4 P1500 ; dejar cuajar el ápice del arco
G1 E1.5
G1 X68.180401 Y113.166116 Z31.425292 E0.14548
G1 F480 X68.503738 Y112.535694 Z31.120826 E0.160304
G1 X68.907759 Y111.930802 Z30.668445 E0.178068
G1 X69.34545 Y111.340864 Z30.160763 E0.185621
G1 X69.764751 Y110.751561 Z29.701616 E0.178084
G1 X70.11917 Y110.147757 Z29.384989 E0.159733
G1 X70.377187 Y109.516818 Z29.275943 E0.373104
G1 X70.528551 Y108.851598 Z29.397408 E0.144048
G1 X70.586212 Y108.152402 Z29.725528 E0.161001
G1 X70.583517 Y107.427435 Z30.194508 E0.179488
G1 X70.567274 Y106.691527 Z30.709961 E0.186801
G1 X70.588137 Y105.963343 Z31.168069 E0.178888
G1 F240 X70.690282 Y105.261579 Z31.476654 E0.160769
G1 X70.902481 Y104.600943 Z31.573883 E0.14565
G1 E-1.5
G4 P1500 ; dejar cuajar el ápice del arco
G1 E1.5
G1 X71.232391 Y103.988776 Z31.440821 E0.147181
G1 F480 X71.665179 Y103.423092 Z31.105271 E0.163668
G1 X72.166737 Y102.892526 Z30.636135 E0.180403
G1 X72.690776 Y102.378307 Z30.129425 E0.18544
G1 X73.188344 Y101.85791 Z29.688781 E0.175474
G1 X73.617769 Y101.309695 Z29.404433 E0.156363
G1 X73.953042 Y100.717571 Z29.33489 E0.369686
G1 X74.188914 Y100.074685 Z29.495064 E0.146194
G1 X74.341727 Y99.385298 Z29.853244 E0.16459
G1 X74.445845 Y98.664388 Z30.337533 E0.181828
G1 X74.546467 Y97.934945 Z30.850437 E0.186543
G1 X74.690318 Y97.223467 Z31.288657 E0.176258
G1 F240 X74.916148 Y96.554522 Z31.564049 E0.157537
G1 X75.246965 Y95.945521 Z31.621518 E0.144563
G1 E-1.5
G4 P1500 ; dejar cuajar el ápice del arco
G1 E1.5
G1 X75.685562 Y95.40279 Z31.450198 E0.149363
G1 F480 X76.21421 Y94.919853 Z31.085659 E0.167025
G1 X76.798523 Y94.478336 Z30.602683 E0.182366
G1 X77.394652 Y94.05142 Z30.100094 E0.18479
G1 X77.958301 Y93.609186 Z29.680694 E0.17257
G1 X78.4537 Y93.124785 Z29.430402 E0.398163
G1 X78.86072 Y92.580173 Z29.400815 E0.367819
G1 X79.178702 Y91.970179 Z29.598735 E0.148799
G1 X79.426275 Y91.304003 Z29.984791 E0.168126
G1 X79.637264 Y90.60375 Z30.481427 E0.18377
G1 X79.853569 Y89.900223 Z30.988645 E0.185814
G1 X80.116537 Y89.226773 Z31.404298 E0.173356
G1 F240 X80.458579 Y88.61244 Z31.644824 E0.15448
G1 X80.89675 Y88.075805 Z31.662203 E0.144062
G1 E-1.5
G4 P1500 ; dejar cuajar el ápice del arco
G1 E1.5
G1 F480 X81.429563 Y87.620852 Z31.453707 E0.151955
G1 X82.037621 Y87.235768 Z31.062448 E0.170294
G1 X82.687865 Y86.894996 Z30.568636 E0.18392
G1 X83.34053 Y86.564202 Z30.07329 E0.183681
G1 X83.957311 Y86.207199 Z29.677744 E0.169432
G1 X84.509086 Y85.793415 Z29.463075 E0.390401
G1 X84.981606 Y85.30438 Z29.47365 E0.367581
G1 X85.378062 Y84.737845 Z29.708121 E0.15178
G1 X85.718046 Y84.108635 Z30.119697 E0.171531
G1 X86.033215 Y83.44597 Z30.625643 E0.185282
G1 X86.360597 Y82.787746 Z31.124072 E0.184632
G1 F240 X86.734959 Y82.172897 Z31.51462 E0.170244
G1 X87.181809 Y81.63338 Z31.71882 E0.151686
G1 E-1.5
G4 P1500 ; dejar cuajar el ápice del arco
G1 E1.5
G1 X87.712439 Y81.187438 Z31.696027 E0.144163
G1 E-1.5
G4 P1500 ; dejar cuajar el ápice del arco
G1 E1.5
G1 F480 X88.321977 Y80.835575 Z31.451663 E0.154872
G1 X88.990762 Y80.560115 Z31.036123 E0.173402
G1 X89.688694 Y80.328517 Z30.534542 E0.185036
G1 X90.381583 Y80.099823 Z30.049518 E0.182131
G1 X91.038169 Y79.832967 Z29.680289 E0.166125
G1 X91.636358 Y79.495248 Z29.502591 E0.383495
G1 X92.16742 Y79.069229 Z29.553287 E0.368987
G1 X92.637364 Y78.556603 Z29.822887 E0.155048
G1 X93.065276 Y77.978165 Z30.257469 E0.174735
G1 X93.479048 Y77.369857 Z30.76963 E0.186342
G1 X93.909444 Y76.775614 Z31.256221 E0.183018
G1 F240 X94.383771 Y76.238458 Z31.619281 E0.166992
G1 X94.920442 Y75.791642 Z31.785921 E0.149241
G1 E-1.5
G4 P1500 ; dejar cuajar el ápice del arco
G1 E1.5
G1 X95.525524 Y75.451673 Z31.723119 E0.144865
G1 F480 X96.191909 Y75.214694 Z31.444419 E0.158027
G1 X96.901194 Y75.056993 Z31.007184 E0.176282
G1 X97.627791 Y74.939622 Z30.500951 E0.185696
G1 X98.344358 Y74.8162 Z30.029263 E0.180169
G1 X99.027389 Y74.642358 Z29.688652 E0.162724
G1 X99.661822 Y74.384885 Z29.549045 E0.377672
G1 X100.243747 Y74.028689 Z29.639574 E0.143074
G1 X100.780744 Y73.580127 Z29.942664 E0.158509
G1 X101.289855 Y73.065955 Z30.397598 E0.177674
G1 X101.793719 Y72.528078 Z30.912841 E0.186934
G1 X102.315712 Y72.01513 Z31.384618 E0.181003
G1 F240 X102.875156 Y71.572577 Z31.717975 E0.163676
G1 X103.483553 Y71.233373 Z31.846052 E0.147227
G1 E-1.5
G4 P1500 ; dejar cuajar el ápice del arco
G1 E1.5
G1 X104.1426 Y71.011079 Z31.743654 E0.146142
G1 F480 X104.844294 Y70.896907 Z31.43236 E0.16133
G1 X105.573023 Y70.861311 Z30.976149 E0.178875
G1 X106.309117 Y70.859856 Z30.468409 E0.185887
G1 X107.033056 Y70.842198 Z30.01299 E0.177829
G1 X107.729429 Y70.762346 Z29.703121 E0.159311
G1 X108.389841 Y70.588126 Z29.602489 E0.373134
G1 X109.014213 Y70.307882 Z29.732318 E0.144804
G1 X109.610296 Y69.933031 Z30.067054 E0.162073
G1 X110.191581 Y69.4959 Z30.539559 E0.180294
G1 X110.774159 Y69.043274 Z31.054731 E0.18705
G1 X111.373212 Y68.626926 Z31.50881 E0.178628
G1 F240 X111.999931 Y68.293065 Z31.810433 E0.160377
G1 X112.659456 Y68.072859 Z31.899182 E0.145712
G1 E-1.5
G4 P1500 ; dejar cuajar el ápice del arco
G1 E1.5
G1 X113.350228 Y67.975969 Z31.757843 E0.147947
G1 F480 X114.064794 Y67.988457 Z31.415899 E0.164693
G1 X114.791801 Y68.075506 Z30.943548 E0.18113
G1 X115.518671 Y68.188428 Z30.437457 E0.185606
G1 X116.234338 Y68.27455 Z30.001139 E0.175156
G1 X116.931441 Y68.287959 Z29.723946 E0.155972
G1 X117.607545 Y68.198917 Z29.662935 E0.370047
G1 X118.265186 Y68.000005 Z29.831286 E0.147049
G1 X118.910819 Y67.707735 Z30.19563 E0.165651
G1 X119.552991 Y67.359268 Z30.682817 E0.182548
G1 X120.200212 Y67.004903 Z31.194766 E0.186691
G1 X120.859032 Y66.697853 Z31.62837 E0.175939
G1 F240 X121.532747 Y66.4834 Z31.896425 E0.157182
G1 X122.221001 Y66.389626 Z31.945323 E0.144751
G1 E-1.5
G4 P1500 ; dejar cuajar el ápice del arco
G1 E1.5
G1 X122.920288 Y66.42165 Z31.765938 E0.150219
G1 F480 X123.625172 Y66.560531 Z31.395476 E0.168032
G1 X124.329872 Y66.767087 Z30.909923 E0.183005
G1 X125.029783 Y66.989854 Z30.408624 E0.184858
G1 X125.722545 Y67.175564 Z29.994121 E0.172201
G1 X126.40843 Y67.280006 Z29.751337 E0.397274
G1 X127.089959 Y67.277052 Z29.730347 E0.368529
G1 X127.77091 Y67.163993 Z29.936208 E0.149736
G1 X128.455003 Y66.962107 Z30.327937 E0.169159
G1 X129.144635 Y66.712324 Z30.826826 E0.184398
G1 X129.840034 Y66.466886 Z31.33242 E0.185865
G1 X130.539054 Y66.278699 Z31.742902 E0.172992
G1 F240 X131.237704 Y66.190553 Z31.975759 E0.154179
G1 X131.931263 Y66.226413 Z31.984528 E0.144378
G1 E-1.5
G4 P1500 ; dejar cuajar el ápice del arco
G1 E1.5
G1 F480 X132.615697 Y66.386557 Z31.768228 E0.152882
G1 X133.288993 Y66.64755 Z31.371556 E0.171267
G1 X133.952024 Y66.967049 Z30.875819 E0.184465
G1 X134.608687 Y67.29246 Z30.382428 E0.183654
G1 X135.265199 Y67.571662 Z29.992319 E0.169026
G1 X135.928696 Y67.763618 Z29.785467 E0.389692
G1 X136.605417 Y67.846694 Z29.804651 E0.368644
G1 X137.298945 Y67.823008 Z30.046776 E0.15278
G1 X138.008929 Y67.717922 Z30.463499 E0.172522
G1 X138.73068 Y67.574804 Z30.971039 E0.185814
G1 X139.455798 Y67.446137 Z31.467185 E0.18459
G1 F240 X140.173772 Y67.382805 Z31.852038 E0.16985
G1 X140.874253 Y67.423747 Z32.048286 E0.151459
G1 E-1.5
G4 P1500 ; dejar cuajar el ápice del arco
G1 E1.5
G1 X141.549486 Y67.588086 Z32.016897 E0.144609
G1 E-1.5
G4 P1500 ; dejar cuajar el ápice del arco
G1 E1.5
G1 F480 X142.196356 Y67.871327 Z31.76504 E0.155851
G1 X142.817522 Y68.246383 Z31.344628 E0.174326
G1 X143.421301 Y68.669192 Z30.841786 E0.185484
G1 X144.020248 Y69.087766 Z30.359369 E0.182015
G1 X144.628648 Y69.452794 Z29.996085 E0.165698
G1 X145.259428 Y69.727649 Z29.826463 E0.383015
G1 X145.921154 Y69.895744 Z29.885727 E0.370394
G1 X146.615788 Y69.963776 Z30.162648 E0.156091
G1 X147.337767 Y69.960195 Z30.60182 E0.175669
G1 X148.074697 Y69.929275 Z31.114906 E0.186774
G1 X148.809592 Y69.921993 Z31.59857 E0.18289
G1 F240 X149.524274 Y69.985625 Z31.955445 E0.166584
G1 X150.203232 Y70.15416 Z32.113899 E0.149106
G1 E-1.5
G4 P1500 ; dejar cuajar el ápice del arco
G1 E1.5
G1 X150.837126 Y70.441505 Z32.042569 E0.145435
G1 F480 X151.425147 Y70.838817 Z31.756731 E0.159039
G1 X151.97565 Y71.316495 Z31.315196 E0.177144
G1 X152.504843 Y71.830365 Z30.808374 E0.186043
G1 X153.033707 Y72.330776 Z30.339929 E0.179972
G1 X153.58373 Y72.772726 Z30.005733 E0.162294
G1 X154.172331 Y73.124939 Z29.874411 E0.377464
G1 X154.808927 Y73.376074 Z29.973415 E0.143739
G1 X155.492543 Y73.536803 Z30.283449 E0.159576
G1 X156.211519 Y73.637409 Z30.742386 E0.17854
G1 X156.9455 Y73.721416 Z31.257879 E0.187263
G1 X157.669342 Y73.836598 Z31.726103 E0.180798
G1 F240 X158.358222 Y74.025236 Z32.052824 E0.16327
G1 X158.992868 Y74.315593 Z32.172531 E0.147198
G1 E-1.5
G4 P1500 ; dejar cuajar el ápice del arco
G1 E1.5
G1 X159.563833 Y74.71635 Z32.061724 E0.146827
G1 F480 X160.073853 Y75.215082 Z31.743692 E0.162356
G1 X160.537719 Y75.781037 Z31.28378 E0.179665
G1 X160.979599 Y76.371615 Z30.776128 E0.186133
G1 X161.428288 Y76.941147 Z30.324568 E0.17756
G1 X161.911319 Y77.450195 Z30.021544 E0.158895
G1 X162.449132 Y77.873443 Z29.929357 E0.373235
G1 X163.050541 Y78.204618 Z30.067514 E0.145581
G1 X163.710497 Y78.457462 Z30.408773 E0.163143
G1 X164.410677 Y78.662632 Z30.88467 E0.181082
G1 X165.122886 Y78.861211 Z31.399417 E0.187277
G1 X165.814619 Y79.096208 Z31.849337 E0.178355
G1 F240 X166.455697 Y79.403796 Z32.143915 E0.159992
G1 X167.024608 Y79.806091 Z32.22416 E0.145801
G1 E-1.5
G4 P1500 ; dejar cuajar el ápice del arco
G1 E1.5
G1 X167.513222 Y80.306902 Z32.074585 E0.148733
G1 F480 X167.92884 Y80.891269 Z31.726344 E0.165714
G1 X168.293085 Y81.528822 Z31.250914 E0.181839
G1 X168.637772 Y82.180206 Z30.745586 E0.185752
G1 X168.998557 Y82.805208 Z30.313718 E0.174826
G1 X169.407614 Y83.370906 Z30.04376 E0.404536
G1 X169.886862 Y83.858187 Z29.991299 E0.370482
G1 X170.443153 Y84.265318 Z30.167782 E0.147923
G1 X171.066484 Y84.60794 Z30.538187 E0.166707
G1 X171.731655 Y84.91551 Z31.028135 E0.18325
G1 X172.403136 Y85.22504 Z31.538985 E0.186818
G1 X173.042177 Y85.573414 Z31.967853 E0.175611
G1 F240 X173.614738 Y85.989919 Z32.228495 E0.156838
G1 X174.098621 Y86.490471 Z32.268809 E0.144966
G1 E-1.5
G4 P1500 ; dejar cuajar el ápice del arco
G1 E1.5
G1 X174.488293 Y87.074697 Z32.08141 E0.15109
G1 F480 X174.796355 Y87.726388 Z31.705132 E0.169031
G1 X175.05129 Y88.417154 Z31.21714 E0.183625
G1 X175.291881 Y89.112464 Z30.717275 E0.184905
G1 X175.559384 Y89.778782 Z30.307787 E0.171824
G1 X175.889059 Y90.390314 Z30.072582 E0.396424
G1 X176.302767 Y90.934012 Z30.060196 E0.369314
G1 X176.80422 Y91.411849 Z30.273941 E0.150688
G1 X177.377889 Y91.83999 Z30.671232 E0.170184
G1 X177.99186 Y92.245096 Z31.172234 E0.185007
G1 X178.604133 Y92.658605 Z31.676062 E0.185896
G1 X179.171093 Y93.110214 Z32.081258 E0.172622
G1 F240 X179.656453 Y93.621897 Z32.306382 E0.153895
G1 E-1.5
G4 P1500 ; dejar cuajar el ápice del arco
G1 E1.5
G1 X180.038827 Y94.20369 Z32.30654 E0.144723
G1 E-1.5
G4 P1500 ; dejar cuajar el ápice del arco
G1 E1.5
G1 F480 X180.316344 Y94.852022 Z32.082498 E0.15382
G1 X180.507309 Y95.550873 Z31.680526 E0.172229
G1 X180.64672 Y96.27542 Z31.183005 E0.18499
G1 X180.779297 Y96.997358 Z30.69171 E0.183608
G1 X180.950412 Y97.690737 Z30.30715 E0.168616
G1 X181.196771 Y98.337126 Z30.108174 E0.389032
G1 X181.538745 Y98.929052 Z30.135963 E0.369781
G1 X181.975976 Y99.47109 Z30.385675 E0.15379
G1 X182.487184 Y99.978445 Z30.807428 E0.173501
G1 X183.034279 Y100.473436 Z31.316419 E0.186325
G1 X183.569968 Y100.980655 Z31.810144 E0.18453
G1 F240 X184.047354 Y101.521871 Z32.189194 E0.169453
G1 X184.429546 Y102.111708 Z32.377435 E0.151252
G1 E-1.5
G4 P1500 ; dejar cuajar el ápice del arco
G1 E1.5
G1 X184.697328 Y102.754978 Z32.33746 E0.145082
G1 E-1.5
G4 P1500 ; dejar cuajar el ápice del arco
G1 E1.5
G1 F480 X184.853275 Y103.446131 Z32.078181 E0.156838
G1 X184.921439 Y104.17085 Z31.653018 E0.175237
G1 X184.942621 Y104.909367 Z31.14906 E0.18591
G1 X184.966161 Y105.64074 Z30.669386 E0.181882
G1 X185.039904 Y106.347169 Z30.31215 E0.165271
G1 X185.200377 Y107.017439 Z30.150654 E0.382593
G1 X185.465202 Y107.648843 Z30.218471 E0.143028
G1 X185.829329 Y108.247251 Z30.502636 E0.15714
G1 X186.265873 Y108.825397 Z30.946274 E0.176589
G1 X186.731451 Y109.399856 Z31.460141 E0.187183
G1 X187.174921 Y109.987386 Z31.940742 E0.182746
G1 F240 X187.547794 Y110.601462 Z32.291333 E0.166176
G1 X187.814162 Y111.24969 Z32.441555 E0.148993
G1 E-1.5
G4 P1500 ; dejar cuajar el ápice del arco
G1 E1.5
G1 X187.958122 Y111.932619 Z32.361719 E0.14603
G1 F480 X187.987154 Y112.644094 Z32.068825 E0.160054
G1 X187.930727 Y113.373001 Z31.623116 E0.177991
G1 X187.834399 Y114.105928 Z31.115852 E0.186369
G1 X187.750592 Y114.830132 Z30.650783 E0.179759
G1 X187.727904 Y115.536131 Z30.323097 E0.161867
G1 X187.801161 Y116.219423 Z30.200099 E0.377322
G1 X187.98423 Y116.880986 Z30.307551 E0.144429
G1 X188.267084 Y117.526562 Z30.624441 E0.160643
G1 X188.61775 Y118.164958 Z31.087253 E0.17939
G1 X188.988741 Y118.805824 Z31.602852 E0.187571
G1 X189.326699 Y119.457439 Z32.067391 E0.180579
G1 F240 X189.583259 Y120.125001 Z32.387385 E0.162869
G1 X189.724939 Y120.809781 Z32.498687 E0.147194
G1 E-1.5
G4 P1500 ; dejar cuajar el ápice del arco
G1 E1.5
G1 X189.740015 Y121.509259 Z32.379505 E0.147533
G1 F480 X189.640971 Y122.218131 Z32.054826 E0.163381
G1 X189.462009 Y122.929885 Z31.591345 E0.180438
G1 X189.252116 Y123.638512 Z31.083926 E0.186357
G1 X189.065101 Y124.339931 Z30.636352 E0.177279
G1 X188.948624 Y125.032778 Z30.340262 E0.158487
G1 X188.934468 Y125.718425 Z30.256545 E0.373407
G1 X189.032036 Y126.400251 Z30.402993 E0.146379
G1 X189.226412 Y127.082413 Z30.750679 E0.164211
G1 X189.481384 Y127.76848 Z31.229836 E0.181851
G1 X189.746814 Y128.460287 Z31.744012 E0.187484
G1 X189.968856 Y129.157357 Z32.189648 E0.178071
G1 F240 X190.100925 Y129.857013 Z32.477098 E0.159617
G1 X190.113191 Y130.555175 Z32.548818 E0.145917
G1 E-1.5
G4 P1500 ; dejar cuajar el ápice del arco
G1 E1.5
G1 X189.998646 Y131.247614 Z32.39105 E0.149538
G1 F480 X189.774511 Y131.931322 Z32.036612 E0.166731
G1 X189.47871 Y132.605604 Z31.558238 E0.182528
G1 X189.162116 Y133.272585 Z31.053817 E0.185876
G1 X188.878172 Y133.93693 Z30.626523 E0.174487
G1 X188.672012 Y134.604819 Z30.363877 E0.403574
G1 X188.571282 Y135.282385 Z30.319983 E0.370993
G1 X188.580562 Y135.973999 Z30.504548 E0.148813
G1 X188.68049 Y136.680835 Z30.88091 E0.167756
G1 X188.831772 Y137.400126 Z31.373482 E0.183931
G1 X188.983245 Y138.125347 Z31.883089 E0.186925
G1 X189.082323 Y138.847377 Z32.307101 E0.175274
G1 F240 X189.085707 Y139.556414 Z32.560257 E0.156506
G1 X188.968162 Y140.244257 Z32.591977 E0.145209
G1 E-1.5
G4 P1500 ; dejar cuajar el ápice del arco
G1 E1.5
G1 X188.727575 Y140.906414 Z32.396619 E0.151977
G1 F480 X188.38529 Y141.543515 Z32.014632 E0.170023
G1 X187.981664 Y142.161648 Z31.524341 E0.184224
G1 X187.567772 Y142.771436 Z31.026052 E0.184932
G1 X187.194969 Y143.385994 Z30.621696 E0.17144
G1 X186.904455 Y144.018133 Z30.394138 E0.395613
G1 X186.718963 Y144.677431 Z30.390361 E0.370176
G1 X186.638247 Y145.367802 Z30.61193 E0.151652
G1 X186.639284 Y146.086174 Z31.014672 E0.171199
G1 X186.681099 Y146.822639 Z31.517646 E0.185594
G1 X186.71322 Y147.562136 Z32.019567 E0.185908
G1 X186.686001 Y148.287394 Z32.419363 E0.172246
G1 F240 X186.560711 Y148.982547 Z32.63669 E0.153627
G1 E-1.5
G4 P1500 ; dejar cuajar el ápice del arco
G1 E1.5
G1 X186.317318 Y149.636671 Z32.628238 E0.145095
G1 E-1.5
G4 P1500 ; dejar cuajar el ápice del arco
G1 E1.5
G1 F480 X185.958424 Y150.246446 Z32.39652 E0.15477
G1 X185.508555 Y150.817312 Z31.989362 E0.17318
G1 X185.009007 Y151.362784 Z31.4902 E0.185494
G1 X184.509318 Y151.901973 Z31.00114 E0.183543
G1 X184.057146 Y152.455769 Z30.622239 E0.168202
G1 X183.688618 Y153.042429 Z30.431197 E0.388422
G1 X183.421113 Y153.673525 Z30.467585 E0.370992
G1 X183.249922 Y154.351119 Z30.724815 E0.154809
G1 X183.149441 Y155.066845 Z31.151478 E0.174467
G1 X183.078585 Y155.803185 Z31.661778 E0.186814
G1 X182.989303 Y156.536752 Z32.152942 E0.184452
G1 F240 X182.836407 Y157.242973 Z32.526083 E0.169053
G1 X182.586722 Y157.901226 Z32.706265 E0.151065
G1 E-1.5
G4 P1500 ; dejar cuajar el ápice del arco
G1 E1.5
G1 X182.225675 Y158.499348 Z32.657717 E0.145581
G1 E-1.5
G4 P1500 ; dejar cuajar el ápice del arco
G1 E1.5
G1 F480 X181.760047 Y159.036536 Z32.391091 E0.157831
G1 X181.216335 Y159.523958 Z31.961298 E0.176134
G1 X180.635147 Y159.982847 Z31.456367 E0.186315
G1 X180.062785 Y160.440404 Z30.979575 E0.181732
G1 X179.541798 Y160.924288 Z30.628489 E0.164843
G1 X179.10241 Y161.456805 Z30.475165 E0.38223
G1 X178.756574 Y162.05003 Z30.551516 E0.143622
G1 X178.495822 Y162.702907 Z30.842847 E0.158192
G1 X178.293286 Y163.401012 Z31.290825 E0.177494
G1 X178.109429 Y164.119115 Z31.805329 E0.187571
G1 X177.900268 Y164.826094 Z32.282733 E0.182586
G1 F240 X177.62636 Y165.491232 Z32.626941 E0.165769
G1 X177.260737 Y166.090625 Z32.768891 E0.148904
G1 E-1.5
G4 P1500 ; dejar cuajar el ápice del arco
G1 E1.5
G1 X176.794176 Y166.612358 Z32.680572 E0.14665
G1 F480 X176.236777 Y167.05932 Z32.380706 E0.161072
G1 X175.615586 Y167.449004 Z31.930951 E0.178823
G1 X174.968844 Y167.810274 Z31.423388 E0.186673
G1 X174.33805 Y168.177656 Z30.961828 E0.179534
G1 X173.759499 Y168.584296 Z30.640747 E0.161445
G1 X173.257037 Y169.055022 Z30.526109 E0.377249
G1 X172.837505 Y169.600981 Z30.641979 E0.145142
G1 X172.489677 Y170.216955 Z30.965637 E0.161711
G1 X172.186913 Y170.88203 Z31.432193 E0.180225
G1 X171.892878 Y171.563543 Z31.947753 E0.187863
G1 X171.569129 Y172.223573 Z32.408477 E0.180352
G1 F240 X171.182934 Y172.82664 Z32.721654 E0.162478
G1 X170.713801 Y173.347099 Z32.824522 E0.147217
G1 E-1.5
G4 P1500 ; dejar cuajar el ápice del arco
G1 E1.5
G1 X170.15736 Y173.774654 Z32.697 E0.148263
G1 F480 X169.525896 Y174.116798 Z32.365767 E0.164409
G1 X168.84549 Y174.39763 Z31.898848 E0.181202
G1 X168.150404 Y174.653191 Z31.391806 E0.186573
G1 X167.475984 Y174.924265 Z30.948348 E0.176997
G1 X166.851478 Y175.248031 Z30.659275 E0.158094
G1 X166.294288 Y175.650307 Z30.584056 E0.373651
G1 X165.806763 Y176.140001 Z30.738753 E0.147198
G1 X165.37614 Y176.706943 Z31.092769 E0.165282
G1 X164.977553 Y177.323636 Z31.57505 E0.182621
G1 X164.579417 Y177.950605 Z32.088511 E0.187693
G1 X164.150028 Y178.544314 Z32.529739 E0.177797
G1 F240 X163.664001 Y179.066063 Z32.80998 E0.159263
G1 X163.107237 Y179.490017 Z32.873155 E0.146064
G1 E-1.5
G4 P1500 ; dejar cuajar el ápice del arco
G1 E1.5
G1 X162.479446 Y179.80873 Z32.70724 E0.150366
G1 F480 X161.793791 Y180.034947 Z32.346707 E0.16776
G1 X161.073809 Y180.199285 Z31.865526 E0.183228
G1 X160.34832 Y180.344188 Z31.362156 E0.186013
G1 X159.645423 Y180.51536 Z30.939559 E0.174164
G1 X158.986846 Y180.752406 Z30.6843 E0.402672
G1 X158.383782 Y181.080597 Z30.648986 E0.371573
G1 X157.83501 Y181.505475 Z30.841582 E0.149723
G1 X157.327618 Y182.011445 Z31.223796 E0.16882
G1 X156.840077 Y182.564696 Z31.718853 E0.184631
G1 X156.346952 Y183.119911 Z32.227075 E0.187056
G1 X155.824238 Y183.629422 Z32.64611 E0.174965
G1 F240 X155.254183 Y184.052953 Z32.891711 E0.156206
G1 X154.62865 Y184.365969 Z32.914828 E0.145484
G1 E-1.5
G4 P1500 ; dejar cuajar el ápice del arco
G1 E1.5
G1 F480 X153.950376 Y184.564871 Z32.711568 E0.152889
G1 X153.231945 Y184.667959 Z32.323981 E0.171039
G1 X152.492812 Y184.711902 Z31.83153 E0.184853
G1 X151.755036 Y184.744401 Z31.33496 E0.184992
G1 X151.038687 Y184.814519 Z30.935852 E0.171086
G1 X150.357873 Y184.962629 Z30.716006 E0.394873
G1 X149.718174 Y185.212036 Z30.720841 E0.371101
G1 X149.11597 Y185.56406 Z30.950171 E0.152639
G1 X148.53969 Y185.99756 Z31.358252 E0.172242
G1 X147.972631 Y186.473068 Z31.863057 E0.186219
G1 X147.396682 Y186.940707 Z32.362929 E0.185962
G1 F240 X146.79614 Y187.350321 Z32.757213 E0.171909
G1 X146.1608 Y187.661739 Z32.966684 E0.153394
G1 E-1.5
G4 P1500 ; dejar cuajar el ápice del arco
G1 E1.5
G1 X145.487729 Y187.853056 Z32.949625 E0.145501
G1 E-1.5
G4 P1500 ; dejar cuajar el ápice del arco
G1 E1.5
G1 F480 X144.781415 Y187.925234 Z32.710297 E0.15575
G1 X144.052358 Y187.902061 Z32.29807 E0.174168
G1 X143.31451 Y187.82544 Z31.797409 E0.186041
G1 X142.582133 Y187.746899 Z31.310725 E0.183521
G1 X141.866839 Y187.717124 Z30.937591 E0.167822
G1 X141.175377 Y187.775583 Z30.754538 E0.387883
G1 X140.508632 Y187.942409 Z30.799514 E0.372264
G1 X139.861933 Y188.214145 Z31.06419 E0.155853
G1 X139.226551 Y188.564367 Z31.495646 E0.17547
G1 X138.591939 Y188.948969 Z32.00711 E0.187348
G1 X137.948184 Y189.31509 Z32.495576 E0.18442
G1 F240 X137.288114 Y189.611871 Z32.862702 E0.168694
G1 X136.608608 Y189.800845 Z33.034776 E0.150914
G1 E-1.5
G4 P1500 ; dejar cuajar el ápice del arco
G1 E1.5
G1 X135.910878 Y189.863832 Z32.97767 E0.146114
G1 E-1.5
G4 P1500 ; dejar cuajar el ápice del arco
G1 E1.5
G1 F480 X135.199744 Y189.806714 Z32.703773 E0.158857
G1 X134.48215 Y189.658299 Z32.269473 E0.177071
G1 X133.765317 Y189.464508 Z31.763713 E0.186764
G1 X133.055022 Y189.279042 Z31.289938 E0.181624
G1 X132.35439 Y189.152439 Z30.945104 E0.164448
G1 X131.663466 Y189.121763 Z30.799996 E0.381936
G1 X130.979607 Y189.203012 Z30.884862 E0.14424
G1 X130.29855 Y189.387828 Z31.183276 E0.159272
G1 X129.61582 Y189.64517 Z31.63547 E0.178437
G1 X128.928095 Y189.927618 Z32.150465 E0.188006
G1 X128.234155 Y190.181031 Z32.624537 E0.182471
G1 F240 X127.535175 Y190.355577 Z32.962266 E0.165402
G1 X126.834294 Y190.415891 Z33.095905 E0.14885
G1 E-1.5
G4 P1500 ; dejar cuajar el ápice del arco
G1 E1.5
G1 X126.13559 Y190.348279 Z32.999129 E0.147302
G1 F480 X125.442755 Y190.163504 Z32.692377 E0.162124
G1 X124.757837 Y189.894582 Z32.238705 E0.179696
G1 X124.080418 Y189.590034 Z31.730988 E0.187022
G1 X123.407485 Y189.303992 Z31.273069 E0.179346
G1 X122.734048 Y189.085168 Z30.958685 E0.161052
G1 X122.054413 Y188.966941 Z30.85244 E0.37724
G1 X121.363766 Y188.960592 Z30.976697 E0.14588
G1 X120.659692 Y189.053053 Z31.307033 E0.162807
G1 X119.9432 Y189.209625 Z31.777202 E0.181095
G1 X119.218937 Y189.3811 Z32.292577 E0.18819
G1 X118.494481 Y189.513812 Z32.749357 E0.180157
G1 F240 X117.778795 Y189.56058 Z33.05563 E0.162116
G1 X117.080174 Y189.490288 Z33.150036 E0.147273
G1 E-1.5
G4 P1500 ; dejar cuajar el ápice del arco
G1 E1.5
G1 X116.40416 Y189.294108 Z33.01421 E0.149024
G1 F480 X115.751892 Y188.987338 Z32.676518 E0.165467
G1 X115.119376 Y188.606229 Z32.206295 E0.181987
G1 X114.497973 Y188.200311 Z31.699776 E0.186796
G1 X113.875968 Y187.822343 Z31.26056 E0.176714
G1 X113.241002 Y187.517613 Z30.978588 E0.157705
G1 X112.582865 Y187.31478 Z30.911886 E0.37396
G1 X111.896084 Y187.219912 Z31.074791 E0.148046
G1 X111.181496 Y187.215663 Z31.435037 E0.166357
G1 X110.446592 Y187.264903 Z31.920307 E0.183355
G1 X109.70437 Y187.318387 Z32.432909 E0.187839
G1 X108.970893 Y187.324778 Z32.869604 E0.177455
G1 F240 X108.261915 Y187.241306 Z33.142559 E0.158875
G1 X107.58944 Y187.042289 Z33.197172 E0.146226
G1 E-1.5
G4 P1500 ; dejar cuajar el ápice del arco
G1 E1.5
G1 X106.958875 Y186.724198 Z33.023159 E0.151204
G1 F480 X106.367464 Y186.306172 Z32.656633 E0.168732
G1 X105.804404 Y185.825944 Z32.172783 E0.183799
G1 X105.252688 Y185.332129 Z31.670608 E0.185979
G1 X104.692546 Y184.873995 Z31.252827 E0.173696
G1 X104.105529 Y184.491581 Z31.00503 E0.401641
G1 X103.478558 Y184.207683 Z30.978308 E0.372265
G1 X102.807016 Y184.02342 Z31.178881 E0.150642
G1 X102.096161 Y183.918288 Z31.56684 E0.169757
G1 X101.360505 Y183.854556 Z32.064243 E0.185075
G1 X100.621158 Y183.785143 Z32.570935 E0.186879
G1 X99.901665 Y183.663282 Z32.984877 E0.174401
G1 F240 X99.22313 Y183.452002 Z33.222854 E0.155794
G1 X98.599651 Y183.131518 Z33.237364 E0.145757
G1 E-1.5
G4 P1500 ; dejar cuajar el ápice del arco
G1 E1.5
G1 F480 X98.035075 Y182.703008 Z33.026259 E0.153734
G1 X97.521789 Y182.188097 Z32.633184 E0.17181
;WIDTH:1.250
; LINE_WIDTH: 1.250
;Z:33.152
;HEIGHT:2.154
G1 X97.453207 Y182.31003 Z32.599164 E0.029929
G1 X96.969341 Y181.749867 Z32.114978 E0.183867
G1 X96.493996 Y181.186027 Z31.630557 E0.183418
G1 X96.001024 Y180.66169 Z31.245 E0.169722
G1 X95.467846 Y180.210031 Z31.037338 E0.393992
G1 X94.880334 Y179.847656 Z31.050501 E0.373149
G1 X94.236075 Y179.57151 Z31.282597 E0.15349
G1 X93.545287 Y179.359813 Z31.687301 E0.172147
G1 X92.8291 Y179.176793 Z32.183255 E0.185043
G1 X92.115498 Y178.980168 Z32.670583 E0.184223
G1 F240 X91.433699 Y178.729828 Z33.051157 E0.170453
G1 X90.808114 Y178.395926 Z33.248517 E0.153011
G1 E-1.5
G4 P1500 ; dejar cuajar el ápice del arco
G1 E1.5
G1 X90.25312 Y177.964756 Z33.223389 E0.146188
G1 E-1.5
G4 P1500 ; dejar cuajar el ápice del arco
G1 E1.5
G1 F480 X89.7698 Y177.441243 Z32.981652 E0.156405
G1 X89.345348 Y176.847623 Z32.573151 E0.173849
G1 X88.955387 Y176.218615 Z32.081574 E0.18469
G1 X88.56874 Y175.594169 Z31.607474 E0.181722
G1 X88.15376 Y175.011277 Z31.247852 E0.166469
G1 X87.684966 Y174.496492 Z31.076478 E0.387542
G1 X87.148272 Y174.061033 Z31.128916 E0.374615
G1 X86.544396 Y173.698618 Z31.395302 E0.156525
G1 X85.889038 Y173.387162 Z31.822353 E0.17502
G1 X85.209984 Y173.093589 Z32.324175 E0.185828
G1 X84.541598 Y172.780824 Z32.7997 E0.182492
G1 F240 X83.917921 Y172.415334 Z33.153196 E0.167274
G1 X83.365675 Y171.973802 Z33.313701 E0.150719
G1 E-1.5
G4 P1500 ; dejar cuajar el ápice del arco
G1 E1.5
G1 X82.898542 Y171.447675 Z33.249417 E0.146866
G1 F480 X82.51407 Y170.84457 Z32.974173 E0.159309
G1 X82.193833 Y170.186383 Z32.544614 E0.176423
G1 X81.907069 Y169.504406 Z32.048702 E0.185144
G1 X81.616617 Y168.832947 Z31.587867 E0.179736
G1 X81.286516 Y168.202292 Z31.256422 E0.163225
G1 X80.889481 Y167.632673 Z31.122417 E0.382198
G1 X80.412765 Y167.130402 Z31.213829 E0.1452
G1 X79.860934 Y166.687081 Z31.512887 E0.159738
G1 X79.255279 Y166.28168 Z31.959676 E0.177705
G1 X78.629861 Y165.885055 Z32.464295 E0.18629
G1 X78.024667 Y165.466125 Z32.925109 E0.180519
G1 F240 X77.477484 Y164.998234 Z33.249373 E0.16414
G1 X77.016087 Y164.464435 Z33.372055 E0.148872
G1 E-1.5
G4 P1500 ; dejar cuajar el ápice del arco
G1 E1.5
G1 X76.652362 Y163.860651 Z33.269037 E0.148084
G1 F480 X76.37961 Y163.196129 Z32.962007 E0.16239
G1 X76.173646 Y162.491175 Z32.514061 E0.178826
G1 X75.997513 Y161.772709 Z32.016894 E0.185277
G1 X75.808906 Y161.068619 Z31.572192 E0.177497
G1 X75.568806 Y160.402089 Z31.270991 E0.160028
G1 X75.249555 Y159.787084 Z31.175203 E0.378074
G1 X74.840721 Y159.225845 Z31.305051 E0.146843
G1 X74.351476 Y158.708868 Z31.634961 E0.163082
G1 X73.808989 Y158.217269 Z32.098755 E0.180154
G1 X73.253085 Y157.726971 Z32.603085 E0.186367
G1 X72.728235 Y157.213797 Z33.046371 E0.178255
G1 F240 X72.274492 Y156.658398 Z33.339426 E0.161051
G1 X71.91922 Y156.049994 Z33.423554 E0.147497
G1 E-1.5
G4 P1500 ; dejar cuajar el ápice del arco
G1 E1.5
G1 X71.671347 Y155.388234 Z33.282459 E0.149797
G1 F480 X71.519324 Y154.682841 Z32.94556 E0.165544
G1 X71.433281 Y153.951223 Z32.482013 E0.180929
G1 X71.370964 Y153.214615 Z31.986681 E0.184978
G1 X71.286274 Y152.4936 Z31.560875 E0.174955
G1 X71.138695 Y151.803976 Z31.291799 E0.407967
G1 X70.90165 Y151.153783 Z31.234843 E0.375305
G1 X70.568098 Y150.542063 Z31.402349 E0.148964
G1 X70.152152 Y149.959533 Z31.761101 E0.166438
G1 X69.686395 Y149.390922 Z32.239066 E0.182256
G1 X69.215363 Y148.818431 Z32.74002 E0.185996
G1 X68.78654 Y148.225527 Z33.163069 E0.175701
G1 F240 X68.440658 Y147.600268 Z33.423133 E0.15807
G1 X68.203321 Y146.9375 Z33.468211 E0.14664
G1 E-1.5
G4 P1500 ; dejar cuajar el ápice del arco
G1 E1.5
G1 X68.079652 Y146.239519 Z33.289933 E0.151942
G1 F480 X68.053106 Y145.515147 Z32.925265 E0.168675
G1 X68.088705 Y144.777511 Z32.448999 E0.182671
G1 X68.140083 Y144.041065 Z31.958579 E0.184238
G1 X68.158893 Y143.31852 Z31.55432 E0.172155
G1 X68.10469 Y142.618355 Z31.319051 E0.400289
G1 X67.953252 Y141.943381 Z31.301302 E0.374001
G1 X67.701722 Y141.290586 Z31.505458 E0.151491
G1 X67.36896 Y140.652333 Z31.890862 E0.169726
G1 X66.992142 Y140.018291 Z32.380076 E0.183983
G1 X66.619222 Y139.377886 Z32.874589 E0.1852
G1 X66.299158 Y138.722602 Z33.274816 E0.172927
G1 F240 X66.071834 Y138.047653 Z33.500309 E0.155293
G1 X65.960068 Y137.352645 Z33.506083 E0.146337
G1 E-1.5
G4 P1500 ; dejar cuajar el ápice del arco
G1 E1.5
G1 F480 X65.964864 Y136.641244 Z33.291746 E0.154453
G1 X66.064982 Y135.919981 Z32.901581 E0.17173
G1 X66.221226 Y135.19649 Z32.415556 E0.18407
G1 X66.384404 Y134.477661 Z31.933095 E0.183133
G1 X66.505374 Y133.768142 Z31.552898 E0.169212
G1 X66.544893 Y133.069546 Z31.35291 E0.393322
G1 X66.481761 Y132.380437 Z31.374502 E0.374189
G1 X66.317229 Y131.697091 Z31.614072 E0.154365
G1 X66.074826 Y131.014764 Z32.023777 E0.172948
G1 X65.795559 Y130.329126 Z32.521246 E0.185414
G1 X65.529609 Y129.637451 Z33.006293 E0.18411
G1 F240 X65.326274 Y128.939277 Z33.381255 E0.170076
G1 X65.223824 Y128.236396 Z33.57081 E0.152823
G1 E-1.5
G4 P1500 ; dejar cuajar el ápice del arco
G1 E1.5
G1 X65.241657 Y127.532172 Z33.537268 E0.146604
G1 E-1.5
G4 P1500 ; dejar cuajar el ápice del arco
G1 E1.5
G1 F480 X65.37629 Y126.830412 Z33.288217 E0.157303
G1 X65.602047 Y126.134105 Z32.874984 E0.174736
G1 X65.876223 Y125.44439 Z32.382221 E0.185196
G1 X66.147781 Y124.760056 Z31.910717 E0.181742
G1 X66.367743 Y124.077731 Z31.55695 E0.166184
G1 X66.499174 Y123.392739 Z31.393501 E0.387189
G1 X66.524745 Y122.70042 Z31.454323 E0.375878
G1 X66.450254 Y121.997577 Z31.727854 E0.157541
G1 X66.303462 Y121.28365 Z32.159358 E0.176074
G1 X66.128434 Y120.561284 Z32.662039 E0.186526
G1 X65.976551 Y119.836079 Z33.134654 E0.182689
G1 F240 X65.896047 Y119.115527 Z33.482062 E0.167126
G1 X65.922176 Y118.407326 Z33.634535 E0.150689
G1 E-1.5
G4 P1500 ; dejar cuajar el ápice del arco
G1 E1.5
G1 X66.070037 Y117.717465 Z33.561907 E0.147438
G1 F480 X66.331518 Y117.04853 Z33.279701 E0.160413
G1 X66.676978 Y116.39869 Z32.845972 E0.177579
G1 X67.061318 Y115.761663 Z32.349531 E0.185927
G1 X67.433197 Y115.127755 Z31.891916 E0.179971
G1 X67.745488 Y114.485817 Z31.566784 E0.163063
G1 X67.964857 Y113.825726 Z31.440904 E0.382056
G1 X68.07851 Y113.14085 Z31.540606 E0.145797
G1 X68.096729 Y112.429904 Z31.846435 E0.160927
G1 X68.050718 Y111.697743 Z32.297101 E0.178976
G1 X67.986155 Y110.954795 Z32.801919 E0.187201
G1 X67.953846 Y110.215197 Z33.259211 E0.180884
G1 F240 X67.999366 Y109.493944 Z33.576947 E0.164108
G1 X68.153931 Y108.803683 Z33.691421 E0.148955
G1 E-1.5
G4 P1500 ; dejar cuajar el ápice del arco
G1 E1.5
G1 X68.427728 Y108.151644 Z33.58018 E0.148816
G1 F480 X68.808252 Y107.537772 Z33.266582 E0.163679
G1 X69.26292 Y106.954259 Z32.815055 E0.180156
G1 X69.745802 Y106.386748 Z32.318021 E0.186195
G1 X70.20696 Y105.817034 Z31.877139 E0.177806
G1 X70.602729 Y105.226842 Z31.58267 E0.159899
G1 X70.9046 Y104.601812 Z31.49516 E0.37812
G1 X71.104799 Y103.934808 Z31.633151 E0.147579
G1 X71.217715 Y103.227879 Z31.969416 E0.164416
G1 X71.276771 Y102.492321 Z32.43649 E0.181542
G1 X71.327592 Y101.746819 Z32.940355 E0.187346
G1 X71.418458 Y101.013773 Z33.379529 E0.178639
G1 F240 X71.590464 Y100.314712 Z33.665658 E0.161039
G1 X71.869283 Y99.665708 Z33.741451 E0.147678
G1 E-1.5
G4 P1500 ; dejar cuajar el ápice del arco
G1 E1.5
G1 X72.260139 Y99.073745 Z33.592305 E0.150682
G1 F480 X72.746881 Y98.534804 Z33.249273 E0.166955
G1 X73.295389 Y98.034197 Z32.782755 E0.182305
G1 X73.860935 Y97.549367 Z32.288217 E0.185868
G1 X74.397282 Y97.054293 Z31.86681 E0.175203
G1 X74.86607 Y96.524857 Z31.604843 E0.407582
G1 X75.244485 Y95.944013 Z31.556266 E0.375597
G1 X75.529681 Y95.30566 Z31.731718 E0.149846
G1 X75.73908 Y94.616345 Z32.096371 E0.167849
G1 X75.906556 Y93.894364 Z32.576995 E0.183627
G1 X76.075329 Y93.166353 Z33.076826 E0.186894
G1 X76.289061 Y92.462012 Z33.495197 E0.175998
G1 F240 X76.582987 Y91.808006 Z33.747979 E0.158042
G1 X76.976892 Y91.222302 Z33.784648 E0.146925
G1 E-1.5
G4 P1500 ; dejar cuajar el ápice del arco
G1 E1.5
G1 X77.471328 Y90.710148 Z33.598541 E0.152955
G1 F480 X78.047791 Y90.2626 Z33.228213 E0.170122
G1 X78.67277 Y89.85796 Z32.749604 E0.18399
G1 X79.30477 Y89.465941 Z32.260634 E0.185021
G1 X79.902846 Y89.053738 Z31.861324 E0.172306
G1 X80.434874 Y88.592802 Z31.633498 E0.399888
G1 X80.8839 Y88.064913 Z31.624177 E0.3746
G1 X81.25128 Y87.46627 Z31.836033 E0.152506
G1 X81.556065 Y86.808675 Z32.226848 E0.171174
G1 X81.830795 Y86.117503 Z32.718084 E0.185291
G1 X82.114636 Y85.426798 Z33.210822 E0.18598
G1 X82.445306 Y84.772434 Z33.605836 E0.173121
G1 F240 X82.851456 Y84.184737 Z33.823736 E0.155258
G1 E-1.5
G4 P1500 ; dejar cuajar el ápice del arco
G1 E1.5
G1 X83.347039 Y83.682077 Z33.821077 E0.146737
G1 E-1.5
G4 P1500 ; dejar cuajar el ápice del arco
G1 E1.5
G1 F480 X83.928786 Y83.266799 Z33.599181 E0.155577
G1 X84.57722 Y82.924385 Z33.203863 E0.173173
G1 X85.260948 Y82.626093 Z32.716138 E0.185271
G1 X85.943269 Y82.33461 Z32.235775 E0.183741
G1 X86.589717 Y82.011598 Z31.861048 E0.169218
G1 X87.174968 Y81.625608 Z31.668791 E0.392905
G1 X87.687739 Y81.158737 Z31.698807 E0.375157
G1 X88.132713 Y80.610601 Z31.945784 E0.155484
G1 X88.529178 Y79.998774 Z32.360376 E0.174344
G1 X88.906735 Y79.355511 Z32.859219 E0.186531
G1 X89.299022 Y78.72138 Z33.34185 E0.18464
G1 F240 X89.736781 Y78.137055 Z33.711094 E0.170079
G1 X90.241702 Y77.634944 Z33.892792 E0.152768
G1 E-1.5
G4 P1500 ; dejar cuajar el ápice del arco
G1 E1.5
G1 X90.82227 Y77.232375 Z33.850847 E0.14712
G1 E-1.5
G4 P1500 ; dejar cuajar el ápice del arco
G1 E1.5
G1 F480 X91.472409 Y76.927784 Z33.594552 E0.15847
G1 X92.173129 Y76.700729 Z33.176707 E0.17604
G1 X92.896737 Y76.515811 Z32.682896 E0.186122
G1 X93.612703 Y76.329731 Z32.214125 E0.182052
G1 X94.29391 Y76.100092 Z31.866314 E0.166008
G1 X94.922027 Y75.794142 Z31.710836 E0.386851
G1 X95.490915 Y75.395671 Z31.780028 E0.145097
G1 X96.007449 Y74.908583 Z32.060627 E0.158695
G1 X96.489659 Y74.356391 Z32.496463 E0.177292
G1 X96.962673 Y73.777657 Z32.999862 E0.187329
G1 X97.45335 Y73.218284 Z33.469433 E0.182902
G1 F240 X97.984756 Y72.722184 Z33.810655 E0.166941
G1 X98.571619 Y72.322248 Z33.955055 E0.15065
G1 E-1.5
G4 P1500 ; dejar cuajar el ápice del arco
G1 E1.5
G1 X99.217648 Y72.033466 Z33.874105 E0.14806
G1 F480 X99.915204 Y71.849641 Z33.585016 E0.161549
G1 X100.647297 Y71.744423 Z33.147243 E0.178662
G1 X101.391412 Y71.676498 Z32.650415 E0.186528
G1 X102.1243 Y71.597902 Z32.196149 E0.179985
G1 X102.826721 Y71.463799 Z31.877423 E0.16275
G1 X103.487154 Y71.241711 Z31.759706 E0.381927
G1 X104.103765 Y70.918313 Z31.867671 E0.146468
G1 X104.684301 Y70.502356 Z32.180185 E0.162051
G1 X105.244022 Y70.023092 Z32.634603 E0.179963
G1 X105.802196 Y69.524478 Z33.139476 E0.187673
G1 X106.377945 Y69.056306 Z33.593118 E0.1808
G1 F240 X106.986329 Y68.664068 Z33.904238 E0.163784
G1 X107.635476 Y68.379604 Z34.010472 E0.148976
G1 E-1.5
G4 P1500 ; dejar cuajar el ápice del arco
G1 E1.5
G1 X108.325302 Y68.214486 Z33.891041 E0.149524
G1 F480 X109.047987 Y68.157495 Z33.570964 E0.16473
G1 X109.790037 Y68.176751 Z33.115985 E0.180985
G1 X110.535397 Y68.226094 Z32.619226 E0.186483
G1 X111.2689 Y68.254437 Z32.18229 E0.177578
G1 X111.979328 Y68.216182 Z31.894638 E0.159526
G1 X112.661436 Y68.080591 Z31.815431 E0.378307
G1 X113.316595 Y67.838166 Z31.961527 E0.148358
G1 X113.952001 Y67.502718 Z32.304054 E0.165466
G1 X114.578699 Y67.108681 Z32.774275 E0.182306
G1 X115.208943 Y66.704185 Z33.277535 E0.18756
G1 X115.853495 Y66.341299 Z33.712473 E0.178375
G1 F240 X116.519457 Y66.065411 Z33.991596 E0.160688
G1 X117.209061 Y65.905928 Z34.059034 E0.147802
G1 E-1.5
G4 P1500 ; dejar cuajar el ápice del arco
G1 E1.5
G1 X117.919634 Y65.870211 Z33.901881 E0.151462
G1 F480 X118.644628 Y65.941981 Z33.552813 E0.167932
G1 X119.375429 Y66.084558 Z33.083458 E0.182965
G1 X120.103459 Y66.248285 Z32.589855 E0.185985
G1 X120.822078 Y66.380622 Z32.172967 E0.174878
G1 X121.527855 Y66.436866 Z31.918185 E0.406688
G1 X122.22097 Y66.389296 Z31.878001 E0.376122
G1 X122.904715 Y66.232875 Z32.061351 E0.150705
G1 X123.584285 Y65.986328 Z32.431803 E0.168858
G1 X124.265218 Y65.688375 Z32.914951 E0.184281
G1 X124.951889 Y65.389863 Z33.413518 E0.186995
G1 X125.646456 Y65.14342 Z33.827095 E0.175677
G1 F240 X126.348477 Y64.992723 Z34.072524 E0.157736
G1 X127.055287 Y64.963591 Z34.100774 E0.147171
G1 E-1.5
G4 P1500 ; dejar cuajar el ápice del arco
G1 E1.5
G1 X127.762982 Y65.058702 Z33.906892 E0.15381
G1 F480 X128.467713 Y65.257043 Z33.531009 E0.171075
G1 X129.166938 Y65.518184 Z33.050194 E0.184564
G1 X129.860259 Y65.790522 Z32.562814 E0.185045
G1 X130.549622 Y66.021794 Z32.168568 E0.17194
G1 X131.238794 Y66.169728 Z31.948251 E0.399143
G1 X131.932266 Y66.210645 Z31.947361 E0.375458
G1 X132.633849 Y66.144262 Z32.166858 E0.153435
G1 X133.345358 Y65.993718 Z32.562974 E0.17215
G1 X134.065756 Y65.800824 Z33.056095 E0.185854
G1 X134.791023 Y65.617518 Z33.546919 E0.18599
G1 X135.514841 Y65.495267 Z33.936609 E0.172764
G1 F240 X136.229993 Y65.474588 Z34.146855 E0.155014
G1 E-1.5
G4 P1500 ; dejar cuajar el ápice del arco
G1 E1.5
G1 X136.93014 Y65.576829 Z34.135766 E0.147105
G1 E-1.5
G4 P1500 ; dejar cuajar el ápice del arco
G1 E1.5
G1 F480 X137.611572 Y65.799878 Z33.906374 E0.156491
G1 X138.274463 Y66.118657 Z33.506017 E0.174087
G1 X138.923273 Y66.490303 Z33.016731 E0.185753
G1 X139.566128 Y66.862945 Z32.538602 E0.183677
G1 X140.213238 Y67.186292 Z32.169452 E0.168825
G1 X140.874657 Y67.421849 Z31.984983 E0.392355
G1 X141.557873 Y67.550693 Z32.023415 E0.376345
G1 X142.265793 Y67.577228 Z32.27773 E0.156464
G1 X142.995621 Y67.528172 Z32.697092 E0.175273
G1 X143.738972 Y67.447008 Z33.19717 E0.187
G1 X144.483275 Y67.385049 Z33.677248 E0.184565
G1 F240 X145.214253 Y67.390959 Z34.040672 E0.169701
G1 X145.918967 Y67.500873 Z34.214462 E0.152602
G1 E-1.5
G4 P1500 ; dejar cuajar el ápice del arco
G1 E1.5
G1 X146.58879 Y67.731125 Z34.164126 E0.147608
G1 E-1.5
G4 P1500 ; dejar cuajar el ápice del arco
G1 E1.5
G1 F480 X147.221617 Y68.075055 Z33.900662 E0.159425
G1 X147.822775 Y68.504508 Z33.478323 E0.176901
G1 X148.404342 Y68.975698 Z32.983607 E0.186508
G1 X148.982931 Y69.438216 Z32.517701 E0.181907
G1 X149.576334 Y69.845309 Z32.175946 E0.165604
G1 X150.199707 Y70.163344 Z32.028485 E0.38654
G1 X150.862114 Y70.378525 Z32.106028 E0.145676
G1 X151.564192 Y70.499523 Z32.393616 E0.159708
G1 X152.297525 Y70.555515 Z32.833663 E0.178162
G1 X153.045941 Y70.590069 Z33.337637 E0.187701
G1 X153.788558 Y70.652161 Z33.804034 E0.182749
G1 F240 X154.504057 Y70.786028 Z34.138974 E0.166566
G1 X155.175044 Y71.022568 Z34.27526 E0.150584
G1 E-1.5
G4 P1500 ; dejar cuajar el ápice del arco
G1 E1.5
G1 X155.791992 Y71.373052 Z34.186012 E0.148661
G1 F480 X156.355652 Y71.826968 Z33.890125 E0.162529
G1 X156.877347 Y72.354382 Z33.448431 E0.179476
G1 X157.377019 Y72.91223 Z32.951358 E0.186851
G1 X157.879324 Y73.453262 Z32.500571 E0.179814
G1 X158.408732 Y73.935432 Z32.188343 E0.162389
G1 X158.984287 Y74.330456 Z32.078823 E0.381908
G1 X159.615331 Y74.629415 Z32.195021 E0.147151
G1 X160.299102 Y74.844383 Z32.514133 E0.163098
G1 X161.020921 Y75.005559 Z32.972175 E0.18084
G1 X161.756754 Y75.155005 Z33.476962 E0.188078
G1 X162.477792 Y75.338119 Z33.926826 E0.180721
G1 F240 X163.156357 Y75.594283 Z34.231242 E0.163515
G1 X163.771766 Y75.948892 Z34.329208 E0.149045
G1 E-1.5
G4 P1500 ; dejar cuajar el ápice del arco
G1 E1.5
G1 X164.314915 Y76.408356 Z34.201621 E0.150246
G1 F480 X164.790322 Y76.959379 Z33.875158 E0.165808
G1 X165.215962 Y77.57145 Z33.416857 E0.181917
G1 X165.61985 Y78.20339 Z32.920515 E0.186953
G1 X166.034511 Y78.811833 Z32.48765 E0.177551
G1 X166.490326 Y79.360035 Z32.206897 E0.159282
G1 X167.009086 Y79.82526 Z32.136017 E0.378554
G1 X167.59918 Y80.203149 Z32.290178 E0.149147
G1 X168.253413 Y80.508332 Z32.638871 E0.166657
G1 X168.950013 Y80.771168 Z33.112107 E0.183389
G1 X169.656728 Y81.031316 Z33.614619 E0.188198
G1 X170.337196 Y81.329557 Z34.0452 E0.178505
G1 F240 X170.958396 Y81.699475 Z34.317238 E0.160581
G1 X171.497583 Y82.160753 Z34.376304 E0.148014
G1 E-1.5
G4 P1500 ; dejar cuajar el ápice del arco
G1 E1.5
G1 X171.947284 Y82.715418 Z34.211189 E0.152353
G1 F480 X172.317249 Y83.347719 Z33.856186 E0.169225
G1 X172.632856 Y84.027645 Z33.384127 E0.184149
G1 X172.930243 Y84.717261 Z32.8916 E0.186694
G1 X173.249075 Y85.378531 Z32.47935 E0.175021
G1 X173.624399 Y85.981021 Z32.231827 E0.406305
G1 X174.079259 Y86.507905 Z32.200048 E0.376598
G1 X174.619625 Y86.95908 Z32.391244 E0.151637
G1 X175.232735 Y87.350833 Z32.767392 E0.170263
G1 X175.889311 Y87.712152 Z33.252928 E0.185626
G1 X176.549226 Y88.078564 Z33.750091 E0.187885
G1 X177.169553 Y88.484766 Z34.158757 E0.175998
G1 F240 X177.713363 Y88.957597 Z34.396765 E0.157759
G1 X178.157455 Y89.510784 Z34.41659 E0.147523
G1 E-1.5
G4 P1500 ; dejar cuajar el ápice del arco
G1 E1.5
G1 F480 X178.497442 Y90.142454 Z34.214989 E0.154898
G1 X178.749018 Y90.835895 Z33.833659 E0.17262
G1 X178.945109 Y91.563318 Z33.350775 E0.186019
G1 X179.129484 Y92.291706 Z32.865124 E0.185976
G1 X179.347823 Y92.989715 Z32.476054 E0.172207
G1 X179.638237 Y93.63402 Z32.26331 E0.398904
G1 X180.023346 Y94.213744 Z32.270852 E0.376184
G1 X180.505345 Y94.73227 Z32.497929 E0.154551
G1 X181.065257 Y95.206065 Z32.899235 E0.173801
G1 X181.666183 Y95.661099 Z33.394103 E0.187441
G1 X182.260946 Y96.127035 Z33.882875 E0.187058
G1 F240 X182.801593 Y96.631106 Z34.267131 E0.173179
G1 X183.249185 Y97.192686 Z34.469664 E0.155105
G1 E-1.5
G4 P1500 ; dejar cuajar el ápice del arco
G1 E1.5
G1 X183.58183 Y97.81968 Z34.45015 E0.1476
G1 E-1.5
G4 P1500 ; dejar cuajar el ápice del arco
G1 E1.5
G1 F480 X183.799663 Y98.507183 Z34.213328 E0.157794
G1 X183.925062 Y99.238977 Z33.808046 E0.175836
G1 X183.998124 Y99.991348 Z33.317339 E0.187341
G1 X184.068737 Y100.738143 Z32.841582 E0.184651
G1 X184.186496 Y101.456137 Z32.478114 E0.16907
G1 X184.390528 Y102.129608 Z32.301485 E0.392131
G1 X184.701016 Y102.753336 Z32.348324 E0.377419
G1 X185.115161 Y103.333028 Z32.609906 E0.157764
G1 X185.607445 Y103.883666 Z33.033921 E0.177041
G1 X186.134633 Y104.425997 Z33.535093 E0.188609
G1 X186.644457 Y104.982008 Z34.012484 E0.185577
G1 F240 X187.086233 Y105.570365 Z34.369985 E0.170044
G1 X187.421256 Y106.202763 Z34.535818 E0.15271
G1 E-1.5
G4 P1500 ; dejar cuajar el ápice del arco
G1 E1.5
G1 X187.630815 Y106.881897 Z34.477108 E0.148247
G1 F480 X187.720193 Y107.601389 Z34.206551 E0.160867
G1 X187.717769 Y108.347596 Z33.779839 E0.17869
G1 X187.669381 Y109.102815 Z33.284358 E0.188033
G1 X187.629073 Y109.849144 Z32.821451 E0.182755
G1 X187.648089 Y110.572158 Z32.48585 E0.165746
G1 X187.764361 Y111.263636 Z32.346448 E0.386392
G1 X187.994663 Y111.922827 Z32.432321 E0.146245
G1 X188.331032 Y112.556066 Z32.726818 E0.161136
G1 X188.742246 Y113.174937 Z33.170951 E0.179948
G1 X189.180064 Y113.793454 Z33.67536 E0.189233
G1 X189.588986 Y114.424924 Z34.13845 E0.183641
G1 F240 X189.917558 Y115.079199 Z34.467016 E0.166818
G1 X190.128898 Y115.760868 Z34.595151 E0.150729
G1 E-1.5
G4 P1500 ; dejar cuajar el ápice del arco
G1 E1.5
G1 X190.208301 Y116.46872 Z34.497631 E0.149449
G1 F480 X190.166337 Y117.196503 Z34.19503 E0.164077
G1 X190.036798 Y117.934721 Z33.749542 E0.181247
G1 X189.869888 Y118.672989 Z33.252366 E0.188249
G1 X189.722027 Y119.402371 Z32.805187 E0.180485
G1 X189.644351 Y120.117189 Z32.499546 E0.162411
G1 X189.672256 Y120.815918 Z32.398255 E0.381893
G1 X189.818121 Y121.501048 Z32.522654 E0.147892
G1 X190.068719 Y122.178009 Z32.848275 E0.164617
G1 X190.387848 Y122.853511 Z33.309812 E0.182548
G1 X190.723667 Y123.53373 Z33.814372 E0.18939
G1 X191.019236 Y124.222805 Z34.260331 E0.181349
G1 F240 X191.224122 Y124.921998 Z34.557958 E0.163606
G1 X191.304691 Y125.629677 Z34.647629 E0.149229
G1 E-1.5
G4 P1500 ; dejar cuajar el ápice del arco
G1 E1.5
G1 X191.251022 Y126.342088 Z34.511925 E0.151168
G1 F480 X191.078832 Y127.054652 Z34.179168 E0.167353
G1 X190.826398 Y127.763415 Z33.717676 E0.183478
G1 X190.546758 Y128.46625 Z33.221892 E0.188007
G1 X190.296891 Y129.163484 Z32.793222 E0.177892
G1 X190.126083 Y129.857765 Z32.519449 E0.159151
G1 X190.065938 Y130.553231 Z32.456917 E0.378797
G1 X190.123949 Y131.254178 Z32.6191 E0.150045
G1 X190.281946 Y131.963615 Z32.973861 E0.168125
G1 X190.499823 Y132.6821 Z33.449979 E0.184808
G1 X190.723744 Y133.407208 Z33.951604 E0.189104
G1 X190.897137 Y134.133822 Z34.377705 E0.178773
G1 F240 X190.972159 Y134.855215 Z34.642584 E0.160509
G1 X190.919455 Y135.564702 Z34.693261 E0.148266
G1 E-1.5
G4 P1500 ; dejar cuajar el ápice del arco
G1 E1.5
G1 X190.734105 Y136.257462 Z34.520232 E0.153351
G1 F480 X190.436584 Y136.932058 Z34.159396 E0.170636
G1 X190.068512 Y137.591235 Z33.684767 E0.185378
G1 X189.684119 Y138.241717 Z33.193458 E0.18735
G1 X189.339246 Y138.893003 Z32.785963 E0.175056
G1 X189.079943 Y139.555323 Z32.545769 E0.405754
G1 X188.933134 Y140.237223 Z32.522406 E0.377207
G1 X188.901213 Y140.943317 Z32.721396 E0.152642
G1 X188.961638 Y141.672781 Z33.103134 E0.171607
G1 X189.071635 Y142.418989 Z33.590922 E0.186726
G1 X189.176977 Y143.170482 Z34.086541 E0.188409
G1 X189.223073 Y143.91314 Z34.490182 E0.17597
G1 F240 X189.166076 Y144.633145 Z34.720702 E0.157602
G1 X188.981744 Y145.320109 Z34.732097 E0.147874
G1 E-1.5
G4 P1500 ; dejar cuajar el ápice del arco
G1 E1.5
G1 F480 X188.670271 Y145.969658 Z34.522835 E0.155937
G1 X188.256121 Y146.584857 Z34.136167 E0.17386
G1 X187.782914 Y147.176059 Z33.651352 E0.186914
G1 X187.304452 Y147.759124 Z33.167569 E0.186271
G1 X186.87372 Y148.352287 Z32.783786 E0.172005
G1 X186.532134 Y148.972308 Z32.578676 E0.398334
G1 X186.30121 Y149.630695 Z32.594649 E0.377195
G1 X186.178345 Y150.330859 Z32.829244 E0.15561
G1 X186.137526 Y151.066865 Z33.235627 E0.174976
G1 X186.134808 Y151.824147 Z33.732102 E0.188236
G1 X186.117382 Y152.582143 Z34.218685 E0.187276
G1 F240 X186.03439 Y153.318371 Z34.5974 E0.172968
G1 X185.847236 Y154.01313 Z34.792165 E0.154955
G1 E-1.5
G4 P1500 ; dejar cuajar el ápice del arco
G1 E1.5
G1 X185.537325 Y154.653848 Z34.76423 E0.148066
G1 E-1.5
G4 P1500 ; dejar cuajar el ápice del arco
G1 E1.5
G1 F480 X185.109657 Y155.238108 Z34.520048 E0.158843
G1 X184.591599 Y155.774643 Z34.109956 E0.17693
G1 X184.027115 Y156.281994 Z33.617968 E0.188021
G1 X183.467685 Y156.785009 Z33.144718 E0.184758
G1 X182.961786 Y157.309835 Z32.787037 E0.168791
G1 X182.545138 Y157.878448 Z32.618299 E0.391758
G1 X182.23348 Y158.503737 Z32.673533 E0.378785
G1 X182.019711 Y159.186444 Z32.94231 E0.158862
G1 X181.875592 Y159.914484 Z33.370858 E0.178152
G1 X181.757738 Y160.66497 Z33.872982 E0.189298
G1 X181.616598 Y161.408588 Z34.347552 E0.185709
G1 F240 X181.406611 Y162.115508 Z34.69903 E0.169819
G1 X181.095427 Y162.761636 Z34.856862 E0.152648
G1 E-1.5
G4 P1500 ; dejar cuajar el ápice del arco
G1 E1.5
G1 X180.67028 Y163.333839 Z34.789795 E0.14884
G1 F480 X180.140303 Y163.833066 Z34.512221 E0.161976
G1 X179.534378 Y164.274606 Z34.081258 E0.179765
G1 X178.895032 Y164.685381 Z33.585154 E0.188655
G1 X178.269577 Y165.098642 Z33.125378 E0.182809
G1 X177.700455 Y165.547208 Z32.796027 E0.165465
G1 X177.216734 Y166.0566 Z32.664726 E0.386245
G1 X176.828458 Y166.639486 Z32.758904 E0.1469
G1 X176.524917 Y167.292639 Z33.060229 E0.162295
G1 X176.277158 Y167.99711 Z33.508324 E0.181037
G1 X176.044245 Y168.721772 Z34.013025 E0.189852
G1 X175.781756 Y169.429429 Z34.47268 E0.183704
G1 F240 X175.450854 Y170.084366 Z34.794778 E0.166585
G1 X175.026063 Y170.659798 Z34.914727 E0.150758
G1 E-1.5
G4 P1500 ; dejar cuajar el ápice del arco
G1 E1.5
G1 X174.50018 Y171.143638 Z34.808964 E0.150166
G1 F480 X173.885385 Y171.541364 Z34.499735 E0.165229
G1 X173.210402 Y171.875294 Z34.050581 E0.182274
G1 X172.514346 Y172.180348 Z33.553443 E0.188778
G1 X171.838603 Y172.497096 Z33.11 E0.180457
G1 X171.218412 Y172.863468 Z32.811033 E0.162123
G1 X170.675876 Y173.306836 Z32.718002 E0.382013
G1 X170.215794 Y173.838102 Z32.850568 E0.14867
G1 X169.825104 Y174.449085 Z33.182607 E0.165805
G1 X169.475956 Y175.113796 Z33.647509 E0.183577
G1 X169.131718 Y175.79344 Z34.151699 E0.189911
G1 X168.75462 Y176.444153 Z34.593629 E0.181333
G1 F240 X168.313446 Y177.025958 Z34.884384 E0.163374
G1 X167.789696 Y177.511071 Z34.965736 E0.149362
G1 E-1.5
G4 P1500 ; dejar cuajar el ápice del arco
G1 E1.5
G1 X167.18101 Y177.889853 Z34.821953 E0.151998
G1 F480 X166.501235 Y178.173117 Z34.482998 E0.168524
G1 X165.777183 Y178.390248 Z34.018447 E0.184437
G1 X165.042862 Y178.583457 Z33.523363 E0.188431
G1 X164.332394 Y178.799296 Z33.099011 E0.177783
G1 X163.673121 Y179.079121 Z32.832296 E0.41306
G1 X163.080284 Y179.450486 Z32.778131 E0.379222
G1 X162.554322 Y179.92124 Z32.948291 E0.150935
G1 X162.081266 Y180.477596 Z33.309021 E0.169319
G1 X161.636038 Y181.086633 Z33.787888 E0.185752
G1 X161.187915 Y181.702772 Z34.288482 E0.189502
G1 X160.706954 Y182.276964 Z34.709986 E0.178662
G1 F240 X160.17005 Y182.766707 Z34.96763 E0.16028
G1 X159.565387 Y183.144866 Z35.009906 E0.148513
G1 E-1.5
G4 P1500 ; dejar cuajar el ápice del arco
G1 E1.5
G1 X158.894445 Y183.405444 Z34.829013 E0.154275
G1 F480 X158.171223 Y183.565076 Z34.462446 E0.171784
G1 X157.418942 Y183.659894 Z33.985384 E0.186221
G1 X156.664993 Y183.738333 Z33.495432 E0.187624
G1 X155.935231 Y183.851332 Z33.09281 E0.174841
G1 X155.248809 Y184.041902 Z32.860014 E0.405064
G1 X154.614584 Y184.336194 Z32.845075 E0.377976
G1 X154.029779 Y184.73795 Z33.051803 E0.153623
G1 X153.481078 Y185.227481 Z33.439023 E0.172756
G1 X152.947822 Y185.765454 Z33.928926 E0.187525
G1 X152.406574 Y186.30075 Z34.422863 E0.188637
G1 X151.836036 Y186.780819 Z34.821365 E0.175748
G1 F240 X151.221295 Y187.162426 Z35.044334 E0.157389
G1 E-1.5
G4 P1500 ; dejar cuajar el ápice del arco
G1 E1.5
G1 X150.556559 Y187.42059 Z35.047296 E0.148239
G1 E-1.5
G4 P1500 ; dejar cuajar el ápice del arco
G1 E1.5
G1 F480 X149.845878 Y187.553856 Z34.830433 E0.156923
G1 X149.101804 Y187.58479 Z34.438538 E0.174935
G1 X148.342375 Y187.555553 Z33.951931 E0.187593
G1 X147.587129 Y187.519418 Z33.470154 E0.186372
G1 X146.853028 Y187.52995 Z33.091768 E0.171695
G1 X146.151149 Y187.630035 Z32.894351 E0.397765
G1 X145.484799 Y187.843027 Z32.918752 E0.378328
G1 X144.849349 Y188.167824 Z33.160798 E0.15665
G1 X144.233743 Y188.57893 Z33.572145 E0.176043
G1 X143.623245 Y189.031502 Z34.070088 E0.188867
G1 X143.00278 Y189.470401 Z34.554344 E0.187332
G1 F240 X142.360115 Y189.841401 Z34.927412 E0.172654
G1 X141.688211 Y190.102268 Z35.114354 E0.154788
G1 E-1.5
G4 P1500 ; dejar cuajar el ápice del arco
G1 E1.5
G1 X140.986305 Y190.231458 Z35.078009 E0.148552
G1 E-1.5
G4 P1500 ; dejar cuajar el ápice del arco
G1 E1.5
G1 F480 X140.259563 Y190.232615 Z34.826536 E0.159861
G1 X139.517498 Y190.133948 Z34.411752 E0.177906
G1 X138.771562 Y189.982571 Z33.918624 E0.188528
G1 X138.032531 Y189.834961 Z33.448016 E0.184697
G1 X137.308252 Y189.745454 Z33.096223 E0.168411
G1 X136.602242 Y189.755143 Z32.935426 E0.391389
G1 X135.913385 Y189.883436 Z32.99904 E0.380271
G1 X135.236707 Y190.12402 Z33.274936 E0.159928
G1 X134.564969 Y190.446075 Z33.707897 E0.179112
G1 X133.89063 Y190.800488 Z34.210833 E0.189758
G1 X133.207697 Y191.129835 Z34.682448 E0.185614
G1 F240 X132.51301 Y191.380068 Z35.027805 E0.169451
G1 X131.806703 Y191.511552 Z35.177591 E0.152558
G1 E-1.5
G4 P1500 ; dejar cuajar el ápice del arco
G1 E1.5
G1 X131.091782 Y191.507168 Z35.102187 E0.149442
G1 F480 X130.372987 Y191.375841 Z34.817678 E0.163002
G1 X129.655284 Y191.150745 Z34.382587 E0.180633
G1 X128.942407 Y190.882564 Z33.886001 E0.189008
G1 X128.235843 Y190.629173 Z33.429488 E0.182629
G1 X127.534517 Y190.443842 Z33.106481 E0.165067
G1 X126.835256 Y190.364376 Z32.983318 E0.386148
G1 X126.133882 Y190.405416 Z33.085778 E0.147593
G1 X125.426631 Y190.555459 Z33.393845 E0.163367
G1 X124.711498 Y190.779216 Z33.845775 E0.181903
G1 X123.989109 Y191.024822 Z34.350627 E0.190186
G1 X123.262869 Y191.234416 Z34.806717 E0.183517
G1 F240 X122.538293 Y191.355935 Z35.122257 E0.166215
G1 X121.821652 Y191.353706 Z35.233988 E0.150773
G1 E-1.5
G4 P1500 ; dejar cuajar el ápice del arco
G1 E1.5
G1 X121.118274 Y191.215685 Z35.120013 E0.150876
G1 F480 X120.430921 Y190.955859 Z34.804245 E0.166258
G1 X119.758697 Y190.611341 Z34.351553 E0.183062
G1 X119.096814 Y190.234762 Z33.854595 E0.189026
G1 X118.437353 Y189.883513 Z33.415015 E0.180205
G1 X117.770912 Y189.608061 Z33.122809 E0.161743
G1 X117.088803 Y189.441697 Z33.038064 E0.382225
G1 X116.385293 Y189.393837 Z33.17876 E0.14947
G1 X115.659338 Y189.448193 Z33.517124 E0.166878
G1 X114.915354 Y189.566195 Z33.985261 E0.184365
G1 X114.16275 Y189.69494 Z34.48894 E0.190145
G1 X113.414235 Y189.778014 Z34.926716 E0.181082
G1 F240 X112.683209 Y189.766988 Z35.210518 E0.163029
G1 X111.980773 Y189.631226 Z35.283529 E0.149494
G1 E-1.5
G4 P1500 ; dejar cuajar el ápice del arco
G1 E1.5
G1 X111.313028 Y189.364019 Z35.131709 E0.152804
G1 F480 X110.679301 Y188.983823 Z34.786653 E0.169546
G1 X110.071781 Y188.530362 Z34.319175 E0.185143
G1 X109.476736 Y188.056424 Z33.824933 E0.18858
G1 X108.87714 Y187.617062 Z33.405019 E0.177473
G1 X108.256223 Y187.258391 Z33.145439 E0.41217
G1 X107.601192 Y187.008291 Z33.099658 E0.379764
G1 X106.906318 Y186.870881 Z33.277748 E0.151827
G1 X106.174651 Y186.825862 Z33.644345 E0.170377
G1 X105.417922 Y186.832842 Z34.125826 E0.186453
G1 X104.654536 Y186.839706 Z34.625251 E0.189638
G1 X103.905997 Y186.793301 Z35.042037 E0.178359
G1 F240 X103.192469 Y186.650247 Z35.292376 E0.159977
G1 X102.528382 Y186.385662 Z35.326239 E0.148768
G1 E-1.5
G4 P1500 ; dejar cuajar el ápice del arco
G1 E1.5
G1 X101.919051 Y185.998049 Z35.137535 E0.155162
G1 F480 X101.359093 Y185.509387 Z34.765343 E0.172783
G1 X100.833059 Y184.960443 Z34.285984 E0.186838
G1 X100.318254 Y184.40232 Z33.797528 E0.187678
G1 X99.789249 Y183.885981 Z33.399893 E0.174488
G1 X99.22317 Y183.451924 Z33.174564 E0.40432
G1 X98.604682 Y183.122083 Z33.168052 E0.378861
G1 X97.929579 Y182.895598 Z33.382462 E0.154589
G1 X97.206159 Y182.749263 Z33.775056 E0.173782
;WIDTH:1.250
; LINE_WIDTH: 1.250
;Z:35.315
;HEIGHT:2.163
G1 X97.125518 Y182.892638 Z33.777402 E0.034199
G1 X96.371229 Y182.785889 Z34.271134 E0.188712
G1 X95.615398 Y182.669209 Z34.765102 E0.189258
G1 X94.887545 Y182.494177 Z35.159835 E0.175925
G1 F240 X94.213293 Y182.223432 Z35.376001 E0.157581
G1 E-1.5
G4 P1500 ; dejar cuajar el ápice del arco
G1 E1.5
G1 X93.608855 Y181.838111 Z35.370512 E0.149012
G1 E-1.5
G4 P1500 ; dejar cuajar el ápice del arco
G1 E1.5
G1 F480 X93.077305 Y181.341431 Z35.145266 E0.15831
G1 X92.607487 Y180.757742 Z34.746761 E0.176416
G1 X92.175874 Y180.127295 Z34.256663 E0.188692
G1 X91.751097 Y179.497863 Z33.775224 E0.186904
G1 X91.30026 Y178.914953 Z33.40094 E0.171812
G1 X90.795785 Y178.412632 Z33.21056 E0.398294
G1 X90.221351 Y178.006808 Z33.243506 E0.380548
G1 X89.575661 Y177.692313 Z33.493876 E0.15811
G1 X88.873175 Y177.444304 Z33.911639 E0.177551
G1 X88.141575 Y177.223641 Z34.412789 E0.189963
G1 X87.416392 Y176.985072 Z34.896399 E0.187859
G1 F240 X86.733844 Y176.686519 Z35.265098 E0.172793
G1 X86.123342 Y176.297558 Z35.444839 E0.155047
G1 E-1.5
G4 P1500 ; dejar cuajar el ápice del arco
G1 E1.5
G1 X85.601205 Y175.805378 Z35.399928 E0.149452
G1 E-1.5
G4 P1500 ; dejar cuajar el ápice del arco
G1 E1.5
G1 F480 X85.166945 Y175.217053 Z35.140262 E0.161306
G1 X84.802953 Y174.557743 Z34.719327 E0.179348
G1 X84.477741 Y173.865251 Z34.223339 E0.189534
G1 X84.152145 Y173.182127 Z33.753747 E0.185137
G1 X83.787277 Y172.546965 Z33.406642 E0.1685
G1 X83.352599 Y171.986685 Z33.253257 E0.39213
G1 X82.832451 Y171.511343 Z33.325506 E0.147243
G1 X82.22964 Y171.112483 Z33.609509 E0.161439
G1 X81.565273 Y170.765272 Z34.048409 E0.180574
G1 X80.874793 Y170.43392 Z34.553912 E0.190758
G1 X80.200968 Y170.079194 Z35.024204 E0.186051
G1 F240 X79.585211 Y169.66646 Z35.36462 E0.169567
G1 X79.059016 Y169.172589 Z35.506854 E0.152901
G1 E-1.5
G4 P1500 ; dejar cuajar el ápice del arco
G1 E1.5
G1 X78.637267 Y168.590372 Z35.42282 E0.150464
G1 F480 X78.314867 Y167.929581 Z35.13036 E0.164488
G1 X78.067427 Y167.21456 Z34.689613 E0.182024
G1 X77.85596 Y166.478922 Z34.190817 E0.189917
G1 X77.634666 Y165.758506 Z33.735991 E0.182982
G1 X77.360273 Y165.084069 Z33.418229 E0.165144
G1 X77.001001 Y164.475225 Z33.302809 E0.387145
G1 X76.543316 Y163.936807 Z33.413938 E0.148703
G1 X75.995019 Y163.458353 Z33.729847 E0.164911
G1 X75.38399 Y163.016702 Z34.187203 E0.183307
G1 X74.752773 Y162.581098 Z34.693965 E0.191087
G1 X74.150051 Y162.11968 Z35.148065 E0.183872
G1 F240 X73.620734 Y161.605983 Z35.458123 E0.166326
G1 X73.19668 Y161.024133 Z35.561994 E0.151216
G1 E-1.5
G4 P1500 ; dejar cuajar el ápice del arco
G1 E1.5
G1 X72.889972 Y160.371718 Z35.439381 E0.152013
G1 F480 X72.690174 Y159.659811 Z35.115953 E0.167767
G1 X72.566187 Y158.910264 Z34.658135 E0.184388
G1 X72.472377 Y158.150887 Z34.15963 E0.189835
G1 X72.35777 Y157.409606 Z33.722398 E0.180482
G1 X72.176468 Y156.708809 Z33.435963 E0.161827
G1 X71.897134 Y156.061041 Z33.359242 E0.383517
G1 X71.509607 Y155.466875 Z33.508591 E0.150694
G1 X71.027232 Y154.915317 Z33.854482 E0.168436
G1 X70.48439 Y154.386548 Z34.327497 E0.185699
G1 X69.929686 Y153.856357 Z34.832418 E0.190945
G1 X69.416131 Y153.30128 Z35.267549 E0.181364
G1 F240 X68.99033 Y152.703351 Z35.545362 E0.163154
G1 X68.682874 Y152.053512 Z35.610255 E0.15005
G1 E-1.5
G4 P1500 ; dejar cuajar el ápice del arco
G1 E1.5
G1 X68.501927 Y151.353037 Z35.449842 E0.154044
G1 F480 X68.431351 Y150.612764 Z35.097463 E0.17106
G1 X68.433804 Y149.850405 Z34.625421 E0.186397
G1 X68.458211 Y149.086575 Z34.130305 E0.189289
G1 X68.450116 Y148.340439 Z33.713387 E0.177683
G1 X68.362806 Y147.625888 Z33.460067 E0.412458
G1 X68.166944 Y146.949021 Z33.422543 E0.381379
G1 X67.856706 Y146.307383 Z33.609214 E0.153151
G1 X67.451151 Y145.691024 Z33.982979 E0.171931
G1 X66.990496 Y145.085053 Z34.468761 E0.18771
G1 X66.52804 Y144.473055 Z34.968751 E0.190339
G1 X66.11935 Y143.840616 Z35.382255 E0.178579
G1 F240 X65.810919 Y143.178185 Z35.626133 E0.160135
G1 X65.630611 Y142.482718 Z35.651672 E0.149445
G1 E-1.5
G4 P1500 ; dejar cuajar el ápice del arco
G1 E1.5
G1 X65.581865 Y141.757833 Z35.454471 E0.156491
G1 F480 X65.642868 Y141.01253 Z35.075339 E0.174286
G1 X65.770891 Y140.258873 Z34.592007 E0.18801
G1 X65.910918 Y139.509181 Z34.103356 E0.188288
G1 X66.006837 Y138.773403 Z33.709345 E0.174642
G1 X66.0129 Y138.057215 Z33.490726 E0.404729
G1 X65.90311 Y137.361232 Z33.492654 E0.380816
G1 X65.676606 Y136.681397 Z33.715521 E0.155997
G1 X65.357932 Y136.010395 Z34.114878 E0.175317
G1 X64.992108 Y135.339667 Z34.610456 E0.189304
G1 X64.635509 Y134.661522 Z35.102457 E0.189282
G1 X64.34439 Y133.97084 Z35.491808 E0.175577
G1 F240 X64.163411 Y133.265999 Z35.700272 E0.157357
G1 E-1.5
G4 P1500 ; dejar cuajar el ápice del arco
G1 E1.5
G1 X64.116499 Y132.548857 Z35.686322 E0.149423
G1 E-1.5
G4 P1500 ; dejar cuajar el ápice del arco
G1 E1.5
G1 F480 X64.201931 Y131.823876 Z35.453574 E0.159275
G1 X64.392641 Y131.09666 Z35.050049 E0.177371
G1 X64.641706 Y130.37233 Z34.558431 E0.189198
G1 X64.89189 Y129.654166 Z34.079281 E0.18685
G1 X65.087303 Y128.942859 Z33.710631 E0.171425
G1 X65.1848 Y128.236543 Z33.528085 E0.397796
G1 X65.16278 Y127.531584 Z33.569477 E0.381856
G1 X65.025595 Y126.823863 Z33.827189 E0.159145
G1 X64.802657 Y126.110201 Z34.2497 E0.178523
G1 X64.542446 Y125.389522 Z34.752043 E0.190457
G1 X64.302613 Y124.663402 Z35.233045 E0.187795
G1 F240 X64.138238 Y123.935846 Z35.595867 E0.172424
G1 X64.090604 Y123.212304 Z35.767655 E0.154905
G1 E-1.5
G4 P1500 ; dejar cuajar el ápice del arco
G1 E1.5
G1 X64.178813 Y122.498185 Z35.714326 E0.149986
G1 E-1.5
G4 P1500 ; dejar cuajar el ápice del arco
G1 E1.5
G1 F480 X64.395926 Y121.797236 Z35.447489 E0.162312
G1 X64.710421 Y121.11023 Z35.022084 E0.180248
G1 X65.072661 Y120.43435 Z34.525233 E0.189941
G1 X65.425038 Y119.763485 Z34.058563 E0.184999
G1 X65.713715 Y119.089443 Z33.71757 E0.168102
G1 X65.899524 Y118.403826 Z33.572246 E0.391879
G1 X65.965917 Y117.700177 Z33.65287 E0.147874
G1 X65.922513 Y116.975896 Z33.943863 E0.162508
G1 X65.80269 Y116.233289 Z34.386948 E0.181478
G1 X65.656797 Y115.479593 Z34.892981 E0.191134
G1 X65.541843 Y114.725786 Z35.360042 E0.185882
G1 F240 X65.509987 Y113.984427 Z35.694122 E0.169165
G1 X65.597614 Y113.266821 Z35.828199 E0.152844
G1 E-1.5
G4 P1500 ; dejar cuajar el ápice del arco
G1 E1.5
G1 X65.818252 Y112.580358 Z35.735844 E0.151113
G1 F480 X66.159923 Y111.926488 Z35.436587 E0.165498
G1 X66.587746 Y111.299911 Z34.991948 E0.182805
G1 X67.051147 Y110.689233 Z34.492953 E0.190143
G1 X67.494169 Y110.079047 Z34.041662 E0.182678
G1 X67.867102 Y109.453149 Z33.730453 E0.164692
G1 X68.136416 Y108.798065 Z33.623271 E0.387169
G1 X68.291425 Y108.10623 Z33.742655 E0.149456
G1 X68.346193 Y107.378042 Z34.065157 E0.165945
G1 X68.336718 Y106.622397 Z34.526107 E0.18401
G1 X68.313143 Y105.855208 Z35.032735 E0.191179
G1 X68.329455 Y105.096383 Z35.483001 E0.183452
G1 F240 X68.432514 Y104.365779 Z35.786301 E0.165832
G1 X68.652629 Y103.678934 Z35.881864 E0.151241
G1 E-1.5
G4 P1500 ; dejar cuajar el ápice del arco
G1 E1.5
G1 X68.997565 Y103.043503 Z35.751077 E0.152737
G1 F480 X69.45122 Y102.457219 Z35.421269 E0.168662
G1 X69.977155 Y101.907901 Z34.96016 E0.184879
G1 X70.526216 Y101.375586 Z34.462121 E0.189711
G1 X71.046644 Y100.836439 Z34.029017 E0.179918
G1 X71.494594 Y100.26766 Z33.749534 E0.161326
G1 X71.842905 Y99.652393 Z33.681179 E0.383909
G1 X72.086403 Y98.983585 Z33.838609 E0.151533
G1 X72.24264 Y98.265904 Z34.190657 E0.169315
G1 X72.348028 Y97.515257 Z34.666654 E0.186064
G1 X72.450194 Y96.755892 Z35.170778 E0.190659
G1 X72.598143 Y96.015621 Z35.601494 E0.180674
G1 F240 X72.832322 Y95.320118 Z35.87217 E0.162599
G1 X73.176533 Y94.687457 Z35.928654 E0.150179
G1 E-1.5
G4 P1500 ; dejar cuajar el ápice del arco
G1 E1.5
G1 X73.633354 Y94.124056 Z35.760264 E0.154789
G1 F480 X74.183944 Y93.622943 Z35.401962 E0.171752
G1 X74.792162 Y93.164769 Z34.927251 E0.186533
G1 X75.412179 Y92.721478 Z34.433263 E0.188807
G1 X75.997902 Y92.261915 Z34.021039 E0.176902
G1 X76.512302 Y91.758252 Z33.775029 E0.411191
G1 X76.934754 Y91.191928 Z33.745945 E0.382188
G1 X77.264897 Y90.557803 Z33.940476 E0.154018
G1 X77.52235 Y89.865644 Z34.319922 E0.172593
G1 X77.742362 Y89.138526 Z34.808056 E0.187709
G1 X77.968373 Y88.408409 Z35.30659 E0.18969
G1 X78.243006 Y87.709697 Z35.715126 E0.177673
G1 F240 X78.599502 Y87.072216 Z35.951533 E0.159586
G1 X79.055269 Y86.514986 Z35.968613 E0.149688
G1 E-1.5
G4 P1500 ; dejar cuajar el ápice del arco
G1 E1.5
G1 F480 X79.60854 Y86.041924 Z35.763683 E0.157203
G1 X80.239127 Y85.640677 Z35.379119 E0.174731
G1 X80.912875 Y85.284809 Z34.893757 E0.187798
G1 X81.588923 Y84.939032 Z34.406887 E0.187509
G1 X82.227974 Y84.566204 Z34.01811 E0.173739
G1 X82.80021 Y84.135005 Z33.807113 E0.4037
G1 X83.29114 Y83.626597 Z33.817504 E0.382021
G1 X83.704194 Y83.038835 Z34.04796 E0.156831
G1 X84.059593 Y82.387056 Z34.452489 E0.175746
G1 X84.38973 Y81.701165 Z34.949773 E0.18901
G1 X84.73256 Y81.020016 Z35.439668 E0.188411
G1 F240 X85.123677 Y80.383479 Z35.82353 E0.174603
G1 X85.589158 Y79.824238 Z36.024233 E0.156902
G1 E-1.5
G4 P1500 ; dejar cuajar el ápice del arco
G1 E1.5
G1 X86.140394 Y79.360783 Z36.001827 E0.149779
G1 E-1.5
G4 P1500 ; dejar cuajar el ápice del arco
G1 E1.5
G1 F480 X86.772488 Y78.993731 Z35.761644 E0.159937
G1 X87.465313 Y78.704988 Z35.353214 E0.177633
G1 X88.188052 Y78.46124 Z34.860216 E0.188791
G1 X88.905702 Y78.220558 Z34.383492 E0.185955
G1 X89.58626 Y77.940902 Z34.020581 E0.170543
G1 X90.207105 Y77.588795 Z33.845922 E0.397144
G1 X90.7593 Y77.146387 Z33.895749 E0.383368
G1 X91.248996 Y76.615411 Z34.160731 E0.159937
G1 X91.695729 Y76.017158 Z34.587873 E0.178813
G1 X92.128054 Y75.388422 Z35.091266 E0.190024
G1 X92.577464 Y74.774185 Z35.569526 E0.186856
G1 F240 X93.071914 Y74.218489 Z35.926369 E0.171496
G1 X93.630252 Y73.755378 Z36.090155 E0.15459
G1 E-1.5
G4 P1500 ; dejar cuajar el ápice del arco
G1 E1.5
G1 X94.258688 Y73.401753 Z36.028427 E0.150447
G1 F480 X94.949945 Y73.153664 Z35.754495 E0.162944
G1 X95.685182 Y72.986838 Z35.324741 E0.180396
G1 X96.438201 Y72.861402 Z34.82717 E0.189424
G1 X97.18101 Y72.729875 Z34.363554 E0.184062
G1 X97.889544 Y72.546835 Z34.02877 E0.167286
G1 X98.548381 Y72.278282 Z33.891551 E0.391619
G1 X99.153519 Y71.908768 Z33.980528 E0.148548
G1 X99.712715 Y71.444801 Z34.278429 E0.163247
G1 X100.243416 Y70.913771 Z34.725574 E0.181648
G1 X100.768796 Y70.358581 Z35.231996 E0.190603
G1 X101.312786 Y69.829018 Z35.695695 E0.184925
G1 F240 X101.895164 Y69.371632 Z36.023344 E0.168331
G1 X102.527706 Y69.020156 Z36.149227 E0.152685
G1 E-1.5
G4 P1500 ; dejar cuajar el ápice del arco
G1 E1.5
G1 X103.212147 Y68.788477 Z36.04858 E0.151659
G1 F480 X103.940293 Y68.667596 Z35.742612 E0.166096
G1 X104.696159 Y68.627267 Z35.294207 E0.182887
G1 X105.459609 Y68.622001 Z34.795156 E0.189604
G1 X106.210655 Y68.600259 Z34.34753 E0.181807
G1 X106.933522 Y68.514957 Z34.042962 E0.164021
G1 X107.619612 Y68.333158 Z33.94405 E0.38732
G1 X108.268845 Y68.042931 Z34.071655 E0.150192
G1 X108.889152 Y67.655962 Z34.40066 E0.16666
G1 X109.494346 Y67.205348 Z34.865075 E0.184178
G1 X110.100897 Y66.738985 Z35.371427 E0.190724
G1 X110.724347 Y66.309874 Z35.817731 E0.182649
G1 F240 X111.376151 Y65.965325 Z36.11419 E0.165186
G1 X112.06155 Y65.737164 Z36.201418 E0.151256
G1 E-1.5
G4 P1500 ; dejar cuajar el ápice del arco
G1 E1.5
G1 X112.778955 Y65.635309 Z36.062496 E0.15337
G1 F480 X113.520776 Y65.645658 Z35.726402 E0.169309
G1 X114.275396 Y65.732622 Z35.262134 E0.185063
G1 X115.029933 Y65.846352 Z34.764703 E0.189349
G1 X115.773041 Y65.932892 Z34.335851 E0.179258
G1 X116.497178 Y65.945223 Z34.0634 E0.160853
G1 X117.199801 Y65.852642 Z34.003431 E0.384403
G1 X117.883474 Y65.64734 Z34.168899 E0.152323
G1 X118.554795 Y65.346083 Z34.527004 E0.170112
G1 X119.222531 Y64.986908 Z35.00585 E0.186414
G1 X119.895418 Y64.621381 Z35.509035 E0.190474
G1 X120.5802 Y64.304208 Z35.935216 E0.180164
G1 F240 X121.280305 Y64.082173 Z36.19868 E0.162204
G1 X121.9954 Y63.984474 Z36.246739 E0.150364
G1 E-1.5
G4 P1500 ; dejar cuajar el ápice del arco
G1 E1.5
G1 X122.721898 Y64.016691 Z36.070422 E0.15555
G1 F480 X123.454203 Y64.159466 Z35.706299 E0.17258
G1 X124.186362 Y64.372747 Z35.229054 E0.187008
G1 X124.913602 Y64.603432 Z34.736334 E0.188797
G1 X125.633458 Y64.796299 Z34.328923 E0.176557
G1 X126.346185 Y64.905284 Z34.090293 E0.410478
G1 X127.054378 Y64.902907 Z34.06966 E0.382927
G1 X127.761955 Y64.785958 Z34.271995 E0.154903
G1 X128.472788 Y64.576197 Z34.657017 E0.173614
G1 X129.189391 Y64.315983 Z35.147365 E0.188431
G1 X129.912017 Y64.059673 Z35.644303 E0.189934
G1 X130.638447 Y63.862555 Z36.047757 E0.177528
G1 F240 X131.364519 Y63.76958 Z36.276626 E0.159429
G1 X132.085286 Y63.806181 Z36.285244 E0.150034
G1 E-1.5
G4 P1500 ; dejar cuajar el ápice del arco
G1 E1.5
G1 F480 X132.796502 Y63.973053 Z36.072643 E0.15816
G1 X133.496023 Y64.245992 Z35.682759 E0.175878
G1 X134.184734 Y64.580812 Z35.195504 E0.18868
G1 X134.8667 Y64.922341 Z34.710556 E0.187883
G1 X135.548456 Y65.215676 Z34.327123 E0.173655
G1 X136.237526 Y65.417351 Z34.123809 E0.403309
G1 X136.94053 Y65.5042 Z34.142662 E0.382981
G1 X137.661302 Y65.478054 Z34.380641 E0.15788
G1 X138.399539 Y65.365345 Z34.790229 E0.177056
G1 X139.150333 Y65.211709 Z35.28908 E0.190084
G1 X139.904825 Y65.072638 Z35.776732 E0.188973
G1 F240 X140.651876 Y65.002172 Z36.154995 E0.174682
G1 X141.380469 Y65.041889 Z36.347882 E0.156892
G1 E-1.5
G4 P1500 ; dejar cuajar el ápice del arco
G1 E1.5
G1 X142.082304 Y65.212459 Z36.317028 E0.150278
G1 E-1.5
G4 P1500 ; dejar cuajar el ápice del arco
G1 E1.5
G1 F480 X142.753981 Y65.509506 Z36.069479 E0.16111
G1 X143.398245 Y65.904537 Z35.656261 E0.179048
G1 X144.023893 Y66.350822 Z35.162025 E0.189939
G1 X144.644287 Y66.79295 Z34.687862 E0.186533
G1 X145.27473 Y67.178027 Z34.330794 E0.170565
G1 X145.929101 Y67.466659 Z34.164073 E0.396912
G1 X146.616634 Y67.64085 Z34.222321 E0.384627
G1 X147.339521 Y67.707481 Z34.4945 E0.161166
G1 X148.091889 Y67.696797 Z34.926152 E0.180325
G1 X148.860507 Y67.656137 Z35.430454 E0.191285
G1 X149.627133 Y67.640297 Z35.905838 E0.187545
G1 F240 X150.372228 Y67.700137 Z36.256602 E0.171643
G1 X151.079082 Y67.872318 Z36.412342 E0.154661
G1 E-1.5
G4 P1500 ; dejar cuajar el ápice del arco
G1 E1.5
G1 X151.737595 Y68.171971 Z36.342231 E0.1511
G1 F480 X152.346808 Y68.589814 Z36.061283 E0.164296
G1 X152.915673 Y69.094082 Z35.627303 E0.181964
G1 X153.461653 Y69.63718 Z35.129154 E0.190658
G1 X154.007335 Y70.165651 Z34.668725 E0.184652
G1 X154.575878 Y70.63099 Z34.340247 E0.167295
G1 X155.186092 Y70.999403 Z34.211171 E0.39152
G1 X155.84821 Y71.258506 Z34.308478 E0.149179
G1 X156.561131 Y71.41991 Z34.613203 E0.164625
G1 X157.312295 Y71.516253 Z35.064283 E0.183238
G1 X158.079765 Y71.594442 Z35.570951 E0.191859
G1 X158.836449 Y71.705965 Z36.031158 E0.185557
G1 F240 X159.555596 Y71.89639 Z36.352285 E0.168438
G1 X160.216441 Y72.196177 Z36.46994 E0.152818
G1 E-1.5
G4 P1500 ; dejar cuajar el ápice del arco
G1 E1.5
G1 X160.808805 Y72.614684 Z36.361028 E0.15246
G1 F480 X161.33564 Y73.13852 Z36.048438 E0.167553
G1 X161.812889 Y73.73455 Z35.596395 E0.184455
G1 X162.2666 Y74.35686 Z35.09743 E0.190758
G1 X162.72781 Y74.956238 Z34.653596 E0.182287
G1 X163.226193 Y75.490182 Z34.355757 E0.16397
G1 X163.78378 Y75.931412 Z34.265146 E0.387412
G1 X164.410073 Y76.273167 Z34.400936 E0.150976
G1 X165.099632 Y76.530261 Z34.736352 E0.168122
G1 X165.832716 Y76.735734 Z35.204102 E0.185746
G1 X166.578939 Y76.933864 Z35.710035 E0.191886
G1 X167.303275 Y77.171002 Z36.152253 E0.183173
G1 F240 X167.973201 Y77.486136 Z36.441787 E0.16525
G1 X168.565538 Y77.903101 Z36.520656 E0.151471
G1 E-1.5
G4 P1500 ; dejar cuajar el ápice del arco
G1 E1.5
G1 X169.071526 Y78.426004 Z36.373639 E0.154314
G1 F480 X169.499035 Y79.038726 Z36.031356 E0.170832
G1 X169.871371 Y79.708539 Z35.564062 E0.186585
G1 X170.222826 Y80.393031 Z35.067381 E0.190379
G1 X170.591825 Y81.048866 Z34.642903 E0.179601
G1 X171.013048 Y81.64057 Z34.377563 E0.417935
G1 X171.510119 Y82.147543 Z34.325998 E0.384749
G1 X172.090424 Y82.567922 Z34.499458 E0.15326
G1 X172.743183 Y82.918564 Z34.863521 E0.171619
G1 X173.441245 Y83.23122 Z35.345081 E0.187888
G1 X174.146319 Y83.545776 Z35.847185 E0.191447
G1 X174.816646 Y83.901988 Z36.26871 E0.180494
G1 F240 X175.415544 Y84.331419 Z36.524889 E0.162185
G1 X175.919093 Y84.851226 Z36.56451 E0.150668
G1 E-1.5
G4 P1500 ; dejar cuajar el ápice del arco
G1 E1.5
G1 X176.321332 Y85.461007 Z36.380317 E0.156606
G1 F480 X176.635843 Y86.143298 Z36.010477 E0.174073
G1 X176.893325 Y86.867505 Z35.530836 E0.188335
G1 X177.135575 Y87.596417 Z35.039524 E0.189542
G1 X177.40706 Y88.293893 Z34.637043 E0.176654
G1 X177.745777 Y88.93214 Z34.405862 E0.410027
G1 X178.175293 Y89.497096 Z34.393686 E0.383627
G1 X178.699608 Y89.990891 Z34.60377 E0.155959
G1 X179.301989 Y90.430949 Z34.994259 E0.175035
G1 X179.948044 Y90.846004 Z35.486684 E0.189628
G1 X180.592512 Y91.269943 Z35.981886 E0.190554
G1 X181.188389 Y91.734768 Z36.380145 E0.177578
G1 F240 X181.696573 Y92.264168 Z36.601413 E0.15933
G1 E-1.5
G4 P1500 ; dejar cuajar el ápice del arco
G1 E1.5
G1 X182.094017 Y92.868959 Z36.601566 E0.150439
G1 E-1.5
G4 P1500 ; dejar cuajar el ápice del arco
G1 E1.5
G1 F480 X182.378704 Y93.545297 Z36.381357 E0.159262
G1 X182.570365 Y94.275919 Z35.986263 E0.1772
G1 X182.706718 Y95.034078 Z35.497255 E0.189672
G1 X182.835961 Y95.78927 Z35.014367 E0.188262
G1 X183.006994 Y96.513532 Z34.636387 E0.173508
G1 X183.259377 Y97.187003 Z34.440814 E0.402831
G1 X183.615066 Y97.801633 Z34.468126 E0.384093
G1 X184.073677 Y98.362353 Z34.713562 E0.15899
G1 X184.61228 Y98.885555 Z35.128093 E0.178298
G1 X185.189824 Y99.395294 Z35.628371 E0.190937
G1 X185.755344 Y99.918078 Z36.113643 E0.189225
G1 F240 X186.258297 Y100.477368 Z36.486202 E0.174488
G1 X186.658927 Y101.08893 Z36.67122 E0.15677
G1 E-1.5
G4 P1500 ; dejar cuajar el ápice del arco
G1 E1.5
G1 X186.936526 Y101.757954 Z36.631927 E0.150792
G1 E-1.5
G4 P1500 ; dejar cuajar el ápice del arco
G1 E1.5
G1 F480 X187.09387 Y102.47846 Z36.377084 E0.162201
G1 X187.15688 Y103.235022 Z35.959196 E0.180144
G1 X187.16953 Y104.006339 Z35.463861 E0.190572
G1 X187.184998 Y104.769845 Z34.992396 E0.186563
G1 X187.254849 Y105.506357 Z34.641272 E0.170232
G1 X187.41845 Y106.203793 Z34.482537 E0.396571
G1 X187.694796 Y106.859238 Z34.549192 E0.148514
G1 X188.078446 Y107.47902 Z34.828491 E0.162266
G1 X188.540426 Y108.076869 Z35.264533 E0.181339
G1 X189.033981 Y108.670648 Z35.769603 E0.191795
G1 X189.503996 Y109.278425 Z36.241975 E0.187485
G1 F240 X189.898211 Y109.914722 Z36.586563 E0.171295
G1 X190.177926 Y110.587743 Z36.734213 E0.154585
G1 E-1.5
G4 P1500 ; dejar cuajar el ápice del arco
G1 E1.5
G1 X190.326005 Y111.298081 Z36.655741 E0.151716
G1 F480 X190.350508 Y112.039107 Z36.367858 E0.165336
G1 X190.283196 Y112.798845 Z35.929776 E0.182842
G1 X190.17317 Y113.562845 Z35.431191 E0.191018
G1 X190.076928 Y114.317374 Z34.97408 E0.184475
G1 X190.04685 Y115.052219 Z34.652001 E0.166902
G1 X190.12047 Y115.762529 Z34.531107 E0.391455
G1 X190.312734 Y116.449362 Z34.636717 E0.149881
G1 X190.612837 Y117.118908 Z34.948181 E0.165697
G1 X190.98632 Y117.780664 Z35.403069 E0.1841
G1 X191.382005 Y118.445035 Z35.909841 E0.192189
G1 X191.742384 Y119.120944 Z36.366426 E0.185371
G1 F240 X192.015332 Y119.813998 Z36.680942 E0.168077
G1 X192.164762 Y120.525571 Z36.790337 E0.152846
G1 E-1.5
G4 P1500 ; dejar cuajar el ápice del arco
G1 E1.5
G1 X192.17804 Y121.252949 Z36.673193 E0.153178
G1 F480 X192.068619 Y121.99042 Z36.354069 E0.168582
G1 X191.873362 Y122.730968 Z35.898518 E0.185239
G1 X191.645067 Y123.468121 Z35.399782 E0.191003
G1 X191.441727 Y124.197482 Z34.959867 E0.182036
G1 X191.31471 Y124.917588 Z34.668842 E0.1636
G1 X191.29827 Y125.629917 Z34.586557 E0.38766
G1 X191.402543 Y126.338116 Z34.730495 E0.151783
G1 X191.611451 Y127.046669 Z35.072228 E0.169195
G1 X191.885968 Y127.759425 Z35.543181 E0.18653
G1 X192.172056 Y128.478366 Z36.048555 E0.192117
G1 X192.41168 Y129.202981 Z36.486562 E0.182923
G1 F240 X192.554633 Y129.930387 Z36.769089 E0.164915
G1 X192.568765 Y130.656191 Z36.839579 E0.151615
G1 E-1.5
G4 P1500 ; dejar cuajar el ápice del arco
G1 E1.5
G1 X192.446521 Y131.375839 Z36.684509 E0.155127
G1 F480 X192.206464 Y132.086091 Z36.336136 E0.171853
G1 X191.889465 Y132.786203 Z35.865948 E0.187287
G1 X191.550355 Y133.478467 Z35.370159 E0.190525
G1 X191.246733 Y134.167915 Z34.950176 E0.179293
G1 X191.027241 Y134.861212 Z34.692024 E0.417072
G1 X190.921678 Y135.56497 Z34.648879 E0.385327
G1 X190.934977 Y136.283902 Z34.830283 E0.154158
G1 X191.046271 Y137.019279 Z35.200201 E0.172675
G1 X191.213211 Y137.768121 Z35.684339 E0.188586
G1 X191.380651 Y138.5234 Z36.185222 E0.191581
G1 X191.491916 Y139.275287 Z36.601974 E0.180193
G1 F240 X191.500341 Y140.013223 Z36.850795 E0.161894
G1 X191.378726 Y140.728372 Z36.88197 E0.150936
G1 E-1.5
G4 P1500 ; dejar cuajar el ápice del arco
G1 E1.5
G1 X191.124792 Y141.415894 Z36.689954 E0.157498
G1 F480 X190.761544 Y142.076473 Z36.314503 E0.17507
G1 X190.332477 Y142.716673 Z35.832601 E0.188948
G1 X189.892636 Y143.347949 Z35.342839 E0.189593
G1 X189.497371 Y143.984435 Z34.945402 E0.176303
G1 X189.191085 Y144.639946 Z34.721737 E0.409313
G1 X188.998278 Y145.324805 Z34.718022 E0.384545
G1 X188.918684 Y146.043234 Z34.935796 E0.156929
G1 X188.927488 Y146.791927 Z35.331643 E0.176059
G1 X188.980528 Y147.560207 Z35.826006 E0.190233
G1 X189.023406 Y148.331847 Z36.319334 E0.190594
G1 X189.002614 Y149.088233 Z36.712285 E0.177239
G1 F240 X188.876405 Y149.81227 Z36.92589 E0.159101
G1 E-1.5
G4 P1500 ; dejar cuajar el ápice del arco
G1 E1.5
G1 X188.62319 Y150.492187 Z36.91758 E0.150832
G1 E-1.5
G4 P1500 ; dejar cuajar el ápice del arco
G1 E1.5
G1 F480 X188.245772 Y151.124409 Z36.689826 E0.160216
G1 X187.770584 Y151.714803 Z36.289635 E0.178158
G1 X187.242131 Y152.277937 Z35.799015 E0.190191
G1 X186.713804 Y152.834414 Z35.318324 E0.188224
G1 X186.236965 Y153.406747 Z34.945906 E0.173129
G1 X185.850551 Y154.014621 Z34.758131 E0.402315
G1 X185.573289 Y154.670509 Z34.793894 E0.38535
G1 X185.400106 Y155.376636 Z35.046719 E0.160014
G1 X185.303401 Y156.123989 Z35.466078 E0.179274
G1 X185.238896 Y156.893691 Z35.967641 E0.191445
G1 X185.154799 Y157.660539 Z36.450396 E0.189176
G1 F240 X185.002408 Y158.398051 Z36.817148 E0.174127
G1 X184.745963 Y159.084004 Z36.994244 E0.15662
G1 E-1.5
G4 P1500 ; dejar cuajar el ápice del arco
G1 E1.5
G1 X184.369759 Y159.705292 Z36.946525 E0.151308
G1 E-1.5
G4 P1500 ; dejar cuajar el ápice del arco
G1 E1.5
G1 F480 X183.8811 Y160.261054 Z36.68446 E0.163197
G1 X183.308544 Y160.763327 Z36.262021 E0.181049
G1 X182.695852 Y161.234999 Z35.76573 E0.190994
G1 X182.092931 Y161.705392 Z35.297097 E0.18644
G1 X181.545634 Y162.204315 Z34.952019 E0.169841
G1 X181.086537 Y162.755815 Z34.801316 E0.396297
G1 X180.72852 Y163.372909 Z34.876359 E0.149123
G1 X180.462454 Y164.054462 Z35.162701 E0.163324
G1 X180.259381 Y164.784929 Z35.60301 E0.182256
G1 X180.076688 Y165.537124 Z36.108705 E0.192204
G1 X179.866965 Y166.277504 Z36.577935 E0.187356
G1 F240 X179.587701 Y166.972966 Z36.916249 E0.170928
G1 X179.209826 Y167.597748 Z37.055768 E0.15453
G1 E-1.5
G4 P1500 ; dejar cuajar el ápice del arco
G1 E1.5
G1 X178.723394 Y168.139009 Z36.968958 E0.152348
G1 F480 X178.13929 Y168.599864 Z36.674223 E0.166357
G1 X177.486672 Y168.999179 Z36.232164 E0.183683
G1 X176.806757 Y169.368068 Z35.733286 E0.191341
G1 X176.144266 Y169.743745 Z35.279624 E0.184277
G1 X175.538312 Y170.161933 Z34.964037 E0.166516
G1 X175.014596 Y170.649396 Z34.851359 E0.391462
G1 X174.580469 Y171.218132 Z34.965243 E0.150606
G1 X174.22382 Y171.862511 Z35.28336 E0.16677
G1 X173.915931 Y172.559989 Z35.741928 E0.184946
G1 X173.617646 Y173.27537 Z36.248661 E0.192498
G1 X173.287532 Y173.967788 Z36.701497 E0.18517
G1 F240 X172.890331 Y174.599026 Z37.009312 E0.167721
G1 X172.403976 Y175.141473 Z37.110417 E0.1529
G1 E-1.5
G4 P1500 ; dejar cuajar el ápice del arco
G1 E1.5
G1 X171.823774 Y175.584054 Z36.985075 E0.153916
G1 F480 X171.162973 Y175.934862 Z36.65951 E0.169609
G1 X170.449672 Y176.21987 Z36.20058 E0.186005
G1 X169.720787 Y176.477915 Z35.702215 E0.191226
G1 X169.01438 Y176.752924 Z35.266345 E0.181772
G1 X168.361933 Y177.084923 Z34.982218 E0.163237
G1 X167.782161 Y177.501695 Z34.908284 E0.387979
G1 X167.277571 Y178.012806 Z35.060331 E0.15261
G1 X166.834402 Y178.607286 Z35.408285 E0.170265
G1 X166.425868 Y179.255516 Z35.882309 E0.187296
G1 X166.017964 Y179.914997 Z36.38698 E0.192327
G1 X165.576568 Y180.538877 Z36.820653 E0.182662
G1 F240 X165.074369 Y181.08552 Z37.096096 E0.164589
G1 X164.496209 Y181.527152 Z37.158187 E0.151787
G1 E-1.5
G4 P1500 ; dejar cuajar el ápice del arco
G1 E1.5
G1 X163.841791 Y181.855787 Z36.99511 E0.155956
G1 F480 X163.125294 Y182.085168 Z36.640746 E0.172869
G1 X162.372049 Y182.248253 Z36.167799 E0.18797
G1 X161.613057 Y182.390713 Z35.673043 E0.190651
G1 X160.878538 Y182.561706 Z35.257676 E0.178977
G1 X160.191848 Y182.803816 Z35.006785 E0.41624
G1 X159.565005 Y183.144199 Z34.972073 E0.385977
G1 X158.996677 Y183.588784 Z35.16137 E0.155071
G1 X158.472963 Y184.120778 Z35.53704 E0.173725
G1 X157.970703 Y184.703811 Z36.023622 E0.189265
G1 X157.462548 Y185.289158 Z36.523142 E0.191694
G1 X156.922694 Y185.825581 Z36.935003 E0.179884
G1 F240 X156.332068 Y186.269811 Z37.176398 E0.161616
G1 X155.681936 Y186.595502 Z37.199118 E0.151231
G1 E-1.5
G4 P1500 ; dejar cuajar el ápice del arco
G1 E1.5
G1 F480 X154.975249 Y186.798821 Z36.999334 E0.158403
G1 X154.225542 Y186.89946 Z36.618379 E0.176059
G1 X153.453722 Y186.936842 Z36.134355 E0.189542
G1 X152.683489 Y186.962226 Z35.646282 E0.189626
G1 X151.936395 Y187.028309 Z35.254003 E0.175947
G1 X151.22758 Y187.178437 Z35.037918 E0.408642
G1 X150.563027 Y187.437627 Z35.042668 E0.385536
G1 X149.938838 Y187.807274 Z35.268071 E0.157911
G1 X149.342575 Y188.264652 Z35.669165 E0.177073
G1 X148.756292 Y188.767362 Z36.165327 E0.190818
G1 X148.160542 Y189.261848 Z36.656641 E0.190615
G1 F240 X147.538462 Y189.694264 Z37.044175 E0.176896
G1 X146.879098 Y190.021488 Z37.250058 E0.158889
G1 E-1.5
G4 P1500 ; dejar cuajar el ápice del arco
G1 E1.5
G1 X146.179302 Y190.220014 Z37.233289 E0.151251
G1 E-1.5
G4 P1500 ; dejar cuajar el ápice del arco
G1 E1.5
G1 F480 X145.443893 Y190.290898 Z36.998055 E0.161179
G1 X144.684148 Y190.259691 Z36.592882 E0.179105
G1 X143.915037 Y190.171373 Z36.100788 E0.19069
G1 X143.151871 Y190.081265 Z35.622431 E0.188167
G1 X142.407108 Y190.043775 Z35.255683 E0.172747
G1 X141.687991 Y190.101268 Z35.07576 E0.40185
G1 X140.995461 Y190.275337 Z35.119965 E0.386678
G1 X140.324506 Y190.562281 Z35.380109 E0.161046
G1 X139.665751 Y190.933737 Z35.804177 E0.180238
G1 X139.007871 Y191.342361 Z36.306885 E0.191933
G1 X138.340224 Y191.731407 Z36.786988 E0.189111
G1 F240 X137.655107 Y192.046283 Z37.147828 E0.173765
G1 X136.949166 Y192.245697 Z37.316954 E0.156491
G1 E-1.5
G4 P1500 ; dejar cuajar el ápice del arco
G1 E1.5
G1 X136.2237 Y192.310134 Z37.260824 E0.151849
G1 E-1.5
G4 P1500 ; dejar cuajar el ápice del arco
G1 E1.5
G1 F480 X135.483881 Y192.245908 Z36.991613 E0.1642
G1 X134.737158 Y192.083944 Z36.564744 E0.181941
G1 X133.991281 Y191.873536 Z36.067638 E0.191395
G1 X133.252448 Y191.672329 Z35.601971 E0.186302
G1 X132.524011 Y191.534574 Z35.263037 E0.16945
G1 X131.806014 Y191.500057 Z35.12041 E0.396083
G1 X131.095617 Y191.585951 Z35.203822 E0.149757
G1 X130.388243 Y191.783286 Z35.497126 E0.164386
G1 X129.679084 Y192.058739 Z35.941578 E0.183157
G1 X128.96457 Y192.36141 Z36.447756 E0.192592
G1 X128.243389 Y192.633179 Z36.913712 E0.187212
G1 F240 X127.5168 Y192.820555 Z37.245658 E0.170563
G1 X126.788169 Y192.885574 Z37.377008 E0.154499
G1 E-1.5
G4 P1500 ; dejar cuajar el ápice del arco
G1 E1.5
G1 X126.061871 Y192.813537 Z37.281886 E0.153004
G1 F480 X125.341866 Y192.615998 Z36.980382 E0.16738
G1 X124.630349 Y192.328395 Z36.534473 E0.184507
G1 X123.926869 Y192.002815 Z36.035444 E0.191643
G1 X123.228188 Y191.697366 Z35.58536 E0.184065
G1 X122.528948 Y191.464338 Z35.276355 E0.166135
G1 X121.823032 Y191.339561 Z35.171927 E0.391535
G1 X121.105269 Y191.335147 Z35.294054 E0.151353
G1 X120.373066 Y191.437067 Z35.618734 E0.167843
G1 X119.627501 Y191.608074 Z36.080854 E0.185775
G1 X118.87356 Y191.795342 Z36.587406 E0.192786
G1 X118.119375 Y191.941264 Z37.036365 E0.184957
G1 F240 X117.374564 Y191.995194 Z37.337394 E0.167372
G1 X116.648029 Y191.923725 Z37.430182 E0.152979
G1 E-1.5
G4 P1500 ; dejar cuajar el ápice del arco
G1 E1.5
G1 X115.945707 Y191.717434 Z37.296678 E0.154674
G1 F480 X115.26882 Y191.392708 Z36.964764 E0.170634
G1 X114.613114 Y190.988305 Z36.502588 E0.186753
G1 X113.969317 Y190.557385 Z36.004736 E0.191429
G1 X113.324844 Y190.156631 Z35.573035 E0.181498
G1 X112.666415 Y189.834711 Z35.295888 E0.162884
G1 X111.983059 Y189.622432 Z35.230326 E0.388368
G1 X111.268824 Y189.52657 Z35.39044 E0.153456
G1 X110.524561 Y189.52864 Z35.744518 E0.171331
G1 X109.758287 Y189.588802 Z36.22148 E0.188043
G1 X108.983965 Y189.654095 Z36.725306 E0.192516
G1 X108.218863 Y189.669292 Z37.154524 E0.182391
G1 F240 X107.479995 Y189.588137 Z37.422805 E0.164273
G1 X106.780378 Y189.382689 Z37.476481 E0.151985
G1 E-1.5
G4 P1500 ; dejar cuajar el ápice del arco
G1 E1.5
G1 X106.125936 Y189.048869 Z37.305444 E0.156803
G1 F480 X105.513776 Y188.607117 Z36.94519 E0.17388
G1 X104.932291 Y188.098052 Z36.469619 E0.188634
G1 X104.363167 Y187.574069 Z35.976038 E0.190757
G1 X103.784978 Y187.088607 Z35.565405 E0.178652
G1 X103.177647 Y186.68529 Z35.321847 E0.415442
G1 X102.526849 Y186.389174 Z35.29558 E0.386701
G1 X101.827413 Y186.201832 Z35.492718 E0.156
G1 X101.084909 Y186.101265 Z35.874035 E0.174768
G1 X100.315017 Y186.046611 Z36.362922 E0.189923
G1 X99.540689 Y185.986629 Z36.86094 E0.191788
G1 X98.787622 Y185.870221 Z37.267795 E0.179568
G1 F240 X98.078948 Y185.656799 Z37.501696 E0.161352
G1 X97.430228 Y185.324419 Z37.515955 E0.151552
G1 E-1.5
G4 P1500 ; dejar cuajar el ápice del arco
G1 E1.5
G1 F480 X96.845846 Y184.874027 Z37.308462 E0.159322
G1 X96.317628 Y184.329008 Z36.922112 E0.17704
;WIDTH:1.250
; LINE_WIDTH: 1.250
;Z:37.610
;HEIGHT:2.295
G1 X96.25767 Y184.43561 Z37.017281 E0.032215
G1 X95.773647 Y183.820993 Z36.502504 E0.194675
G1 X95.299474 Y183.202528 Z35.987477 E0.194182
G1 X94.804031 Y182.631618 Z35.577562 E0.178753
G1 X94.260328 Y182.147947 Z35.356785 E0.411009
G1 X93.651342 Y181.771598 Z35.370788 E0.386997
G1 X92.973974 Y181.49926 Z35.617559 E0.160198
G1 X92.240203 Y181.305233 Z36.047846 E0.181367
G1 X91.475112 Y181.146966 Z36.575151 E0.19594
G1 X90.712098 Y180.973941 Z37.093284 E0.19507
G1 F240 X89.98617 Y180.73804 Z37.497917 E0.179587
G1 X89.326704 Y180.403273 Z37.707757 E0.159807
G1 E-1.5
G4 P1500 ; dejar cuajar el ápice del arco
G1 E1.5
G1 X88.751144 Y179.95289 Z37.681049 E0.152023
G1 E-1.5
G4 P1500 ; dejar cuajar el ápice del arco
G1 E1.5
G1 F480 X88.261015 Y179.39248 Z37.424043 E0.163726
G1 X87.841143 Y178.748477 Z36.989734 E0.183551
G1 X87.46234 Y178.06247 Z36.4671 E0.195806
G1 X87.087105 Y177.382526 Z35.963045 E0.192462
G1 X86.677201 Y176.753348 Z35.580705 E0.175168
G1 X86.201608 Y176.207292 Z35.398509 E0.403574
G1 X85.643176 Y175.758055 Z35.454268 E0.388531
G1 X85.002563 Y175.39826 Z35.737497 E0.163689
G1 X84.298565 Y175.101372 Z36.191543 E0.184754
G1 X83.564689 Y174.827457 Z36.725086 E0.197019
G1 X82.842568 Y174.531554 Z37.230671 E0.193295
G1 F240 X82.173546 Y174.172896 Z37.606515 E0.17608
G1 X81.590115 Y173.723086 Z37.77717 E0.157196
G1 E-1.5
G4 P1500 ; dejar cuajar el ápice del arco
G1 E1.5
G1 X81.108999 Y173.1716 Z37.708832 E0.152797
G1 F480 X80.727354 Y172.527532 Z37.416202 E0.167092
G1 X80.422945 Y171.817328 Z36.959504 E0.186583
G1 X80.158341 Y171.079049 Z36.43226 E0.196446
G1 X79.88835 Y170.354403 Z35.942311 E0.190301
G1 X79.569214 Y169.680227 Z35.589928 E0.171486
G1 X79.167688 Y169.081167 Z35.447461 E0.397313
G1 X78.668119 Y168.565004 Z35.544659 E0.150684
G1 X78.076029 Y168.121524 Z35.862624 E0.167382
G1 X77.417379 Y167.725076 Z36.337655 E0.187854
G1 X76.733599 Y167.340186 Z36.874172 E0.197596
G1 X76.073331 Y166.929027 Z37.364116 E0.191093
G1 F240 X75.482542 Y166.459153 Z37.70888 E0.172509
G1 X74.995017 Y165.909934 Z37.839323 E0.155051
G1 E-1.5
G4 P1500 ; dejar cuajar el ápice del arco
G1 E1.5
G1 X74.625206 Y165.276395 Z37.729802 E0.154183
G1 F480 X74.364951 Y164.569776 Z37.403377 E0.17061
G1 X74.184815 Y163.81477 Z36.927131 E0.189303
G1 X74.039824 Y163.044119 Z36.398553 E0.196585
G1 X73.878497 Y162.291739 Z35.925755 E0.187739
G1 X73.653349 Y161.585827 Z35.605527 E0.167794
G1 X73.330723 Y160.94336 Z35.503694 E0.392441
G1 X72.897915 Y160.367052 Z35.641755 E0.152547
G1 X72.366077 Y159.845327 Z35.992522 E0.171177
G1 X71.768257 Y159.355195 Z36.485635 E0.19061
G1 X71.152904 Y158.867346 Z37.021843 E0.197665
G1 X70.574116 Y158.352353 Z37.493152 E0.188508
G1 F240 X70.080617 Y157.786659 Z37.804735 E0.16896
G1 X69.705697 Y157.157135 Z37.894187 E0.153444
G1 E-1.5
G4 P1500 ; dejar cuajar el ápice del arco
G1 E1.5
G1 X69.460208 Y156.463339 Z37.744183 E0.156131
G1 F480 X69.330092 Y155.717087 Z37.386001 E0.174184
G1 X69.278999 Y154.939548 Z36.893168 E0.191659
G1 X69.25551 Y154.15654 Z36.36654 E0.196219
G1 X69.203533 Y153.393097 Z35.913834 E0.184821
G1 X69.073761 Y152.668424 Z35.627761 E0.426885
G1 X68.833856 Y151.992288 Z35.567214 E0.389136
G1 X68.475239 Y151.363512 Z35.745314 E0.154959
G1 X68.015081 Y150.770783 Z36.126744 E0.174982
G1 X67.493016 Y150.19551 Z36.634923 E0.192971
G1 X66.963228 Y149.616019 Z37.167543 E0.197227
G1 X66.483481 Y149.012182 Z37.617335 E0.185591
G1 F240 X66.103333 Y148.369454 Z37.893842 E0.165528
G1 X65.853928 Y147.681549 Z37.941776 E0.152433
G1 E-1.5
G4 P1500 ; dejar cuajar el ápice del arco
G1 E1.5
G1 X65.741495 Y146.951245 Z37.752241 E0.158574
G1 F480 X65.745897 Y146.189262 Z37.364535 E0.177725
G1 X65.824574 Y145.411556 Z36.858179 E0.193605
G1 X65.921106 Y144.635699 Z36.336774 E0.195352
G1 X65.976665 Y143.877141 Z35.906975 E0.181606
G1 X65.942037 Y143.146183 Z35.656845 E0.417976
G1 X65.787747 Y142.44623 Z35.637983 E0.387525
G1 X65.510192 Y141.77363 Z35.855048 E0.157841
G1 X65.132527 Y141.119027 Z36.264817 E0.178706
G1 X64.700068 Y140.46982 Z36.784955 E0.194898
G1 X64.271146 Y139.813138 Z37.310727 E0.19629
G1 X63.905251 Y139.138624 Z37.736255 E0.182401
G1 F240 X63.65089 Y138.440444 Z37.976006 E0.162308
G1 X63.535641 Y137.718133 Z37.982152 E0.152056
G1 E-1.5
G4 P1500 ; dejar cuajar el ápice del arco
G1 E1.5
G1 F480 X63.560445 Y136.97617 Z37.754278 E0.161429
G1 X63.699326 Y136.22249 Z37.339464 E0.181149
G1 X63.904606 Y135.466348 Z36.822732 E0.195105
G1 X64.116577 Y134.716078 Z36.309789 E0.193999
G1 X64.275654 Y133.977288 Z35.905573 E0.178157
G1 X64.334537 Y133.251882 Z35.692955 E0.409797
G1 X64.267891 Y132.538077 Z35.71592 E0.387672
G1 X64.077556 Y131.83133 Z35.970637 E0.1611
G1 X63.792224 Y131.12589 Z36.406242 E0.18227
G1 X63.461626 Y130.416516 Z36.935157 E0.196358
G1 X63.146415 Y129.699918 Z37.450865 E0.194875
G1 F240 X62.905817 Y128.975552 Z37.849531 E0.179006
G1 X62.785553 Y128.245578 Z38.051073 E0.159394
G1 E-1.5
G4 P1500 ; dejar cuajar el ápice del arco
G1 E1.5
G1 X62.808512 Y127.514035 Z38.015419 E0.152325
G1 E-1.5
G4 P1500 ; dejar cuajar el ápice del arco
G1 E1.5
G1 F480 X62.970087 Y126.785473 Z37.750637 E0.164605
G1 X63.239109 Y126.063446 Z37.311297 E0.18438
G1 X63.56421 Y125.349279 Z36.787401 E0.196131
G1 X63.884297 Y124.64149 Z36.286108 E0.192183
G1 X64.141003 Y123.936022 Z35.909992 E0.174547
G1 X64.290575 Y123.227285 Z35.736222 E0.402602
G1 X64.312762 Y122.509733 Z35.800896 E0.389577
G1 X64.214904 Y121.779583 Z36.091721 E0.164639
G1 X64.030382 Y121.0362 Z36.550502 E0.185598
G1 X63.811772 Y120.282755 Z37.084958 E0.19733
G1 X63.620097 Y119.525908 Z37.587448 E0.193006
G1 F240 X63.512375 Y118.774524 Z37.956819 E0.175482
G1 X63.530035 Y118.037677 Z38.118935 E0.156879
G1 E-1.5
G4 P1500 ; dejar cuajar el ápice del arco
G1 E1.5
G1 X63.690523 Y117.322382 Z38.041726 E0.153232
G1 F480 X63.983833 Y116.631613 Z37.741693 E0.168009
G1 X64.374635 Y115.963125 Z37.280562 E0.187347
G1 X64.80956 Y115.309442 Z36.752756 E0.196664
G1 X65.22812 Y114.659111 Z36.266229 E0.189934
G1 X65.575045 Y113.999019 Z35.920558 E0.170859
G1 X65.811485 Y113.317316 Z35.786731 E0.396628
G1 X65.922837 Y112.606292 Z35.892742 E0.15122
G1 X65.921576 Y111.864537 Z36.217906 E0.168358
G1 X65.844579 Y111.097818 Z36.69706 E0.188627
G1 X65.745475 Y110.318395 Z37.233788 E0.197799
G1 X65.683654 Y109.542799 Z37.719987 E0.190721
G1 F240 X65.712147 Y108.788494 Z38.057811 E0.171911
G1 X65.866888 Y108.070088 Z38.179527 E0.154845
G1 E-1.5
G4 P1500 ; dejar cuajar el ápice del arco
G1 E1.5
G1 X66.159526 Y107.395921 Z38.061264 E0.154742
G1 F480 X66.575216 Y106.765825 Z37.727855 E0.171542
G1 X67.075826 Y106.170614 Z37.247802 E0.189992
G1 X67.60785 Y105.593533 Z36.719365 E0.196695
G1 X68.113391 Y105.01345 Z36.250629 E0.187294
G1 X68.541944 Y104.409197 Z35.937559 E0.167181
G1 X68.860591 Y103.764159 Z35.844526 E0.392084
G1 X69.060519 Y103.070131 Z35.991245 E0.153205
G1 X69.158592 Y102.329555 Z36.34877 E0.17216
G1 X69.193679 Y101.555582 Z36.845368 E0.1913
G1 X69.218553 Y100.769818 Z37.381083 E0.197759
G1 X69.289031 Y99.998156 Z37.848019 E0.188063
G1 F240 X69.45261 Y99.265472 Z38.152239 E0.168384
G1 X69.738905 Y98.590312 Z38.232829 E0.153364
G1 E-1.5
G4 P1500 ; dejar cuajar el ápice del arco
G1 E1.5
G1 X70.153828 Y97.980673 Z38.074266 E0.1568
G1 F480 X70.678632 Y97.431855 Z37.709563 E0.175114
G1 X71.273997 Y96.92693 Z37.213571 E0.192262
G1 X71.888226 Y96.439812 Z36.687788 E0.196221
G1 X72.46788 Y95.940418 Z36.239758 E0.18431
G1 X72.96862 Y95.400858 Z35.961244 E0.425379
G1 X73.364084 Y94.80142 Z35.909604 E0.389138
G1 X73.650986 Y94.135042 Z36.096152 E0.155723
G1 X73.849468 Y93.409284 Z36.483858 E0.175951
G1 X73.998692 Y92.645283 Z36.994864 E0.193569
G1 X74.148619 Y91.87382 Z37.526289 E0.197213
G1 X74.349723 Y91.129216 Z37.971108 E0.185084
G1 F240 X74.64274 Y90.442283 Z38.239873 E0.164992
G1 X75.050544 Y89.833781 Z38.278867 E0.152488
G1 E-1.5
G4 P1500 ; dejar cuajar el ápice del arco
G1 E1.5
G1 X75.573779 Y89.309768 Z38.081007 E0.159335
G1 F480 X76.191062 Y88.859896 Z37.687283 E0.178633
G1 X76.863664 Y88.459078 Z37.178436 E0.194114
G1 X77.543628 Y88.072294 Z36.658573 E0.195249
G1 X78.183629 Y87.661617 Z36.234036 E0.181042
G1 X78.746545 Y87.194039 Z35.991821 E0.416614
G1 X79.212781 Y86.648491 Z35.981918 E0.387901
G1 X79.583913 Y86.020571 Z36.20717 E0.15869
G1 X79.881968 Y85.323911 Z36.622691 E0.179645
G1 X80.144565 Y84.587836 Z37.14498 E0.195398
G1 X80.416984 Y83.851688 Z37.668864 E0.196174
G1 X80.742829 Y83.156927 Z38.088849 E0.181847
G1 F240 X81.155226 Y82.538598 Z38.320527 E0.161833
G1 E-1.5
G4 P1500 ; dejar cuajar el ápice del arco
G1 E1.5
G1 X81.670311 Y82.017929 Z38.317709 E0.152249
G1 E-1.5
G4 P1500 ; dejar cuajar el ápice del arco
G1 E1.5
G1 F480 X82.284311 Y81.597623 Z38.081797 E0.162264
G1 X82.974721 Y81.260889 Z37.661505 E0.182019
G1 X83.70526 Y80.974498 Z37.142966 E0.195513
G1 X84.433515 Y80.695311 Z36.632253 E0.193796
G1 X85.119649 Y80.379006 Z36.233852 E0.177555
G1 X85.7344 Y79.989223 Z36.029454 E0.408634
G1 X86.264732 Y79.505259 Z36.061375 E0.388427
G1 X86.716067 Y78.926664 Z36.323968 E0.162014
G1 X87.110708 Y78.273745 Z36.764768 E0.183161
G1 X87.482877 Y77.583778 Z37.295144 E0.196755
G1 X87.871467 Y76.903649 Z37.808283 E0.19466
G1 F240 X88.31202 Y76.280368 Z38.20087 E0.178421
G1 X88.829616 Y75.751389 Z38.394058 E0.159001
G1 E-1.5
G4 P1500 ; dejar cuajar el ápice del arco
G1 E1.5
G1 X89.43407 Y75.336735 Z38.34947 E0.152657
G1 E-1.5
G4 P1500 ; dejar cuajar el ápice del arco
G1 E1.5
G1 F480 X90.118371 Y75.034592 Z38.076987 E0.165494
G1 X90.860573 Y74.821325 Z37.632743 E0.185196
G1 X91.628675 Y74.656009 Z37.107733 E0.196434
G1 X92.387394 Y74.488587 Z36.609345 E0.191886
G1 X93.105395 Y74.270043 Z36.239562 E0.173925
G1 X93.761496 Y73.962516 Z36.074267 E0.401689
G1 X94.34861 Y73.547259 Z36.147839 E0.150269
G1 X94.874691 Y73.02878 Z36.446179 E0.165596
G1 X95.360592 Y72.434251 Z36.909566 E0.186428
G1 X95.835364 Y71.808244 Z37.444785 E0.197619
G1 X96.330065 Y71.20381 Z37.94404 E0.1927
G1 F240 X96.871369 Y70.671705 Z38.306834 E0.174883
G1 X97.476306 Y70.249944 Z38.460366 E0.156585
G1 E-1.5
G4 P1500 ; dejar cuajar el ápice del arco
G1 E1.5
G1 X98.149175 Y69.955848 Z38.374309 E0.153695
G1 F480 X98.881154 Y69.782249 Z38.066959 E0.16893
G1 X99.652613 Y69.698683 Z37.601528 E0.188097
G1 X100.437536 Y69.657389 Z37.07331 E0.19686
G1 X101.209058 Y69.602919 Z36.590344 E0.189551
G1 X101.944948 Y69.483441 Z36.251484 E0.170234
G1 X102.631898 Y69.261407 Z36.126336 E0.396012
G1 X103.267797 Y68.92141 Z36.241131 E0.151784
G1 X103.86161 Y68.47356 Z36.573403 E0.169338
G1 X104.430986 Y67.951667 Z37.056546 E0.189383
G1 X104.998208 Y67.406537 Z37.593333 E0.197979
G1 X105.585388 Y66.895724 Z38.075651 E0.190333
G1 F240 X106.209945 Y66.471807 Z38.40644 E0.171318
G1 X106.881286 Y66.171591 Z38.519396 E0.154667
G1 E-1.5
G4 P1500 ; dejar cuajar el ápice del arco
G1 E1.5
G1 X107.59932 Y66.008446 Z38.392425 E0.155325
G1 F480 X108.355021 Y65.969401 Z38.052129 E0.172476
G1 X109.132801 Y66.017601 Z37.568405 E0.190663
G1 X109.914107 Y66.099685 Z37.040261 E0.196782
G1 X110.681422 Y66.156594 Z36.57572 E0.186835
G1 X111.421785 Y66.135618 Z36.269897 E0.166574
G1 X112.129145 Y66.001222 Z36.185693 E0.391803
G1 X112.805098 Y65.742423 Z36.341029 E0.153887
G1 X113.457969 Y65.375183 Z36.705211 E0.173141
G1 X114.100538 Y64.939303 Z37.205156 E0.191971
G1 X114.746979 Y64.490416 Z37.740227 E0.19783
G1 X115.409744 Y64.088708 Z38.20266 E0.187604
G1 F240 X116.097051 Y63.786642 Z38.49943 E0.167815
G1 X116.811493 Y63.618209 Z38.571138 E0.153313
G1 E-1.5
G4 P1500 ; dejar cuajar el ápice del arco
G1 E1.5
G1 X117.549987 Y63.591916 Z38.404062 E0.15749
G1 F480 X118.304978 Y63.688942 Z38.032942 E0.17604
G1 X119.066516 Y63.866886 Z37.533933 E0.192845
G1 X119.824698 Y64.068345 Z37.009144 E0.196201
G1 X120.571857 Y64.232585 Z36.565918 E0.183787
G1 X121.304039 Y64.307928 Z36.295043 E0.423901
G1 X122.021463 Y64.262331 Z36.252327 E0.389219
G1 X122.727943 Y64.089968 Z36.447272 E0.156505
G1 X123.429496 Y63.812485 Z36.841143 E0.176915
G1 X124.132532 Y63.474637 Z37.354832 E0.194147
G1 X124.842123 Y63.135199 Z37.884914 E0.197178
G1 X125.56077 Y62.855005 Z38.324636 E0.184567
G1 F240 X126.287975 Y62.684545 Z38.585583 E0.164469
G1 X127.020669 Y62.65366 Z38.615626 E0.152572
G1 E-1.5
G4 P1500 ; dejar cuajar el ápice del arco
G1 E1.5
G1 X127.754346 Y62.765447 Z38.409499 E0.160114
G1 F480 X128.484571 Y62.995615 Z38.00987 E0.179534
G1 X129.208413 Y63.297429 Z37.498677 E0.194601
G1 X129.925427 Y63.611239 Z36.980505 E0.195125
G1 X130.637868 Y63.876631 Z36.561351 E0.180469
G1 X131.350105 Y64.044742 Z36.32712 E0.415292
G1 X132.067338 Y64.088199 Z36.326181 E0.388359
G1 X132.793983 Y64.006677 Z36.559557 E0.159554
G1 X133.53215 Y63.826921 Z36.980715 E0.180574
G1 X134.28065 Y63.597266 Z37.505007 E0.195876
G1 X135.034846 Y63.377748 Z38.026857 E0.196035
G1 X135.787448 Y63.22786 Z38.441181 E0.181286
G1 F240 X136.53012 Y63.19444 Z38.664722 E0.161375
G1 E-1.5
G4 P1500 ; dejar cuajar el ápice del arco
G1 E1.5
G1 X137.255549 Y63.302165 Z38.65294 E0.152472
G1 E-1.5
G4 P1500 ; dejar cuajar el ápice del arco
G1 E1.5
G1 F480 X137.959455 Y63.548594 Z38.409059 E0.163112
G1 X138.64205 Y63.904741 Z37.983409 E0.182878
G1 X139.3085 Y64.321059 Z37.46321 E0.195898
G1 X139.96821 Y64.73759 Z36.954874 E0.193573
G1 X140.632992 Y65.096201 Z36.562402 E0.176947
G1 X141.314477 Y65.352397 Z36.366283 E0.407521
G1 X142.021333 Y65.484304 Z36.407152 E0.389262
G1 X142.75693 Y65.497017 Z36.677547 E0.162938
G1 X143.518047 Y65.421421 Z37.123419 E0.18404
G1 X144.295001 Y65.307783 Z37.655107 E0.197128
G1 X145.073272 Y65.21542 Z38.165533 E0.194425
G1 F240 X145.836366 Y65.200585 Z38.551931 E0.177832
G1 X146.569337 Y65.305053 Z38.736712 E0.158628
G1 E-1.5
G4 P1500 ; dejar cuajar el ápice del arco
G1 E1.5
G1 X147.262224 Y65.547707 Z38.683203 E0.153016
G1 E-1.5
G4 P1500 ; dejar cuajar el ápice del arco
G1 E1.5
G1 F480 X147.912603 Y65.920851 Z38.403097 E0.16639
G1 X148.526642 Y66.391942 Z37.954076 E0.185998
G1 X149.118314 Y66.91037 Z37.428103 E0.196714
G1 X149.706831 Y67.417867 Z36.932762 E0.19157
G1 X150.31277 Y67.860392 Z36.569418 E0.1733
G1 X150.953663 Y68.199071 Z36.412646 E0.400838
G1 X151.639996 Y68.41796 Z36.495096 E0.15073
G1 X152.372514 Y68.527086 Z36.800867 E0.166559
G1 X153.1415 Y68.560179 Z37.268731 E0.187242
G1 X153.928271 Y68.567606 Z37.804562 E0.197884
G1 X154.708697 Y68.605983 Z38.300441 E0.192376
G1 F240 X155.458066 Y68.726621 Z38.656556 E0.174285
G1 X156.156317 Y68.96515 Z38.801463 E0.156315
G1 E-1.5
G4 P1500 ; dejar cuajar el ápice del arco
G1 E1.5
G1 X156.792523 Y69.334442 Z38.706583 E0.154184
G1 F480 X157.367627 Y69.822228 Z38.392004 E0.169854
G1 X157.894769 Y70.393848 Z37.922405 E0.18883
G1 X158.397023 Y70.999519 Z37.393927 E0.197032
G1 X158.902928 Y71.584604 Z36.91466 E0.189151
G1 X159.44066 Y72.100738 Z36.582708 E0.169612
G1 X160.032058 Y72.515556 Z36.466275 E0.395466
G1 X160.687741 Y72.819055 Z36.589824 E0.152374
G1 X161.40442 Y73.025327 Z36.929111 E0.170318
G1 X162.165044 Y73.169385 Z37.416107 E0.19012
G1 X162.941853 Y73.299776 Z37.952803 E0.198135
G1 X163.701807 Y73.468541 Z38.431104 E0.189929
G1 F240 X164.413309 Y73.720611 Z38.754766 E0.170728
G1 X165.052861 Y74.084785 Z38.858931 E0.154515
G1 E-1.5
G4 P1500 ; dejar cuajar el ápice del arco
G1 E1.5
G1 X165.610239 Y74.568123 Z38.723289 E0.155932
G1 F480 X166.091053 Y75.154826 Z38.376202 E0.173408
G1 X166.516066 Y75.809777 Z37.888946 E0.191315
G1 X166.917319 Y76.485957 Z37.361245 E0.196846
G1 X167.331774 Y77.134146 Z36.901033 E0.186361
G1 X167.793736 Y77.712925 Z36.602545 E0.165974
G1 X168.327616 Y78.196925 Z36.527194 E0.391599
G1 X168.94274 Y78.58145 Z36.691105 E0.154599
G1 X169.630317 Y78.883837 Z37.061842 E0.174126
G1 X170.365384 Y79.13878 Z37.564993 E0.192606
G1 X171.111456 Y79.391085 Z38.09927 E0.197835
G1 X171.827765 Y79.686427 Z38.557069 E0.187077
G1 F240 X172.477603 Y80.062075 Z38.846307 E0.167215
G1 X173.03601 Y80.539506 Z38.909114 E0.15328
G1 E-1.5
G4 P1500 ; dejar cuajar el ápice del arco
G1 E1.5
G1 X173.495212 Y81.120387 Z38.733572 E0.158191
G1 F480 X173.866601 Y81.786653 Z38.356142 E0.176914
G1 X174.178792 Y82.504587 Z37.854258 E0.193311
G1 X174.47208 Y83.23196 Z37.330614 E0.196032
G1 X174.790479 Y83.926636 Z36.892319 E0.183126
G1 X175.172286 Y84.555455 Z36.629161 E0.422279
G1 X175.642213 Y85.100543 Z36.595382 E0.389404
G1 X176.206042 Y85.562501 Z36.798669 E0.157305
G1 X176.849081 Y85.959782 Z37.198595 E0.177764
G1 X177.538818 Y86.324471 Z37.714824 E0.194475
G1 X178.231317 Y86.695402 Z38.243413 E0.19683
G1 X178.880066 Y87.110108 Z38.677914 E0.183785
G1 F240 X179.445514 Y87.597251 Z38.930971 E0.163824
G1 X179.903314 Y88.171067 Z38.952056 E0.152657
G1 E-1.5
G4 P1500 ; dejar cuajar el ápice del arco
G1 E1.5
G1 F480 X180.249372 Y88.829045 Z38.737722 E0.160836
G1 X180.5016 Y89.552459 Z38.332301 E0.180183
G1 X180.696047 Y90.311022 Z37.818909 E0.19465
G1 X180.879628 Y91.069424 Z37.302575 E0.194503
G1 X181.100714 Y91.794548 Z36.888925 E0.17952
G1 X181.399198 Y92.462076 Z36.662745 E0.413683
G1 X181.79819 Y93.061082 Z36.670771 E0.389019
G1 X182.299068 Y93.595755 Z36.912206 E0.160354
G1 X182.880945 Y94.083983 Z37.338882 E0.181103
G1 X183.50471 Y94.553214 Z37.865031 E0.195679
G1 X184.120838 Y95.034531 Z38.384699 E0.195153
G1 F240 X184.679189 Y95.556354 Z38.793247 E0.180142
G1 X185.139933 Y96.138392 Z39.008587 E0.160674
G1 E-1.5
G4 P1500 ; dejar cuajar el ápice del arco
G1 E1.5
G1 X185.481422 Y96.788222 Z38.987847 E0.152661
G1 E-1.5
G4 P1500 ; dejar cuajar el ápice del arco
G1 E1.5
G1 F480 X185.704783 Y97.500235 Z38.736068 E0.163714
G1 X185.833845 Y98.257331 Z38.305181 E0.183062
G1 X185.910413 Y99.034876 Z37.783471 E0.195295
G1 X185.985813 Y99.806018 Z37.277656 E0.192349
G1 X186.110443 Y100.547218 Z36.891226 E0.175681
G1 X186.323443 Y101.242841 Z36.703443 E0.406086
G1 X186.644616 Y101.887929 Z36.75325 E0.390407
G1 X187.070252 Y102.488661 Z37.031371 E0.163602
G1 X187.573778 Y103.060495 Z37.48219 E0.184034
G1 X188.111085 Y103.624532 Z38.015041 E0.196194
G1 X188.629428 Y104.202906 Z38.522609 E0.192868
G1 F240 X189.078183 Y104.814204 Z38.902711 E0.176333
G1 X189.419191 Y105.469869 Z39.079032 E0.157941
G1 E-1.5
G4 P1500 ; dejar cuajar el ápice del arco
G1 E1.5
G1 X189.634593 Y106.172264 Z39.01662 E0.153272
G1 F480 X189.730533 Y106.914717 Z38.728972 E0.166714
G1 X189.735972 Y107.683429 Z38.275301 E0.185553
G1 X189.696824 Y108.460727 Z37.748516 E0.195362
G1 X189.666619 Y109.228923 Z37.256363 E0.189754
G1 X189.695562 Y109.973932 Z36.899561 E0.17182
G1 X189.820334 Y110.687883 Z36.751358 E0.399829
G1 X190.056526 Y111.370295 Z36.842665 E0.151309
G1 X190.395447 Y112.027603 Z37.155781 E0.166944
G1 X190.805869 Y112.671279 Z37.62799 E0.186596
G1 X191.240376 Y113.315031 Z38.164283 E0.1962
G1 X191.645027 Y113.971743 Z38.656647 E0.19023
G1 F240 X191.970346 Y114.650829 Z39.005984 E0.172553
G1 X192.181403 Y115.356534 Z39.142225 E0.155716
G1 E-1.5
G4 P1500 ; dejar cuajar el ápice del arco
G1 E1.5
G1 X192.264925 Y116.087492 Z39.038551 E0.154448
G1 F480 X192.231968 Y116.837529 Z38.716833 E0.169791
G1 X192.115644 Y117.597435 Z38.243201 E0.187701
G1 X191.96437 Y118.357242 Z37.714613 E0.19496
G1 X191.831934 Y119.10847 Z37.239182 E0.186848
G1 X191.766547 Y119.845811 Z36.914233 E0.168051
G1 X191.801036 Y120.567941 Z36.806549 E0.39505
G1 X191.946189 Y121.277324 Z36.938818 E0.15301
G1 X192.188622 Y121.979164 Z37.285025 E0.170308
G1 X192.493566 Y122.679806 Z37.775737 E0.188777
G1 X192.812013 Y123.385028 Z38.312191 E0.195727
G1 X193.090734 Y124.098646 Z38.78634 E0.187291
G1 F240 X193.283106 Y124.821758 Z39.102785 E0.168884
G1 X193.358615 Y125.552772 Z39.19813 E0.154049
G1 E-1.5
G4 P1500 ; dejar cuajar el ápice del arco
G1 E1.5
G1 X193.308959 Y126.288146 Z39.053858 E0.156122
G1 F480 X193.149637 Y127.023617 Z38.70008 E0.172857
G1 X192.916687 Y127.755543 Z38.209431 E0.189466
G1 X192.659256 Y128.481998 Z37.682324 E0.1941
G1 X192.429538 Y129.203314 Z37.226572 E0.183682
G1 X192.272149 Y129.92194 Z36.935505 E0.16446
G1 X192.215098 Y130.641642 Z36.86903 E0.391853
G1 X192.264203 Y131.366289 Z37.041469 E0.155179
G1 X192.402043 Y132.098537 Z37.418658 E0.173605
G1 X192.591639 Y132.838805 Z37.924873 E0.190544
G1 X192.784159 Y133.584829 Z38.458205 E0.19479
G1 X192.928859 Y134.331959 Z38.911243 E0.184106
G1 F240 X192.983433 Y135.074165 Z39.192869 E0.16541
G1 X192.922534 Y135.805529 Z39.246757 E0.15297
G1 E-1.5
G4 P1500 ; dejar cuajar el ápice del arco
G1 E1.5
G1 X192.742795 Y136.521859 Z39.062801 E0.158214
G1 F480 X192.46333 Y137.222001 Z38.679169 E0.175833
G1 X192.121664 Y137.908501 Z38.174554 E0.190822
G1 X191.765962 Y138.587375 Z37.652203 E0.192803
G1 X191.445155 Y139.266983 Z37.218964 E0.180323
G1 X191.198803 Y139.956177 Z36.963599 E0.418962
G1 X191.049528 Y140.662259 Z36.938767 E0.390287
G1 X190.998776 Y141.389112 Z37.150341 E0.157719
G1 X191.026234 Y142.135839 Z37.55621 E0.176766
G1 X191.094304 Y142.89654 Z38.074833 E0.191908
G1 X191.155894 Y143.661208 Z38.601781 E0.193468
G1 X191.16407 Y144.417645 Z39.030938 E0.180797
G1 F240 X191.08158 Y145.154036 Z39.276035 E0.162243
G1 X190.888319 Y145.861616 Z39.288158 E0.152497
G1 E-1.5
G4 P1500 ; dejar cuajar el ápice del arco
G1 E1.5
G1 F480 X190.585238 Y146.536843 Z39.065678 E0.160655
G1 X190.19393 Y147.182537 Z38.654582 E0.178706
G1 X189.75201 Y147.807669 Z38.139137 E0.191851
G1 X189.305062 Y148.425689 Z37.624789 E0.191231
G1 X188.897906 Y149.052036 Z37.21676 E0.176948
G1 X188.565276 Y149.700791 Z36.998696 E0.411288
G1 X188.324877 Y150.381508 Z37.015687 E0.390289
G1 X188.173983 Y151.096854 Z37.265114 E0.160577
G1 X188.090219 Y151.841623 Z37.697188 E0.179832
G1 X188.036333 Y152.603408 Z38.225046 E0.192984
G1 X187.967923 Y153.364873 Z38.742386 E0.191894
G1 F240 X187.842537 Y154.107202 Z39.145043 E0.177476
G1 X187.628377 Y154.814086 Z39.352124 E0.15946
G1 E-1.5
G4 P1500 ; dejar cuajar el ápice del arco
G1 E1.5
G1 X187.310518 Y155.475271 Z39.322432 E0.152627
G1 E-1.5
G4 P1500 ; dejar cuajar el ápice del arco
G1 E1.5
G1 F480 X186.893239 Y156.088777 Z39.062826 E0.163405
G1 X186.399597 Y156.661992 Z38.626826 E0.181502
G1 X185.866344 Y157.210421 Z38.103755 E0.192635
G1 X185.336307 Y157.754732 Z37.600605 E0.189426
G1 X184.849645 Y158.316586 Z37.220327 E0.173565
G1 X184.435746 Y158.914075 Z37.040934 E0.404632
G1 X184.107418 Y159.557738 Z37.099666 E0.391818
G1 X183.85853 Y160.248024 Z37.385436 E0.163695
G1 X183.665517 Y160.974789 Z37.841075 E0.182771
G1 X183.492449 Y161.719038 Z38.374939 E0.193768
G1 X183.298666 Y162.456687 Z38.879508 E0.190098
G1 F240 X183.046644 Y163.163142 Z39.253206 E0.1742
G1 X182.709736 Y163.818525 Z39.42102 E0.157107
G1 E-1.5
G4 P1500 ; dejar cuajar el ápice del arco
G1 E1.5
G1 X182.277456 Y164.412012 Z39.349722 E0.153346
G1 F480 X181.757389 Y164.944396 Z39.054615 E0.166429
G1 X181.173399 Y165.428298 Z38.596425 E0.184195
G1 X180.560556 Y165.885898 Z38.068977 E0.193132
G1 X179.95787 Y166.344592 Z37.580153 E0.187386
G1 X179.400334 Y166.831416 Z37.229996 E0.170211
G1 X178.911906 Y167.367383 Z37.090405 E0.399115
G1 X178.500848 Y167.962901 Z37.190543 E0.151854
G1 X178.15833 Y168.615281 Z37.510918 E0.167021
G1 X177.860519 Y169.308907 Z37.987339 E0.185556
G1 X177.573688 Y170.018111 Z38.523943 E0.194248
G1 X177.261236 Y170.71222 Z39.012654 E0.188039
G1 F240 X176.891167 Y171.361786 Z39.355115 E0.170935
G1 X176.442494 Y171.944716 Z39.482653 E0.155196
G1 E-1.5
G4 P1500 ; dejar cuajar el ápice del arco
G1 E1.5
G1 X175.909293 Y172.451037 Z39.370214 E0.154628
G1 F480 X175.301617 Y172.885249 Z39.041451 E0.169632
G1 X174.643151 Y173.265733 Z38.56392 E0.18667
G1 X173.96615 Y173.621259 Z38.035372 E0.193234
G1 X173.304736 Y173.98525 Z37.563913 E0.185025
G1 X172.687966 Y174.388958 Z37.246061 E0.166873
G1 X172.134071 Y174.854928 Z37.147159 E0.394848
G1 X171.647022 Y175.392135 Z37.28811 E0.153558
G1 X171.216065 Y175.993823 Z37.64114 E0.170456
G1 X170.81826 Y176.63856 Z38.13543 E0.188039
G1 X170.423428 Y177.294356 Z38.671491 E0.194264
G1 X170.000455 Y177.925051 Z39.141357 E0.185634
G1 F240 X169.523625 Y178.497679 Z39.450495 E0.167703
G1 X168.977704 Y178.989332 Z39.536996 E0.153777
G1 E-1.5
G4 P1500 ; dejar cuajar el ápice del arco
G1 E1.5
G1 X168.360763 Y179.392053 Z39.384134 E0.156414
G1 F480 X167.684228 Y179.714742 Z39.023767 E0.172886
G1 X166.970214 Y179.981609 Z38.529865 E0.188809
G1 X166.246765 Y180.227433 Z38.003502 E0.192873
G1 X165.542019 Y180.490571 Z37.55234 E0.182346
G1 X164.878526 Y180.805099 Z37.268778 E0.42542
G1 X164.268864 Y181.193717 Z37.211198 E0.391996
G1 X163.713411 Y181.662884 Z37.392119 E0.155751
G1 X163.200667 Y182.201226 Z37.775654 E0.173899
G1 X162.70998 Y182.7816 Z38.284791 E0.190161
G1 X162.216043 Y183.36643 Z38.817029 E0.193813
G1 X161.694193 Y183.915279 Z39.265178 E0.182931
G1 F240 X161.1254 Y184.393107 Z39.539112 E0.164588
G1 X160.499944 Y184.777542 Z39.584067 E0.152899
G1 E-1.5
G4 P1500 ; dejar cuajar el ápice del arco
G1 E1.5
G1 X159.819061 Y185.06363 Z39.391751 E0.158645
G1 F480 X159.094304 Y185.265075 Z39.002026 E0.176111
G1 X158.344827 Y185.411645 Z38.494824 E0.190573
G1 X157.593225 Y185.543256 Z37.973916 E0.192054
G1 X156.860824 Y185.701884 Z37.545858 E0.179402
G1 X156.163425 Y185.922967 Z37.298359 E0.417429
G1 X155.508345 Y186.228055 Z37.282483 E0.390664
G1 X154.893313 Y186.620222 Z37.502283 E0.158364
G1 X154.307369 Y187.083234 Z37.913982 E0.177269
G1 X153.733505 Y187.584664 Z38.434853 E0.191884
G1 X153.152419 Y188.082373 Z38.960013 E0.192907
G1 X152.546574 Y188.533042 Z39.383706 E0.179986
G1 F240 X151.903698 Y188.901029 Z39.620774 E0.161677
G1 E-1.5
G4 P1500 ; dejar cuajar el ápice del arco
G1 E1.5
G1 X151.219033 Y189.16574 Z39.623932 E0.152594
G1 E-1.5
G4 P1500 ; dejar cuajar el ápice del arco
G1 E1.5
G1 F480 X150.495934 Y189.325968 Z39.393371 E0.161248
G1 X149.744764 Y189.400307 Z38.976718 E0.17923
G1 X148.980409 Y189.423499 Z38.459367 E0.191926
G1 X148.218988 Y189.439449 Z37.947151 E0.190791
G1 X147.474499 Y189.492296 Z37.544861 E0.176253
G1 X146.75609 Y189.617384 Z37.334976 E0.410126
G1 X146.066503 Y189.833954 Z37.360927 E0.390906
G1 X145.401942 Y190.141093 Z37.618277 E0.161316
G1 X144.75331 Y190.517781 Z38.055628 E0.180492
G1 X144.108481 Y190.927055 Z38.585046 E0.193178
G1 X143.455049 Y191.323466 Z39.099914 E0.191562
G1 F240 X142.782947 Y191.662315 Z39.496566 E0.176862
G1 X142.086394 Y191.908793 Z39.695329 E0.159055
G1 E-1.5
G4 P1500 ; dejar cuajar el ápice del arco
G1 E1.5
G1 X141.364779 Y192.045138 Z39.656696 E0.152872
G1 E-1.5
G4 P1500 ; dejar cuajar el ápice del arco
G1 E1.5
G1 F480 X140.621888 Y192.071864 Z39.389338 E0.16422
G1 X139.866436 Y192.016382 Z38.94835 E0.182204
G1 X139.108517 Y191.921501 Z38.424066 E0.192588
G1 X138.356726 Y191.833115 Z37.923725 E0.188623
G1 X137.616962 Y191.793251 Z37.549708 E0.172515
G1 X136.891487 Y191.831625 Z37.378757 E0.403375
G1 X136.178909 Y191.959866 Z37.4464 E0.393023
G1 X135.474986 Y192.169546 Z37.739738 E0.164409
G1 X134.773994 Y192.434321 Z38.200069 E0.182813
G1 X134.070274 Y192.715677 Z38.734797 E0.192812
G1 X133.359579 Y192.97101 Z39.236224 E0.188436
G1 F240 X132.639918 Y193.162354 Z39.603414 E0.172594
G1 X131.911737 Y193.263964 Z39.762674 E0.156382
G1 E-1.5
G4 P1500 ; dejar cuajar el ápice del arco
G1 E1.5
G1 X131.177468 Y193.267223 Z39.682512 E0.153545
G1 F480 X130.440613 Y193.18195 Z39.380031 E0.166524
G1 X129.704646 Y193.033938 Z38.917452 E0.183301
G1 X128.972032 Y192.859296 Z38.389492 E0.191197
G1 X128.243629 Y192.69686 Z37.904136 E0.185059
G1 X127.518591 Y192.580251 Z37.560725 E0.168522
G1 X126.794787 Y192.531218 Z37.429786 E0.398432
G1 X126.069585 Y192.555579 Z37.538729 E0.152528
G1 X125.340781 Y192.642369 Z37.866272 E0.167075
G1 X124.607387 Y192.766747 Z38.346771 E0.184086
G1 X123.870045 Y192.895717 Z38.883536 E0.191474
G1 X123.131011 Y192.994552 Z39.368456 E0.184891
G1 F240 X122.393623 Y193.034108 Z39.703946 E0.168605
G1 X121.66144 Y192.996546 Z39.822745 E0.154391
G1 E-1.5
G4 P1500 ; dejar cuajar el ápice del arco
G1 E1.5
G1 X120.937253 Y192.87855 Z39.701575 E0.154592
G1 F480 X120.222248 Y192.691498 Z39.36586 E0.168742
G1 X119.515544 Y192.458635 Z38.884567 E0.184213
G1 X118.814249 Y192.209938 Z38.356212 E0.189706
G1 X118.114038 Y191.975802 Z37.888859 E0.181643
G1 X117.410149 Y191.780875 Z37.578195 E0.164992
G1 X116.69854 Y191.639297 Z37.488102 E0.395158
G1 X115.976955 Y191.552259 Z37.637698 E0.154254
G1 X115.245607 Y191.508295 Z37.997453 E0.169674
G1 X114.507311 Y191.486133 Z38.495182 E0.18515
G1 X113.767003 Y191.459425 Z39.0307 E0.190016
G1 X113.03074 Y191.402306 Z39.496149 E0.181459
G1 F240 X112.304393 Y191.294613 Z39.797895 E0.165026
G1 X111.592324 Y191.125715 Z39.875527 E0.152982
G1 E-1.5
G4 P1500 ; dejar cuajar el ápice del arco
G1 E1.5
G1 X110.896369 Y190.896223 Z39.714121 E0.155986
G1 F480 X110.215177 Y190.61794 Z39.347267 E0.17092
G1 X109.545014 Y190.308868 Z38.850254 E0.184959
G1 X108.881392 Y189.986658 Z38.324785 E0.188277
G1 X108.217351 Y189.674009 Z37.878342 E0.178581
G1 X107.54603 Y189.389943 Z37.602366 E0.42127
G1 X106.862211 Y189.145966 Z37.553699 E0.393288
G1 X106.163586 Y188.943791 Z37.743052 E0.156226
G1 X105.451462 Y188.775073 Z38.132825 E0.172363
G1 X104.730726 Y188.623187 Z38.644741 E0.186462
G1 X104.009012 Y188.466677 Z39.175736 E0.189078
G1 X103.295235 Y188.28366 Z39.618869 E0.178742
G1 F240 X102.597754 Y188.05628 Z39.885036 E0.162227
G1 X101.922565 Y187.774306 Z39.921047 E0.152288
G1 E-1.5
G4 P1500 ; dejar cuajar el ápice del arco
G1 E1.5
G1 X101.271909 Y187.437144 Z39.720425 E0.157942
G1 F480 X100.64362 Y187.053871 Z39.32472 E0.173701
G1 X100.031379 Y186.641311 Z38.815075 E0.186485
G1 X99.425885 Y186.220545 Z38.295759 E0.187475
G1 X98.81671 Y185.812598 Z37.873004 E0.175927
G1 X98.194475 Y185.434182 Z37.633442 E0.414361
G1 X97.552912 Y185.094362 Z37.626527 E0.392406
G1 X96.890335 Y184.792809 Z37.854494 E0.158574
G1 X96.210212 Y184.519986 Z38.271907 E0.175311
;===== END GCODE - Bambu Lab A1 ===============================
M400 ; esperar a que terminen los movimientos pendientes
G91 ; coordenadas relativas
G1 E-2 F2100 ; retraer
G1 Z20 F1200 ; separar la boquilla de la pieza
G90 ; coordenadas absolutas
G1 X128.0 Y250.0 F6000 ; adelantar la cama para sacar la pieza
M104 S0 ; apagar boquilla
M140 S0 ; apagar cama
M106 S0 ; apagar ventilador
M84 ; desactivar motores
;===== FIN DEL END GCODE ======================================