; Time to print!!!!!
; GCode created with FullControl - tell us what you're printing!
; info@fullcontrol.xyz or tag FullControlXYZ on Twitter/Instagram/LinkedIn/Reddit/TikTok
M83 ; relative extrusion
;===== START GCODE - Bambu Lab A1 =============================
; OJO: secuencia mínima escrita a mano, NO es la de Bambu Studio.
; Si algo no te cierra, reemplazá este bloque por el Machine start
; G-code que exporta Bambu Studio para tu A1.
G90 ; coordenadas absolutas
M83 ; extrusión relativa
M104 S245 ; empezar a calentar la boquilla
M140 S80 ; empezar a calentar la cama
M190 S80 ; esperar temperatura de cama
M109 S245 ; esperar temperatura de boquilla
G28 ; homing de todos los ejes
G29 ; nivelación automática de cama
G92 E0
; --- líneas de purga en el borde frontal de la cama ---
G1 Z0.8 F1200
G1 X20 Y5 F6000
G1 X200.0 Y5 E71.842 F1000 ; primera línea de purga
G1 Y5.8 F6000
G1 X20 Y5.8 E71.842 F1000 ; segunda línea de purga
G1 E-0.4 F2100 ; retracción corta
G1 Z2.8 F1200 ; levantar para no arrastrar
G92 E0
M106 S0 ; ventilador de capa
;===== FIN DEL START GCODE ====================================
M106 S0 ; set fan speed
;Z:0.800
;WIDTH:1.200
; LINE_WIDTH: 1.200
;HEIGHT:0.800
G0 F6000 X134.525 Y128 Z0.8
G1 F420 X134.473302 Y128.999918 E0.399622
G1 X134.269762 Y129.980255 E0.399618
G1 X133.919689 Y130.918295 E0.399614
G1 X133.431714 Y131.792556 E0.399611
G1 X132.817529 Y132.583258 E0.399607
G1 X132.091561 Y133.27274 E0.399603
G1 X131.270602 Y133.845823 E0.3996
G1 X130.373384 Y134.290099 E0.399596
G1 X129.420132 Y134.596161 E0.399593
G1 X128.432087 Y134.757753 E0.39959
G1 X127.431022 Y134.771854 E0.399586
G1 X126.438763 Y134.63868 E0.399583
G1 X125.476713 Y134.361632 E0.39958
G1 X124.565401 Y133.947156 E0.399576
G1 X123.72406 Y133.404559 E0.399573
G1 X122.970245 Y132.745764 E0.39957
G1 X122.319489 Y131.985007 E0.399567
G1 X121.785016 Y131.13851 E0.399564
G1 X121.377507 Y130.224103 E0.399561
G1 X121.104921 Y129.260835 E0.399558
G1 X120.972379 Y128.268561 E0.399555
G1 X120.982106 Y127.267529 E0.399552
G1 X121.133437 Y126.277961 E0.39955
G1 X121.422874 Y125.319651 E0.399547
G1 X121.844203 Y124.411577 E0.399544
G1 X122.388665 Y123.571537 E0.399541
G1 X123.045161 Y122.815824 E0.399539
G1 X123.800515 Y122.158923 E0.399536
G1 X124.639755 Y121.613268 E0.399533
G1 X125.546437 Y121.189027 E0.399531
G1 X126.502975 Y120.893948 E0.399528
G1 X127.491004 Y120.733246 E0.399526
G1 X128.49173 Y120.709546 E0.399523
G1 X129.486294 Y120.822871 E0.399521
G1 X130.456128 Y121.070685 E0.399518
G1 X131.38329 Y121.447975 E0.399516
G1 X132.25079 Y121.947382 E0.399514
G1 X133.042888 Y122.559375 E0.399511
G1 X133.745356 Y123.272453 E0.399509
G1 X134.345723 Y124.073383 E0.399507
G1 X134.833467 Y124.947468 E0.399504
G1 X135.200178 Y125.878828 E0.399502
G1 X135.439673 Y126.850702 E0.3995
G1 X135.548081 Y127.845756 E0.399498
G1 X135.52387 Y128.8464 E0.399496
G1 X135.367844 Y129.835096 E0.399493
G1 X135.083095 Y130.794665 E0.399491
G1 X134.674918 Y131.708576 E0.399489
G1 X134.150688 Y132.561228 E0.399487
G1 X133.519701 Y133.338196 E0.399485
G1 X132.792998 Y134.026465 E0.399483
G1 X131.983145 Y134.614631 E0.399481
G1 X131.104003 Y135.093069 E0.399479
G1 X130.170482 Y135.454068 E0.399477
G1 X129.198273 Y135.69194 E0.399475
G1 X128.203581 Y135.803077 E0.399473
G1 X127.20285 Y135.785992 E0.399471
G1 X126.212491 Y135.641308 E0.39947
G1 X125.248614 Y135.371724 E0.399468
G1 X124.326771 Y134.981939 E0.399466
G1 X123.461714 Y134.478557 E0.399464
G1 X122.667168 Y133.869948 E0.399462
G1 X121.955624 Y133.166098 E0.399461
G1 X121.338162 Y132.378424 E0.399459
G1 X120.824285 Y131.51958 E0.399457
G1 X120.4218 Y130.60324 E0.399455
G1 X120.136712 Y129.643871 E0.399454
G1 X119.973154 Y128.656498 E0.399452
G1 X119.933348 Y127.656467 E0.39945
G1 X120.017596 Y126.6592 E0.399449
G1 X120.224296 Y125.679962 E0.399447
G1 X120.549993 Y124.73363 E0.399445
G1 X120.989454 Y123.834469 E0.399444
G1 X121.535767 Y122.995929 E0.399442
G1 X122.180469 Y122.23045 E0.399441
G1 X122.913687 Y121.549287 E0.399439
G1 X123.724306 Y120.962363 E0.399438
G1 X124.600147 Y120.478131 E0.399436
G1 X125.528156 Y120.103475 E0.399435
G1 X126.494611 Y119.843619 E0.399433
G1 X127.485329 Y119.702081 E0.399432
G1 X128.485872 Y119.680632 E0.39943
G1 X129.481765 Y119.779298 E0.399429
G1 X130.458703 Y119.996379 E0.399427
G1 X131.402751 Y120.32849 E0.399426
G1 X132.300541 Y120.770634 E0.399424
G1 X133.139453 Y121.316288 E0.399423
G1 X133.907785 Y121.957512 E0.399422
G1 X134.594909 Y122.685082 E0.39942
G1 X135.191404 Y123.488627 E0.399419
G1 X135.689174 Y124.35679 E0.399418
G1 X136.081547 Y125.277399 E0.399416
G1 X136.36335 Y126.237637 E0.399415
G1 X136.530963 Y127.224231 E0.399414
G1 X136.582349 Y128.223639 E0.399412
G1 X136.517069 Y129.222233 E0.399411
G1 X136.336265 Y130.206486 E0.39941
G1 X136.042632 Y131.163156 E0.399408
G1 X135.64036 Y132.079457 E0.399407
G1 X135.135064 Y132.943228 E0.399406
G1 X134.533695 Y133.743087 E0.399405
G1 X133.844431 Y134.468572 E0.399403
G1 X133.076557 Y135.11027 E0.399402
G1 X132.240331 Y135.659931 E0.399401
G1 X131.346839 Y136.11056 E0.3994
G1 X130.407843 Y136.456499 E0.399399
G1 X129.435618 Y136.693484 E0.399397
G1 X128.442792 Y136.818682 E0.399396
G1 X127.442179 Y136.830721 E0.399395
G1 X126.446611 Y136.729681 E0.399394
G1 X125.468774 Y136.51709 E0.399393
G1 X124.521052 Y136.195877 E0.399392
G1 X123.61537 Y135.770332 E0.399391
G1 X122.76305 Y135.24603 E0.39939
G1 X121.974673 Y134.629751 E0.399388
G1 X121.25996 Y133.929382 E0.399387
G1 X120.627652 Y133.153809 E0.399386
G1 X120.085418 Y132.312796 E0.399385
G1 X119.639768 Y131.416854 E0.399384
G1 X119.295986 Y130.477106 E0.399383
G1 X119.058076 Y129.505147 E0.399382
G1 X118.928729 Y128.512893 E0.399381
G1 X118.909299 Y127.512434 E0.39938
G1 X118.999804 Y126.51589 E0.399379
G1 X119.198936 Y125.535262 E0.399378
G1 X119.504092 Y124.582288 E0.399377
G1 X119.911417 Y123.668307 E0.399376
G1 X120.41586 Y122.804127 E0.399375
G1 X121.011248 Y121.999902 E0.399374
G1 X121.690372 Y121.26502 E0.399373
G1 X122.445075 Y120.607997 E0.399372
G1 X123.266363 Y120.036388 E0.399371
G1 X124.144515 Y119.556707 E0.39937
G1 X125.069205 Y119.174359 E0.399369
G1 X126.029625 Y118.893593 E0.399368
G1 X127.014616 Y118.717458 E0.399367
G1 X128.012801 Y118.647785 E0.399366
G1 X129.012713 Y118.685171 E0.399366
G1 X130.002932 Y118.828991 E0.399365
G1 X130.972211 Y119.077409 E0.399364
G1 X131.909603 Y119.427416 E0.399363
G1 X132.804583 Y119.874872 E0.399362
G1 X133.647158 Y120.414563 E0.399361
G1 X134.427981 Y121.040271 E0.39936
G1 X135.138445 Y121.744851 E0.399359
G1 X135.770772 Y122.520318 E0.399358
G1 X136.318093 Y123.357947 E0.399358
G1 X136.774516 Y124.248372 E0.399357
G1 X137.135181 Y125.181697 E0.399356
G1 X137.396304 Y126.147608 E0.399355
G1 X137.555209 Y127.135492 E0.399354
G1 X137.610349 Y128.134552 E0.399353
G1 X137.561309 Y129.133928 E0.399353
G1 X137.408804 Y130.122815 E0.399352
G1 X137.154659 Y131.090575 E0.399351
G1 X136.801783 Y132.026857 E0.39935
G1 X136.354122 Y132.921698 E0.399349
G1 X135.816614 Y133.765631 E0.399349
G1 X135.195128 Y134.549779 E0.399348
G1 X134.496387 Y135.265943 E0.399347
G1 X133.727898 Y135.906685 E0.399346
G1 X132.89786 Y136.465397 E0.399345
G1 X132.015077 Y136.936366 E0.399345
G1 X131.088857 Y137.314824 E0.399344
G1 X130.128913 Y137.59699 E0.399343
G1 X129.145258 Y137.780101 E0.399342
G1 X128.1481 Y137.862431 E0.399342
G1 X127.147733 Y137.843304 E0.399341
G1 X126.154434 Y137.723084 E0.39934
G1 X125.178355 Y137.503173 E0.399339
G1 X124.229421 Y137.185979 E0.399339
G1 X123.317232 Y136.774887 E0.399338
G1 X122.450968 Y136.274219 E0.399337
G1 X121.639301 Y135.689178 E0.399337
G1 X120.890308 Y135.02579 E0.399336
G1 X120.2114 Y134.290838 E0.399335
G1 X119.60925 Y133.491788 E0.399334
G1 X119.089732 Y132.636706 E0.399334
G1 X118.657874 Y131.734177 E0.399333
G1 X118.317808 Y130.793214 E0.399332
G1 X118.072742 Y129.823164 E0.399332
G1 X117.924935 Y128.833618 E0.399331
G1 X117.875678 Y127.834308 E0.39933
G1 X117.925297 Y126.835018 E0.39933
G1 X118.073149 Y125.845483 E0.399329
G1 X118.317644 Y124.875298 E0.399328
G1 X118.65626 Y123.933824 E0.399328
G1 X119.085581 Y123.030102 E0.399327
G1 X119.601335 Y122.172767 E0.399326
G1 X120.198439 Y121.369965 E0.399326
G1 X120.871059 Y120.629288 E0.399325
G1 X121.612667 Y119.957697 E0.399325
G1 X122.416109 Y119.361464 E0.399324
G1 X123.273682 Y118.846119 E0.399323
G1 X124.177204 Y118.416403 E0.399323
G1 X125.1181 Y118.076229 E0.399322
G1 X126.087485 Y117.828652 E0.399321
G1 X127.076246 Y117.675844 E0.399321
G1 X128.075133 Y117.619088 E0.39932
G1 X129.074842 Y117.658764 E0.39932
G1 X130.066105 Y117.794358 E0.399319
G1 X131.039776 Y118.024472 E0.399318
G1 X131.986908 Y118.346844 E0.399318
G1 X132.898842 Y118.758373 E0.399317
G1 X133.76728 Y119.255157 E0.399317
G1 X134.584355 Y119.832532 E0.399316
G1 X135.342707 Y120.485122 E0.399315
G1 X136.035539 Y121.206893 E0.399315
G1 X136.656679 Y121.991209 E0.399314
G1 X137.200627 Y122.830901 E0.399314
G1 X137.662604 Y123.718334 E0.399313
G1 X138.038587 Y124.645477 E0.399313
G1 X138.325338 Y125.603981 E0.399312
G1 X138.52043 Y126.585251 E0.399312
G1 X138.622263 Y127.580529 E0.399311
G1 X138.630069 Y128.580972 E0.39931
G1 X138.543914 Y129.577727 E0.39931
G1 X138.364694 Y130.562014 E0.399309
G1 X138.094119 Y131.5252 E0.399309
G1 X137.734689 Y132.458873 E0.399308
G1 X137.289674 Y133.354917 E0.399308
G1 X136.763073 Y134.205577 E0.399307
G1 X136.159579 Y135.003525 E0.399307
G1 X135.484528 Y135.741924 E0.399306
G1 X134.743856 Y136.414476 E0.399306
G1 X133.944035 Y137.015481 E0.399305
G1 X133.092021 Y137.539875 E0.399305
G1 X132.195187 Y137.983274 E0.399304
G1 X131.261256 Y138.342002 E0.399304
G1 X130.298238 Y138.613122 E0.399303
G1 X129.314355 Y138.794451 E0.399303
G1 X128.317971 Y138.884578 E0.399302
G1 X127.317521 Y138.882868 E0.399302
G1 X126.321441 Y138.789462 E0.399301
G1 X125.338095 Y138.60527 E0.399301
G1 X124.375704 Y138.331961 E0.3993
G1 X123.442281 Y137.97194 E0.3993
G1 X122.545567 Y137.528326 E0.399299
G1 X121.692964 Y137.004919 E0.399299
G1 X120.891478 Y136.406166 E0.399298
G1 X120.147665 Y135.737118 E0.399298
G1 X119.46758 Y135.003386 E0.399297
G1 X118.856727 Y134.211087 E0.399297
G1 X118.320022 Y133.366798 E0.399296
G1 X117.861756 Y132.477492 E0.399296
G1 X117.48556 Y131.550482 E0.399295
G1 X117.194386 Y130.593359 E0.399295
G1 X116.990482 Y129.613926 E0.399294
G1 X116.875382 Y128.620137 E0.399294
G1 X116.849899 Y127.620031 E0.399294
G1 X116.914119 Y126.621665 E0.399293
G1 X117.067409 Y125.63305 E0.399293
G1 X117.308425 Y124.662088 E0.399292
G1 X117.635127 Y123.71651 E0.399292
G1 X118.044803 Y122.803813 E0.399291
G1 X118.53409 Y121.931204 E0.399291
G1 X119.099008 Y121.105544 E0.39929
G1 X119.734995 Y120.333298 E0.39929
G1 X120.436948 Y119.620484 E0.39929
G1 X121.199262 Y118.972628 E0.399289
G1 X122.015882 Y118.394728 E0.399289
G1 X122.880352 Y117.891214 E0.399288
G1 X123.785867 Y117.465919 E0.399288
G1 X124.725328 Y117.122053 E0.399287
G1 X125.6914 Y116.862181 E0.399287
G1 X126.676571 Y116.68821 E0.399287
G1 X127.673207 Y116.601373 E0.399286
G1 X128.673618 Y116.60223 E0.399286
G1 X129.670112 Y116.690664 E0.399285
G1 X130.655056 Y116.865888 E0.399285
G1 X131.620935 Y117.126453 E0.399285
G1 X132.560407 Y117.470265 E0.399284
G1 X133.466358 Y117.894606 E0.399284
G1 X134.331955 Y118.396156 E0.399283
G1 X135.150696 Y118.971022 E0.399283
G1 X135.916458 Y119.614773 E0.399283
G1 X136.623537 Y120.322476 E0.399282
G1 X137.266693 Y121.088735 E0.399282
G1 X137.841184 Y121.907734 E0.399281
G1 X138.342799 Y122.773287 E0.399281
G1 X138.767886 Y123.678879 E0.399281
G1 X139.113374 Y124.617726 E0.39928
G1 X139.376797 Y125.582817 E0.39928
G1 X139.556303 Y126.566975 E0.399279
G1 X139.650669 Y127.562909 E0.399279
G1 X139.6593 Y128.563265 E0.399279
G1 X139.582238 Y129.560685 E0.399278
G1 X139.420149 Y130.547858 E0.399278
G1 X139.174322 Y131.517575 E0.399278
G1 X138.84665 Y132.462779 E0.399277
G1 X138.439618 Y133.376618 E0.399277
G1 X137.956274 Y134.252492 E0.399276
G1 X137.400214 Y135.084099 E0.399276
G1 X136.775541 Y135.86548 E0.399276
G1 X136.086842 Y136.591058 E0.399275
G1 X135.339148 Y137.25568 E0.399275
G1 X134.537895 Y137.854646 E0.399275
G1 X133.688884 Y138.383744 E0.399274
G1 X132.798236 Y138.839275 E0.399274
G1 X131.872347 Y139.218079 E0.399274
G1 X130.917844 Y139.51755 E0.399273
G1 X129.941531 Y139.735657 E0.399273
G1 X128.950344 Y139.87095 E0.399272
G1 X127.9513 Y139.922569 E0.399272
G1 X126.951446 Y139.890247 E0.399272
G1 X125.957812 Y139.774307 E0.399271
G1 X124.977359 Y139.575659 E0.399271
G1 X124.016932 Y139.295788 E0.399271
G1 X123.083213 Y138.93674 E0.39927
G1 X122.182676 Y138.501106 E0.39927
G1 X121.321541 Y137.992001 E0.39927
G1 X120.505734 Y137.413037 E0.399269
G1 X119.740846 Y136.7683 E0.399269
G1 X119.032101 Y136.062313 E0.399269
G1 X118.384315 Y135.300008 E0.399268
G1 X117.801871 Y134.486686 E0.399268
G1 X117.288689 Y133.627979 E0.399268
G1 X116.848202 Y132.729814 E0.399267
G1 X116.483335 Y131.798363 E0.399267
G1 X116.196488 Y130.840007 E0.399267
G1 X115.989523 Y129.861287 E0.399266
G1 X115.863756 Y128.868863 E0.399266
G1 X115.819946 Y127.869461 E0.399266
G1 X115.8583 Y126.869836 E0.399265
G1 X115.978468 Y125.87672 E0.399265
G1 X116.179552 Y124.89678 E0.399265
G1 X116.460116 Y123.936572 E0.399265
G1 X116.818196 Y123.002498 E0.399264
G1 X117.251316 Y122.100766 E0.399264
G1 X117.756509 Y121.237348 E0.399264
G1 X118.330339 Y120.41794 E0.399263
G1 X118.968926 Y119.64793 E0.399263
G1 X119.667973 Y118.93236 E0.399263
G1 X120.422798 Y118.275897 E0.399262
G1 X121.228368 Y117.682802 E0.399262
G1 X122.079331 Y117.156908 E0.399262
G1 X122.970055 Y116.701593 E0.399261
G1 X123.894665 Y116.319761 E0.399261
G1 X124.847085 Y116.01383 E0.399261
G1 X125.821076 Y115.785712 E0.399261
G1 X126.810279 Y115.636808 E0.39926
G1 X127.808256 Y115.568002 E0.39926
G1 X128.808534 Y115.579653 E0.39926
G1 X129.804645 Y115.671602 E0.399259
G1 X130.790167 Y115.843171 E0.399259
G1 X131.758768 Y116.09317 E0.399259
G1 X132.704244 Y116.419913 E0.399259
G1 X133.620559 Y116.821224 E0.399258
G1 X134.501884 Y117.294459 E0.399258
G1 X135.342628 Y117.836521 E0.399258
G1 X136.137479 Y118.443885 E0.399257
G1 X136.881433 Y119.112625 E0.399257
G1 X137.569822 Y119.838433 E0.399257
G1 X138.198348 Y120.616656 E0.399257
G1 X138.763102 Y121.442325 E0.399256
G1 X139.260588 Y122.310184 E0.399256
G1 X139.687748 Y123.214732 E0.399256
G1 X140.041971 Y124.150251 E0.399255
G1 X140.321113 Y125.11085 E0.399255
G1 X140.523506 Y126.090495 E0.399255
G1 X140.647965 Y127.083056 E0.399255
G1 X140.693794 Y128.082338 E0.399254
G1 X140.660789 Y129.082125 E0.399254
G1 X140.549235 Y130.076217 E0.399254
G1 X140.359901 Y131.058466 E0.399254
G1 X140.094035 Y132.022818 E0.399253
G1 X139.753353 Y132.963347 E0.399253
G1 X139.340027 Y133.874291 E0.399253
G1 X138.856667 Y134.750087 E0.399252
G1 X138.306305 Y135.585405 E0.399252
G1 X137.692372 Y136.375177 E0.399252
G1 X137.01868 Y137.11463 E0.399252
G1 X136.289389 Y137.79931 E0.399251
G1 X135.508989 Y138.42511 E0.399251
G1 X134.682265 Y138.988292 E0.399251
G1 X133.814266 Y139.485509 E0.399251
G1 X132.910278 Y139.913822 E0.39925
G1 X131.975789 Y140.270716 E0.39925
G1 X131.016451 Y140.554114 E0.39925
G1 X130.038052 Y140.762385 E0.39925
G1 X129.046475 Y140.894356 E0.399249
G1 X128.047666 Y140.94931 E0.399249
G1 X127.047596 Y140.926995 E0.399249
G1 X126.052226 Y140.82762 E0.399249
G1 X125.067472 Y140.651851 E0.399248
G1 X124.09917 Y140.400804 E0.399248
G1 X123.15304 Y140.076042 E0.399248
G1 X122.234655 Y139.679554 E0.399248
G1 X121.34941 Y139.213752 E0.399247
G1 X120.502487 Y138.681445 E0.399247
G1 X119.698829 Y138.085826 E0.399247
G1 X118.943109 Y137.430453 E0.399247
G1 X118.239708 Y136.71922 E0.399246
G1 X117.592687 Y135.956338 E0.399246
G1 X117.005768 Y135.146307 E0.399246
G1 X116.482311 Y134.29389 E0.399246
G1 X116.025297 Y133.404082 E0.399246
G1 X115.637316 Y132.482078 E0.399245
G1 X115.320548 Y131.533249 E0.399245
G1 X115.076756 Y130.563103 E0.399245
G1 X114.907278 Y129.577257 E0.399245
G1 X114.813019 Y128.5814 E0.399244
G1 X114.794451 Y127.581265 E0.399244
G1 X114.851609 Y126.582593 E0.399244
G1 X114.984094 Y125.5911 E0.399244
G1 X115.191079 Y124.612444 E0.399243
G1 X115.471315 Y123.652195 E0.399243
G1 X115.823137 Y122.715803 E0.399243
G1 X116.244479 Y121.808567 E0.399243
G1 X116.732888 Y120.935605 E0.399243
G1 X117.285536 Y120.101827 E0.399242
G1 X117.899241 Y119.31191 E0.399242
G1 X118.570485 Y118.570267 E0.399242
G1 X119.295436 Y117.88103 E0.399242
G1 X120.069971 Y117.248024 E0.399241
G1 X120.889699 Y116.674747 E0.399241
G1 X121.749989 Y116.164356 E0.399241
G1 X122.645996 Y115.719645 E0.399241
G1 X123.57269 Y115.343035 E0.399241
G1 X124.524881 Y115.03656 E0.39924
G1 X125.497255 Y114.801862 E0.39924
G1 X126.484397 Y114.640176 E0.39924
G1 X127.480829 Y114.552331 E0.39924
G1 X128.481032 Y114.538748 E0.399239
G1 X129.479484 Y114.599433 E0.399239
G1 X130.470687 Y114.733985 E0.399239
G1 X131.449199 Y114.941599 E0.399239
G1 X132.409659 Y115.221069 E0.399239
G1 X133.346821 Y115.570799 E0.399238
G1 X134.255583 Y115.988814 E0.399238
G1 X135.131008 Y116.472771 E0.399238
G1 X135.968355 Y117.019974 E0.399238
G1 X136.763105 Y117.627391 E0.399238
G1 X137.510978 Y118.291669 E0.399237
G1 X138.207964 Y119.009158 E0.399237
G1 X138.850335 Y119.775929 E0.399237
G1 X139.434672 Y120.587796 E0.399237
G1 X139.957874 Y121.440342 E0.399237
G1 X140.41718 Y122.328944 E0.399236
G1 X140.810177 Y123.248796 E0.399236
G1 X141.134818 Y124.194936 E0.399236
G1 X141.389423 Y125.162277 E0.399236
G1 X141.572693 Y126.14563 E0.399236
G1 X141.683713 Y127.139735 E0.399235
G1 X141.721954 Y128.139288 E0.399235
G1 X141.687276 Y129.138971 E0.399235
G1 X141.579927 Y130.133478 E0.399235
G1 X141.400539 Y131.117544 E0.399235
G1 X141.150121 Y132.085974 E0.399234
G1 X140.830059 Y133.033668 E0.399234
G1 X140.442099 Y133.95565 E0.399234
G1 X139.988341 Y134.84709 E0.399234
G1 X139.471225 Y135.703333 E0.399234
G1 X138.893515 Y136.519919 E0.399233
G1 X138.25829 Y137.292607 E0.399233
G1 X137.568916 Y138.017398 E0.399233
G1 X136.829036 Y138.690552 E0.399233
G1 X136.042547 Y139.308606 E0.399233
G1 X135.213577 Y139.868395 E0.399232
G1 X134.346464 Y140.367063 E0.399232
G1 X133.445733 Y140.802078 E0.399232
G1 X132.516072 Y141.171244 E0.399232
G1 X131.562306 Y141.47271 E0.399232
G1 X130.589371 Y141.704979 E0.399232
G1 X129.602291 Y141.866915 E0.399231
G1 X128.606149 Y141.957744 E0.399231
G1 X127.606062 Y141.97706 E0.399231
G1 X126.607153 Y141.924824 E0.399231
G1 X125.614528 Y141.801363 E0.399231
G1 X124.633248 Y141.607367 E0.39923
G1 X123.668302 Y141.343883 E0.39923
G1 X122.724585 Y141.012309 E0.39923
G1 X121.806871 Y140.614384 E0.39923
G1 X120.919791 Y140.152182 E0.39923
G1 X120.067809 Y139.628095 E0.39923
G1 X119.2552 Y139.044822 E0.399229
G1 X118.486032 Y138.405354 E0.399229
G1 X117.764142 Y137.712957 E0.399229
G1 X117.093121 Y136.971157 E0.399229
G1 X116.476294 Y136.183718 E0.399229
G1 X115.916708 Y135.354622 E0.399228
G1 X115.417117 Y134.488052 E0.399228
G1 X114.979967 Y133.588367 E0.399228
G1 X114.607386 Y132.66008 E0.399228
G1 X114.301176 Y131.707837 E0.399228
G1 X114.062807 Y130.736389 E0.399228
G1 X113.893405 Y129.750573 E0.399227
G1 X113.793754 Y128.755284 E0.399227
G1 X113.76429 Y127.755454 E0.399227
G1 X113.805102 Y126.756023 E0.399227
G1 X113.915933 Y125.761918 E0.399227
G1 X114.09618 Y124.77803 E0.399227
G1 X114.344901 Y123.809184 E0.399226
G1 X114.660822 Y122.860122 E0.399226
G1 X115.042341 Y121.935477 E0.399226
G1 X115.487539 Y121.039753 E0.399226
G1 X115.994191 Y120.1773 E0.399226
G1 X116.559779 Y119.352296 E0.399226
G1 X117.181503 Y118.568728 E0.399225
G1 X117.856296 Y117.830369 E0.399225
G1 X118.580842 Y117.140767 E0.399225
G1 X119.351592 Y116.503223 E0.399225
G1 X120.164782 Y115.92078 E0.399225
G1 X121.016451 Y115.396208 E0.399225
G1 X121.902462 Y114.931989 E0.399224
G1 X122.818524 Y114.53031 E0.399224
G1 X123.760209 Y114.193054 E0.399224
G1 X124.72298 Y113.921787 E0.399224
G1 X125.702206 Y113.717758 E0.399224
G1 X126.693191 Y113.58189 E0.399224
G1 X127.691193 Y113.514779 E0.399223
G1 X128.691446 Y113.516691 E0.399223
G1 X129.689186 Y113.587563 E0.399223
G1 X130.679673 Y113.727005 E0.399223
G1 X131.65821 Y113.934301 E0.399223
G1 X132.62017 Y114.208417 E0.399223
G1 X133.561014 Y114.548003 E0.399223
G1 X134.476313 Y114.951406 E0.399222
G1 X135.361768 Y115.416671 E0.399222
G1 X136.213234 Y115.941562 E0.399222
G1 X137.026731 Y116.523563 E0.399222
G1 X137.79847 Y117.159897 E0.399222
G1 X138.524863 Y117.84754 E0.399222
G1 X139.202547 Y118.583234 E0.399221
G1 X139.82839 Y119.363503 E0.399221
G1 X140.399511 Y120.184673 E0.399221
G1 X140.913292 Y121.042884 E0.399221
G1 X141.367385 Y121.934118 E0.399221
G1 X141.759727 Y122.854207 E0.399221
G1 X142.088544 Y123.798863 E0.399221
G1 X142.352361 Y124.763692 E0.39922
G1 X142.550009 Y125.744218 E0.39922
G1 X142.680623 Y126.7359 E0.39922
G1 X142.743654 Y127.734158 E0.39922
G1 X142.738861 Y128.734393 E0.39922
G1 X142.666317 Y129.732004 E0.39922
G1 X142.526406 Y130.722416 E0.39922
G1 X142.319821 Y131.701095 E0.399219
G1 X142.047556 Y132.663571 E0.399219
G1 X141.710904 Y133.60546 E0.399219
G1 X141.311449 Y134.522479 E0.399219
G1 X140.851058 Y135.410469 E0.399219
G1 X140.331871 Y136.265414 E0.399219
G1 X139.756288 Y137.083454 E0.399218
G1 X139.126962 Y137.860908 E0.399218
G1 X138.446783 Y138.594284 E0.399218
G1 X137.718864 Y139.280299 E0.399218
G1 X136.946527 Y139.915892 E0.399218
G1 X136.133286 Y140.498233 E0.399218
G1 X135.282832 Y141.02474 E0.399218
G1 X134.399017 Y141.493088 E0.399217
G1 X133.48583 Y141.901218 E0.399217
G1 X132.547387 Y142.247344 E0.399217
G1 X131.587905 Y142.529963 E0.399217
G1 X130.611688 Y142.747858 E0.399217
G1 X129.623104 Y142.900104 E0.399217
G1 X128.626567 Y142.986071 E0.399217
G1 X127.626517 Y143.005424 E0.399217
G1 X126.627398 Y142.958127 E0.399216
G1 X125.633643 Y142.844436 E0.399216
G1 X124.64965 Y142.664905 E0.399216
G1 X123.679765 Y142.420374 E0.399216
G1 X122.728261 Y142.111971 E0.399216
G1 X121.799322 Y141.741102 E0.399216
G1 X120.897023 Y141.309446 E0.399216
G1 X120.025313 Y140.818944 E0.399215
G1 X119.187998 Y140.271794 E0.399215
G1 X118.388726 Y139.670435 E0.399215
G1 X117.630969 Y139.01754 E0.399215
G1 X116.918011 Y138.316 E0.399215
G1 X116.252933 Y137.568913 E0.399215
G1 X115.638602 Y136.779569 E0.399215
G1 X115.077655 Y135.951437 E0.399214
G1 X114.572494 Y135.088142 E0.399214
G1 X114.125272 Y134.19346 E0.399214
G1 X113.737887 Y133.27129 E0.399214
G1 X113.411974 Y132.325646 E0.399214
G1 X113.148899 Y131.360631 E0.399214
G1 X112.949752 Y130.380426 E0.399214
G1 X112.815348 Y129.389267 E0.399214
G1 X112.746219 Y128.391428 E0.399213
G1 X112.742616 Y127.391205 E0.399213
G1 X112.804509 Y126.392892 E0.399213
G1 X112.931587 Y125.400769 E0.399213
G1 X113.12326 Y124.419077 E0.399213
G1 X113.378663 Y123.452006 E0.399213
G1 X113.696662 Y122.503674 E0.399213
G1 X114.075857 Y121.578111 E0.399213
G1 X114.514592 Y120.679241 E0.399212
G1 X115.010959 Y119.810867 E0.399212
G1 X115.562812 Y118.976654 E0.399212
G1 X116.167773 Y118.180114 E0.399212
G1 X116.823244 Y117.424594 E0.399212
G1 X117.526419 Y116.713259 E0.399212
G1 X118.274296 Y116.049082 E0.399212
G1 X119.063691 Y115.43483 E0.399212
G1 X119.891254 Y114.873056 E0.399211
G1 X120.753477 Y114.366084 E0.399211
G1 X121.646717 Y113.916005 E0.399211
G1 X122.567208 Y113.524669 E0.399211
G1 X123.511077 Y113.193672 E0.399211
G1 X124.474362 Y112.924358 E0.399211
G1 X125.453026 Y112.717809 E0.399211
G1 X126.442979 Y112.574843 E0.399211
G1 X127.44009 Y112.496013 E0.39921
G1 X128.440209 Y112.481603 E0.39921
G1 X129.439179 Y112.531628 E0.39921
G1 X130.432859 Y112.645837 E0.39921
G1 X131.417136 Y112.823715 E0.39921
G1 X132.387947 Y113.064482 E0.39921
G1 X133.34129 Y113.367101 E0.39921
G1 X134.273245 Y113.730283 E0.39921
G1 X135.179988 Y114.152489 E0.399209
G1 X136.057804 Y114.631945 E0.399209
G1 X136.903109 Y115.166641 E0.399209
G1 X137.712454 Y115.754347 E0.399209
G1 X138.482549 Y116.39262 E0.399209
G1 X139.210269 Y117.078813 E0.399209
G1 X139.892668 Y117.810092 E0.399209
G1 X140.526992 Y118.583441 E0.399209
G1 X141.110688 Y119.395682 E0.399209
G1 X141.641414 Y120.243482 E0.399208
G1 X142.117049 Y121.123371 E0.399208
G1 X142.535698 Y122.031758 E0.399208
G1 X142.895702 Y122.964941 E0.399208
G1 X143.195643 Y123.919126 E0.399208
G1 X143.434347 Y124.890441 E0.399208
G1 X143.610891 Y125.874953 E0.399208
G1 X143.724605 Y126.868683 E0.399208
G1 X143.775072 Y127.867625 E0.399208
G1 X143.76213 Y128.867756 E0.399207
G1 X143.685873 Y129.865059 E0.399207
G1 X143.546649 Y130.855537 E0.399207
G1 X143.345057 Y131.835225 E0.399207
G1 X143.081944 Y132.800211 E0.399207
G1 X142.758401 Y133.746651 E0.399207
G1 X142.375759 Y134.670778 E0.399207
G1 X141.935581 Y135.568926 E0.399207
G1 X141.439656 Y136.437536 E0.399207
G1 X140.889992 Y137.273177 E0.399206
G1 X140.288806 Y138.072551 E0.399206
G1 X139.638514 Y138.832514 E0.399206
G1 X138.941722 Y139.550083 E0.399206
G1 X138.201216 Y140.222447 E0.399206
G1 X137.419948 Y140.846981 E0.399206
G1 X136.601026 Y141.421253 E0.399206
G1 X135.747699 Y141.943033 E0.399206
G1 X134.863346 Y142.410302 E0.399206
G1 X133.951462 Y142.82126 E0.399205
G1 X133.015641 Y143.174331 E0.399205
G1 X132.059567 Y143.468168 E0.399205
G1 X131.086993 Y143.70166 E0.399205
G1 X130.101731 Y143.873931 E0.399205
G1 X129.107636 Y143.98435 E0.399205
G1 X128.108588 Y144.032524 E0.399205
G1 X127.108481 Y144.018306 E0.399205
G1 X126.111204 Y143.941792 E0.399205
G1 X125.120629 Y143.803317 E0.399204
G1 X124.140593 Y143.603458 E0.399204
G1 X123.174885 Y143.343028 E0.399204
G1 X122.227234 Y143.023074 E0.399204
G1 X121.301289 Y142.644869 E0.399204
G1 X120.40061 Y142.209909 E0.399204
G1 X119.528653 Y141.719907 E0.399204
G1 X118.688755 Y141.176783 E0.399204
G1 X117.884126 Y140.582659 E0.399204
G1 X117.117833 Y139.939848 E0.399204
G1 X116.392791 Y139.250847 E0.399203
G1 X115.71175 Y138.518322 E0.399203
G1 X115.077288 Y137.745103 E0.399203
G1 X114.491801 Y136.934169 E0.399203
G1 X113.957491 Y136.088639 E0.399203
G1 X113.476363 Y135.211757 E0.399203
G1 X113.050214 Y134.306879 E0.399203
G1 X112.680632 Y133.377462 E0.399203
G1 X112.368984 Y132.427051 E0.399203
G1 X112.116415 Y131.459262 E0.399203
G1 X111.923845 Y130.477773 E0.399202
G1 X111.791967 Y129.486303 E0.399202
G1 X111.72124 Y128.488605 E0.399202
G1 X111.711894 Y127.488447 E0.399202
G1 X111.763926 Y126.489599 E0.399202
G1 X111.877103 Y125.495822 E0.399202
G1 X112.050961 Y124.510847 E0.399202
G1 X112.28481 Y123.538368 E0.399202
G1 X112.577736 Y122.582023 E0.399202
G1 X112.928607 Y121.645386 E0.399202
G1 X113.336074 Y120.731947 E0.399201
G1 X113.798579 Y119.845105 E0.399201
G1 X114.314365 Y118.988154 E0.399201
G1 X114.881474 Y118.16427 E0.399201
G1 X115.497766 Y117.376499 E0.399201
G1 X116.160918 Y116.627749 E0.399201
G1 X116.86844 Y115.920777 E0.399201
G1 X117.61768 Y115.258179 E0.399201
G1 X118.405837 Y114.642383 E0.399201
G1 X119.229971 Y114.075639 E0.399201
G1 X120.087015 Y113.560013 E0.3992
G1 X120.973786 Y113.097376 E0.3992
G1 X121.886996 Y112.689403 E0.3992
G1 X122.823266 Y112.337563 E0.3992
G1 X123.779139 Y112.043115 E0.3992
G1 X124.751092 Y111.807108 E0.3992
G1 X125.73555 Y111.630371 E0.3992
G1 X126.728896 Y111.513518 E0.3992
G1 X127.72749 Y111.456939 E0.3992
G1 X128.727678 Y111.460806 E0.3992
G1 X129.725807 Y111.525069 E0.3992
G1 X130.718237 Y111.649457 E0.399199
G1 X131.701357 Y111.83348 E0.399199
G1 X132.671595 Y112.076435 E0.399199
G1 X133.625433 Y112.377403 E0.399199
G1 X134.559419 Y112.735257 E0.399199
G1 X135.470177 Y113.148666 E0.399199
G1 X136.354424 Y113.616099 E0.399199
G1 X137.208977 Y114.135836 E0.399199
G1 X138.030767 Y114.705965 E0.399199
G1 X138.816847 Y115.324402 E0.399199
G1 X139.564405 Y115.988888 E0.399199
G1 X140.270774 Y116.697004 E0.399198
G1 X140.933436 Y117.446179 E0.399198
G1 X141.550039 Y118.233697 E0.399198
G1 X142.118397 Y119.056712 E0.399198
G1 X142.636503 Y119.912252 E0.399198
G1 X143.10253 Y120.797239 E0.399198
G1 X143.514845 Y121.70849 E0.399198
G1 X143.872006 Y122.642737 E0.399198
G1 X144.172771 Y123.596635 E0.399198
G1 X144.416103 Y124.566775 E0.399198
G1 X144.601168 Y125.549695 E0.399198
G1 X144.727344 Y126.541894 E0.399197
G1 X144.794215 Y127.539846 E0.399197
G1 X144.801581 Y128.540008 E0.399197
G1 X144.749449 Y129.538838 E0.399197
G1 X144.638037 Y130.532803 E0.399197
G1 X144.467774 Y131.518393 E0.399197
G1 X144.239295 Y132.492136 E0.399197
G1 X143.953439 Y133.450605 E0.399197
G1 X143.611245 Y134.390435 E0.399197
G1 X143.21395 Y135.30833 E0.399197
G1 X142.762979 Y136.20108 E0.399197
G1 X142.259948 Y137.065565 E0.399196
G1 X141.706648 Y137.898772 E0.399196
G1 X141.105046 Y138.697802 E0.399196
G1 X140.457273 Y139.459881 E0.399196
G1 X139.765618 Y140.182367 E0.399196
G1 X139.032519 Y140.862763 E0.399196
G1 X138.260555 Y141.498722 E0.399196
G1 X137.452434 Y142.088055 E0.399196
G1 X136.610987 Y142.628739 E0.399196
G1 X135.739156 Y143.118925 E0.399196
G1 X134.839982 Y143.55694 E0.399196
G1 X133.916597 Y143.941297 E0.399196
G1 X132.97221 Y144.270695 E0.399195
G1 X132.010098 Y144.544026 E0.399195
G1 X131.033594 Y144.760379 E0.399195
G1 X130.046074 Y144.91904 E0.399195
G1 X129.050947 Y145.019493 E0.399195
G1 X128.051642 Y145.061427 E0.399195
G1 X127.051598 Y145.044729 E0.399195
G1 X126.054248 Y144.969491 E0.399195
G1 X125.063013 Y144.836003 E0.399195
G1 X124.081284 Y144.644755 E0.399195
G1 X123.112417 Y144.396434 E0.399195
G1 X122.159717 Y144.091921 E0.399195
G1 X121.226428 Y143.732287 E0.399194
G1 X120.315723 Y143.31879 E0.399194
G1 X119.430691 Y142.852869 E0.399194
G1 X118.57433 Y142.336138 E0.399194
G1 X117.749537 Y141.770382 E0.399194
G1 X116.959094 Y141.15755 E0.399194
G1 X116.205664 Y140.499746 E0.399194
G1 X115.491778 Y139.799226 E0.399194
G1 X114.819831 Y139.058382 E0.399194
G1 X114.192072 Y138.279742 E0.399194
G1 X113.610596 Y137.465957 E0.399194
G1 X113.077339 Y136.61979 E0.399194
G1 X112.594071 Y135.744112 E0.399194
G1 X112.162392 Y134.841885 E0.399193
G1 X111.783724 Y133.916158 E0.399193
G1 X111.45931 Y132.970053 E0.399193
G1 X111.190209 Y132.006755 E0.399193
G1 X110.977292 Y131.029501 E0.399193
G1 X110.821241 Y130.041571 E0.399193
G1 X110.722546 Y129.046274 E0.399193
G1 X110.681507 Y128.046938 E0.399193
G1 X110.698228 Y127.046899 E0.399193
G1 X110.772622 Y126.049491 E0.399193
G1 X110.904411 Y125.058034 E0.399193
G1 X111.093124 Y124.075821 E0.399193
G1 X111.338104 Y123.106109 E0.399193
G1 X111.638507 Y122.152111 E0.399192
G1 X111.993307 Y121.216979 E0.399192
G1 X112.401301 Y120.303801 E0.399192
G1 X112.86111 Y119.415584 E0.399192
G1 X113.371186 Y118.555249 E0.399192
G1 X113.92982 Y117.725622 E0.399192
G1 X114.535142 Y116.92942 E0.399192
G1 X115.185135 Y116.169248 E0.399192
G1 X115.877636 Y115.447588 E0.399192
G1 X116.610347 Y114.766789 E0.399192
G1 X117.38084 Y114.129066 E0.399192
G1 X118.186569 Y113.536485 E0.399192
G1 X119.024875 Y112.990965 E0.399192
G1 X119.892999 Y112.494264 E0.399191
G1 X120.788086 Y112.047981 E0.399191
G1 X121.707199 Y111.653545 E0.399191
G1 X122.647329 Y111.312216 E0.399191
G1 X123.605399 Y111.025076 E0.399191
G1 X124.578284 Y110.793033 E0.399191
G1 X125.562811 Y110.616811 E0.399191
G1 X126.555776 Y110.496952 E0.399191
G1 X127.553955 Y110.433816 E0.399191
G1 X128.554109 Y110.427577 E0.399191
G1 X129.552999 Y110.478225 E0.399191
G1 X130.547395 Y110.585567 E0.399191
G1 X131.534087 Y110.749225 E0.399191
G1 X132.509895 Y110.968641 E0.39919
G1 X133.471679 Y111.24308 E0.39919
G1 X134.416349 Y111.571628 E0.39919
G1 X135.340874 Y111.953199 E0.39919
G1 X136.242295 Y112.38654 E0.39919
G1 X137.117729 Y112.870232 E0.39919
G1 X137.964384 Y113.402697 E0.39919
G1 X138.77956 Y113.982205 E0.39919
G1 X139.560668 Y114.606876 E0.39919
G1 X140.305226 Y115.27469 E0.39919
G1 X141.010877 Y115.98349 E0.39919
G1 X141.675389 Y116.730996 E0.39919
G1 X142.296667 Y117.514804 E0.39919
G1 X142.872755 Y118.332399 E0.39919
G1 X143.401844 Y119.181166 E0.399189
G1 X143.882279 Y120.05839 E0.399189
G1 X144.312559 Y120.961273 E0.399189
G1 X144.691347 Y121.88694 E0.399189
G1 X145.01747 Y122.832447 E0.399189
G1 X145.289922 Y123.794792 E0.399189
G1 X145.507872 Y124.770925 E0.399189
G1 X145.670658 Y125.757757 E0.399189
G1 X145.777796 Y126.752171 E0.399189
G1 X145.828977 Y127.751029 E0.399189
G1 X145.824069 Y128.751185 E0.399189
G1 X145.763116 Y129.749495 E0.399189
G1 X145.646338 Y130.742822 E0.399189
G1 X145.474131 Y131.728053 E0.399189
G1 X145.247063 Y132.702104 E0.399189
G1 X144.965872 Y133.66193 E0.399188
G1 X144.631466 Y134.604536 E0.399188
G1 X144.244917 Y135.526987 E0.399188
G1 X143.807459 Y136.426411 E0.399188
G1 X143.320482 Y137.300017 E0.399188
G1 X142.785528 Y138.145095 E0.399188
G1 X142.204286 Y138.95903 E0.399188
G1 X141.578587 Y139.739308 E0.399188
G1 X140.910398 Y140.483522 E0.399188
G1 X140.201812 Y141.189382 E0.399188
G1 X139.455046 Y141.854719 E0.399188
G1 X138.672433 Y142.477493 E0.399188
G1 X137.856411 Y143.055799 E0.399188
G1 X137.009518 Y143.587874 E0.399188
G1 X136.134385 Y144.072097 E0.399187
G1 X135.233725 Y144.507 E0.399187
G1 X134.310325 Y144.891268 E0.399187
G1 X133.367038 Y145.223744 E0.399187
G1 X132.406776 Y145.50343 E0.399187
G1 X131.432495 Y145.729496 E0.399187
G1 X130.447193 Y145.901274 E0.399187
G1 X129.453895 Y146.018264 E0.399187
G1 X128.455647 Y146.080137 E0.399187
G1 X127.455505 Y146.08673 E0.399187
G1 X126.456527 Y146.038051 E0.399187
G1 X125.461762 Y145.934275 E0.399187
G1 X124.474242 Y145.775748 E0.399187
G1 X123.496973 Y145.562979 E0.399187
G1 X122.532924 Y145.296643 E0.399187
G1 X121.58502 Y144.977577 E0.399187
G1 X120.656132 Y144.606776 E0.399186
G1 X119.749072 Y144.185391 E0.399186
G1 X118.866577 Y143.714725 E0.399186
G1 X118.011308 Y143.196228 E0.399186
G1 X117.18584 Y142.631492 E0.399186
G1 X116.392654 Y142.022248 E0.399186
G1 X115.634128 Y141.370357 E0.399186
G1 X114.912535 Y140.677807 E0.399186
G1 X114.23003 Y139.946705 E0.399186
G1 X113.58865 Y139.179272 E0.399186
G1 X112.990303 Y138.377834 E0.399186
G1 X112.436767 Y137.544816 E0.399186
G1 X111.929681 Y136.682734 E0.399186
G1 X111.470543 Y135.794189 E0.399186
G1 X111.060705 Y134.881855 E0.399186
G1 X110.70137 Y133.948475 E0.399185
G1 X110.393588 Y132.99685 E0.399185
G1 X110.138253 Y132.029832 E0.399185
G1 X109.936101 Y131.050315 E0.399185
G1 X109.78771 Y130.061225 E0.399185
G1 X109.693494 Y129.065513 E0.399185
G1 X109.653709 Y128.066145 E0.399185
G1 X109.668446 Y127.066095 E0.399185
G1 X109.737634 Y126.068332 E0.399185
G1 X109.861041 Y125.075816 E0.399185
G1 X110.038277 Y124.091487 E0.399185
G1 X110.268789 Y123.118255 E0.399185
G1 X110.55187 Y122.158994 E0.399185
G1 X110.886659 Y121.216533 E0.399185
G1 X111.27214 Y120.293646 E0.399185
G1 X111.707154 Y119.393047 E0.399185
G1 X112.190393 Y118.517379 E0.399185
G1 X112.720412 Y117.669207 E0.399184
G1 X113.29563 Y116.851015 E0.399184
G1 X113.914333 Y116.06519 E0.399184
G1 X114.574686 Y115.314026 E0.399184
G1 X115.274732 Y114.599708 E0.399184
G1 X116.012399 Y113.924311 E0.399184
G1 X116.785511 Y113.289795 E0.399184
G1 X117.59179 Y112.697995 E0.399184
G1 X118.428864 Y112.15062 E0.399184
G1 X119.294275 Y111.649246 E0.399184
G1 X120.185486 Y111.195314 E0.399184
G1 X121.099889 Y110.790123 E0.399184
G1 X122.03481 Y110.43483 E0.399184
G1 X122.987522 Y110.130443 E0.399184
G1 X123.955248 Y109.877824 E0.399184
G1 X124.935173 Y109.677679 E0.399184
G1 X125.924449 Y109.530566 E0.399183
G1 X126.920207 Y109.436885 E0.399183
G1 X127.919562 Y109.396881 E0.399183
G1 X128.919621 Y109.410646 E0.399183
G1 X129.917498 Y109.478113 E0.399183
G1 X130.910312 Y109.599063 E0.399183
G1 X131.895204 Y109.773122 E0.399183
G1 X132.86934 Y109.999763 E0.399183
G1 X133.829923 Y110.27831 E0.399183
G1 X134.774197 Y110.607937 E0.399183
G1 X135.699458 Y110.987674 E0.399183
G1 X136.603059 Y111.416407 E0.399183
G1 X137.48242 Y111.892884 E0.399183
G1 X138.335034 Y112.415718 E0.399183
G1 X139.158474 Y112.983391 E0.399183
G1 X139.950399 Y113.59426 E0.399183
G1 X140.708562 Y114.246559 E0.399183
G1 X141.430815 Y114.938408 E0.399183
G1 X142.115117 Y115.667816 E0.399182
G1 X142.759535 Y116.432688 E0.399182
G1 X143.362256 Y117.230832 E0.399182
G1 X143.921583 Y118.059962 E0.399182
G1 X144.43595 Y118.917709 E0.399182
G1 X144.903918 Y119.801626 E0.399182
G1 X145.324181 Y120.709196 E0.399182
G1 X145.695571 Y121.637836 E0.399182
G1 X146.01706 Y122.584909 E0.399182
G1 X146.287762 Y123.547729 E0.399182
G1 X146.506936 Y124.523569 E0.399182
G1 X146.673988 Y125.509671 E0.399182
G1 X146.78847 Y126.503248 E0.399182
G1 X146.850084 Y127.501499 E0.399182
G1 X146.858681 Y128.501612 E0.399182
G1 X146.814261 Y129.500776 E0.399182
G1 X146.716974 Y130.496183 E0.399182
G1 X146.567117 Y131.485042 E0.399182
G1 X146.365134 Y132.464584 E0.399181
G1 X146.111614 Y133.432069 E0.399181
G1 X145.807292 Y134.384796 E0.399181
G1 X145.45304 Y135.320105 E0.399181
G1 X145.049871 Y136.235395 E0.399181
G1 X144.598934 Y137.128117 E0.399181
G1 X144.101507 Y137.995795 E0.399181
G1 X143.558997 Y138.836021 E0.399181
G1 X142.972934 Y139.646471 E0.399181
G1 X142.344968 Y140.424903 E0.399181
G1 X141.676863 Y141.16917 E0.399181
G1 X140.970492 Y141.877221 E0.399181
G1 X140.22783 Y142.547109 E0.399181
G1 X139.450953 Y143.176996 E0.399181
G1 X138.642025 Y143.765155 E0.399181
G1 X137.803298 Y144.30998 E0.399181
G1 X136.937105 Y144.809984 E0.399181
G1 X136.045847 Y145.263807 E0.399181
G1 X135.131996 Y145.670219 E0.39918
G1 X134.198078 Y146.02812 E0.39918
G1 X133.246676 Y146.336548 E0.39918
G1 X132.280413 Y146.594675 E0.39918
G1 X131.301952 Y146.801816 E0.39918
G1 X130.313984 Y146.957425 E0.39918
G1 X129.319225 Y147.061097 E0.39918
G1 X128.320404 Y147.112572 E0.39918
G1 X127.320258 Y147.111732 E0.39918
G1 X126.321524 Y147.058604 E0.39918
G1 X125.326931 Y146.953355 E0.39918
G1 X124.339194 Y146.796296 E0.39918
G1 X123.361004 Y146.58788 E0.39918
G1 X122.395025 Y146.328696 E0.39918
G1 X121.443882 Y146.019474 E0.39918
G1 X120.510157 Y145.661078 E0.39918
G1 X119.59638 Y145.254504 E0.39918
G1 X118.705025 Y144.800877 E0.39918
G1 X117.838502 Y144.30145 E0.39918
G1 X116.999148 Y143.757597 E0.399179
G1 X116.189227 Y143.170812 E0.399179
G1 X115.410916 Y142.542702 E0.399179
G1 X114.666308 Y141.874983 E0.399179
G1 X113.957399 Y141.169478 E0.399179
G1 X113.286088 Y140.428108 E0.399179
G1 X112.654168 Y139.652889 E0.399179
G1 X112.063325 Y138.845924 E0.399179
G1 X111.515131 Y138.0094 E0.399179
G1 X111.011044 Y137.145581 E0.399179
G1 X110.552398 Y136.2568 E0.399179
G1 X110.140405 Y135.345455 E0.399179
G1 X109.776149 Y134.414002 E0.399179
G1 X109.460588 Y133.464946 E0.399179
G1 X109.194543 Y132.500837 E0.399179
G1 X108.978706 Y131.524261 E0.399179
G1 X108.813632 Y130.537835 E0.399179
G1 X108.699739 Y129.544198 E0.399179
G1 X108.637309 Y128.546005 E0.399179
G1 X108.626487 Y127.545921 E0.399179
G1 X108.667277 Y126.546611 E0.399178
G1 X108.759551 Y125.550734 E0.399178
G1 X108.903038 Y124.560939 E0.399178
G1 X109.097337 Y123.579851 E0.399178
G1 X109.341909 Y122.610074 E0.399178
G1 X109.636083 Y121.654173 E0.399178
G1 X109.979058 Y120.714678 E0.399178
G1 X110.369905 Y119.794069 E0.399178
G1 X110.807569 Y118.894773 E0.399178
G1 X111.290873 Y118.019158 E0.399178
G1 X111.818519 Y117.169528 E0.399178
G1 X112.389098 Y116.348113 E0.399178
G1 X113.001085 Y115.557067 E0.399178
G1 X113.652851 Y114.798461 E0.399178
G1 X114.342662 Y114.074278 E0.399178
G1 X115.068689 Y113.386407 E0.399178
G1 X115.829008 Y112.73664 E0.399178
G1 X116.621608 Y112.126668 E0.399178
G1 X117.444395 Y111.558072 E0.399178
G1 X118.295202 Y111.032326 E0.399178
G1 X119.171786 Y110.550788 E0.399178
G1 X120.071845 Y110.114698 E0.399177
G1 X120.993015 Y109.725178 E0.399177
G1 X121.932881 Y109.383225 E0.399177
G1 X122.888981 Y109.089711 E0.399177
G1 X123.858817 Y108.845381 E0.399177
G1 X124.839856 Y108.65085 E0.399177
G1 X125.829538 Y108.506603 E0.399177
G1 X126.825287 Y108.412995 E0.399177
G1 X127.824512 Y108.370247 E0.399177
G1 X128.824617 Y108.378448 E0.399177
G1 X129.823008 Y108.437556 E0.399177
G1 X130.817097 Y108.547395 E0.399177
G1 X131.804311 Y108.70766 E0.399177
G1 X132.782099 Y108.917915 E0.399177
G1 X133.747937 Y109.177594 E0.399177
G1 X134.699335 Y109.486007 E0.399177
G1 X135.633843 Y109.842336 E0.399177
G1 X136.549059 Y110.245642 E0.399177
G1 X137.442632 Y110.694867 E0.399177
G1 X138.312271 Y111.188835 E0.399177
G1 X139.155748 Y111.726255 E0.399177
G1 X139.970908 Y112.305729 E0.399176
G1 X140.755668 Y112.92575 E0.399176
G1 X141.508027 Y113.584711 E0.399176
G1 X142.226071 Y114.280905 E0.399176
G1 X142.907975 Y115.012535 E0.399176
G1 X143.552007 Y115.777712 E0.399176
G1 X144.156538 Y116.574466 E0.399176
G1 X144.720038 Y117.400747 E0.399176
G1 X145.241086 Y118.254434 E0.399176
G1 X145.718372 Y119.133338 E0.399176
G1 X146.150696 Y120.035207 E0.399176
G1 X146.536977 Y120.957736 E0.399176
G1 X146.87625 Y121.898569 E0.399176
G1 X147.167673 Y122.855305 E0.399176
G1 X147.410525 Y123.825508 E0.399176
G1 X147.60421 Y124.80671 E0.399176
G1 X147.748257 Y125.796418 E0.399176
G1 X147.842322 Y126.79212 E0.399176
G1 X147.886188 Y127.791293 E0.399176
G1 X147.879763 Y128.791408 E0.399176
G1 X147.823086 Y129.789936 E0.399176
G1 X147.71632 Y130.784356 E0.399176
G1 X147.559754 Y131.77216 E0.399175
G1 X147.353806 Y132.750861 E0.399175
G1 X147.099013 Y133.717996 E0.399175
G1 X146.796037 Y134.671135 E0.399175
G1 X146.44566 Y135.607888 E0.399175
G1 X146.048783 Y136.525906 E0.399175
G1 X145.60642 Y137.422892 E0.399175
G1 X145.119701 Y138.296604 E0.399175
G1 X144.589864 Y139.144861 E0.399175
G1 X144.018253 Y139.965549 E0.399175
G1 X143.406316 Y140.756626 E0.399175
G1 X142.755601 Y141.516124 E0.399175
G1 X142.067749 Y142.242159 E0.399175
G1 X141.344493 Y142.932932 E0.399175
G1 X140.587651 Y143.586734 E0.399175
G1 X139.799124 Y144.201951 E0.399175
G1 X138.980888 Y144.777065 E0.399175
G1 X138.134992 Y145.310663 E0.399175
G1 X137.263551 Y145.801433 E0.399175
G1 X136.368739 Y146.248175 E0.399175
G1 X135.452789 Y146.649797 E0.399175
G1 X134.51798 Y147.00532 E0.399175
G1 X133.566637 Y147.313884 E0.399175
G1 X132.601122 Y147.574742 E0.399174
G1 X131.623831 Y147.787268 E0.399174
G1 X130.637185 Y147.950957 E0.399174
G1 X129.643625 Y148.065423 E0.399174
G1 X128.645606 Y148.130405 E0.399174
G1 X127.645592 Y148.145761 E0.399174
G1 X126.646049 Y148.111474 E0.399174
G1 X125.649436 Y148.027649 E0.399174
G1 X124.658206 Y147.894511 E0.399174
G1 X123.674792 Y147.712408 E0.399174
G1 X122.701609 Y147.481806 E0.399174
G1 X121.74104 Y147.203292 E0.399174
G1 X120.795437 Y146.877568 E0.399174
G1 X119.86711 Y146.50545 E0.399174
G1 X118.958326 Y146.087869 E0.399174
G1 X118.071301 Y145.625865 E0.399174
G1 X117.208195 Y145.120584 E0.399174
G1 X116.371106 Y144.573278 E0.399174
G1 X115.562067 Y143.985301 E0.399174
G1 X114.78304 Y143.358102 E0.399174
G1 X114.035913 Y142.693225 E0.399174
G1 X113.32249 Y141.992305 E0.399174
G1 X112.644496 Y141.257061 E0.399174
G1 X112.003563 Y140.489295 E0.399174
G1 X111.401235 Y139.690884 E0.399173
G1 X110.838958 Y138.863778 E0.399173
G1 X110.318079 Y138.009995 E0.399173
G1 X109.839845 Y137.131615 E0.399173
G1 X109.405397 Y136.230774 E0.399173
G1 X109.015769 Y135.309662 E0.399173
G1 X108.671884 Y134.370512 E0.399173
G1 X108.374557 Y133.415601 E0.399173
G1 X108.124485 Y132.447241 E0.399173
G1 X107.922253 Y131.467771 E0.399173
G1 X107.774988 Y130.478742 E0.399095
;WIDTH:1.200
; LINE_WIDTH: 1.200
;Z:1.399
;HEIGHT:0.599
G1 X107.717033 Y129.948463 E0.181902
G1 X107.672979 Y129.41685 E0.181902
G1 X107.642855 Y128.884265 E0.181902
G1 X107.626684 Y128.351074 E0.181902
G1 X107.624475 Y127.817642 E0.181902
G1 X107.636231 Y127.284336 E0.181902
G1 X107.661943 Y126.751519 E0.181902
G1 X107.701594 Y126.219559 E0.181902
G1 X107.754835 Y125.688782 E0.181904
G1 X107.821884 Y125.159563 E0.181907
G1 X107.902764 Y124.63227 E0.181911
G1 X107.997422 Y124.107264 E0.181914
G1 X108.105792 Y123.584906 E0.181918
G1 X108.227802 Y123.065555 E0.181921
G1 X108.363367 Y122.549564 E0.181925
G1 X108.512396 Y122.03729 E0.181928
G1 X108.674636 Y121.529032 E0.181932
G1 X108.850048 Y121.025152 E0.181938
G1 X109.038596 Y120.52602 E0.181943
G1 X109.240151 Y120.03198 E0.181949
G1 X109.454577 Y119.54337 E0.181955
G1 X109.681726 Y119.060525 E0.181961
G1 X109.921445 Y118.583776 E0.181966
G1 X110.173569 Y118.113451 E0.181972
G1 X110.437861 Y117.649835 E0.181978
G1 X110.714134 Y117.193233 E0.181985
G1 X111.002276 Y116.744001 E0.181992
G1 X111.302091 Y116.302449 E0.181999
G1 X111.613374 Y115.868879 E0.182006
G1 X111.935912 Y115.44359 E0.182013
G1 X112.269486 Y115.026873 E0.182021
G1 X112.613867 Y114.619015 E0.182028
G1 X112.968733 Y114.220215 E0.182036
G1 X113.333716 Y113.830614 E0.182045
G1 X113.708796 Y113.450678 E0.182056
G1 X114.093716 Y113.080668 E0.182067
G1 X114.488213 Y112.72084 E0.182078
G1 X114.892019 Y112.371441 E0.182089
G1 X115.304857 Y112.032712 E0.1821
G1 X115.726446 Y111.704886 E0.182111
G1 X116.156479 Y111.388163 E0.182122
G1 X116.59453 Y111.08256 E0.182135
G1 X117.040463 Y110.788506 E0.182148
G1 X117.493976 Y110.506206 E0.182162
G1 X117.954757 Y110.235853 E0.182176
G1 X118.422493 Y109.977636 E0.182189
G1 X118.896863 Y109.731733 E0.182203
G1 X119.377544 Y109.498314 E0.182217
G1 X119.864207 Y109.277542 E0.18223
G1 X120.356413 Y109.069306 E0.182245
G1 X120.853937 Y108.873988 E0.182262
G1 X121.356449 Y108.691744 E0.182278
G1 X121.863606 Y108.522702 E0.182295
G1 X122.375059 Y108.36698 E0.182311
G1 X122.89046 Y108.224687 E0.182327
G1 X123.409456 Y108.095923 E0.182344
G1 X123.931691 Y107.980778 E0.18236
G1 X124.45677 Y107.879109 E0.182378
G1 X124.984371 Y107.791135 E0.182397
G1 X125.514151 Y107.716995 E0.182416
G1 X126.045745 Y107.656742 E0.182435
G1 X126.57879 Y107.61042 E0.182454
G1 X127.112921 Y107.578065 E0.182473
G1 X127.647772 Y107.559701 E0.182492
G1 X128.182977 Y107.555344 E0.182511
G1 X128.718174 Y107.564825 E0.182532
G1 X129.253008 Y107.588185 E0.182553
G1 X129.787112 Y107.625542 E0.182575
G1 X130.320118 Y107.676873 E0.182597
G1 X130.851662 Y107.742147 E0.182619
G1 X131.381378 Y107.821323 E0.18264
G1 X131.908903 Y107.91435 E0.182662
G1 X132.433874 Y108.021167 E0.182684
G1 X132.955958 Y108.1416 E0.182707
G1 X133.47482 Y108.275514 E0.18273
G1 X133.990067 Y108.422985 E0.182755
G1 X134.501345 Y108.583914 E0.182779
G1 X135.008303 Y108.758196 E0.182803
G1 X135.510591 Y108.945713 E0.182828
G1 X136.007865 Y109.146342 E0.182852
G1 X136.499781 Y109.359948 E0.182876
G1 X136.985999 Y109.586394 E0.1829
G1 X137.466174 Y109.825544 E0.182925
G1 X137.939987 Y110.077215 E0.182949
G1 X138.40711 Y110.341237 E0.182973
G1 X138.867223 Y110.617434 E0.182997
G1 X139.320007 Y110.905618 E0.183021
G1 X139.76515 Y111.205596 E0.183045
G1 X140.202345 Y111.517164 E0.183069
G1 X140.63129 Y111.840114 E0.183093
G1 X141.05167 Y112.174249 E0.183116
G1 X141.463212 Y112.519319 E0.18314
G1 X141.865632 Y112.87509 E0.183164
G1 X142.258651 Y113.241321 E0.183188
G1 X142.641999 Y113.617763 E0.183211
G1 X143.01541 Y114.004162 E0.183235
G1 X143.378624 Y114.400254 E0.183259
G1 X143.731391 Y114.805771 E0.183283
G1 X144.073445 Y115.220455 E0.183306
G1 X144.404565 Y115.644007 E0.18333
G1 X144.724525 Y116.076138 E0.183353
G1 X145.033102 Y116.516552 E0.183377
G1 X145.330083 Y116.964951 E0.1834
G1 X145.615261 Y117.421028 E0.183423
G1 X145.888436 Y117.884474 E0.183447
G1 X146.14942 Y118.354972 E0.18347
G1 X146.39801 Y118.832212 E0.183494
G1 X146.634043 Y119.315861 E0.183517
G1 X146.857362 Y119.805584 E0.18354
G1 X147.067812 Y120.301049 E0.183563
G1 X147.265244 Y120.801916 E0.183586
G1 X147.449521 Y121.307843 E0.18361
G1 X147.620512 Y121.818486 E0.183633
G1 X147.778097 Y122.333494 E0.183656
G1 X147.922149 Y122.852521 E0.183679
G1 X148.052566 Y123.375209 E0.183702
G1 X148.16927 Y123.901199 E0.183725
G1 X148.272178 Y124.430128 E0.183748
G1 X148.361215 Y124.961637 E0.183771
G1 X148.436318 Y125.495361 E0.183793
G1 X148.497431 Y126.030934 E0.183816
G1 X148.544509 Y126.567991 E0.183839
G1 X148.577506 Y127.106163 E0.183862
G1 X148.596385 Y127.645082 E0.183885
G1 X148.60115 Y128.184377 E0.183907
G1 X148.591795 Y128.723678 E0.18393
G1 X148.568323 Y129.262616 E0.183953
G1 X148.530746 Y129.80082 E0.183975
G1 X148.479087 Y130.337923 E0.183998
G1 X148.413378 Y130.873555 E0.18402
G1 X148.333655 Y131.407348 E0.184043
G1 X148.239948 Y131.938931 E0.184065
G1 X148.132345 Y132.467943 E0.184088
G1 X148.010915 Y132.994021 E0.18411
G1 X147.87574 Y133.516803 E0.184132
G1 X147.726907 Y134.035931 E0.184155
G1 X147.564517 Y134.551047 E0.184177
G1 X147.388676 Y135.061797 E0.184199
G1 X147.199502 Y135.567831 E0.184222
G1 X146.997095 Y136.068788 E0.184244
G1 X146.781615 Y136.564333 E0.184266
G1 X146.553211 Y137.054127 E0.184288
G1 X146.312034 Y137.537831 E0.18431
G1 X146.058247 Y138.015114 E0.184332
G1 X145.792021 Y138.485645 E0.184354
G1 X145.513536 Y138.949102 E0.184376
G1 X145.222979 Y139.405165 E0.184398
G1 X144.920571 Y139.853535 E0.18442
G1 X144.606498 Y140.293893 E0.184443
G1 X144.280966 Y140.725931 E0.184465
G1 X143.944194 Y141.149351 E0.184487
G1 X143.596412 Y141.56386 E0.18451
G1 X143.237854 Y141.969172 E0.184532
G1 X142.868765 Y142.365008 E0.184555
G1 X142.489394 Y142.751092 E0.184577
G1 X142.100015 Y143.127175 E0.184599
G1 X141.700884 Y143.492992 E0.184622
G1 X141.292265 Y143.848279 E0.184645
G1 X140.874433 Y144.19279 E0.184667
G1 X140.447673 Y144.526286 E0.18469
G1 X140.012277 Y144.848536 E0.184713
G1 X139.568539 Y145.159316 E0.184736
G1 X139.116762 Y145.45841 E0.184758
G1 X138.657262 Y145.745624 E0.184781
G1 X138.190354 Y146.020764 E0.184804
G1 X137.716344 Y146.283619 E0.184827
G1 X137.235556 Y146.534008 E0.18485
G1 X136.748318 Y146.771754 E0.184873
G1 X136.254961 Y146.996692 E0.184896
G1 X135.755823 Y147.208664 E0.184919
G1 X135.251244 Y147.407523 E0.184942
G1 X134.741572 Y147.593136 E0.184965
G1 X134.22716 Y147.765392 E0.184989
G1 X133.708349 Y147.924143 E0.185012
G1 X133.185494 Y148.069277 E0.185035
G1 X132.658953 Y148.20069 E0.185059
G1 X132.129085 Y148.31829 E0.185082
G1 X131.596253 Y148.421992 E0.185105
G1 X131.060822 Y148.511721 E0.185129
G1 X130.523157 Y148.587415 E0.185152
G1 X129.983631 Y148.649051 E0.185176
G1 X129.442607 Y148.696548 E0.185199
G1 X128.900455 Y148.729871 E0.185223
G1 X128.357547 Y148.748992 E0.185247
G1 X127.814256 Y148.753895 E0.185271
G1 X127.270953 Y148.744573 E0.185294
G1 X126.72801 Y148.72103 E0.185318
G1 X126.185801 Y148.683276 E0.185342
G1 X125.644693 Y148.631368 E0.185366
G1 X125.105058 Y148.565308 E0.18539
G1 X124.567269 Y148.485134 E0.185414
G1 X124.031693 Y148.390897 E0.185438
G1 X123.498698 Y148.282659 E0.185462
G1 X122.968651 Y148.160489 E0.185486
G1 X122.441915 Y148.024468 E0.18551
G1 X121.918853 Y147.874686 E0.185534
G1 X121.399815 Y147.711266 E0.185558
G1 X120.885163 Y147.534302 E0.185582
G1 X120.375252 Y147.343901 E0.185607
G1 X119.870434 Y147.140191 E0.185631
G1 X119.371056 Y146.923307 E0.185655
G1 X118.877462 Y146.693395 E0.18568
G1 X118.389992 Y146.450608 E0.185704
G1 X117.908982 Y146.19511 E0.185728
G1 X117.434752 Y145.92709 E0.185753
G1 X116.96763 Y145.646726 E0.185777
G1 X116.507947 Y145.35419 E0.185802
G1 X116.056019 Y145.049681 E0.185827
G1 X115.612158 Y144.733404 E0.185851
G1 X115.176671 Y144.405572 E0.185876
G1 X114.749858 Y144.066408 E0.185901
G1 X114.332015 Y143.71614 E0.185926
G1 X113.92342 Y143.355017 E0.18595
G1 X113.524348 Y142.98329 E0.185975
G1 X113.135091 Y142.601192 E0.186
G1 X112.755919 Y142.208983 E0.186025
G1 X112.387094 Y141.806928 E0.18605
G1 X112.028872 Y141.3953 E0.186075
G1 X111.681502 Y140.97438 E0.1861
G1 X111.345224 Y140.544453 E0.186125
G1 X111.020272 Y140.105811 E0.18615
G1 X110.70687 Y139.658754 E0.186176
G1 X110.405238 Y139.203585 E0.186201
G1 X110.115586 Y138.740614 E0.186226
G1 X109.838115 Y138.270155 E0.186251
G1 X109.573018 Y137.792531 E0.186276
G1 X109.320482 Y137.308065 E0.186301
G1 X109.080682 Y136.817088 E0.186326
G1 X108.853787 Y136.319935 E0.186351
G1 X108.639952 Y135.816946 E0.186376
G1 X108.439331 Y135.308464 E0.186401
G1 X108.252064 Y134.794835 E0.186426
G1 X108.078284 Y134.27641 E0.186451
G1 X107.918113 Y133.753543 E0.186476
G1 X107.771664 Y133.226592 E0.186501
G1 X107.639043 Y132.695916 E0.186526
G1 X107.520342 Y132.161879 E0.186552
G1 X107.415646 Y131.624845 E0.186577
G1 X107.325031 Y131.085182 E0.186602
G1 X107.248565 Y130.543259 E0.186627
;WIDTH:1.200
; LINE_WIDTH: 1.200
;Z:1.339
;HEIGHT:0.539
G1 X107.186582 Y129.999421 Z0.802245 E0.21845
G1 X107.138851 Y129.45408 Z0.804491 E0.218476
G1 X107.105408 Y128.90761 Z0.806736 E0.218503
G1 X107.086279 Y128.360386 Z0.808982 E0.218529
G1 X107.081482 Y127.812782 Z0.811227 E0.218556
G1 X107.091022 Y127.265175 Z0.813472 E0.218582
G1 X107.114894 Y126.717938 Z0.815718 E0.218609
G1 X107.153088 Y126.171448 Z0.817963 E0.218635
G1 X107.205582 Y125.626079 Z0.820208 E0.218661
G1 X107.272341 Y125.082205 Z0.822454 E0.218688
G1 X107.353325 Y124.540199 Z0.824699 E0.218714
G1 X107.448481 Y124.000434 Z0.826945 E0.218741
G1 X107.557747 Y123.46328 Z0.82919 E0.218767
G1 X107.681053 Y122.929105 Z0.831435 E0.218794
G1 X107.818315 Y122.398277 Z0.833681 E0.21882
G1 X107.969443 Y121.87116 Z0.835926 E0.218847
G1 X108.134338 Y121.348117 Z0.838171 E0.218873
G1 X108.312889 Y120.829506 Z0.840417 E0.2189
G1 X108.504979 Y120.315685 Z0.842662 E0.218926
G1 X108.710478 Y119.807007 Z0.844908 E0.218953
G1 X108.929249 Y119.303822 Z0.847153 E0.218979
G1 X109.161145 Y118.806476 Z0.849398 E0.219006
G1 X109.406011 Y118.315312 Z0.851644 E0.219032
G1 X109.663681 Y117.830667 Z0.853889 E0.219059
G1 X109.933981 Y117.352875 Z0.856135 E0.219085
G1 X110.21673 Y116.882265 Z0.85838 E0.219112
G1 X110.511736 Y116.419163 Z0.860625 E0.219138
G1 X110.818802 Y115.963886 Z0.862871 E0.219165
G1 X111.137719 Y115.516749 Z0.865116 E0.219191
G1 X111.468272 Y115.078061 Z0.867361 E0.219218
G1 X111.810236 Y114.648125 Z0.869607 E0.219244
G1 X112.163381 Y114.227237 Z0.871852 E0.219271
G1 X112.527466 Y113.815687 Z0.874098 E0.219297
G1 X112.902244 Y113.41376 Z0.876343 E0.219324
G1 X113.287462 Y113.021734 Z0.878588 E0.21935
G1 X113.682857 Y112.639879 Z0.880834 E0.219377
G1 X114.088162 Y112.268461 Z0.883079 E0.219403
G1 X114.503101 Y111.907737 Z0.885325 E0.21943
G1 X114.927392 Y111.557956 Z0.88757 E0.219456
G1 X115.360746 Y111.219361 Z0.889815 E0.219483
G1 X115.802869 Y110.892186 Z0.892061 E0.219509
G1 X116.25346 Y110.576659 Z0.894306 E0.219536
G1 X116.712221 Y110.273015 Z0.896551 E0.219562
G1 X117.178834 Y109.981457 Z0.898797 E0.219589
G1 X117.652976 Y109.702179 Z0.901042 E0.219615
G1 X118.134324 Y109.435377 Z0.903288 E0.219641
G1 X118.622549 Y109.181237 Z0.905533 E0.219667
G1 X119.117319 Y108.939936 Z0.907778 E0.219694
G1 X119.618296 Y108.711642 Z0.910024 E0.21972
G1 X120.125138 Y108.496515 Z0.912269 E0.219746
G1 X120.637499 Y108.294705 Z0.914514 E0.219772
G1 X121.155035 Y108.106371 Z0.91676 E0.219798
G1 X121.677389 Y107.93164 Z0.919005 E0.219824
G1 X122.204201 Y107.770623 Z0.921251 E0.21985
G1 X122.735109 Y107.623435 Z0.923496 E0.219876
G1 X123.269751 Y107.49018 Z0.925741 E0.219902
G1 X123.807762 Y107.370952 Z0.927987 E0.219928
G1 X124.348774 Y107.265836 Z0.930232 E0.219954
G1 X124.892416 Y107.174907 Z0.932478 E0.21998
G1 X125.438316 Y107.098232 Z0.934723 E0.220006
G1 X125.986102 Y107.035881 Z0.936968 E0.220032
G1 X126.535399 Y106.9879 Z0.939214 E0.220057
G1 X127.085827 Y106.954311 Z0.941459 E0.220083
G1 X127.63701 Y106.93514 Z0.943704 E0.220109
G1 X128.18857 Y106.930403 Z0.94595 E0.220134
G1 X128.740129 Y106.940108 Z0.948195 E0.22016
G1 X129.291309 Y106.96425 Z0.950441 E0.220186
G1 X129.841733 Y107.002818 Z0.952686 E0.220211
G1 X130.391022 Y107.055786 Z0.954931 E0.220237
G1 X130.938799 Y107.123136 Z0.957177 E0.220262
G1 X131.484685 Y107.204829 Z0.959422 E0.220288
G1 X132.028308 Y107.300794 Z0.961667 E0.220313
G1 X132.569295 Y107.41097 Z0.963913 E0.220338
G1 X133.107274 Y107.535284 Z0.966158 E0.220364
G1 X133.641875 Y107.673654 Z0.968404 E0.220389
G1 X134.172733 Y107.825989 Z0.970649 E0.220414
G1 X134.699481 Y107.992187 Z0.972894 E0.22044
G1 X135.221758 Y108.172138 Z0.97514 E0.220465
G1 X135.739202 Y108.365731 Z0.977385 E0.22049
G1 X136.251451 Y108.572844 Z0.979631 E0.220515
G1 X136.75816 Y108.793321 Z0.981876 E0.22054
G1 X137.258981 Y109.027013 Z0.984121 E0.220565
G1 X137.753569 Y109.273763 Z0.986367 E0.22059
G1 X138.241584 Y109.533405 Z0.988612 E0.220615
G1 X138.722689 Y109.805764 Z0.990857 E0.22064
G1 X139.196553 Y110.090656 Z0.993103 E0.220665
G1 X139.66285 Y110.387888 Z0.995348 E0.220691
G1 X140.121255 Y110.697267 Z0.997594 E0.220715
G1 X140.571441 Y111.018593 Z0.999839 E0.22074
G1 X141.01311 Y111.351631 Z1.002084 E0.220765
G1 X141.445959 Y111.696155 Z1.00433 E0.22079
G1 X141.869688 Y112.051932 Z1.006575 E0.220814
G1 X142.284005 Y112.41872 Z1.00882 E0.220839
G1 X142.688624 Y112.79627 Z1.011066 E0.220864
G1 X143.083264 Y113.184327 Z1.013311 E0.220888
G1 X143.467654 Y113.582625 Z1.015557 E0.220913
G1 X143.841525 Y113.990898 Z1.017802 E0.220938
G1 X144.204601 Y114.408881 Z1.020047 E0.220962
G1 X144.55665 Y114.836272 Z1.022293 E0.220987
G1 X144.897428 Y115.272781 Z1.024538 E0.221011
G1 X145.226698 Y115.71811 Z1.026784 E0.221036
G1 X145.544234 Y116.171955 Z1.029029 E0.22106
G1 X145.849813 Y116.634009 Z1.031274 E0.221084
G1 X146.143226 Y117.103955 Z1.03352 E0.221109
G1 X146.424266 Y117.581474 Z1.035765 E0.221133
G1 X146.692738 Y118.06624 Z1.03801 E0.221157
G1 X146.948431 Y118.557935 Z1.040256 E0.221182
G1 X147.191192 Y119.056209 Z1.042501 E0.221206
G1 X147.420852 Y119.560722 Z1.044747 E0.22123
G1 X147.637249 Y120.071129 Z1.046992 E0.221254
G1 X147.840233 Y120.587082 Z1.049237 E0.221278
G1 X148.029662 Y121.108229 Z1.051483 E0.221302
G1 X148.205403 Y121.634213 Z1.053728 E0.221326
G1 X148.367333 Y122.164676 Z1.055974 E0.22135
G1 X148.515336 Y122.699253 Z1.058219 E0.221374
G1 X148.649282 Y123.237587 Z1.060464 E0.221398
G1 X148.769102 Y123.779301 Z1.06271 E0.221422
G1 X148.874711 Y124.324024 Z1.064955 E0.221446
G1 X148.966035 Y124.871384 Z1.0672 E0.22147
G1 X149.043007 Y125.421006 Z1.069446 E0.221493
G1 X149.105572 Y125.972514 Z1.071691 E0.221517
G1 X149.153684 Y126.52553 Z1.073937 E0.221541
G1 X149.187306 Y127.079675 Z1.076182 E0.221565
G1 X149.206412 Y127.63457 Z1.078427 E0.221589
G1 X149.211018 Y128.189835 Z1.080673 E0.221612
G1 X149.201088 Y128.745091 Z1.082918 E0.221637
G1 X149.176624 Y129.299957 Z1.085163 E0.221661
G1 X149.137639 Y129.854053 Z1.087409 E0.221685
G1 X149.084157 Y130.406998 Z1.089654 E0.221709
G1 X149.016211 Y130.958414 Z1.0919 E0.221733
G1 X148.933845 Y131.507923 Z1.094145 E0.221757
G1 X148.837112 Y132.055146 Z1.09639 E0.221781
G1 X148.726075 Y132.599709 Z1.098636 E0.221806
G1 X148.600834 Y133.141244 Z1.100881 E0.22183
G1 X148.46145 Y133.679376 Z1.103127 E0.221854
G1 X148.30801 Y134.213733 Z1.105372 E0.221879
G1 X148.140617 Y134.74395 Z1.107617 E0.221903
G1 X147.959381 Y135.269661 Z1.109863 E0.221928
G1 X147.764423 Y135.790504 Z1.112108 E0.221952
G1 X147.555876 Y136.306123 Z1.114353 E0.221977
G1 X147.333877 Y136.816162 Z1.116599 E0.222001
G1 X147.098578 Y137.320271 Z1.118844 E0.222026
G1 X146.850157 Y137.818113 Z1.12109 E0.22205
G1 X146.588767 Y138.309341 Z1.123335 E0.222075
G1 X146.314578 Y138.793612 Z1.12558 E0.2221
G1 X146.027774 Y139.270593 Z1.127826 E0.222125
G1 X145.728548 Y139.739955 Z1.130071 E0.22215
G1 X145.417103 Y140.201375 Z1.132316 E0.222174
G1 X145.09365 Y140.654535 Z1.134562 E0.222199
G1 X144.758408 Y141.099122 Z1.136807 E0.222224
G1 X144.411604 Y141.534829 Z1.139053 E0.222249
G1 X144.053489 Y141.961371 Z1.141298 E0.222274
G1 X143.684299 Y142.378446 Z1.143543 E0.222299
G1 X143.304274 Y142.785761 Z1.145789 E0.222324
G1 X142.913672 Y143.183033 Z1.148034 E0.222349
G1 X142.51276 Y143.569988 Z1.15028 E0.222375
G1 X142.101808 Y143.946358 Z1.152525 E0.2224
G1 X141.681098 Y144.311882 Z1.15477 E0.222425
G1 X141.250914 Y144.666309 Z1.157016 E0.22245
G1 X140.811551 Y145.009391 Z1.159261 E0.222475
G1 X140.363317 Y145.340908 Z1.161506 E0.222501
G1 X139.906514 Y145.660626 Z1.163752 E0.222526
G1 X139.441445 Y145.968311 Z1.165997 E0.222552
G1 X138.968427 Y146.263751 Z1.168243 E0.222577
G1 X138.487782 Y146.54674 Z1.170488 E0.222603
G1 X137.999838 Y146.817081 Z1.172733 E0.222628
G1 X137.504928 Y147.074585 Z1.174979 E0.222654
G1 X137.003389 Y147.319074 Z1.177224 E0.222679
G1 X136.495563 Y147.550376 Z1.17947 E0.222705
G1 X135.981803 Y147.768345 Z1.181715 E0.22273
G1 X135.46246 Y147.972831 Z1.18396 E0.222756
G1 X134.937881 Y148.163674 Z1.186206 E0.222782
G1 X134.408425 Y148.34074 Z1.188451 E0.222808
G1 X133.874453 Y148.503904 Z1.190696 E0.222834
G1 X133.33633 Y148.653052 Z1.192942 E0.22286
G1 X132.794424 Y148.788077 Z1.195187 E0.222886
G1 X132.249106 Y148.908885 Z1.197433 E0.222912
G1 X131.700749 Y149.015389 Z1.199678 E0.222938
G1 X131.149729 Y149.107524 Z1.201923 E0.222963
G1 X130.596425 Y149.185234 Z1.204169 E0.22299
G1 X130.041211 Y149.24844 Z1.206414 E0.223016
G1 X129.484466 Y149.297096 Z1.208659 E0.223042
G1 X128.926574 Y149.331166 Z1.210905 E0.223068
G1 X128.367915 Y149.350622 Z1.21315 E0.223095
G1 X127.808872 Y149.355447 Z1.215396 E0.223121
G1 X127.249829 Y149.345635 Z1.217641 E0.223147
G1 X126.691168 Y149.32119 Z1.219886 E0.223173
G1 X126.133273 Y149.282134 Z1.222132 E0.2232
G1 X125.576523 Y149.228504 Z1.224377 E0.223226
G1 X125.021301 Y149.16031 Z1.226623 E0.223253
G1 X124.467989 Y149.077595 Z1.228868 E0.223279
G1 X123.916966 Y148.980412 Z1.231113 E0.223306
G1 X123.368611 Y148.868826 Z1.233359 E0.223332
G1 X122.8233 Y148.742908 Z1.235604 E0.223359
G1 X122.281407 Y148.602741 Z1.237849 E0.223386
G1 X121.743305 Y148.448419 Z1.240095 E0.223412
G1 X121.209362 Y148.28005 Z1.24234 E0.223439
G1 X120.679936 Y148.097767 Z1.244586 E0.223466
G1 X120.1554 Y147.901663 Z1.246831 E0.223493
G1 X119.636115 Y147.69187 Z1.249076 E0.22352
G1 X119.122438 Y147.468529 Z1.251322 E0.223547
G1 X118.614722 Y147.231788 Z1.253567 E0.223573
G1 X118.113316 Y146.981808 Z1.255812 E0.2236
G1 X117.618567 Y146.718757 Z1.258058 E0.223627
G1 X117.130815 Y146.44281 Z1.260303 E0.223654
G1 X116.650395 Y146.154156 Z1.262549 E0.223681
G1 X116.177639 Y145.85299 Z1.264794 E0.223708
G1 X115.712872 Y145.539513 Z1.267039 E0.223735
G1 X115.256415 Y145.213938 Z1.269285 E0.223762
G1 X114.808584 Y144.876485 Z1.27153 E0.223789
G1 X114.369687 Y144.527383 Z1.273776 E0.223816
G1 X113.940027 Y144.166867 Z1.276021 E0.223843
G1 X113.519901 Y143.795183 Z1.278266 E0.22387
G1 X113.109599 Y143.412583 Z1.280512 E0.223897
G1 X112.709406 Y143.019325 Z1.282757 E0.223924
G1 X112.319596 Y142.615679 Z1.285002 E0.223951
G1 X111.94044 Y142.201917 Z1.287248 E0.223978
G1 X111.572201 Y141.77832 Z1.289493 E0.224005
G1 X111.215133 Y141.345177 Z1.291739 E0.224032
G1 X110.869485 Y140.902781 Z1.293984 E0.224059
G1 X110.535497 Y140.451435 Z1.296229 E0.224086
G1 X110.213399 Y139.991445 Z1.298475 E0.224113
G1 X109.903415 Y139.523125 Z1.30072 E0.22414
G1 X109.605761 Y139.046793 Z1.302965 E0.224167
G1 X109.320643 Y138.562775 Z1.305211 E0.224194
G1 X109.048259 Y138.0714 Z1.307456 E0.224221
G1 X108.788801 Y137.573003 Z1.309702 E0.224248
G1 X108.542449 Y137.067924 Z1.311947 E0.224275
G1 X108.309375 Y136.556508 Z1.314192 E0.224302
G1 X108.089742 Y136.039103 Z1.316438 E0.224329
G1 X107.883704 Y135.516063 Z1.318683 E0.224356
G1 X107.691405 Y134.987746 Z1.320929 E0.224383
G1 X107.51298 Y134.454511 Z1.323174 E0.22441
G1 X107.348555 Y133.916724 Z1.325419 E0.224437
G1 X107.198245 Y133.374752 Z1.327665 E0.224464
G1 X107.062157 Y132.828965 Z1.32991 E0.224491
G1 X106.940389 Y132.279737 Z1.332155 E0.224518
G1 X106.833028 Y131.727442 Z1.334401 E0.224545
G1 X106.740149 Y131.17246 Z1.336646 E0.224572
G1 X106.661821 Y130.61517 Z1.338892 E0.224599
;WIDTH:1.200
; LINE_WIDTH: 1.200
;Z:1.875
;HEIGHT:0.536
G1 X106.598114 Y130.055951 Z1.341126 E0.226257
G1 X106.549062 Y129.49519 Z1.343359 E0.226284
G1 X106.5147 Y128.933269 Z1.345593 E0.226311
G1 X106.495057 Y128.370574 Z1.347827 E0.226338
G1 X106.49015 Y127.80749 Z1.350061 E0.226365
G1 X106.499986 Y127.244403 Z1.352295 E0.226392
G1 X106.524562 Y126.6817 Z1.354529 E0.226419
G1 X106.563864 Y126.119765 Z1.356763 E0.226446
G1 X106.61787 Y125.558985 Z1.358997 E0.226474
G1 X106.686545 Y124.999743 Z1.361231 E0.226501
G1 X106.769845 Y124.442424 Z1.363465 E0.226528
G1 X106.867718 Y123.88741 Z1.365699 E0.226555
G1 X106.980098 Y123.335083 Z1.367933 E0.226582
G1 X107.106913 Y122.78582 Z1.370167 E0.226609
G1 X107.24808 Y122.24 Z1.372401 E0.226636
G1 X107.403506 Y121.697998 Z1.374635 E0.226663
G1 X107.573087 Y121.160186 Z1.376869 E0.226691
G1 X107.75671 Y120.626933 Z1.379102 E0.226718
G1 X107.954254 Y120.098607 Z1.381336 E0.226745
G1 X108.165585 Y119.575571 Z1.38357 E0.226772
G1 X108.390561 Y119.058183 Z1.385804 E0.226799
G1 X108.629033 Y118.546801 Z1.388038 E0.226826
G1 X108.880839 Y118.041776 Z1.390272 E0.226853
G1 X109.145811 Y117.543456 Z1.392506 E0.22688
G1 X109.42377 Y117.052185 Z1.39474 E0.226908
G1 X109.714529 Y116.5683 Z1.396974 E0.226935
G1 X110.017891 Y116.092135 Z1.399208 E0.226962
G1 X110.333652 Y115.624019 Z1.401442 E0.226989
G1 X110.661599 Y115.164274 Z1.403676 E0.227016
G1 X111.001516 Y114.713224 Z1.40591 E0.227043
G1 X111.35318 Y114.271186 Z1.408144 E0.22707
G1 X111.716338 Y113.838454 Z1.410378 E0.227097
G1 X112.090744 Y113.415326 Z1.412612 E0.227124
G1 X112.476144 Y113.002096 Z1.414845 E0.227151
G1 X112.872275 Y112.599048 Z1.417079 E0.227178
G1 X113.27887 Y112.206462 Z1.419313 E0.227204
G1 X113.695652 Y111.824609 Z1.421547 E0.227231
G1 X114.122337 Y111.453754 Z1.423781 E0.227258
G1 X114.558639 Y111.094158 Z1.426015 E0.227285
G1 X115.004272 Y110.746084 Z1.428249 E0.227311
G1 X115.458917 Y110.409756 Z1.430483 E0.227338
G1 X115.922265 Y110.085406 Z1.432717 E0.227364
G1 X116.393999 Y109.773261 Z1.434951 E0.227391
G1 X116.873799 Y109.473537 Z1.437185 E0.227418
G1 X117.361337 Y109.186441 Z1.439419 E0.227444
G1 X117.856282 Y108.912175 Z1.441653 E0.227471
G1 X118.358295 Y108.650929 Z1.443887 E0.227497
G1 X118.867035 Y108.402887 Z1.446121 E0.227524
G1 X119.382165 Y108.168245 Z1.448355 E0.22755
G1 X119.903321 Y107.947144 Z1.450588 E0.227576
G1 X120.430146 Y107.739736 Z1.452822 E0.227602
G1 X120.962282 Y107.546169 Z1.455056 E0.227629
G1 X121.499364 Y107.366577 Z1.45729 E0.227655
G1 X122.041026 Y107.201087 Z1.459524 E0.227681
G1 X122.586897 Y107.049816 Z1.461758 E0.227707
G1 X123.136605 Y106.912871 Z1.463992 E0.227733
G1 X123.689772 Y106.790348 Z1.466226 E0.22776
G1 X124.246026 Y106.682363 Z1.46846 E0.227786
G1 X124.80498 Y106.588968 Z1.470694 E0.227811
G1 X125.366251 Y106.510228 Z1.472928 E0.227837
G1 X125.929455 Y106.4462 Z1.475162 E0.227863
G1 X126.494207 Y106.396932 Z1.477396 E0.227889
G1 X127.060118 Y106.362461 Z1.47963 E0.227915
G1 X127.626803 Y106.342813 Z1.481864 E0.227941
G1 X128.193872 Y106.338006 Z1.484098 E0.227967
G1 X128.760936 Y106.348046 Z1.486331 E0.227993
G1 X129.327607 Y106.372954 Z1.488565 E0.228018
G1 X129.893494 Y106.412698 Z1.490799 E0.228044
G1 X130.458211 Y106.467248 Z1.493033 E0.228069
G1 X131.021369 Y106.53657 Z1.495267 E0.228095
G1 X131.582582 Y106.62062 Z1.497501 E0.228121
G1 X132.141465 Y106.719342 Z1.499735 E0.228146
G1 X132.697635 Y106.832674 Z1.501969 E0.228172
G1 X133.250709 Y106.960541 Z1.504203 E0.228197
G1 X133.800308 Y107.102857 Z1.506437 E0.228223
G1 X134.346049 Y107.25955 Z1.508671 E0.228248
G1 X134.887558 Y107.430503 Z1.510905 E0.228274
G1 X135.424465 Y107.615593 Z1.513139 E0.228299
G1 X135.956402 Y107.814696 Z1.515373 E0.228324
G1 X136.483003 Y108.02768 Z1.517607 E0.228349
G1 X137.003906 Y108.2544 Z1.519841 E0.228374
G1 X137.518752 Y108.494706 Z1.522074 E0.2284
G1 X138.027187 Y108.748434 Z1.524308 E0.228425
G1 X138.528862 Y109.015415 Z1.526542 E0.22845
G1 X139.023422 Y109.295481 Z1.528776 E0.228475
G1 X139.510527 Y109.588442 Z1.53101 E0.2285
G1 X139.989848 Y109.894088 Z1.533244 E0.228525
G1 X140.461056 Y110.21221 Z1.535478 E0.22855
G1 X140.923825 Y110.542594 Z1.537712 E0.228575
G1 X141.377837 Y110.885017 Z1.539946 E0.2286
G1 X141.822777 Y111.239246 Z1.54218 E0.228625
G1 X142.25834 Y111.60504 Z1.544414 E0.22865
G1 X142.684224 Y111.982153 Z1.546648 E0.228675
G1 X143.100128 Y112.370335 Z1.548882 E0.2287
G1 X143.505758 Y112.769328 Z1.551116 E0.228724
G1 X143.900847 Y113.178847 Z1.55335 E0.228749
G1 X144.285122 Y113.598613 Z1.555584 E0.228773
G1 X144.658318 Y114.02834 Z1.557817 E0.228798
G1 X145.020175 Y114.467737 Z1.560051 E0.228823
G1 X145.370443 Y114.916504 Z1.562285 E0.228847
G1 X145.70888 Y115.374335 Z1.564519 E0.228872
G1 X146.035252 Y115.840919 Z1.566753 E0.228897
G1 X146.349324 Y116.315942 Z1.568987 E0.228921
G1 X146.650867 Y116.799087 Z1.571221 E0.228945
G1 X146.93969 Y117.290013 Z1.573455 E0.22897
G1 X147.215592 Y117.788383 Z1.575689 E0.228994
G1 X147.478382 Y118.293859 Z1.577923 E0.229018
G1 X147.727876 Y118.806095 Z1.580157 E0.229043
G1 X147.9639 Y119.324741 Z1.582391 E0.229067
G1 X148.186291 Y119.849444 Z1.584625 E0.229091
G1 X148.394892 Y120.379845 Z1.586859 E0.229115
G1 X148.589562 Y120.91558 Z1.589093 E0.22914
G1 X148.770187 Y121.456276 Z1.591327 E0.229164
G1 X148.936615 Y122.001574 Z1.59356 E0.229189
G1 X149.088728 Y122.5511 Z1.595794 E0.229214
G1 X149.226418 Y123.10448 Z1.598028 E0.229238
G1 X149.349588 Y123.661334 Z1.600262 E0.229263
G1 X149.458151 Y124.221282 Z1.602496 E0.229287
G1 X149.552028 Y124.78394 Z1.60473 E0.229312
G1 X149.631153 Y125.348924 Z1.606964 E0.229337
G1 X149.695468 Y125.915846 Z1.609198 E0.229361
G1 X149.744959 Y126.484316 Z1.611432 E0.229386
G1 X149.779556 Y127.053949 Z1.613666 E0.229411
G1 X149.799232 Y127.624355 Z1.6159 E0.229436
G1 X149.803969 Y128.195142 Z1.618134 E0.229461
G1 X149.793763 Y128.76592 Z1.620368 E0.229486
G1 X149.768615 Y129.336297 Z1.622602 E0.229511
G1 X149.728541 Y129.905883 Z1.624836 E0.229536
G1 X149.673564 Y130.474286 Z1.62707 E0.229561
G1 X149.603719 Y131.041117 Z1.629303 E0.229586
G1 X149.51908 Y131.605991 Z1.631537 E0.229611
G1 X149.419675 Y132.16852 Z1.633771 E0.229637
G1 X149.305567 Y132.728315 Z1.636005 E0.229662
G1 X149.17683 Y133.284992 Z1.638239 E0.229687
G1 X149.033549 Y133.83817 Z1.640473 E0.229713
G1 X148.875818 Y134.387468 Z1.642707 E0.229738
G1 X148.703744 Y134.932509 Z1.644941 E0.229763
G1 X148.51744 Y135.472918 Z1.647175 E0.229789
G1 X148.317031 Y136.008325 Z1.649409 E0.229814
G1 X148.102675 Y136.538369 Z1.651643 E0.22984
G1 X147.874499 Y137.062683 Z1.653877 E0.229865
G1 X147.632649 Y137.580902 Z1.656111 E0.229891
G1 X147.377289 Y138.09267 Z1.658345 E0.229917
G1 X147.108588 Y138.597634 Z1.660579 E0.229942
G1 X146.82673 Y139.095446 Z1.662813 E0.229968
G1 X146.531904 Y139.585765 Z1.665046 E0.229994
G1 X146.224309 Y140.068252 Z1.66728 E0.230019
G1 X145.904154 Y140.542574 Z1.669514 E0.230045
G1 X145.571671 Y141.008417 Z1.671748 E0.230071
G1 X145.227079 Y141.465456 Z1.673982 E0.230097
G1 X144.870601 Y141.913369 Z1.676216 E0.230123
G1 X144.502478 Y142.351846 Z1.67845 E0.230149
G1 X144.12296 Y142.780586 Z1.680684 E0.230175
G1 X143.732305 Y143.19929 Z1.682918 E0.230201
G1 X143.330777 Y143.607671 Z1.685152 E0.230227
G1 X142.91865 Y144.005447 Z1.687386 E0.230253
G1 X142.496204 Y144.392341 Z1.68962 E0.230279
G1 X142.063735 Y144.768098 Z1.691854 E0.230305
G1 X141.62154 Y145.132462 Z1.694088 E0.230332
G1 X141.169906 Y145.485165 Z1.696322 E0.230358
G1 X140.709141 Y145.825964 Z1.698556 E0.230385
G1 X140.239559 Y146.154622 Z1.700789 E0.230411
G1 X139.761479 Y146.470911 Z1.703023 E0.230437
G1 X139.275229 Y146.774612 Z1.705257 E0.230464
G1 X138.781138 Y147.065513 Z1.707491 E0.23049
G1 X138.279544 Y147.343413 Z1.709725 E0.230517
G1 X137.770793 Y147.608127 Z1.711959 E0.230543
G1 X137.255238 Y147.859482 Z1.714193 E0.23057
G1 X136.733219 Y148.097282 Z1.716427 E0.230596
G1 X136.205093 Y148.321361 Z1.718661 E0.230623
G1 X135.67122 Y148.531563 Z1.720895 E0.23065
G1 X135.131964 Y148.727741 Z1.723129 E0.230677
G1 X134.587695 Y148.909756 Z1.725363 E0.230703
G1 X134.038785 Y149.07748 Z1.727597 E0.23073
G1 X133.485607 Y149.230796 Z1.729831 E0.230757
G1 X132.928543 Y149.369601 Z1.732065 E0.230784
G1 X132.367976 Y149.493816 Z1.734299 E0.230811
G1 X131.804283 Y149.603328 Z1.736532 E0.230838
G1 X131.237851 Y149.698057 Z1.738766 E0.230865
G1 X130.669066 Y149.777935 Z1.741 E0.230892
G1 X130.098317 Y149.842905 Z1.743234 E0.230919
G1 X129.525997 Y149.892917 Z1.745468 E0.230946
G1 X128.952496 Y149.927934 Z1.747702 E0.230973
G1 X128.378207 Y149.947929 Z1.749936 E0.231001
G1 X127.803525 Y149.952884 Z1.75217 E0.231028
G1 X127.228842 Y149.942795 Z1.754404 E0.231055
G1 X126.654553 Y149.917662 Z1.756638 E0.231082
G1 X126.081051 Y149.8775 Z1.758872 E0.231109
G1 X125.50873 Y149.822333 Z1.761106 E0.231136
G1 X124.937983 Y149.752194 Z1.76334 E0.231163
G1 X124.3692 Y149.667129 Z1.765574 E0.23119
G1 X123.802772 Y149.567192 Z1.767808 E0.231218
G1 X123.239088 Y149.452447 Z1.770042 E0.231245
G1 X122.678536 Y149.322972 Z1.772275 E0.231272
G1 X122.121507 Y149.178821 Z1.774509 E0.231299
G1 X121.56838 Y149.020119 Z1.776743 E0.231326
G1 X121.019532 Y148.846971 Z1.778977 E0.231352
G1 X120.475342 Y148.659493 Z1.781211 E0.231379
G1 X119.936184 Y148.457811 Z1.783445 E0.231406
G1 X119.402429 Y148.242059 Z1.785679 E0.231433
G1 X118.874443 Y148.012382 Z1.787913 E0.23146
G1 X118.35259 Y147.768934 Z1.790147 E0.231486
G1 X117.837228 Y147.51188 Z1.792381 E0.231513
G1 X117.328726 Y147.241369 Z1.794615 E0.23154
G1 X116.827425 Y146.957602 Z1.796849 E0.231566
G1 X116.333668 Y146.660775 Z1.799083 E0.231593
G1 X115.847794 Y146.351089 Z1.801317 E0.231619
G1 X115.370139 Y146.028754 Z1.803551 E0.231646
G1 X114.901032 Y145.693987 Z1.805785 E0.231672
G1 X114.440796 Y145.347015 Z1.808018 E0.231699
G1 X113.98975 Y144.988074 Z1.810252 E0.231725
G1 X113.548204 Y144.617405 Z1.812486 E0.231752
G1 X113.116477 Y144.235247 Z1.81472 E0.231778
G1 X112.694861 Y143.841865 Z1.816954 E0.231804
G1 X112.283641 Y143.437536 Z1.819188 E0.23183
G1 X111.883101 Y143.022534 Z1.821422 E0.231857
G1 X111.493518 Y142.597142 Z1.823656 E0.231883
G1 X111.115162 Y142.161647 Z1.82589 E0.231909
G1 X110.748294 Y141.716348 Z1.828124 E0.231935
G1 X110.393168 Y141.261545 Z1.830358 E0.231961
G1 X110.050031 Y140.797551 Z1.832592 E0.231987
G1 X109.719135 Y140.32467 Z1.834826 E0.232013
G1 X109.400707 Y139.843227 Z1.83706 E0.232039
G1 X109.094957 Y139.35356 Z1.839294 E0.232065
G1 X108.802097 Y138.856001 Z1.841528 E0.232091
G1 X108.522332 Y138.35089 Z1.843761 E0.232117
G1 X108.255855 Y137.838572 Z1.845995 E0.232143
G1 X108.002853 Y137.319395 Z1.848229 E0.232168
G1 X107.763501 Y136.793716 Z1.850463 E0.232194
G1 X107.537967 Y136.261891 Z1.852697 E0.23222
G1 X107.326421 Y135.724281 Z1.854931 E0.232246
G1 X107.129016 Y135.181251 Z1.857165 E0.232271
G1 X106.945873 Y134.63318 Z1.859399 E0.232297
G1 X106.777122 Y134.080442 Z1.861633 E0.232322
G1 X106.622881 Y133.523414 Z1.863867 E0.232348
G1 X106.483259 Y132.962478 Z1.866101 E0.232373
G1 X106.358355 Y132.398018 Z1.868335 E0.232399
G1 X106.248258 Y131.830419 Z1.870569 E0.232424
G1 X106.153047 Y131.260069 Z1.872803 E0.23245
G1 X106.072798 Y130.687359 Z1.875037 E0.232475
;WIDTH:1.200
; LINE_WIDTH: 1.200
;Z:2.416
;HEIGHT:0.541
G1 X106.007561 Y130.112682 Z1.877292 E0.230582
G1 X105.957384 Y129.536431 Z1.879547 E0.230607
G1 X105.922306 Y128.959001 Z1.881803 E0.230632
G1 X105.902353 Y128.380787 Z1.884058 E0.230657
G1 X105.897543 Y127.802186 Z1.886313 E0.230683
G1 X105.907881 Y127.223594 Z1.888568 E0.230708
G1 X105.933365 Y126.645408 Z1.890824 E0.230733
G1 X105.97398 Y126.068024 Z1.893079 E0.230758
G1 X106.029708 Y125.491839 Z1.895334 E0.230783
G1 X106.100533 Y124.917251 Z1.89759 E0.230808
G1 X106.186383 Y124.344652 Z1.899845 E0.230833
G1 X106.287204 Y123.774436 Z1.9021 E0.230858
G1 X106.40293 Y123.206993 Z1.904356 E0.230883
G1 X106.533484 Y122.642712 Z1.906611 E0.230908
G1 X106.678781 Y122.081983 Z1.908866 E0.230933
G1 X106.838724 Y121.525189 Z1.911121 E0.230958
G1 X107.013205 Y120.972713 Z1.913377 E0.230982
G1 X107.202115 Y120.424937 Z1.915632 E0.231007
G1 X107.405346 Y119.882245 Z1.917887 E0.231032
G1 X107.622736 Y119.345002 Z1.920143 E0.231056
G1 X107.85414 Y118.813577 Z1.922398 E0.231081
G1 X108.099402 Y118.288337 Z1.924653 E0.231106
G1 X108.358357 Y117.769641 Z1.926909 E0.23113
G1 X108.63083 Y117.257847 Z1.929164 E0.231155
G1 X108.916637 Y116.753308 Z1.931419 E0.231179
G1 X109.215586 Y116.256371 Z1.933674 E0.231204
G1 X109.527474 Y115.767378 Z1.93593 E0.231228
G1 X109.852089 Y115.286665 Z1.938185 E0.231253
G1 X110.189213 Y114.814564 Z1.94044 E0.231277
G1 X110.538617 Y114.351401 Z1.942696 E0.231302
G1 X110.900063 Y113.897495 Z1.944951 E0.231327
G1 X111.273308 Y113.453159 Z1.947206 E0.231351
G1 X111.658097 Y113.0187 Z1.949462 E0.231376
G1 X112.054169 Y112.594418 Z1.951717 E0.2314
G1 X112.461255 Y112.180605 Z1.953972 E0.231425
G1 X112.879079 Y111.777547 Z1.956227 E0.231449
G1 X113.307355 Y111.385523 Z1.958483 E0.231474
G1 X113.745793 Y111.004804 Z1.960738 E0.231498
G1 X114.194095 Y110.635653 Z1.962993 E0.231523
G1 X114.651955 Y110.278326 Z1.965249 E0.231548
G1 X115.119061 Y109.933071 Z1.967504 E0.231572
G1 X115.595096 Y109.600126 Z1.969759 E0.231597
G1 X116.079735 Y109.279723 Z1.972015 E0.231621
G1 X116.572647 Y108.972083 Z1.97427 E0.231646
G1 X117.073497 Y108.677421 Z1.976525 E0.231671
G1 X117.581942 Y108.395939 Z1.97878 E0.231695
G1 X118.097636 Y108.127836 Z1.981036 E0.23172
G1 X118.620227 Y107.873297 Z1.983291 E0.231744
G1 X119.149358 Y107.6325 Z1.985546 E0.231769
G1 X119.684668 Y107.405612 Z1.987802 E0.231793
G1 X120.225791 Y107.192793 Z1.990057 E0.231818
G1 X120.772358 Y106.994191 Z1.992312 E0.231843
G1 X121.323995 Y106.809945 Z1.994568 E0.231867
G1 X121.880325 Y106.640184 Z1.996823 E0.231892
G1 X122.440967 Y106.485028 Z1.999078 E0.231916
G1 X123.005539 Y106.344586 Z2.001333 E0.231941
G1 X123.573654 Y106.218957 Z2.003589 E0.231966
G1 X124.144923 Y106.108232 Z2.005844 E0.23199
G1 X124.718956 Y106.012489 Z2.008099 E0.232015
G1 X125.29536 Y105.931797 Z2.010355 E0.232039
G1 X125.873739 Y105.866214 Z2.01261 E0.232064
G1 X126.453699 Y105.815789 Z2.014865 E0.232089
G1 X127.034842 Y105.780559 Z2.017121 E0.232113
G1 X127.616769 Y105.760551 Z2.019376 E0.232138
G1 X128.199082 Y105.755783 Z2.021631 E0.232162
G1 X128.781383 Y105.76626 Z2.023886 E0.232187
G1 X129.363271 Y105.79198 Z2.026142 E0.232212
G1 X129.944348 Y105.832928 Z2.028397 E0.232236
G1 X130.524215 Y105.889079 Z2.030652 E0.232261
G1 X131.102475 Y105.960398 Z2.032908 E0.232285
G1 X131.678731 Y106.046838 Z2.035163 E0.23231
G1 X132.252588 Y106.148345 Z2.037418 E0.232335
G1 X132.823651 Y106.26485 Z2.039674 E0.232359
G1 X133.391529 Y106.396278 Z2.041929 E0.232384
G1 X133.955832 Y106.542542 Z2.044184 E0.232408
G1 X134.516172 Y106.703545 Z2.046439 E0.232433
G1 X135.072164 Y106.87918 Z2.048695 E0.232458
G1 X135.623427 Y107.069329 Z2.05095 E0.232482
G1 X136.16958 Y107.273865 Z2.053205 E0.232507
G1 X136.71025 Y107.492651 Z2.055461 E0.232531
G1 X137.245063 Y107.72554 Z2.057716 E0.232556
G1 X137.773654 Y107.972375 Z2.059971 E0.232581
G1 X138.295657 Y108.23299 Z2.062227 E0.232605
G1 X138.810713 Y108.507208 Z2.064482 E0.23263
G1 X139.318468 Y108.794847 Z2.066737 E0.232655
G1 X139.818573 Y109.09571 Z2.068992 E0.232679
G1 X140.310683 Y109.409595 Z2.071248 E0.232704
G1 X140.794458 Y109.736289 Z2.073503 E0.232728
G1 X141.269566 Y110.075571 Z2.075758 E0.232753
G1 X141.735679 Y110.42721 Z2.078014 E0.232778
G1 X142.192476 Y110.790969 Z2.080269 E0.232802
G1 X142.639641 Y111.166601 Z2.082524 E0.232827
G1 X143.076867 Y111.55385 Z2.08478 E0.232852
G1 X143.503851 Y111.952454 Z2.087035 E0.232876
G1 X143.920298 Y112.362143 Z2.08929 E0.232901
G1 X144.325921 Y112.782636 Z2.091545 E0.232926
G1 X144.720439 Y113.21365 Z2.093801 E0.23295
G1 X145.10358 Y113.65489 Z2.096056 E0.232975
G1 X145.475078 Y114.106056 Z2.098311 E0.232999
G1 X145.834677 Y114.566841 Z2.100567 E0.233024
G1 X146.182127 Y115.03693 Z2.102822 E0.233049
G1 X146.517189 Y115.516005 Z2.105077 E0.233073
G1 X146.839629 Y116.003737 Z2.107333 E0.233098
G1 X147.149223 Y116.499796 Z2.109588 E0.233123
G1 X147.445757 Y117.003843 Z2.111843 E0.233147
G1 X147.729025 Y117.515533 Z2.114098 E0.233172
G1 X147.99883 Y118.034518 Z2.116354 E0.233197
G1 X148.254983 Y118.560444 Z2.118609 E0.233221
G1 X148.497329 Y119.092942 Z2.120864 E0.233246
G1 X148.725686 Y119.631654 Z2.12312 E0.233271
G1 X148.939885 Y120.176219 Z2.125375 E0.233296
G1 X149.139778 Y120.726263 Z2.12763 E0.233321
G1 X149.325223 Y121.28141 Z2.129886 E0.233346
G1 X149.49609 Y121.841282 Z2.132141 E0.233371
G1 X149.65226 Y122.405495 Z2.134396 E0.233396
G1 X149.793622 Y122.973664 Z2.136651 E0.233421
G1 X149.920075 Y123.5454 Z2.138907 E0.233446
G1 X150.031552 Y124.120308 Z2.141162 E0.233471
G1 X150.127964 Y124.697997 Z2.143417 E0.233497
G1 X150.209229 Y125.278076 Z2.145673 E0.233522
G1 X150.275289 Y125.860146 Z2.147928 E0.233547
G1 X150.326094 Y126.44381 Z2.150183 E0.233573
G1 X150.361607 Y127.028666 Z2.152439 E0.233598
G1 X150.381799 Y127.614316 Z2.154694 E0.233623
G1 X150.386655 Y128.200357 Z2.156949 E0.233649
G1 X150.376167 Y128.786388 Z2.159204 E0.233674
G1 X150.350359 Y129.372009 Z2.16146 E0.2337
G1 X150.309239 Y129.956818 Z2.163715 E0.233725
G1 X150.252818 Y130.540414 Z2.16597 E0.233751
G1 X150.181131 Y131.122398 Z2.168226 E0.233777
G1 X150.094225 Y131.70237 Z2.170481 E0.233802
G1 X149.992155 Y132.279931 Z2.172736 E0.233828
G1 X149.874988 Y132.854685 Z2.174992 E0.233854
G1 X149.742801 Y133.426239 Z2.177247 E0.233879
G1 X149.595682 Y133.994198 Z2.179502 E0.233905
G1 X149.433745 Y134.558179 Z2.181757 E0.233931
G1 X149.257095 Y135.117795 Z2.184013 E0.233957
G1 X149.065834 Y135.672656 Z2.186268 E0.233983
G1 X148.860092 Y136.222382 Z2.188523 E0.234009
G1 X148.640005 Y136.766594 Z2.190779 E0.234035
G1 X148.405722 Y137.304918 Z2.193034 E0.234061
G1 X148.157399 Y137.836985 Z2.195289 E0.234087
G1 X147.895204 Y138.362426 Z2.197545 E0.234113
G1 X147.619314 Y138.880882 Z2.1998 E0.234139
G1 X147.329928 Y139.392004 Z2.202055 E0.234166
G1 X147.027242 Y139.89544 Z2.20431 E0.234192
G1 X146.711446 Y140.390836 Z2.206566 E0.234218
G1 X146.382753 Y140.877851 Z2.208821 E0.234245
G1 X146.041385 Y141.356148 Z2.211076 E0.234271
G1 X145.687573 Y141.825399 Z2.213332 E0.234298
G1 X145.321558 Y142.285278 Z2.215587 E0.234324
G1 X144.943587 Y142.735469 Z2.217842 E0.23435
G1 X144.553917 Y143.175661 Z2.220098 E0.234377
G1 X144.152823 Y143.605561 Z2.222353 E0.234403
G1 X143.740579 Y144.024875 Z2.224608 E0.23443
G1 X143.317451 Y144.4333 Z2.226863 E0.234457
G1 X142.883728 Y144.830554 Z2.229119 E0.234484
G1 X142.439703 Y145.216362 Z2.231374 E0.23451
G1 X141.985679 Y145.590457 Z2.233629 E0.234537
G1 X141.521965 Y145.952581 Z2.235885 E0.234564
G1 X141.048877 Y146.302481 Z2.23814 E0.234591
G1 X140.566736 Y146.639915 Z2.240395 E0.234617
G1 X140.075878 Y146.964662 Z2.242651 E0.234644
G1 X139.576641 Y147.2765 Z2.244906 E0.234671
G1 X139.069353 Y147.575198 Z2.247161 E0.234699
G1 X138.55436 Y147.860546 Z2.249416 E0.234726
G1 X138.032014 Y148.132347 Z2.251672 E0.234753
G1 X137.502671 Y148.390411 Z2.253927 E0.23478
G1 X136.966691 Y148.634558 Z2.256182 E0.234807
G1 X136.424442 Y148.864617 Z2.258438 E0.234834
G1 X135.876292 Y149.080428 Z2.260693 E0.234861
G1 X135.322621 Y149.28185 Z2.262948 E0.234888
G1 X134.763809 Y149.468752 Z2.265204 E0.234916
G1 X134.20023 Y149.640982 Z2.267459 E0.234943
G1 X133.632269 Y149.798418 Z2.269714 E0.234971
G1 X133.060315 Y149.940948 Z2.271969 E0.234998
G1 X132.484758 Y150.068473 Z2.274225 E0.235026
G1 X131.905992 Y150.1809 Z2.27648 E0.235053
G1 X131.324414 Y150.27815 Z2.278735 E0.235081
G1 X130.740421 Y150.360152 Z2.280991 E0.235108
G1 X130.154413 Y150.426846 Z2.283246 E0.235136
G1 X129.566792 Y150.478184 Z2.285501 E0.235163
G1 X128.977959 Y150.514127 Z2.287757 E0.235191
G1 X128.388318 Y150.534646 Z2.290012 E0.235218
G1 X127.798273 Y150.539722 Z2.292267 E0.235246
G1 X127.208228 Y150.52935 Z2.294522 E0.235273
G1 X126.618589 Y150.503533 Z2.296778 E0.235301
G1 X126.029758 Y150.462284 Z2.299033 E0.235328
G1 X125.44214 Y150.405629 Z2.301288 E0.235356
G1 X124.85614 Y150.333594 Z2.303544 E0.235383
G1 X124.272162 Y150.246211 Z2.305799 E0.23541
G1 X123.690604 Y150.143558 Z2.308054 E0.235437
G1 X123.111867 Y150.025703 Z2.310309 E0.235465
G1 X122.536346 Y149.892723 Z2.312565 E0.235492
G1 X121.964438 Y149.744707 Z2.31482 E0.235519
G1 X121.396535 Y149.581751 Z2.317075 E0.235546
G1 X120.833027 Y149.403964 Z2.319331 E0.235573
G1 X120.274302 Y149.211464 Z2.321586 E0.2356
G1 X119.720746 Y149.004375 Z2.323841 E0.235627
G1 X119.172749 Y148.782817 Z2.326097 E0.235654
G1 X118.630677 Y148.546962 Z2.328352 E0.235681
G1 X118.094903 Y148.29697 Z2.330607 E0.235708
G1 X117.565798 Y148.033009 Z2.332862 E0.235735
G1 X117.043724 Y147.755256 Z2.335118 E0.235762
G1 X116.529041 Y147.463898 Z2.337373 E0.235788
G1 X116.022105 Y147.159133 Z2.339628 E0.235815
G1 X115.523263 Y146.841165 Z2.341884 E0.235842
G1 X115.032863 Y146.510206 Z2.344139 E0.235869
G1 X114.551256 Y146.166462 Z2.346394 E0.235895
G1 X114.078759 Y145.810189 Z2.34865 E0.235922
G1 X113.615699 Y145.441628 Z2.350905 E0.235948
G1 X113.162394 Y145.061029 Z2.35316 E0.235975
G1 X112.719158 Y144.66865 Z2.355415 E0.236001
G1 X112.286297 Y144.264757 Z2.357671 E0.236028
G1 X111.86411 Y143.849625 Z2.359926 E0.236054
G1 X111.452888 Y143.423535 Z2.362181 E0.236081
G1 X111.052919 Y142.986776 Z2.364437 E0.236107
G1 X110.664499 Y142.539627 Z2.366692 E0.236133
G1 X110.287875 Y142.082413 Z2.368947 E0.23616
G1 X109.923309 Y141.615446 Z2.371203 E0.236186
G1 X109.571053 Y141.139042 Z2.373458 E0.236212
G1 X109.23135 Y140.653526 Z2.375713 E0.236238
G1 X108.904438 Y140.15923 Z2.377968 E0.236264
G1 X108.590542 Y139.65649 Z2.380224 E0.23629
G1 X108.289881 Y139.145648 Z2.382479 E0.236317
G1 X108.002666 Y138.627053 Z2.384734 E0.236343
G1 X107.729121 Y138.101045 Z2.38699 E0.236369
G1 X107.469411 Y137.567998 Z2.389245 E0.236394
G1 X107.223717 Y137.028277 Z2.3915 E0.23642
G1 X106.992211 Y136.48225 Z2.393756 E0.236446
G1 X106.775053 Y135.930289 Z2.396011 E0.236472
G1 X106.572397 Y135.372772 Z2.398266 E0.236498
G1 X106.384384 Y134.810079 Z2.400521 E0.236523
G1 X106.211147 Y134.242596 Z2.402777 E0.236549
G1 X106.052808 Y133.670709 Z2.405032 E0.236575
G1 X105.909508 Y133.094804 Z2.407287 E0.236601
G1 X105.781319 Y132.515283 Z2.409543 E0.236626
G1 X105.668333 Y131.932542 Z2.411798 E0.236652
G1 X105.570629 Y131.34698 Z2.414053 E0.236677
G1 X105.488278 Y130.758997 Z2.416309 E0.236703
;WIDTH:1.200
; LINE_WIDTH: 1.200
;Z:2.966
;HEIGHT:0.550
G1 X105.421303 Y130.169 Z2.418598 E0.241547
G1 X105.369791 Y129.577388 Z2.420888 E0.241573
G1 X105.333778 Y128.984565 Z2.423177 E0.241599
G1 X105.313296 Y128.390938 Z2.425467 E0.241626
G1 X105.308391 Y127.796914 Z2.427757 E0.241652
G1 X105.319039 Y127.2029 Z2.430046 E0.241678
G1 X105.345236 Y126.609305 Z2.432336 E0.241704
G1 X105.386967 Y126.016535 Z2.434626 E0.24173
G1 X105.444208 Y125.424998 Z2.436915 E0.241756
G1 X105.516921 Y124.835097 Z2.439205 E0.241782
G1 X105.605061 Y124.247239 Z2.441495 E0.241808
G1 X105.70857 Y123.661827 Z2.443784 E0.241834
G1 X105.827386 Y123.079263 Z2.446074 E0.24186
G1 X105.961453 Y122.499953 Z2.448363 E0.241886
G1 X106.110654 Y121.924291 Z2.450653 E0.241912
G1 X106.274891 Y121.352671 Z2.452943 E0.241937
G1 X106.454055 Y120.785485 Z2.455232 E0.241963
G1 X106.648025 Y120.223125 Z2.457522 E0.241989
G1 X106.856672 Y119.665975 Z2.459812 E0.242015
G1 X107.079855 Y119.11442 Z2.462101 E0.24204
G1 X107.317426 Y118.568838 Z2.464391 E0.242066
G1 X107.569224 Y118.029605 Z2.466681 E0.242092
G1 X107.835079 Y117.497092 Z2.46897 E0.242117
G1 X108.114813 Y116.971664 Z2.47126 E0.242143
G1 X108.408236 Y116.453684 Z2.473549 E0.242169
G1 X108.71515 Y115.943509 Z2.475839 E0.242194
G1 X109.035348 Y115.441489 Z2.478129 E0.24222
G1 X109.368614 Y114.947971 Z2.480418 E0.242246
G1 X109.714721 Y114.463295 Z2.482708 E0.242272
G1 X110.073435 Y113.987795 Z2.484998 E0.242297
G1 X110.444513 Y113.521798 Z2.487287 E0.242323
G1 X110.827702 Y113.065626 Z2.489577 E0.242349
G1 X111.222743 Y112.619594 Z2.491866 E0.242374
G1 X111.629368 Y112.184009 Z2.494156 E0.2424
G1 X112.047301 Y111.759174 Z2.496446 E0.242426
G1 X112.476257 Y111.34538 Z2.498735 E0.242451
G1 X112.915944 Y110.942915 Z2.501025 E0.242477
G1 X113.366064 Y110.552055 Z2.503315 E0.242503
G1 X113.82631 Y110.173073 Z2.505604 E0.242529
G1 X114.296369 Y109.806229 Z2.507894 E0.242554
G1 X114.775921 Y109.451779 Z2.510184 E0.24258
G1 X115.264638 Y109.109966 Z2.512473 E0.242606
G1 X115.762189 Y108.78103 Z2.514763 E0.242631
G1 X116.268233 Y108.465197 Z2.517052 E0.242657
G1 X116.782426 Y108.162687 Z2.519342 E0.242683
G1 X117.304418 Y107.873711 Z2.521632 E0.242709
G1 X117.833851 Y107.598469 Z2.523921 E0.242734
G1 X118.370364 Y107.337152 Z2.526211 E0.24276
G1 X118.913592 Y107.089944 Z2.528501 E0.242786
G1 X119.463163 Y106.857015 Z2.53079 E0.242811
G1 X120.018701 Y106.638529 Z2.53308 E0.242837
G1 X120.579829 Y106.434639 Z2.535369 E0.242863
G1 X121.146161 Y106.245488 Z2.537659 E0.242889
G1 X121.717311 Y106.071208 Z2.539949 E0.242914
G1 X122.292889 Y105.911922 Z2.542238 E0.24294
G1 X122.8725 Y105.767743 Z2.544528 E0.242966
G1 X123.455749 Y105.638772 Z2.546818 E0.242992
G1 X124.042236 Y105.525101 Z2.549107 E0.243017
G1 X124.63156 Y105.426811 Z2.551397 E0.243043
G1 X125.223317 Y105.343973 Z2.553687 E0.243069
G1 X125.817103 Y105.276647 Z2.555976 E0.243094
G1 X126.412511 Y105.224882 Z2.558266 E0.24312
G1 X127.009134 Y105.188717 Z2.560555 E0.243146
G1 X127.606561 Y105.16818 Z2.562845 E0.243172
G1 X128.204385 Y105.163289 Z2.565135 E0.243197
G1 X128.802195 Y105.174051 Z2.567424 E0.243223
G1 X129.399582 Y105.20046 Z2.569714 E0.243249
G1 X129.996136 Y105.242502 Z2.572004 E0.243275
G1 X130.591448 Y105.300152 Z2.574293 E0.2433
G1 X131.18511 Y105.373374 Z2.576583 E0.243326
G1 X131.776713 Y105.462121 Z2.578872 E0.243352
G1 X132.365854 Y105.566335 Z2.581162 E0.243377
G1 X132.952126 Y105.685948 Z2.583452 E0.243403
G1 X133.535128 Y105.820881 Z2.585741 E0.243429
G1 X134.114459 Y105.971046 Z2.588031 E0.243455
G1 X134.689722 Y106.136341 Z2.590321 E0.24348
G1 X135.260521 Y106.316658 Z2.59261 E0.243506
G1 X135.826464 Y106.511875 Z2.5949 E0.243532
G1 X136.387162 Y106.721863 Z2.59719 E0.243558
G1 X136.94223 Y106.94648 Z2.599479 E0.243583
G1 X137.491285 Y107.185575 Z2.601769 E0.243609
G1 X138.033951 Y107.438989 Z2.604058 E0.243635
G1 X138.569854 Y107.706549 Z2.606348 E0.243661
G1 X139.098624 Y107.988076 Z2.608638 E0.243686
G1 X139.6199 Y108.283378 Z2.610927 E0.243712
G1 X140.133321 Y108.592258 Z2.613217 E0.243738
G1 X140.638533 Y108.914506 Z2.615507 E0.243764
G1 X141.13519 Y109.249904 Z2.617796 E0.243789
G1 X141.622947 Y109.598225 Z2.620086 E0.243815
G1 X142.10147 Y109.959234 Z2.622375 E0.243841
G1 X142.570429 Y110.332684 Z2.624665 E0.243867
G1 X143.029499 Y110.718323 Z2.626955 E0.243892
G1 X143.478364 Y111.115889 Z2.629244 E0.243918
G1 X143.916715 Y111.525112 Z2.631534 E0.243944
G1 X144.344248 Y111.945714 Z2.633824 E0.24397
G1 X144.760668 Y112.377409 Z2.636113 E0.243995
G1 X145.165688 Y112.819904 Z2.638403 E0.244021
G1 X145.559028 Y113.272897 Z2.640693 E0.244047
G1 X145.940414 Y113.73608 Z2.642982 E0.244073
G1 X146.309584 Y114.209138 Z2.645272 E0.244098
G1 X146.666282 Y114.691749 Z2.647561 E0.244124
G1 X147.01026 Y115.183584 Z2.649851 E0.24415
G1 X147.34128 Y115.684307 Z2.652141 E0.244176
G1 X147.659114 Y116.193578 Z2.65443 E0.244201
G1 X147.963538 Y116.711049 Z2.65672 E0.244227
G1 X148.254344 Y117.236366 Z2.65901 E0.244253
G1 X148.531327 Y117.769173 Z2.661299 E0.244279
G1 X148.794296 Y118.309105 Z2.663589 E0.244304
G1 X149.043067 Y118.855793 Z2.665878 E0.24433
G1 X149.277466 Y119.408864 Z2.668168 E0.244356
G1 X149.49733 Y119.96794 Z2.670458 E0.244382
G1 X149.702506 Y120.53264 Z2.672747 E0.244407
G1 X149.892849 Y121.102577 Z2.675037 E0.244433
G1 X150.068226 Y121.677363 Z2.677327 E0.244459
G1 X150.228514 Y122.256603 Z2.679616 E0.244485
G1 X150.373599 Y122.839902 Z2.681906 E0.24451
G1 X150.503378 Y123.426861 Z2.684196 E0.244536
G1 X150.61776 Y124.017078 Z2.686485 E0.244562
G1 X150.716663 Y124.61015 Z2.688775 E0.244588
G1 X150.800016 Y125.20567 Z2.691064 E0.244614
G1 X150.867759 Y125.803231 Z2.693354 E0.244639
G1 X150.919841 Y126.402424 Z2.695644 E0.244665
G1 X150.956224 Y127.002838 Z2.697933 E0.244691
G1 X150.97688 Y127.604062 Z2.700223 E0.244717
G1 X150.98179 Y128.205684 Z2.702513 E0.244742
G1 X150.970949 Y128.807291 Z2.704802 E0.244768
G1 X150.94436 Y129.408472 Z2.707092 E0.244794
G1 X150.902039 Y130.008814 Z2.709382 E0.24482
G1 X150.844011 Y130.607906 Z2.711671 E0.244845
G1 X150.770312 Y131.205336 Z2.713961 E0.244871
G1 X150.68099 Y131.800695 Z2.71625 E0.244897
G1 X150.576103 Y132.393574 Z2.71854 E0.244923
G1 X150.455719 Y132.983566 Z2.72083 E0.244949
G1 X150.319918 Y133.570267 Z2.723119 E0.244974
G1 X150.168789 Y134.153273 Z2.725409 E0.245
G1 X150.002432 Y134.732183 Z2.727699 E0.245026
G1 X149.82096 Y135.306601 Z2.729988 E0.245052
G1 X149.624492 Y135.876132 Z2.732278 E0.245077
G1 X149.413161 Y136.440384 Z2.734567 E0.245103
G1 X149.187107 Y136.998969 Z2.736857 E0.245129
G1 X148.946484 Y137.551504 Z2.739147 E0.245155
G1 X148.691452 Y138.097607 Z2.741436 E0.245181
G1 X148.422184 Y138.636904 Z2.743726 E0.245206
G1 X148.138861 Y139.169024 Z2.746016 E0.245232
G1 X147.841675 Y139.693599 Z2.748305 E0.245258
G1 X147.530825 Y140.21027 Z2.750595 E0.245284
G1 X147.206523 Y140.71868 Z2.752885 E0.245309
G1 X146.868988 Y141.218479 Z2.755174 E0.245335
G1 X146.518449 Y141.709322 Z2.757464 E0.245361
G1 X146.155142 Y142.190872 Z2.759753 E0.245387
G1 X145.779315 Y142.662795 Z2.762043 E0.245413
G1 X145.391222 Y143.124768 Z2.764333 E0.245438
G1 X144.991127 Y143.57647 Z2.766622 E0.245464
G1 X144.579301 Y144.017591 Z2.768912 E0.24549
G1 X144.156025 Y144.447825 Z2.771202 E0.245516
G1 X143.721586 Y144.866875 Z2.773491 E0.245541
G1 X143.276279 Y145.274452 Z2.775781 E0.245567
G1 X142.820408 Y145.670274 Z2.77807 E0.245593
G1 X142.354283 Y146.054068 Z2.78036 E0.245619
G1 X141.87822 Y146.425567 Z2.78265 E0.245645
G1 X141.392545 Y146.784514 Z2.784939 E0.24567
G1 X140.897588 Y147.130661 Z2.787229 E0.245696
G1 X140.393687 Y147.463767 Z2.789519 E0.245722
G1 X139.881185 Y147.783602 Z2.791808 E0.245748
G1 X139.360431 Y148.089944 Z2.794098 E0.245774
G1 X138.831781 Y148.38258 Z2.796388 E0.245799
G1 X138.295596 Y148.661306 Z2.798677 E0.245825
G1 X137.752241 Y148.925929 Z2.800967 E0.245851
G1 X137.202088 Y149.176263 Z2.803256 E0.245877
G1 X136.645511 Y149.412135 Z2.805546 E0.245902
G1 X136.082892 Y149.633379 Z2.807836 E0.245928
G1 X135.514614 Y149.839842 Z2.810125 E0.245954
G1 X134.941067 Y150.031378 Z2.812415 E0.24598
G1 X134.362641 Y150.207853 Z2.814705 E0.246006
G1 X133.779733 Y150.369142 Z2.816994 E0.246031
G1 X133.192741 Y150.515133 Z2.819284 E0.246057
G1 X132.602066 Y150.645722 Z2.821573 E0.246083
G1 X132.008114 Y150.760816 Z2.823863 E0.246109
G1 X131.411289 Y150.860332 Z2.826153 E0.246135
G1 X130.812001 Y150.9442 Z2.828442 E0.24616
G1 X130.21066 Y151.012359 Z2.830732 E0.246186
G1 X129.607677 Y151.064758 Z2.833022 E0.246212
G1 X129.003467 Y151.101359 Z2.835311 E0.246238
G1 X128.398441 Y151.122132 Z2.837601 E0.246264
G1 X127.793016 Y151.127062 Z2.839891 E0.246289
G1 X127.187606 Y151.11614 Z2.84218 E0.246315
G1 X126.582626 Y151.089371 Z2.84447 E0.246341
G1 X125.978491 Y151.046769 Z2.846759 E0.246367
G1 X125.375615 Y150.988362 Z2.849049 E0.246393
G1 X124.774411 Y150.914185 Z2.851339 E0.246418
G1 X124.175293 Y150.824286 Z2.853628 E0.246444
G1 X123.57867 Y150.718724 Z2.855918 E0.24647
G1 X122.984954 Y150.597568 Z2.858208 E0.246496
G1 X122.39455 Y150.460896 Z2.860497 E0.246522
G1 X121.807865 Y150.308801 Z2.862787 E0.246547
G1 X121.225302 Y150.141382 Z2.865076 E0.246573
G1 X120.64726 Y149.958751 Z2.867366 E0.246599
G1 X120.074137 Y149.761031 Z2.869656 E0.246625
G1 X119.506327 Y149.548353 Z2.871945 E0.246651
G1 X118.944221 Y149.320861 Z2.874235 E0.246676
G1 X118.388203 Y149.078707 Z2.876525 E0.246702
G1 X117.838658 Y148.822054 Z2.878814 E0.246728
G1 X117.295963 Y148.551076 Z2.881104 E0.246754
G1 X116.760491 Y148.265953 Z2.883394 E0.24678
G1 X116.232611 Y147.96688 Z2.885683 E0.246806
G1 X115.712687 Y147.654059 Z2.887973 E0.246831
G1 X115.201076 Y147.3277 Z2.890262 E0.246857
G1 X114.698132 Y146.988025 Z2.892552 E0.246883
G1 X114.204199 Y146.635263 Z2.894842 E0.246909
G1 X113.71962 Y146.269655 Z2.897131 E0.246935
G1 X113.244728 Y145.891448 Z2.899421 E0.24696
G1 X112.77985 Y145.500897 Z2.901711 E0.246986
G1 X112.325308 Y145.09827 Z2.904 E0.247012
G1 X111.881414 Y144.683838 Z2.90629 E0.247038
G1 X111.448477 Y144.257884 Z2.90858 E0.247064
G1 X111.026794 Y143.820697 Z2.910869 E0.247089
G1 X110.616657 Y143.372574 Z2.913159 E0.247115
G1 X110.21835 Y142.913821 Z2.915448 E0.247141
G1 X109.832148 Y142.44475 Z2.917738 E0.247167
G1 X109.458318 Y141.965679 Z2.920028 E0.247193
G1 X109.097119 Y141.476936 Z2.922317 E0.247218
G1 X108.748802 Y140.978853 Z2.924607 E0.247244
G1 X108.413607 Y140.47177 Z2.926897 E0.24727
G1 X108.091768 Y139.956032 Z2.929186 E0.247296
G1 X107.783508 Y139.431991 Z2.931476 E0.247322
G1 X107.48904 Y138.900005 Z2.933765 E0.247348
G1 X107.208571 Y138.360437 Z2.936055 E0.247373
G1 X106.942293 Y137.813654 Z2.938345 E0.247399
G1 X106.690394 Y137.260031 Z2.940634 E0.247425
G1 X106.45305 Y136.699945 Z2.942924 E0.247451
G1 X106.230424 Y136.133779 Z2.945214 E0.247477
G1 X106.022674 Y135.561919 Z2.947503 E0.247502
G1 X105.829945 Y134.984757 Z2.949793 E0.247528
G1 X105.652372 Y134.402687 Z2.952083 E0.247554
G1 X105.49008 Y133.816107 Z2.954372 E0.24758
G1 X105.343184 Y133.225418 Z2.956662 E0.247606
G1 X105.211786 Y132.631023 Z2.958951 E0.247631
G1 X105.095981 Y132.033331 Z2.961241 E0.247657
G1 X104.995852 Y131.43275 Z2.963531 E0.247683
G1 X104.911469 Y130.82969 Z2.96582 E0.247709
;WIDTH:1.200
; LINE_WIDTH: 1.200
;Z:3.515
;HEIGHT:0.549
G1 X104.842898 Y130.224564 Z2.968108 E0.242911
G1 X104.790184 Y129.617788 Z2.970395 E0.242936
G1 X104.753369 Y129.009777 Z2.972682 E0.242961
G1 X104.732481 Y128.400947 Z2.97497 E0.242987
G1 X104.727536 Y127.791715 Z2.977257 E0.243012
G1 X104.738543 Y127.182499 Z2.979544 E0.243037
G1 X104.765496 Y126.573717 Z2.981832 E0.243063
G1 X104.80838 Y125.965786 Z2.984119 E0.243088
G1 X104.86717 Y125.359122 Z2.986406 E0.243113
G1 X104.941828 Y124.754143 Z2.988694 E0.243138
G1 X105.032308 Y124.151262 Z2.990981 E0.243164
G1 X105.138548 Y123.550894 Z2.993268 E0.243189
G1 X105.260482 Y122.953451 Z2.995556 E0.243214
G1 X105.398027 Y122.359342 Z2.997843 E0.24324
G1 X105.551093 Y121.768976 Z3.00013 E0.243265
G1 X105.719578 Y121.182759 Z3.002418 E0.24329
G1 X105.90337 Y120.601092 Z3.004705 E0.243316
G1 X106.102347 Y120.024376 Z3.006992 E0.243341
G1 X106.316374 Y119.453007 Z3.00928 E0.243366
G1 X106.545309 Y118.887378 Z3.011567 E0.243391
G1 X106.788997 Y118.327877 Z3.013855 E0.243417
G1 X107.047275 Y117.77489 Z3.016142 E0.243442
G1 X107.319968 Y117.228796 Z3.018429 E0.243467
G1 X107.606893 Y116.689972 Z3.020717 E0.243493
G1 X107.907856 Y116.158788 Z3.023004 E0.243518
G1 X108.222654 Y115.63561 Z3.025291 E0.243543
G1 X108.551073 Y115.120799 Z3.027579 E0.243569
G1 X108.892892 Y114.614709 Z3.029866 E0.243594
G1 X109.247878 Y114.117688 Z3.032153 E0.243619
G1 X109.615792 Y113.63008 Z3.034441 E0.243644
G1 X109.996383 Y113.15222 Z3.036728 E0.24367
G1 X110.389394 Y112.684438 Z3.039015 E0.243695
G1 X110.794557 Y112.227058 Z3.041303 E0.24372
G1 X111.211598 Y111.780393 Z3.04359 E0.243746
G1 X111.640233 Y111.344753 Z3.045877 E0.243771
G1 X112.08017 Y110.92044 Z3.048165 E0.243796
G1 X112.531111 Y110.507745 Z3.050452 E0.243822
G1 X112.992749 Y110.106954 Z3.052739 E0.243847
G1 X113.464769 Y109.718345 Z3.055027 E0.243872
G1 X113.94685 Y109.342186 Z3.057314 E0.243897
G1 X114.438664 Y108.978739 Z3.059601 E0.243923
G1 X114.939875 Y108.628253 Z3.061889 E0.243948
G1 X115.450142 Y108.290973 Z3.064176 E0.243973
G1 X115.969117 Y107.967133 Z3.066463 E0.243999
G1 X116.496447 Y107.656957 Z3.068751 E0.244024
G1 X117.03177 Y107.36066 Z3.071038 E0.244049
G1 X117.574723 Y107.078449 Z3.073325 E0.244075
G1 X118.124935 Y106.81052 Z3.075613 E0.2441
G1 X118.682029 Y106.55706 Z3.0779 E0.244125
G1 X119.245625 Y106.318245 Z3.080187 E0.24415
G1 X119.815339 Y106.094242 Z3.082475 E0.244176
G1 X120.390781 Y105.885208 Z3.084762 E0.244201
G1 X120.971558 Y105.691289 Z3.08705 E0.244226
G1 X121.557274 Y105.512621 Z3.089337 E0.244252
G1 X122.147526 Y105.34933 Z3.091624 E0.244277
G1 X122.741912 Y105.20153 Z3.093912 E0.244302
G1 X123.340026 Y105.069327 Z3.096199 E0.244328
G1 X123.941458 Y104.952815 Z3.098486 E0.244353
G1 X124.545796 Y104.852076 Z3.100774 E0.244378
G1 X125.152627 Y104.767182 Z3.103061 E0.244403
G1 X125.761535 Y104.698195 Z3.105348 E0.244429
G1 X126.372104 Y104.645167 Z3.107636 E0.244454
G1 X126.983915 Y104.608136 Z3.109923 E0.244479
G1 X127.596549 Y104.58713 Z3.11221 E0.244505
G1 X128.209586 Y104.582169 Z3.114498 E0.24453
G1 X128.822607 Y104.593258 Z3.116785 E0.244555
G1 X129.43519 Y104.620394 Z3.119072 E0.244581
G1 X130.046917 Y104.66356 Z3.12136 E0.244606
G1 X130.657367 Y104.722731 Z3.123647 E0.244631
G1 X131.266122 Y104.79787 Z3.125934 E0.244656
G1 X131.872765 Y104.888927 Z3.128222 E0.244682
G1 X132.476878 Y104.995845 Z3.130509 E0.244707
G1 X133.078047 Y105.118553 Z3.132796 E0.244732
G1 X133.67586 Y105.256971 Z3.135084 E0.244758
G1 X134.269907 Y105.411006 Z3.137371 E0.244783
G1 X134.859778 Y105.580556 Z3.139658 E0.244808
G1 X135.44507 Y105.765509 Z3.141946 E0.244834
G1 X136.025379 Y105.96574 Z3.144233 E0.244859
G1 X136.600307 Y106.181116 Z3.14652 E0.244884
G1 X137.169459 Y106.411491 Z3.148808 E0.24491
G1 X137.732444 Y106.656713 Z3.151095 E0.244935
G1 X138.288874 Y106.916614 Z3.153382 E0.24496
G1 X138.838367 Y107.191021 Z3.15567 E0.244985
G1 X139.380544 Y107.479747 Z3.157957 E0.245011
G1 X139.915032 Y107.782599 Z3.160244 E0.245036
G1 X140.441464 Y108.099371 Z3.162532 E0.245061
G1 X140.959476 Y108.429849 Z3.164819 E0.245087
G1 X141.468713 Y108.77381 Z3.167107 E0.245112
G1 X141.968822 Y109.13102 Z3.169394 E0.245137
G1 X142.459461 Y109.501238 Z3.171681 E0.245163
G1 X142.940289 Y109.884211 Z3.173969 E0.245188
G1 X143.410976 Y110.279682 Z3.176256 E0.245213
G1 X143.871196 Y110.68738 Z3.178543 E0.245239
G1 X144.320633 Y111.107029 Z3.180831 E0.245264
G1 X144.758976 Y111.538343 Z3.183118 E0.245289
G1 X145.185922 Y111.98103 Z3.185405 E0.245314
G1 X145.601177 Y112.434789 Z3.187693 E0.24534
G1 X146.004452 Y112.89931 Z3.18998 E0.245365
G1 X146.39547 Y113.374278 Z3.192267 E0.24539
G1 X146.773959 Y113.859369 Z3.194555 E0.245416
G1 X147.139658 Y114.354253 Z3.196842 E0.245441
G1 X147.492313 Y114.858591 Z3.199129 E0.245466
G1 X147.83168 Y115.372042 Z3.201417 E0.245492
G1 X148.157523 Y115.894254 Z3.203704 E0.245517
G1 X148.469617 Y116.424872 Z3.205991 E0.245542
G1 X148.767744 Y116.963533 Z3.208279 E0.245568
G1 X149.051698 Y117.50987 Z3.210566 E0.245593
G1 X149.321281 Y118.06351 Z3.212853 E0.245618
G1 X149.576305 Y118.624075 Z3.215141 E0.245643
G1 X149.816591 Y119.191183 Z3.217428 E0.245669
G1 X150.041974 Y119.764445 Z3.219715 E0.245694
G1 X150.252294 Y120.34347 Z3.222003 E0.245719
G1 X150.447405 Y120.927862 Z3.22429 E0.245745
G1 X150.62717 Y121.517223 Z3.226577 E0.24577
G1 X150.791462 Y122.111148 Z3.228865 E0.245795
G1 X150.940166 Y122.709232 Z3.231152 E0.245821
G1 X151.073177 Y123.311066 Z3.233439 E0.245846
G1 X151.190399 Y123.916238 Z3.235727 E0.245871
G1 X151.29175 Y124.524334 Z3.238014 E0.245897
G1 X151.377157 Y125.134937 Z3.240302 E0.245922
G1 X151.446557 Y125.747629 Z3.242589 E0.245947
G1 X151.499901 Y126.361992 Z3.244876 E0.245972
G1 X151.537147 Y126.977604 Z3.247164 E0.245998
G1 X151.558268 Y127.594043 Z3.249451 E0.246023
G1 X151.563246 Y128.210887 Z3.251738 E0.246048
G1 X151.552073 Y128.827714 Z3.254026 E0.246074
G1 X151.524754 Y129.4441 Z3.256313 E0.246099
G1 X151.481305 Y130.059624 Z3.2586 E0.246124
G1 X151.421752 Y130.673862 Z3.260888 E0.24615
G1 X151.346133 Y131.286393 Z3.263175 E0.246175
G1 X151.254495 Y131.896798 Z3.265462 E0.2462
G1 X151.146899 Y132.504658 Z3.26775 E0.246226
G1 X151.023415 Y133.109554 Z3.270037 E0.246251
G1 X150.884125 Y133.711073 Z3.272324 E0.246276
G1 X150.72912 Y134.308801 Z3.274612 E0.246302
G1 X150.558504 Y134.902327 Z3.276899 E0.246327
G1 X150.37239 Y135.491244 Z3.279186 E0.246352
G1 X150.170903 Y136.075147 Z3.281474 E0.246377
G1 X149.954178 Y136.653636 Z3.283761 E0.246403
G1 X149.72236 Y137.226311 Z3.286048 E0.246428
G1 X149.475604 Y137.79278 Z3.288336 E0.246453
G1 X149.214078 Y138.352653 Z3.290623 E0.246479
G1 X148.937958 Y138.905545 Z3.29291 E0.246504
G1 X148.647428 Y139.451075 Z3.295198 E0.246529
G1 X148.342687 Y139.988868 Z3.297485 E0.246555
G1 X148.023939 Y140.518554 Z3.299772 E0.24658
G1 X147.6914 Y141.039768 Z3.30206 E0.246605
G1 X147.345296 Y141.552151 Z3.304347 E0.246631
G1 X146.985861 Y142.05535 Z3.306634 E0.246656
G1 X146.613338 Y142.549018 Z3.308922 E0.246681
G1 X146.227981 Y143.032815 Z3.311209 E0.246706
G1 X145.83005 Y143.506407 Z3.313497 E0.246732
G1 X145.419817 Y143.969468 Z3.315784 E0.246757
G1 X144.997558 Y144.421677 Z3.318071 E0.246782
G1 X144.563563 Y144.862723 Z3.320359 E0.246808
G1 X144.118125 Y145.292301 Z3.322646 E0.246833
G1 X143.661547 Y145.710114 Z3.324933 E0.246858
G1 X143.194141 Y146.115874 Z3.327221 E0.246884
G1 X142.716224 Y146.509299 Z3.329508 E0.246909
G1 X142.228123 Y146.890118 Z3.331795 E0.246934
G1 X141.730168 Y147.258067 Z3.334083 E0.246959
G1 X141.222701 Y147.612891 Z3.33637 E0.246985
G1 X140.706066 Y147.954345 Z3.338657 E0.24701
G1 X140.180616 Y148.282191 Z3.340945 E0.247035
G1 X139.646709 Y148.596202 Z3.343232 E0.247061
G1 X139.104709 Y148.896159 Z3.345519 E0.247086
G1 X138.554987 Y149.181855 Z3.347807 E0.247111
G1 X137.997918 Y149.453091 Z3.350094 E0.247137
G1 X137.433881 Y149.709677 Z3.352381 E0.247162
G1 X136.863263 Y149.951435 Z3.354669 E0.247187
G1 X136.286452 Y150.178196 Z3.356956 E0.247213
G1 X135.703844 Y150.389802 Z3.359243 E0.247238
G1 X135.115835 Y150.586105 Z3.361531 E0.247263
G1 X134.522829 Y150.766966 Z3.363818 E0.247288
G1 X133.92523 Y150.932258 Z3.366105 E0.247314
G1 X133.323448 Y151.081866 Z3.368393 E0.247339
G1 X132.717894 Y151.215683 Z3.37068 E0.247364
G1 X132.108982 Y151.333614 Z3.372967 E0.24739
G1 X131.497129 Y151.435576 Z3.375255 E0.247415
G1 X130.882753 Y151.521495 Z3.377542 E0.24744
G1 X130.266276 Y151.591309 Z3.379829 E0.247466
G1 X129.648119 Y151.644967 Z3.382117 E0.247491
G1 X129.028707 Y151.682428 Z3.384404 E0.247516
G1 X128.408462 Y151.703664 Z3.386691 E0.247542
G1 X127.787811 Y151.708657 Z3.388979 E0.247567
G1 X127.167178 Y151.6974 Z3.391266 E0.247592
G1 X126.54699 Y151.669897 Z3.393554 E0.247617
G1 X125.92767 Y151.626165 Z3.395841 E0.247643
G1 X125.309645 Y151.566229 Z3.398128 E0.247668
G1 X124.693337 Y151.490128 Z3.400416 E0.247693
G1 X124.079169 Y151.39791 Z3.402703 E0.247719
G1 X123.467564 Y151.289636 Z3.40499 E0.247744
G1 X122.858941 Y151.165375 Z3.407278 E0.247769
G1 X122.253717 Y151.025211 Z3.409565 E0.247795
G1 X121.652308 Y150.869235 Z3.411852 E0.24782
G1 X121.055128 Y150.697553 Z3.41414 E0.247845
G1 X120.462585 Y150.510277 Z3.416427 E0.24787
G1 X119.875089 Y150.307533 Z3.418714 E0.247896
G1 X119.293041 Y150.089458 Z3.421002 E0.247921
G1 X118.716843 Y149.856197 Z3.423289 E0.247946
G1 X118.14689 Y149.607908 Z3.425576 E0.247972
G1 X117.583575 Y149.344756 Z3.427864 E0.247997
G1 X117.027284 Y149.066921 Z3.430151 E0.248022
G1 X116.478402 Y148.774588 Z3.432438 E0.248048
G1 X115.937304 Y148.467957 Z3.434726 E0.248073
G1 X115.404365 Y148.147233 Z3.437013 E0.248098
G1 X114.87995 Y147.812634 Z3.4393 E0.248123
G1 X114.364422 Y147.464386 Z3.441588 E0.248149
G1 X113.858134 Y147.102725 Z3.443875 E0.248174
G1 X113.361437 Y146.727897 Z3.446162 E0.248199
G1 X112.874673 Y146.340156 Z3.44845 E0.248225
G1 X112.398177 Y145.939765 Z3.450737 E0.24825
G1 X111.932278 Y145.526995 Z3.453024 E0.248275
G1 X111.477297 Y145.102127 Z3.455312 E0.248301
G1 X111.033549 Y144.665451 Z3.457599 E0.248326
G1 X110.60134 Y144.217262 Z3.459886 E0.248351
G1 X110.180969 Y143.757866 Z3.462174 E0.248376
G1 X109.772726 Y143.287575 Z3.464461 E0.248402
G1 X109.376894 Y142.806709 Z3.466749 E0.248427
G1 X108.993746 Y142.315597 Z3.469036 E0.248452
G1 X108.623548 Y141.814572 Z3.471323 E0.248478
G1 X108.266555 Y141.303976 Z3.473611 E0.248503
G1 X107.923017 Y140.784157 Z3.475898 E0.248528
G1 X107.593169 Y140.255469 Z3.478185 E0.248554
G1 X107.277243 Y139.718273 Z3.480473 E0.248579
G1 X106.975456 Y139.172936 Z3.48276 E0.248604
G1 X106.688019 Y138.619829 Z3.485047 E0.248629
G1 X106.415132 Y138.059331 Z3.487335 E0.248655
G1 X106.156984 Y137.491823 Z3.489622 E0.24868
G1 X105.913756 Y136.917694 Z3.491909 E0.248705
G1 X105.685617 Y136.337336 Z3.494197 E0.248731
G1 X105.472727 Y135.751144 Z3.496484 E0.248756
G1 X105.275235 Y135.159521 Z3.498771 E0.248781
G1 X105.093279 Y134.56287 Z3.501059 E0.248807
G1 X104.926988 Y133.961599 Z3.503346 E0.248832
G1 X104.776477 Y133.356119 Z3.505633 E0.248857
G1 X104.641855 Y132.746845 Z3.507921 E0.248882
G1 X104.523216 Y132.134193 Z3.510208 E0.248908
G1 X104.420645 Y131.518584 Z3.512495 E0.248933
G1 X104.334215 Y130.900437 Z3.514783 E0.248958
;WIDTH:1.200
; LINE_WIDTH: 1.200
;Z:4.075
;HEIGHT:0.560
G1 X104.26394 Y130.280181 Z3.517117 E0.254055
G1 X104.20992 Y129.658234 Z3.51945 E0.254081
G1 X104.172195 Y129.035022 Z3.521784 E0.254108
G1 X104.150796 Y128.41097 Z3.524118 E0.254134
G1 X104.145739 Y127.786508 Z3.526452 E0.25416
G1 X104.157032 Y127.162063 Z3.528786 E0.254187
G1 X104.184671 Y126.538062 Z3.53112 E0.254213
G1 X104.228639 Y125.914935 Z3.533454 E0.254239
G1 X104.28891 Y125.293107 Z3.535788 E0.254266
G1 X104.365446 Y124.673006 Z3.538122 E0.254292
G1 X104.458199 Y124.055057 Z3.540455 E0.254318
G1 X104.567107 Y123.439685 Z3.542789 E0.254345
G1 X104.692099 Y122.82731 Z3.545123 E0.254371
G1 X104.833094 Y122.218355 Z3.547457 E0.254397
G1 X104.989997 Y121.613236 Z3.549791 E0.254424
G1 X105.162705 Y121.01237 Z3.552125 E0.25445
G1 X105.351103 Y120.416169 Z3.554459 E0.254476
G1 X105.555064 Y119.825043 Z3.556793 E0.254503
G1 X105.774452 Y119.239399 Z3.559126 E0.254529
G1 X106.009119 Y118.659638 Z3.56146 E0.254555
G1 X106.258909 Y118.086159 Z3.563794 E0.254582
G1 X106.523652 Y117.519357 Z3.566128 E0.254608
G1 X106.803171 Y116.959622 Z3.568462 E0.254634
G1 X107.097278 Y116.407339 Z3.570796 E0.254661
G1 X107.405773 Y115.862887 Z3.57313 E0.254687
G1 X107.728447 Y115.326643 Z3.575464 E0.254713
G1 X108.065084 Y114.798974 Z3.577798 E0.25474
G1 X108.415454 Y114.280245 Z3.580131 E0.254766
G1 X108.779321 Y113.770812 Z3.582465 E0.254792
G1 X109.156437 Y113.271028 Z3.584799 E0.254819
G1 X109.546548 Y112.781237 Z3.587133 E0.254845
G1 X109.949388 Y112.301775 Z3.589467 E0.254871
G1 X110.364684 Y111.832976 Z3.591801 E0.254898
G1 X110.792154 Y111.37516 Z3.594135 E0.254924
G1 X111.231508 Y110.928646 Z3.596469 E0.25495
G1 X111.682445 Y110.493741 Z3.598802 E0.254977
G1 X112.144661 Y110.070746 Z3.601136 E0.255003
G1 X112.61784 Y109.659953 Z3.60347 E0.255029
G1 X113.10166 Y109.261646 Z3.605804 E0.255055
G1 X113.595792 Y108.876101 Z3.608138 E0.255082
G1 X114.0999 Y108.503584 Z3.610472 E0.255108
G1 X114.613639 Y108.144355 Z3.612806 E0.255134
G1 X115.13666 Y107.798662 Z3.61514 E0.255161
G1 X115.668605 Y107.466744 Z3.617474 E0.255187
G1 X116.209113 Y107.148832 Z3.619807 E0.255213
G1 X116.757814 Y106.845147 Z3.622141 E0.25524
G1 X117.314335 Y106.555899 Z3.624475 E0.255266
G1 X117.878294 Y106.281291 Z3.626809 E0.255292
G1 X118.449308 Y106.021512 Z3.629143 E0.255319
G1 X119.026986 Y105.776746 Z3.631477 E0.255345
G1 X119.610933 Y105.547162 Z3.633811 E0.255371
G1 X120.200751 Y105.332921 Z3.636145 E0.255398
G1 X120.796037 Y105.134172 Z3.638478 E0.255424
G1 X121.396383 Y104.951056 Z3.640812 E0.25545
G1 X122.001379 Y104.783701 Z3.643146 E0.255476
G1 X122.610611 Y104.632224 Z3.64548 E0.255503
G1 X123.223664 Y104.496734 Z3.647814 E0.255529
G1 X123.840116 Y104.377326 Z3.650148 E0.255555
G1 X124.459546 Y104.274086 Z3.652482 E0.255582
G1 X125.081531 Y104.187087 Z3.654816 E0.255608
G1 X125.705645 Y104.116393 Z3.65715 E0.255634
G1 X126.331459 Y104.062055 Z3.659483 E0.255661
G1 X126.958546 Y104.024113 Z3.661817 E0.255687
G1 X127.586476 Y104.002598 Z3.664151 E0.255713
G1 X128.214818 Y103.997528 Z3.666485 E0.25574
G1 X128.843143 Y104.008909 Z3.668819 E0.255766
G1 X129.471019 Y104.036736 Z3.671153 E0.255792
G1 X130.098016 Y104.080995 Z3.673487 E0.255819
G1 X130.723703 Y104.141659 Z3.675821 E0.255845
G1 X131.347653 Y104.218688 Z3.678155 E0.255871
G1 X131.969436 Y104.312034 Z3.680488 E0.255897
G1 X132.588626 Y104.421635 Z3.682822 E0.255924
G1 X133.204798 Y104.547421 Z3.685156 E0.25595
G1 X133.817529 Y104.689308 Z3.68749 E0.255976
G1 X134.426399 Y104.847202 Z3.689824 E0.256003
G1 X135.030988 Y105.020999 Z3.692158 E0.256029
G1 X135.630883 Y105.210583 Z3.694492 E0.256055
G1 X136.22567 Y105.415826 Z3.696826 E0.256082
G1 X136.814941 Y105.636591 Z3.699159 E0.256108
G1 X137.398291 Y105.872731 Z3.701493 E0.256134
G1 X137.975319 Y106.124086 Z3.703827 E0.25616
G1 X138.545628 Y106.390488 Z3.706161 E0.256187
G1 X139.108826 Y106.671756 Z3.708495 E0.256213
G1 X139.664525 Y106.967701 Z3.710829 E0.256239
G1 X140.212342 Y107.278124 Z3.713163 E0.256266
G1 X140.751901 Y107.602814 Z3.715497 E0.256292
G1 X141.28283 Y107.941551 Z3.717831 E0.256318
G1 X141.804763 Y108.294107 Z3.720164 E0.256345
G1 X142.317341 Y108.660243 Z3.722498 E0.256371
G1 X142.820211 Y109.03971 Z3.724832 E0.256397
G1 X143.313025 Y109.432251 Z3.727166 E0.256423
G1 X143.795445 Y109.8376 Z3.7295 E0.25645
G1 X144.267136 Y110.255481 Z3.731834 E0.256476
G1 X144.727773 Y110.685611 Z3.734168 E0.256502
G1 X145.177039 Y111.127697 Z3.736502 E0.256529
G1 X145.614624 Y111.581439 Z3.738835 E0.256555
G1 X146.040224 Y112.046527 Z3.741169 E0.256581
G1 X146.453546 Y112.522646 Z3.743503 E0.256607
G1 X146.854304 Y113.009472 Z3.745837 E0.256634
G1 X147.24222 Y113.506672 Z3.748171 E0.25666
G1 X147.617027 Y114.013909 Z3.750505 E0.256686
G1 X147.978453 Y114.530844 Z3.752839 E0.256713
G1 X148.326246 Y115.057124 Z3.755173 E0.256739
G1 X148.660177 Y115.592382 Z3.757507 E0.256765
G1 X148.980015 Y116.136253 Z3.75984 E0.256791
G1 X149.285537 Y116.688366 Z3.762174 E0.256817
G1 X149.57653 Y117.248345 Z3.764508 E0.256843
G1 X149.852794 Y117.815806 Z3.766842 E0.256869
G1 X150.114134 Y118.390363 Z3.769176 E0.256895
G1 X150.360369 Y118.971623 Z3.77151 E0.256921
G1 X150.591308 Y119.559197 Z3.773844 E0.256946
G1 X150.806802 Y120.152676 Z3.776178 E0.256972
G1 X151.006706 Y120.751653 Z3.778511 E0.256998
G1 X151.19088 Y121.355718 Z3.780845 E0.257024
G1 X151.359195 Y121.964458 Z3.783179 E0.257049
G1 X151.511533 Y122.577456 Z3.785513 E0.257075
G1 X151.647785 Y123.194294 Z3.787847 E0.257101
G1 X151.767856 Y123.81455 Z3.790181 E0.257126
G1 X151.871659 Y124.437798 Z3.792515 E0.257152
G1 X151.959093 Y125.063616 Z3.794849 E0.257177
G1 X152.030121 Y125.69157 Z3.797183 E0.257203
G1 X152.084692 Y126.32123 Z3.799516 E0.257228
G1 X152.122766 Y126.952166 Z3.80185 E0.257254
G1 X152.144312 Y127.583944 Z3.804184 E0.257279
G1 X152.149314 Y128.216133 Z3.806518 E0.257304
G1 X152.137763 Y128.848298 Z3.808852 E0.25733
G1 X152.109665 Y129.480006 Z3.811186 E0.257355
G1 X152.065029 Y130.110824 Z3.81352 E0.257381
G1 X152.003868 Y130.740317 Z3.815854 E0.257406
G1 X151.926243 Y131.368054 Z3.818187 E0.257431
G1 X151.832202 Y131.993606 Z3.820521 E0.257456
G1 X151.721808 Y132.616541 Z3.822855 E0.257481
G1 X151.595132 Y133.236434 Z3.825189 E0.257506
G1 X151.452258 Y133.852859 Z3.827523 E0.257531
G1 X151.293282 Y134.465392 Z3.829857 E0.257556
G1 X151.118309 Y135.073613 Z3.832191 E0.257582
G1 X150.927442 Y135.677099 Z3.834525 E0.257607
G1 X150.720809 Y136.275436 Z3.836859 E0.257631
G1 X150.498564 Y136.868215 Z3.839192 E0.257656
G1 X150.260854 Y137.45503 Z3.841526 E0.257681
G1 X150.00784 Y138.035477 Z3.84386 E0.257706
G1 X149.739693 Y138.609158 Z3.846194 E0.257731
G1 X149.456593 Y139.175676 Z3.848528 E0.257755
G1 X149.158731 Y139.734644 Z3.850862 E0.25778
G1 X148.846309 Y140.285676 Z3.853196 E0.257805
G1 X148.51952 Y140.828381 Z3.85553 E0.25783
G1 X148.178598 Y141.362394 Z3.857863 E0.257854
G1 X147.823781 Y141.887349 Z3.860197 E0.257879
G1 X147.455308 Y142.402885 Z3.862531 E0.257903
G1 X147.07343 Y142.908646 Z3.864865 E0.257928
G1 X146.678405 Y143.404285 Z3.867199 E0.257952
G1 X146.270503 Y143.88946 Z3.869533 E0.257977
G1 X145.85 Y144.363835 Z3.871867 E0.258001
G1 X145.417182 Y144.827084 Z3.874201 E0.258026
G1 X144.972324 Y145.278867 Z3.876535 E0.25805
G1 X144.51575 Y145.718892 Z3.878868 E0.258074
G1 X144.047769 Y146.146854 Z3.881202 E0.258099
G1 X143.568701 Y146.562459 Z3.883536 E0.258123
G1 X143.078871 Y146.965417 Z3.88587 E0.258147
G1 X142.578614 Y147.355452 Z3.888204 E0.258171
G1 X142.068271 Y147.732294 Z3.890538 E0.258195
G1 X141.548189 Y148.09568 Z3.892872 E0.25822
G1 X141.018719 Y148.445354 Z3.895206 E0.258244
G1 X140.480217 Y148.781063 Z3.897539 E0.258268
G1 X139.93306 Y149.102589 Z3.899873 E0.258292
G1 X139.377623 Y149.409711 Z3.902207 E0.258316
G1 X138.814284 Y149.702214 Z3.904541 E0.258339
G1 X138.243429 Y149.979897 Z3.906875 E0.258363
G1 X137.665446 Y150.242565 Z3.909209 E0.258387
G1 X137.080732 Y150.490036 Z3.911543 E0.258411
G1 X136.489685 Y150.722138 Z3.913877 E0.258435
G1 X135.892705 Y150.938693 Z3.916211 E0.258459
G1 X135.290202 Y151.139554 Z3.918544 E0.258483
G1 X134.682591 Y151.32459 Z3.920878 E0.258506
G1 X134.070289 Y151.493673 Z3.923212 E0.25853
G1 X133.453714 Y151.646684 Z3.925546 E0.258553
G1 X132.833289 Y151.783515 Z3.92788 E0.258577
G1 X132.209437 Y151.904068 Z3.930214 E0.258601
G1 X131.582586 Y152.008259 Z3.932548 E0.258624
G1 X130.953165 Y152.096014 Z3.934882 E0.258648
G1 X130.321605 Y152.167268 Z3.937215 E0.258672
G1 X129.688338 Y152.22197 Z3.939549 E0.258695
G1 X129.053799 Y152.260079 Z3.941883 E0.258719
G1 X128.418421 Y152.281568 Z3.944217 E0.258742
G1 X127.78264 Y152.286416 Z3.946551 E0.258766
G1 X127.146893 Y152.274619 Z3.948885 E0.25879
G1 X126.511614 Y152.246181 Z3.951219 E0.258813
G1 X125.877239 Y152.201119 Z3.953553 E0.258837
G1 X125.244203 Y152.139463 Z3.955887 E0.25886
G1 X124.612938 Y152.061274 Z3.95822 E0.258884
G1 X123.983877 Y151.966578 Z3.960554 E0.258908
G1 X123.357453 Y151.855437 Z3.962888 E0.258932
G1 X122.734095 Y151.727924 Z3.965222 E0.258956
G1 X122.114232 Y151.584124 Z3.967556 E0.25898
G1 X121.498288 Y151.424133 Z3.96989 E0.259004
G1 X120.886688 Y151.248056 Z3.972224 E0.259028
G1 X120.27985 Y151.056012 Z3.974558 E0.259052
G1 X119.678189 Y150.848136 Z3.976891 E0.259075
G1 X119.082114 Y150.624579 Z3.979225 E0.2591
G1 X118.49204 Y150.385472 Z3.981559 E0.259124
G1 X117.908373 Y150.130977 Z3.983893 E0.259148
G1 X117.331514 Y149.861265 Z3.986227 E0.259172
G1 X116.76186 Y149.576519 Z3.988561 E0.259196
G1 X116.199803 Y149.27693 Z3.990895 E0.259221
G1 X115.645729 Y148.962701 Z3.993229 E0.259245
G1 X115.10002 Y148.634045 Z3.995563 E0.259269
G1 X114.563042 Y148.291197 Z3.997896 E0.259293
G1 X114.035168 Y147.934386 Z4.00023 E0.259318
G1 X113.516765 Y147.563844 Z4.002564 E0.259342
G1 X113.008192 Y147.179822 Z4.004898 E0.259367
G1 X112.509799 Y146.782582 Z4.007232 E0.259391
G1 X112.02193 Y146.372392 Z4.009566 E0.259415
G1 X111.54492 Y145.949532 Z4.0119 E0.25944
G1 X111.079099 Y145.514289 Z4.014234 E0.259464
G1 X110.624789 Y145.066959 Z4.016567 E0.259489
G1 X110.182286 Y144.607861 Z4.018901 E0.259513
G1 X109.751908 Y144.137296 Z4.021235 E0.259538
G1 X109.333956 Y143.655579 Z4.023569 E0.259563
G1 X108.928719 Y143.16304 Z4.025903 E0.259588
G1 X108.536477 Y142.660014 Z4.028237 E0.259612
G1 X108.1575 Y142.146843 Z4.030571 E0.259637
G1 X107.792053 Y141.623878 Z4.032905 E0.259662
G1 X107.440386 Y141.091475 Z4.035239 E0.259687
G1 X107.102743 Y140.549998 Z4.037572 E0.259711
G1 X106.779338 Y139.999828 Z4.039906 E0.259736
G1 X106.470416 Y139.441326 Z4.04224 E0.259761
G1 X106.176192 Y138.874875 Z4.044574 E0.259787
G1 X105.896869 Y138.30086 Z4.046908 E0.259812
G1 X105.632643 Y137.719674 Z4.049242 E0.259837
G1 X105.383698 Y137.131714 Z4.051576 E0.259862
G1 X105.150207 Y136.537381 Z4.05391 E0.259887
G1 X104.932332 Y135.937082 Z4.056243 E0.259912
G1 X104.730218 Y135.33123 Z4.058577 E0.259937
G1 X104.543999 Y134.720241 Z4.060911 E0.259962
G1 X104.37382 Y134.104526 Z4.063245 E0.259987
G1 X104.219803 Y133.484507 Z4.065579 E0.260013
G1 X104.082055 Y132.860608 Z4.067913 E0.260038
G1 X103.960675 Y132.233255 Z4.070247 E0.260063
G1 X103.855749 Y131.602879 Z4.072581 E0.260089
G1 X103.767352 Y130.969911 Z4.074915 E0.260114
;WIDTH:1.200
; LINE_WIDTH: 1.200
;Z:4.648
;HEIGHT:0.573
G1 X103.695493 Y130.334789 Z4.077301 E0.257842
G1 X103.640263 Y129.697941 Z4.079688 E0.257868
G1 X103.601709 Y129.059802 Z4.082074 E0.257894
G1 X103.57987 Y128.420809 Z4.084461 E0.25792
G1 X103.574766 Y127.781398 Z4.086847 E0.257946
G1 X103.586402 Y127.142008 Z4.089234 E0.257972
G1 X103.614775 Y126.503078 Z4.09162 E0.257998
G1 X103.659869 Y125.865046 Z4.094007 E0.258024
G1 X103.721655 Y125.228348 Z4.096393 E0.25805
G1 X103.800092 Y124.593422 Z4.09878 E0.258076
G1 X103.895108 Y123.960699 Z4.101166 E0.258102
G1 X104.006666 Y123.330616 Z4.103553 E0.258128
G1 X104.134693 Y122.703606 Z4.105939 E0.258154
G1 X104.279104 Y122.080098 Z4.108326 E0.25818
G1 X104.439804 Y121.460522 Z4.110712 E0.258207
G1 X104.616685 Y120.845302 Z4.113099 E0.258233
G1 X104.80963 Y120.234861 Z4.115485 E0.258259
G1 X105.01851 Y119.629618 Z4.117872 E0.258285
G1 X105.243172 Y119.029985 Z4.120259 E0.258312
G1 X105.483466 Y118.436373 Z4.122645 E0.258338
G1 X105.739243 Y117.849194 Z4.125032 E0.258365
G1 X106.010331 Y117.268852 Z4.127418 E0.258391
G1 X106.296547 Y116.695746 Z4.129805 E0.258418
G1 X106.597699 Y116.130272 Z4.132191 E0.258444
G1 X106.913582 Y115.572817 Z4.134578 E0.258471
G1 X107.243984 Y115.023766 Z4.136964 E0.258497
G1 X107.588681 Y114.483497 Z4.139351 E0.258524
G1 X107.947462 Y113.952397 Z4.141737 E0.25855
G1 X108.320061 Y113.43082 Z4.144124 E0.258576
G1 X108.706225 Y112.919122 Z4.14651 E0.258603
G1 X109.105693 Y112.417658 Z4.148897 E0.258629
G1 X109.518192 Y111.926773 Z4.151283 E0.258655
G1 X109.943443 Y111.446806 Z4.15367 E0.258681
G1 X110.381157 Y110.978087 Z4.156056 E0.258708
G1 X110.831036 Y110.520941 Z4.158443 E0.258734
G1 X111.292783 Y110.075693 Z4.160829 E0.25876
G1 X111.766086 Y109.642653 Z4.163216 E0.258786
G1 X112.250611 Y109.222108 Z4.165603 E0.258812
G1 X112.746029 Y108.814351 Z4.167989 E0.258838
G1 X113.252001 Y108.419663 Z4.170376 E0.258864
G1 X113.768184 Y108.038317 Z4.172762 E0.25889
G1 X114.294225 Y107.670576 Z4.175149 E0.258915
G1 X114.829765 Y107.316697 Z4.177535 E0.258941
G1 X115.374441 Y106.976924 Z4.179922 E0.258967
G1 X115.927891 Y106.651516 Z4.182308 E0.258993
G1 X116.489728 Y106.340678 Z4.184695 E0.259019
G1 X117.059566 Y106.044626 Z4.187081 E0.259044
G1 X117.637015 Y105.763564 Z4.189468 E0.25907
G1 X118.221681 Y105.497688 Z4.191854 E0.259096
G1 X118.813166 Y105.247183 Z4.194241 E0.259121
G1 X119.411064 Y105.012224 Z4.196627 E0.259147
G1 X120.014968 Y104.792976 Z4.199014 E0.259172
G1 X120.624468 Y104.5896 Z4.2014 E0.259198
G1 X121.239148 Y104.40225 Z4.203787 E0.259223
G1 X121.858582 Y104.231037 Z4.206173 E0.259249
G1 X122.482347 Y104.076083 Z4.20856 E0.259274
G1 X123.110015 Y103.937497 Z4.210947 E0.259299
G1 X123.741158 Y103.815377 Z4.213333 E0.259325
G1 X124.375343 Y103.709811 Z4.21572 E0.25935
G1 X125.012137 Y103.620873 Z4.218106 E0.259375
G1 X125.651103 Y103.548628 Z4.220493 E0.2594
G1 X126.291805 Y103.493151 Z4.222879 E0.259426
G1 X126.933802 Y103.454468 Z4.225266 E0.259451
G1 X127.576654 Y103.432602 Z4.227652 E0.259476
G1 X128.21992 Y103.42757 Z4.230039 E0.259501
G1 X128.863159 Y103.439381 Z4.232425 E0.259526
G1 X129.50593 Y103.468029 Z4.234812 E0.259551
G1 X130.147793 Y103.513497 Z4.237198 E0.259576
G1 X130.788307 Y103.575758 Z4.239585 E0.259601
G1 X131.427033 Y103.654778 Z4.241971 E0.259626
G1 X132.063529 Y103.750523 Z4.244358 E0.25965
G1 X132.697361 Y103.862907 Z4.246744 E0.259675
G1 X133.328093 Y103.991857 Z4.249131 E0.2597
G1 X133.955294 Y104.137288 Z4.251517 E0.259725
G1 X134.578532 Y104.299102 Z4.253904 E0.259749
G1 X135.197379 Y104.477193 Z4.25629 E0.259774
G1 X135.811411 Y104.671441 Z4.258677 E0.259799
G1 X136.420205 Y104.881715 Z4.261064 E0.259823
G1 X137.023337 Y105.107895 Z4.26345 E0.259848
G1 X137.620393 Y105.349816 Z4.265837 E0.259872
G1 X138.210968 Y105.607308 Z4.268223 E0.259897
G1 X138.794655 Y105.880197 Z4.27061 E0.259921
G1 X139.371052 Y106.168298 Z4.272996 E0.259946
G1 X139.939763 Y106.471418 Z4.275383 E0.25997
G1 X140.500398 Y106.789352 Z4.277769 E0.259994
G1 X141.052569 Y107.121883 Z4.280156 E0.260019
G1 X141.595895 Y107.46879 Z4.282542 E0.260043
G1 X142.12999 Y107.829856 Z4.284929 E0.260067
G1 X142.654498 Y108.204814 Z4.287315 E0.260091
G1 X143.16906 Y108.59341 Z4.289702 E0.260116
G1 X143.673319 Y108.995379 Z4.292088 E0.26014
G1 X144.166928 Y109.410449 Z4.294475 E0.260164
G1 X144.649548 Y109.838338 Z4.296861 E0.260188
G1 X145.120845 Y110.278755 Z4.299248 E0.260212
G1 X145.580494 Y110.7314 Z4.301634 E0.260236
G1 X146.028166 Y111.195977 Z4.304021 E0.26026
G1 X146.463554 Y111.672165 Z4.306408 E0.260284
G1 X146.886366 Y112.159632 Z4.308794 E0.260308
G1 X147.29631 Y112.658045 Z4.311181 E0.260331
G1 X147.693103 Y113.167065 Z4.313567 E0.260355
G1 X148.076471 Y113.686345 Z4.315954 E0.260379
G1 X148.446147 Y114.215532 Z4.31834 E0.260403
G1 X148.801876 Y114.754263 Z4.320727 E0.260427
G1 X149.143413 Y115.302171 Z4.323113 E0.26045
G1 X149.470519 Y115.858884 Z4.3255 E0.260474
G1 X149.782969 Y116.424019 Z4.327886 E0.260498
G1 X150.080545 Y116.997193 Z4.330273 E0.260522
G1 X150.36304 Y117.578013 Z4.332659 E0.260546
G1 X150.630259 Y118.166082 Z4.335046 E0.260569
G1 X150.882016 Y118.761 Z4.337432 E0.260593
G1 X151.118134 Y119.362358 Z4.339819 E0.260617
G1 X151.33845 Y119.969747 Z4.342205 E0.260641
G1 X151.542808 Y120.582752 Z4.344592 E0.260665
G1 X151.731067 Y121.200952 Z4.346978 E0.260688
G1 X151.903093 Y121.823925 Z4.349365 E0.260712
G1 X152.058768 Y122.451246 Z4.351752 E0.260736
G1 X152.19798 Y123.082484 Z4.354138 E0.26076
G1 X152.320631 Y123.717207 Z4.356525 E0.260784
G1 X152.426635 Y124.354983 Z4.358911 E0.260807
G1 X152.515916 Y124.995372 Z4.361298 E0.260831
G1 X152.588409 Y125.637939 Z4.363684 E0.260855
G1 X152.64406 Y126.282241 Z4.366071 E0.260879
G1 X152.68283 Y126.927838 Z4.368457 E0.260902
G1 X152.704688 Y127.574288 Z4.370844 E0.260926
G1 X152.709618 Y128.221147 Z4.37323 E0.26095
G1 X152.697611 Y128.867973 Z4.375617 E0.260974
G1 X152.668674 Y129.514322 Z4.378003 E0.260998
G1 X152.622823 Y130.15975 Z4.38039 E0.261021
G1 X152.560086 Y130.803816 Z4.382776 E0.261045
G1 X152.480504 Y131.446077 Z4.385163 E0.261069
G1 X152.384126 Y132.086092 Z4.387549 E0.261093
G1 X152.271018 Y132.723424 Z4.389936 E0.261116
G1 X152.141252 Y133.357634 Z4.392322 E0.26114
G1 X151.994917 Y133.988287 Z4.394709 E0.261164
G1 X151.832107 Y134.614951 Z4.397095 E0.261188
G1 X151.652933 Y135.237194 Z4.399482 E0.261211
G1 X151.457514 Y135.85459 Z4.401869 E0.261235
G1 X151.245981 Y136.466715 Z4.404255 E0.261259
G1 X151.018475 Y137.073147 Z4.406642 E0.261283
G1 X150.77515 Y137.673471 Z4.409028 E0.261306
G1 X150.51617 Y138.267273 Z4.411415 E0.26133
G1 X150.241709 Y138.854146 Z4.413801 E0.261354
G1 X149.951954 Y139.433686 Z4.416188 E0.261378
G1 X149.6471 Y140.005494 Z4.418574 E0.261401
G1 X149.327352 Y140.569177 Z4.420961 E0.261425
G1 X148.992929 Y141.124347 Z4.423347 E0.261449
G1 X148.644054 Y141.670622 Z4.425734 E0.261473
G1 X148.280966 Y142.207626 Z4.42812 E0.261496
G1 X147.903911 Y142.734988 Z4.430507 E0.26152
G1 X147.513145 Y143.252347 Z4.432893 E0.261544
G1 X147.108933 Y143.759346 Z4.43528 E0.261568
G1 X146.69155 Y144.255634 Z4.437666 E0.261591
G1 X146.261279 Y144.740871 Z4.440053 E0.261615
G1 X145.818413 Y145.214721 Z4.442439 E0.261639
G1 X145.363254 Y145.676857 Z4.444826 E0.261663
G1 X144.89611 Y146.126961 Z4.447213 E0.261686
G1 X144.4173 Y146.564721 Z4.449599 E0.26171
G1 X143.927151 Y146.989836 Z4.451986 E0.261734
G1 X143.425996 Y147.402012 Z4.454372 E0.261758
G1 X142.914176 Y147.800964 Z4.456759 E0.261781
G1 X142.392041 Y148.186416 Z4.459145 E0.261805
G1 X141.859947 Y148.558102 Z4.461532 E0.261829
G1 X141.318256 Y148.915764 Z4.463918 E0.261853
G1 X140.767338 Y149.259154 Z4.466305 E0.261876
G1 X140.207569 Y149.588034 Z4.468691 E0.2619
G1 X139.639331 Y149.902177 Z4.471078 E0.261924
G1 X139.063012 Y150.201364 Z4.473464 E0.261947
G1 X138.479006 Y150.485389 Z4.475851 E0.261971
G1 X137.887711 Y150.754052 Z4.478237 E0.261995
G1 X137.289533 Y151.007168 Z4.480624 E0.262019
G1 X136.684878 Y151.244559 Z4.48301 E0.262042
G1 X136.074161 Y151.466062 Z4.485397 E0.262066
G1 X135.457799 Y151.671519 Z4.487783 E0.26209
G1 X134.836214 Y151.860788 Z4.49017 E0.262113
G1 X134.20983 Y152.033737 Z4.492557 E0.262137
G1 X133.579077 Y152.190244 Z4.494943 E0.262161
G1 X132.944386 Y152.330198 Z4.49733 E0.262185
G1 X132.30619 Y152.4535 Z4.499716 E0.262208
G1 X131.664928 Y152.560064 Z4.502103 E0.262232
G1 X131.021038 Y152.649814 Z4.504489 E0.262256
G1 X130.37496 Y152.722683 Z4.506876 E0.262279
G1 X129.727138 Y152.778619 Z4.509262 E0.262303
G1 X129.078015 Y152.817582 Z4.511649 E0.262327
G1 X128.428036 Y152.83954 Z4.514035 E0.262351
G1 X127.777646 Y152.844477 Z4.516422 E0.262374
G1 X127.12729 Y152.832386 Z4.518808 E0.262398
G1 X126.477416 Y152.803272 Z4.521195 E0.262422
G1 X125.828468 Y152.757151 Z4.523581 E0.262445
G1 X125.180891 Y152.694054 Z4.525968 E0.262469
G1 X124.535129 Y152.614018 Z4.528354 E0.262493
G1 X123.891625 Y152.517097 Z4.530741 E0.262516
G1 X123.250822 Y152.403354 Z4.533127 E0.26254
G1 X122.613157 Y152.272864 Z4.535514 E0.262564
G1 X121.97907 Y152.125712 Z4.5379 E0.262588
G1 X121.348996 Y151.961998 Z4.540287 E0.262611
G1 X120.723366 Y151.78183 Z4.542674 E0.262635
G1 X120.102612 Y151.585329 Z4.54506 E0.262659
G1 X119.487158 Y151.372626 Z4.547447 E0.262682
G1 X118.877419 Y151.143888 Z4.549833 E0.262706
G1 X118.273821 Y150.899246 Z4.55222 E0.26273
G1 X117.676779 Y150.638863 Z4.554606 E0.262754
G1 X117.086704 Y150.362916 Z4.556993 E0.262778
G1 X116.504002 Y150.07159 Z4.559379 E0.262802
G1 X115.929073 Y149.765082 Z4.561766 E0.262826
G1 X115.362313 Y149.4436 Z4.564152 E0.26285
G1 X114.804112 Y149.107361 Z4.566539 E0.262874
G1 X114.254848 Y148.756603 Z4.568925 E0.262898
G1 X113.714896 Y148.391565 Z4.571312 E0.262922
G1 X113.184635 Y148.012483 Z4.573698 E0.262947
G1 X112.664431 Y147.619614 Z4.576085 E0.262971
G1 X112.154643 Y147.213225 Z4.578471 E0.262995
G1 X111.655622 Y146.793591 Z4.580858 E0.263019
G1 X111.167712 Y146.360999 Z4.583244 E0.263044
G1 X110.691249 Y145.915741 Z4.585631 E0.263068
G1 X110.226562 Y145.458121 Z4.588018 E0.263092
G1 X109.773955 Y144.988466 Z4.590404 E0.263117
G1 X109.333753 Y144.507082 Z4.592791 E0.263141
G1 X108.906264 Y144.014293 Z4.595177 E0.263166
G1 X108.491783 Y143.510436 Z4.597564 E0.26319
G1 X108.090596 Y142.995853 Z4.59995 E0.263215
G1 X107.702981 Y142.470896 Z4.602337 E0.263239
G1 X107.329206 Y141.935922 Z4.604723 E0.263264
G1 X106.969529 Y141.391296 Z4.60711 E0.263288
G1 X106.624193 Y140.837395 Z4.609496 E0.263313
G1 X106.293429 Y140.274599 Z4.611883 E0.263338
G1 X105.977481 Y139.703284 Z4.614269 E0.263362
G1 X105.676568 Y139.123839 Z4.616656 E0.263387
G1 X105.390899 Y138.53666 Z4.619042 E0.263412
G1 X105.120674 Y137.942149 Z4.621429 E0.263437
G1 X104.86608 Y137.340711 Z4.623815 E0.263462
G1 X104.627294 Y136.732757 Z4.626202 E0.263487
G1 X104.404484 Y136.118703 Z4.628588 E0.263511
G1 X104.197786 Y135.498975 Z4.630975 E0.263536
G1 X104.007358 Y134.873991 Z4.633362 E0.263561
G1 X103.833338 Y134.244175 Z4.635748 E0.263587
G1 X103.675851 Y133.60996 Z4.638135 E0.263612
G1 X103.535005 Y132.971779 Z4.640521 E0.263637
G1 X103.410903 Y132.330069 Z4.642908 E0.263662
G1 X103.30363 Y131.685268 Z4.645294 E0.263687
G1 X103.213265 Y131.037819 Z4.647681 E0.263712
;WIDTH:1.200
; LINE_WIDTH: 1.200
;Z:5.225
;HEIGHT:0.578
G1 X103.139846 Y130.388166 Z4.650088 E0.263737
G1 X103.083432 Y129.736754 Z4.652495 E0.263763
G1 X103.044086 Y129.084024 Z4.654902 E0.263788
G1 X103.021838 Y128.430425 Z4.657309 E0.263814
G1 X103.016707 Y127.776403 Z4.659716 E0.26384
G1 X103.028699 Y127.122408 Z4.662123 E0.263865
G1 X103.05781 Y126.468888 Z4.664531 E0.263891
G1 X103.104022 Y125.816291 Z4.666938 E0.263916
G1 X103.167308 Y125.165063 Z4.669345 E0.263942
G1 X103.247608 Y124.51565 Z4.671752 E0.263968
G1 X103.344883 Y123.868497 Z4.674159 E0.263994
G1 X103.459077 Y123.224049 Z4.676566 E0.264019
G1 X103.590114 Y122.582748 Z4.678973 E0.264045
G1 X103.737908 Y121.945035 Z4.68138 E0.264071
G1 X103.902362 Y121.311347 Z4.683788 E0.264097
G1 X104.083365 Y120.68212 Z4.686195 E0.264123
G1 X104.280797 Y120.057785 Z4.688602 E0.264149
G1 X104.494518 Y119.438769 Z4.691009 E0.264175
G1 X104.724376 Y118.825492 Z4.693416 E0.264201
G1 X104.970233 Y118.218383 Z4.695823 E0.264227
G1 X105.231923 Y117.617858 Z4.69823 E0.264253
G1 X105.509272 Y117.024331 Z4.700637 E0.264279
G1 X105.802092 Y116.438209 Z4.703045 E0.264305
G1 X106.110185 Y115.859896 Z4.705452 E0.264332
G1 X106.433343 Y115.28979 Z4.707859 E0.264358
G1 X106.771347 Y114.728283 Z4.710266 E0.264384
G1 X107.123952 Y114.175751 Z4.712673 E0.26441
G1 X107.490932 Y113.63258 Z4.71508 E0.264437
G1 X107.872043 Y113.099149 Z4.717487 E0.264463
G1 X108.267026 Y112.575825 Z4.719894 E0.26449
G1 X108.675615 Y112.062968 Z4.722302 E0.264516
G1 X109.09753 Y111.560933 Z4.724709 E0.264542
G1 X109.532487 Y111.070066 Z4.727116 E0.264569
G1 X109.980189 Y110.590704 Z4.729523 E0.264595
G1 X110.440338 Y110.123187 Z4.73193 E0.264622
G1 X110.912629 Y109.667845 Z4.734337 E0.264648
G1 X111.396725 Y109.224978 Z4.736744 E0.264674
G1 X111.892297 Y108.794893 Z4.739151 E0.2647
G1 X112.399008 Y108.377886 Z4.741559 E0.264726
G1 X112.916512 Y107.974247 Z4.743966 E0.264752
G1 X113.444458 Y107.584255 Z4.746373 E0.264779
G1 X113.982484 Y107.20818 Z4.74878 E0.264805
G1 X114.530225 Y106.846282 Z4.751187 E0.264831
G1 X115.087319 Y106.498833 Z4.753594 E0.264857
G1 X115.653375 Y106.166057 Z4.756001 E0.264883
G1 X116.228005 Y105.848183 Z4.758408 E0.264908
G1 X116.810815 Y105.54543 Z4.760816 E0.264934
G1 X117.401408 Y105.25801 Z4.763223 E0.26496
G1 X117.999382 Y104.986121 Z4.76563 E0.264986
G1 X118.604326 Y104.729955 Z4.768037 E0.265012
G1 X119.215829 Y104.489688 Z4.770444 E0.265038
G1 X119.833475 Y104.265499 Z4.772851 E0.265063
G1 X120.456844 Y104.057553 Z4.775258 E0.265089
G1 X121.085504 Y103.865978 Z4.777665 E0.265114
G1 X121.719024 Y103.690909 Z4.780073 E0.26514
G1 X122.356971 Y103.532468 Z4.78248 E0.265165
G1 X122.998909 Y103.390767 Z4.784887 E0.265191
G1 X123.644398 Y103.265907 Z4.787294 E0.265216
G1 X124.292997 Y103.157977 Z4.789701 E0.265242
G1 X124.944262 Y103.067053 Z4.792108 E0.265267
G1 X125.597749 Y102.993228 Z4.794515 E0.265293
G1 X126.253007 Y102.936532 Z4.796922 E0.265318
G1 X126.909587 Y102.897005 Z4.79933 E0.265343
G1 X127.56704 Y102.874677 Z4.801737 E0.265368
G1 X128.224914 Y102.869566 Z4.804144 E0.265394
G1 X128.882758 Y102.88168 Z4.806551 E0.265419
G1 X129.540123 Y102.911013 Z4.808958 E0.265444
G1 X130.196557 Y102.957548 Z4.811365 E0.265469
G1 X130.851609 Y103.021269 Z4.813772 E0.265494
G1 X131.504827 Y103.10214 Z4.816179 E0.265519
G1 X132.155766 Y103.200092 Z4.818587 E0.265544
G1 X132.803978 Y103.315061 Z4.820994 E0.265569
G1 X133.449019 Y103.446972 Z4.823401 E0.265594
G1 X134.090446 Y103.595736 Z4.825808 E0.265619
G1 X134.727819 Y103.761256 Z4.828215 E0.265644
G1 X135.3607 Y103.943421 Z4.830622 E0.265669
G1 X135.988654 Y104.14211 Z4.833029 E0.265694
G1 X136.611241 Y104.357214 Z4.835436 E0.265718
G1 X137.22804 Y104.588565 Z4.837844 E0.265743
G1 X137.838628 Y104.836006 Z4.840251 E0.265768
G1 X138.442585 Y105.09937 Z4.842658 E0.265792
G1 X139.039497 Y105.37848 Z4.845065 E0.265817
G1 X139.628952 Y105.673147 Z4.847472 E0.265841
G1 X140.210545 Y105.983171 Z4.849879 E0.265866
G1 X140.783877 Y106.308345 Z4.852286 E0.265891
G1 X141.348545 Y106.648457 Z4.854693 E0.265915
G1 X141.904159 Y107.003281 Z4.857101 E0.265939
G1 X142.450343 Y107.372561 Z4.859508 E0.265964
G1 X142.986723 Y107.756047 Z4.861915 E0.265988
G1 X143.512929 Y108.153479 Z4.864322 E0.266012
G1 X144.028598 Y108.564587 Z4.866729 E0.266037
G1 X144.533374 Y108.989091 Z4.869136 E0.266061
G1 X145.02691 Y109.426704 Z4.871543 E0.266085
G1 X145.508865 Y109.877127 Z4.87395 E0.266109
G1 X145.978887 Y110.340075 Z4.876358 E0.266134
G1 X146.43667 Y110.815211 Z4.878765 E0.266157
G1 X146.881898 Y111.302211 Z4.881172 E0.266181
G1 X147.314265 Y111.800745 Z4.883579 E0.266205
G1 X147.73347 Y112.310471 Z4.885986 E0.266229
G1 X148.139226 Y112.831044 Z4.888393 E0.266253
G1 X148.53125 Y113.362107 Z4.8908 E0.266277
G1 X148.909273 Y113.903299 Z4.893207 E0.266301
G1 X149.273019 Y114.454259 Z4.895615 E0.266325
G1 X149.622237 Y115.01461 Z4.898022 E0.266349
G1 X149.956696 Y115.583961 Z4.900429 E0.266373
G1 X150.276166 Y116.161923 Z4.902836 E0.266396
G1 X150.580423 Y116.748102 Z4.905243 E0.26642
G1 X150.869257 Y117.342097 Z4.90765 E0.266444
G1 X151.142467 Y117.943504 Z4.910057 E0.266467
G1 X151.399864 Y118.55191 Z4.912464 E0.266491
G1 X151.641267 Y119.1669 Z4.914872 E0.266515
G1 X151.866509 Y119.788054 Z4.917279 E0.266538
G1 X152.075432 Y120.414947 Z4.919686 E0.266562
G1 X152.26789 Y121.04715 Z4.922093 E0.266586
G1 X152.443748 Y121.684231 Z4.9245 E0.266609
G1 X152.602884 Y122.325754 Z4.926907 E0.266633
G1 X152.745184 Y122.971281 Z4.929314 E0.266657
G1 X152.870548 Y123.620369 Z4.931721 E0.26668
G1 X152.978888 Y124.272574 Z4.934129 E0.266704
G1 X153.070125 Y124.92745 Z4.936536 E0.266728
G1 X153.144194 Y125.584548 Z4.938943 E0.266751
G1 X153.201041 Y126.243418 Z4.94135 E0.266775
G1 X153.240625 Y126.903609 Z4.943757 E0.266799
G1 X153.262915 Y127.564669 Z4.946164 E0.266822
G1 X153.267894 Y128.226144 Z4.948571 E0.266846
G1 X153.255554 Y128.887581 Z4.950978 E0.26687
G1 X153.225901 Y129.548528 Z4.953386 E0.266893
G1 X153.178952 Y130.20853 Z4.955793 E0.266917
G1 X153.114735 Y130.867135 Z4.9582 E0.266941
G1 X153.033293 Y131.523892 Z4.960607 E0.266964
G1 X152.934677 Y132.178349 Z4.963014 E0.266988
G1 X152.818954 Y132.830059 Z4.965421 E0.267011
G1 X152.686198 Y133.478573 Z4.967828 E0.267035
G1 X152.536498 Y134.123447 Z4.970235 E0.267059
G1 X152.369954 Y134.764238 Z4.972643 E0.267082
G1 X152.186676 Y135.400506 Z4.97505 E0.267106
G1 X151.986787 Y136.031814 Z4.977457 E0.26713
G1 X151.770421 Y136.657728 Z4.979864 E0.267153
G1 X151.537723 Y137.277819 Z4.982271 E0.267177
G1 X151.288851 Y137.89166 Z4.984678 E0.267201
G1 X151.023973 Y138.498829 Z4.987085 E0.267224
G1 X150.743266 Y139.09891 Z4.989492 E0.267248
G1 X150.446921 Y139.691489 Z4.9919 E0.267271
G1 X150.135138 Y140.27616 Z4.994307 E0.267295
G1 X149.808127 Y140.852519 Z4.996714 E0.267319
G1 X149.46611 Y141.42017 Z4.999121 E0.267342
G1 X149.109318 Y141.978723 Z5.001528 E0.267366
G1 X148.737995 Y142.527793 Z5.003935 E0.267389
G1 X148.352392 Y143.067002 Z5.006342 E0.267413
G1 X147.952771 Y143.595979 Z5.008749 E0.267437
G1 X147.539403 Y144.114359 Z5.011157 E0.26746
G1 X147.11257 Y144.621786 Z5.013564 E0.267484
G1 X146.67256 Y145.11791 Z5.015971 E0.267507
G1 X146.219674 Y145.602387 Z5.018378 E0.267531
G1 X145.754219 Y146.074884 Z5.020785 E0.267555
G1 X145.276513 Y146.535076 Z5.023192 E0.267578
G1 X144.786881 Y146.982644 Z5.025599 E0.267602
G1 X144.285657 Y147.41728 Z5.028006 E0.267625
G1 X143.773181 Y147.838684 Z5.030414 E0.267649
G1 X143.249804 Y148.246564 Z5.032821 E0.267673
G1 X142.715882 Y148.640638 Z5.035228 E0.267696
G1 X142.171779 Y149.020634 Z5.037635 E0.26772
G1 X141.617865 Y149.386288 Z5.040042 E0.267743
G1 X141.054521 Y149.737347 Z5.042449 E0.267767
G1 X140.482129 Y150.073569 Z5.044856 E0.267791
G1 X139.90108 Y150.394721 Z5.047263 E0.267814
G1 X139.311772 Y150.700579 Z5.049671 E0.267838
G1 X138.714607 Y150.990931 Z5.052078 E0.267861
G1 X138.109993 Y151.265576 Z5.054485 E0.267885
G1 X137.498342 Y151.524322 Z5.056892 E0.267908
G1 X136.880074 Y151.766989 Z5.059299 E0.267932
G1 X136.255609 Y151.993407 Z5.061706 E0.267956
G1 X135.625376 Y152.20342 Z5.064113 E0.267979
G1 X134.989806 Y152.39688 Z5.06652 E0.268003
G1 X134.349333 Y152.573651 Z5.068928 E0.268026
G1 X133.704396 Y152.733611 Z5.071335 E0.26805
G1 X133.055435 Y152.876645 Z5.073742 E0.268073
G1 X132.402895 Y153.002653 Z5.076149 E0.268097
G1 X131.747222 Y153.111546 Z5.078556 E0.26812
G1 X131.088865 Y153.203245 Z5.080963 E0.268144
G1 X130.428276 Y153.277685 Z5.08337 E0.268168
G1 X129.765906 Y153.334812 Z5.085777 E0.268191
G1 X129.10221 Y153.374583 Z5.088185 E0.268215
G1 X128.437641 Y153.39697 Z5.090592 E0.268238
G1 X127.772656 Y153.401953 Z5.092999 E0.268262
G1 X127.10771 Y153.389525 Z5.095406 E0.268285
G1 X126.443259 Y153.359692 Z5.097813 E0.268309
G1 X125.779759 Y153.312471 Z5.10022 E0.268332
G1 X125.117664 Y153.247892 Z5.102627 E0.268356
G1 X124.457428 Y153.165996 Z5.105034 E0.268379
G1 X123.799505 Y153.066835 Z5.107442 E0.268403
G1 X123.144345 Y152.950477 Z5.109849 E0.268426
G1 X122.492399 Y152.816995 Z5.112256 E0.26845
G1 X121.844114 Y152.666481 Z5.114663 E0.268474
G1 X121.199934 Y152.499033 Z5.11707 E0.268497
G1 X120.560302 Y152.314763 Z5.119477 E0.268521
G1 X119.925658 Y152.113795 Z5.121884 E0.268544
G1 X119.296437 Y151.896264 Z5.124291 E0.268568
G1 X118.673071 Y151.662315 Z5.126699 E0.268591
G1 X118.055989 Y151.412107 Z5.129106 E0.268615
G1 X117.445615 Y151.145807 Z5.131513 E0.268638
G1 X116.842368 Y150.863597 Z5.13392 E0.268662
G1 X116.246663 Y150.565665 Z5.136327 E0.268685
G1 X115.658909 Y150.252214 Z5.138734 E0.268709
G1 X115.079513 Y149.923455 Z5.141141 E0.268732
G1 X114.508871 Y149.579612 Z5.143548 E0.268756
G1 X113.947376 Y149.220917 Z5.145956 E0.268779
G1 X113.395416 Y148.847613 Z5.148363 E0.268803
G1 X112.853369 Y148.459955 Z5.15077 E0.268826
G1 X112.321609 Y148.058206 Z5.153177 E0.26885
G1 X111.800502 Y147.642637 Z5.155584 E0.268873
G1 X111.290408 Y147.213533 Z5.157991 E0.268897
G1 X110.791678 Y146.771183 Z5.160398 E0.26892
G1 X110.304657 Y146.31589 Z5.162805 E0.268944
G1 X109.82968 Y145.847962 Z5.165213 E0.268967
G1 X109.367074 Y145.367719 Z5.16762 E0.268991
G1 X108.917158 Y144.875489 Z5.170027 E0.269014
G1 X108.480244 Y144.371605 Z5.172434 E0.269038
G1 X108.056633 Y143.856412 Z5.174841 E0.269061
G1 X107.646618 Y143.33026 Z5.177248 E0.269085
G1 X107.250481 Y142.793509 Z5.179655 E0.269108
G1 X106.868499 Y142.246523 Z5.182062 E0.269132
G1 X106.500935 Y141.689677 Z5.18447 E0.269155
G1 X106.148042 Y141.123351 Z5.186877 E0.269179
G1 X105.810066 Y140.54793 Z5.189284 E0.269202
G1 X105.48724 Y139.963809 Z5.191691 E0.269226
G1 X105.179789 Y139.371385 Z5.194098 E0.269249
G1 X104.887926 Y138.771064 Z5.196505 E0.269273
G1 X104.611854 Y138.163256 Z5.198912 E0.269296
G1 X104.351764 Y137.548375 Z5.201319 E0.26932
G1 X104.10784 Y136.926841 Z5.203727 E0.269343
G1 X103.880249 Y136.299081 Z5.206134 E0.269367
G1 X103.669151 Y135.665524 Z5.208541 E0.26939
G1 X103.474693 Y135.026601 Z5.210948 E0.269414
G1 X103.297011 Y134.382751 Z5.213355 E0.269437
G1 X103.136231 Y133.734415 Z5.215762 E0.26946
G1 X102.992465 Y133.082034 Z5.218169 E0.269484
G1 X102.865814 Y132.426057 Z5.220576 E0.269507
G1 X102.756371 Y131.766932 Z5.222984 E0.269531
G1 X102.664211 Y131.10511 Z5.225391 E0.269554
;WIDTH:1.200
; LINE_WIDTH: 1.200
;Z:5.824
;HEIGHT:0.598
G1 X102.589322 Y130.441052 Z5.227884 E0.271407
G1 X102.531837 Y129.775201 Z5.230377 E0.271431
G1 X102.491798 Y129.108014 Z5.232871 E0.271456
G1 X102.469235 Y128.439947 Z5.235364 E0.27148
G1 X102.464168 Y127.771458 Z5.237857 E0.271505
G1 X102.476603 Y127.103006 Z5.240351 E0.271529
G1 X102.506536 Y126.435048 Z5.242844 E0.271553
G1 X102.553949 Y125.768042 Z5.245337 E0.271578
G1 X102.618812 Y125.102446 Z5.247831 E0.271602
G1 X102.701084 Y124.438717 Z5.250324 E0.271627
G1 X102.800711 Y123.777309 Z5.252817 E0.271651
G1 X102.917628 Y123.118677 Z5.255311 E0.271676
G1 X103.051758 Y122.463272 Z5.257804 E0.2717
G1 X103.203013 Y121.811544 Z5.260297 E0.271724
G1 X103.371292 Y121.163941 Z5.262791 E0.271749
G1 X103.556483 Y120.520907 Z5.265284 E0.271773
G1 X103.758462 Y119.882884 Z5.267777 E0.271798
G1 X103.977093 Y119.250311 Z5.270271 E0.271822
G1 X104.212229 Y118.623621 Z5.272764 E0.271846
G1 X104.463713 Y118.003245 Z5.275257 E0.271871
G1 X104.731374 Y117.38961 Z5.277751 E0.271895
G1 X105.015032 Y116.783137 Z5.280244 E0.27192
G1 X105.314495 Y116.184244 Z5.282737 E0.271944
G1 X105.629563 Y115.593343 Z5.285231 E0.271968
G1 X105.960021 Y115.01084 Z5.287724 E0.271993
G1 X106.305645 Y114.437136 Z5.290217 E0.272017
G1 X106.666201 Y113.872625 Z5.292711 E0.272042
G1 X107.041444 Y113.317696 Z5.295204 E0.272066
G1 X107.43112 Y112.772731 Z5.297697 E0.27209
G1 X107.834964 Y112.238106 Z5.300191 E0.272115
G1 X108.252703 Y111.714188 Z5.302684 E0.272139
G1 X108.684053 Y111.201341 Z5.305177 E0.272164
G1 X109.12872 Y110.699916 Z5.307671 E0.272188
G1 X109.586401 Y110.210259 Z5.310164 E0.272212
G1 X110.056786 Y109.732707 Z5.312657 E0.272237
G1 X110.539554 Y109.267592 Z5.315151 E0.272261
G1 X111.034375 Y108.815232 Z5.317644 E0.272285
G1 X111.540915 Y108.375942 Z5.320137 E0.27231
G1 X112.058826 Y107.950023 Z5.322631 E0.272334
G1 X112.587757 Y107.537772 Z5.325124 E0.272359
G1 X113.127346 Y107.139471 Z5.327617 E0.272383
G1 X113.677226 Y106.755398 Z5.330111 E0.272407
G1 X114.237022 Y106.385818 Z5.332604 E0.272432
G1 X114.806351 Y106.030987 Z5.335097 E0.272456
G1 X115.384825 Y105.69115 Z5.337591 E0.27248
G1 X115.97205 Y105.366544 Z5.340084 E0.272505
G1 X116.567624 Y105.057393 Z5.342577 E0.272529
G1 X117.171141 Y104.763913 Z5.345071 E0.272554
G1 X117.782189 Y104.486308 Z5.347564 E0.272578
G1 X118.40035 Y104.224771 Z5.350057 E0.272602
G1 X119.025201 Y103.979483 Z5.352551 E0.272627
G1 X119.656315 Y103.750615 Z5.355044 E0.272651
G1 X120.29326 Y103.538328 Z5.357537 E0.272675
G1 X120.935602 Y103.34277 Z5.360031 E0.2727
G1 X121.582901 Y103.164077 Z5.362524 E0.272724
G1 X122.234714 Y103.002377 Z5.365017 E0.272748
G1 X122.890596 Y102.857782 Z5.367511 E0.272773
G1 X123.550096 Y102.730395 Z5.370004 E0.272797
G1 X124.212764 Y102.620306 Z5.372498 E0.272821
G1 X124.878147 Y102.527593 Z5.374991 E0.272846
G1 X125.545787 Y102.452323 Z5.377484 E0.27287
G1 X126.215229 Y102.394551 Z5.379978 E0.272894
G1 X126.886014 Y102.354319 Z5.382471 E0.272919
G1 X127.557682 Y102.331658 Z5.384964 E0.272943
G1 X128.229773 Y102.326589 Z5.387458 E0.272967
G1 X128.901826 Y102.339116 Z5.389951 E0.272992
G1 X129.573381 Y102.369234 Z5.392444 E0.273016
G1 X130.243977 Y102.416925 Z5.394938 E0.27304
G1 X130.913154 Y102.482161 Z5.397431 E0.273065
G1 X131.580454 Y102.564898 Z5.399924 E0.273089
G1 X132.245418 Y102.665084 Z5.402418 E0.273113
G1 X132.907591 Y102.782653 Z5.404911 E0.273138
G1 X133.566517 Y102.91753 Z5.407404 E0.273162
G1 X134.221746 Y103.069622 Z5.409898 E0.273186
G1 X134.872826 Y103.23883 Z5.412391 E0.27321
G1 X135.519311 Y103.42504 Z5.414884 E0.273235
G1 X136.160757 Y103.628127 Z5.417378 E0.273259
G1 X136.796724 Y103.847955 Z5.419871 E0.273283
G1 X137.426774 Y104.084377 Z5.422364 E0.273308
G1 X138.050475 Y104.337234 Z5.424858 E0.273332
G1 X138.667398 Y104.606356 Z5.427351 E0.273356
G1 X139.277118 Y104.891561 Z5.429844 E0.27338
G1 X139.879216 Y105.192655 Z5.432338 E0.273405
G1 X140.47328 Y105.509436 Z5.434831 E0.273429
G1 X141.058899 Y105.841688 Z5.437324 E0.273453
G1 X141.635671 Y106.189187 Z5.439818 E0.273478
G1 X142.203199 Y106.551698 Z5.442311 E0.273502
G1 X142.761093 Y106.928975 Z5.444804 E0.273526
G1 X143.308968 Y107.320762 Z5.447298 E0.27355
G1 X143.846446 Y107.726793 Z5.449791 E0.273575
G1 X144.373158 Y108.146792 Z5.452284 E0.273599
G1 X144.88874 Y108.580473 Z5.454778 E0.273623
G1 X145.392839 Y109.027542 Z5.457271 E0.273647
G1 X145.885105 Y109.487694 Z5.459764 E0.273672
G1 X146.365199 Y109.960617 Z5.462258 E0.273696
G1 X146.83279 Y110.445988 Z5.464751 E0.27372
G1 X147.287555 Y110.943478 Z5.467244 E0.273744
G1 X147.72918 Y111.452747 Z5.469738 E0.273769
G1 X148.15736 Y111.973449 Z5.472231 E0.273793
G1 X148.571799 Y112.505228 Z5.474724 E0.273817
G1 X148.972211 Y113.047721 Z5.477218 E0.273841
G1 X149.35832 Y113.600559 Z5.479711 E0.273866
G1 X149.729857 Y114.163365 Z5.482204 E0.27389
G1 X150.086565 Y114.735754 Z5.484698 E0.273914
G1 X150.428197 Y115.317337 Z5.487191 E0.273938
G1 X150.754516 Y115.907716 Z5.489684 E0.273962
G1 X151.065296 Y116.506488 Z5.492178 E0.273987
G1 X151.360322 Y117.113243 Z5.494671 E0.274011
G1 X151.639388 Y117.727568 Z5.497164 E0.274035
G1 X151.9023 Y118.349043 Z5.499658 E0.274059
G1 X152.148875 Y118.977242 Z5.502151 E0.274084
G1 X152.378941 Y119.611737 Z5.504644 E0.274108
G1 X152.592338 Y120.252093 Z5.507138 E0.274132
G1 X152.788915 Y120.897874 Z5.509631 E0.274156
G1 X152.968535 Y121.548637 Z5.512124 E0.27418
G1 X153.131074 Y122.203936 Z5.514618 E0.274205
G1 X153.276415 Y122.863324 Z5.517111 E0.274229
G1 X153.404457 Y123.526349 Z5.519604 E0.274253
G1 X153.515109 Y124.192557 Z5.522098 E0.274277
G1 X153.608291 Y124.861493 Z5.524591 E0.274301
G1 X153.683937 Y125.532698 Z5.527084 E0.274326
G1 X153.741992 Y126.205712 Z5.529578 E0.27435
G1 X153.782414 Y126.880075 Z5.532071 E0.274374
G1 X153.80517 Y127.555324 Z5.534564 E0.274398
G1 X153.810243 Y128.230998 Z5.537058 E0.274422
G1 X153.797626 Y128.906632 Z5.539551 E0.274446
G1 X153.767324 Y129.581764 Z5.542044 E0.274471
G1 X153.719355 Y130.25593 Z5.544538 E0.274495
G1 X153.653749 Y130.92867 Z5.547031 E0.274519
G1 X153.570526 Y131.599517 Z5.549524 E0.274543
G1 X153.469759 Y132.268014 Z5.552018 E0.274567
G1 X153.351517 Y132.933702 Z5.554511 E0.274591
G1 X153.215878 Y133.596124 Z5.557004 E0.274615
G1 X153.062931 Y134.254826 Z5.559498 E0.274639
G1 X152.892779 Y134.909356 Z5.561991 E0.274663
G1 X152.705535 Y135.559264 Z5.564484 E0.274687
G1 X152.501325 Y136.204104 Z5.566978 E0.274711
G1 X152.280269 Y136.843426 Z5.569471 E0.274734
G1 X152.042526 Y137.476796 Z5.571964 E0.274758
G1 X151.788262 Y138.103778 Z5.574458 E0.274782
G1 X151.517649 Y138.723944 Z5.576951 E0.274805
G1 X151.230871 Y139.336865 Z5.579444 E0.274829
G1 X150.92812 Y139.942122 Z5.581938 E0.274853
G1 X150.609601 Y140.539297 Z5.584431 E0.274876
G1 X150.27553 Y141.127981 Z5.586924 E0.2749
G1 X149.926123 Y141.707761 Z5.589418 E0.274924
G1 X149.561617 Y142.278238 Z5.591911 E0.274947
G1 X149.18227 Y142.839025 Z5.594405 E0.274971
G1 X148.78834 Y143.389737 Z5.596898 E0.274994
G1 X148.380094 Y143.929994 Z5.599391 E0.275017
G1 X147.95781 Y144.459424 Z5.601885 E0.275041
G1 X147.521774 Y144.977663 Z5.604378 E0.275064
G1 X147.072284 Y145.484353 Z5.606871 E0.275088
G1 X146.609638 Y145.979139 Z5.609365 E0.275111
G1 X146.134147 Y146.461674 Z5.611858 E0.275134
G1 X145.646146 Y146.931636 Z5.614351 E0.275157
G1 X145.145969 Y147.388701 Z5.616845 E0.27518
G1 X144.633954 Y147.832554 Z5.619338 E0.275204
G1 X144.110453 Y148.262887 Z5.621831 E0.275227
G1 X143.575821 Y148.679404 Z5.624325 E0.27525
G1 X143.030423 Y149.081817 Z5.626818 E0.275273
G1 X142.474629 Y149.469845 Z5.629311 E0.275296
G1 X141.90881 Y149.843204 Z5.631805 E0.275319
G1 X141.333363 Y150.201653 Z5.634298 E0.275342
G1 X140.748681 Y150.544945 Z5.636791 E0.275365
G1 X140.155164 Y150.87284 Z5.639285 E0.275388
G1 X139.553217 Y151.185113 Z5.641778 E0.27541
G1 X138.943251 Y151.481546 Z5.644271 E0.275433
G1 X138.325683 Y151.761933 Z5.646765 E0.275456
G1 X137.700936 Y152.02608 Z5.649258 E0.275479
G1 X137.069427 Y152.273781 Z5.651751 E0.275502
G1 X136.431597 Y152.504883 Z5.654245 E0.275524
G1 X135.787884 Y152.719228 Z5.656738 E0.275547
G1 X135.138727 Y152.916664 Z5.659231 E0.27557
G1 X134.48457 Y153.097055 Z5.661725 E0.275592
G1 X133.825862 Y153.260273 Z5.664218 E0.275615
G1 X133.163052 Y153.406204 Z5.666711 E0.275637
G1 X132.496594 Y153.534745 Z5.669205 E0.27566
G1 X131.826943 Y153.645786 Z5.671698 E0.275683
G1 X131.154559 Y153.739262 Z5.674191 E0.275705
G1 X130.479903 Y153.81511 Z5.676685 E0.275727
G1 X129.803439 Y153.873277 Z5.679178 E0.27575
G1 X129.125629 Y153.913718 Z5.681671 E0.275772
G1 X128.446937 Y153.936405 Z5.684165 E0.275794
G1 X127.767829 Y153.941318 Z5.686658 E0.275817
G1 X127.08877 Y153.928452 Z5.689151 E0.275839
G1 X126.410227 Y153.897796 Z5.691645 E0.275861
G1 X125.732665 Y153.849375 Z5.694138 E0.275883
G1 X125.056549 Y153.783229 Z5.696631 E0.275905
G1 X124.382342 Y153.699399 Z5.699125 E0.275928
G1 X123.710506 Y153.597942 Z5.701618 E0.27595
G1 X123.041503 Y153.478922 Z5.704111 E0.275972
G1 X122.375792 Y153.34242 Z5.706605 E0.275994
G1 X121.713829 Y153.188527 Z5.709098 E0.276016
G1 X121.056072 Y153.017334 Z5.711591 E0.276038
G1 X120.402974 Y152.828952 Z5.714085 E0.27606
G1 X119.754979 Y152.623522 Z5.716578 E0.276082
G1 X119.112534 Y152.401183 Z5.719071 E0.276103
G1 X118.476078 Y152.162084 Z5.721565 E0.276125
G1 X117.84605 Y151.906385 Z5.724058 E0.276147
G1 X117.222882 Y151.634261 Z5.726551 E0.276169
G1 X116.607003 Y151.345894 Z5.729045 E0.276191
G1 X115.998835 Y151.041479 Z5.731538 E0.276212
G1 X115.398796 Y150.721224 Z5.734031 E0.276234
G1 X114.8073 Y150.385345 Z5.736525 E0.276256
G1 X114.224754 Y150.034069 Z5.739018 E0.276278
G1 X113.651556 Y149.667635 Z5.741511 E0.2763
G1 X113.088103 Y149.286292 Z5.744005 E0.276322
G1 X112.534782 Y148.890299 Z5.746498 E0.276343
G1 X111.991974 Y148.479925 Z5.748991 E0.276365
G1 X111.460052 Y148.055449 Z5.751485 E0.276387
G1 X110.939383 Y147.617159 Z5.753978 E0.276409
G1 X110.430325 Y147.165355 Z5.756471 E0.276431
G1 X109.93323 Y146.700342 Z5.758965 E0.276452
G1 X109.448439 Y146.222439 Z5.761458 E0.276474
G1 X108.976288 Y145.73197 Z5.763951 E0.276496
G1 X108.517101 Y145.229271 Z5.766445 E0.276518
G1 X108.071195 Y144.714682 Z5.768938 E0.27654
G1 X107.638879 Y144.188556 Z5.771431 E0.276561
G1 X107.220436 Y143.651262 Z5.773925 E0.276583
G1 X106.816167 Y143.103156 Z5.776418 E0.276605
G1 X106.426353 Y142.544611 Z5.778911 E0.276627
G1 X106.051264 Y141.976008 Z5.781405 E0.276649
G1 X105.69116 Y141.397735 Z5.783898 E0.276672
G1 X105.346289 Y140.810186 Z5.786391 E0.276694
G1 X105.01689 Y140.213764 Z5.788885 E0.276716
G1 X104.703192 Y139.608875 Z5.791378 E0.276738
G1 X104.405399 Y138.995939 Z5.793871 E0.27676
G1 X104.123725 Y138.375371 Z5.796365 E0.276782
G1 X103.85837 Y137.747591 Z5.798858 E0.276804
G1 X103.60952 Y137.113029 Z5.801351 E0.276826
G1 X103.377348 Y136.472119 Z5.803845 E0.276849
G1 X103.162015 Y135.825299 Z5.806338 E0.276871
G1 X102.963672 Y135.173011 Z5.808831 E0.276893
G1 X102.782457 Y134.515702 Z5.811325 E0.276916
G1 X102.618488 Y133.853823 Z5.813818 E0.276938
G1 X102.471879 Y133.187828 Z5.816311 E0.27696
G1 X102.342744 Y132.518168 Z5.818805 E0.276983
G1 X102.231174 Y131.845303 Z5.821298 E0.277005
G1 X102.137248 Y131.169693 Z5.823792 E0.277028
;WIDTH:1.200
; LINE_WIDTH: 1.200
;Z:6.432
;HEIGHT:0.608
G1 X102.061 Y130.491805 Z5.826325 E0.272761
G1 X102.002518 Y129.812096 Z5.828859 E0.272783
G1 X101.961846 Y129.131034 Z5.831393 E0.272806
G1 X101.939006 Y128.449084 Z5.833927 E0.272828
G1 X101.934012 Y127.766713 Z5.83646 E0.272851
G1 X101.946884 Y127.084389 Z5.838994 E0.272874
G1 X101.977615 Y126.402579 Z5.841528 E0.272896
G1 X102.026187 Y125.72175 Z5.844062 E0.272919
G1 X102.092571 Y125.04237 Z5.846595 E0.272942
G1 X102.176723 Y124.364904 Z5.849129 E0.272965
G1 X102.278589 Y123.689816 Z5.851663 E0.272987
G1 X102.398095 Y123.01757 Z5.854197 E0.27301
G1 X102.535155 Y122.348623 Z5.856731 E0.273033
G1 X102.689693 Y121.683437 Z5.859264 E0.273056
G1 X102.861604 Y121.02247 Z5.861798 E0.273079
G1 X103.050775 Y120.366173 Z5.864332 E0.273102
G1 X103.257079 Y119.715 Z5.866866 E0.273125
G1 X103.480376 Y119.069395 Z5.869399 E0.273147
G1 X103.720517 Y118.429803 Z5.871933 E0.27317
G1 X103.977335 Y117.796662 Z5.874467 E0.273193
G1 X104.250648 Y117.170401 Z5.877001 E0.273216
G1 X104.540286 Y116.551457 Z5.879535 E0.27324
G1 X104.846052 Y115.940256 Z5.882068 E0.273263
G1 X105.167741 Y115.337216 Z5.884602 E0.273286
G1 X105.505133 Y114.742754 Z5.887136 E0.273309
G1 X105.858002 Y114.157278 Z5.88967 E0.273332
G1 X106.226106 Y113.581192 Z5.892203 E0.273355
G1 X106.609194 Y113.014888 Z5.894737 E0.273378
G1 X107.006995 Y112.458749 Z5.897271 E0.273402
G1 X107.419253 Y111.913167 Z5.899805 E0.273425
G1 X107.845689 Y111.378519 Z5.902338 E0.273448
G1 X108.286011 Y110.855172 Z5.904872 E0.273472
G1 X108.739921 Y110.343487 Z5.907406 E0.273495
G1 X109.207109 Y109.843817 Z5.90994 E0.273519
G1 X109.687259 Y109.356506 Z5.912474 E0.273542
G1 X110.180041 Y108.881889 Z5.915007 E0.273565
G1 X110.685109 Y108.420281 Z5.917541 E0.273589
G1 X111.202132 Y107.972013 Z5.920075 E0.273612
G1 X111.730758 Y107.537397 Z5.922609 E0.273636
G1 X112.270626 Y107.11673 Z5.925142 E0.273659
G1 X112.821369 Y106.710305 Z5.927676 E0.273683
G1 X113.382611 Y106.318403 Z5.93021 E0.273707
G1 X113.953968 Y105.941294 Z5.932744 E0.27373
G1 X114.53505 Y105.579238 Z5.935278 E0.273754
G1 X115.125452 Y105.232471 Z5.937811 E0.273778
G1 X115.724782 Y104.901249 Z5.940345 E0.273801
G1 X116.332629 Y104.585802 Z5.942879 E0.273825
G1 X116.948579 Y104.286349 Z5.945413 E0.273849
G1 X117.572211 Y104.003098 Z5.947946 E0.273873
G1 X118.203099 Y103.736245 Z5.95048 E0.273897
G1 X118.840812 Y103.485977 Z5.953014 E0.27392
G1 X119.484913 Y103.252469 Z5.955548 E0.273944
G1 X120.134963 Y103.035882 Z5.958081 E0.273968
G1 X120.790516 Y102.836368 Z5.960615 E0.273992
G1 X121.451125 Y102.654068 Z5.963149 E0.274015
G1 X122.116338 Y102.489109 Z5.965683 E0.274039
G1 X122.785698 Y102.341607 Z5.968217 E0.274063
G1 X123.458749 Y102.211666 Z5.97075 E0.274087
G1 X124.13503 Y102.099378 Z5.973284 E0.274111
G1 X124.814077 Y102.004824 Z5.975818 E0.274134
G1 X125.495428 Y101.928096 Z5.978352 E0.274158
G1 X126.178613 Y101.869226 Z5.980885 E0.274182
G1 X126.863163 Y101.828256 Z5.983419 E0.274205
G1 X127.548611 Y101.805217 Z5.985953 E0.274229
G1 X128.234485 Y101.80013 Z5.988487 E0.274252
G1 X128.920316 Y101.812999 Z5.991021 E0.274276
G1 X129.605634 Y101.84382 Z5.993554 E0.274299
G1 X130.289969 Y101.892574 Z5.996088 E0.274323
G1 X130.97285 Y101.959255 Z5.998622 E0.274346
G1 X131.653808 Y102.043797 Z6.001156 E0.274369
G1 X132.332378 Y102.146145 Z6.003689 E0.274393
G1 X133.008093 Y102.266231 Z6.006223 E0.274416
G1 X133.68049 Y102.403976 Z6.008757 E0.274439
G1 X134.349107 Y102.559288 Z6.011291 E0.274463
G1 X135.013486 Y102.732064 Z6.013824 E0.274486
G1 X135.673171 Y102.922189 Z6.016358 E0.274509
G1 X136.327701 Y103.129556 Z6.018892 E0.274532
G1 X136.976632 Y103.354007 Z6.021426 E0.274555
G1 X137.619518 Y103.595388 Z6.02396 E0.274578
G1 X138.255919 Y103.853538 Z6.026493 E0.274601
G1 X138.885397 Y104.128282 Z6.029027 E0.274624
G1 X139.50752 Y104.419433 Z6.031561 E0.274647
G1 X140.121859 Y104.726796 Z6.034095 E0.27467
G1 X140.727993 Y105.050163 Z6.036628 E0.274693
G1 X141.325493 Y105.389332 Z6.039162 E0.274716
G1 X141.913957 Y105.744058 Z6.041696 E0.274739
G1 X142.492981 Y106.114098 Z6.04423 E0.274762
G1 X143.062167 Y106.499201 Z6.046764 E0.274784
G1 X143.621124 Y106.899104 Z6.049297 E0.274807
G1 X144.169466 Y107.313536 Z6.051831 E0.27483
G1 X144.706816 Y107.742216 Z6.054365 E0.274853
G1 X145.232803 Y108.184852 Z6.056899 E0.274875
G1 X145.747053 Y108.641157 Z6.059432 E0.274898
G1 X146.249219 Y109.11081 Z6.061966 E0.27492
G1 X146.738959 Y109.593487 Z6.0645 E0.274943
G1 X147.215935 Y110.088859 Z6.067034 E0.274965
G1 X147.679818 Y110.596589 Z6.069567 E0.274988
G1 X148.130287 Y111.11633 Z6.072101 E0.27501
G1 X148.567033 Y111.647729 Z6.074635 E0.275033
G1 X148.989753 Y112.190423 Z6.077169 E0.275055
G1 X149.398141 Y112.744052 Z6.079703 E0.275078
G1 X149.791922 Y113.308231 Z6.082236 E0.2751
G1 X150.17083 Y113.882572 Z6.08477 E0.275122
G1 X150.534603 Y114.466682 Z6.087304 E0.275144
G1 X150.882989 Y115.060162 Z6.089838 E0.275167
G1 X151.215748 Y115.662607 Z6.092371 E0.275189
G1 X151.532647 Y116.273606 Z6.094905 E0.275211
G1 X151.833468 Y116.89274 Z6.097439 E0.275233
G1 X152.117986 Y117.519595 Z6.099973 E0.275255
G1 X152.38601 Y118.153736 Z6.102507 E0.275277
G1 X152.637364 Y118.794728 Z6.10504 E0.275299
G1 X152.87187 Y119.442131 Z6.107574 E0.275321
G1 X153.089366 Y120.095503 Z6.110108 E0.275343
G1 X153.2897 Y120.754397 Z6.112642 E0.275365
G1 X153.472732 Y121.418363 Z6.115175 E0.275387
G1 X153.638334 Y122.086945 Z6.117709 E0.275409
G1 X153.786374 Y122.75969 Z6.120243 E0.275431
G1 X153.916753 Y123.436135 Z6.122777 E0.275453
G1 X154.029389 Y124.115815 Z6.12531 E0.275474
G1 X154.124202 Y124.798264 Z6.127844 E0.275496
G1 X154.201124 Y125.483015 Z6.130378 E0.275518
G1 X154.2601 Y126.169599 Z6.132912 E0.275539
G1 X154.301085 Y126.857545 Z6.135446 E0.275561
G1 X154.32405 Y127.546383 Z6.137979 E0.275583
G1 X154.328961 Y128.23564 Z6.140513 E0.275604
G1 X154.315816 Y128.924843 Z6.143047 E0.275626
G1 X154.284632 Y129.613519 Z6.145581 E0.275647
G1 X154.235427 Y130.301197 Z6.148114 E0.275669
G1 X154.168231 Y130.987404 Z6.150648 E0.27569
G1 X154.08309 Y131.67167 Z6.153182 E0.275711
G1 X153.980057 Y132.353526 Z6.155716 E0.275733
G1 X153.859202 Y133.032503 Z6.15825 E0.275754
G1 X153.720603 Y133.708137 Z6.160783 E0.275776
G1 X153.564353 Y134.379964 Z6.163317 E0.275797
G1 X153.390557 Y135.047522 Z6.165851 E0.275819
G1 X153.199331 Y135.710353 Z6.168385 E0.27584
G1 X152.990803 Y136.368002 Z6.170918 E0.275861
G1 X152.765114 Y137.020018 Z6.173452 E0.275883
G1 X152.522415 Y137.665953 Z6.175986 E0.275904
G1 X152.26287 Y138.305362 Z6.17852 E0.275926
G1 X151.986655 Y138.937808 Z6.181053 E0.275947
G1 X151.693957 Y139.562855 Z6.183587 E0.275969
G1 X151.384972 Y140.180074 Z6.186121 E0.27599
G1 X151.059912 Y140.78904 Z6.188655 E0.276011
G1 X150.718995 Y141.389335 Z6.191189 E0.276033
G1 X150.362453 Y141.980545 Z6.193722 E0.276054
G1 X149.990528 Y142.562265 Z6.196256 E0.276076
G1 X149.603473 Y143.134094 Z6.19879 E0.276097
G1 X149.201558 Y143.695644 Z6.201324 E0.276119
G1 X148.785057 Y144.24653 Z6.203857 E0.27614
G1 X148.354244 Y144.786368 Z6.206391 E0.276162
G1 X147.909413 Y145.314784 Z6.208925 E0.276183
G1 X147.450866 Y145.831415 Z6.211459 E0.276205
G1 X146.978915 Y146.335905 Z6.213993 E0.276227
G1 X146.493882 Y146.827906 Z6.216526 E0.276248
G1 X145.996096 Y147.307079 Z6.21906 E0.27627
G1 X145.485903 Y147.7731 Z6.221594 E0.276292
G1 X144.963653 Y148.225651 Z6.224128 E0.276313
G1 X144.429693 Y148.66441 Z6.226661 E0.276335
G1 X143.884387 Y149.089075 Z6.229195 E0.276357
G1 X143.328108 Y149.499352 Z6.231729 E0.276379
G1 X142.761234 Y149.894959 Z6.234263 E0.276401
G1 X142.184154 Y150.27562 Z6.236796 E0.276423
G1 X141.59726 Y150.641074 Z6.23933 E0.276445
G1 X141.000956 Y150.991072 Z6.241864 E0.276466
G1 X140.395654 Y151.325379 Z6.244398 E0.276488
G1 X139.781759 Y151.643753 Z6.246932 E0.27651
G1 X139.15969 Y151.945971 Z6.249465 E0.276533
G1 X138.529874 Y152.231824 Z6.251999 E0.276555
G1 X137.892739 Y152.501115 Z6.254533 E0.276577
G1 X137.248722 Y152.753654 Z6.257067 E0.276599
G1 X136.598263 Y152.989268 Z6.2596 E0.276621
G1 X135.941809 Y153.207795 Z6.262134 E0.276643
G1 X135.27981 Y153.409094 Z6.264668 E0.276665
G1 X134.612715 Y153.59301 Z6.267202 E0.276687
G1 X133.94098 Y153.759413 Z6.269736 E0.27671
G1 X133.265065 Y153.908188 Z6.272269 E0.276732
G1 X132.585432 Y154.039228 Z6.274803 E0.276754
G1 X131.902548 Y154.152441 Z6.277337 E0.276776
G1 X131.216878 Y154.247748 Z6.279871 E0.276799
G1 X130.528893 Y154.325083 Z6.282404 E0.276821
G1 X129.839066 Y154.384403 Z6.284938 E0.276843
G1 X129.147866 Y154.425648 Z6.287472 E0.276866
G1 X128.455766 Y154.448787 Z6.290006 E0.276888
G1 X127.763242 Y154.453802 Z6.292539 E0.276911
G1 X127.070768 Y154.440685 Z6.295073 E0.276933
G1 X126.378819 Y154.409443 Z6.297607 E0.276956
G1 X125.687868 Y154.360095 Z6.300141 E0.276978
G1 X124.99839 Y154.292674 Z6.302675 E0.277001
G1 X124.310854 Y154.207237 Z6.305208 E0.277023
G1 X123.625735 Y154.103824 Z6.307742 E0.277046
G1 X122.943501 Y153.982501 Z6.310276 E0.277069
G1 X122.264622 Y153.84335 Z6.31281 E0.277091
G1 X121.589562 Y153.686463 Z6.315343 E0.277114
G1 X120.918786 Y153.511943 Z6.317877 E0.277137
G1 X120.252753 Y153.319909 Z6.320411 E0.277159
G1 X119.591922 Y153.11049 Z6.322945 E0.277182
G1 X118.936738 Y152.883843 Z6.325479 E0.277205
G1 X118.287659 Y152.640103 Z6.328012 E0.277228
G1 X117.645129 Y152.379433 Z6.330546 E0.277251
G1 X117.00959 Y152.102011 Z6.33308 E0.277274
G1 X116.38148 Y151.808022 Z6.335614 E0.277297
G1 X115.761229 Y151.497667 Z6.338147 E0.277319
G1 X115.149265 Y151.171154 Z6.340681 E0.277342
G1 X114.546008 Y150.828706 Z6.343215 E0.277365
G1 X113.951862 Y150.470571 Z6.345749 E0.277388
G1 X113.367246 Y150.096974 Z6.348282 E0.277411
G1 X112.792562 Y149.708169 Z6.350816 E0.277435
G1 X112.228206 Y149.30442 Z6.35335 E0.277458
G1 X111.674566 Y148.886002 Z6.355884 E0.277481
G1 X111.132024 Y148.453198 Z6.358418 E0.277504
G1 X110.600953 Y148.006303 Z6.360951 E0.277527
G1 X110.08172 Y147.545621 Z6.363485 E0.27755
G1 X109.574667 Y147.071479 Z6.366019 E0.277573
G1 X109.080159 Y146.584186 Z6.368553 E0.277597
G1 X108.598535 Y146.084073 Z6.371086 E0.27762
G1 X108.130129 Y145.571481 Z6.37362 E0.277643
G1 X107.675263 Y145.046759 Z6.376154 E0.277667
G1 X107.234252 Y144.510264 Z6.378688 E0.27769
G1 X106.8074 Y143.962363 Z6.381222 E0.277713
G1 X106.395002 Y143.403429 Z6.383755 E0.277737
G1 X105.997343 Y142.833843 Z6.386289 E0.27776
G1 X105.614699 Y142.253994 Z6.388823 E0.277783
G1 X105.247334 Y141.664277 Z6.391357 E0.277806
G1 X104.895502 Y141.065096 Z6.39389 E0.27783
G1 X104.559448 Y140.456859 Z6.396424 E0.277853
G1 X104.239404 Y139.839982 Z6.398958 E0.277876
G1 X103.935592 Y139.214886 Z6.401492 E0.2779
G1 X103.648223 Y138.581998 Z6.404025 E0.277923
G1 X103.377518 Y137.941743 Z6.406559 E0.277946
G1 X103.123648 Y137.294566 Z6.409093 E0.277969
G1 X102.886786 Y136.64091 Z6.411627 E0.277992
G1 X102.667098 Y135.981224 Z6.414161 E0.278015
G1 X102.464737 Y135.315958 Z6.416694 E0.278039
G1 X102.279845 Y134.645567 Z6.419228 E0.278062
G1 X102.112551 Y133.970509 Z6.421762 E0.278085
G1 X101.962974 Y133.291248 Z6.424296 E0.278108
G1 X101.831238 Y132.608243 Z6.426829 E0.278131
G1 X101.717422 Y131.921967 Z6.429363 E0.278153
G1 X101.621601 Y131.23289 Z6.431897 E0.278176
;WIDTH:1.200
; LINE_WIDTH: 1.200
;Z:7.059
;HEIGHT:0.627
G1 X101.543777 Y130.541491 Z6.434511 E0.283893
G1 X101.484073 Y129.848233 Z6.437125 E0.283917
G1 X101.442534 Y129.153591 Z6.439739 E0.283941
G1 X101.419191 Y128.458041 Z6.442352 E0.283965
G1 X101.414062 Y127.76206 Z6.444966 E0.283989
G1 X101.42718 Y127.066125 Z6.44758 E0.284012
G1 X101.458515 Y126.370713 Z6.450194 E0.284036
G1 X101.508048 Y125.676302 Z6.452808 E0.28406
G1 X101.575746 Y124.983368 Z6.455422 E0.284084
G1 X101.661568 Y124.292386 Z6.458036 E0.284107
G1 X101.765458 Y123.60383 Z6.46065 E0.284131
G1 X101.887346 Y122.918172 Z6.463264 E0.284155
G1 X102.027156 Y122.235883 Z6.465877 E0.284179
G1 X102.184813 Y121.557437 Z6.468491 E0.284202
G1 X102.360191 Y120.883295 Z6.471105 E0.284226
G1 X102.553172 Y120.213919 Z6.473719 E0.284249
G1 X102.763626 Y119.54977 Z6.476333 E0.284272
G1 X102.991413 Y118.891303 Z6.478947 E0.284296
G1 X103.236378 Y118.238971 Z6.481561 E0.284319
G1 X103.498358 Y117.593222 Z6.484175 E0.284343
G1 X103.777182 Y116.954503 Z6.486788 E0.284366
G1 X104.07267 Y116.323257 Z6.489402 E0.284389
G1 X104.384607 Y115.699912 Z6.492016 E0.284413
G1 X104.712781 Y115.084896 Z6.49463 E0.284436
G1 X105.056971 Y114.478632 Z6.497244 E0.284459
G1 X105.416941 Y113.881537 Z6.499858 E0.284482
G1 X105.79245 Y113.294021 Z6.502472 E0.284505
G1 X106.183241 Y112.71649 Z6.505086 E0.284528
G1 X106.589059 Y112.149348 Z6.5077 E0.284551
G1 X107.009629 Y111.592987 Z6.510313 E0.284574
G1 X107.444654 Y111.047782 Z6.512927 E0.284597
G1 X107.893838 Y110.514108 Z6.515541 E0.28462
G1 X108.356875 Y109.992334 Z6.518155 E0.284643
G1 X108.833451 Y109.482818 Z6.520769 E0.284666
G1 X109.32324 Y108.985913 Z6.523383 E0.284689
G1 X109.825909 Y108.50196 Z6.525997 E0.284712
G1 X110.341128 Y108.031307 Z6.528611 E0.284735
G1 X110.868538 Y107.574272 Z6.531224 E0.284757
G1 X111.407774 Y107.131164 Z6.533838 E0.28478
G1 X111.958468 Y106.70229 Z6.536452 E0.284802
G1 X112.520245 Y106.287946 Z6.539066 E0.284825
G1 X113.092721 Y105.888418 Z6.54168 E0.284848
G1 X113.675506 Y105.503981 Z6.544294 E0.28487
G1 X114.268202 Y105.134903 Z6.546908 E0.284893
G1 X114.870415 Y104.781459 Z6.549522 E0.284915
G1 X115.481723 Y104.443876 Z6.552136 E0.284938
G1 X116.101707 Y104.122385 Z6.554749 E0.28496
G1 X116.729944 Y103.817211 Z6.557363 E0.284982
G1 X117.366004 Y103.528563 Z6.559977 E0.285005
G1 X118.009452 Y103.256644 Z6.562591 E0.285027
G1 X118.659849 Y103.001641 Z6.565205 E0.285049
G1 X119.316751 Y102.763735 Z6.567819 E0.285072
G1 X119.979714 Y102.543112 Z6.570433 E0.285094
G1 X120.648277 Y102.339903 Z6.573047 E0.285116
G1 X121.321982 Y102.15425 Z6.57566 E0.285138
G1 X122.000369 Y101.986283 Z6.578274 E0.28516
G1 X122.682973 Y101.836121 Z6.580888 E0.285182
G1 X123.369328 Y101.703869 Z6.583502 E0.285204
G1 X124.058962 Y101.589619 Z6.586116 E0.285226
G1 X124.751404 Y101.493455 Z6.58873 E0.285248
G1 X125.446181 Y101.415443 Z6.591344 E0.285271
G1 X126.142815 Y101.355641 Z6.593958 E0.285293
G1 X126.840829 Y101.314092 Z6.596572 E0.285315
G1 X127.539747 Y101.290827 Z6.599185 E0.285337
G1 X128.239087 Y101.285866 Z6.601799 E0.285359
G1 X128.938373 Y101.299214 Z6.604413 E0.285381
G1 X129.637123 Y101.330865 Z6.607027 E0.285403
G1 X130.334859 Y101.380801 Z6.609641 E0.285425
G1 X131.031102 Y101.44899 Z6.612255 E0.285447
G1 X131.725376 Y101.535387 Z6.614869 E0.285469
G1 X132.417204 Y101.639938 Z6.617483 E0.285491
G1 X133.106111 Y101.762572 Z6.620096 E0.285513
G1 X133.791624 Y101.903208 Z6.62271 E0.285535
G1 X134.473274 Y102.061753 Z6.625324 E0.285557
G1 X135.150593 Y102.238102 Z6.627938 E0.285579
G1 X135.823114 Y102.432137 Z6.630552 E0.285602
G1 X136.490377 Y102.643727 Z6.633166 E0.285624
G1 X137.151924 Y102.87273 Z6.63578 E0.285646
G1 X137.807299 Y103.11899 Z6.638394 E0.285668
G1 X138.456054 Y103.382342 Z6.641007 E0.28569
G1 X139.097742 Y103.662609 Z6.643621 E0.285712
G1 X139.731923 Y103.959599 Z6.646235 E0.285734
G1 X140.35816 Y104.273114 Z6.648849 E0.285756
G1 X140.976022 Y104.602941 Z6.651463 E0.285778
G1 X141.585085 Y104.948856 Z6.654077 E0.2858
G1 X142.184931 Y105.310624 Z6.656691 E0.285822
G1 X142.775146 Y105.688 Z6.659305 E0.285844
G1 X143.355325 Y106.080726 Z6.661919 E0.285866
G1 X143.925069 Y106.488537 Z6.664532 E0.285888
G1 X144.483985 Y106.911155 Z6.667146 E0.28591
G1 X145.031689 Y107.348292 Z6.66976 E0.285932
G1 X145.567802 Y107.799654 Z6.672374 E0.285954
G1 X146.091955 Y108.264931 Z6.674988 E0.285976
G1 X146.603789 Y108.743806 Z6.677602 E0.285998
G1 X147.10295 Y109.235953 Z6.680216 E0.28602
G1 X147.589095 Y109.741037 Z6.68283 E0.286042
G1 X148.061887 Y110.258714 Z6.685443 E0.286064
G1 X148.521002 Y110.78863 Z6.688057 E0.286086
G1 X148.966121 Y111.330425 Z6.690671 E0.286108
G1 X149.396937 Y111.88373 Z6.693285 E0.28613
G1 X149.813152 Y112.448167 Z6.695899 E0.286152
G1 X150.214481 Y113.023349 Z6.698513 E0.286174
G1 X150.600645 Y113.608885 Z6.701127 E0.286195
G1 X150.971377 Y114.204374 Z6.703741 E0.286217
G1 X151.326421 Y114.809411 Z6.706355 E0.286239
G1 X151.665532 Y115.423581 Z6.708968 E0.286261
G1 X151.988473 Y116.046466 Z6.711582 E0.286283
G1 X152.295019 Y116.677641 Z6.714196 E0.286305
G1 X152.584961 Y117.316672 Z6.71681 E0.286327
G1 X152.858096 Y117.963124 Z6.719424 E0.286349
G1 X153.114235 Y118.616554 Z6.722038 E0.286371
G1 X153.353199 Y119.276516 Z6.724652 E0.286393
G1 X153.574823 Y119.942558 Z6.727266 E0.286415
G1 X153.778951 Y120.614225 Z6.729879 E0.286437
G1 X153.965439 Y121.291057 Z6.732493 E0.286459
G1 X154.134158 Y121.972591 Z6.735107 E0.286481
G1 X154.28499 Y122.658361 Z6.737721 E0.286502
G1 X154.417828 Y123.347897 Z6.740335 E0.286524
G1 X154.53258 Y124.040727 Z6.742949 E0.286546
G1 X154.629164 Y124.736376 Z6.745563 E0.286568
G1 X154.707511 Y125.434369 Z6.748177 E0.28659
G1 X154.767563 Y126.134227 Z6.750791 E0.286612
G1 X154.809276 Y126.835471 Z6.753404 E0.286634
G1 X154.832619 Y127.537619 Z6.756018 E0.286656
G1 X154.837574 Y128.240192 Z6.758632 E0.286677
G1 X154.824136 Y128.942708 Z6.761246 E0.286699
G1 X154.792309 Y129.644684 Z6.76386 E0.286721
G1 X154.742114 Y130.34564 Z6.766474 E0.286743
G1 X154.673582 Y131.045095 Z6.769088 E0.286765
G1 X154.586756 Y131.74257 Z6.771702 E0.286787
G1 X154.481692 Y132.437586 Z6.774315 E0.286809
G1 X154.358461 Y133.129665 Z6.776929 E0.28683
G1 X154.217145 Y133.818334 Z6.779543 E0.286852
G1 X154.057838 Y134.50312 Z6.782157 E0.286874
G1 X153.880646 Y135.183553 Z6.784771 E0.286896
G1 X153.685688 Y135.859166 Z6.787385 E0.286918
G1 X153.473095 Y136.529494 Z6.789999 E0.28694
G1 X153.24301 Y137.194079 Z6.792613 E0.286961
G1 X152.995586 Y137.852461 Z6.795226 E0.286983
G1 X152.730992 Y138.504191 Z6.79784 E0.287005
G1 X152.449406 Y139.14882 Z6.800454 E0.287027
G1 X152.15102 Y139.785906 Z6.803068 E0.287049
G1 X151.836035 Y140.41501 Z6.805682 E0.28707
G1 X151.504665 Y141.0357 Z6.808296 E0.287092
G1 X151.157134 Y141.64755 Z6.81091 E0.287114
G1 X150.793678 Y142.250138 Z6.813524 E0.287136
G1 X150.414544 Y142.843051 Z6.816138 E0.287158
G1 X150.019989 Y143.42588 Z6.818751 E0.287179
G1 X149.610281 Y143.998224 Z6.821365 E0.287201
G1 X149.185699 Y144.55969 Z6.823979 E0.287223
G1 X148.746531 Y145.109891 Z6.826593 E0.287245
G1 X148.293077 Y145.648448 Z6.829207 E0.287267
G1 X147.825645 Y146.174991 Z6.831821 E0.287288
G1 X147.344554 Y146.689156 Z6.834435 E0.28731
G1 X146.85013 Y147.190589 Z6.837049 E0.287332
G1 X146.342711 Y147.678944 Z6.839662 E0.287354
G1 X145.822643 Y148.153886 Z6.842276 E0.287376
G1 X145.29028 Y148.615086 Z6.84489 E0.287397
G1 X144.745985 Y149.062226 Z6.847504 E0.287419
G1 X144.19013 Y149.494997 Z6.850118 E0.287441
G1 X143.623093 Y149.913102 Z6.852732 E0.287463
G1 X143.045261 Y150.316248 Z6.855346 E0.287485
G1 X142.457029 Y150.704159 Z6.85796 E0.287506
G1 X141.858798 Y151.076567 Z6.860574 E0.287528
G1 X141.250978 Y151.433214 Z6.863187 E0.28755
G1 X140.633984 Y151.773854 Z6.865801 E0.287572
G1 X140.008237 Y152.09825 Z6.868415 E0.287593
G1 X139.374164 Y152.406179 Z6.871029 E0.287615
G1 X138.732199 Y152.697425 Z6.873643 E0.287637
G1 X138.08278 Y152.971786 Z6.876257 E0.287659
G1 X137.426352 Y153.229071 Z6.878871 E0.287681
G1 X136.763364 Y153.469103 Z6.881485 E0.287702
G1 X136.094269 Y153.691715 Z6.884098 E0.287724
G1 X135.419525 Y153.896751 Z6.886712 E0.287746
G1 X134.739594 Y154.084067 Z6.889326 E0.287767
G1 X134.054941 Y154.253534 Z6.89194 E0.287789
G1 X133.366034 Y154.405031 Z6.894554 E0.287811
G1 X132.673344 Y154.538451 Z6.897168 E0.287833
G1 X131.977347 Y154.6537 Z6.899782 E0.287854
G1 X131.278519 Y154.750699 Z6.902396 E0.287876
G1 X130.577338 Y154.829376 Z6.90501 E0.287898
G1 X129.874285 Y154.889677 Z6.907623 E0.287919
G1 X129.169841 Y154.931556 Z6.910237 E0.287941
G1 X128.464489 Y154.954982 Z6.912851 E0.287963
G1 X127.758713 Y154.959935 Z6.915465 E0.287985
G1 X127.052995 Y154.946408 Z6.918079 E0.288006
G1 X126.347821 Y154.91441 Z6.920693 E0.288028
G1 X125.643672 Y154.863959 Z6.923307 E0.28805
G1 X124.941033 Y154.795088 Z6.925921 E0.288071
G1 X124.240385 Y154.707841 Z6.928534 E0.288093
G1 X123.542208 Y154.602275 Z6.931148 E0.288115
G1 X122.846982 Y154.47846 Z6.933762 E0.288136
G1 X122.155183 Y154.336475 Z6.936376 E0.288158
G1 X121.467287 Y154.176417 Z6.93899 E0.28818
G1 X120.783765 Y153.998393 Z6.941604 E0.288201
G1 X120.105086 Y153.802523 Z6.944218 E0.288223
G1 X119.431717 Y153.588938 Z6.946832 E0.288245
G1 X118.764119 Y153.357781 Z6.949445 E0.288266
G1 X118.102752 Y153.10921 Z6.952059 E0.288288
G1 X117.448068 Y152.843391 Z6.954673 E0.28831
G1 X116.80052 Y152.560502 Z6.957287 E0.288331
G1 X116.160552 Y152.260736 Z6.959901 E0.288353
G1 X115.528602 Y151.944296 Z6.962515 E0.288374
G1 X114.905106 Y151.611397 Z6.965129 E0.288396
G1 X114.290492 Y151.262265 Z6.967743 E0.288418
G1 X113.685182 Y150.897136 Z6.970357 E0.288439
G1 X113.089593 Y150.516259 Z6.97297 E0.288461
G1 X112.504134 Y150.119891 Z6.975584 E0.288482
G1 X111.929211 Y149.708301 Z6.978198 E0.288504
G1 X111.365217 Y149.281769 Z6.980812 E0.288526
G1 X110.81254 Y148.840588 Z6.983426 E0.288547
G1 X110.271561 Y148.385055 Z6.98604 E0.288569
G1 X109.742652 Y147.915483 Z6.988654 E0.28859
G1 X109.226178 Y147.43219 Z6.991268 E0.288612
G1 X108.722494 Y146.935505 Z6.993881 E0.288634
G1 X108.231949 Y146.425767 Z6.996495 E0.288655
G1 X107.754881 Y145.903323 Z6.999109 E0.288677
G1 X107.291619 Y145.368529 Z7.001723 E0.288698
G1 X106.842481 Y144.82175 Z7.004337 E0.28872
G1 X106.407777 Y144.26336 Z7.006951 E0.288741
G1 X105.987808 Y143.69374 Z7.009565 E0.288763
G1 X105.582864 Y143.113278 Z7.012179 E0.288784
G1 X105.193225 Y142.52237 Z7.014793 E0.288806
G1 X104.81916 Y141.92142 Z7.017406 E0.288828
G1 X104.46093 Y141.310838 Z7.02002 E0.288849
G1 X104.11878 Y140.691041 Z7.022634 E0.288871
G1 X103.792948 Y140.062453 Z7.025248 E0.288892
G1 X103.483659 Y139.425504 Z7.027862 E0.288914
G1 X103.191127 Y138.780628 Z7.030476 E0.288935
G1 X102.915557 Y138.128268 Z7.03309 E0.288957
G1 X102.657138 Y137.468868 Z7.035704 E0.288978
G1 X102.416052 Y136.80288 Z7.038317 E0.289
G1 X102.192465 Y136.130759 Z7.040931 E0.289021
G1 X101.986533 Y135.452965 Z7.043545 E0.289043
G1 X101.798401 Y134.769962 Z7.046159 E0.289064
G1 X101.6282 Y134.082217 Z7.048773 E0.289086
G1 X101.476048 Y133.390201 Z7.051387 E0.289107
G1 X101.342054 Y132.694387 Z7.054001 E0.289129
G1 X101.226312 Y131.995252 Z7.056615 E0.28915
G1 X101.128904 Y131.293274 Z7.059229 E0.289172
;WIDTH:1.200
; LINE_WIDTH: 1.200
;Z:7.698
;HEIGHT:0.639
G1 X101.049863 Y130.588939 Z7.061889 E0.284949
G1 X100.989282 Y129.882722 Z7.064549 E0.28497
G1 X100.947206 Y129.175107 Z7.06721 E0.284992
G1 X100.923665 Y128.46658 Z7.06987 E0.285014
G1 X100.91868 Y127.757626 Z7.072531 E0.285035
G1 X100.932255 Y127.048731 Z7.075191 E0.285057
G1 X100.964385 Y126.34038 Z7.077851 E0.285078
G1 X101.015054 Y125.63306 Z7.080512 E0.2851
G1 X101.084226 Y124.927256 Z7.083172 E0.285121
G1 X101.171858 Y124.22345 Z7.085833 E0.285143
G1 X101.27789 Y123.522127 Z7.088493 E0.285164
G1 X101.402255 Y122.823767 Z7.091154 E0.285186
G1 X101.544869 Y122.12885 Z7.093814 E0.285208
G1 X101.705636 Y121.437851 Z7.096474 E0.285229
G1 X101.884452 Y120.751247 Z7.099135 E0.285251
G1 X102.081197 Y120.069507 Z7.101795 E0.285272
G1 X102.295737 Y119.393101 Z7.104456 E0.285294
G1 X102.527926 Y118.722491 Z7.107116 E0.285315
G1 X102.77761 Y118.05814 Z7.109777 E0.285337
G1 X103.044619 Y117.400502 Z7.112437 E0.285358
G1 X103.328774 Y116.750031 Z7.115097 E0.28538
G1 X103.629881 Y116.107172 Z7.117758 E0.285401
G1 X103.947739 Y115.472368 Z7.120418 E0.285423
G1 X104.282131 Y114.846057 Z7.123079 E0.285444
G1 X104.63283 Y114.228667 Z7.125739 E0.285466
G1 X104.999599 Y113.620622 Z7.128399 E0.285487
G1 X105.382187 Y113.022343 Z7.13106 E0.285509
G1 X105.780335 Y112.434239 Z7.13372 E0.28553
G1 X106.193773 Y111.856715 Z7.136381 E0.285552
G1 X106.622219 Y111.29017 Z7.139041 E0.285573
G1 X107.065385 Y110.734994 Z7.141702 E0.285595
G1 X107.522967 Y110.191569 Z7.144362 E0.285616
G1 X107.994652 Y109.660268 Z7.147022 E0.285638
G1 X108.48012 Y109.141458 Z7.149683 E0.285659
G1 X108.97904 Y108.635496 Z7.152343 E0.28568
G1 X109.491072 Y108.14273 Z7.155004 E0.285702
G1 X110.015867 Y107.663501 Z7.157664 E0.285723
G1 X110.553069 Y107.198139 Z7.160325 E0.285745
G1 X111.10231 Y106.746968 Z7.162985 E0.285766
G1 X111.663216 Y106.310295 Z7.165645 E0.285788
G1 X112.235403 Y105.888424 Z7.168306 E0.285809
G1 X112.818482 Y105.481645 Z7.170966 E0.28583
G1 X113.412053 Y105.090239 Z7.173627 E0.285852
G1 X114.015712 Y104.714478 Z7.176287 E0.285873
G1 X114.629046 Y104.35462 Z7.178947 E0.285895
G1 X115.251638 Y104.010917 Z7.181608 E0.285916
G1 X115.883062 Y103.683606 Z7.184268 E0.285937
G1 X116.522885 Y103.372913 Z7.186929 E0.285959
G1 X117.17067 Y103.079053 Z7.189589 E0.28598
G1 X117.825975 Y102.80223 Z7.19225 E0.286002
G1 X118.488351 Y102.542637 Z7.19491 E0.286023
G1 X119.157345 Y102.300454 Z7.19757 E0.286044
G1 X119.832501 Y102.075849 Z7.200231 E0.286066
G1 X120.513356 Y101.868982 Z7.202891 E0.286087
G1 X121.199445 Y101.679995 Z7.205552 E0.286108
G1 X121.890296 Y101.50902 Z7.208212 E0.28613
G1 X122.585439 Y101.356177 Z7.210872 E0.286151
G1 X123.284397 Y101.221573 Z7.213533 E0.286172
G1 X123.986691 Y101.105303 Z7.216193 E0.286194
G1 X124.69184 Y101.00745 Z7.218854 E0.286215
G1 X125.399363 Y100.928084 Z7.221514 E0.286237
G1 X126.108773 Y100.867264 Z7.224175 E0.286258
G1 X126.819586 Y100.825031 Z7.226835 E0.286279
G1 X127.531313 Y100.801419 Z7.229495 E0.2863
G1 X128.243468 Y100.796445 Z7.232156 E0.286322
G1 X128.955561 Y100.810117 Z7.234816 E0.286343
G1 X129.667106 Y100.842426 Z7.237477 E0.286364
G1 X130.377614 Y100.893355 Z7.240137 E0.286386
G1 X131.086598 Y100.962872 Z7.242798 E0.286407
G1 X131.793572 Y101.050933 Z7.245458 E0.286428
G1 X132.498051 Y101.157477 Z7.248118 E0.28645
G1 X133.199551 Y101.282436 Z7.250779 E0.286471
G1 X133.897591 Y101.425726 Z7.253439 E0.286492
G1 X134.591693 Y101.587251 Z7.2561 E0.286513
G1 X135.281381 Y101.766904 Z7.25876 E0.286535
G1 X135.966179 Y101.964564 Z7.26142 E0.286556
G1 X136.64562 Y102.180099 Z7.264081 E0.286577
G1 X137.319236 Y102.413363 Z7.266741 E0.286599
G1 X137.986564 Y102.664198 Z7.269402 E0.28662
G1 X138.647146 Y102.932437 Z7.272062 E0.286641
G1 X139.300529 Y103.217897 Z7.274723 E0.286662
G1 X139.946263 Y103.520385 Z7.277383 E0.286684
G1 X140.583905 Y103.839697 Z7.280043 E0.286705
G1 X141.213017 Y104.175616 Z7.282704 E0.286726
G1 X141.833165 Y104.527915 Z7.285364 E0.286748
G1 X142.443924 Y104.896353 Z7.288025 E0.286769
G1 X143.044874 Y105.280682 Z7.290685 E0.28679
G1 X143.635601 Y105.68064 Z7.293346 E0.286811
G1 X144.215699 Y106.095956 Z7.296006 E0.286833
G1 X144.784769 Y106.526346 Z7.298666 E0.286854
G1 X145.342418 Y106.971519 Z7.301327 E0.286875
G1 X145.888262 Y107.431172 Z7.303987 E0.286897
G1 X146.421926 Y107.904993 Z7.306648 E0.286918
G1 X146.943042 Y108.392657 Z7.309308 E0.286939
G1 X147.451251 Y108.893832 Z7.311968 E0.28696
G1 X147.946204 Y109.408177 Z7.314629 E0.286982
G1 X148.427558 Y109.935341 Z7.317289 E0.287003
G1 X148.894982 Y110.474966 Z7.31995 E0.287024
G1 X149.348154 Y111.026682 Z7.32261 E0.287045
G1 X149.786758 Y111.590115 Z7.325271 E0.287066
G1 X150.210494 Y112.164879 Z7.327931 E0.287088
G1 X150.619069 Y112.750582 Z7.330591 E0.287109
G1 X151.012202 Y113.346823 Z7.333252 E0.28713
G1 X151.389619 Y113.953196 Z7.335912 E0.287151
G1 X151.751061 Y114.569286 Z7.338573 E0.287173
G1 X152.096277 Y115.194673 Z7.341233 E0.287194
G1 X152.425027 Y115.82893 Z7.343894 E0.287215
G1 X152.737083 Y116.471623 Z7.346554 E0.287236
G1 X153.032229 Y117.122313 Z7.349214 E0.287257
G1 X153.310261 Y117.780554 Z7.351875 E0.287278
G1 X153.570987 Y118.445898 Z7.354535 E0.2873
G1 X153.814224 Y119.117887 Z7.357196 E0.287321
G1 X154.039804 Y119.796064 Z7.359856 E0.287342
G1 X154.247569 Y120.479964 Z7.362516 E0.287363
G1 X154.437373 Y121.169119 Z7.365177 E0.287384
G1 X154.609082 Y121.863058 Z7.367837 E0.287406
G1 X154.762579 Y122.561306 Z7.370498 E0.287427
G1 X154.897755 Y123.263384 Z7.373158 E0.287448
G1 X155.014515 Y123.968811 Z7.375819 E0.287469
G1 X155.112776 Y124.677106 Z7.378479 E0.28749
G1 X155.192468 Y125.387782 Z7.381139 E0.287511
G1 X155.253533 Y126.100353 Z7.3838 E0.287532
G1 X155.295925 Y126.814332 Z7.38646 E0.287553
G1 X155.319613 Y127.529227 Z7.389121 E0.287575
G1 X155.32458 Y128.244551 Z7.391781 E0.287596
G1 X155.31082 Y128.959812 Z7.394442 E0.287617
G1 X155.278338 Y129.67452 Z7.397102 E0.287638
G1 X155.227154 Y130.388185 Z7.399762 E0.287659
G1 X155.157301 Y131.100317 Z7.402423 E0.28768
G1 X155.068823 Y131.81043 Z7.405083 E0.287701
G1 X154.961777 Y132.518034 Z7.407744 E0.287722
G1 X154.836234 Y133.222645 Z7.410404 E0.287743
G1 X154.69228 Y133.92378 Z7.413064 E0.287764
G1 X154.530009 Y134.620958 Z7.415725 E0.287786
G1 X154.349531 Y135.313699 Z7.418385 E0.287807
G1 X154.150966 Y136.001529 Z7.421046 E0.287828
G1 X153.934448 Y136.683975 Z7.423706 E0.287849
G1 X153.70012 Y137.360568 Z7.426367 E0.28787
G1 X153.448141 Y138.030844 Z7.429027 E0.287891
G1 X153.178684 Y138.694343 Z7.431687 E0.287912
G1 X152.891929 Y139.350609 Z7.434348 E0.287933
G1 X152.588072 Y139.999191 Z7.437008 E0.287954
G1 X152.267316 Y140.639643 Z7.439669 E0.287975
G1 X151.929881 Y141.271526 Z7.442329 E0.287996
G1 X151.575995 Y141.894404 Z7.44499 E0.288017
G1 X151.205895 Y142.507848 Z7.44765 E0.288038
G1 X150.819836 Y143.111438 Z7.45031 E0.288059
G1 X150.418079 Y143.704758 Z7.452971 E0.28808
G1 X150.000898 Y144.287401 Z7.455631 E0.288101
G1 X149.568577 Y144.858965 Z7.458292 E0.288122
G1 X149.121409 Y145.419057 Z7.460952 E0.288143
G1 X148.659699 Y145.967291 Z7.463612 E0.288164
G1 X148.183761 Y146.50329 Z7.466273 E0.288185
G1 X147.693918 Y147.026683 Z7.468933 E0.288206
G1 X147.190505 Y147.537111 Z7.471594 E0.288227
G1 X146.673865 Y148.034222 Z7.474254 E0.288248
G1 X146.144351 Y148.517674 Z7.476915 E0.288269
G1 X145.602324 Y148.987134 Z7.479575 E0.28829
G1 X145.048152 Y149.442276 Z7.482235 E0.288311
G1 X144.482216 Y149.882789 Z7.484896 E0.288332
G1 X143.9049 Y150.308366 Z7.487556 E0.288353
G1 X143.316598 Y150.718715 Z7.490217 E0.288374
G1 X142.717713 Y151.113553 Z7.492877 E0.288395
G1 X142.108653 Y151.492605 Z7.495538 E0.288416
G1 X141.489834 Y151.85561 Z7.498198 E0.288437
G1 X140.861679 Y152.202317 Z7.500858 E0.288458
G1 X140.224618 Y152.532486 Z7.503519 E0.288479
G1 X139.579085 Y152.845889 Z7.506179 E0.2885
G1 X138.925521 Y153.142307 Z7.50884 E0.288521
G1 X138.264374 Y153.421536 Z7.5115 E0.288542
G1 X137.596096 Y153.68338 Z7.51416 E0.288563
G1 X136.921143 Y153.92766 Z7.516821 E0.288584
G1 X136.239978 Y154.154203 Z7.519481 E0.288604
G1 X135.553066 Y154.362854 Z7.522142 E0.288625
G1 X134.860877 Y154.553465 Z7.524802 E0.288646
G1 X134.163885 Y154.725903 Z7.527463 E0.288667
G1 X133.462566 Y154.880045 Z7.530123 E0.288688
G1 X132.757401 Y155.015786 Z7.532783 E0.288709
G1 X132.048874 Y155.13303 Z7.535444 E0.28873
G1 X131.337468 Y155.231693 Z7.538104 E0.288751
G1 X130.623672 Y155.311706 Z7.540765 E0.288772
G1 X129.907974 Y155.37301 Z7.543425 E0.288793
G1 X129.190865 Y155.415562 Z7.546086 E0.288814
G1 X128.472835 Y155.439327 Z7.548746 E0.288835
G1 X127.754378 Y155.444287 Z7.551406 E0.288856
G1 X127.035985 Y155.430437 Z7.554067 E0.288877
G1 X126.318148 Y155.397784 Z7.556727 E0.288898
G1 X125.601361 Y155.346347 Z7.559388 E0.288918
G1 X124.886113 Y155.27616 Z7.562048 E0.288939
G1 X124.172897 Y155.187267 Z7.564708 E0.28896
G1 X123.462201 Y155.079726 Z7.567369 E0.288981
G1 X122.754513 Y154.953606 Z7.570029 E0.289002
G1 X122.050318 Y154.808994 Z7.57269 E0.289023
G1 X121.350099 Y154.645985 Z7.57535 E0.289044
G1 X120.654337 Y154.46469 Z7.578011 E0.289065
G1 X119.96351 Y154.265229 Z7.580671 E0.289085
G1 X119.278091 Y154.047737 Z7.583331 E0.289106
G1 X118.598551 Y153.812361 Z7.585992 E0.289127
G1 X117.925357 Y153.559257 Z7.588652 E0.289148
G1 X117.258973 Y153.288596 Z7.591313 E0.289169
G1 X116.599855 Y153.000563 Z7.593973 E0.28919
G1 X115.948455 Y152.695353 Z7.596634 E0.28921
G1 X115.305222 Y152.373172 Z7.599294 E0.289231
G1 X114.670597 Y152.03424 Z7.601954 E0.289252
G1 X114.045017 Y151.678785 Z7.604615 E0.289273
G1 X113.428912 Y151.307049 Z7.607275 E0.289294
G1 X112.822707 Y150.919284 Z7.609936 E0.289315
G1 X112.226818 Y150.515752 Z7.612596 E0.289335
G1 X111.641654 Y150.09673 Z7.615256 E0.289356
G1 X111.067619 Y149.662502 Z7.617917 E0.289377
G1 X110.505106 Y149.213365 Z7.620577 E0.289398
G1 X109.954504 Y148.749623 Z7.623238 E0.289418
G1 X109.416192 Y148.271592 Z7.625898 E0.289439
G1 X108.890539 Y147.779598 Z7.628559 E0.28946
G1 X108.377912 Y147.273975 Z7.631219 E0.289481
G1 X107.87866 Y146.755068 Z7.633879 E0.289502
G1 X107.393128 Y146.223231 Z7.63654 E0.289522
G1 X106.92165 Y145.678829 Z7.6392 E0.289543
G1 X106.464552 Y145.12223 Z7.641861 E0.289564
G1 X106.022149 Y144.553817 Z7.644521 E0.289585
G1 X105.594747 Y143.973976 Z7.647181 E0.289605
G1 X105.182641 Y143.383102 Z7.649842 E0.289626
G1 X104.786117 Y142.781599 Z7.652502 E0.289647
G1 X104.405448 Y142.169878 Z7.655163 E0.289667
G1 X104.040896 Y141.548358 Z7.657823 E0.289688
G1 X103.692714 Y140.917462 Z7.660484 E0.289709
G1 X103.361142 Y140.277623 Z7.663144 E0.28973
G1 X103.046411 Y139.629277 Z7.665804 E0.28975
G1 X102.748738 Y138.972867 Z7.668465 E0.289771
G1 X102.468332 Y138.308842 Z7.671125 E0.289792
G1 X102.205387 Y137.637656 Z7.673786 E0.289812
G1 X101.960084 Y136.959768 Z7.676446 E0.289833
G1 X101.732594 Y136.275643 Z7.679107 E0.289854
G1 X101.523076 Y135.585747 Z7.681767 E0.289874
G1 X101.331675 Y134.890554 Z7.684427 E0.289895
G1 X101.158526 Y134.190539 Z7.687088 E0.289916
G1 X101.003749 Y133.486181 Z7.689748 E0.289936
G1 X100.867457 Y132.777962 Z7.692409 E0.289957
G1 X100.749743 Y132.066367 Z7.695069 E0.289978
G1 X100.65069 Y131.351883 Z7.697729 E0.289998
;WIDTH:1.200
; LINE_WIDTH: 1.200
;Z:8.355
;HEIGHT:0.657
G1 X100.57031 Y130.635006 Z7.700468 E0.29261
G1 X100.508719 Y129.916218 Z7.703207 E0.292631
G1 X100.465962 Y129.196011 Z7.705947 E0.292653
G1 X100.44207 Y128.474879 Z7.708686 E0.292674
G1 X100.437064 Y127.753316 Z7.711425 E0.292696
G1 X100.450949 Y127.031816 Z7.714164 E0.292717
G1 X100.483718 Y126.310874 Z7.716903 E0.292738
G1 X100.535353 Y125.590984 Z7.719642 E0.29276
G1 X100.605819 Y124.87264 Z7.722381 E0.292781
G1 X100.695072 Y124.156334 Z7.72512 E0.292803
G1 X100.803053 Y123.442558 Z7.727859 E0.292824
G1 X100.929691 Y122.731801 Z7.730598 E0.292846
G1 X101.074902 Y122.024551 Z7.733337 E0.292867
G1 X101.238588 Y121.321293 Z7.736076 E0.292889
G1 X101.420642 Y120.622509 Z7.738815 E0.29291
G1 X101.620939 Y119.92868 Z7.741554 E0.292931
G1 X101.839347 Y119.240282 Z7.744293 E0.292953
G1 X102.075717 Y118.557786 Z7.747032 E0.292974
G1 X102.329891 Y117.881663 Z7.749771 E0.292996
G1 X102.601707 Y117.21238 Z7.75251 E0.293017
G1 X102.890981 Y116.550399 Z7.755249 E0.293038
G1 X103.197506 Y115.896169 Z7.757988 E0.29306
G1 X103.521076 Y115.250141 Z7.760727 E0.293081
G1 X103.86147 Y114.612758 Z7.763466 E0.293102
G1 X104.218459 Y113.984458 Z7.766205 E0.293123
G1 X104.591799 Y113.365675 Z7.768944 E0.293144
G1 X104.981239 Y112.756833 Z7.771683 E0.293166
G1 X105.386529 Y112.158362 Z7.774422 E0.293187
G1 X105.807377 Y111.570664 Z7.777161 E0.293208
G1 X106.243496 Y110.994143 Z7.7799 E0.293229
G1 X106.694589 Y110.429195 Z7.782639 E0.29325
G1 X107.16035 Y109.87621 Z7.785378 E0.29327
G1 X107.640461 Y109.335567 Z7.788117 E0.293291
G1 X108.134596 Y108.807641 Z7.790856 E0.293312
G1 X108.642427 Y108.292803 Z7.793595 E0.293333
G1 X109.163603 Y107.791406 Z7.796334 E0.293354
G1 X109.697764 Y107.303789 Z7.799073 E0.293375
G1 X110.244544 Y106.830288 Z7.801812 E0.293396
G1 X110.803572 Y106.37123 Z7.804551 E0.293416
G1 X111.374465 Y105.926932 Z7.80729 E0.293437
G1 X111.956834 Y105.497701 Z7.810029 E0.293458
G1 X112.550284 Y105.083835 Z7.812768 E0.293478
G1 X113.154417 Y104.685633 Z7.815507 E0.293499
G1 X113.768809 Y104.303355 Z7.818246 E0.29352
G1 X114.393042 Y103.937266 Z7.820985 E0.29354
G1 X115.026687 Y103.587618 Z7.823724 E0.293561
G1 X115.669314 Y103.254654 Z7.826463 E0.293581
G1 X116.320481 Y102.938604 Z7.829202 E0.293602
G1 X116.979745 Y102.639688 Z7.831941 E0.293622
G1 X117.64666 Y102.358126 Z7.83468 E0.293642
G1 X118.320766 Y102.094107 Z7.837419 E0.293663
G1 X119.0016 Y101.847807 Z7.840158 E0.293683
G1 X119.688694 Y101.619398 Z7.842897 E0.293703
G1 X120.38158 Y101.409039 Z7.845636 E0.293723
G1 X121.079784 Y101.216876 Z7.848375 E0.293744
G1 X121.782827 Y101.043045 Z7.851114 E0.293764
G1 X122.490229 Y100.887671 Z7.853853 E0.293784
G1 X123.201508 Y100.750876 Z7.856592 E0.293804
G1 X123.916173 Y100.632738 Z7.859331 E0.293824
G1 X124.633735 Y100.533342 Z7.86207 E0.293844
G1 X125.353701 Y100.452758 Z7.864809 E0.293864
G1 X126.075579 Y100.391044 Z7.867548 E0.293884
G1 X126.798875 Y100.348245 Z7.870287 E0.293904
G1 X127.523093 Y100.324393 Z7.873026 E0.293925
G1 X128.247736 Y100.319525 Z7.875765 E0.293944
G1 X128.972307 Y100.333632 Z7.878504 E0.293964
G1 X129.696309 Y100.366704 Z7.881243 E0.293984
G1 X130.419246 Y100.418721 Z7.883982 E0.294004
G1 X131.140622 Y100.489649 Z7.886721 E0.294024
G1 X131.859943 Y100.579442 Z7.88946 E0.294043
G1 X132.576715 Y100.688042 Z7.892199 E0.294063
G1 X133.290445 Y100.815384 Z7.894938 E0.294083
G1 X134.000641 Y100.961389 Z7.897677 E0.294103
G1 X134.706819 Y101.125946 Z7.900416 E0.294122
G1 X135.408494 Y101.308944 Z7.903155 E0.294142
G1 X136.105185 Y101.510261 Z7.905894 E0.294161
G1 X136.796413 Y101.729761 Z7.908633 E0.294181
G1 X137.481703 Y101.967295 Z7.911372 E0.2942
G1 X138.160586 Y102.222705 Z7.914111 E0.29422
G1 X138.832588 Y102.495834 Z7.91685 E0.294239
G1 X139.497252 Y102.786482 Z7.919589 E0.294259
G1 X140.154123 Y103.09445 Z7.922328 E0.294278
G1 X140.80275 Y103.419528 Z7.925067 E0.294297
G1 X141.442687 Y103.761497 Z7.927806 E0.294317
G1 X142.073495 Y104.120124 Z7.930545 E0.294336
G1 X142.694739 Y104.495165 Z7.933284 E0.294355
G1 X143.305993 Y104.886366 Z7.936023 E0.294375
G1 X143.906837 Y105.29346 Z7.938762 E0.294394
G1 X144.496856 Y105.716171 Z7.941501 E0.294413
G1 X145.075647 Y106.154211 Z7.94424 E0.294433
G1 X145.642809 Y106.607281 Z7.946979 E0.294452
G1 X146.197954 Y107.075073 Z7.949718 E0.294471
G1 X146.740698 Y107.557269 Z7.952457 E0.294491
G1 X147.270669 Y108.05354 Z7.955196 E0.29451
G1 X147.787501 Y108.563547 Z7.957935 E0.294529
G1 X148.290838 Y109.086943 Z7.960674 E0.294549
G1 X148.780335 Y109.623371 Z7.963413 E0.294568
G1 X149.255652 Y110.172465 Z7.966152 E0.294587
G1 X149.716463 Y110.733849 Z7.968891 E0.294606
G1 X150.16245 Y111.307142 Z7.97163 E0.294626
G1 X150.593305 Y111.891951 Z7.974369 E0.294645
G1 X151.008732 Y112.487878 Z7.977108 E0.294664
G1 X151.408442 Y113.094514 Z7.979847 E0.294684
G1 X151.792161 Y113.711447 Z7.982586 E0.294703
G1 X152.159623 Y114.338253 Z7.985325 E0.294722
G1 X152.510573 Y114.974506 Z7.988064 E0.294742
G1 X152.844771 Y115.61977 Z7.990803 E0.294761
G1 X153.161983 Y116.273604 Z7.993542 E0.29478
G1 X153.461993 Y116.93556 Z7.996281 E0.2948
G1 X153.744601 Y117.605182 Z7.99902 E0.294819
G1 X154.009602 Y118.282018 Z8.001759 E0.294839
G1 X154.256811 Y118.965603 Z8.004498 E0.294858
G1 X154.486056 Y119.655471 Z8.007237 E0.294878
G1 X154.697177 Y120.351149 Z8.009976 E0.294897
G1 X154.890028 Y121.052162 Z8.012715 E0.294917
G1 X155.064474 Y121.758029 Z8.015454 E0.294936
G1 X155.220403 Y122.468267 Z8.018193 E0.294956
G1 X155.357699 Y123.182389 Z8.020932 E0.294975
G1 X155.476263 Y123.899908 Z8.023671 E0.294995
G1 X155.576011 Y124.620333 Z8.02641 E0.295014
G1 X155.656871 Y125.34317 Z8.029149 E0.295034
G1 X155.718785 Y126.067924 Z8.031888 E0.295054
G1 X155.76171 Y126.794099 Z8.034627 E0.295073
G1 X155.785615 Y127.521197 Z8.037366 E0.295093
G1 X155.79049 Y128.248721 Z8.040105 E0.295113
G1 X155.776318 Y128.976171 Z8.042844 E0.295133
G1 X155.743107 Y129.70305 Z8.045583 E0.295152
G1 X155.690875 Y130.428859 Z8.048322 E0.295172
G1 X155.619657 Y131.153101 Z8.051061 E0.295192
G1 X155.529499 Y131.875278 Z8.0538 E0.295212
G1 X155.42046 Y132.594896 Z8.056539 E0.295231
G1 X155.292623 Y133.311464 Z8.059278 E0.295251
G1 X155.146066 Y134.024488 Z8.062017 E0.295271
G1 X154.980882 Y134.73348 Z8.064756 E0.295291
G1 X154.797184 Y135.437952 Z8.067495 E0.295311
G1 X154.595094 Y136.137421 Z8.070234 E0.295331
G1 X154.374748 Y136.831407 Z8.072973 E0.295351
G1 X154.136295 Y137.519433 Z8.075712 E0.295371
G1 X153.8799 Y138.20103 Z8.078451 E0.295391
G1 X153.605742 Y138.875731 Z8.08119 E0.295411
G1 X153.313995 Y139.543069 Z8.083929 E0.295431
G1 X153.004859 Y140.202587 Z8.086668 E0.295451
G1 X152.678542 Y140.85383 Z8.089407 E0.295471
G1 X152.335266 Y141.496352 Z8.092146 E0.295491
G1 X151.975264 Y142.129711 Z8.094885 E0.295511
G1 X151.59878 Y142.753471 Z8.097624 E0.295531
G1 X151.20608 Y143.367211 Z8.100363 E0.295552
G1 X150.797423 Y143.970504 Z8.103102 E0.295572
G1 X150.373084 Y144.562932 Z8.105841 E0.295592
G1 X149.933352 Y145.14409 Z8.10858 E0.295612
G1 X149.478527 Y145.713576 Z8.111319 E0.295633
G1 X149.008918 Y146.271 Z8.114058 E0.295653
G1 X148.524846 Y146.815976 Z8.116797 E0.295673
G1 X148.026643 Y147.348135 Z8.119536 E0.295693
G1 X147.514651 Y147.867112 Z8.122275 E0.295714
G1 X146.989214 Y148.372543 Z8.125014 E0.295734
G1 X146.450688 Y148.864081 Z8.127753 E0.295755
G1 X145.899442 Y149.341386 Z8.130492 E0.295775
G1 X145.335852 Y149.804129 Z8.133231 E0.295795
G1 X144.760301 Y150.251992 Z8.13597 E0.295816
G1 X144.173184 Y150.684664 Z8.138709 E0.295836
G1 X143.574908 Y151.10186 Z8.141448 E0.295857
G1 X142.965874 Y151.50328 Z8.144187 E0.295877
G1 X142.346498 Y151.888646 Z8.146926 E0.295898
G1 X141.717203 Y152.257692 Z8.149665 E0.295918
G1 X141.078418 Y152.610163 Z8.152404 E0.295939
G1 X140.430581 Y152.945816 Z8.155143 E0.295959
G1 X139.774134 Y153.264416 Z8.157882 E0.29598
G1 X139.109528 Y153.565752 Z8.160621 E0.296001
G1 X138.437218 Y153.849613 Z8.16336 E0.296021
G1 X137.75766 Y154.115796 Z8.166099 E0.296042
G1 X137.071319 Y154.364116 Z8.168838 E0.296063
G1 X136.378664 Y154.594401 Z8.171577 E0.296083
G1 X135.68017 Y154.80649 Z8.174316 E0.296104
G1 X134.976313 Y155.000236 Z8.177055 E0.296125
G1 X134.267577 Y155.175502 Z8.179794 E0.296145
G1 X133.554446 Y155.332167 Z8.182533 E0.296166
G1 X132.837408 Y155.47012 Z8.185272 E0.296187
G1 X132.116955 Y155.589264 Z8.188011 E0.296208
G1 X131.393578 Y155.689514 Z8.19075 E0.296228
G1 X130.667775 Y155.7708 Z8.193489 E0.296249
G1 X129.940041 Y155.833064 Z8.196228 E0.29627
G1 X129.210877 Y155.876258 Z8.198967 E0.29629
G1 X128.48078 Y155.900353 Z8.201706 E0.296311
G1 X127.750252 Y155.905327 Z8.204445 E0.296332
G1 X127.019792 Y155.891176 Z8.207184 E0.296353
G1 X126.289903 Y155.857906 Z8.209923 E0.296373
G1 X125.561084 Y155.805537 Z8.212662 E0.296394
G1 X124.833834 Y155.734103 Z8.215401 E0.296415
G1 X124.108653 Y155.643649 Z8.21814 E0.296435
G1 X123.386038 Y155.534232 Z8.220879 E0.296456
G1 X122.666489 Y155.40591 Z8.223618 E0.296477
G1 X121.950496 Y155.258786 Z8.226357 E0.296497
G1 X121.23855 Y155.092959 Z8.229096 E0.296518
G1 X120.53114 Y154.908538 Z8.231835 E0.296538
G1 X119.828752 Y154.705649 Z8.234574 E0.296559
G1 X119.131868 Y154.484428 Z8.237313 E0.296579
G1 X118.440965 Y154.245024 Z8.240052 E0.296599
G1 X117.756525 Y153.987583 Z8.242791 E0.29662
G1 X117.079014 Y153.712289 Z8.24553 E0.29664
G1 X116.408896 Y153.419335 Z8.248269 E0.29666
G1 X115.746632 Y153.108918 Z8.251008 E0.296681
G1 X115.092675 Y152.781249 Z8.253747 E0.296701
G1 X114.447476 Y152.43655 Z8.256486 E0.296721
G1 X113.811478 Y152.075054 Z8.259225 E0.296741
G1 X113.185121 Y151.697004 Z8.261964 E0.296762
G1 X112.568842 Y151.302646 Z8.264703 E0.296782
G1 X111.963056 Y150.892264 Z8.267442 E0.296802
G1 X111.368181 Y150.466136 Z8.270181 E0.296822
G1 X110.784625 Y150.024552 Z8.27292 E0.296842
G1 X110.212789 Y149.567813 Z8.275659 E0.296862
G1 X109.653068 Y149.096229 Z8.278398 E0.296882
G1 X109.105847 Y148.610122 Z8.281137 E0.296902
G1 X108.571514 Y148.109811 Z8.283876 E0.296922
G1 X108.05043 Y147.595647 Z8.286615 E0.296941
G1 X107.542949 Y147.067983 Z8.289354 E0.296961
G1 X107.049422 Y146.52718 Z8.292093 E0.296981
G1 X106.570189 Y145.973606 Z8.294832 E0.297001
G1 X106.10558 Y145.407639 Z8.297571 E0.297021
G1 X105.655916 Y144.829666 Z8.30031 E0.29704
G1 X105.221513 Y144.240075 Z8.303049 E0.29706
G1 X104.802677 Y143.639268 Z8.305788 E0.29708
G1 X104.399685 Y143.027662 Z8.308527 E0.297099
G1 X104.012815 Y142.405676 Z8.311266 E0.297119
G1 X103.642336 Y141.773735 Z8.314005 E0.297138
G1 X103.288503 Y141.13227 Z8.316744 E0.297158
G1 X102.95156 Y140.481719 Z8.319483 E0.297177
G1 X102.631741 Y139.822528 Z8.322222 E0.297197
G1 X102.329287 Y139.155139 Z8.324961 E0.297216
G1 X102.044389 Y138.480016 Z8.3277 E0.297236
G1 X101.777244 Y137.797623 Z8.330439 E0.297255
G1 X101.528038 Y137.108426 Z8.333178 E0.297274
G1 X101.296944 Y136.412896 Z8.335917 E0.297294
G1 X101.084121 Y135.71151 Z8.338656 E0.297313
G1 X100.889719 Y135.004747 Z8.341395 E0.297332
G1 X100.713884 Y134.293089 Z8.344134 E0.297352
G1 X100.556739 Y133.577023 Z8.346873 E0.297371
G1 X100.418383 Y132.857043 Z8.349612 E0.29739
G1 X100.298915 Y132.133641 Z8.352351 E0.297409
G1 X100.198417 Y131.407313 Z8.35509 E0.297428
;WIDTH:1.200
; LINE_WIDTH: 1.200
;Z:9.033
;HEIGHT:0.678
G1 X100.116906 Y130.678562 Z8.357915 E0.297447
G1 X100.054495 Y129.947879 Z8.360739 E0.297467
G1 X100.011232 Y129.215764 Z8.363564 E0.297487
G1 X99.987168 Y128.482718 Z8.366388 E0.297506
G1 X99.9823 Y127.749246 Z8.369213 E0.297526
G1 X99.996635 Y127.01585 Z8.372037 E0.297545
G1 X100.030165 Y126.283032 Z8.374862 E0.297565
G1 X100.082871 Y125.551295 Z8.377686 E0.297584
G1 X100.154718 Y124.821142 Z8.38051 E0.297604
G1 X100.245659 Y124.093071 Z8.383335 E0.297623
G1 X100.355655 Y123.367587 Z8.386159 E0.297642
G1 X100.484615 Y122.645184 Z8.388984 E0.297662
G1 X100.632451 Y121.926358 Z8.391808 E0.297681
G1 X100.799064 Y121.211603 Z8.394633 E0.2977
G1 X100.984342 Y120.501408 Z8.397457 E0.297719
G1 X101.188161 Y119.796261 Z8.400282 E0.297738
G1 X101.410382 Y119.096646 Z8.403106 E0.297758
G1 X101.650857 Y118.403043 Z8.40593 E0.297777
G1 X101.909423 Y117.715928 Z8.408755 E0.297796
G1 X102.185904 Y117.035773 Z8.411579 E0.297815
G1 X102.480114 Y116.363046 Z8.414404 E0.297834
G1 X102.791854 Y115.698207 Z8.417228 E0.297854
G1 X103.120912 Y115.041715 Z8.420053 E0.297873
G1 X103.467064 Y114.39402 Z8.422877 E0.297892
G1 X103.830075 Y113.755567 Z8.425702 E0.297911
G1 X104.2097 Y113.126794 Z8.428526 E0.29793
G1 X104.60568 Y112.508135 Z8.431351 E0.29795
G1 X105.017745 Y111.900014 Z8.434175 E0.297969
G1 X105.445615 Y111.30285 Z8.436999 E0.297988
G1 X105.888999 Y110.717053 Z8.439824 E0.298007
G1 X106.347596 Y110.143026 Z8.442648 E0.298026
G1 X106.821092 Y109.581164 Z8.445473 E0.298046
G1 X107.309165 Y109.031854 Z8.448297 E0.298065
G1 X107.811483 Y108.495475 Z8.451122 E0.298084
G1 X108.327703 Y107.972394 Z8.453946 E0.298103
G1 X108.857472 Y107.462974 Z8.456771 E0.298122
G1 X109.40043 Y106.967563 Z8.459595 E0.298142
G1 X109.956207 Y106.486505 Z8.46242 E0.298161
G1 X110.524422 Y106.02013 Z8.465244 E0.29818
G1 X111.104691 Y105.568763 Z8.468068 E0.298199
G1 X111.696614 Y105.132713 Z8.470893 E0.298218
G1 X112.299788 Y104.71228 Z8.473717 E0.298238
G1 X112.9138 Y104.307754 Z8.476542 E0.298257
G1 X113.538231 Y103.919415 Z8.479366 E0.298276
G1 X114.172655 Y103.547531 Z8.482191 E0.298295
G1 X114.816637 Y103.192359 Z8.485015 E0.298314
G1 X115.46974 Y102.854147 Z8.48784 E0.298333
G1 X116.131515 Y102.533128 Z8.490664 E0.298353
G1 X116.801509 Y102.229523 Z8.493489 E0.298372
G1 X117.479265 Y101.943542 Z8.496313 E0.298391
G1 X118.164319 Y101.675383 Z8.499137 E0.29841
G1 X118.856201 Y101.425233 Z8.501962 E0.298429
G1 X119.55444 Y101.193266 Z8.504786 E0.298448
G1 X120.258557 Y100.979644 Z8.507611 E0.298467
G1 X120.968071 Y100.784516 Z8.510435 E0.298486
G1 X121.682495 Y100.608017 Z8.51326 E0.298505
G1 X122.401341 Y100.45027 Z8.516084 E0.298524
G1 X123.124115 Y100.311386 Z8.518909 E0.298544
G1 X123.850325 Y100.191461 Z8.521733 E0.298563
G1 X124.579471 Y100.090582 Z8.524557 E0.298582
G1 X125.311055 Y100.008819 Z8.527382 E0.298601
G1 X126.044575 Y99.946235 Z8.530206 E0.29862
G1 X126.779529 Y99.90287 Z8.533031 E0.298639
G1 X127.515414 Y99.878758 Z8.535855 E0.298658
G1 X128.251724 Y99.873917 Z8.53868 E0.298677
G1 X128.987956 Y99.888353 Z8.541504 E0.298696
G1 X129.723604 Y99.922058 Z8.544329 E0.298715
G1 X130.458165 Y99.975013 Z8.547153 E0.298734
G1 X131.191134 Y100.047187 Z8.549978 E0.298753
G1 X131.922009 Y100.138529 Z8.552802 E0.298772
G1 X132.650289 Y100.248978 Z8.555626 E0.298791
G1 X133.375475 Y100.378463 Z8.558451 E0.29881
G1 X134.097068 Y100.526895 Z8.561275 E0.298829
G1 X134.814573 Y100.694177 Z8.5641 E0.298848
G1 X135.5275 Y100.880195 Z8.566924 E0.298867
G1 X136.235356 Y101.084829 Z8.569749 E0.298886
G1 X136.937658 Y101.307936 Z8.572573 E0.298905
G1 X137.633923 Y101.549366 Z8.575398 E0.298924
G1 X138.323673 Y101.808957 Z8.578222 E0.298943
G1 X139.006434 Y102.086532 Z8.581047 E0.298962
G1 X139.681738 Y102.381903 Z8.583871 E0.298981
G1 X140.349122 Y102.69487 Z8.586695 E0.299
G1 X141.008124 Y103.025223 Z8.58952 E0.299019
G1 X141.658294 Y103.372737 Z8.592344 E0.299038
G1 X142.299184 Y103.737175 Z8.595169 E0.299056
G1 X142.930355 Y104.118288 Z8.597993 E0.299075
G1 X143.551372 Y104.515818 Z8.600818 E0.299094
G1 X144.161809 Y104.929495 Z8.603642 E0.299113
G1 X144.761245 Y105.359036 Z8.606467 E0.299132
G1 X145.349268 Y105.804152 Z8.609291 E0.299151
G1 X145.925473 Y106.264538 Z8.612116 E0.29917
G1 X146.489464 Y106.73988 Z8.61494 E0.299189
G1 X147.040854 Y107.229853 Z8.617764 E0.299208
G1 X147.579263 Y107.734125 Z8.620589 E0.299226
G1 X148.10432 Y108.25235 Z8.623413 E0.299245
G1 X148.615663 Y108.784175 Z8.626238 E0.299264
G1 X149.11294 Y109.329239 Z8.629062 E0.299283
G1 X149.595807 Y109.88717 Z8.631887 E0.299302
G1 X150.063933 Y110.457586 Z8.634711 E0.299321
G1 X150.516995 Y111.040097 Z8.637536 E0.299339
G1 X150.954681 Y111.634306 Z8.64036 E0.299358
G1 X151.376688 Y112.239807 Z8.643185 E0.299377
G1 X151.782727 Y112.856186 Z8.646009 E0.299396
G1 X152.172515 Y113.483022 Z8.648833 E0.299415
G1 X152.545785 Y114.119887 Z8.651658 E0.299434
G1 X152.902278 Y114.766345 Z8.654482 E0.299452
G1 X153.241748 Y115.421955 Z8.657307 E0.299471
G1 X153.56396 Y116.086268 Z8.660131 E0.29949
G1 X153.868691 Y116.758831 Z8.662956 E0.299509
G1 X154.155729 Y117.439183 Z8.66578 E0.299528
G1 X154.424877 Y118.126858 Z8.668605 E0.299547
G1 X154.675946 Y118.821387 Z8.671429 E0.299565
G1 X154.908764 Y119.522295 Z8.674253 E0.299584
G1 X155.123167 Y120.229101 Z8.677078 E0.299603
G1 X155.319008 Y120.941322 Z8.679902 E0.299622
G1 X155.496148 Y121.658471 Z8.682727 E0.299641
G1 X155.654465 Y122.380056 Z8.685551 E0.299659
G1 X155.793847 Y123.105584 Z8.688376 E0.299678
G1 X155.914196 Y123.834558 Z8.6912 E0.299697
G1 X156.015429 Y124.566478 Z8.694025 E0.299716
G1 X156.097472 Y125.300844 Z8.696849 E0.299735
G1 X156.160268 Y126.037152 Z8.699674 E0.299754
G1 X156.20377 Y126.774897 Z8.702498 E0.299772
G1 X156.227947 Y127.513575 Z8.705322 E0.299791
G1 X156.23278 Y128.252679 Z8.708147 E0.29981
G1 X156.218261 Y128.991703 Z8.710971 E0.299829
G1 X156.184397 Y129.730139 Z8.713796 E0.299848
G1 X156.131211 Y130.467482 Z8.71662 E0.299866
G1 X156.058737 Y131.203227 Z8.719445 E0.299885
G1 X155.967022 Y131.936868 Z8.722269 E0.299904
G1 X155.856127 Y132.667902 Z8.725094 E0.299923
G1 X155.726126 Y133.395829 Z8.727918 E0.299942
G1 X155.577105 Y134.120148 Z8.730743 E0.29996
G1 X155.40916 Y134.840363 Z8.733567 E0.299979
G1 X155.222407 Y135.555979 Z8.736391 E0.299998
G1 X155.016974 Y136.266505 Z8.739216 E0.300017
G1 X154.792997 Y136.971454 Z8.74204 E0.300035
G1 X154.550628 Y137.670343 Z8.744865 E0.300054
G1 X154.290031 Y138.36269 Z8.747689 E0.300073
G1 X154.011382 Y139.048022 Z8.750514 E0.300091
G1 X153.714867 Y139.725865 Z8.753338 E0.30011
G1 X153.40069 Y140.395756 Z8.756163 E0.300129
G1 X153.069063 Y141.057233 Z8.758987 E0.300148
G1 X152.720214 Y141.709844 Z8.761812 E0.300166
G1 X152.354377 Y142.35314 Z8.764636 E0.300185
G1 X151.971802 Y142.986677 Z8.76746 E0.300204
G1 X151.57275 Y143.610022 Z8.770285 E0.300222
G1 X151.157489 Y144.222744 Z8.773109 E0.300241
G1 X150.726303 Y144.824422 Z8.775934 E0.30026
G1 X150.279486 Y145.414644 Z8.778758 E0.300278
G1 X149.817344 Y145.993002 Z8.781583 E0.300297
G1 X149.340191 Y146.5591 Z8.784407 E0.300316
G1 X148.848352 Y147.112548 Z8.787232 E0.300334
G1 X148.342162 Y147.652965 Z8.790056 E0.300353
G1 X147.821966 Y148.179978 Z8.792881 E0.300372
G1 X147.288118 Y148.693223 Z8.795705 E0.30039
G1 X146.740984 Y149.192348 Z8.798529 E0.300409
G1 X146.180936 Y149.67701 Z8.801354 E0.300427
G1 X145.608358 Y150.146874 Z8.804178 E0.300446
G1 X145.023641 Y150.601617 Z8.807003 E0.300465
G1 X144.427183 Y151.040926 Z8.809827 E0.300483
G1 X143.819391 Y151.464495 Z8.812652 E0.300502
G1 X143.20068 Y151.872032 Z8.815476 E0.30052
G1 X142.571474 Y152.263258 Z8.818301 E0.300539
G1 X141.932203 Y152.637901 Z8.821125 E0.300557
G1 X141.283304 Y152.995704 Z8.823949 E0.300576
G1 X140.62522 Y153.336419 Z8.826774 E0.300595
G1 X139.958402 Y153.659811 Z8.829598 E0.300613
G1 X139.283305 Y153.965655 Z8.832423 E0.300632
G1 X138.60039 Y154.253737 Z8.835247 E0.30065
G1 X137.910125 Y154.523859 Z8.838072 E0.300669
G1 X137.212982 Y154.775836 Z8.840896 E0.300687
G1 X136.509439 Y155.009491 Z8.843721 E0.300706
G1 X135.799978 Y155.224663 Z8.846545 E0.300724
G1 X135.085082 Y155.421201 Z8.84937 E0.300743
G1 X134.365243 Y155.598969 Z8.852194 E0.300761
G1 X133.640951 Y155.75784 Z8.855018 E0.30078
G1 X132.912705 Y155.897704 Z8.857843 E0.300798
G1 X132.181001 Y156.018464 Z8.860667 E0.300817
G1 X131.446342 Y156.120035 Z8.863492 E0.300835
G1 X130.709231 Y156.202345 Z8.866316 E0.300854
G1 X129.970172 Y156.265335 Z8.869141 E0.300872
G1 X129.229672 Y156.30896 Z8.871965 E0.300891
G1 X128.488238 Y156.333185 Z8.87479 E0.300909
G1 X127.746379 Y156.337992 Z8.877614 E0.300928
G1 X127.004603 Y156.323376 Z8.880439 E0.300946
G1 X126.263418 Y156.289346 Z8.883263 E0.300964
G1 X125.523333 Y156.235922 Z8.886087 E0.300983
G1 X124.784855 Y156.163139 Z8.888912 E0.301001
G1 X124.04849 Y156.071043 Z8.891736 E0.30102
G1 X123.314743 Y155.959697 Z8.894561 E0.301038
G1 X122.584117 Y155.829173 Z8.897385 E0.301056
G1 X121.857114 Y155.67956 Z8.90021 E0.301075
G1 X121.134233 Y155.510956 Z8.903034 E0.301093
G1 X120.415968 Y155.323476 Z8.905859 E0.301112
G1 X119.702814 Y155.117245 Z8.908683 E0.30113
G1 X118.99526 Y154.892403 Z8.911508 E0.301149
G1 X118.293791 Y154.649101 Z8.914332 E0.301167
G1 X117.598889 Y154.387505 Z8.917156 E0.301185
G1 X116.91103 Y154.10779 Z8.919981 E0.301204
G1 X116.230688 Y153.810147 Z8.922805 E0.301222
G1 X115.558329 Y153.494777 Z8.92563 E0.301241
G1 X114.894415 Y153.161895 Z8.928454 E0.301259
G1 X114.239403 Y152.811726 Z8.931279 E0.301278
G1 X113.593742 Y152.444508 Z8.934103 E0.301296
G1 X112.957877 Y152.060491 Z8.936928 E0.301314
G1 X112.332243 Y151.659935 Z8.939752 E0.301333
G1 X111.717271 Y151.243115 Z8.942576 E0.301351
G1 X111.113385 Y150.810312 Z8.945401 E0.30137
G1 X110.520998 Y150.361823 Z8.948225 E0.301388
G1 X109.94052 Y149.897952 Z8.95105 E0.301407
G1 X109.372348 Y149.419015 Z8.953874 E0.301425
G1 X108.816876 Y148.925337 Z8.956699 E0.301443
G1 X108.274486 Y148.417256 Z8.959523 E0.301462
G1 X107.745549 Y147.895119 Z8.962348 E0.30148
G1 X107.23043 Y147.359281 Z8.965172 E0.301499
G1 X106.729484 Y146.81011 Z8.967997 E0.301517
G1 X106.243055 Y146.247979 Z8.970821 E0.301535
G1 X105.771479 Y145.673273 Z8.973645 E0.301554
G1 X105.315083 Y145.086382 Z8.97647 E0.301572
G1 X104.874181 Y144.487708 Z8.979294 E0.30159
G1 X104.449077 Y143.87766 Z8.982119 E0.301609
G1 X104.040062 Y143.256655 Z8.984943 E0.301627
G1 X103.64742 Y142.625118 Z8.987768 E0.301645
G1 X103.271421 Y141.983479 Z8.990592 E0.301664
G1 X102.912325 Y141.332179 Z8.993417 E0.301682
G1 X102.570382 Y140.671662 Z8.996241 E0.3017
G1 X102.245829 Y140.002377 Z8.999066 E0.301719
G1 X101.938889 Y139.324785 Z9.00189 E0.301737
G1 X101.649775 Y138.639349 Z9.004714 E0.301755
G1 X101.378685 Y137.946537 Z9.007539 E0.301774
G1 X101.125809 Y137.246824 Z9.010363 E0.301792
G1 X100.891322 Y136.540689 Z9.013188 E0.30181
G1 X100.675387 Y135.828614 Z9.016012 E0.301828
G1 X100.478157 Y135.111086 Z9.018837 E0.301847
G1 X100.299768 Y134.388598 Z9.021661 E0.301865
G1 X100.140343 Y133.661643 Z9.024486 E0.301883
G1 X99.999993 Y132.93072 Z9.02731 E0.301901
G1 X99.878818 Y132.196329 Z9.030135 E0.30192
G1 X99.776902 Y131.458973 Z9.032959 E0.301938
;WIDTH:1.200
; LINE_WIDTH: 1.200
;Z:9.723
;HEIGHT:0.690
G1 X99.694288 Y130.719161 Z9.035832 E0.299681
G1 X99.631068 Y129.977393 Z9.038706 E0.299699
G1 X99.587286 Y129.234179 Z9.041579 E0.299718
G1 X99.562972 Y128.490028 Z9.044452 E0.299736
G1 X99.558146 Y127.74545 Z9.047325 E0.299754
G1 X99.572814 Y127.000955 Z9.050199 E0.299773
G1 X99.606967 Y126.257053 Z9.053072 E0.299791
G1 X99.660585 Y125.514255 Z9.055945 E0.29981
G1 X99.733636 Y124.77307 Z9.058819 E0.299828
G1 X99.826072 Y124.034007 Z9.061692 E0.299846
G1 X99.937829 Y123.297571 Z9.064565 E0.299865
G1 X100.068833 Y122.564268 Z9.067438 E0.299883
G1 X100.218998 Y121.834601 Z9.070312 E0.299901
G1 X100.388222 Y121.109071 Z9.073185 E0.29992
G1 X100.576392 Y120.388175 Z9.076058 E0.299938
G1 X100.783383 Y119.672409 Z9.078931 E0.299956
G1 X101.009056 Y118.962264 Z9.081805 E0.299975
G1 X101.253255 Y118.258227 Z9.084678 E0.299993
G1 X101.515817 Y117.560781 Z9.087551 E0.300011
G1 X101.796563 Y116.870405 Z9.090425 E0.300029
G1 X102.095303 Y116.187573 Z9.093298 E0.300048
G1 X102.411834 Y115.512755 Z9.096171 E0.300066
G1 X102.745944 Y114.846413 Z9.099044 E0.300084
G1 X103.097406 Y114.189007 Z9.101918 E0.300102
G1 X103.465978 Y113.540988 Z9.104791 E0.300121
G1 X103.851412 Y112.9028 Z9.107664 E0.300139
G1 X104.253443 Y112.274881 Z9.110538 E0.300157
G1 X104.671799 Y111.657665 Z9.113411 E0.300175
G1 X105.106195 Y111.051575 Z9.116284 E0.300194
G1 X105.556336 Y110.457028 Z9.119157 E0.300212
G1 X106.021917 Y109.874435 Z9.122031 E0.30023
G1 X106.502618 Y109.304194 Z9.124904 E0.300248
G1 X106.998112 Y108.746699 Z9.127777 E0.300266
G1 X107.50806 Y108.202332 Z9.130651 E0.300285
G1 X108.032115 Y107.671469 Z9.133524 E0.300303
G1 X108.56992 Y107.154474 Z9.136397 E0.300321
G1 X109.121107 Y106.651704 Z9.13927 E0.300339
G1 X109.685301 Y106.163506 Z9.142144 E0.300357
G1 X110.262116 Y105.690215 Z9.145017 E0.300376
G1 X110.851158 Y105.232158 Z9.14789 E0.300394
G1 X111.452025 Y104.78965 Z9.150763 E0.300412
G1 X112.064307 Y104.362998 Z9.153637 E0.30043
G1 X112.687586 Y103.952494 Z9.15651 E0.300448
G1 X113.321435 Y103.558423 Z9.159383 E0.300466
G1 X113.965421 Y103.181056 Z9.162257 E0.300485
G1 X114.619105 Y102.820654 Z9.16513 E0.300503
G1 X115.282039 Y102.477467 Z9.168003 E0.300521
G1 X115.95377 Y102.151732 Z9.170876 E0.300539
G1 X116.633839 Y101.843673 Z9.17375 E0.300557
G1 X117.321781 Y101.553504 Z9.176623 E0.300576
G1 X118.017124 Y101.281427 Z9.179496 E0.300594
G1 X118.719394 Y101.02763 Z9.18237 E0.300612
G1 X119.42811 Y100.792289 Z9.185243 E0.30063
G1 X120.142787 Y100.575567 Z9.188116 E0.300648
G1 X120.862936 Y100.377616 Z9.190989 E0.300667
G1 X121.588064 Y100.198574 Z9.193863 E0.300685
G1 X122.317674 Y100.038564 Z9.196736 E0.300703
G1 X123.051267 Y99.8977 Z9.199609 E0.300721
G1 X123.788341 Y99.776085 Z9.202483 E0.300739
G1 X124.528391 Y99.6738 Z9.205356 E0.300757
G1 X125.270909 Y99.590917 Z9.208229 E0.300776
G1 X126.015388 Y99.527496 Z9.211102 E0.300794
G1 X126.761316 Y99.483582 Z9.213976 E0.300812
G1 X127.508184 Y99.459208 Z9.216849 E0.30083
G1 X128.255479 Y99.454393 Z9.219722 E0.300848
G1 X129.002689 Y99.469146 Z9.222596 E0.300866
G1 X129.749301 Y99.503457 Z9.225469 E0.300884
G1 X130.494804 Y99.557303 Z9.228342 E0.300902
G1 X131.238687 Y99.63065 Z9.231215 E0.30092
G1 X131.980439 Y99.723451 Z9.234089 E0.300939
G1 X132.719553 Y99.835643 Z9.236962 E0.300957
G1 X133.45552 Y99.967153 Z9.239835 E0.300975
G1 X134.187836 Y100.117895 Z9.242708 E0.300993
G1 X134.915999 Y100.287767 Z9.245582 E0.301011
G1 X135.639509 Y100.476654 Z9.248455 E0.301029
G1 X136.357869 Y100.684427 Z9.251328 E0.301047
G1 X137.070587 Y100.910947 Z9.254202 E0.301065
G1 X137.777173 Y101.156062 Z9.257075 E0.301083
G1 X138.477143 Y101.419604 Z9.259948 E0.301101
G1 X139.170015 Y101.701399 Z9.262821 E0.301119
G1 X139.855313 Y102.001254 Z9.265695 E0.301137
G1 X140.532567 Y102.318964 Z9.268568 E0.301155
G1 X141.201312 Y102.654314 Z9.271441 E0.301173
G1 X141.861089 Y103.007077 Z9.274315 E0.301191
G1 X142.511445 Y103.377011 Z9.277188 E0.301209
G1 X143.151932 Y103.763866 Z9.280061 E0.301227
G1 X143.782109 Y104.167381 Z9.282934 E0.301245
G1 X144.401544 Y104.58728 Z9.285808 E0.301263
G1 X145.00981 Y105.023277 Z9.288681 E0.301281
G1 X145.606491 Y105.475073 Z9.291554 E0.301299
G1 X146.191175 Y105.942362 Z9.294428 E0.301317
G1 X146.76346 Y106.424825 Z9.297301 E0.301335
G1 X147.322954 Y106.922133 Z9.300174 E0.301353
G1 X147.869268 Y107.433949 Z9.303047 E0.301371
G1 X148.402028 Y107.959923 Z9.305921 E0.301389
G1 X148.920867 Y108.499695 Z9.308794 E0.301407
G1 X149.425429 Y109.052896 Z9.311667 E0.301424
G1 X149.915366 Y109.61915 Z9.314541 E0.301442
G1 X150.39034 Y110.198069 Z9.317414 E0.30146
G1 X150.850024 Y110.789258 Z9.320287 E0.301478
G1 X151.294101 Y111.392314 Z9.32316 E0.301496
G1 X151.722262 Y112.006827 Z9.326034 E0.301514
G1 X152.134214 Y112.632374 Z9.328907 E0.301532
G1 X152.529674 Y113.268528 Z9.33178 E0.30155
G1 X152.908367 Y113.914854 Z9.334653 E0.301567
G1 X153.270034 Y114.570911 Z9.337527 E0.301585
G1 X153.614423 Y115.23625 Z9.3404 E0.301603
G1 X153.941296 Y115.910416 Z9.343273 E0.301621
G1 X154.250425 Y116.592949 Z9.346147 E0.301639
G1 X154.541598 Y117.283382 Z9.34902 E0.301657
G1 X154.814614 Y117.981241 Z9.351893 E0.301674
G1 X155.069283 Y118.686049 Z9.354766 E0.301692
G1 X155.305429 Y119.397324 Z9.35764 E0.30171
G1 X155.522888 Y120.114579 Z9.360513 E0.301728
G1 X155.721509 Y120.837324 Z9.363386 E0.301746
G1 X155.901148 Y121.565065 Z9.36626 E0.301763
G1 X156.061685 Y122.297301 Z9.369133 E0.301781
G1 X156.203008 Y123.033532 Z9.372006 E0.301799
G1 X156.325017 Y123.773254 Z9.374879 E0.301817
G1 X156.427626 Y124.51596 Z9.377753 E0.301834
G1 X156.510763 Y125.261141 Z9.380626 E0.301852
G1 X156.574369 Y126.008288 Z9.383499 E0.30187
G1 X156.618398 Y126.756887 Z9.386373 E0.301888
G1 X156.642817 Y127.506426 Z9.389246 E0.301905
G1 X156.647607 Y128.256392 Z9.392119 E0.301923
G1 X156.632762 Y129.00627 Z9.394992 E0.301941
G1 X156.598291 Y129.755547 Z9.397866 E0.301959
G1 X156.544215 Y130.503708 Z9.400739 E0.301977
G1 X156.470568 Y131.250242 Z9.403612 E0.301994
G1 X156.377399 Y131.994636 Z9.406485 E0.302012
G1 X156.264769 Y132.736379 Z9.409359 E0.30203
G1 X156.132753 Y133.474963 Z9.412232 E0.302048
G1 X155.98144 Y134.209882 Z9.415105 E0.302065
G1 X155.81093 Y134.94063 Z9.417979 E0.302083
G1 X155.621339 Y135.666708 Z9.420852 E0.302101
G1 X155.412794 Y136.387616 Z9.423725 E0.302119
G1 X155.185436 Y137.10286 Z9.426598 E0.302136
G1 X154.939419 Y137.811949 Z9.429472 E0.302154
G1 X154.674908 Y138.514397 Z9.432345 E0.302172
G1 X154.392083 Y139.20972 Z9.435218 E0.30219
G1 X154.091136 Y139.897442 Z9.438092 E0.302207
G1 X153.772271 Y140.57709 Z9.440965 E0.302225
G1 X153.435704 Y141.248198 Z9.443838 E0.302243
G1 X153.081661 Y141.910303 Z9.446711 E0.302261
G1 X152.710384 Y142.562951 Z9.449585 E0.302278
G1 X152.322128 Y143.205694 Z9.452458 E0.302296
G1 X151.917155 Y143.83809 Z9.455331 E0.302314
G1 X151.495743 Y144.459705 Z9.458205 E0.302331
G1 X151.058177 Y145.070111 Z9.461078 E0.302349
G1 X150.604756 Y145.668889 Z9.463951 E0.302367
G1 X150.135786 Y146.255625 Z9.466824 E0.302385
G1 X149.651589 Y146.829916 Z9.469698 E0.302402
G1 X149.152495 Y147.391368 Z9.472571 E0.30242
G1 X148.638844 Y147.939595 Z9.475444 E0.302438
G1 X148.110988 Y148.47422 Z9.478318 E0.302455
G1 X147.569287 Y148.994874 Z9.481191 E0.302473
G1 X147.014109 Y149.501199 Z9.484064 E0.302491
G1 X146.445833 Y149.992844 Z9.486937 E0.302508
G1 X145.864846 Y150.469471 Z9.489811 E0.302526
G1 X145.271548 Y150.930753 Z9.492684 E0.302543
G1 X144.666342 Y151.376373 Z9.495557 E0.302561
G1 X144.049643 Y151.806021 Z9.49843 E0.302579
G1 X143.421871 Y152.219404 Z9.501304 E0.302596
G1 X142.783457 Y152.616234 Z9.504177 E0.302614
G1 X142.134835 Y152.996238 Z9.50705 E0.302631
G1 X141.476448 Y153.35915 Z9.509924 E0.302649
G1 X140.808747 Y153.704724 Z9.512797 E0.302667
G1 X140.132191 Y154.03272 Z9.51567 E0.302684
G1 X139.44724 Y154.342911 Z9.518543 E0.302702
G1 X138.754364 Y154.635083 Z9.521417 E0.302719
G1 X138.054037 Y154.909033 Z9.52429 E0.302737
G1 X137.346737 Y155.16457 Z9.527163 E0.302754
G1 X136.632948 Y155.401515 Z9.530037 E0.302772
G1 X135.913159 Y155.619707 Z9.53291 E0.302789
G1 X135.187864 Y155.818993 Z9.535783 E0.302807
G1 X134.457558 Y155.999236 Z9.538656 E0.302824
G1 X133.722741 Y156.160308 Z9.54153 E0.302842
G1 X132.983917 Y156.302099 Z9.544403 E0.302859
G1 X132.241592 Y156.424507 Z9.547276 E0.302877
G1 X131.496273 Y156.527443 Z9.55015 E0.302894
G1 X130.748472 Y156.610838 Z9.553023 E0.302912
G1 X129.998701 Y156.674633 Z9.555896 E0.302929
G1 X129.247474 Y156.718782 Z9.558769 E0.302947
G1 X128.495305 Y156.743253 Z9.561643 E0.302964
G1 X127.74271 Y156.748026 Z9.564516 E0.302982
G1 X126.990204 Y156.733095 Z9.567389 E0.302999
G1 X126.238304 Y156.698464 Z9.570263 E0.303017
G1 X125.487525 Y156.64416 Z9.573136 E0.303034
G1 X124.738382 Y156.570217 Z9.576009 E0.303051
G1 X123.991388 Y156.476683 Z9.578882 E0.303069
G1 X123.247056 Y156.363621 Z9.581756 E0.303086
G1 X122.505896 Y156.231106 Z9.584629 E0.303104
G1 X121.768417 Y156.079226 Z9.587502 E0.303121
G1 X121.035125 Y155.908079 Z9.590375 E0.303138
G1 X120.306523 Y155.717783 Z9.593249 E0.303156
G1 X119.58311 Y155.508469 Z9.596122 E0.303173
G1 X118.865383 Y155.280276 Z9.598995 E0.303191
G1 X118.153835 Y155.033359 Z9.601869 E0.303208
G1 X117.448954 Y154.767886 Z9.604742 E0.303225
G1 X116.751224 Y154.484035 Z9.607615 E0.303243
G1 X116.061126 Y154.181997 Z9.610488 E0.30326
G1 X115.379132 Y153.861978 Z9.613362 E0.303277
G1 X114.70571 Y153.524197 Z9.616235 E0.303295
G1 X114.041323 Y153.168883 Z9.619108 E0.303312
G1 X113.386428 Y152.796278 Z9.621982 E0.303329
G1 X112.741474 Y152.406635 Z9.624855 E0.303347
G1 X112.106905 Y152.00022 Z9.627728 E0.303364
G1 X111.483156 Y151.577308 Z9.630601 E0.303381
G1 X110.870656 Y151.138189 Z9.633475 E0.303398
G1 X110.269827 Y150.68316 Z9.636348 E0.303416
G1 X109.681082 Y150.212533 Z9.639221 E0.303433
G1 X109.104825 Y149.726627 Z9.642095 E0.30345
G1 X108.541453 Y149.225775 Z9.644968 E0.303468
G1 X107.991353 Y148.710317 Z9.647841 E0.303485
G1 X107.454905 Y148.180606 Z9.650714 E0.303502
G1 X106.932477 Y147.637003 Z9.653588 E0.30352
G1 X106.424428 Y147.079879 Z9.656461 E0.303537
G1 X105.93111 Y146.509614 Z9.659334 E0.303554
G1 X105.452862 Y145.926597 Z9.662207 E0.303572
G1 X104.990012 Y145.331227 Z9.665081 E0.303589
G1 X104.542881 Y144.723911 Z9.667954 E0.303606
G1 X104.111776 Y144.105062 Z9.670827 E0.303624
G1 X103.696995 Y143.475105 Z9.673701 E0.303641
G1 X103.298823 Y142.83447 Z9.676574 E0.303658
G1 X102.917537 Y142.183593 Z9.679447 E0.303675
G1 X102.553398 Y141.522922 Z9.68232 E0.303693
G1 X102.206659 Y140.852906 Z9.685194 E0.30371
G1 X101.877559 Y140.174004 Z9.688067 E0.303727
G1 X101.566327 Y139.486681 Z9.69094 E0.303745
G1 X101.27318 Y138.791405 Z9.693814 E0.303762
G1 X100.998318 Y138.088654 Z9.696687 E0.303779
G1 X100.741932 Y137.378908 Z9.69956 E0.303797
G1 X100.504199 Y136.662653 Z9.702433 E0.303814
G1 X100.285285 Y135.94038 Z9.705307 E0.303831
G1 X100.085342 Y135.212582 Z9.70818 E0.303848
G1 X99.90451 Y134.479757 Z9.711053 E0.303866
G1 X99.742916 Y133.742408 Z9.713927 E0.303883
G1 X99.600672 Y133.001039 Z9.7168 E0.3039
G1 X99.477877 Y132.256159 Z9.719673 E0.303917
G1 X99.374616 Y131.508277 Z9.722546 E0.303934
;WIDTH:1.200
; LINE_WIDTH: 1.200
;Z:10.432
;HEIGHT:0.709
G1 X99.290917 Y130.75791 Z9.725502 E0.307164
G1 X99.226886 Y130.005566 Z9.728458 E0.307181
G1 X99.182569 Y129.251759 Z9.731413 E0.307199
G1 X99.158002 Y128.497006 Z9.734369 E0.307217
G1 X99.153201 Y127.741826 Z9.737325 E0.307235
G1 X99.16817 Y126.986734 Z9.74028 E0.307253
G1 X99.202902 Y126.232249 Z9.743236 E0.307271
G1 X99.257376 Y125.478889 Z9.746192 E0.307289
G1 X99.331556 Y124.727168 Z9.749147 E0.307306
G1 X99.425397 Y123.977604 Z9.752103 E0.307324
G1 X99.538835 Y123.230711 Z9.755059 E0.307342
G1 X99.671795 Y122.487 Z9.758015 E0.30736
G1 X99.824185 Y121.746981 Z9.76097 E0.307378
G1 X99.995905 Y121.011162 Z9.763926 E0.307395
G1 X100.186838 Y120.280049 Z9.766882 E0.307413
G1 X100.396857 Y119.554142 Z9.769837 E0.307431
G1 X100.625822 Y118.833941 Z9.772793 E0.307449
G1 X100.873577 Y118.11994 Z9.775749 E0.307466
G1 X101.139953 Y117.412628 Z9.778704 E0.307484
G1 X101.42477 Y116.712491 Z9.78166 E0.307502
G1 X101.727834 Y116.020009 Z9.784616 E0.30752
G1 X102.04894 Y115.335659 Z9.787571 E0.307537
G1 X102.38787 Y114.65991 Z9.790527 E0.307555
G1 X102.744396 Y113.993228 Z9.793483 E0.307573
G1 X103.118275 Y113.33607 Z9.796438 E0.307591
G1 X103.509251 Y112.688888 Z9.799394 E0.307608
G1 X103.917057 Y112.052125 Z9.80235 E0.307626
G1 X104.341417 Y111.426219 Z9.805305 E0.307644
G1 X104.782041 Y110.811601 Z9.808261 E0.307661
G1 X105.238629 Y110.208694 Z9.811217 E0.307679
G1 X105.710873 Y109.617913 Z9.814172 E0.307697
G1 X106.198449 Y109.039665 Z9.817128 E0.307714
G1 X106.701023 Y108.474346 Z9.820084 E0.307732
G1 X107.218254 Y107.922344 Z9.823039 E0.307749
G1 X107.749787 Y107.384041 Z9.825995 E0.307767
G1 X108.295261 Y106.859806 Z9.828951 E0.307785
G1 X108.854302 Y106.35 Z9.831906 E0.307802
G1 X109.426533 Y105.854978 Z9.834862 E0.30782
G1 X110.01156 Y105.375079 Z9.837818 E0.307838
G1 X110.608983 Y104.910631 Z9.840774 E0.307855
G1 X111.218393 Y104.461956 Z9.843729 E0.307873
G1 X111.839376 Y104.029362 Z9.846685 E0.30789
G1 X112.471505 Y103.613149 Z9.849641 E0.307908
G1 X113.11435 Y103.213602 Z9.852596 E0.307925
G1 X113.767474 Y102.831003 Z9.855552 E0.307943
G1 X114.430426 Y102.46561 Z9.858508 E0.30796
G1 X115.102755 Y102.117678 Z9.861463 E0.307978
G1 X115.784 Y101.787445 Z9.864419 E0.307996
G1 X116.473695 Y101.475141 Z9.867375 E0.308013
G1 X117.171368 Y101.180982 Z9.87033 E0.308031
G1 X117.876543 Y100.90517 Z9.873286 E0.308048
G1 X118.588737 Y100.647898 Z9.876242 E0.308066
G1 X119.307462 Y100.409344 Z9.879197 E0.308083
G1 X120.032227 Y100.189673 Z9.882153 E0.308101
G1 X120.762535 Y99.989038 Z9.885109 E0.308118
G1 X121.497887 Y99.807578 Z9.888064 E0.308136
G1 X122.237779 Y99.645422 Z9.89102 E0.308153
G1 X122.981705 Y99.50268 Z9.893976 E0.308171
G1 X123.729154 Y99.379455 Z9.896931 E0.308188
G1 X124.479616 Y99.275832 Z9.899887 E0.308206
G1 X125.232577 Y99.191884 Z9.902843 E0.308223
G1 X125.987519 Y99.127672 Z9.905798 E0.308241
G1 X126.743927 Y99.083242 Z9.908754 E0.308258
G1 X127.501281 Y99.058626 Z9.91171 E0.308276
G1 X128.259064 Y99.053843 Z9.914665 E0.308293
G1 X129.016755 Y99.068899 Z9.917621 E0.308311
G1 X129.773835 Y99.103787 Z9.920577 E0.308328
G1 X130.529786 Y99.158484 Z9.923533 E0.308346
G1 X131.284088 Y99.232954 Z9.926488 E0.308363
G1 X132.036226 Y99.32715 Z9.929444 E0.308381
G1 X132.785682 Y99.441009 Z9.9324 E0.308399
G1 X133.531943 Y99.574461 Z9.935355 E0.308416
G1 X134.274493 Y99.727424 Z9.938311 E0.308433
G1 X135.012827 Y99.899781 Z9.941267 E0.308451
G1 X135.746436 Y100.091417 Z9.944222 E0.308468
G1 X136.474819 Y100.302204 Z9.947178 E0.308485
G1 X137.197475 Y100.531998 Z9.950134 E0.308503
G1 X137.913909 Y100.780644 Z9.953089 E0.30852
G1 X138.623625 Y101.047982 Z9.956045 E0.308537
G1 X139.326134 Y101.333832 Z9.959001 E0.308554
G1 X140.020959 Y101.63799 Z9.961956 E0.308572
G1 X140.707622 Y101.960251 Z9.964912 E0.308589
G1 X141.385651 Y102.300395 Z9.967868 E0.308606
G1 X142.054581 Y102.658192 Z9.970823 E0.308623
G1 X142.713952 Y103.033397 Z9.973779 E0.30864
G1 X143.363307 Y103.425763 Z9.976735 E0.308657
G1 X144.002198 Y103.835024 Z9.97969 E0.308674
G1 X144.630191 Y104.260892 Z9.982646 E0.308691
G1 X145.246855 Y104.703078 Z9.985602 E0.308708
G1 X145.851766 Y105.161279 Z9.988557 E0.308725
G1 X146.444508 Y105.635185 Z9.991513 E0.308742
G1 X147.024672 Y106.12447 Z9.994469 E0.308759
G1 X147.591854 Y106.628812 Z9.997424 E0.308776
G1 X148.145664 Y107.147861 Z10.00038 E0.308792
G1 X148.685726 Y107.681258 Z10.003336 E0.308809
G1 X149.211668 Y108.22864 Z10.006292 E0.308826
G1 X149.72313 Y108.789631 Z10.009247 E0.308842
G1 X150.219757 Y109.363851 Z10.012203 E0.308859
G1 X150.70121 Y109.950905 Z10.015159 E0.308876
G1 X151.167144 Y110.550402 Z10.018114 E0.308893
G1 X151.617246 Y111.161926 Z10.02107 E0.308909
G1 X152.051208 Y111.785056 Z10.024026 E0.308926
G1 X152.468733 Y112.419367 Z10.026981 E0.308942
G1 X152.869531 Y113.064424 Z10.029937 E0.308959
G1 X153.253327 Y113.719787 Z10.032893 E0.308975
G1 X153.619856 Y114.385007 Z10.035848 E0.308992
G1 X153.968851 Y115.059637 Z10.038804 E0.309008
G1 X154.30008 Y115.74321 Z10.04176 E0.309024
G1 X154.613319 Y116.435255 Z10.044715 E0.309041
G1 X154.90835 Y117.135299 Z10.047671 E0.309057
G1 X155.184969 Y117.842865 Z10.050627 E0.309073
G1 X155.442985 Y118.557466 Z10.053582 E0.30909
G1 X155.68222 Y119.278615 Z10.056538 E0.309106
G1 X155.90249 Y120.005822 Z10.059494 E0.309122
G1 X156.103657 Y120.738585 Z10.062449 E0.309138
G1 X156.285583 Y121.476401 Z10.065405 E0.309155
G1 X156.448142 Y122.218765 Z10.068361 E0.309171
G1 X156.591219 Y122.965169 Z10.071316 E0.309187
G1 X156.714716 Y123.715102 Z10.074272 E0.309203
G1 X156.818544 Y124.46805 Z10.077228 E0.309219
G1 X156.902612 Y125.223499 Z10.080183 E0.309235
G1 X156.96688 Y125.980928 Z10.083139 E0.309251
G1 X157.0113 Y126.73982 Z10.086095 E0.309267
G1 X157.035841 Y127.499653 Z10.08905 E0.309283
G1 X157.040483 Y128.259908 Z10.092006 E0.309299
G1 X157.025222 Y129.020063 Z10.094962 E0.309315
G1 X156.990065 Y129.779596 Z10.097918 E0.309331
G1 X156.935016 Y130.537987 Z10.100873 E0.309346
G1 X156.860131 Y131.294715 Z10.103829 E0.309362
G1 X156.765457 Y132.049262 Z10.106785 E0.309378
G1 X156.651059 Y132.80111 Z10.10974 E0.309393
G1 X156.517011 Y133.549744 Z10.112696 E0.309409
G1 X156.363405 Y134.294651 Z10.115652 E0.309425
G1 X156.190343 Y135.035318 Z10.118607 E0.309441
G1 X155.997942 Y135.77124 Z10.121563 E0.309456
G1 X155.786332 Y136.501909 Z10.124519 E0.309472
G1 X155.555656 Y137.226826 Z10.127474 E0.309488
G1 X155.30607 Y137.945492 Z10.13043 E0.309504
G1 X155.037744 Y138.657415 Z10.133386 E0.309519
G1 X154.750859 Y139.362106 Z10.136341 E0.309535
G1 X154.44561 Y140.05908 Z10.139297 E0.309551
G1 X154.122204 Y140.747861 Z10.142253 E0.309566
G1 X153.780862 Y141.427974 Z10.145208 E0.309582
G1 X153.421815 Y142.098953 Z10.148164 E0.309598
G1 X153.045308 Y142.760336 Z10.15112 E0.309614
G1 X152.651596 Y143.411671 Z10.154075 E0.309629
G1 X152.240949 Y144.052508 Z10.157031 E0.309645
G1 X151.813646 Y144.682408 Z10.159987 E0.309661
G1 X151.369977 Y145.300938 Z10.162942 E0.309676
G1 X150.910246 Y145.907674 Z10.165898 E0.309692
G1 X150.434766 Y146.502197 Z10.168854 E0.309708
G1 X149.943861 Y147.084099 Z10.171809 E0.309724
G1 X149.437866 Y147.65298 Z10.174765 E0.309739
G1 X148.917126 Y148.208449 Z10.177721 E0.309755
G1 X148.381997 Y148.750123 Z10.180677 E0.309771
G1 X147.832844 Y149.277631 Z10.183632 E0.309787
G1 X147.270043 Y149.790609 Z10.186588 E0.309802
G1 X146.693976 Y150.288704 Z10.189544 E0.309818
G1 X146.105039 Y150.771573 Z10.192499 E0.309834
G1 X145.503632 Y151.238883 Z10.195455 E0.309849
G1 X144.890168 Y151.690313 Z10.198411 E0.309865
G1 X144.265064 Y152.12555 Z10.201366 E0.309881
G1 X143.628747 Y152.544294 Z10.204322 E0.309896
G1 X142.981654 Y152.946257 Z10.207278 E0.309912
G1 X142.324228 Y153.331163 Z10.210233 E0.309928
G1 X141.656917 Y153.698747 Z10.213189 E0.309944
G1 X140.980179 Y154.048754 Z10.216145 E0.309959
G1 X140.294475 Y154.380942 Z10.2191 E0.309975
G1 X139.600275 Y154.695081 Z10.222056 E0.30999
G1 X138.898053 Y154.990952 Z10.225012 E0.310006
G1 X138.188291 Y155.268355 Z10.227967 E0.310022
G1 X137.471474 Y155.527095 Z10.230923 E0.310037
G1 X136.748094 Y155.766996 Z10.233879 E0.310053
G1 X136.018645 Y155.987889 Z10.236834 E0.310069
G1 X135.283627 Y156.189621 Z10.23979 E0.310084
G1 X134.543541 Y156.37205 Z10.242746 E0.3101
G1 X133.798896 Y156.53505 Z10.245701 E0.310115
G1 X133.050202 Y156.678508 Z10.248657 E0.310131
G1 X132.297971 Y156.802325 Z10.251613 E0.310147
G1 X131.542719 Y156.906414 Z10.254568 E0.310162
G1 X130.784963 Y156.990701 Z10.257524 E0.310178
G1 X130.025223 Y157.055126 Z10.26048 E0.310193
G1 X129.264017 Y157.09964 Z10.263436 E0.310209
G1 X128.501869 Y157.124213 Z10.266391 E0.310224
G1 X127.739301 Y157.128827 Z10.269347 E0.31024
G1 X126.976836 Y157.113476 Z10.272303 E0.310255
G1 X126.214995 Y157.078171 Z10.275258 E0.310271
G1 X125.454302 Y157.022931 Z10.278214 E0.310286
G1 X124.695277 Y156.947795 Z10.28117 E0.310302
G1 X123.938442 Y156.852805 Z10.284125 E0.310317
G1 X123.184316 Y156.738031 Z10.287081 E0.310333
G1 X122.433415 Y156.603548 Z10.290037 E0.310348
G1 X121.686254 Y156.449448 Z10.292992 E0.310364
G1 X120.943346 Y156.275833 Z10.295948 E0.310379
G1 X120.205201 Y156.082821 Z10.298904 E0.310395
G1 X119.472325 Y155.870541 Z10.301859 E0.31041
G1 X118.745222 Y155.639134 Z10.304815 E0.310426
G1 X118.02439 Y155.388761 Z10.307771 E0.310441
G1 X117.310324 Y155.119591 Z10.310726 E0.310456
G1 X116.603513 Y154.831806 Z10.313682 E0.310472
G1 X115.904443 Y154.525603 Z10.316638 E0.310487
G1 X115.213594 Y154.201189 Z10.319593 E0.310503
G1 X114.53144 Y153.858784 Z10.322549 E0.310518
G1 X113.858452 Y153.498618 Z10.325505 E0.310533
G1 X113.19509 Y153.12094 Z10.32846 E0.310549
G1 X112.541809 Y152.726007 Z10.331416 E0.310564
G1 X111.899059 Y152.314088 Z10.334372 E0.310579
G1 X111.26728 Y151.885464 Z10.337327 E0.310595
G1 X110.646907 Y151.440427 Z10.340283 E0.31061
G1 X110.038368 Y150.979279 Z10.343239 E0.310626
G1 X109.442081 Y150.502332 Z10.346195 E0.310641
G1 X108.858455 Y150.009916 Z10.34915 E0.310656
G1 X108.28789 Y149.502366 Z10.352106 E0.310671
G1 X107.73078 Y148.980028 Z10.355062 E0.310687
G1 X107.187507 Y148.44326 Z10.358017 E0.310702
G1 X106.658446 Y147.892427 Z10.360973 E0.310717
G1 X106.143961 Y147.327905 Z10.363929 E0.310733
G1 X105.644407 Y146.750077 Z10.366884 E0.310748
G1 X105.160127 Y146.159342 Z10.36984 E0.310763
G1 X104.691453 Y145.556103 Z10.372796 E0.310778
G1 X104.238709 Y144.940772 Z10.375751 E0.310794
G1 X103.802206 Y144.31377 Z10.378707 E0.310809
G1 X103.382245 Y143.675524 Z10.381663 E0.310824
G1 X102.979115 Y143.026472 Z10.384618 E0.310839
G1 X102.593095 Y142.367058 Z10.387574 E0.310855
G1 X102.224451 Y141.697732 Z10.39053 E0.31087
G1 X101.873437 Y141.018951 Z10.393485 E0.310885
G1 X101.540295 Y140.331181 Z10.396441 E0.3109
G1 X101.225256 Y139.634892 Z10.399397 E0.310916
G1 X100.928537 Y138.930561 Z10.402352 E0.310931
G1 X100.650343 Y138.218668 Z10.405308 E0.310946
G1 X100.390867 Y137.499702 Z10.408264 E0.310962
G1 X100.150288 Y136.774154 Z10.411219 E0.310977
G1 X99.928774 Y136.042521 Z10.414175 E0.310992
G1 X99.726478 Y135.305305 Z10.417131 E0.311007
G1 X99.54354 Y134.563009 Z10.420086 E0.311023
G1 X99.380088 Y133.816142 Z10.423042 E0.311038
G1 X99.236236 Y133.065215 Z10.425998 E0.311053
G1 X99.112084 Y132.310743 Z10.428954 E0.311068
G1 X99.00772 Y131.553243 Z10.431909 E0.311084
;WIDTH:1.200
; LINE_WIDTH: 1.200
;Z:11.154
;HEIGHT:0.723
G1 X98.923189 Y130.793235 Z10.43492 E0.307209
G1 X98.858579 Y130.031238 Z10.43793 E0.307225
G1 X98.813936 Y129.267771 Z10.440941 E0.30724
G1 X98.789292 Y128.50336 Z10.443952 E0.307255
G1 X98.784666 Y127.738527 Z10.446962 E0.307271
G1 X98.800064 Y126.973797 Z10.449973 E0.307286
G1 X98.835477 Y126.209694 Z10.452983 E0.307301
G1 X98.890882 Y125.446742 Z10.455994 E0.307317
G1 X98.966244 Y124.685464 Z10.459005 E0.307332
G1 X99.061513 Y123.926381 Z10.462015 E0.307347
G1 X99.176625 Y123.170015 Z10.465026 E0.307363
G1 X99.311497 Y122.416881 Z10.468036 E0.307378
G1 X99.466044 Y121.667499 Z10.471047 E0.307394
G1 X99.640164 Y120.922382 Z10.474058 E0.307409
G1 X99.833739 Y120.182041 Z10.477068 E0.307424
G1 X100.046639 Y119.446984 Z10.480079 E0.30744
G1 X100.278718 Y118.717716 Z10.48309 E0.307455
G1 X100.529819 Y117.994735 Z10.4861 E0.307471
G1 X100.799768 Y117.278537 Z10.489111 E0.307486
G1 X101.088386 Y116.569616 Z10.492121 E0.307502
G1 X101.395479 Y115.868457 Z10.495132 E0.307517
G1 X101.720837 Y115.175542 Z10.498143 E0.307533
G1 X102.064239 Y114.491347 Z10.501153 E0.307548
G1 X102.425452 Y113.816341 Z10.504164 E0.307564
G1 X102.804226 Y113.150987 Z10.507174 E0.307579
G1 X103.200305 Y112.495741 Z10.510185 E0.307595
G1 X103.613421 Y111.851055 Z10.513196 E0.30761
G1 X104.043293 Y111.217371 Z10.516206 E0.307626
G1 X104.489628 Y110.595127 Z10.519217 E0.307642
G1 X104.952123 Y109.984748 Z10.522227 E0.307657
G1 X105.430461 Y109.386654 Z10.525238 E0.307673
G1 X105.924312 Y108.801254 Z10.528249 E0.307688
G1 X106.433342 Y108.228951 Z10.531259 E0.307704
G1 X106.957206 Y107.670141 Z10.53427 E0.30772
G1 X107.495546 Y107.125208 Z10.537281 E0.307736
G1 X108.047994 Y106.594527 Z10.540291 E0.307751
G1 X108.614173 Y106.078462 Z10.543302 E0.307767
G1 X109.193697 Y105.57737 Z10.546312 E0.307783
G1 X109.786165 Y105.091589 Z10.549323 E0.307798
G1 X110.391177 Y104.621459 Z10.552334 E0.307814
G1 X111.00832 Y104.167305 Z10.555344 E0.30783
G1 X111.637172 Y103.729438 Z10.558355 E0.307846
G1 X112.277303 Y103.308162 Z10.561365 E0.307861
G1 X112.928276 Y102.903766 Z10.564376 E0.307877
G1 X113.589645 Y102.516528 Z10.567387 E0.307893
G1 X114.260955 Y102.146711 Z10.570397 E0.307909
G1 X114.941752 Y101.794575 Z10.573408 E0.307925
G1 X115.631568 Y101.460364 Z10.576418 E0.30794
G1 X116.329932 Y101.144308 Z10.579429 E0.307956
G1 X117.036367 Y100.846627 Z10.58244 E0.307972
G1 X117.750389 Y100.567526 Z10.58545 E0.307988
G1 X118.471509 Y100.307195 Z10.588461 E0.308004
G1 X119.199232 Y100.065813 Z10.591472 E0.30802
G1 X119.933062 Y99.843551 Z10.594482 E0.308036
G1 X120.672497 Y99.640565 Z10.597493 E0.308052
G1 X121.417031 Y99.456995 Z10.600503 E0.308068
G1 X122.166154 Y99.29297 Z10.603514 E0.308083
G1 X122.919353 Y99.148603 Z10.606525 E0.308099
G1 X123.676111 Y99.02399 Z10.609535 E0.308115
G1 X124.435911 Y98.919222 Z10.612546 E0.308131
G1 X125.198233 Y98.834374 Z10.615556 E0.308147
G1 X125.962554 Y98.769507 Z10.618567 E0.308163
G1 X126.728351 Y98.724668 Z10.621578 E0.308179
G1 X127.495099 Y98.699889 Z10.624588 E0.308195
G1 X128.262274 Y98.69519 Z10.627599 E0.308211
G1 X129.029348 Y98.710569 Z10.630609 E0.308227
G1 X129.795797 Y98.746023 Z10.63362 E0.308244
G1 X130.561095 Y98.801531 Z10.636631 E0.30826
G1 X131.324718 Y98.877057 Z10.639641 E0.308276
G1 X132.086142 Y98.972552 Z10.642652 E0.308292
G1 X132.844845 Y99.087951 Z10.645662 E0.308308
G1 X133.600306 Y99.223179 Z10.648673 E0.308324
G1 X134.352008 Y99.378145 Z10.651684 E0.30834
G1 X135.099435 Y99.552744 Z10.654694 E0.308356
G1 X135.842074 Y99.746858 Z10.657705 E0.308372
G1 X136.579416 Y99.960357 Z10.660716 E0.308388
G1 X137.310954 Y100.193097 Z10.663726 E0.308405
G1 X138.036187 Y100.444919 Z10.666737 E0.308421
G1 X138.754618 Y100.715654 Z10.669747 E0.308437
G1 X139.465752 Y101.005118 Z10.672758 E0.308453
G1 X140.169101 Y101.313114 Z10.675769 E0.308469
G1 X140.864184 Y101.639433 Z10.678779 E0.308485
G1 X141.550522 Y101.983853 Z10.68179 E0.308501
G1 X142.227645 Y102.34614 Z10.6848 E0.308517
G1 X142.895086 Y102.726049 Z10.687811 E0.308533
G1 X143.552389 Y103.123319 Z10.690822 E0.30855
G1 X144.1991 Y103.537681 Z10.693832 E0.308566
G1 X144.834777 Y103.968853 Z10.696843 E0.308582
G1 X145.458981 Y104.416541 Z10.699853 E0.308598
G1 X146.071284 Y104.880439 Z10.702864 E0.308614
G1 X146.671265 Y105.360231 Z10.705875 E0.30863
G1 X147.258511 Y105.855591 Z10.708885 E0.308646
G1 X147.832611 Y106.366189 Z10.711896 E0.308662
G1 X148.393173 Y106.891672 Z10.714907 E0.308678
G1 X148.939816 Y107.431676 Z10.717917 E0.308694
G1 X149.472163 Y107.985833 Z10.720928 E0.30871
G1 X149.989848 Y108.553765 Z10.723938 E0.308726
G1 X150.492514 Y109.135084 Z10.726949 E0.308742
G1 X150.979817 Y109.729392 Z10.72996 E0.308758
G1 X151.451406 Y110.336295 Z10.73297 E0.308773
G1 X151.906968 Y110.955366 Z10.735981 E0.308789
G1 X152.346192 Y111.586183 Z10.738991 E0.308805
G1 X152.768773 Y112.228314 Z10.742002 E0.308821
G1 X153.174421 Y112.88132 Z10.745013 E0.308836
G1 X153.562856 Y113.544755 Z10.748023 E0.308852
G1 X153.933808 Y114.218166 Z10.751034 E0.308868
G1 X154.287009 Y114.901098 Z10.754044 E0.308883
G1 X154.622228 Y115.593077 Z10.757055 E0.308899
G1 X154.939234 Y116.293629 Z10.760066 E0.308914
G1 X155.237809 Y117.002275 Z10.763076 E0.30893
G1 X155.517745 Y117.718529 Z10.766087 E0.308945
G1 X155.778848 Y118.441903 Z10.769097 E0.308961
G1 X156.020932 Y119.171902 Z10.772108 E0.308976
G1 X156.243824 Y119.908028 Z10.775119 E0.308992
G1 X156.447381 Y120.649774 Z10.778129 E0.309007
G1 X156.631459 Y121.39663 Z10.78114 E0.309022
G1 X156.795933 Y122.148087 Z10.784151 E0.309038
G1 X156.940686 Y122.903629 Z10.787161 E0.309053
G1 X157.065618 Y123.662739 Z10.790172 E0.309068
G1 X157.17063 Y124.424899 Z10.793182 E0.309084
G1 X157.255653 Y125.189584 Z10.796193 E0.309099
G1 X157.320631 Y125.956271 Z10.799204 E0.309114
G1 X157.365521 Y126.724434 Z10.802214 E0.309129
G1 X157.390288 Y127.493546 Z10.805225 E0.309144
G1 X157.394913 Y128.26308 Z10.808235 E0.309159
G1 X157.379392 Y129.03251 Z10.811246 E0.309175
G1 X157.343719 Y129.801306 Z10.814257 E0.30919
G1 X157.287926 Y130.568942 Z10.817267 E0.309205
G1 X157.212055 Y131.334891 Z10.820278 E0.30922
G1 X157.116155 Y132.098629 Z10.823288 E0.309235
G1 X157.000289 Y132.859631 Z10.826299 E0.309249
G1 X156.864536 Y133.617377 Z10.82931 E0.309264
G1 X156.708986 Y134.371345 Z10.83232 E0.309279
G1 X156.533727 Y135.121015 Z10.835331 E0.309294
G1 X156.338895 Y135.865876 Z10.838342 E0.309309
G1 X156.124621 Y136.605417 Z10.841352 E0.309324
G1 X155.89105 Y137.33913 Z10.844363 E0.309338
G1 X155.63834 Y138.066512 Z10.847373 E0.309353
G1 X155.366664 Y138.787065 Z10.850384 E0.309368
G1 X155.076201 Y139.500291 Z10.853395 E0.309383
G1 X154.76714 Y140.205697 Z10.856405 E0.309397
G1 X154.439704 Y140.902803 Z10.859416 E0.309412
G1 X154.094115 Y141.591132 Z10.862426 E0.309426
G1 X153.73061 Y142.270211 Z10.865437 E0.309441
G1 X153.349435 Y142.939572 Z10.868448 E0.309456
G1 X152.95085 Y143.598758 Z10.871458 E0.30947
G1 X152.535119 Y144.247309 Z10.874469 E0.309485
G1 X152.102526 Y144.88478 Z10.877479 E0.309499
G1 X151.653372 Y145.510738 Z10.88049 E0.309513
G1 X151.187966 Y146.124752 Z10.883501 E0.309528
G1 X150.706623 Y146.7264 Z10.886511 E0.309542
G1 X150.209673 Y147.31527 Z10.889522 E0.309557
G1 X149.697455 Y147.890956 Z10.892533 E0.309571
G1 X149.170318 Y148.453062 Z10.895543 E0.309585
G1 X148.628622 Y149.001202 Z10.898554 E0.3096
G1 X148.072737 Y149.534999 Z10.901564 E0.309614
G1 X147.503043 Y150.054086 Z10.904575 E0.309628
G1 X146.919929 Y150.558106 Z10.907586 E0.309643
G1 X146.323794 Y151.046711 Z10.910596 E0.309657
G1 X145.715044 Y151.519566 Z10.913607 E0.309671
G1 X145.094096 Y151.976345 Z10.916617 E0.309686
G1 X144.461375 Y152.416733 Z10.919628 E0.3097
G1 X143.817312 Y152.840427 Z10.922639 E0.309715
G1 X143.162349 Y153.247135 Z10.925649 E0.309729
G1 X142.496932 Y153.636577 Z10.92866 E0.309743
G1 X141.821518 Y154.008483 Z10.93167 E0.309758
G1 X141.136569 Y154.362599 Z10.934681 E0.309772
G1 X140.442552 Y154.698679 Z10.937692 E0.309786
G1 X139.739943 Y155.016491 Z10.940702 E0.309801
G1 X139.029222 Y155.315816 Z10.943713 E0.309815
G1 X138.310876 Y155.596447 Z10.946723 E0.30983
G1 X137.585397 Y155.858189 Z10.949734 E0.309844
G1 X136.85328 Y156.100862 Z10.952745 E0.309858
G1 X136.115028 Y156.324298 Z10.955755 E0.309873
G1 X135.371145 Y156.528342 Z10.958766 E0.309887
G1 X134.622141 Y156.712851 Z10.961777 E0.309901
G1 X133.868529 Y156.877698 Z10.964787 E0.309916
G1 X133.110825 Y157.022768 Z10.967798 E0.30993
G1 X132.349548 Y157.14796 Z10.970808 E0.309944
G1 X131.585219 Y157.253186 Z10.973819 E0.309959
G1 X130.818362 Y157.338368 Z10.97683 E0.309973
G1 X130.049502 Y157.403449 Z10.97984 E0.309988
G1 X129.279166 Y157.448382 Z10.982851 E0.310002
G1 X128.507882 Y157.473136 Z10.985861 E0.310016
G1 X127.736179 Y157.477692 Z10.988872 E0.31003
G1 X126.964586 Y157.462045 Z10.991883 E0.310045
G1 X126.193631 Y157.426203 Z10.994893 E0.310059
G1 X125.423843 Y157.370186 Z10.997904 E0.310073
G1 X124.65575 Y157.294032 Z11.000914 E0.310088
G1 X123.889879 Y157.197794 Z11.003925 E0.310102
G1 X123.126754 Y157.081535 Z11.006936 E0.310116
G1 X122.366899 Y156.945333 Z11.009946 E0.31013
G1 X121.610835 Y156.789281 Z11.012957 E0.310145
G1 X120.859081 Y156.613481 Z11.015968 E0.310159
G1 X120.112153 Y156.41805 Z11.018978 E0.310173
G1 X119.370563 Y156.203123 Z11.021989 E0.310187
G1 X118.63482 Y155.968847 Z11.024999 E0.310202
G1 X117.905428 Y155.715379 Z11.02801 E0.310216
G1 X117.182888 Y155.442893 Z11.031021 E0.31023
G1 X116.467696 Y155.151573 Z11.034031 E0.310244
G1 X115.760343 Y154.841615 Z11.037042 E0.310258
G1 X115.061316 Y154.513229 Z11.040052 E0.310272
G1 X114.371093 Y154.166641 Z11.043063 E0.310287
G1 X113.690148 Y153.802087 Z11.046074 E0.310301
G1 X113.018949 Y153.419816 Z11.049084 E0.310315
G1 X112.357956 Y153.020087 Z11.052095 E0.310329
G1 X111.707625 Y152.603174 Z11.055105 E0.310343
G1 X111.068401 Y152.169358 Z11.058116 E0.310357
G1 X110.440726 Y151.718934 Z11.061127 E0.310371
G1 X109.825029 Y151.252214 Z11.064137 E0.310386
G1 X109.221733 Y150.769514 Z11.067148 E0.3104
G1 X108.631253 Y150.271164 Z11.070158 E0.310414
G1 X108.053993 Y149.757505 Z11.073169 E0.310428
G1 X107.490353 Y149.228887 Z11.07618 E0.310442
G1 X106.94072 Y148.685669 Z11.07919 E0.310456
G1 X106.405473 Y148.128222 Z11.082201 E0.31047
G1 X105.884978 Y147.55693 Z11.085212 E0.310484
G1 X105.379594 Y146.972182 Z11.088222 E0.310498
G1 X104.889667 Y146.374377 Z11.091233 E0.310512
G1 X104.415536 Y145.763926 Z11.094243 E0.310526
G1 X103.957526 Y145.141244 Z11.097254 E0.31054
G1 X103.515957 Y144.506754 Z11.100265 E0.310554
G1 X103.09113 Y143.860894 Z11.103275 E0.310568
G1 X102.683336 Y143.204105 Z11.106286 E0.310582
G1 X102.292858 Y142.536836 Z11.109296 E0.310596
G1 X101.919964 Y141.859543 Z11.112307 E0.31061
G1 X101.564911 Y141.172691 Z11.115318 E0.310624
G1 X101.227945 Y140.476748 Z11.118328 E0.310638
G1 X100.909302 Y139.772189 Z11.121339 E0.310652
G1 X100.609198 Y139.059499 Z11.124349 E0.310666
G1 X100.327841 Y138.339165 Z11.12736 E0.31068
G1 X100.065424 Y137.61168 Z11.130371 E0.310694
G1 X99.82213 Y136.877542 Z11.133381 E0.310708
G1 X99.598127 Y136.137253 Z11.136392 E0.310722
G1 X99.393571 Y135.391321 Z11.139403 E0.310735
G1 X99.208607 Y134.640256 Z11.142413 E0.310749
G1 X99.04336 Y133.884572 Z11.145424 E0.310763
G1 X98.897945 Y133.124787 Z11.148434 E0.310777
G1 X98.772462 Y132.361423 Z11.151445 E0.310791
G1 X98.667001 Y131.595001 Z11.154456 E0.310805
;WIDTH:1.200
; LINE_WIDTH: 1.200
;Z:11.893
;HEIGHT:0.739
G1 X98.581605 Y130.826049 Z11.157533 E0.310819
G1 X98.516364 Y130.055091 Z11.160611 E0.310833
G1 X98.471325 Y129.282653 Z11.163689 E0.310847
G1 X98.446521 Y128.509267 Z11.166767 E0.310861
G1 X98.44197 Y127.73546 Z11.169844 E0.310876
G1 X98.457677 Y126.961764 Z11.172922 E0.31089
G1 X98.493633 Y126.18871 Z11.176 E0.310904
G1 X98.549816 Y125.416826 Z11.179078 E0.310918
G1 X98.626189 Y124.646642 Z11.182155 E0.310932
G1 X98.722701 Y123.878687 Z11.185233 E0.310946
G1 X98.839288 Y123.113486 Z11.188311 E0.310961
G1 X98.975872 Y122.351565 Z11.191389 E0.310975
G1 X99.132361 Y121.593445 Z11.194466 E0.310989
G1 X99.30865 Y120.839648 Z11.197544 E0.311003
G1 X99.504619 Y120.090689 Z11.200622 E0.311017
G1 X99.720137 Y119.347083 Z11.2037 E0.311031
G1 X99.955057 Y118.60934 Z11.206777 E0.311046
G1 X100.20922 Y117.877966 Z11.209855 E0.31106
G1 X100.482454 Y117.153462 Z11.212933 E0.311074
G1 X100.774572 Y116.436327 Z11.216011 E0.311088
G1 X101.085377 Y115.727052 Z11.219088 E0.311102
G1 X101.414658 Y115.026124 Z11.222166 E0.311116
G1 X101.762189 Y114.334024 Z11.225244 E0.311131
G1 X102.127735 Y113.651228 Z11.228322 E0.311145
G1 X102.511047 Y112.978204 Z11.231399 E0.311159
G1 X102.911864 Y112.315414 Z11.234477 E0.311173
G1 X103.329912 Y111.663314 Z11.237555 E0.311187
G1 X103.764908 Y111.022352 Z11.240633 E0.311202
G1 X104.216557 Y110.39297 Z11.24371 E0.311216
G1 X104.684548 Y109.775599 Z11.246788 E0.31123
G1 X105.168562 Y109.170663 Z11.249866 E0.311244
G1 X105.668267 Y108.578578 Z11.252944 E0.311258
G1 X106.183324 Y107.999749 Z11.256021 E0.311272
G1 X106.713381 Y107.434577 Z11.259099 E0.311286
G1 X107.258077 Y106.88345 Z11.262177 E0.3113
G1 X107.81704 Y106.346748 Z11.265255 E0.311314
G1 X108.389887 Y105.824839 Z11.268332 E0.311328
G1 X108.976226 Y105.318081 Z11.27141 E0.311342
G1 X109.575657 Y104.826823 Z11.274488 E0.311357
G1 X110.18777 Y104.351404 Z11.277566 E0.311371
G1 X110.812146 Y103.89215 Z11.280643 E0.311385
G1 X111.448362 Y103.449381 Z11.283721 E0.311399
G1 X112.095979 Y103.0234 Z11.286799 E0.311413
G1 X112.754555 Y102.6145 Z11.289877 E0.311427
G1 X113.423639 Y102.222961 Z11.292954 E0.311441
G1 X114.102774 Y101.849054 Z11.296032 E0.311455
G1 X114.791495 Y101.493038 Z11.29911 E0.311469
G1 X115.489331 Y101.155158 Z11.302188 E0.311483
G1 X116.195806 Y100.83565 Z11.305265 E0.311497
G1 X116.910434 Y100.534732 Z11.308343 E0.311511
G1 X117.632728 Y100.252612 Z11.311421 E0.311524
G1 X118.362191 Y99.989484 Z11.314498 E0.311538
G1 X119.098325 Y99.74553 Z11.317576 E0.311552
G1 X119.840626 Y99.520919 Z11.320654 E0.311566
G1 X120.588587 Y99.315811 Z11.323732 E0.31158
G1 X121.341695 Y99.130347 Z11.326809 E0.311594
G1 X122.099433 Y98.964652 Z11.329887 E0.311608
G1 X122.861283 Y98.818844 Z11.332965 E0.311622
G1 X123.626723 Y98.693023 Z11.336043 E0.311636
G1 X124.395228 Y98.587277 Z11.33912 E0.31165
G1 X125.166273 Y98.50168 Z11.342198 E0.311663
G1 X125.939328 Y98.436299 Z11.345276 E0.311677
G1 X126.713865 Y98.391175 Z11.348354 E0.311691
G1 X127.489352 Y98.366341 Z11.351431 E0.311705
G1 X128.265257 Y98.361815 Z11.354509 E0.311719
G1 X129.04105 Y98.377601 Z11.357587 E0.311733
G1 X129.816198 Y98.413692 Z11.360665 E0.311746
G1 X130.590169 Y98.470066 Z11.363742 E0.31176
G1 X131.362433 Y98.546688 Z11.36682 E0.311774
G1 X132.132461 Y98.643504 Z11.369898 E0.311788
G1 X132.899725 Y98.760449 Z11.372976 E0.311802
G1 X133.663698 Y98.897444 Z11.376053 E0.311815
G1 X134.423857 Y99.054398 Z11.379131 E0.311829
G1 X135.17968 Y99.231205 Z11.382209 E0.311843
G1 X135.930648 Y99.427748 Z11.385287 E0.311857
G1 X136.676246 Y99.643894 Z11.388364 E0.31187
G1 X137.415962 Y99.879493 Z11.391442 E0.311884
G1 X138.149291 Y100.134386 Z11.39452 E0.311898
G1 X138.875727 Y100.408401 Z11.397598 E0.311911
G1 X139.594773 Y100.70135 Z11.400675 E0.311925
G1 X140.305936 Y101.013035 Z11.403753 E0.311939
G1 X141.008724 Y101.343249 Z11.406831 E0.311952
G1 X141.702658 Y101.691762 Z11.409909 E0.311966
G1 X142.387261 Y102.058337 Z11.412986 E0.31198
G1 X143.062063 Y102.442724 Z11.416064 E0.311993
G1 X143.7266 Y102.844661 Z11.419142 E0.312007
G1 X144.380417 Y103.263874 Z11.42222 E0.312021
G1 X145.023065 Y103.700077 Z11.425297 E0.312034
G1 X145.654101 Y104.152974 Z11.428375 E0.312048
G1 X146.273092 Y104.622254 Z11.431453 E0.312062
G1 X146.879614 Y105.107598 Z11.434531 E0.312075
G1 X147.473249 Y105.608675 Z11.437608 E0.312089
G1 X148.053589 Y106.125142 Z11.440686 E0.312102
G1 X148.620235 Y106.656647 Z11.443764 E0.312116
G1 X149.172798 Y107.202826 Z11.446842 E0.31213
G1 X149.710898 Y107.763308 Z11.449919 E0.312143
G1 X150.234165 Y108.337708 Z11.452997 E0.312157
G1 X150.742238 Y108.925635 Z11.456075 E0.312171
G1 X151.234769 Y109.526687 Z11.459153 E0.312184
G1 X151.711418 Y110.140452 Z11.46223 E0.312198
G1 X152.171857 Y110.766512 Z11.465308 E0.312212
G1 X152.61577 Y111.404438 Z11.468386 E0.312225
G1 X153.04285 Y112.053794 Z11.471464 E0.312239
G1 X153.452803 Y112.714136 Z11.474541 E0.312252
G1 X153.845348 Y113.385012 Z11.477619 E0.312266
G1 X154.220212 Y114.065964 Z11.480697 E0.31228
G1 X154.577139 Y114.756525 Z11.483775 E0.312293
G1 X154.915881 Y115.456224 Z11.486852 E0.312307
G1 X155.236205 Y116.164581 Z11.48993 E0.312321
G1 X155.537889 Y116.881112 Z11.493008 E0.312334
G1 X155.820726 Y117.605326 Z11.496086 E0.312348
G1 X156.08452 Y118.336728 Z11.499163 E0.312362
G1 X156.329088 Y119.074816 Z11.502241 E0.312375
G1 X156.554262 Y119.819087 Z11.505319 E0.312389
G1 X156.759879 Y120.56903 Z11.508397 E0.312403
G1 X156.945802 Y121.324133 Z11.511474 E0.312416
G1 X157.111902 Y122.083876 Z11.514552 E0.31243
G1 X157.258064 Y122.84774 Z11.51763 E0.312443
G1 X157.384186 Y123.615202 Z11.520708 E0.312457
G1 X157.490179 Y124.385735 Z11.523785 E0.31247
G1 X157.575968 Y125.158814 Z11.526863 E0.312484
G1 X157.641489 Y125.933906 Z11.529941 E0.312498
G1 X157.6867 Y126.710482 Z11.533019 E0.312511
G1 X157.711568 Y127.488009 Z11.536096 E0.312525
G1 X157.716074 Y128.265954 Z11.539174 E0.312538
G1 X157.700214 Y129.043785 Z11.542252 E0.312552
G1 X157.663997 Y129.820967 Z11.54533 E0.312565
G1 X157.607441 Y130.596967 Z11.548407 E0.312579
G1 X157.530587 Y131.371255 Z11.551485 E0.312592
G1 X157.433485 Y132.143299 Z11.554563 E0.312606
G1 X157.316203 Y132.91257 Z11.557641 E0.312619
G1 X157.178817 Y133.678539 Z11.560718 E0.312632
G1 X157.021421 Y134.440683 Z11.563796 E0.312646
G1 X156.84412 Y135.198478 Z11.566874 E0.312659
G1 X156.647029 Y135.951403 Z11.569952 E0.312673
G1 X156.430288 Y136.698943 Z11.573029 E0.312686
G1 X156.194042 Y137.440585 Z11.576107 E0.3127
G1 X155.938452 Y138.17582 Z11.579185 E0.312713
G1 X155.663691 Y138.904143 Z11.582263 E0.312726
G1 X155.369947 Y139.625056 Z11.58534 E0.31274
G1 X155.057417 Y140.338062 Z11.588418 E0.312753
G1 X154.726312 Y141.042671 Z11.591496 E0.312767
G1 X154.376861 Y141.738401 Z11.594574 E0.31278
G1 X154.009302 Y142.424774 Z11.597651 E0.312793
G1 X153.623886 Y143.101319 Z11.600729 E0.312807
G1 X153.220874 Y143.767571 Z11.603807 E0.31282
G1 X152.800542 Y144.423074 Z11.606885 E0.312833
G1 X152.363173 Y145.067374 Z11.609962 E0.312847
G1 X151.909067 Y145.70003 Z11.61304 E0.31286
G1 X151.438536 Y146.320609 Z11.616118 E0.312873
G1 X150.951901 Y146.928684 Z11.619196 E0.312886
G1 X150.449494 Y147.523837 Z11.622273 E0.3129
G1 X149.931657 Y148.105659 Z11.625351 E0.312913
G1 X149.398744 Y148.67375 Z11.628429 E0.312926
G1 X148.851117 Y149.227716 Z11.631507 E0.31294
G1 X148.289152 Y149.76718 Z11.634584 E0.312953
G1 X147.713233 Y150.29177 Z11.637662 E0.312966
G1 X147.123755 Y150.801127 Z11.64074 E0.312979
G1 X146.52112 Y151.294899 Z11.643818 E0.312992
G1 X145.905741 Y151.772747 Z11.646895 E0.313006
G1 X145.278035 Y152.234339 Z11.649973 E0.313019
G1 X144.638432 Y152.679358 Z11.653051 E0.313032
G1 X143.987373 Y153.1075 Z11.656129 E0.313045
G1 X143.325301 Y153.518469 Z11.659206 E0.313058
G1 X142.652669 Y153.911984 Z11.662284 E0.313071
G1 X141.969939 Y154.287771 Z11.665362 E0.313085
G1 X141.277576 Y154.645573 Z11.66844 E0.313098
G1 X140.576053 Y154.985138 Z11.671517 E0.313111
G1 X139.865851 Y155.306236 Z11.674595 E0.313124
G1 X139.147457 Y155.608646 Z11.677673 E0.313137
G1 X138.421363 Y155.892158 Z11.680751 E0.31315
G1 X137.688065 Y156.156577 Z11.683828 E0.313163
G1 X136.948067 Y156.401721 Z11.686906 E0.313176
G1 X136.201873 Y156.627418 Z11.689984 E0.313189
G1 X135.449995 Y156.833514 Z11.693062 E0.313203
G1 X134.692949 Y157.019865 Z11.696139 E0.313216
G1 X133.931252 Y157.186343 Z11.699217 E0.313229
G1 X133.165426 Y157.33283 Z11.702295 E0.313242
G1 X132.395996 Y157.459225 Z11.705373 E0.313255
G1 X131.623488 Y157.56544 Z11.70845 E0.313268
G1 X130.848433 Y157.6514 Z11.711528 E0.313281
G1 X130.07136 Y157.717045 Z11.714606 E0.313294
G1 X129.292803 Y157.762328 Z11.717684 E0.313307
G1 X128.513294 Y157.787216 Z11.720761 E0.31332
G1 X127.733369 Y157.791691 Z11.723839 E0.313334
G1 X126.953561 Y157.775747 Z11.726917 E0.313347
G1 X126.174405 Y157.739394 Z11.729995 E0.31336
G1 X125.396435 Y157.682655 Z11.733072 E0.313373
G1 X124.620185 Y157.605568 Z11.73615 E0.313386
G1 X123.846186 Y157.508183 Z11.739228 E0.313399
G1 X123.074969 Y157.390565 Z11.742306 E0.313412
G1 X122.307064 Y157.252794 Z11.745383 E0.313425
G1 X121.542996 Y157.094962 Z11.748461 E0.313438
G1 X120.78329 Y156.917176 Z11.751539 E0.313451
G1 X120.028466 Y156.719555 Z11.754617 E0.313465
G1 X119.279043 Y156.502234 Z11.757694 E0.313478
G1 X118.535535 Y156.26536 Z11.760772 E0.313491
G1 X117.798451 Y156.009094 Z11.76385 E0.313504
G1 X117.068297 Y155.733609 Z11.766928 E0.313517
G1 X116.345575 Y155.439093 Z11.770005 E0.31353
G1 X115.630785 Y155.125736 Z11.773083 E0.313543
G1 X114.924415 Y154.793758 Z11.776161 E0.313556
G1 X114.226949 Y154.443389 Z11.779239 E0.313569
G1 X113.538865 Y154.074866 Z11.782316 E0.313582
G1 X112.860635 Y153.688443 Z11.785394 E0.313595
G1 X112.192726 Y153.284381 Z11.788472 E0.313608
G1 X111.535596 Y152.862954 Z11.79155 E0.313621
G1 X110.889705 Y152.424442 Z11.794627 E0.313634
G1 X110.255488 Y151.969153 Z11.797705 E0.313646
G1 X109.633381 Y151.497399 Z11.800783 E0.313659
G1 X109.023812 Y151.009503 Z11.803861 E0.313672
G1 X108.427199 Y150.505796 Z11.806938 E0.313685
G1 X107.843952 Y149.986623 Z11.810016 E0.313697
G1 X107.274477 Y149.452333 Z11.813094 E0.31371
G1 X106.719167 Y148.903292 Z11.816172 E0.313723
G1 X106.178397 Y148.339879 Z11.819249 E0.313735
G1 X105.652541 Y147.762481 Z11.822327 E0.313748
G1 X105.141958 Y147.171491 Z11.825405 E0.313761
G1 X104.647001 Y146.567314 Z11.828483 E0.313773
G1 X104.16801 Y145.950363 Z11.83156 E0.313786
G1 X103.705324 Y145.321052 Z11.834638 E0.313798
G1 X103.259255 Y144.679818 Z11.837716 E0.313811
G1 X102.830108 Y144.027101 Z11.840794 E0.313823
G1 X102.418177 Y143.363348 Z11.843871 E0.313836
G1 X102.023747 Y142.689012 Z11.846949 E0.313848
G1 X101.647089 Y142.004555 Z11.850027 E0.313861
G1 X101.288466 Y141.310444 Z11.853105 E0.313873
G1 X100.948133 Y140.60715 Z11.856182 E0.313886
G1 X100.626315 Y139.895161 Z11.85926 E0.313898
G1 X100.323232 Y139.174963 Z11.862338 E0.31391
G1 X100.039095 Y138.447049 Z11.865415 E0.313922
G1 X99.774099 Y137.711918 Z11.868493 E0.313935
G1 X99.528428 Y136.970073 Z11.871571 E0.313947
G1 X99.302261 Y136.22202 Z11.874649 E0.313959
G1 X99.09575 Y135.468272 Z11.877726 E0.313971
G1 X98.909035 Y134.709347 Z11.880804 E0.313984
G1 X98.742243 Y133.945765 Z11.883882 E0.313996
G1 X98.595491 Y133.178049 Z11.88696 E0.314008
G1 X98.46888 Y132.406724 Z11.890037 E0.31402
G1 X98.3625 Y131.63232 Z11.893115 E0.314032
;WIDTH:1.200
; LINE_WIDTH: 1.200
;Z:12.647
;HEIGHT:0.754
G1 X98.276416 Y130.855367 Z11.896258 E0.314044
G1 X98.210697 Y130.076397 Z11.8994 E0.314057
G1 X98.16539 Y129.295943 Z11.902543 E0.314069
G1 X98.140528 Y128.514539 Z11.905686 E0.314081
G1 X98.136129 Y127.732723 Z11.908828 E0.314093
G1 X98.152198 Y126.951029 Z11.911971 E0.314105
G1 X98.188732 Y126.169993 Z11.915113 E0.314118
G1 X98.245709 Y125.390152 Z11.918256 E0.31413
G1 X98.323084 Y124.61204 Z11.921399 E0.314142
G1 X98.420805 Y123.83619 Z11.924541 E0.314154
G1 X98.538806 Y123.063134 Z11.927684 E0.314166
G1 X98.677008 Y122.293403 Z11.930826 E0.314178
G1 X98.835318 Y121.527523 Z11.933969 E0.31419
G1 X99.013644 Y120.766025 Z11.937112 E0.314202
G1 X99.211851 Y120.009427 Z11.940254 E0.314214
G1 X99.429803 Y119.258248 Z11.943397 E0.314226
G1 X99.667354 Y118.513004 Z11.946539 E0.314238
G1 X99.924341 Y117.774206 Z11.949682 E0.31425
G1 X100.200589 Y117.04236 Z11.952825 E0.314261
G1 X100.495912 Y116.317969 Z11.955967 E0.314273
G1 X100.810108 Y115.60153 Z11.95911 E0.314285
G1 X101.142963 Y114.893535 Z11.962252 E0.314297
G1 X101.494251 Y114.194468 Z11.965395 E0.314309
G1 X101.863731 Y113.504811 Z11.968538 E0.314321
G1 X102.251153 Y112.825036 Z11.97168 E0.314333
G1 X102.656252 Y112.15561 Z11.974823 E0.314345
G1 X103.078752 Y111.496994 Z11.977965 E0.314357
G1 X103.518364 Y110.849638 Z11.981108 E0.314368
G1 X103.974788 Y110.213987 Z11.984251 E0.31438
G1 X104.447714 Y109.590479 Z11.987393 E0.314392
G1 X104.936817 Y108.979541 Z11.990536 E0.314404
G1 X105.441764 Y108.381593 Z11.993678 E0.314416
G1 X105.962211 Y107.797046 Z11.996821 E0.314428
G1 X106.497801 Y107.226301 Z11.999964 E0.31444
G1 X107.048169 Y106.669751 Z12.003106 E0.314452
G1 X107.612939 Y106.127778 Z12.006249 E0.314464
G1 X108.191724 Y105.600755 Z12.009391 E0.314476
G1 X108.784129 Y105.089044 Z12.012534 E0.314487
G1 X109.389748 Y104.592997 Z12.015677 E0.314499
G1 X110.008169 Y104.112955 Z12.018819 E0.314511
G1 X110.638968 Y103.649248 Z12.021962 E0.314523
G1 X111.281713 Y103.202196 Z12.025104 E0.314535
G1 X111.935966 Y102.772106 Z12.028247 E0.314547
G1 X112.601278 Y102.359274 Z12.03139 E0.314559
G1 X113.277194 Y101.963985 Z12.034532 E0.314571
G1 X113.963252 Y101.58651 Z12.037675 E0.314583
G1 X114.658982 Y101.22711 Z12.040817 E0.314594
G1 X115.363908 Y100.886032 Z12.04396 E0.314606
G1 X116.077549 Y100.563512 Z12.047103 E0.314618
G1 X116.799414 Y100.259772 Z12.050245 E0.31463
G1 X117.529011 Y99.975021 Z12.053388 E0.314642
G1 X118.26584 Y99.709457 Z12.05653 E0.314654
G1 X119.009395 Y99.463259 Z12.059673 E0.314666
G1 X119.759168 Y99.2366 Z12.062816 E0.314678
G1 X120.514646 Y99.029639 Z12.065958 E0.31469
G1 X121.275312 Y98.842517 Z12.069101 E0.314702
G1 X122.040644 Y98.675365 Z12.072243 E0.314714
G1 X122.810119 Y98.528299 Z12.075386 E0.314725
G1 X123.583209 Y98.401419 Z12.078529 E0.314737
G1 X124.359385 Y98.294814 Z12.081671 E0.314749
G1 X125.138114 Y98.20856 Z12.084814 E0.314761
G1 X125.918865 Y98.142718 Z12.087956 E0.314773
G1 X126.701101 Y98.097335 Z12.091099 E0.314785
G1 X127.484287 Y98.072443 Z12.094242 E0.314797
G1 X128.267886 Y98.068061 Z12.097384 E0.314809
G1 X129.051361 Y98.084189 Z12.100527 E0.314821
G1 X129.834176 Y98.120823 Z12.103669 E0.314833
G1 X130.615793 Y98.177937 Z12.106812 E0.314845
G1 X131.395676 Y98.255496 Z12.109955 E0.314857
G1 X132.173292 Y98.353447 Z12.113097 E0.314869
G1 X132.948107 Y98.471724 Z12.11624 E0.314881
G1 X133.71959 Y98.610247 Z12.119382 E0.314893
G1 X134.487212 Y98.768921 Z12.122525 E0.314905
G1 X135.250447 Y98.947643 Z12.125668 E0.314917
G1 X136.008771 Y99.146289 Z12.12881 E0.314929
G1 X136.761663 Y99.364727 Z12.131953 E0.314941
G1 X137.508609 Y99.602807 Z12.135095 E0.314953
G1 X138.249094 Y99.860369 Z12.138238 E0.314966
G1 X138.982613 Y100.137233 Z12.141381 E0.314978
G1 X139.708661 Y100.433215 Z12.144523 E0.31499
G1 X140.426739 Y100.748113 Z12.147666 E0.315002
G1 X141.136356 Y101.081713 Z12.150808 E0.315014
G1 X141.837024 Y101.433789 Z12.153951 E0.315026
G1 X142.528261 Y101.804099 Z12.157094 E0.315038
G1 X143.209596 Y102.19239 Z12.160236 E0.31505
G1 X143.880559 Y102.598397 Z12.163379 E0.315062
G1 X144.54069 Y103.021846 Z12.166521 E0.315074
G1 X145.189535 Y103.462446 Z12.169664 E0.315086
G1 X145.826648 Y103.919898 Z12.172806 E0.315099
G1 X146.451593 Y104.393889 Z12.175949 E0.315111
G1 X147.063939 Y104.884096 Z12.179092 E0.315123
G1 X147.663268 Y105.390181 Z12.182234 E0.315135
G1 X148.249167 Y105.911801 Z12.185377 E0.315147
G1 X148.821233 Y106.4486 Z12.188519 E0.315159
G1 X149.379073 Y107.000212 Z12.191662 E0.315171
G1 X149.922302 Y107.566259 Z12.194805 E0.315184
G1 X150.450549 Y108.146354 Z12.197947 E0.315196
G1 X150.96345 Y108.7401 Z12.20109 E0.315208
G1 X151.460654 Y109.347092 Z12.204232 E0.31522
G1 X151.941817 Y109.966915 Z12.207375 E0.315232
G1 X152.406608 Y110.599145 Z12.210518 E0.315244
G1 X152.854707 Y111.24335 Z12.21366 E0.315257
G1 X153.285806 Y111.89909 Z12.216803 E0.315269
G1 X153.699608 Y112.565916 Z12.219945 E0.315281
G1 X154.095831 Y113.243369 Z12.223088 E0.315293
G1 X154.474199 Y113.93099 Z12.226231 E0.315305
G1 X154.834451 Y114.628306 Z12.229373 E0.315318
G1 X155.17634 Y115.334841 Z12.232516 E0.31533
G1 X155.499629 Y116.050111 Z12.235658 E0.315342
G1 X155.804095 Y116.773627 Z12.238801 E0.315354
G1 X156.089529 Y117.504893 Z12.241944 E0.315367
G1 X156.355733 Y118.243409 Z12.245086 E0.315379
G1 X156.602523 Y118.98867 Z12.248229 E0.315391
G1 X156.829729 Y119.740164 Z12.251371 E0.315403
G1 X157.037193 Y120.497378 Z12.254514 E0.315416
G1 X157.224771 Y121.259793 Z12.257657 E0.315428
G1 X157.392334 Y122.026886 Z12.260799 E0.31544
G1 X157.539765 Y122.798133 Z12.263942 E0.315452
G1 X157.666962 Y123.573005 Z12.267084 E0.315464
G1 X157.773835 Y124.350971 Z12.270227 E0.315477
G1 X157.860311 Y125.131498 Z12.27337 E0.315489
G1 X157.926327 Y125.914052 Z12.276512 E0.315501
G1 X157.971837 Y126.698097 Z12.279655 E0.315513
G1 X157.996809 Y127.483094 Z12.282797 E0.315526
G1 X158.001224 Y128.268506 Z12.28594 E0.315538
G1 X157.985077 Y129.053796 Z12.289083 E0.31555
G1 X157.948377 Y129.838424 Z12.292225 E0.315562
G1 X157.891149 Y130.621852 Z12.295368 E0.315575
G1 X157.813429 Y131.403545 Z12.29851 E0.315587
G1 X157.71527 Y132.182965 Z12.301653 E0.315599
G1 X157.596737 Y132.959579 Z12.304796 E0.315611
G1 X157.457909 Y133.732854 Z12.307938 E0.315623
G1 X157.298882 Y134.50226 Z12.311081 E0.315636
G1 X157.119761 Y135.267268 Z12.314223 E0.315648
G1 X156.920668 Y136.027356 Z12.317366 E0.31566
G1 X156.701737 Y136.782 Z12.320509 E0.315672
G1 X156.46311 Y137.530681 Z12.323651 E0.315685
G1 X156.204951 Y138.272885 Z12.326794 E0.315697
G1 X155.927441 Y139.008105 Z12.329936 E0.315709
G1 X155.630769 Y139.735837 Z12.333079 E0.315721
G1 X155.315137 Y140.455581 Z12.336222 E0.315733
G1 X154.980759 Y141.166843 Z12.339364 E0.315745
G1 X154.627862 Y141.869135 Z12.342507 E0.315757
G1 X154.256677 Y142.561968 Z12.345649 E0.315769
G1 X153.867467 Y143.244872 Z12.348792 E0.315781
G1 X153.4605 Y143.91738 Z12.351935 E0.315793
G1 X153.036051 Y144.579029 Z12.355077 E0.315805
G1 X152.594411 Y145.229366 Z12.35822 E0.315817
G1 X152.135882 Y145.867942 Z12.361362 E0.315829
G1 X151.660768 Y146.494315 Z12.364505 E0.31584
G1 X151.169398 Y147.108055 Z12.367648 E0.315852
G1 X150.662111 Y147.708745 Z12.37079 E0.315864
G1 X150.139254 Y148.295972 Z12.373933 E0.315876
G1 X149.601185 Y148.869332 Z12.377075 E0.315887
G1 X149.048271 Y149.428431 Z12.380218 E0.315899
G1 X148.480888 Y149.972884 Z12.383361 E0.315911
G1 X147.899417 Y150.502308 Z12.386503 E0.315923
G1 X147.304265 Y151.016348 Z12.389646 E0.315934
G1 X146.695839 Y151.51465 Z12.392788 E0.315946
G1 X146.074554 Y151.996873 Z12.395931 E0.315957
G1 X145.440836 Y152.462685 Z12.399074 E0.315969
G1 X144.795117 Y152.911764 Z12.402216 E0.315981
G1 X144.137835 Y153.343795 Z12.405359 E0.315992
G1 X143.469442 Y153.758482 Z12.408501 E0.316004
G1 X142.790398 Y154.155545 Z12.411644 E0.316015
G1 X142.101168 Y154.53471 Z12.414787 E0.316026
G1 X141.402223 Y154.895717 Z12.417929 E0.316038
G1 X140.694042 Y155.238316 Z12.421072 E0.316049
G1 X139.977109 Y155.562269 Z12.424214 E0.316061
G1 X139.25191 Y155.867343 Z12.427357 E0.316072
G1 X138.518948 Y156.153339 Z12.4305 E0.316083
G1 X137.778724 Y156.42006 Z12.433642 E0.316095
G1 X137.031745 Y156.667322 Z12.436785 E0.316106
G1 X136.278523 Y156.894953 Z12.439927 E0.316117
G1 X135.519572 Y157.102796 Z12.44307 E0.316129
G1 X134.755412 Y157.290699 Z12.446213 E0.31614
G1 X133.986567 Y157.458535 Z12.449355 E0.316151
G1 X133.213564 Y157.606192 Z12.452498 E0.316162
G1 X132.436934 Y157.733568 Z12.45564 E0.316173
G1 X131.657208 Y157.840574 Z12.458783 E0.316184
G1 X130.874921 Y157.927136 Z12.461926 E0.316195
G1 X130.090608 Y157.99319 Z12.465068 E0.316207
G1 X129.304807 Y158.03868 Z12.468211 E0.316218
G1 X128.518057 Y158.063585 Z12.471353 E0.316229
G1 X127.730897 Y158.067887 Z12.474496 E0.31624
G1 X126.943867 Y158.051581 Z12.477639 E0.31625
G1 X126.157506 Y158.014678 Z12.480781 E0.316261
G1 X125.372354 Y157.9572 Z12.483924 E0.316272
G1 X124.588949 Y157.879177 Z12.487066 E0.316283
G1 X123.807829 Y157.780665 Z12.490209 E0.316294
G1 X123.029529 Y157.661735 Z12.493352 E0.316305
G1 X122.254582 Y157.522468 Z12.496494 E0.316316
G1 X121.48352 Y157.362957 Z12.499637 E0.316327
G1 X120.716872 Y157.183311 Z12.502779 E0.316337
G1 X119.955163 Y156.983651 Z12.505922 E0.316348
G1 X119.198915 Y156.764112 Z12.509065 E0.316359
G1 X118.448648 Y156.524845 Z12.512207 E0.31637
G1 X117.704876 Y156.26601 Z12.51535 E0.316381
G1 X116.968109 Y155.987785 Z12.518492 E0.316391
G1 X116.238853 Y155.690359 Z12.521635 E0.316402
G1 X115.517608 Y155.373935 Z12.524778 E0.316413
G1 X114.804868 Y155.038727 Z12.52792 E0.316424
G1 X114.101124 Y154.684965 Z12.531063 E0.316435
G1 X113.406857 Y154.312889 Z12.534205 E0.316445
G1 X112.722545 Y153.922754 Z12.537348 E0.316456
G1 X112.048657 Y153.514825 Z12.540491 E0.316467
G1 X111.385655 Y153.089381 Z12.543633 E0.316478
G1 X110.733995 Y152.646712 Z12.546776 E0.316489
G1 X110.094125 Y152.187121 Z12.549918 E0.3165
G1 X109.466483 Y151.710922 Z12.553061 E0.31651
G1 X108.8515 Y151.218438 Z12.556204 E0.316521
G1 X108.2496 Y150.710008 Z12.559346 E0.316532
G1 X107.661194 Y150.185978 Z12.562489 E0.316543
G1 X107.086689 Y149.646707 Z12.565631 E0.316554
G1 X106.526477 Y149.092563 Z12.568774 E0.316564
G1 X105.980945 Y148.523924 Z12.571917 E0.316575
G1 X105.450467 Y147.941181 Z12.575059 E0.316586
G1 X104.935407 Y147.34473 Z12.578202 E0.316597
G1 X104.43612 Y146.73498 Z12.581344 E0.316608
G1 X103.95295 Y146.112347 Z12.584487 E0.316618
G1 X103.486227 Y145.477259 Z12.587629 E0.316629
G1 X103.036274 Y144.830149 Z12.590772 E0.31664
G1 X102.6034 Y144.171459 Z12.593915 E0.316651
G1 X102.187902 Y143.501641 Z12.597057 E0.316662
G1 X101.790067 Y142.821153 Z12.6002 E0.316672
G1 X101.410168 Y142.130461 Z12.603342 E0.316683
G1 X101.048468 Y141.430036 Z12.606485 E0.316694
G1 X100.705213 Y140.72036 Z12.609628 E0.316705
G1 X100.380641 Y140.001917 Z12.61277 E0.316716
G1 X100.074977 Y139.2752 Z12.615913 E0.316727
G1 X99.788431 Y138.540705 Z12.619055 E0.316737
G1 X99.5212 Y137.798935 Z12.622198 E0.316748
G1 X99.273471 Y137.050399 Z12.625341 E0.316759
G1 X99.045412 Y136.295608 Z12.628483 E0.31677
G1 X98.83718 Y135.535081 Z12.631626 E0.316781
G1 X98.648922 Y134.769338 Z12.634768 E0.316792
G1 X98.480767 Y133.998902 Z12.637911 E0.316802
G1 X98.332833 Y133.224302 Z12.641054 E0.316813
G1 X98.205222 Y132.446068 Z12.644196 E0.316824
G1 X98.098022 Y131.664734 Z12.647339 E0.316835
;WIDTH:1.200
; LINE_WIDTH: 1.200
;Z:13.412
;HEIGHT:0.765
G1 X98.011293 Y130.880836 Z12.650526 E0.316846
G1 X97.945111 Y130.094909 Z12.653714 E0.316857
G1 X97.899522 Y129.307491 Z12.656902 E0.316868
G1 X97.874561 Y128.519123 Z12.660089 E0.316879
G1 X97.870246 Y127.730343 Z12.663277 E0.31689
G1 X97.88658 Y126.941694 Z12.666465 E0.316901
G1 X97.923554 Y126.153715 Z12.669652 E0.316912
G1 X97.981142 Y125.366946 Z12.67284 E0.316923
G1 X98.059309 Y124.581927 Z12.676027 E0.316934
G1 X98.158001 Y123.799195 Z12.679215 E0.316946
G1 X98.277154 Y123.019288 Z12.682403 E0.316957
G1 X98.416686 Y122.242741 Z12.68559 E0.316968
G1 X98.576503 Y121.470085 Z12.688778 E0.316979
G1 X98.756496 Y120.70185 Z12.691965 E0.31699
G1 X98.956544 Y119.938563 Z12.695153 E0.317001
G1 X99.176512 Y119.180748 Z12.698341 E0.317012
G1 X99.41625 Y118.428924 Z12.701528 E0.317023
G1 X99.675595 Y117.683607 Z12.704716 E0.317034
G1 X99.954372 Y116.945309 Z12.707903 E0.317045
G1 X100.252388 Y116.214536 Z12.711091 E0.317056
G1 X100.569442 Y115.491788 Z12.714279 E0.317067
G1 X100.905319 Y114.777562 Z12.717466 E0.317079
G1 X101.259789 Y114.072348 Z12.720654 E0.31709
G1 X101.632611 Y113.376631 Z12.723842 E0.317101
G1 X102.023531 Y112.690888 Z12.727029 E0.317112
G1 X102.432281 Y112.015588 Z12.730217 E0.317123
G1 X102.858582 Y111.351196 Z12.733404 E0.317134
G1 X103.302144 Y110.698167 Z12.736592 E0.317145
G1 X103.762665 Y110.056951 Z12.73978 E0.317157
G1 X104.23983 Y109.427988 Z12.742967 E0.317168
G1 X104.733313 Y108.811709 Z12.746155 E0.317179
G1 X105.242777 Y108.208538 Z12.749342 E0.31719
G1 X105.767873 Y107.618888 Z12.75253 E0.317201
G1 X106.308243 Y107.043165 Z12.755718 E0.317212
G1 X106.863518 Y106.481765 Z12.758905 E0.317223
G1 X107.433318 Y105.935073 Z12.762093 E0.317235
G1 X108.017255 Y105.403465 Z12.765281 E0.317246
G1 X108.614928 Y104.887307 Z12.768468 E0.317257
G1 X109.225929 Y104.386954 Z12.771656 E0.317268
G1 X109.84984 Y103.902747 Z12.774843 E0.317279
G1 X110.486234 Y103.435022 Z12.778031 E0.317291
G1 X111.134676 Y102.9841 Z12.781219 E0.317302
G1 X111.794724 Y102.550291 Z12.784406 E0.317313
G1 X112.465924 Y102.133895 Z12.787594 E0.317324
G1 X113.147819 Y101.735197 Z12.790781 E0.317335
G1 X113.839941 Y101.354473 Z12.793969 E0.317347
G1 X114.541817 Y100.991983 Z12.797157 E0.317358
G1 X115.252967 Y100.647979 Z12.800344 E0.317369
G1 X115.972903 Y100.322697 Z12.803532 E0.31738
G1 X116.701133 Y100.016361 Z12.806719 E0.317391
G1 X117.437159 Y99.729184 Z12.809907 E0.317402
G1 X118.180476 Y99.461362 Z12.813095 E0.317414
G1 X118.930575 Y99.21308 Z12.816282 E0.317425
G1 X119.686943 Y98.984512 Z12.81947 E0.317436
G1 X120.449063 Y98.775813 Z12.822658 E0.317447
G1 X121.216411 Y98.58713 Z12.825845 E0.317458
G1 X121.988463 Y98.418592 Z12.829033 E0.31747
G1 X122.764689 Y98.270316 Z12.83222 E0.317481
G1 X123.544558 Y98.142407 Z12.835408 E0.317492
G1 X124.327536 Y98.034951 Z12.838596 E0.317503
G1 X125.113086 Y97.948026 Z12.841783 E0.317514
G1 X125.900671 Y97.881691 Z12.844971 E0.317526
G1 X126.689749 Y97.835995 Z12.848158 E0.317537
G1 X127.479782 Y97.810968 Z12.851346 E0.317548
G1 X128.270226 Y97.806631 Z12.854534 E0.317559
G1 X129.060541 Y97.822987 Z12.857721 E0.31757
G1 X129.850185 Y97.860027 Z12.860909 E0.317582
G1 X130.638617 Y97.917727 Z12.864096 E0.317593
G1 X131.425295 Y97.996048 Z12.867284 E0.317604
G1 X132.209682 Y98.094939 Z12.870472 E0.317615
G1 X132.991238 Y98.214338 Z12.873659 E0.317626
G1 X133.769426 Y98.354169 Z12.876847 E0.317638
G1 X134.543714 Y98.514329 Z12.880035 E0.317649
G1 X135.31357 Y98.694709 Z12.883222 E0.31766
G1 X136.078468 Y98.895186 Z12.88641 E0.317671
G1 X136.837882 Y99.115625 Z12.889597 E0.317682
G1 X137.591292 Y99.355876 Z12.892785 E0.317693
G1 X138.338176 Y99.615788 Z12.895973 E0.317704
G1 X139.078025 Y99.895173 Z12.89916 E0.317715
G1 X139.810332 Y100.193839 Z12.902348 E0.317725
G1 X140.534595 Y100.511584 Z12.905535 E0.317736
G1 X141.250317 Y100.84819 Z12.908723 E0.317747
G1 X141.957007 Y101.203429 Z12.911911 E0.317758
G1 X142.654175 Y101.577064 Z12.915098 E0.317769
G1 X143.341344 Y101.96884 Z12.918286 E0.31778
G1 X144.018044 Y102.378484 Z12.921473 E0.317791
G1 X144.683812 Y102.805716 Z12.924661 E0.317801
G1 X145.33819 Y103.250245 Z12.927849 E0.317812
G1 X145.980729 Y103.711766 Z12.931036 E0.317823
G1 X146.610988 Y104.189966 Z12.934224 E0.317833
G1 X147.228525 Y104.684528 Z12.937412 E0.317844
G1 X147.832924 Y105.195102 Z12.940599 E0.317855
G1 X148.42377 Y105.72134 Z12.943787 E0.317865
G1 X149.000658 Y106.262883 Z12.946974 E0.317876
G1 X149.563191 Y106.819359 Z12.950162 E0.317886
G1 X150.110983 Y107.39039 Z12.95335 E0.317897
G1 X150.643649 Y107.97559 Z12.956537 E0.317908
G1 X151.160828 Y108.574556 Z12.959725 E0.317918
G1 X151.662167 Y109.186875 Z12.962912 E0.317928
G1 X152.147321 Y109.812128 Z12.9661 E0.317939
G1 X152.615957 Y110.449888 Z12.969288 E0.317949
G1 X153.067752 Y111.099718 Z12.972475 E0.31796
G1 X153.502393 Y111.761176 Z12.975663 E0.31797
G1 X153.919575 Y112.433813 Z12.978851 E0.31798
G1 X154.319019 Y113.117161 Z12.982038 E0.317991
G1 X154.700451 Y113.810754 Z12.985226 E0.318001
G1 X155.063607 Y114.514117 Z12.988413 E0.318011
G1 X155.408238 Y115.226768 Z12.991601 E0.318022
G1 X155.734107 Y115.948219 Z12.994789 E0.318032
G1 X156.040976 Y116.677982 Z12.997976 E0.318042
G1 X156.328645 Y117.415552 Z13.001164 E0.318052
G1 X156.596917 Y118.160423 Z13.004351 E0.318062
G1 X156.845606 Y118.912086 Z13.007539 E0.318072
G1 X157.07454 Y119.670025 Z13.010727 E0.318083
G1 X157.283563 Y120.433721 Z13.013914 E0.318093
G1 X157.472522 Y121.202653 Z13.017102 E0.318103
G1 X157.641285 Y121.976294 Z13.020289 E0.318113
G1 X157.789744 Y122.754113 Z13.023477 E0.318123
G1 X157.917795 Y123.535575 Z13.026665 E0.318133
G1 X158.025349 Y124.320146 Z13.029852 E0.318143
G1 X158.112332 Y125.107288 Z13.03304 E0.318153
G1 X158.17868 Y125.896463 Z13.036228 E0.318163
G1 X158.224336 Y126.687129 Z13.039415 E0.318173
G1 X158.24928 Y127.478743 Z13.042603 E0.318182
G1 X158.253492 Y128.270764 Z13.04579 E0.318192
G1 X158.236971 Y129.062648 Z13.048978 E0.318202
G1 X158.199724 Y129.853853 Z13.052166 E0.318212
G1 X158.141778 Y130.643836 Z13.055353 E0.318222
G1 X158.063169 Y131.432056 Z13.058541 E0.318232
G1 X157.963951 Y132.217972 Z13.061728 E0.318241
G1 X157.844191 Y133.001045 Z13.064916 E0.318251
G1 X157.703968 Y133.78074 Z13.068104 E0.318261
G1 X157.543379 Y134.556521 Z13.071291 E0.318271
G1 X157.362531 Y135.327855 Z13.074479 E0.318281
G1 X157.161549 Y136.094216 Z13.077666 E0.31829
G1 X156.940567 Y136.855075 Z13.080854 E0.3183
G1 X156.699736 Y137.609913 Z13.084042 E0.31831
G1 X156.439221 Y138.358211 Z13.087229 E0.31832
G1 X156.159198 Y139.099456 Z13.090417 E0.31833
G1 X155.859858 Y139.83314 Z13.093605 E0.31834
G1 X155.541405 Y140.558758 Z13.096792 E0.318349
G1 X155.204056 Y141.275814 Z13.09998 E0.318359
G1 X154.848042 Y141.983815 Z13.103167 E0.318369
G1 X154.473605 Y142.682276 Z13.106355 E0.318379
G1 X154.081 Y143.370717 Z13.109543 E0.318389
G1 X153.670496 Y144.048666 Z13.11273 E0.318398
G1 X153.242373 Y144.715657 Z13.115918 E0.318408
G1 X152.796923 Y145.371233 Z13.119105 E0.318418
G1 X152.334451 Y146.014944 Z13.122293 E0.318428
G1 X151.855271 Y146.646348 Z13.125481 E0.318438
G1 X151.359713 Y147.26501 Z13.128668 E0.318448
G1 X150.848113 Y147.870507 Z13.131856 E0.318457
G1 X150.320823 Y148.462423 Z13.135043 E0.318467
G1 X149.778202 Y149.040351 Z13.138231 E0.318477
G1 X149.220621 Y149.603894 Z13.141419 E0.318487
G1 X148.648462 Y150.152665 Z13.144606 E0.318497
G1 X148.062116 Y150.686287 Z13.147794 E0.318506
G1 X147.461983 Y151.204394 Z13.150982 E0.318516
G1 X146.848475 Y151.706628 Z13.154169 E0.318526
G1 X146.222011 Y152.192646 Z13.157357 E0.318536
G1 X145.583017 Y152.662109 Z13.160544 E0.318546
G1 X144.931931 Y153.114697 Z13.163732 E0.318556
G1 X144.269201 Y153.5501 Z13.16692 E0.318565
G1 X143.59528 Y153.968017 Z13.170107 E0.318575
G1 X142.910629 Y154.368163 Z13.173295 E0.318585
G1 X142.215717 Y154.750261 Z13.176482 E0.318595
G1 X141.511018 Y155.114047 Z13.17967 E0.318604
G1 X140.797014 Y155.459269 Z13.182858 E0.318614
G1 X140.074196 Y155.785691 Z13.186045 E0.318624
G1 X139.343059 Y156.093089 Z13.189233 E0.318633
G1 X138.604103 Y156.381252 Z13.192421 E0.318643
G1 X137.857835 Y156.649981 Z13.195608 E0.318653
G1 X137.104765 Y156.89909 Z13.198796 E0.318662
G1 X136.345407 Y157.128403 Z13.201983 E0.318672
G1 X135.580283 Y157.337765 Z13.205171 E0.318682
G1 X134.809918 Y157.527032 Z13.208359 E0.318691
G1 X134.03484 Y157.696073 Z13.211546 E0.318701
G1 X133.255578 Y157.844772 Z13.214734 E0.318711
G1 X132.472667 Y157.973025 Z13.217921 E0.31872
G1 X131.686643 Y158.080741 Z13.221109 E0.31873
G1 X130.898044 Y158.167843 Z13.224297 E0.318739
G1 X130.107412 Y158.234274 Z13.227484 E0.318749
G1 X129.315289 Y158.279987 Z13.230672 E0.318759
G1 X128.522216 Y158.30495 Z13.233859 E0.318768
G1 X127.728738 Y158.309144 Z13.237047 E0.318778
G1 X126.935398 Y158.292565 Z13.240235 E0.318787
G1 X126.142741 Y158.255218 Z13.243422 E0.318797
G1 X125.351309 Y158.197132 Z13.24661 E0.318806
G1 X124.561645 Y158.118346 Z13.249798 E0.318816
G1 X123.774291 Y158.018914 Z13.252985 E0.318825
G1 X122.989787 Y157.898901 Z13.256173 E0.318835
G1 X122.208669 Y157.75839 Z13.25936 E0.318844
G1 X121.431475 Y157.59747 Z13.262548 E0.318854
G1 X120.658737 Y157.416254 Z13.265736 E0.318863
G1 X119.890985 Y157.214866 Z13.268923 E0.318873
G1 X119.128746 Y156.993443 Z13.272111 E0.318882
G1 X118.372541 Y156.752135 Z13.275298 E0.318891
G1 X117.62289 Y156.491108 Z13.278486 E0.318901
G1 X116.880308 Y156.210536 Z13.281674 E0.31891
G1 X116.145304 Y155.910609 Z13.284861 E0.31892
G1 X115.418383 Y155.591535 Z13.288049 E0.318929
G1 X114.700041 Y155.253532 Z13.291236 E0.318938
G1 X113.990773 Y154.89683 Z13.294424 E0.318948
G1 X113.291065 Y154.521673 Z13.297612 E0.318957
G1 X112.601397 Y154.128317 Z13.300799 E0.318966
G1 X111.922245 Y153.717025 Z13.303987 E0.318976
G1 X111.254073 Y153.288084 Z13.307175 E0.318985
G1 X110.597339 Y152.841785 Z13.310362 E0.318994
G1 X109.952494 Y152.378434 Z13.31355 E0.319004
G1 X109.319981 Y151.898348 Z13.316737 E0.319013
G1 X108.700234 Y151.401855 Z13.319925 E0.319022
G1 X108.09368 Y150.889292 Z13.323113 E0.319032
G1 X107.500736 Y150.361009 Z13.3263 E0.319041
G1 X106.921808 Y149.81737 Z13.329488 E0.31905
G1 X106.357292 Y149.258746 Z13.332675 E0.319059
G1 X105.807577 Y148.68552 Z13.335863 E0.319069
G1 X105.273041 Y148.098083 Z13.339051 E0.319078
G1 X104.754049 Y147.496838 Z13.342238 E0.319087
G1 X104.25096 Y146.882195 Z13.345426 E0.319096
G1 X103.764119 Y146.254576 Z13.348613 E0.319105
G1 X103.29386 Y145.614408 Z13.351801 E0.319115
G1 X102.840507 Y144.962132 Z13.354989 E0.319124
G1 X102.404371 Y144.298192 Z13.358176 E0.319133
G1 X101.985752 Y143.623044 Z13.361364 E0.319142
G1 X101.584939 Y142.937149 Z13.364552 E0.319152
G1 X101.202206 Y142.240977 Z13.367739 E0.319161
G1 X100.837818 Y141.535004 Z13.370927 E0.31917
G1 X100.492025 Y140.819713 Z13.374114 E0.319179
G1 X100.165065 Y140.095595 Z13.377302 E0.319189
G1 X99.857163 Y139.363146 Z13.38049 E0.319198
G1 X99.568532 Y138.622866 Z13.383677 E0.319207
G1 X99.299371 Y137.875262 Z13.386865 E0.319216
G1 X99.049864 Y137.120847 Z13.390052 E0.319226
G1 X98.820184 Y136.360137 Z13.39324 E0.319235
G1 X98.610491 Y135.593653 Z13.396428 E0.319244
G1 X98.420927 Y134.821921 Z13.399615 E0.319253
G1 X98.251626 Y134.045468 Z13.402803 E0.319262
G1 X98.102703 Y133.264827 Z13.40599 E0.319272
G1 X97.974263 Y132.480533 Z13.409178 E0.319281
G1 X97.866394 Y131.693122 Z13.412366 E0.31929
;WIDTH:1.200
; LINE_WIDTH: 1.200
;Z:14.189
;HEIGHT:0.776
G1 X97.779158 Y130.903136 Z13.4156 E0.3193
G1 X97.71263 Y130.111113 Z13.418834 E0.319309
G1 X97.666857 Y129.317598 Z13.422068 E0.319318
G1 X97.64187 Y128.523132 Z13.425302 E0.319328
G1 X97.637688 Y127.728262 Z13.428536 E0.319337
G1 X97.654315 Y126.933531 Z13.431771 E0.319346
G1 X97.691742 Y126.139485 Z13.435005 E0.319356
G1 X97.749943 Y125.346667 Z13.438239 E0.319365
G1 X97.82888 Y124.555621 Z13.441473 E0.319374
G1 X97.928501 Y123.766889 Z13.444707 E0.319384
G1 X98.048744 Y122.981013 Z13.447941 E0.319393
G1 X98.189521 Y122.198532 Z13.451176 E0.319402
G1 X98.350737 Y121.419981 Z13.45441 E0.319412
G1 X98.532284 Y120.645894 Z13.457644 E0.319421
G1 X98.734038 Y119.876803 Z13.460878 E0.31943
G1 X98.955861 Y119.113234 Z13.464112 E0.31944
G1 X99.197609 Y118.355713 Z13.467346 E0.319449
G1 X99.459112 Y117.604759 Z13.47058 E0.319458
G1 X99.740191 Y116.860886 Z13.473815 E0.319467
G1 X100.040655 Y116.124604 Z13.477049 E0.319477
G1 X100.360299 Y115.396419 Z13.480283 E0.319486
G1 X100.698904 Y114.67683 Z13.483517 E0.319495
G1 X101.056244 Y113.966332 Z13.486751 E0.319504
G1 X101.432073 Y113.265413 Z13.489985 E0.319514
G1 X101.826133 Y112.574552 Z13.49322 E0.319523
G1 X102.238154 Y111.894224 Z13.496454 E0.319532
G1 X102.667855 Y111.224896 Z13.499688 E0.319541
G1 X103.114943 Y110.567026 Z13.502922 E0.31955
G1 X103.579114 Y109.921067 Z13.506156 E0.319559
G1 X104.060052 Y109.287465 Z13.50939 E0.319568
G1 X104.557425 Y108.666652 Z13.512624 E0.319578
G1 X105.070893 Y108.059054 Z13.515859 E0.319587
G1 X105.600106 Y107.465089 Z13.519093 E0.319596
G1 X106.144701 Y106.885164 Z13.522327 E0.319605
G1 X106.704306 Y106.319677 Z13.525561 E0.319614
G1 X107.278542 Y105.769021 Z13.528795 E0.319623
G1 X107.867013 Y105.233571 Z13.532029 E0.319632
G1 X108.469316 Y104.713695 Z13.535263 E0.319641
G1 X109.085038 Y104.209748 Z13.538498 E0.31965
G1 X109.713759 Y103.722079 Z13.541732 E0.319659
G1 X110.355049 Y103.251021 Z13.544966 E0.319668
G1 X111.00847 Y102.796902 Z13.5482 E0.319677
G1 X111.673575 Y102.360033 Z13.551434 E0.319686
G1 X112.349907 Y101.940712 Z13.554668 E0.319695
G1 X113.037003 Y101.539228 Z13.557903 E0.319704
G1 X113.734393 Y101.155858 Z13.561137 E0.319713
G1 X114.441599 Y100.790863 Z13.564371 E0.319722
G1 X115.158138 Y100.444499 Z13.567605 E0.319731
G1 X115.88352 Y100.117005 Z13.570839 E0.31974
G1 X116.617247 Y99.808603 Z13.574073 E0.319749
G1 X117.358816 Y99.519505 Z13.577307 E0.319758
G1 X118.10772 Y99.249911 Z13.580542 E0.319767
G1 X118.863445 Y99.000006 Z13.583776 E0.319776
G1 X119.625474 Y98.769963 Z13.58701 E0.319784
G1 X120.393287 Y98.559947 Z13.590244 E0.319793
G1 X121.166356 Y98.370097 Z13.593478 E0.319802
G1 X121.944151 Y98.200543 Z13.596712 E0.319811
G1 X122.726139 Y98.051404 Z13.599946 E0.31982
G1 X123.511785 Y97.922783 Z13.603181 E0.319829
G1 X124.300551 Y97.814768 Z13.606415 E0.319837
G1 X125.091896 Y97.72744 Z13.609649 E0.319846
G1 X125.885278 Y97.660858 Z13.612883 E0.319855
G1 X126.680153 Y97.615065 Z13.616117 E0.319864
G1 X127.475975 Y97.590094 Z13.619351 E0.319873
G1 X128.272201 Y97.585964 Z13.622586 E0.319881
G1 X129.068284 Y97.602679 Z13.62582 E0.31989
G1 X129.863678 Y97.640228 Z13.629054 E0.319899
G1 X130.657838 Y97.698587 Z13.632288 E0.319908
G1 X131.45022 Y97.777716 Z13.635522 E0.319916
G1 X132.240281 Y97.877564 Z13.638756 E0.319925
G1 X133.027479 Y97.998062 Z13.64199 E0.319934
G1 X133.811275 Y98.139129 Z13.645225 E0.319943
G1 X134.591131 Y98.300669 Z13.648459 E0.319951
G1 X135.366512 Y98.482574 Z13.651693 E0.31996
G1 X136.136886 Y98.684719 Z13.654927 E0.319969
G1 X136.901726 Y98.906966 Z13.658161 E0.319978
G1 X137.660508 Y99.149166 Z13.661395 E0.319986
G1 X138.412709 Y99.411152 Z13.66463 E0.319995
G1 X139.157815 Y99.692746 Z13.667864 E0.320004
G1 X139.895315 Y99.993757 Z13.671098 E0.320013
G1 X140.624703 Y100.313979 Z13.674332 E0.320022
G1 X141.345477 Y100.653193 Z13.677566 E0.32003
G1 X142.057145 Y101.011169 Z13.6808 E0.320039
G1 X142.759217 Y101.387662 Z13.684034 E0.320048
G1 X143.451213 Y101.782415 Z13.687269 E0.320057
G1 X144.132656 Y102.195158 Z13.690503 E0.320065
G1 X144.80308 Y102.62561 Z13.693737 E0.320074
G1 X145.462024 Y103.073476 Z13.696971 E0.320083
G1 X146.109036 Y103.53845 Z13.700205 E0.320092
G1 X146.743673 Y104.020215 Z13.703439 E0.3201
G1 X147.365498 Y104.518442 Z13.706673 E0.320109
G1 X147.974084 Y105.032789 Z13.709908 E0.320118
G1 X148.569014 Y105.562906 Z13.713142 E0.320127
G1 X149.149879 Y106.108429 Z13.716376 E0.320135
G1 X149.716281 Y106.668986 Z13.71961 E0.320144
G1 X150.267829 Y107.244194 Z13.722844 E0.320153
G1 X150.804147 Y107.833658 Z13.726078 E0.320162
G1 X151.324864 Y108.436976 Z13.729313 E0.320171
G1 X151.829619 Y109.053738 Z13.732547 E0.320179
G1 X152.318069 Y109.68352 Z13.735781 E0.320188
G1 X152.789879 Y110.325889 Z13.739015 E0.320197
G1 X153.244724 Y110.980407 Z13.742249 E0.320205
G1 X153.682291 Y111.646625 Z13.745483 E0.320214
G1 X154.102281 Y112.324087 Z13.748717 E0.320223
G1 X154.5044 Y113.012332 Z13.751952 E0.320231
G1 X154.888374 Y113.710887 Z13.755186 E0.32024
G1 X155.253939 Y114.419273 Z13.75842 E0.320249
G1 X155.600846 Y115.137006 Z13.761654 E0.320257
G1 X155.928854 Y115.863592 Z13.764888 E0.320266
G1 X156.237738 Y116.598536 Z13.768122 E0.320275
G1 X156.527284 Y117.341335 Z13.771357 E0.320283
G1 X156.797289 Y118.09148 Z13.774591 E0.320292
G1 X157.047572 Y118.848456 Z13.777825 E0.3203
G1 X157.27796 Y119.611744 Z13.781059 E0.320309
G1 X157.488294 Y120.380823 Z13.784293 E0.320317
G1 X157.678429 Y121.155164 Z13.787527 E0.320326
G1 X157.848234 Y121.934238 Z13.790761 E0.320335
G1 X157.997584 Y122.717513 Z13.793996 E0.320343
G1 X158.126382 Y123.504449 Z13.79723 E0.320352
G1 X158.23454 Y124.294508 Z13.800464 E0.32036
G1 X158.321981 Y125.087148 Z13.803698 E0.320369
G1 X158.388646 Y125.881827 Z13.806932 E0.320377
G1 X158.434486 Y126.678 Z13.810166 E0.320386
G1 X158.459466 Y127.475121 Z13.8134 E0.320394
G1 X158.463569 Y128.272644 Z13.816635 E0.320402
G1 X158.446793 Y129.070022 Z13.819869 E0.320411
G1 X158.409149 Y129.866709 Z13.823103 E0.320419
G1 X158.350662 Y130.662158 Z13.826337 E0.320428
G1 X158.27137 Y131.455824 Z13.829571 E0.320436
G1 X158.171325 Y132.247163 Z13.832805 E0.320445
G1 X158.050591 Y133.035632 Z13.83604 E0.320453
G1 X157.909256 Y133.820691 Z13.839274 E0.320461
G1 X157.747414 Y134.601802 Z13.842508 E0.32047
G1 X157.565176 Y135.378428 Z13.845742 E0.320478
G1 X157.362666 Y136.150039 Z13.848976 E0.320486
G1 X157.14002 Y136.916103 Z13.85221 E0.320495
G1 X156.897385 Y137.676095 Z13.855444 E0.320503
G1 X156.634933 Y138.429494 Z13.858679 E0.320511
G1 X156.352841 Y139.175784 Z13.861913 E0.32052
G1 X156.051302 Y139.914453 Z13.865147 E0.320528
G1 X155.730522 Y140.644995 Z13.868381 E0.320536
G1 X155.39072 Y141.366908 Z13.871615 E0.320544
G1 X155.032124 Y142.079695 Z13.874849 E0.320553
G1 X154.654981 Y142.782867 Z13.878083 E0.320561
G1 X154.25955 Y143.475944 Z13.881318 E0.320569
G1 X153.846101 Y144.15845 Z13.884552 E0.320577
G1 X153.414916 Y144.829916 Z13.887786 E0.320586
G1 X152.966291 Y145.489883 Z13.89102 E0.320594
G1 X152.50053 Y146.137894 Z13.894254 E0.320602
G1 X152.01795 Y146.773505 Z13.897488 E0.32061
G1 X151.518885 Y147.396281 Z13.900723 E0.320618
G1 X151.003675 Y148.005796 Z13.903957 E0.320626
G1 X150.472672 Y148.60163 Z13.907191 E0.320635
G1 X149.926241 Y149.183375 Z13.910425 E0.320643
G1 X149.364754 Y149.75063 Z13.913659 E0.320651
G1 X148.788596 Y150.303008 Z13.916893 E0.320659
G1 X148.198161 Y150.840128 Z13.920127 E0.320667
G1 X147.593853 Y151.361621 Z13.923362 E0.320675
G1 X146.976085 Y151.867129 Z13.926596 E0.320683
G1 X146.34528 Y152.356305 Z13.92983 E0.320692
G1 X145.701869 Y152.828813 Z13.933064 E0.3207
G1 X145.046294 Y153.284329 Z13.936298 E0.320708
G1 X144.379002 Y153.722538 Z13.939532 E0.320716
G1 X143.700451 Y154.14314 Z13.942767 E0.320724
G1 X143.011105 Y154.545846 Z13.946001 E0.320732
G1 X142.311435 Y154.930378 Z13.949235 E0.320741
G1 X141.601921 Y155.296473 Z13.952469 E0.320749
G1 X140.883049 Y155.643878 Z13.955703 E0.320757
G1 X140.155311 Y155.972355 Z13.958937 E0.320765
G1 X139.419205 Y156.281677 Z13.962171 E0.320773
G1 X138.675235 Y156.571631 Z13.965406 E0.320781
G1 X137.923911 Y156.842018 Z13.96864 E0.320789
G1 X137.165747 Y157.092652 Z13.971874 E0.320798
G1 X136.401263 Y157.323359 Z13.975108 E0.320806
G1 X135.630982 Y157.53398 Z13.978342 E0.320814
G1 X134.855431 Y157.72437 Z13.981576 E0.320822
G1 X134.075143 Y157.894398 Z13.98481 E0.32083
G1 X133.290652 Y158.043946 Z13.988045 E0.320838
G1 X132.502494 Y158.17291 Z13.991279 E0.320846
G1 X131.711211 Y158.281201 Z13.994513 E0.320855
G1 X130.917344 Y158.368744 Z13.997747 E0.320863
G1 X130.121437 Y158.435477 Z14.000981 E0.320871
G1 X129.324036 Y158.481355 Z14.004215 E0.320879
G1 X128.525686 Y158.506343 Z14.00745 E0.320887
G1 X127.726936 Y158.510425 Z14.010684 E0.320895
G1 X126.928333 Y158.493597 Z14.013918 E0.320904
G1 X126.130424 Y158.455864 Z14.017152 E0.320912
G1 X125.333755 Y158.397253 Z14.020386 E0.32092
G1 X124.538875 Y158.317806 Z14.02362 E0.320928
G1 X123.746326 Y158.217576 Z14.026854 E0.320936
G1 X122.956653 Y158.096631 Z14.030089 E0.320944
G1 X122.170396 Y157.955052 Z14.033323 E0.320952
G1 X121.388096 Y157.792934 Z14.036557 E0.32096
G1 X120.610289 Y157.610385 Z14.039791 E0.320968
G1 X119.837508 Y157.407532 Z14.043025 E0.320976
G1 X119.070283 Y157.184514 Z14.046259 E0.320984
G1 X118.30914 Y156.941482 Z14.049494 E0.320992
G1 X117.5546 Y156.678603 Z14.052728 E0.321
G1 X116.807182 Y156.396056 Z14.055962 E0.321008
G1 X116.0674 Y156.094027 Z14.059196 E0.321016
G1 X115.33576 Y155.772728 Z14.06243 E0.321024
G1 X114.612763 Y155.432378 Z14.065664 E0.321032
G1 X113.898906 Y155.07321 Z14.068898 E0.32104
G1 X113.194678 Y154.69547 Z14.072133 E0.321048
G1 X112.500562 Y154.299414 Z14.075367 E0.321056
G1 X111.817036 Y153.885311 Z14.078601 E0.321064
G1 X111.14457 Y153.453444 Z14.081835 E0.321072
G1 X110.483623 Y153.004111 Z14.085069 E0.32108
G1 X109.834649 Y152.537619 Z14.088303 E0.321087
G1 X109.198093 Y152.054287 Z14.091537 E0.321095
G1 X108.574392 Y151.554445 Z14.094772 E0.321103
G1 X107.963975 Y151.038434 Z14.098006 E0.321111
G1 X107.367264 Y150.506604 Z14.10124 E0.321119
G1 X106.784664 Y149.959323 Z14.104474 E0.321127
G1 X106.216577 Y149.396965 Z14.107708 E0.321134
G1 X105.663392 Y148.819915 Z14.110942 E0.321142
G1 X105.125488 Y148.228568 Z14.114177 E0.32115
G1 X104.603236 Y147.623328 Z14.117411 E0.321158
G1 X104.096999 Y147.004605 Z14.120645 E0.321166
G1 X103.60712 Y146.372828 Z14.123879 E0.321173
G1 X103.133936 Y145.728428 Z14.127113 E0.321181
G1 X102.677771 Y145.071846 Z14.130347 E0.321189
G1 X102.238939 Y144.403532 Z14.133581 E0.321197
G1 X101.817742 Y143.723944 Z14.136816 E0.321204
G1 X101.414473 Y143.033543 Z14.14005 E0.321212
G1 X101.029407 Y142.332806 Z14.143284 E0.32122
G1 X100.662808 Y141.622212 Z14.146518 E0.321227
G1 X100.314928 Y140.902247 Z14.149752 E0.321235
G1 X99.986005 Y140.173406 Z14.152986 E0.321243
G1 X99.676266 Y139.436186 Z14.15622 E0.32125
G1 X99.385927 Y138.691092 Z14.159455 E0.321258
G1 X99.115189 Y137.938635 Z14.162689 E0.321266
G1 X98.864236 Y137.17933 Z14.165923 E0.321273
G1 X98.633239 Y136.413698 Z14.169157 E0.321281
G1 X98.422358 Y135.642263 Z14.172391 E0.321288
G1 X98.231739 Y134.865554 Z14.175625 E0.321296
G1 X98.061513 Y134.084103 Z14.17886 E0.321304
G1 X97.911804 Y133.298444 Z14.182094 E0.321311
G1 X97.78271 Y132.509117 Z14.185328 E0.321319
G1 X97.674319 Y131.716662 Z14.188562 E0.321326
;WIDTH:1.200
; LINE_WIDTH: 1.200
;Z:14.974
;HEIGHT:0.785
G1 X97.5867 Y130.921624 Z14.191834 E0.321334
G1 X97.519921 Y130.124546 Z14.195105 E0.321341
G1 X97.474028 Y129.325974 Z14.198377 E0.321349
G1 X97.449055 Y128.526455 Z14.201648 E0.321357
G1 X97.445019 Y127.726538 Z14.20492 E0.321364
G1 X97.461925 Y126.92677 Z14.208191 E0.321372
G1 X97.499761 Y126.1277 Z14.211463 E0.32138
G1 X97.558503 Y125.329875 Z14.214734 E0.321387
G1 X97.638111 Y124.533842 Z14.218006 E0.321395
G1 X97.738532 Y123.740147 Z14.221277 E0.321402
G1 X97.859698 Y122.949335 Z14.224549 E0.32141
G1 X98.001526 Y122.161946 Z14.22782 E0.321418
G1 X98.163922 Y121.378521 Z14.231092 E0.321425
G1 X98.346774 Y120.599597 Z14.234364 E0.321433
G1 X98.549958 Y119.825709 Z14.237635 E0.32144
G1 X98.773336 Y119.057386 Z14.240907 E0.321448
G1 X99.016755 Y118.295156 Z14.244178 E0.321456
G1 X99.28005 Y117.539541 Z14.24745 E0.321463
G1 X99.563041 Y116.791059 Z14.250721 E0.321471
G1 X99.865535 Y116.050224 Z14.253993 E0.321478
G1 X100.187326 Y115.317544 Z14.257264 E0.321486
G1 X100.528194 Y114.593522 Z14.260536 E0.321494
G1 X100.887907 Y113.878654 Z14.263807 E0.321501
G1 X101.266219 Y113.17343 Z14.267079 E0.321509
G1 X101.66287 Y112.478334 Z14.27035 E0.321517
G1 X102.077591 Y111.793844 Z14.273622 E0.321524
G1 X102.510099 Y111.120428 Z14.276893 E0.321532
G1 X102.960096 Y110.458549 Z14.280165 E0.321539
G1 X103.427277 Y109.808661 Z14.283437 E0.321547
G1 X103.911321 Y109.17121 Z14.286708 E0.321555
G1 X104.411897 Y108.546634 Z14.28998 E0.321562
G1 X104.928664 Y107.93536 Z14.293251 E0.32157
G1 X105.461267 Y107.33781 Z14.296523 E0.321577
G1 X106.009343 Y106.754392 Z14.299794 E0.321585
G1 X106.572522 Y106.185513 Z14.303066 E0.321593
G1 X107.150416 Y105.631561 Z14.306337 E0.3216
G1 X107.742626 Y105.092914 Z14.309609 E0.321608
G1 X108.348748 Y104.569942 Z14.31288 E0.321615
G1 X108.968366 Y104.063004 Z14.316152 E0.321623
G1 X109.601057 Y103.572447 Z14.319423 E0.32163
G1 X110.246389 Y103.098614 Z14.322695 E0.321638
G1 X110.903924 Y102.641831 Z14.325966 E0.321645
G1 X111.573205 Y102.202406 Z14.329238 E0.321652
G1 X112.253776 Y101.780643 Z14.33251 E0.32166
G1 X112.94517 Y101.37683 Z14.335781 E0.321667
G1 X113.646914 Y100.991245 Z14.339053 E0.321674
G1 X114.358527 Y100.624154 Z14.342324 E0.321682
G1 X115.079527 Y100.275819 Z14.345596 E0.321689
G1 X115.809414 Y99.946469 Z14.348867 E0.321696
G1 X116.54769 Y99.636331 Z14.352139 E0.321704
G1 X117.293847 Y99.345619 Z14.35541 E0.321711
G1 X118.047376 Y99.074532 Z14.358682 E0.321718
G1 X118.80776 Y98.823258 Z14.361953 E0.321725
G1 X119.574481 Y98.591979 Z14.365225 E0.321732
G1 X120.347011 Y98.380847 Z14.368496 E0.32174
G1 X121.124821 Y98.190005 Z14.371768 E0.321747
G1 X121.907377 Y98.019585 Z14.37504 E0.321754
G1 X122.694143 Y97.869706 Z14.378311 E0.321761
G1 X123.48458 Y97.74047 Z14.381583 E0.321768
G1 X124.278148 Y97.631974 Z14.384854 E0.321775
G1 X125.074302 Y97.544292 Z14.388126 E0.321782
G1 X125.872496 Y97.477478 Z14.391397 E0.321789
G1 X126.672183 Y97.431581 Z14.394669 E0.321796
G1 X127.472814 Y97.406633 Z14.39794 E0.321803
G1 X128.273842 Y97.402651 Z14.401212 E0.32181
G1 X129.074716 Y97.419644 Z14.404483 E0.321817
G1 X129.874888 Y97.457603 Z14.407755 E0.321824
G1 X130.67381 Y97.516497 Z14.411026 E0.321831
G1 X131.470933 Y97.596286 Z14.414298 E0.321838
G1 X132.265711 Y97.696915 Z14.417569 E0.321845
G1 X133.0576 Y97.818318 Z14.420841 E0.321852
G1 X133.846055 Y97.960413 Z14.424113 E0.321858
G1 X134.630536 Y98.123112 Z14.427384 E0.321865
G1 X135.410505 Y98.306294 Z14.430656 E0.321872
G1 X136.185428 Y98.509835 Z14.433927 E0.321879
G1 X136.954773 Y98.733596 Z14.437199 E0.321885
G1 X137.718014 Y98.977425 Z14.44047 E0.321892
G1 X138.474626 Y99.241155 Z14.443742 E0.321899
G1 X139.224087 Y99.524617 Z14.447013 E0.321906
G1 X139.965885 Y99.827606 Z14.450285 E0.321912
G1 X140.699514 Y100.149917 Z14.453556 E0.321919
G1 X141.424469 Y100.491329 Z14.456828 E0.321926
G1 X142.140253 Y100.851608 Z14.460099 E0.321932
G1 X142.846375 Y101.230508 Z14.463371 E0.321939
G1 X143.542347 Y101.627778 Z14.466643 E0.321945
G1 X144.227693 Y102.043142 Z14.469914 E0.321952
G1 X144.901946 Y102.476312 Z14.473186 E0.321958
G1 X145.564641 Y102.926993 Z14.476457 E0.321965
G1 X146.215325 Y103.394876 Z14.479729 E0.321971
G1 X146.853551 Y103.879642 Z14.483 E0.321978
G1 X147.478882 Y104.380959 Z14.486272 E0.321984
G1 X148.090887 Y104.898483 Z14.489543 E0.321991
G1 X148.689148 Y105.431861 Z14.492815 E0.321997
G1 X149.273253 Y105.980729 Z14.496086 E0.322004
G1 X149.842802 Y106.544709 Z14.499358 E0.322011
G1 X150.397404 Y107.123417 Z14.502629 E0.322017
G1 X150.936677 Y107.716457 Z14.505901 E0.322024
G1 X151.460253 Y108.323422 Z14.509172 E0.32203
G1 X151.967771 Y108.943898 Z14.512444 E0.322037
G1 X152.458882 Y109.577459 Z14.515716 E0.322043
G1 X152.933251 Y110.223671 Z14.518987 E0.32205
G1 X153.39055 Y110.882093 Z14.522259 E0.322056
G1 X153.830466 Y111.552274 Z14.52553 E0.322063
G1 X154.252696 Y112.233754 Z14.528802 E0.322069
G1 X154.656951 Y112.926068 Z14.532073 E0.322076
G1 X155.042952 Y113.628741 Z14.535345 E0.322082
G1 X155.410434 Y114.341291 Z14.538616 E0.322089
G1 X155.759146 Y115.063232 Z14.541888 E0.322095
G1 X156.088846 Y115.794068 Z14.545159 E0.322102
G1 X156.399308 Y116.5333 Z14.548431 E0.322108
G1 X156.690319 Y117.28042 Z14.551702 E0.322115
G1 X156.961679 Y118.034917 Z14.554974 E0.322121
G1 X157.2132 Y118.796274 Z14.558245 E0.322128
G1 X157.44471 Y119.56397 Z14.561517 E0.322134
G1 X157.656048 Y120.337478 Z14.564789 E0.322141
G1 X157.84707 Y121.11627 Z14.56806 E0.322147
G1 X158.017644 Y121.899811 Z14.571332 E0.322154
G1 X158.167651 Y122.687564 Z14.574603 E0.32216
G1 X158.296989 Y123.47899 Z14.577875 E0.322167
G1 X158.405567 Y124.273547 Z14.581146 E0.322173
G1 X158.493311 Y125.07069 Z14.584418 E0.32218
G1 X158.56016 Y125.869872 Z14.587689 E0.322186
G1 X158.606066 Y126.670547 Z14.590961 E0.322193
G1 X158.630998 Y127.472166 Z14.594232 E0.322199
G1 X158.634937 Y128.274178 Z14.597504 E0.322206
G1 X158.61788 Y129.076035 Z14.600775 E0.322212
G1 X158.579839 Y129.877187 Z14.604047 E0.322219
G1 X158.520837 Y130.677084 Z14.607319 E0.322225
G1 X158.440913 Y131.475179 Z14.61059 E0.322232
G1 X158.340123 Y132.270925 Z14.613862 E0.322238
G1 X158.218535 Y133.063775 Z14.617133 E0.322245
G1 X158.076231 Y133.853187 Z14.620405 E0.322251
G1 X157.913308 Y134.638618 Z14.623676 E0.322258
G1 X157.729877 Y135.419532 Z14.626948 E0.322264
G1 X157.526062 Y136.195392 Z14.630219 E0.322271
G1 X157.302001 Y136.965665 Z14.633491 E0.322277
G1 X157.05785 Y137.729825 Z14.636762 E0.322284
G1 X156.793773 Y138.487347 Z14.640034 E0.32229
G1 X156.509951 Y139.237712 Z14.643305 E0.322297
G1 X156.206579 Y139.980405 Z14.646577 E0.322303
G1 X155.883861 Y140.714917 Z14.649848 E0.322309
G1 X155.542019 Y141.440743 Z14.65312 E0.322316
G1 X155.181287 Y142.157386 Z14.656392 E0.322322
G1 X154.801911 Y142.864355 Z14.659663 E0.322329
G1 X154.404152 Y143.561165 Z14.662935 E0.322335
G1 X153.98828 Y144.247337 Z14.666206 E0.322342
G1 X153.554579 Y144.922402 Z14.669478 E0.322348
G1 X153.103346 Y145.585894 Z14.672749 E0.322355
G1 X152.634889 Y146.237361 Z14.676021 E0.322361
G1 X152.14953 Y146.876354 Z14.679292 E0.322367
G1 X151.647601 Y147.502435 Z14.682564 E0.322374
G1 X151.129444 Y148.115175 Z14.685835 E0.32238
G1 X150.595415 Y148.714153 Z14.689107 E0.322387
G1 X150.045877 Y149.298957 Z14.692378 E0.322393
G1 X149.481207 Y149.869187 Z14.69565 E0.3224
G1 X148.901793 Y150.424451 Z14.698922 E0.322406
G1 X148.30803 Y150.964368 Z14.702193 E0.322412
G1 X147.700325 Y151.488567 Z14.705465 E0.322419
G1 X147.079095 Y151.996689 Z14.708736 E0.322425
G1 X146.444762 Y152.488384 Z14.712008 E0.322432
G1 X145.797763 Y152.963314 Z14.715279 E0.322438
G1 X145.13854 Y153.421155 Z14.718551 E0.322444
G1 X144.467545 Y153.86159 Z14.721822 E0.322451
G1 X143.785237 Y154.284319 Z14.725094 E0.322457
G1 X143.092083 Y154.689049 Z14.728365 E0.322463
G1 X142.388558 Y155.075503 Z14.731637 E0.32247
G1 X141.675143 Y155.443415 Z14.734908 E0.322476
G1 X140.952328 Y155.792533 Z14.73818 E0.322483
G1 X140.220607 Y156.122617 Z14.741451 E0.322489
G1 X139.480481 Y156.433439 Z14.744723 E0.322495
G1 X138.732458 Y156.724787 Z14.747995 E0.322502
G1 X137.97705 Y156.996458 Z14.751266 E0.322508
G1 X137.214774 Y157.248266 Z14.754538 E0.322514
G1 X136.446152 Y157.480038 Z14.757809 E0.322521
G1 X135.671711 Y157.691614 Z14.761081 E0.322527
G1 X134.891982 Y157.882849 Z14.764352 E0.322533
G1 X134.107498 Y158.053611 Z14.767624 E0.32254
G1 X133.318798 Y158.203782 Z14.770895 E0.322546
G1 X132.526422 Y158.333257 Z14.774167 E0.322552
G1 X131.730912 Y158.441947 Z14.777438 E0.322559
G1 X130.932813 Y158.529778 Z14.78071 E0.322565
G1 X130.132674 Y158.596688 Z14.783981 E0.322571
G1 X129.331041 Y158.642631 Z14.787253 E0.322578
G1 X128.528465 Y158.667574 Z14.790524 E0.322584
G1 X127.725495 Y158.6715 Z14.793796 E0.32259
G1 X126.922681 Y158.654405 Z14.797068 E0.322597
G1 X126.120575 Y158.6163 Z14.800339 E0.322603
G1 X125.319725 Y158.55721 Z14.803611 E0.322609
G1 X124.520681 Y158.477174 Z14.806882 E0.322616
G1 X123.72399 Y158.376248 Z14.810154 E0.322622
G1 X122.930198 Y158.254499 Z14.813425 E0.322628
G1 X122.13985 Y158.11201 Z14.816697 E0.322635
G1 X121.353488 Y157.948877 Z14.819968 E0.322641
G1 X120.57165 Y157.765213 Z14.82324 E0.322647
G1 X119.794872 Y157.561141 Z14.826511 E0.322654
G1 X119.023687 Y157.336801 Z14.829783 E0.32266
G1 X118.258624 Y157.092345 Z14.833054 E0.322666
G1 X117.500208 Y156.827941 Z14.836326 E0.322673
G1 X116.748958 Y156.54377 Z14.839598 E0.322679
G1 X116.005389 Y156.240024 Z14.842869 E0.322685
G1 X115.270012 Y155.916912 Z14.846141 E0.322692
G1 X114.543331 Y155.574653 Z14.849412 E0.322698
G1 X113.825845 Y155.213483 Z14.852684 E0.322704
G1 X113.118044 Y154.833647 Z14.855955 E0.322711
G1 X112.420416 Y154.435406 Z14.859227 E0.322717
G1 X111.733437 Y154.019031 Z14.862498 E0.322723
G1 X111.057581 Y153.584807 Z14.86577 E0.322729
G1 X110.393309 Y153.133032 Z14.869041 E0.322736
G1 X109.741079 Y152.664013 Z14.872313 E0.322742
G1 X109.101337 Y152.178072 Z14.875584 E0.322748
G1 X108.474522 Y151.675542 Z14.878856 E0.322755
G1 X107.861065 Y151.156765 Z14.882127 E0.322761
G1 X107.261386 Y150.622097 Z14.885399 E0.322767
G1 X106.675898 Y150.071904 Z14.888671 E0.322774
G1 X106.105001 Y149.506562 Z14.891942 E0.32278
G1 X105.549094 Y148.926452 Z14.895214 E0.322786
G1 X105.008554 Y148.331976 Z14.898485 E0.322793
G1 X104.483751 Y147.723542 Z14.901757 E0.322799
G1 X103.975046 Y147.101567 Z14.905028 E0.322805
G1 X103.482786 Y146.466477 Z14.9083 E0.322811
G1 X103.007311 Y145.818706 Z14.911571 E0.322817
G1 X102.548951 Y145.158694 Z14.914843 E0.322824
G1 X102.108021 Y144.486895 Z14.918114 E0.32283
G1 X101.68482 Y143.803771 Z14.921386 E0.322836
G1 X101.279639 Y143.109789 Z14.924657 E0.322842
G1 X100.892756 Y142.405426 Z14.927929 E0.322848
G1 X100.524436 Y141.691163 Z14.931201 E0.322854
G1 X100.174936 Y140.967488 Z14.934472 E0.32286
G1 X99.8445 Y140.234896 Z14.937744 E0.322866
G1 X99.533349 Y139.493891 Z14.941015 E0.322872
G1 X99.241696 Y138.744982 Z14.944287 E0.322878
G1 X98.969742 Y137.98868 Z14.947558 E0.322884
G1 X98.717675 Y137.225504 Z14.95083 E0.32289
G1 X98.485667 Y136.455978 Z14.954101 E0.322896
G1 X98.27389 Y135.680624 Z14.957373 E0.322902
G1 X98.082477 Y134.899979 Z14.960644 E0.322908
G1 X97.911563 Y134.114576 Z14.963916 E0.322914
G1 X97.761263 Y133.324954 Z14.967187 E0.32292
G1 X97.631683 Y132.531653 Z14.970459 E0.322925
G1 X97.522911 Y131.735219 Z14.97373 E0.322931
;WIDTH:1.200
; LINE_WIDTH: 1.200
;Z:15.766
;HEIGHT:0.792
G1 X97.435027 Y130.936194 Z14.97703 E0.322937
G1 X97.36809 Y130.135129 Z14.98033 E0.322943
G1 X97.322145 Y129.332571 Z14.98363 E0.322949
G1 X97.297223 Y128.529071 Z14.98693 E0.322955
G1 X97.293344 Y127.72518 Z14.990229 E0.32296
G1 X97.310509 Y126.921448 Z14.993529 E0.322966
G1 X97.348715 Y126.118427 Z14.996829 E0.322972
G1 X97.407934 Y125.316668 Z15.000129 E0.322978
G1 X97.488122 Y124.516719 Z15.003428 E0.322983
G1 X97.589224 Y123.71913 Z15.006728 E0.322989
G1 X97.711172 Y122.924446 Z15.010028 E0.322995
G1 X97.853883 Y122.133213 Z15.013328 E0.323
G1 X98.017265 Y121.345974 Z15.016627 E0.323006
G1 X98.201208 Y120.563269 Z15.019927 E0.323012
G1 X98.40558 Y119.785635 Z15.023227 E0.323017
G1 X98.630243 Y119.013603 Z15.026527 E0.323023
G1 X98.875041 Y118.247704 Z15.029826 E0.323028
G1 X99.13981 Y117.488462 Z15.033126 E0.323034
G1 X99.424369 Y116.736399 Z15.036426 E0.32304
G1 X99.728531 Y115.992034 Z15.039726 E0.323045
G1 X100.052079 Y115.255873 Z15.043026 E0.32305
G1 X100.394793 Y114.528421 Z15.046325 E0.323056
G1 X100.756438 Y113.810178 Z15.049625 E0.323061
G1 X101.136767 Y113.101636 Z15.052925 E0.323067
G1 X101.53552 Y112.403281 Z15.056225 E0.323072
G1 X101.952433 Y111.715597 Z15.059524 E0.323078
G1 X102.387212 Y111.039051 Z15.062824 E0.323083
G1 X102.839559 Y110.374108 Z15.066124 E0.323088
G1 X103.309165 Y109.721222 Z15.069424 E0.323094
G1 X103.795709 Y109.080843 Z15.072723 E0.323099
G1 X104.298858 Y108.453409 Z15.076023 E0.323104
G1 X104.818267 Y107.839351 Z15.079323 E0.32311
G1 X105.353581 Y107.239089 Z15.082623 E0.323115
G1 X105.904434 Y106.653037 Z15.085922 E0.32312
G1 X106.470448 Y106.081596 Z15.089222 E0.323126
G1 X107.051237 Y105.525158 Z15.092522 E0.323131
G1 X107.646402 Y104.984104 Z15.095822 E0.323136
G1 X108.255537 Y104.458808 Z15.099122 E0.323142
G1 X108.878224 Y103.949628 Z15.102421 E0.323147
G1 X109.514036 Y103.456914 Z15.105721 E0.323152
G1 X110.16254 Y102.981005 Z15.109021 E0.323158
G1 X110.82329 Y102.522228 Z15.112321 E0.323163
G1 X111.495833 Y102.080897 Z15.11562 E0.323168
G1 X112.179711 Y101.657315 Z15.11892 E0.323174
G1 X112.874454 Y101.251774 Z15.12222 E0.323179
G1 X113.579586 Y100.864551 Z15.12552 E0.323184
G1 X114.294624 Y100.495913 Z15.128819 E0.32319
G1 X115.019079 Y100.146113 Z15.132119 E0.323195
G1 X115.752455 Y99.815392 Z15.135419 E0.3232
G1 X116.494249 Y99.503977 Z15.138719 E0.323206
G1 X117.243953 Y99.212081 Z15.142018 E0.323211
G1 X118.001054 Y98.939906 Z15.145318 E0.323216
G1 X118.765033 Y98.687638 Z15.148618 E0.323222
G1 X119.535366 Y98.455452 Z15.151918 E0.323227
G1 X120.311525 Y98.243507 Z15.155217 E0.323232
G1 X121.09298 Y98.051948 Z15.158517 E0.323238
G1 X121.879195 Y97.880909 Z15.161817 E0.323243
G1 X122.66963 Y97.730506 Z15.165117 E0.323248
G1 X123.463745 Y97.600845 Z15.168417 E0.323254
G1 X124.260995 Y97.492013 Z15.171716 E0.323259
G1 X125.060833 Y97.404086 Z15.175016 E0.323264
G1 X125.862713 Y97.337126 Z15.178316 E0.32327
G1 X126.666084 Y97.291179 Z15.181616 E0.323275
G1 X127.470395 Y97.266277 Z15.184915 E0.32328
G1 X128.275097 Y97.262438 Z15.188215 E0.323286
G1 X129.079636 Y97.279666 Z15.191515 E0.323291
G1 X129.883461 Y97.317948 Z15.194815 E0.323296
G1 X130.686023 Y97.37726 Z15.198114 E0.323302
G1 X131.486769 Y97.457564 Z15.201414 E0.323307
G1 X132.285153 Y97.558804 Z15.204714 E0.323312
G1 X133.080625 Y97.68091 Z15.208014 E0.323318
G1 X133.872642 Y97.8238 Z15.211313 E0.323323
G1 X134.660659 Y97.987376 Z15.214613 E0.323328
G1 X135.444138 Y98.171527 Z15.217913 E0.323334
G1 X136.22254 Y98.37613 Z15.221213 E0.323339
G1 X136.995331 Y98.601043 Z15.224513 E0.323344
G1 X137.761983 Y98.846112 Z15.227812 E0.323349
G1 X138.521969 Y99.11117 Z15.231112 E0.323355
G1 X139.274769 Y99.396037 Z15.234412 E0.32336
G1 X140.019865 Y99.700516 Z15.237712 E0.323365
G1 X140.756748 Y100.024402 Z15.241011 E0.32337
G1 X141.484911 Y100.367474 Z15.244311 E0.323376
G1 X142.203855 Y100.729495 Z15.247611 E0.323381
G1 X142.913088 Y101.110218 Z15.250911 E0.323386
G1 X143.612123 Y101.509382 Z15.25421 E0.323391
G1 X144.300481 Y101.926716 Z15.25751 E0.323397
G1 X144.977689 Y102.361932 Z15.26081 E0.323402
G1 X145.643281 Y102.814736 Z15.26411 E0.323407
G1 X146.296803 Y103.284816 Z15.267409 E0.323412
G1 X146.937806 Y103.77185 Z15.270709 E0.323418
G1 X147.565851 Y104.275504 Z15.274009 E0.323423
G1 X148.180506 Y104.795435 Z15.277309 E0.323428
G1 X148.78135 Y105.331286 Z15.280609 E0.323433
G1 X149.367968 Y105.882692 Z15.283908 E0.323438
G1 X149.93996 Y106.449275 Z15.287208 E0.323444
G1 X150.496934 Y107.030645 Z15.290508 E0.323449
G1 X151.038507 Y107.626406 Z15.293808 E0.323454
G1 X151.564308 Y108.236149 Z15.297107 E0.323459
G1 X152.073976 Y108.859457 Z15.300407 E0.323464
G1 X152.567158 Y109.495905 Z15.303707 E0.323469
G1 X153.043518 Y110.145055 Z15.307007 E0.323475
G1 X153.50273 Y110.806463 Z15.310306 E0.32348
G1 X153.944477 Y111.479676 Z15.313606 E0.323485
G1 X154.368458 Y112.164233 Z15.316906 E0.32349
G1 X154.774379 Y112.859665 Z15.320206 E0.323495
G1 X155.161962 Y113.565496 Z15.323505 E0.3235
G1 X155.530941 Y114.281243 Z15.326805 E0.323505
G1 X155.881062 Y115.006415 Z15.330105 E0.32351
G1 X156.212086 Y115.740515 Z15.333405 E0.323516
G1 X156.523785 Y116.48304 Z15.336705 E0.323521
G1 X156.815945 Y117.233482 Z15.340004 E0.323526
G1 X157.088363 Y117.991328 Z15.343304 E0.323531
G1 X157.340852 Y118.756057 Z15.346604 E0.323536
G1 X157.57324 Y119.527145 Z15.349904 E0.323541
G1 X157.785367 Y120.304065 Z15.353203 E0.323546
G1 X157.977087 Y121.086284 Z15.356503 E0.323551
G1 X158.148267 Y121.873266 Z15.359803 E0.323556
G1 X158.29879 Y122.664471 Z15.363103 E0.323561
G1 X158.42855 Y123.459358 Z15.366402 E0.323566
G1 X158.537459 Y124.257383 Z15.369702 E0.323571
G1 X158.625443 Y125.057997 Z15.373002 E0.323576
G1 X158.692439 Y125.860652 Z15.376302 E0.323582
G1 X158.738403 Y126.664799 Z15.379601 E0.323587
G1 X158.7633 Y127.469886 Z15.382901 E0.323592
G1 X158.767115 Y128.275361 Z15.386201 E0.323597
G1 X158.749843 Y129.080673 Z15.389501 E0.323602
G1 X158.711496 Y129.885269 Z15.3928 E0.323607
G1 X158.6521 Y130.688598 Z15.3961 E0.323612
G1 X158.571693 Y131.490109 Z15.3994 E0.323617
G1 X158.470332 Y132.289254 Z15.4027 E0.323622
G1 X158.348084 Y133.085484 Z15.406 E0.323627
G1 X158.205033 Y133.878253 Z15.409299 E0.323632
G1 X158.041276 Y134.667018 Z15.412599 E0.323637
G1 X157.856925 Y135.451239 Z15.415899 E0.323642
G1 X157.652105 Y136.230377 Z15.419199 E0.323647
G1 X157.426957 Y137.003898 Z15.422498 E0.323652
G1 X157.181633 Y137.771273 Z15.425798 E0.323657
G1 X156.916302 Y138.531975 Z15.429098 E0.323662
G1 X156.631145 Y139.285483 Z15.432398 E0.323667
G1 X156.326356 Y140.031279 Z15.435697 E0.323672
G1 X156.002143 Y140.768853 Z15.438997 E0.323677
G1 X155.658729 Y141.497698 Z15.442297 E0.323682
G1 X155.296348 Y142.217316 Z15.445597 E0.323687
G1 X154.915248 Y142.927212 Z15.448896 E0.323693
G1 X154.515689 Y143.626899 Z15.452196 E0.323698
G1 X154.097945 Y144.315898 Z15.455496 E0.323703
G1 X153.662302 Y144.993737 Z15.458796 E0.323708
G1 X153.209057 Y145.659949 Z15.462096 E0.323713
G1 X152.73852 Y146.314079 Z15.465395 E0.323718
G1 X152.251014 Y146.955678 Z15.468695 E0.323723
G1 X151.746872 Y147.584305 Z15.471995 E0.323728
G1 X151.226439 Y148.19953 Z15.475295 E0.323733
G1 X150.690072 Y148.800929 Z15.478594 E0.323738
G1 X150.138137 Y149.388091 Z15.481894 E0.323743
G1 X149.571011 Y149.960612 Z15.485194 E0.323748
G1 X148.989077 Y150.518093 Z15.488494 E0.323753
G1 X148.392741 Y151.060159 Z15.491793 E0.323758
G1 X147.78241 Y151.586436 Z15.495093 E0.323763
G1 X147.158502 Y152.096564 Z15.498393 E0.323768
G1 X146.521445 Y152.590193 Z15.501693 E0.323773
G1 X145.871674 Y153.066984 Z15.504992 E0.323778
G1 X145.20963 Y153.526601 Z15.508292 E0.323783
G1 X144.535771 Y153.968736 Z15.511592 E0.323787
G1 X143.850559 Y154.393087 Z15.514892 E0.323792
G1 X143.154463 Y154.799362 Z15.518192 E0.323797
G1 X142.44796 Y155.187282 Z15.521491 E0.323802
G1 X141.731533 Y155.55658 Z15.524791 E0.323807
G1 X141.005671 Y155.906995 Z15.528091 E0.323812
G1 X140.270873 Y156.238293 Z15.531391 E0.323816
G1 X139.527644 Y156.550247 Z15.53469 E0.323821
G1 X138.776493 Y156.842642 Z15.53799 E0.323826
G1 X138.017934 Y157.115279 Z15.54129 E0.32383
G1 X137.252487 Y157.367969 Z15.54459 E0.323835
G1 X136.480674 Y157.600533 Z15.547889 E0.32384
G1 X135.703026 Y157.812813 Z15.551189 E0.323844
G1 X134.920077 Y158.004666 Z15.554489 E0.323849
G1 X134.132362 Y158.17596 Z15.557789 E0.323854
G1 X133.340422 Y158.326579 Z15.561088 E0.323858
G1 X132.5448 Y158.456416 Z15.564388 E0.323863
G1 X131.746039 Y158.56538 Z15.567688 E0.323868
G1 X130.944688 Y158.653392 Z15.570988 E0.323872
G1 X130.141297 Y158.720398 Z15.574288 E0.323877
G1 X129.336415 Y158.766352 Z15.577587 E0.323881
G1 X128.530595 Y158.791221 Z15.580887 E0.323886
G1 X127.72439 Y158.794988 Z15.584187 E0.32389
G1 X126.91835 Y158.777646 Z15.587487 E0.323895
G1 X126.11303 Y158.739202 Z15.590786 E0.323899
G1 X125.308982 Y158.679691 Z15.594086 E0.323903
G1 X124.506756 Y158.59915 Z15.597386 E0.323908
G1 X123.706902 Y158.497637 Z15.600686 E0.323912
G1 X122.909969 Y158.375218 Z15.603985 E0.323917
G1 X122.116503 Y158.231978 Z15.607285 E0.323921
G1 X121.32705 Y158.068004 Z15.610585 E0.323925
G1 X120.542149 Y157.883419 Z15.613885 E0.32393
G1 X119.762339 Y157.678348 Z15.617184 E0.323934
G1 X118.988154 Y157.452932 Z15.620484 E0.323938
G1 X118.220125 Y157.207323 Z15.623784 E0.323942
G1 X117.458778 Y156.941691 Z15.627084 E0.323947
G1 X116.704638 Y156.656207 Z15.630384 E0.323951
G1 X115.958221 Y156.351076 Z15.633683 E0.323955
G1 X115.220038 Y156.026506 Z15.636983 E0.323959
G1 X114.490595 Y155.682719 Z15.640283 E0.323964
G1 X113.770391 Y155.31995 Z15.643583 E0.323968
G1 X113.059921 Y154.938449 Z15.646882 E0.323972
G1 X112.359676 Y154.538468 Z15.650182 E0.323976
G1 X111.670134 Y154.120287 Z15.653482 E0.32398
G1 X110.991767 Y153.684193 Z15.656782 E0.323984
G1 X110.325039 Y153.230486 Z15.660081 E0.323988
G1 X109.670408 Y152.759475 Z15.663381 E0.323992
G1 X109.028323 Y152.271483 Z15.666681 E0.323997
G1 X108.399224 Y151.766844 Z15.669981 E0.324001
G1 X107.783543 Y151.245904 Z15.67328 E0.324005
G1 X107.181701 Y150.709019 Z15.67658 E0.324009
G1 X106.594113 Y150.156556 Z15.67988 E0.324013
G1 X106.021181 Y149.588895 Z15.68318 E0.324017
G1 X105.463298 Y149.006423 Z15.686479 E0.324021
G1 X104.920846 Y148.409539 Z15.689779 E0.324025
G1 X104.394198 Y147.798652 Z15.693079 E0.324029
G1 X103.883715 Y147.174181 Z15.696379 E0.324033
G1 X103.389748 Y146.536553 Z15.699679 E0.324037
G1 X102.912636 Y145.886205 Z15.702978 E0.324041
G1 X102.452705 Y145.223582 Z15.706278 E0.324045
G1 X102.010271 Y144.549138 Z15.709578 E0.32405
G1 X101.585639 Y143.863335 Z15.712878 E0.324054
G1 X101.1791 Y143.166642 Z15.716177 E0.324058
G1 X100.790932 Y142.459537 Z15.719477 E0.324062
G1 X100.421402 Y141.742505 Z15.722777 E0.324066
G1 X100.070764 Y141.016036 Z15.726077 E0.32407
G1 X99.739259 Y140.280628 Z15.729376 E0.324074
G1 X99.427115 Y139.536785 Z15.732676 E0.324078
G1 X99.134545 Y138.785016 Z15.735976 E0.324082
G1 X98.861751 Y138.025837 Z15.739276 E0.324086
G1 X98.608921 Y137.259768 Z15.742575 E0.32409
G1 X98.376227 Y136.487333 Z15.745875 E0.324094
G1 X98.163831 Y135.709061 Z15.749175 E0.324098
G1 X97.971877 Y134.925487 Z15.752475 E0.324103
G1 X97.800499 Y134.137146 Z15.755775 E0.324107
G1 X97.649814 Y133.344579 Z15.759074 E0.324111
G1 X97.519927 Y132.54833 Z15.762374 E0.324115
G1 X97.410925 Y131.748943 Z15.765674 E0.324119
;WIDTH:1.200
; LINE_WIDTH: 1.200
;Z:16.562
;HEIGHT:0.797
G1 X97.322883 Y130.946967 Z15.768993 E0.324123
G1 X97.255864 Y130.142951 Z15.772312 E0.324127
G1 X97.209914 Y129.337446 Z15.77563 E0.324131
G1 X97.185065 Y128.531004 Z15.778949 E0.324135
G1 X97.181334 Y127.724178 Z15.782268 E0.324139
G1 X97.198726 Y126.91752 Z15.785587 E0.324143
G1 X97.237227 Y126.111584 Z15.788906 E0.324148
G1 X97.296817 Y125.306921 Z15.792225 E0.324152
G1 X97.377454 Y124.504085 Z15.795543 E0.324156
G1 X97.479081 Y123.703625 Z15.798862 E0.32416
G1 X97.601628 Y122.906089 Z15.802181 E0.324164
G1 X97.745011 Y122.112025 Z15.8055 E0.324168
G1 X97.909134 Y121.321976 Z15.808819 E0.324172
G1 X98.093886 Y120.536486 Z15.812138 E0.324176
G1 X98.299144 Y119.756092 Z15.815456 E0.32418
G1 X98.524762 Y118.981329 Z15.818775 E0.324184
G1 X98.770587 Y118.212728 Z15.822094 E0.324188
G1 X99.036451 Y117.450816 Z15.825413 E0.324192
G1 X99.322171 Y116.696116 Z15.828732 E0.324196
G1 X99.627554 Y115.949145 Z15.832051 E0.3242
G1 X99.952395 Y115.210417 Z15.835369 E0.324203
G1 X100.296466 Y114.480437 Z15.838688 E0.324207
G1 X100.659533 Y113.759705 Z15.842007 E0.324211
G1 X101.041346 Y113.048716 Z15.845326 E0.324215
G1 X101.441645 Y112.347956 Z15.848645 E0.324219
G1 X101.860155 Y111.657907 Z15.851964 E0.324223
G1 X102.296597 Y110.979046 Z15.855282 E0.324227
G1 X102.750664 Y110.311834 Z15.858601 E0.324231
G1 X103.222047 Y109.656728 Z15.86192 E0.324234
G1 X103.710423 Y109.01418 Z15.865239 E0.324238
G1 X104.215457 Y108.384628 Z15.868558 E0.324242
G1 X104.736805 Y107.768505 Z15.871877 E0.324246
G1 X105.274112 Y107.166237 Z15.875195 E0.32425
G1 X105.827008 Y106.578235 Z15.878514 E0.324253
G1 X106.395113 Y106.0049 Z15.881833 E0.324257
G1 X106.978039 Y105.446627 Z15.885152 E0.324261
G1 X107.575385 Y104.903798 Z15.888471 E0.324265
G1 X108.186744 Y104.376786 Z15.89179 E0.324268
G1 X108.811698 Y103.865956 Z15.895108 E0.324272
G1 X109.449819 Y103.371656 Z15.898427 E0.324276
G1 X110.100668 Y102.894224 Z15.901746 E0.324279
G1 X110.763799 Y102.433987 Z15.905065 E0.324283
G1 X111.438758 Y101.991263 Z15.908384 E0.324287
G1 X112.125083 Y101.566353 Z15.911703 E0.32429
G1 X112.822305 Y101.159554 Z15.915022 E0.324294
G1 X113.529947 Y100.771143 Z15.91834 E0.324298
G1 X114.247521 Y100.401386 Z15.921659 E0.324301
G1 X114.974536 Y100.050535 Z15.924978 E0.324305
G1 X115.710495 Y99.718832 Z15.928297 E0.324308
G1 X116.454893 Y99.406504 Z15.931616 E0.324312
G1 X117.207221 Y99.113768 Z15.934935 E0.324316
G1 X117.966963 Y98.840828 Z15.938253 E0.324319
G1 X118.733599 Y98.587866 Z15.941572 E0.324323
G1 X119.506602 Y98.355056 Z15.944891 E0.324326
G1 X120.285442 Y98.142558 Z15.94821 E0.32433
G1 X121.069587 Y97.950519 Z15.951529 E0.324333
G1 X121.858499 Y97.779072 Z15.954848 E0.324337
G1 X122.651639 Y97.628339 Z15.958166 E0.32434
G1 X123.44846 Y97.498417 Z15.961485 E0.324344
G1 X124.248418 Y97.389398 Z15.964804 E0.324347
G1 X125.050965 Y97.301355 Z15.968123 E0.324351
G1 X125.855549 Y97.23435 Z15.971442 E0.324354
G1 X126.661621 Y97.188429 Z15.974761 E0.324358
G1 X127.468626 Y97.163624 Z15.978079 E0.324361
G1 X128.276014 Y97.159952 Z15.981398 E0.324365
G1 X129.083229 Y97.177417 Z15.984717 E0.324368
G1 X129.889719 Y97.216007 Z15.988036 E0.324371
G1 X130.694931 Y97.275695 Z15.991355 E0.324375
G1 X131.498314 Y97.356442 Z15.994674 E0.324378
G1 X132.299316 Y97.458193 Z15.997992 E0.324382
G1 X133.097388 Y97.580877 Z16.001311 E0.324385
G1 X133.891984 Y97.724412 Z16.00463 E0.324389
G1 X134.682558 Y97.8887 Z16.007949 E0.324392
G1 X135.46857 Y98.073629 Z16.011268 E0.324396
G1 X136.24948 Y98.279071 Z16.014587 E0.324399
G1 X137.024752 Y98.504888 Z16.017905 E0.324403
G1 X137.793856 Y98.750924 Z16.021224 E0.324406
G1 X138.556264 Y99.017011 Z16.024543 E0.324409
G1 X139.311453 Y99.302968 Z16.027862 E0.324413
G1 X140.058907 Y99.608598 Z16.031181 E0.324416
G1 X140.798111 Y99.933693 Z16.0345 E0.32442
G1 X141.52856 Y100.278031 Z16.037819 E0.324423
G1 X142.249752 Y100.641376 Z16.041137 E0.324427
G1 X142.961194 Y101.023478 Z16.044456 E0.32443
G1 X143.662397 Y101.424078 Z16.047775 E0.324434
G1 X144.352881 Y101.842899 Z16.051094 E0.324437
G1 X145.032172 Y102.279657 Z16.054413 E0.324441
G1 X145.699804 Y102.734052 Z16.057732 E0.324444
G1 X146.35532 Y103.205773 Z16.06105 E0.324448
G1 X146.998269 Y103.694496 Z16.064369 E0.324451
G1 X147.628212 Y104.199888 Z16.067688 E0.324454
G1 X148.244716 Y104.721603 Z16.071007 E0.324458
G1 X148.847358 Y105.259282 Z16.074326 E0.324461
G1 X149.435726 Y105.812558 Z16.077645 E0.324465
G1 X150.009414 Y106.381053 Z16.080963 E0.324468
G1 X150.568031 Y106.964376 Z16.084282 E0.324472
G1 X151.111192 Y107.562129 Z16.087601 E0.324475
G1 X151.638525 Y108.173902 Z16.09092 E0.324479
G1 X152.149669 Y108.799276 Z16.094239 E0.324482
G1 X152.644271 Y109.437823 Z16.097558 E0.324486
G1 X153.121991 Y110.089107 Z16.100876 E0.324489
G1 X153.582504 Y110.752681 Z16.104195 E0.324492
G1 X154.025493 Y111.428089 Z16.107514 E0.324496
G1 X154.450654 Y112.114869 Z16.110833 E0.324499
G1 X154.857697 Y112.81255 Z16.114152 E0.324503
G1 X155.24634 Y113.520655 Z16.117471 E0.324506
G1 X155.616314 Y114.238701 Z16.120789 E0.324509
G1 X155.967369 Y114.966192 Z16.124108 E0.324513
G1 X156.299264 Y115.702632 Z16.127427 E0.324516
G1 X156.61177 Y116.447515 Z16.130746 E0.324519
G1 X156.904673 Y117.200331 Z16.134065 E0.324523
G1 X157.177772 Y117.960564 Z16.137384 E0.324526
G1 X157.430876 Y118.727694 Z16.140702 E0.324529
G1 X157.663814 Y119.501196 Z16.144021 E0.324533
G1 X157.876426 Y120.280537 Z16.14734 E0.324536
G1 X158.068567 Y121.065186 Z16.150659 E0.324539
G1 X158.240103 Y121.854603 Z16.153978 E0.324543
G1 X158.390918 Y122.648248 Z16.157297 E0.324546
G1 X158.520904 Y123.445577 Z16.160615 E0.324549
G1 X158.629974 Y124.246044 Z16.163934 E0.324553
G1 X158.718053 Y125.0491 Z16.167253 E0.324556
G1 X158.785081 Y125.854195 Z16.170572 E0.324559
G1 X158.831012 Y126.660776 Z16.173891 E0.324562
G1 X158.855814 Y127.468292 Z16.17721 E0.324566
G1 X158.859465 Y128.276188 Z16.180529 E0.324569
G1 X158.841966 Y129.08391 Z16.183847 E0.324572
G1 X158.803328 Y129.890906 Z16.187166 E0.324575
G1 X158.743578 Y130.696622 Z16.190485 E0.324578
G1 X158.662757 Y131.500505 Z16.193804 E0.324582
G1 X158.560919 Y132.302006 Z16.197123 E0.324585
G1 X158.438132 Y133.100573 Z16.200442 E0.324588
G1 X158.294479 Y133.89566 Z16.20376 E0.324591
G1 X158.130061 Y134.686722 Z16.207079 E0.324594
G1 X157.944989 Y135.473216 Z16.210398 E0.324598
G1 X157.739391 Y136.254604 Z16.213717 E0.324601
G1 X157.513407 Y137.03035 Z16.217036 E0.324604
G1 X157.26719 Y137.799921 Z16.220355 E0.324607
G1 X157.000906 Y138.56279 Z16.223673 E0.32461
G1 X156.714742 Y139.318434 Z16.226992 E0.324613
G1 X156.408892 Y140.066335 Z16.230311 E0.324616
G1 X156.083566 Y140.805981 Z16.23363 E0.32462
G1 X155.738987 Y141.536865 Z16.236949 E0.324623
G1 X155.375389 Y142.258484 Z16.240268 E0.324626
G1 X154.993019 Y142.970343 Z16.243586 E0.324629
G1 X154.592141 Y143.671956 Z16.246905 E0.324632
G1 X154.173032 Y144.362841 Z16.250224 E0.324635
G1 X153.735976 Y145.042524 Z16.253543 E0.324638
G1 X153.281274 Y145.71054 Z16.256862 E0.324641
G1 X152.809236 Y146.366431 Z16.260181 E0.324644
G1 X152.320183 Y147.009743 Z16.263499 E0.324647
G1 X151.814453 Y147.64004 Z16.266818 E0.32465
G1 X151.292392 Y148.256887 Z16.270137 E0.324653
G1 X150.754358 Y148.859862 Z16.273456 E0.324656
G1 X150.200718 Y149.448553 Z16.276775 E0.324659
G1 X149.631854 Y150.022554 Z16.280094 E0.324662
G1 X149.048153 Y150.581473 Z16.283412 E0.324665
G1 X148.450016 Y151.124925 Z16.286731 E0.324668
G1 X147.837852 Y151.652539 Z16.29005 E0.324671
G1 X147.212081 Y152.163952 Z16.293369 E0.324674
G1 X146.573131 Y152.658814 Z16.296688 E0.324677
G1 X145.92144 Y153.136785 Z16.300007 E0.32468
G1 X145.257454 Y153.597537 Z16.303326 E0.324683
G1 X144.581629 Y154.040754 Z16.306644 E0.324686
G1 X143.894427 Y154.466133 Z16.309963 E0.324689
G1 X143.196318 Y154.87338 Z16.313282 E0.324692
G1 X142.487782 Y155.262217 Z16.316601 E0.324695
G1 X141.769303 Y155.632377 Z16.31992 E0.324698
G1 X141.041374 Y155.983606 Z16.323239 E0.324701
G1 X140.304494 Y156.315662 Z16.326557 E0.324704
G1 X139.559167 Y156.628319 Z16.329876 E0.324707
G1 X138.805904 Y156.92136 Z16.333195 E0.32471
G1 X138.045222 Y157.194586 Z16.336514 E0.324713
G1 X137.27764 Y157.447808 Z16.339833 E0.324716
G1 X136.503686 Y157.680852 Z16.343152 E0.324719
G1 X135.723889 Y157.893559 Z16.34647 E0.324722
G1 X134.938785 Y158.085782 Z16.349789 E0.324725
G1 X134.14891 Y158.257388 Z16.353108 E0.324728
G1 X133.354807 Y158.408262 Z16.356427 E0.324731
G1 X132.557018 Y158.538297 Z16.359746 E0.324734
G1 X131.756092 Y158.647405 Z16.363065 E0.324737
G1 X130.952577 Y158.735511 Z16.366383 E0.32474
G1 X130.147023 Y158.802553 Z16.369702 E0.324743
G1 X129.339983 Y158.848486 Z16.373021 E0.324746
G1 X128.532009 Y158.873278 Z16.37634 E0.324749
G1 X127.723656 Y158.876911 Z16.379659 E0.324752
G1 X126.915478 Y158.859381 Z16.382978 E0.324755
G1 X126.108028 Y158.820693 Z16.386296 E0.324758
G1 X125.30186 Y158.760882 Z16.389615 E0.324761
G1 X124.497528 Y158.679987 Z16.392934 E0.324764
G1 X123.695581 Y158.578064 Z16.396253 E0.324767
G1 X122.89657 Y158.455182 Z16.399572 E0.32477
G1 X122.101042 Y158.311426 Z16.402891 E0.324773
G1 X121.309544 Y158.146884 Z16.406209 E0.324776
G1 X120.522619 Y157.961678 Z16.409528 E0.324779
G1 X119.740804 Y157.755934 Z16.412847 E0.324781
G1 X118.964636 Y157.529793 Z16.416166 E0.324784
G1 X118.194648 Y157.28341 Z16.419485 E0.324787
G1 X117.431366 Y157.016953 Z16.422804 E0.32479
G1 X116.675317 Y156.730597 Z16.426122 E0.324793
G1 X115.927017 Y156.424544 Z16.429441 E0.324795
G1 X115.186978 Y156.099006 Z16.43276 E0.324798
G1 X114.455709 Y155.754204 Z16.436079 E0.324801
G1 X113.733711 Y155.390375 Z16.439398 E0.324804
G1 X113.021477 Y155.007767 Z16.442717 E0.324806
G1 X112.319501 Y154.606638 Z16.446036 E0.324809
G1 X111.628261 Y154.187265 Z16.449354 E0.324812
G1 X110.948231 Y153.749937 Z16.452673 E0.324814
G1 X110.279876 Y153.294955 Z16.455992 E0.324817
G1 X109.623654 Y152.822629 Z16.459311 E0.32482
G1 X108.980017 Y152.333283 Z16.46263 E0.324822
G1 X108.349408 Y151.827248 Z16.465949 E0.324825
G1 X107.732259 Y151.304873 Z16.469267 E0.324827
G1 X107.128991 Y150.766517 Z16.472586 E0.32483
G1 X106.540017 Y150.212549 Z16.475905 E0.324832
G1 X105.965743 Y149.643349 Z16.479224 E0.324835
G1 X105.40656 Y149.059307 Z16.482543 E0.324837
G1 X104.862856 Y148.460821 Z16.485862 E0.32484
G1 X104.335005 Y147.848298 Z16.48918 E0.324842
G1 X103.823365 Y147.222164 Z16.492499 E0.324845
G1 X103.328287 Y146.582846 Z16.495818 E0.324847
G1 X102.850111 Y145.930783 Z16.499137 E0.32485
G1 X102.389163 Y145.26642 Z16.502456 E0.324852
G1 X101.945764 Y144.590213 Z16.505775 E0.324855
G1 X101.52022 Y143.902623 Z16.509093 E0.324857
G1 X101.112818 Y143.204123 Z16.512412 E0.324859
G1 X100.723837 Y142.495193 Z16.515731 E0.324862
G1 X100.353544 Y141.776319 Z16.51905 E0.324864
G1 X100.002194 Y141.047992 Z16.522369 E0.324866
G1 X99.670028 Y140.310712 Z16.525688 E0.324869
G1 X99.357281 Y139.564982 Z16.529006 E0.324871
G1 X99.06416 Y138.811314 Z16.532325 E0.324873
G1 X98.790866 Y138.050227 Z16.535644 E0.324876
G1 X98.537587 Y137.282241 Z16.538963 E0.324878
G1 X98.304497 Y136.507884 Z16.542282 E0.32488
G1 X98.091755 Y135.727684 Z16.545601 E0.324882
G1 X97.899517 Y134.942175 Z16.548919 E0.324884
G1 X97.727906 Y134.151898 Z16.552238 E0.324887
G1 X97.57704 Y133.357395 Z16.555557 E0.324889
G1 X97.447023 Y132.559209 Z16.558876 E0.324891
G1 X97.337943 Y131.757888 Z16.562195 E0.324893
;WIDTH:1.200
; LINE_WIDTH: 1.200
;Z:17.361
;HEIGHT:0.799
G1 X97.249876 Y130.953981 Z16.565525 E0.324895
G1 X97.182882 Y130.148038 Z16.568855 E0.324897
G1 X97.137007 Y129.340613 Z16.572186 E0.3249
G1 X97.112285 Y128.532258 Z16.575516 E0.324902
G1 X97.108731 Y127.723528 Z16.578846 E0.324904
G1 X97.126348 Y126.914976 Z16.582177 E0.324906
G1 X97.165126 Y126.107157 Z16.585507 E0.324908
G1 X97.225036 Y125.300625 Z16.588837 E0.32491
G1 X97.306039 Y124.495932 Z16.592167 E0.324913
G1 X97.408079 Y123.69363 Z16.595498 E0.324915
G1 X97.531087 Y122.894269 Z16.598828 E0.324917
G1 X97.674979 Y122.098396 Z16.602158 E0.324919
G1 X97.839656 Y121.306557 Z16.605488 E0.324921
G1 X98.025006 Y120.519295 Z16.608819 E0.324923
G1 X98.230901 Y119.73715 Z16.612149 E0.324926
G1 X98.457202 Y118.960657 Z16.615479 E0.324928
G1 X98.703753 Y118.190349 Z16.61881 E0.32493
G1 X98.970386 Y117.426754 Z16.62214 E0.324932
G1 X99.256918 Y116.670395 Z16.62547 E0.324934
G1 X99.563153 Y115.921791 Z16.6288 E0.324936
G1 X99.888881 Y115.181455 Z16.632131 E0.324938
G1 X100.23388 Y114.449894 Z16.635461 E0.324941
G1 X100.597913 Y113.72761 Z16.638791 E0.324943
G1 X100.980731 Y113.015098 Z16.642122 E0.324945
G1 X101.382071 Y112.312847 Z16.645452 E0.324947
G1 X101.80166 Y111.621337 Z16.648782 E0.324949
G1 X102.23921 Y110.941044 Z16.652112 E0.324951
G1 X102.694421 Y110.272433 Z16.655443 E0.324954
G1 X103.166981 Y109.615962 Z16.658773 E0.324956
G1 X103.656566 Y108.972083 Z16.662103 E0.324958
G1 X104.162842 Y108.341236 Z16.665434 E0.32496
G1 X104.685462 Y107.723853 Z16.668764 E0.324962
G1 X105.224068 Y107.120359 Z16.672094 E0.324964
G1 X105.77829 Y106.531167 Z16.675424 E0.324967
G1 X106.347749 Y105.956681 Z16.678755 E0.324969
G1 X106.932056 Y105.397294 Z16.682085 E0.324971
G1 X107.530809 Y104.853391 Z16.685415 E0.324973
G1 X108.143599 Y104.325345 Z16.688746 E0.324975
G1 X108.77001 Y103.813522 Z16.692076 E0.324977
G1 X109.409608 Y103.318269 Z16.695406 E0.324979
G1 X110.061956 Y102.839926 Z16.698736 E0.324982
G1 X110.726606 Y102.37882 Z16.702067 E0.324984
G1 X111.403103 Y101.935267 Z16.705397 E0.324986
G1 X112.090983 Y101.509573 Z16.708727 E0.324988
G1 X112.789779 Y101.102034 Z16.712057 E0.32499
G1 X113.499008 Y100.712925 Z16.715388 E0.324992
G1 X114.218184 Y100.342512 Z16.718718 E0.324994
G1 X114.946814 Y99.99105 Z16.722048 E0.324996
G1 X115.6844 Y99.65878 Z16.725379 E0.324998
G1 X116.430435 Y99.345929 Z16.728709 E0.325
G1 X117.184411 Y99.052719 Z16.732039 E0.325002
G1 X117.945808 Y98.779345 Z16.735369 E0.325004
G1 X118.714106 Y98.525994 Z16.7387 E0.325006
G1 X119.488777 Y98.29284 Z16.74203 E0.325008
G1 X120.26929 Y98.080043 Z16.74536 E0.32501
G1 X121.055111 Y97.88775 Z16.748691 E0.325012
G1 X121.845702 Y97.716097 Z16.752021 E0.325014
G1 X122.64052 Y97.565199 Z16.755351 E0.325015
G1 X123.43902 Y97.435158 Z16.758681 E0.325017
G1 X124.240656 Y97.326063 Z16.762012 E0.325019
G1 X125.044877 Y97.237989 Z16.765342 E0.325021
G1 X125.851133 Y97.170997 Z16.768672 E0.325023
G1 X126.658871 Y97.125137 Z16.772003 E0.325025
G1 X127.467538 Y97.10044 Z16.775333 E0.325027
G1 X128.276578 Y97.09692 Z16.778663 E0.325028
G1 X129.085437 Y97.114579 Z16.781993 E0.32503
G1 X129.893562 Y97.153406 Z16.785324 E0.325032
G1 X130.700398 Y97.213374 Z16.788654 E0.325034
G1 X131.505391 Y97.294446 Z16.791984 E0.325035
G1 X132.30799 Y97.396567 Z16.795315 E0.325037
G1 X133.107646 Y97.519662 Z16.798645 E0.325039
G1 X133.903809 Y97.663649 Z16.801975 E0.325041
G1 X134.695934 Y97.828429 Z16.805305 E0.325042
G1 X135.483479 Y98.013888 Z16.808636 E0.325044
G1 X136.265903 Y98.219903 Z16.811966 E0.325046
G1 X137.042668 Y98.446335 Z16.815296 E0.325047
G1 X137.813244 Y98.693023 Z16.818627 E0.325049
G1 X138.577102 Y98.959799 Z16.821957 E0.325051
G1 X139.333719 Y99.246481 Z16.825287 E0.325052
G1 X140.082575 Y99.552873 Z16.828617 E0.325054
G1 X140.823158 Y99.878764 Z16.831948 E0.325056
G1 X141.554958 Y100.223938 Z16.835278 E0.325057
G1 X142.277475 Y100.588151 Z16.838608 E0.325059
G1 X142.990213 Y100.971154 Z16.841938 E0.32506
G1 X143.692685 Y101.372685 Z16.845269 E0.325062
G1 X144.384409 Y101.79247 Z16.848599 E0.325064
G1 X145.064909 Y102.23022 Z16.851929 E0.325065
G1 X145.733718 Y102.685641 Z16.85526 E0.325067
G1 X146.390378 Y103.158416 Z16.85859 E0.325068
G1 X147.034441 Y103.64822 Z16.86192 E0.32507
G1 X147.665464 Y104.154718 Z16.86525 E0.325071
G1 X148.283016 Y104.677564 Z16.868581 E0.325073
G1 X148.886672 Y105.216398 Z16.871911 E0.325074
G1 X149.476019 Y105.770852 Z16.875241 E0.325076
G1 X150.050652 Y106.340547 Z16.878572 E0.325077
G1 X150.610179 Y106.92509 Z16.881902 E0.325079
G1 X151.154214 Y107.524083 Z16.885232 E0.32508
G1 X151.682386 Y108.137115 Z16.888562 E0.325082
G1 X152.194332 Y108.763765 Z16.891893 E0.325083
G1 X152.689701 Y109.403605 Z16.895223 E0.325085
G1 X153.168153 Y110.056196 Z16.898553 E0.325086
G1 X153.629361 Y110.721091 Z16.901884 E0.325088
G1 X154.073008 Y111.397834 Z16.905214 E0.325089
G1 X154.49879 Y112.085961 Z16.908544 E0.325091
G1 X154.906414 Y112.785002 Z16.911874 E0.325092
G1 X155.295602 Y113.494476 Z16.915205 E0.325094
G1 X155.666086 Y114.213899 Z16.918535 E0.325095
G1 X156.017613 Y114.942777 Z16.921865 E0.325097
G1 X156.349941 Y115.68061 Z16.925196 E0.325098
G1 X156.662843 Y116.426893 Z16.928526 E0.3251
G1 X156.956103 Y117.181115 Z16.931856 E0.325101
G1 X157.22952 Y117.942758 Z16.935186 E0.325103
G1 X157.482908 Y118.711301 Z16.938517 E0.325104
G1 X157.716092 Y119.486218 Z16.941847 E0.325106
G1 X157.928912 Y120.266976 Z16.945177 E0.325107
G1 X158.121222 Y121.053042 Z16.948507 E0.325109
G1 X158.29289 Y121.843875 Z16.951838 E0.32511
G1 X158.443798 Y122.638936 Z16.955168 E0.325112
G1 X158.573843 Y123.437677 Z16.958498 E0.325113
G1 X158.682935 Y124.239553 Z16.961829 E0.325115
G1 X158.771 Y125.044014 Z16.965159 E0.325116
G1 X158.837976 Y125.850508 Z16.968489 E0.325118
G1 X158.883818 Y126.658482 Z16.971819 E0.325119
G1 X158.908494 Y127.467384 Z16.97515 E0.325121
G1 X158.911988 Y128.276658 Z16.97848 E0.325122
G1 X158.894295 Y129.085749 Z16.98181 E0.325124
G1 X158.855429 Y129.894104 Z16.985141 E0.325125
G1 X158.795416 Y130.701169 Z16.988471 E0.325127
G1 X158.714296 Y131.506389 Z16.991801 E0.325128
G1 X158.612125 Y132.309214 Z16.995131 E0.32513
G1 X158.488966 Y133.109092 Z16.998462 E0.325131
G1 X158.344911 Y133.905475 Z17.001792 E0.325132
G1 X158.180057 Y134.697818 Z17.005122 E0.325134
G1 X157.994519 Y135.485577 Z17.008453 E0.325135
G1 X157.788421 Y136.268213 Z17.011783 E0.325137
G1 X157.561906 Y137.045189 Z17.015113 E0.325138
G1 X157.315122 Y137.815971 Z17.018443 E0.32514
G1 X157.048245 Y138.580032 Z17.021774 E0.325141
G1 X156.761458 Y139.336848 Z17.025104 E0.325142
G1 X156.454956 Y140.0859 Z17.028434 E0.325144
G1 X156.12895 Y140.826676 Z17.031765 E0.325145
G1 X155.783663 Y141.558667 Z17.035095 E0.325146
G1 X155.419326 Y142.281369 Z17.038425 E0.325148
G1 X155.036193 Y142.994288 Z17.041755 E0.325149
G1 X154.634529 Y143.696936 Z17.045086 E0.32515
G1 X154.214607 Y144.388832 Z17.048416 E0.325151
G1 X153.776715 Y145.069502 Z17.051746 E0.325153
G1 X153.321154 Y145.738478 Z17.055076 E0.325154
G1 X152.848231 Y146.395299 Z17.058407 E0.325155
G1 X152.358273 Y147.039517 Z17.061737 E0.325156
G1 X151.851618 Y147.67069 Z17.065067 E0.325158
G1 X151.328612 Y148.288387 Z17.068398 E0.325159
G1 X150.789615 Y148.892184 Z17.071728 E0.32516
G1 X150.234994 Y149.481667 Z17.075058 E0.325161
G1 X149.665127 Y150.056428 Z17.078388 E0.325162
G1 X149.080406 Y150.616075 Z17.081719 E0.325164
G1 X148.481233 Y151.160226 Z17.085049 E0.325165
G1 X147.86802 Y151.688508 Z17.088379 E0.325166
G1 X147.241185 Y152.200559 Z17.09171 E0.325167
G1 X146.60116 Y152.696027 Z17.09504 E0.325168
G1 X145.948379 Y153.17457 Z17.09837 E0.325169
G1 X145.283291 Y153.63586 Z17.1017 E0.32517
G1 X144.606354 Y154.079584 Z17.105031 E0.325171
G1 X143.918031 Y154.505437 Z17.108361 E0.325172
G1 X143.218794 Y154.913127 Z17.111691 E0.325173
G1 X142.509122 Y155.302374 Z17.115022 E0.325175
G1 X141.789501 Y155.67291 Z17.118352 E0.325176
G1 X141.060423 Y156.024479 Z17.121682 E0.325177
G1 X140.322389 Y156.356843 Z17.125012 E0.325178
G1 X139.575906 Y156.669775 Z17.128343 E0.325179
G1 X138.821484 Y156.963059 Z17.131673 E0.32518
G1 X138.059642 Y157.236496 Z17.135003 E0.32518
G1 X137.2909 Y157.489895 Z17.138334 E0.325181
G1 X136.515784 Y157.72308 Z17.141664 E0.325182
G1 X135.734828 Y157.935895 Z17.144994 E0.325183
G1 X134.948567 Y158.128195 Z17.148324 E0.325184
G1 X134.157539 Y158.299848 Z17.151655 E0.325185
G1 X133.362286 Y158.450735 Z17.154985 E0.325186
G1 X132.563354 Y158.580753 Z17.158315 E0.325187
G1 X131.761289 Y158.689806 Z17.161646 E0.325188
G1 X130.956642 Y158.777828 Z17.164976 E0.325189
G1 X130.149965 Y158.844756 Z17.168306 E0.325189
G1 X129.34181 Y158.890544 Z17.171636 E0.32519
G1 X128.532731 Y158.915162 Z17.174967 E0.325191
G1 X127.723283 Y158.918593 Z17.178297 E0.325192
G1 X126.914021 Y158.900833 Z17.181627 E0.325193
G1 X126.105499 Y158.861896 Z17.184957 E0.325194
G1 X125.298271 Y158.801807 Z17.188288 E0.325194
G1 X124.49289 Y158.720607 Z17.191618 E0.325195
G1 X123.689909 Y158.618353 Z17.194948 E0.325196
G1 X122.889878 Y158.495114 Z17.198279 E0.325197
G1 X122.093345 Y158.350974 Z17.201609 E0.325198
G1 X121.300856 Y158.186032 Z17.204939 E0.325199
G1 X120.512954 Y158.000402 Z17.208269 E0.325199
G1 X119.73018 Y157.79421 Z17.2116 E0.3252
G1 X118.953069 Y157.567597 Z17.21493 E0.325201
G1 X118.182155 Y157.320719 Z17.21826 E0.325202
G1 X117.417965 Y157.053744 Z17.221591 E0.325203
G1 X116.661024 Y156.766857 Z17.224921 E0.325204
G1 X115.91185 Y156.460252 Z17.228251 E0.325204
G1 X115.170957 Y156.13414 Z17.231581 E0.325205
G1 X114.438853 Y155.788745 Z17.234912 E0.325206
G1 X113.716039 Y155.424304 Z17.238242 E0.325207
G1 X113.00301 Y155.041065 Z17.241572 E0.325208
G1 X112.300257 Y154.639291 Z17.244903 E0.325209
G1 X111.60826 Y154.219258 Z17.248233 E0.325209
G1 X110.927493 Y153.781254 Z17.251563 E0.32521
G1 X110.258423 Y153.325578 Z17.254893 E0.325211
G1 X109.601509 Y152.852542 Z17.258224 E0.325212
G1 X108.957202 Y152.362472 Z17.261554 E0.325213
G1 X108.325942 Y151.855702 Z17.264884 E0.325214
G1 X107.708162 Y151.33258 Z17.268215 E0.325214
G1 X107.104286 Y150.793465 Z17.271545 E0.325215
G1 X106.514729 Y150.238725 Z17.274875 E0.325216
G1 X105.939893 Y149.668741 Z17.278205 E0.325217
G1 X105.380173 Y149.083903 Z17.281536 E0.325218
G1 X104.835953 Y148.484612 Z17.284866 E0.325219
G1 X104.307605 Y147.87128 Z17.288196 E0.325219
G1 X103.795492 Y147.244325 Z17.291526 E0.32522
G1 X103.299966 Y146.604178 Z17.294857 E0.325221
G1 X102.821365 Y145.951277 Z17.298187 E0.325222
G1 X102.360019 Y145.286069 Z17.301517 E0.325223
G1 X101.916249 Y144.609007 Z17.304848 E0.325223
G1 X101.490352 Y143.92056 Z17.308178 E0.325224
G1 X101.082622 Y143.221198 Z17.311508 E0.325225
G1 X100.693338 Y142.511401 Z17.314838 E0.325226
G1 X100.322767 Y141.791655 Z17.318169 E0.325226
G1 X99.971163 Y141.062454 Z17.321499 E0.325227
G1 X99.638774 Y140.324294 Z17.324829 E0.325228
G1 X99.32582 Y139.577685 Z17.32816 E0.325229
G1 X99.032517 Y138.823137 Z17.33149 E0.325229
G1 X98.759065 Y138.061169 Z17.33482 E0.32523
G1 X98.505653 Y137.292302 Z17.33815 E0.325231
G1 X98.272454 Y136.517064 Z17.341481 E0.325231
G1 X98.059634 Y135.735983 Z17.344811 E0.325232
G1 X97.867334 Y134.949598 Z17.348141 E0.325233
G1 X97.695684 Y134.158447 Z17.351472 E0.325233
G1 X97.544803 Y133.363072 Z17.354802 E0.325234
G1 X97.414793 Y132.564018 Z17.358132 E0.325234
G1 X97.305745 Y131.761834 Z17.361462 E0.325235
;WIDTH:1.200
; LINE_WIDTH: 1.200
;Z:18.161
;HEIGHT:0.800
G1 X97.217739 Y130.957068 Z17.364795 E0.32308
G1 X97.15083 Y130.150272 Z17.368128 E0.32308
G1 X97.105063 Y129.342001 Z17.37146 E0.323081
G1 X97.08047 Y128.532806 Z17.374793 E0.323081
G1 X97.077068 Y127.723244 Z17.378125 E0.323082
G1 X97.094859 Y126.91387 Z17.381458 E0.323082
G1 X97.133836 Y126.105237 Z17.38479 E0.323083
G1 X97.19397 Y125.2979 Z17.388123 E0.323083
G1 X97.275216 Y124.492413 Z17.391456 E0.323084
G1 X97.37752 Y123.689328 Z17.394788 E0.323084
G1 X97.500811 Y122.889195 Z17.398121 E0.323085
G1 X97.645006 Y122.092563 Z17.401453 E0.323085
G1 X97.810009 Y121.299978 Z17.404786 E0.323085
G1 X97.995705 Y120.511983 Z17.408118 E0.323086
G1 X98.201966 Y119.729118 Z17.411451 E0.323086
G1 X98.428649 Y118.951921 Z17.414784 E0.323087
G1 X98.675599 Y118.180922 Z17.418116 E0.323087
G1 X98.942648 Y117.416651 Z17.421449 E0.323087
G1 X99.229615 Y116.659633 Z17.424781 E0.323088
G1 X99.536304 Y115.910387 Z17.428114 E0.323088
G1 X99.862501 Y115.169425 Z17.431446 E0.323088
G1 X100.207982 Y114.437256 Z17.434779 E0.323089
G1 X100.572512 Y113.71438 Z17.438112 E0.323089
G1 X100.955839 Y113.001293 Z17.441444 E0.323089
G1 X101.357705 Y112.298486 Z17.444777 E0.323089
G1 X101.777834 Y111.606441 Z17.448109 E0.32309
G1 X102.215935 Y110.925631 Z17.451442 E0.32309
G1 X102.671708 Y110.256521 Z17.454774 E0.32309
G1 X103.14484 Y109.599572 Z17.458107 E0.32309
G1 X103.635007 Y108.955231 Z17.46144 E0.323091
G1 X104.141876 Y108.323944 Z17.464772 E0.323091
G1 X104.6651 Y107.706144 Z17.468105 E0.323091
G1 X105.204316 Y107.102252 Z17.471437 E0.323091
G1 X105.759157 Y106.512682 Z17.47477 E0.323091
G1 X106.329241 Y105.937838 Z17.478102 E0.323091
G1 X106.914177 Y105.378113 Z17.481435 E0.323092
G1 X107.513565 Y104.833892 Z17.484768 E0.323092
G1 X108.126994 Y104.305547 Z17.4881 E0.323092
G1 X108.754044 Y103.793441 Z17.491433 E0.323092
G1 X109.394284 Y103.297924 Z17.494765 E0.323092
G1 X110.047277 Y102.819336 Z17.498098 E0.323092
G1 X110.712574 Y102.358006 Z17.50143 E0.323092
G1 X111.389719 Y101.914249 Z17.504763 E0.323093
G1 X112.078249 Y101.488369 Z17.508095 E0.323093
G1 X112.777692 Y101.080658 Z17.511428 E0.323093
G1 X113.487567 Y100.691397 Z17.514761 E0.323093
G1 X114.20739 Y100.320851 Z17.518093 E0.323093
G1 X114.936666 Y99.969274 Z17.521426 E0.323093
G1 X115.674896 Y99.636909 Z17.524758 E0.323093
G1 X116.421573 Y99.323981 Z17.528091 E0.323094
G1 X117.176186 Y99.030706 Z17.531423 E0.323094
G1 X117.938218 Y98.757286 Z17.534756 E0.323094
G1 X118.707147 Y98.503906 Z17.538089 E0.323094
G1 X119.482445 Y98.270741 Z17.541421 E0.323094
G1 X120.263582 Y98.057951 Z17.544754 E0.323094
G1 X121.050021 Y97.865682 Z17.548086 E0.323095
G1 X121.841224 Y97.694065 Z17.551419 E0.323095
G1 X122.636649 Y97.543218 Z17.554751 E0.323095
G1 X123.435751 Y97.413245 Z17.558084 E0.323095
G1 X124.237981 Y97.304234 Z17.561417 E0.323095
G1 X125.04279 Y97.21626 Z17.564749 E0.323095
G1 X125.849627 Y97.149384 Z17.568082 E0.323095
G1 X126.657938 Y97.103651 Z17.571414 E0.323096
G1 X127.46717 Y97.079093 Z17.574747 E0.323096
G1 X128.276768 Y97.075727 Z17.578079 E0.323096
G1 X129.086176 Y97.093555 Z17.581412 E0.323096
G1 X129.894841 Y97.132564 Z17.584745 E0.323096
G1 X130.702209 Y97.192729 Z17.588077 E0.323096
G1 X131.507725 Y97.274007 Z17.59141 E0.323096
G1 X132.310837 Y97.376343 Z17.594742 E0.323097
G1 X133.110996 Y97.499668 Z17.598075 E0.323097
G1 X133.907653 Y97.643896 Z17.601407 E0.323097
G1 X134.700262 Y97.808928 Z17.60474 E0.323097
G1 X135.48828 Y97.994653 Z17.608073 E0.323097
G1 X136.271166 Y98.200941 Z17.611405 E0.323097
G1 X137.048384 Y98.427653 Z17.614738 E0.323098
G1 X137.819402 Y98.674632 Z17.61807 E0.323098
G1 X138.58369 Y98.94171 Z17.621403 E0.323098
G1 X139.340726 Y99.228703 Z17.624735 E0.323098
G1 X140.08999 Y99.535416 Z17.628068 E0.323098
G1 X140.830966 Y99.861643 Z17.631401 E0.323098
G1 X141.563148 Y100.207154 Z17.634733 E0.323098
G1 X142.286036 Y100.571714 Z17.638066 E0.323098
G1 X142.999133 Y100.955071 Z17.641398 E0.323098
G1 X143.70195 Y101.356964 Z17.644731 E0.323099
G1 X144.394006 Y101.777118 Z17.648063 E0.323099
G1 X145.074823 Y102.215249 Z17.651396 E0.323099
G1 X145.743938 Y102.671051 Z17.654729 E0.323099
G1 X146.400893 Y103.144213 Z17.658061 E0.323099
G1 X147.045236 Y103.634409 Z17.661394 E0.323099
G1 X147.676527 Y104.141305 Z17.664726 E0.323099
G1 X148.294332 Y104.664552 Z17.668059 E0.323099
G1 X148.898223 Y105.203797 Z17.671391 E0.323099
G1 X149.487792 Y105.758666 Z17.674724 E0.323099
G1 X150.062634 Y106.328777 Z17.678057 E0.323098
G1 X150.622356 Y106.91374 Z17.681389 E0.323098
G1 X151.166572 Y107.513155 Z17.684722 E0.323098
G1 X151.694911 Y108.12661 Z17.688054 E0.323098
G1 X152.207006 Y108.753689 Z17.691387 E0.323098
G1 X152.70251 Y109.393958 Z17.694719 E0.323098
G1 X153.181083 Y110.046978 Z17.698052 E0.323098
G1 X153.642398 Y110.712302 Z17.701385 E0.323098
G1 X154.086138 Y111.389473 Z17.704717 E0.323098
G1 X154.512 Y112.078028 Z17.70805 E0.323097
G1 X154.919687 Y112.777496 Z17.711382 E0.323097
G1 X155.308922 Y113.487398 Z17.714715 E0.323097
G1 X155.679441 Y114.207245 Z17.718047 E0.323097
G1 X156.030989 Y114.936543 Z17.72138 E0.323097
G1 X156.363326 Y115.674794 Z17.724713 E0.323096
G1 X156.676223 Y116.42149 Z17.728045 E0.323096
G1 X156.969463 Y117.176123 Z17.731378 E0.323096
G1 X157.242845 Y117.938173 Z17.73471 E0.323096
G1 X157.496186 Y118.707118 Z17.738043 E0.323095
G1 X157.72931 Y119.482431 Z17.741375 E0.323095
G1 X157.94206 Y120.263579 Z17.744708 E0.323095
G1 X158.134288 Y121.050028 Z17.748041 E0.323094
G1 X158.30586 Y121.84124 Z17.751373 E0.323094
G1 X158.456658 Y122.636671 Z17.754706 E0.323094
G1 X158.586582 Y123.435776 Z17.758038 E0.323093
G1 X158.695543 Y124.238008 Z17.761371 E0.323093
G1 X158.783467 Y125.042816 Z17.764703 E0.323093
G1 X158.850294 Y125.849649 Z17.768036 E0.323092
G1 X158.895974 Y126.657954 Z17.771369 E0.323092
G1 X158.920475 Y127.467177 Z17.774701 E0.323092
G1 X158.923785 Y128.276763 Z17.778034 E0.323091
G1 X158.905901 Y129.086157 Z17.781366 E0.323091
G1 X158.866836 Y129.894805 Z17.784699 E0.32309
G1 X158.806617 Y130.702151 Z17.788031 E0.32309
G1 X158.725282 Y131.507643 Z17.791364 E0.323089
G1 X158.622885 Y132.310729 Z17.794697 E0.323089
G1 X158.499502 Y133.110857 Z17.798029 E0.323088
G1 X158.355215 Y133.90748 Z17.801362 E0.323088
G1 X158.190126 Y134.700052 Z17.804694 E0.323087
G1 X158.004346 Y135.48803 Z17.808027 E0.323087
G1 X157.798003 Y136.270873 Z17.811359 E0.323086
G1 X157.571239 Y137.048045 Z17.814692 E0.323086
G1 X157.324209 Y137.819014 Z17.818025 E0.323085
G1 X157.057082 Y138.58325 Z17.821357 E0.323085
G1 X156.770042 Y139.340232 Z17.82469 E0.323084
G1 X156.463285 Y140.089438 Z17.828022 E0.323084
G1 X156.137022 Y140.830357 Z17.831355 E0.323083
G1 X155.791477 Y141.56248 Z17.834687 E0.323083
G1 X155.426886 Y142.285306 Z17.83802 E0.323082
G1 X155.043498 Y142.998339 Z17.841353 E0.323082
G1 X154.641578 Y143.701091 Z17.844685 E0.323081
G1 X154.221401 Y144.39308 Z17.848018 E0.323081
G1 X153.783253 Y145.073832 Z17.85135 E0.32308
G1 X153.327437 Y145.742879 Z17.854683 E0.32308
G1 X152.854264 Y146.399765 Z17.858015 E0.323079
G1 X152.364059 Y147.044039 Z17.861348 E0.323079
G1 X151.857157 Y147.675258 Z17.864681 E0.323078
G1 X151.333907 Y148.292991 Z17.868013 E0.323078
G1 X150.794666 Y148.896815 Z17.871346 E0.323077
G1 X150.239805 Y149.486315 Z17.874678 E0.323077
G1 X149.669703 Y150.061087 Z17.878011 E0.323076
G1 X149.084752 Y150.620738 Z17.881343 E0.323075
G1 X148.485352 Y151.164884 Z17.884676 E0.323075
G1 X147.871915 Y151.693152 Z17.888009 E0.323074
G1 X147.24486 Y152.205181 Z17.891341 E0.323074
G1 X146.604618 Y152.700619 Z17.894674 E0.323073
G1 X145.951628 Y153.179127 Z17.898006 E0.323073
G1 X145.286336 Y153.640377 Z17.901339 E0.323072
G1 X144.609199 Y154.084053 Z17.904671 E0.323072
G1 X143.920681 Y154.50985 Z17.908004 E0.323071
G1 X143.221255 Y154.917478 Z17.911337 E0.323071
G1 X142.511398 Y155.306657 Z17.914669 E0.32307
G1 X141.791599 Y155.67712 Z17.918002 E0.32307
G1 X141.062349 Y156.028613 Z17.921334 E0.323069
G1 X140.32415 Y156.360896 Z17.924667 E0.323069
G1 X139.577507 Y156.67374 Z17.927999 E0.323068
G1 X138.822931 Y156.966932 Z17.931332 E0.323068
G1 X138.06094 Y157.240268 Z17.934665 E0.323067
G1 X137.292054 Y157.493559 Z17.937997 E0.323067
G1 X136.516803 Y157.726636 Z17.94133 E0.323066
G1 X135.735718 Y157.939339 Z17.944662 E0.323066
G1 X134.949334 Y158.131522 Z17.947995 E0.323065
G1 X134.15819 Y158.303054 Z17.951327 E0.323064
G1 X133.362828 Y158.453815 Z17.95466 E0.323064
G1 X132.563793 Y158.583699 Z17.957993 E0.323063
G1 X131.761634 Y158.692621 Z17.961325 E0.323062
G1 X130.9569 Y158.780509 Z17.964658 E0.323062
G1 X130.150142 Y158.8473 Z17.96799 E0.323061
G1 X129.341914 Y158.892951 Z17.971323 E0.32306
G1 X128.53277 Y158.917427 Z17.974655 E0.32306
G1 X127.723264 Y158.920708 Z17.977988 E0.323059
G1 X126.913952 Y158.902797 Z17.98132 E0.323058
G1 X126.105387 Y158.863708 Z17.984653 E0.323058
G1 X125.298125 Y158.803466 Z17.987986 E0.323057
G1 X124.492718 Y158.722113 Z17.991318 E0.323056
G1 X123.689719 Y158.619705 Z17.994651 E0.323055
G1 X122.889678 Y158.496306 Z17.997983 E0.323055
G1 X122.093144 Y158.352006 Z18.001316 E0.323054
G1 X121.300662 Y158.186906 Z18.004648 E0.323053
G1 X120.512776 Y158.001118 Z18.007981 E0.323052
G1 X119.730025 Y157.79477 Z18.011314 E0.323051
G1 X118.952945 Y157.568003 Z18.014646 E0.323051
G1 X118.182072 Y157.320966 Z18.017979 E0.32305
G1 X117.417932 Y157.053835 Z18.021311 E0.323049
G1 X116.661049 Y156.766794 Z18.024644 E0.323048
G1 X115.911941 Y156.460039 Z18.027976 E0.323047
G1 X115.171121 Y156.13378 Z18.031309 E0.323046
G1 X114.439098 Y155.788242 Z18.034642 E0.323045
G1 X113.716376 Y155.423656 Z18.037974 E0.323044
G1 X113.003448 Y155.040277 Z18.041307 E0.323043
G1 X112.300801 Y154.638367 Z18.044639 E0.323042
G1 X111.608919 Y154.218204 Z18.047972 E0.323041
G1 X110.928274 Y153.780074 Z18.051304 E0.32304
G1 X110.259333 Y153.324278 Z18.054637 E0.32304
G1 X109.602558 Y152.851126 Z18.05797 E0.323039
G1 X108.958397 Y152.360943 Z18.061302 E0.323038
G1 X108.32729 Y151.854067 Z18.064635 E0.323036
G1 X107.70967 Y151.330846 Z18.067967 E0.323035
G1 X107.10596 Y150.791639 Z18.0713 E0.323034
G1 X106.516573 Y150.236816 Z18.074632 E0.323033
G1 X105.941917 Y149.666752 Z18.077965 E0.323032
G1 X105.382384 Y149.081842 Z18.081298 E0.323031
G1 X104.838356 Y148.482487 Z18.08463 E0.32303
G1 X104.310206 Y147.869098 Z18.087963 E0.323029
G1 X103.798295 Y147.242097 Z18.091295 E0.323028
G1 X103.302974 Y146.601912 Z18.094628 E0.323027
G1 X102.824585 Y145.948981 Z18.09796 E0.323026
G1 X102.363457 Y145.283752 Z18.101293 E0.323024
G1 X101.919902 Y144.606681 Z18.104626 E0.323023
G1 X101.494224 Y143.918235 Z18.107958 E0.323022
G1 X101.086715 Y143.218884 Z18.111291 E0.323021
G1 X100.697654 Y142.509107 Z18.114623 E0.32302
G1 X100.327308 Y141.789393 Z18.117956 E0.323019
G1 X99.975929 Y141.060233 Z18.121288 E0.323017
G1 X99.64376 Y140.322127 Z18.124621 E0.323016
G1 X99.331026 Y139.575582 Z18.127954 E0.323015
G1 X99.037944 Y138.82111 Z18.131286 E0.323014
G1 X98.764712 Y138.059226 Z18.134619 E0.323013
G1 X98.511519 Y137.290454 Z18.137951 E0.323011
G1 X98.278537 Y136.515321 Z18.141284 E0.32301
G1 X98.065927 Y135.734357 Z18.144616 E0.323009
G1 X97.873834 Y134.948099 Z18.147949 E0.323008
G1 X97.702389 Y134.157084 Z18.151282 E0.323007
G1 X97.551709 Y133.361856 Z18.154614 E0.323005
G1 X97.421899 Y132.562958 Z18.157947 E0.323004
G1 X97.313046 Y131.760939 Z18.161279 E0.323003
;WIDTH:1.200
; LINE_WIDTH: 1.200
;Z:18.960
;HEIGHT:0.799
G1 X97.225224 Y130.956349 Z18.164607 E0.323002
G1 X97.158495 Y130.149738 Z18.167934 E0.323001
G1 X97.112904 Y129.34166 Z18.171261 E0.322999
G1 X97.088481 Y128.532668 Z18.174588 E0.322998
G1 X97.085243 Y127.723318 Z18.177915 E0.322997
G1 X97.103193 Y126.914162 Z18.181243 E0.322996
G1 X97.142318 Y126.105757 Z18.18457 E0.322995
G1 X97.202591 Y125.298656 Z18.187897 E0.322994
G1 X97.28397 Y124.493413 Z18.191224 E0.322992
G1 X97.3864 Y123.690578 Z18.194552 E0.322991
G1 X97.50981 Y122.890703 Z18.197879 E0.32299
G1 X97.654116 Y122.094336 Z18.201206 E0.322989
G1 X97.819217 Y121.302021 Z18.204533 E0.322988
G1 X98.005002 Y120.514303 Z18.207861 E0.322986
G1 X98.211343 Y119.731721 Z18.211188 E0.322985
G1 X98.438098 Y118.954812 Z18.214515 E0.322984
G1 X98.685111 Y118.184107 Z18.217842 E0.322983
G1 X98.952213 Y117.420135 Z18.221169 E0.322982
G1 X99.239221 Y116.66342 Z18.224497 E0.322981
G1 X99.545939 Y115.91448 Z18.227824 E0.322979
G1 X99.872155 Y115.173828 Z18.231151 E0.322978
G1 X100.217645 Y114.441971 Z18.234478 E0.322977
G1 X100.582174 Y113.719413 Z18.237806 E0.322976
G1 X100.965495 Y113.006648 Z18.241133 E0.322975
G1 X101.367343 Y112.304167 Z18.24446 E0.322973
G1 X101.787441 Y111.612447 Z18.247787 E0.322972
G1 X102.2255 Y110.931965 Z18.251115 E0.322971
G1 X102.68122 Y110.263185 Z18.254442 E0.32297
G1 X103.154289 Y109.606567 Z18.257769 E0.322968
G1 X103.644385 Y108.962561 Z18.261096 E0.322967
G1 X104.151171 Y108.33161 Z18.264423 E0.322966
G1 X104.674299 Y107.714145 Z18.267751 E0.322964
G1 X105.213408 Y107.110587 Z18.271078 E0.322963
G1 X105.768129 Y106.521351 Z18.274405 E0.322962
G1 X106.338083 Y105.94684 Z18.277732 E0.32296
G1 X106.922879 Y105.387449 Z18.28106 E0.322959
G1 X107.522119 Y104.843564 Z18.284387 E0.322958
G1 X108.135388 Y104.315555 Z18.287714 E0.322956
G1 X108.762265 Y103.803781 Z18.291041 E0.322955
G1 X109.402322 Y103.308596 Z18.294368 E0.322953
G1 X110.055119 Y102.830336 Z18.297696 E0.322952
G1 X110.72021 Y102.369332 Z18.301023 E0.322951
G1 X111.39714 Y101.925903 Z18.30435 E0.322949
G1 X112.085443 Y101.500348 Z18.307677 E0.322948
G1 X112.784647 Y101.092958 Z18.311005 E0.322946
G1 X113.494272 Y100.704013 Z18.314332 E0.322945
G1 X114.213832 Y100.333778 Z18.317659 E0.322943
G1 X114.942833 Y99.982508 Z18.320986 E0.322942
G1 X115.68078 Y99.650449 Z18.324314 E0.32294
G1 X116.427162 Y99.337823 Z18.327641 E0.322939
G1 X117.181468 Y99.044843 Z18.330968 E0.322937
G1 X117.943182 Y98.771711 Z18.334295 E0.322935
G1 X118.71178 Y98.518613 Z18.337622 E0.322934
G1 X119.486737 Y98.285722 Z18.34095 E0.322932
G1 X120.267523 Y98.073204 Z18.344277 E0.322931
G1 X121.0536 Y97.881199 Z18.347604 E0.322929
G1 X121.84443 Y97.709838 Z18.350931 E0.322927
G1 X122.63947 Y97.559238 Z18.354259 E0.322926
G1 X123.438177 Y97.429502 Z18.357586 E0.322924
G1 X124.240001 Y97.320719 Z18.360913 E0.322923
G1 X125.044395 Y97.232968 Z18.36424 E0.322921
G1 X125.850806 Y97.166306 Z18.367568 E0.322919
G1 X126.658682 Y97.120777 Z18.370895 E0.322917
G1 X127.467468 Y97.096411 Z18.374222 E0.322916
G1 X128.276611 Y97.093224 Z18.377549 E0.322914
G1 X129.085555 Y97.11122 Z18.380876 E0.322912
G1 X129.893747 Y97.15039 Z18.384204 E0.322911
G1 X130.700632 Y97.210704 Z18.387531 E0.322909
G1 X131.505657 Y97.292119 Z18.390858 E0.322907
G1 X132.30827 Y97.394579 Z18.394185 E0.322905
G1 X133.107922 Y97.518013 Z18.397513 E0.322903
G1 X133.904065 Y97.662336 Z18.40084 E0.322902
G1 X134.696151 Y97.827453 Z18.404167 E0.3229
G1 X135.483638 Y98.01325 Z18.407494 E0.322898
G1 X136.265988 Y98.219597 Z18.410822 E0.322896
G1 X137.042663 Y98.446351 Z18.414149 E0.322894
G1 X137.813132 Y98.693356 Z18.417476 E0.322892
G1 X138.576867 Y98.960445 Z18.420803 E0.322891
G1 X139.333344 Y99.247432 Z18.42413 E0.322889
G1 X140.082045 Y99.554121 Z18.427458 E0.322887
G1 X140.822457 Y99.880302 Z18.430785 E0.322885
G1 X141.554073 Y100.225751 Z18.434112 E0.322883
G1 X142.276391 Y100.590231 Z18.437439 E0.322881
G1 X142.988916 Y100.973492 Z18.440767 E0.322879
G1 X143.691161 Y101.375271 Z18.444094 E0.322877
G1 X144.382644 Y101.795293 Z18.447421 E0.322876
G1 X145.06289 Y102.233269 Z18.450748 E0.322874
G1 X145.731435 Y102.688899 Z18.454076 E0.322872
G1 X146.387821 Y103.161871 Z18.457403 E0.32287
G1 X147.031596 Y103.65186 Z18.46073 E0.322868
G1 X147.662321 Y104.15853 Z18.464057 E0.322866
G1 X148.279563 Y104.681534 Z18.467384 E0.322864
G1 X148.882899 Y105.220513 Z18.470712 E0.322863
G1 X149.471917 Y105.775098 Z18.474039 E0.322861
G1 X150.046212 Y106.344908 Z18.477366 E0.322859
G1 X150.605391 Y106.929553 Z18.480693 E0.322857
G1 X151.149071 Y107.528632 Z18.484021 E0.322855
G1 X151.67688 Y108.141733 Z18.487348 E0.322853
G1 X152.188455 Y108.768438 Z18.490675 E0.322851
G1 X152.683448 Y109.408315 Z18.494002 E0.32285
G1 X153.161518 Y110.060927 Z18.49733 E0.322848
G1 X153.622338 Y110.725826 Z18.500657 E0.322846
G1 X154.065592 Y111.402556 Z18.503984 E0.322844
G1 X154.490978 Y112.090653 Z18.507311 E0.322842
G1 X154.898203 Y112.789645 Z18.510638 E0.32284
G1 X155.286989 Y113.499054 Z18.513966 E0.322838
G1 X155.657069 Y114.218393 Z18.517293 E0.322836
G1 X156.00819 Y114.947168 Z18.52062 E0.322835
G1 X156.340112 Y115.684881 Z18.523947 E0.322833
G1 X156.652608 Y116.431026 Z18.527275 E0.322831
G1 X156.945463 Y117.18509 Z18.530602 E0.322829
G1 X157.218476 Y117.946558 Z18.533929 E0.322827
G1 X157.471462 Y118.714907 Z18.537256 E0.322825
G1 X157.704247 Y119.489611 Z18.540583 E0.322823
G1 X157.916671 Y120.270139 Z18.543911 E0.322822
G1 X158.108587 Y121.055956 Z18.547238 E0.32282
G1 X158.279863 Y121.846523 Z18.550565 E0.322818
G1 X158.430385 Y122.641298 Z18.553892 E0.322816
G1 X158.56005 Y123.439736 Z18.55722 E0.322814
G1 X158.668769 Y124.24129 Z18.560547 E0.322812
G1 X158.756468 Y125.04541 Z18.563874 E0.32281
G1 X158.823085 Y125.851546 Z18.567201 E0.322808
G1 X158.868573 Y126.659145 Z18.570529 E0.322806
G1 X158.892905 Y127.467652 Z18.573856 E0.322804
G1 X158.896065 Y128.276515 Z18.577183 E0.322802
G1 X158.87805 Y129.085178 Z18.58051 E0.3228
G1 X158.838873 Y129.893088 Z18.583837 E0.322798
G1 X158.77856 Y130.69969 Z18.587165 E0.322796
G1 X158.697149 Y131.504432 Z18.590492 E0.322794
G1 X158.594702 Y132.306761 Z18.593819 E0.322792
G1 X158.471287 Y133.106129 Z18.597146 E0.32279
G1 X158.326991 Y133.901988 Z18.600474 E0.322788
G1 X158.161913 Y134.693791 Z18.603801 E0.322786
G1 X157.976164 Y135.480996 Z18.607128 E0.322784
G1 X157.769869 Y136.263064 Z18.610455 E0.322782
G1 X157.543174 Y137.039458 Z18.613783 E0.32278
G1 X157.296235 Y137.809647 Z18.61711 E0.322778
G1 X157.02922 Y138.573103 Z18.620437 E0.322776
G1 X156.742315 Y139.329302 Z18.623764 E0.322774
G1 X156.435714 Y140.077728 Z18.627091 E0.322772
G1 X156.109624 Y140.817864 Z18.630419 E0.322769
G1 X155.764274 Y141.549205 Z18.633746 E0.322767
G1 X155.3999 Y142.271251 Z18.637073 E0.322765
G1 X155.016753 Y142.983506 Z18.6404 E0.322763
G1 X154.615095 Y143.685483 Z18.643728 E0.322761
G1 X154.195202 Y144.376701 Z18.647055 E0.322759
G1 X153.757357 Y145.056683 Z18.650382 E0.322756
G1 X153.301866 Y145.724966 Z18.653709 E0.322754
G1 X152.82904 Y146.381092 Z18.657037 E0.322752
G1 X152.339204 Y147.024611 Z18.660364 E0.32275
G1 X151.832694 Y147.655083 Z18.663691 E0.322748
G1 X151.309857 Y148.272076 Z18.667018 E0.322745
G1 X150.771049 Y148.875164 Z18.670345 E0.322743
G1 X150.216642 Y149.463937 Z18.673673 E0.322741
G1 X149.647016 Y150.037991 Z18.677 E0.322739
G1 X149.062563 Y150.596933 Z18.680327 E0.322736
G1 X148.463683 Y151.14038 Z18.683654 E0.322734
G1 X147.850786 Y151.667961 Z18.686982 E0.322732
G1 X147.224292 Y152.179311 Z18.690309 E0.32273
G1 X146.584629 Y152.674081 Z18.693636 E0.322727
G1 X145.93224 Y153.151933 Z18.696963 E0.322725
G1 X145.267569 Y153.612541 Z18.700291 E0.322723
G1 X144.591074 Y154.055588 Z18.703618 E0.32272
G1 X143.903219 Y154.480772 Z18.706945 E0.322718
G1 X143.204472 Y154.8878 Z18.710272 E0.322716
G1 X142.495314 Y155.276391 Z18.713599 E0.322713
G1 X141.776233 Y155.646283 Z18.716927 E0.322711
G1 X141.04772 Y155.997222 Z18.720254 E0.322708
G1 X140.310276 Y156.328968 Z18.723581 E0.322706
G1 X139.564406 Y156.641294 Z18.726908 E0.322704
G1 X138.810622 Y156.933987 Z18.730236 E0.322701
G1 X138.04944 Y157.206845 Z18.733563 E0.322699
G1 X137.281381 Y157.459683 Z18.73689 E0.322697
G1 X136.506973 Y157.692326 Z18.740217 E0.322694
G1 X135.726747 Y157.904617 Z18.743545 E0.322692
G1 X134.941236 Y158.09641 Z18.746872 E0.322689
G1 X134.15098 Y158.267573 Z18.750199 E0.322687
G1 X133.35652 Y158.41799 Z18.753526 E0.322685
G1 X132.5584 Y158.547559 Z18.756853 E0.322682
G1 X131.757169 Y158.656189 Z18.760181 E0.32268
G1 X130.953374 Y158.743808 Z18.763508 E0.322677
G1 X130.147567 Y158.810356 Z18.766835 E0.322675
G1 X129.3403 Y158.855786 Z18.770162 E0.322673
G1 X128.532126 Y158.88007 Z18.77349 E0.32267
G1 X127.7236 Y158.883189 Z18.776817 E0.322668
G1 X126.915275 Y158.865143 Z18.780144 E0.322666
G1 X126.107706 Y158.825943 Z18.783471 E0.322663
G1 X125.301445 Y158.765618 Z18.786799 E0.322661
G1 X124.497046 Y158.684209 Z18.790126 E0.322658
G1 X123.695059 Y158.581772 Z18.793453 E0.322656
G1 X122.896034 Y158.458377 Z18.79678 E0.322654
G1 X122.10052 Y158.314109 Z18.800107 E0.322651
G1 X121.30906 Y158.149068 Z18.803435 E0.322649
G1 X120.522197 Y157.963367 Z18.806762 E0.322646
G1 X119.740471 Y157.757133 Z18.810089 E0.322644
G1 X118.964417 Y157.530508 Z18.813416 E0.322642
G1 X118.194568 Y157.283649 Z18.816744 E0.322639
G1 X117.431449 Y157.016723 Z18.820071 E0.322637
G1 X116.675585 Y156.729915 Z18.823398 E0.322635
G1 X115.927493 Y156.423421 Z18.826725 E0.322632
G1 X115.187687 Y156.097452 Z18.830052 E0.32263
G1 X114.456672 Y155.752232 Z18.83338 E0.322627
G1 X113.734949 Y155.387996 Z18.836707 E0.322625
G1 X113.023014 Y155.004996 Z18.840034 E0.322623
G1 X112.321354 Y154.603494 Z18.843361 E0.32262
G1 X111.630449 Y154.183765 Z18.846689 E0.322618
G1 X110.950774 Y153.746097 Z18.850016 E0.322615
G1 X110.282793 Y153.290791 Z18.853343 E0.322613
G1 X109.626964 Y152.818158 Z18.85667 E0.322611
G1 X108.983737 Y152.328524 Z18.859998 E0.322608
G1 X108.353552 Y151.822223 Z18.863325 E0.322606
G1 X107.736841 Y151.299604 Z18.866652 E0.322604
G1 X107.134026 Y150.761024 Z18.869979 E0.322601
G1 X106.545524 Y150.20685 Z18.873306 E0.322599
G1 X105.971738 Y149.637461 Z18.876634 E0.322596
G1 X105.413057 Y149.053252 Z18.879961 E0.322594
G1 X104.869865 Y148.454623 Z18.883288 E0.322591
G1 X104.342533 Y147.841985 Z18.886615 E0.322589
G1 X103.831423 Y147.215758 Z18.889943 E0.322586
G1 X103.336887 Y146.576369 Z18.89327 E0.322584
G1 X102.859266 Y145.924255 Z18.896597 E0.322581
G1 X102.398883 Y145.259868 Z18.899924 E0.322579
G1 X101.956052 Y144.583662 Z18.903252 E0.322576
G1 X101.531078 Y143.896101 Z18.906579 E0.322574
G1 X101.124251 Y143.197658 Z18.909906 E0.322571
G1 X100.735852 Y142.488808 Z18.913233 E0.322568
G1 X100.36615 Y141.770037 Z18.91656 E0.322566
G1 X100.015393 Y141.041841 Z18.919888 E0.322563
G1 X99.683821 Y140.304719 Z18.923215 E0.322561
G1 X99.371661 Y139.559176 Z18.926542 E0.322558
G1 X99.079126 Y138.805723 Z18.929869 E0.322555
G1 X98.806417 Y138.044876 Z18.933197 E0.322553
G1 X98.553729 Y137.277156 Z18.936524 E0.32255
G1 X98.321225 Y136.503091 Z18.939851 E0.322547
G1 X98.109066 Y135.723211 Z18.943178 E0.322544
G1 X97.917396 Y134.938052 Z18.946506 E0.322542
G1 X97.746346 Y134.148151 Z18.949833 E0.322539
G1 X97.596034 Y133.35405 Z18.95316 E0.322536
G1 X97.466569 Y132.556292 Z18.956487 E0.322533
G1 X97.358033 Y131.755426 Z18.959814 E0.32253
;WIDTH:1.200
; LINE_WIDTH: 1.200
;Z:19.755
;HEIGHT:0.795
G1 X97.270498 Y130.952 Z18.963129 E0.322528
G1 X97.204026 Y130.146564 Z18.966443 E0.322525
G1 X97.15866 Y129.339672 Z18.969757 E0.322522
G1 X97.134432 Y128.531877 Z18.973071 E0.322519
G1 X97.131364 Y127.72373 Z18.976386 E0.322516
G1 X97.149455 Y126.915788 Z18.9797 E0.322513
G1 X97.188688 Y126.108604 Z18.983014 E0.32251
G1 X97.249037 Y125.30273 Z18.986329 E0.322507
G1 X97.33046 Y124.49872 Z18.989643 E0.322504
G1 X97.4329 Y123.697124 Z18.992957 E0.322501
G1 X97.556293 Y122.898493 Z18.996271 E0.322498
G1 X97.700552 Y122.103373 Z18.999586 E0.322495
G1 X97.865573 Y121.312309 Z19.0029 E0.322492
G1 X98.051244 Y120.525844 Z19.006214 E0.322489
G1 X98.257437 Y119.744515 Z19.009528 E0.322486
G1 X98.484009 Y118.968859 Z19.012843 E0.322483
G1 X98.73081 Y118.199409 Z19.016157 E0.32248
G1 X98.99767 Y117.436691 Z19.019471 E0.322477
G1 X99.284401 Y116.681228 Z19.022785 E0.322474
G1 X99.590807 Y115.933537 Z19.0261 E0.322471
G1 X99.916677 Y115.19413 Z19.029414 E0.322468
G1 X100.261787 Y114.463513 Z19.032728 E0.322465
G1 X100.625904 Y113.742189 Z19.036042 E0.322462
G1 X101.008779 Y113.030654 Z19.039357 E0.322458
G1 X101.410145 Y112.329392 Z19.042671 E0.322455
G1 X101.829726 Y111.638883 Z19.045985 E0.322452
G1 X102.267235 Y110.959602 Z19.049299 E0.322449
G1 X102.72237 Y110.292012 Z19.052614 E0.322446
G1 X103.19482 Y109.636572 Z19.055928 E0.322442
G1 X103.684261 Y108.99373 Z19.059242 E0.322439
G1 X104.190357 Y108.363927 Z19.062557 E0.322436
G1 X104.71276 Y107.747594 Z19.065871 E0.322433
G1 X105.251113 Y107.145153 Z19.069185 E0.32243
G1 X105.805046 Y106.557017 Z19.072499 E0.322426
G1 X106.374179 Y105.983588 Z19.075814 E0.322423
G1 X106.958122 Y105.425259 Z19.079128 E0.32242
G1 X107.556474 Y104.882413 Z19.082442 E0.322417
G1 X108.168825 Y104.355422 Z19.085756 E0.322413
G1 X108.794755 Y103.844645 Z19.089071 E0.32241
G1 X109.433835 Y103.350433 Z19.092385 E0.322407
G1 X110.085626 Y102.873125 Z19.095699 E0.322404
G1 X110.749681 Y102.413047 Z19.099013 E0.322401
G1 X111.425546 Y101.970514 Z19.102328 E0.322397
G1 X112.112757 Y101.545828 Z19.105642 E0.322394
G1 X112.810842 Y101.139281 Z19.108956 E0.322391
G1 X113.519323 Y100.751152 Z19.11227 E0.322388
G1 X114.237714 Y100.381705 Z19.115585 E0.322385
G1 X114.965522 Y100.031193 Z19.118899 E0.322381
G1 X115.702249 Y99.699856 Z19.122213 E0.322378
G1 X116.44739 Y99.387921 Z19.125527 E0.322375
G1 X117.200433 Y99.095602 Z19.128842 E0.322372
G1 X117.960863 Y98.823098 Z19.132156 E0.322368
G1 X118.728158 Y98.570596 Z19.13547 E0.322365
G1 X119.501792 Y98.338267 Z19.138784 E0.322362
G1 X120.281235 Y98.126272 Z19.142099 E0.322359
G1 X121.065952 Y97.934755 Z19.145413 E0.322356
G1 X121.855405 Y97.763847 Z19.148727 E0.322352
G1 X122.649055 Y97.613664 Z19.152042 E0.322349
G1 X123.446355 Y97.48431 Z19.155356 E0.322346
G1 X124.246761 Y97.375871 Z19.15867 E0.322343
G1 X125.049722 Y97.288423 Z19.161984 E0.32234
G1 X125.85469 Y97.222025 Z19.165299 E0.322336
G1 X126.661112 Y97.176721 Z19.168613 E0.322333
G1 X127.468436 Y97.152543 Z19.171927 E0.32233
G1 X128.276107 Y97.149506 Z19.175241 E0.322327
G1 X129.083574 Y97.167614 Z19.178556 E0.322323
G1 X129.890281 Y97.206856 Z19.18187 E0.32232
G1 X130.695676 Y97.267201 Z19.185184 E0.322317
G1 X131.499208 Y97.348607 Z19.188498 E0.322314
G1 X132.300325 Y97.451018 Z19.191813 E0.32231
G1 X133.098479 Y97.574364 Z19.195127 E0.322307
G1 X133.893123 Y97.718559 Z19.198441 E0.322304
G1 X134.683711 Y97.883509 Z19.201755 E0.322301
G1 X135.469701 Y98.069096 Z19.20507 E0.322297
G1 X136.250557 Y98.275192 Z19.208384 E0.322294
G1 X137.025741 Y98.501655 Z19.211698 E0.322291
G1 X137.794725 Y98.74833 Z19.215012 E0.322287
G1 X138.556979 Y99.015047 Z19.218327 E0.322284
G1 X139.311982 Y99.301628 Z19.221641 E0.322281
G1 X140.059215 Y99.607871 Z19.224955 E0.322277
G1 X140.798169 Y99.933567 Z19.22827 E0.322274
G1 X141.528336 Y100.27849 Z19.231584 E0.322271
G1 X142.249216 Y100.642405 Z19.234898 E0.322267
G1 X142.960316 Y101.025062 Z19.238212 E0.322264
G1 X143.661146 Y101.426201 Z19.241527 E0.322261
G1 X144.351227 Y101.845545 Z19.244841 E0.322257
G1 X145.030088 Y102.282804 Z19.248155 E0.322254
G1 X145.697262 Y102.73768 Z19.251469 E0.32225
G1 X146.352294 Y103.209859 Z19.254784 E0.322247
G1 X146.994735 Y103.699018 Z19.258098 E0.322244
G1 X147.624142 Y104.204823 Z19.261412 E0.32224
G1 X148.240086 Y104.726927 Z19.264726 E0.322237
G1 X148.842144 Y105.26497 Z19.268041 E0.322233
G1 X149.429906 Y105.818582 Z19.271355 E0.32223
G1 X150.002968 Y106.387384 Z19.274669 E0.322226
G1 X150.560939 Y106.970987 Z19.277983 E0.322223
G1 X151.103434 Y107.56899 Z19.281298 E0.322219
G1 X151.630082 Y108.180984 Z19.284612 E0.322216
G1 X152.140523 Y108.806548 Z19.287926 E0.322212
G1 X152.634409 Y109.445252 Z19.29124 E0.322209
G1 X153.111401 Y110.096658 Z19.294555 E0.322205
G1 X153.571172 Y110.760321 Z19.297869 E0.322202
G1 X154.013408 Y111.435784 Z19.301183 E0.322198
G1 X154.437803 Y112.122587 Z19.304497 E0.322195
G1 X154.844069 Y112.820256 Z19.307812 E0.322191
G1 X155.23193 Y113.528314 Z19.311126 E0.322188
G1 X155.601118 Y114.246273 Z19.31444 E0.322184
G1 X155.951382 Y114.973643 Z19.317755 E0.322181
G1 X156.282482 Y115.709924 Z19.321069 E0.322177
G1 X156.594187 Y116.454614 Z19.324383 E0.322174
G1 X156.886289 Y117.207199 Z19.327697 E0.32217
G1 X157.158587 Y117.967165 Z19.331012 E0.322166
G1 X157.410895 Y118.733989 Z19.334326 E0.322163
G1 X157.643041 Y119.507147 Z19.33764 E0.322159
G1 X157.854866 Y120.286108 Z19.340954 E0.322156
G1 X158.046222 Y121.070339 Z19.344269 E0.322152
G1 X158.216981 Y121.859302 Z19.347583 E0.322148
G1 X158.367027 Y122.652455 Z19.350897 E0.322145
G1 X158.496257 Y123.449255 Z19.354211 E0.322141
G1 X158.604585 Y124.249156 Z19.357526 E0.322137
G1 X158.691935 Y125.051609 Z19.36084 E0.322134
G1 X158.758249 Y125.856065 Z19.364154 E0.32213
G1 X158.803482 Y126.661972 Z19.367468 E0.322126
G1 X158.827602 Y127.468778 Z19.370783 E0.322123
G1 X158.830595 Y128.275929 Z19.374097 E0.322119
G1 X158.812458 Y129.082873 Z19.377411 E0.322115
G1 X158.773204 Y129.889057 Z19.380725 E0.322112
G1 X158.712861 Y130.693928 Z19.38404 E0.322108
G1 X158.631471 Y131.496934 Z19.387354 E0.322104
G1 X158.529089 Y132.297525 Z19.390668 E0.322101
G1 X158.405787 Y133.095153 Z19.393982 E0.322097
G1 X158.261649 Y133.889271 Z19.397297 E0.322093
G1 X158.096775 Y134.679335 Z19.400611 E0.32209
G1 X157.911278 Y135.464803 Z19.403925 E0.322086
G1 X157.705286 Y136.245138 Z19.40724 E0.322083
G1 X157.47894 Y137.019804 Z19.410554 E0.322079
G1 X157.232396 Y137.788271 Z19.413868 E0.322075
G1 X156.965823 Y138.550012 Z19.417182 E0.322072
G1 X156.679405 Y139.304505 Z19.420497 E0.322068
G1 X156.373338 Y140.051234 Z19.423811 E0.322064
G1 X156.047833 Y140.789687 Z19.427125 E0.322061
G1 X155.703113 Y141.519358 Z19.430439 E0.322057
G1 X155.339414 Y142.239747 Z19.433754 E0.322053
G1 X154.956987 Y142.95036 Z19.437068 E0.32205
G1 X154.556094 Y143.650711 Z19.440382 E0.322046
G1 X154.137009 Y144.34032 Z19.443696 E0.322042
G1 X153.700022 Y145.018715 Z19.447011 E0.322039
G1 X153.245431 Y145.685431 Z19.450325 E0.322035
G1 X152.773549 Y146.340011 Z19.453639 E0.322031
G1 X152.284698 Y146.982007 Z19.456953 E0.322028
G1 X151.779216 Y147.610979 Z19.460268 E0.322024
G1 X151.257448 Y148.226497 Z19.463582 E0.32202
G1 X150.719753 Y148.828139 Z19.466896 E0.322017
G1 X150.166499 Y149.415493 Z19.47021 E0.322013
G1 X149.598066 Y149.988156 Z19.473525 E0.32201
G1 X149.014844 Y150.545737 Z19.476839 E0.322006
G1 X148.417233 Y151.087854 Z19.480153 E0.322002
G1 X147.805642 Y151.614136 Z19.483468 E0.321999
G1 X147.180492 Y152.124222 Z19.486782 E0.321995
G1 X146.54221 Y152.617762 Z19.490096 E0.321991
G1 X145.891236 Y153.09442 Z19.49341 E0.321988
G1 X145.228014 Y153.55387 Z19.496725 E0.321984
G1 X144.553001 Y153.995795 Z19.500039 E0.32198
G1 X143.866658 Y154.419894 Z19.503353 E0.321977
G1 X143.169453 Y154.825871 Z19.506667 E0.321973
G1 X142.461867 Y155.213452 Z19.509982 E0.321969
G1 X141.744386 Y155.582372 Z19.513296 E0.321966
G1 X141.017502 Y155.932381 Z19.51661 E0.321962
G1 X140.281713 Y156.263238 Z19.519924 E0.321958
G1 X139.537525 Y156.574718 Z19.523239 E0.321954
G1 X138.785445 Y156.866602 Z19.526553 E0.32195
G1 X138.025989 Y157.138691 Z19.529867 E0.321947
G1 X137.259681 Y157.390804 Z19.533181 E0.321943
G1 X136.487044 Y157.622767 Z19.536496 E0.321939
G1 X135.70861 Y157.834424 Z19.53981 E0.321935
G1 X134.924912 Y158.025629 Z19.543124 E0.321931
G1 X134.136485 Y158.196247 Z19.546438 E0.321927
G1 X133.343871 Y158.346161 Z19.549753 E0.321923
G1 X132.547614 Y158.475274 Z19.553067 E0.321919
G1 X131.74826 Y158.583497 Z19.556381 E0.321915
G1 X130.946356 Y158.670758 Z19.559695 E0.321912
G1 X130.142454 Y158.736996 Z19.56301 E0.321908
G1 X129.337102 Y158.782166 Z19.566324 E0.321904
G1 X128.530854 Y158.80623 Z19.569638 E0.3219
G1 X127.724263 Y158.809181 Z19.572953 E0.321896
G1 X126.91788 Y158.791017 Z19.576267 E0.321891
G1 X126.11226 Y158.751751 Z19.579581 E0.321887
G1 X125.307954 Y158.69141 Z19.582895 E0.321883
G1 X124.505513 Y158.610037 Z19.58621 E0.321879
G1 X123.705489 Y158.507678 Z19.589524 E0.321875
G1 X122.908428 Y158.384413 Z19.592838 E0.321871
G1 X122.114878 Y158.240328 Z19.596152 E0.321867
G1 X121.325382 Y158.075522 Z19.599467 E0.321863
G1 X120.54048 Y157.890108 Z19.602781 E0.321859
G1 X119.760711 Y157.684214 Z19.606095 E0.321854
G1 X118.986612 Y157.457973 Z19.609409 E0.32185
G1 X118.21871 Y157.211548 Z19.612724 E0.321846
G1 X117.457532 Y156.94511 Z19.616038 E0.321842
G1 X116.7036 Y156.658841 Z19.619352 E0.321837
G1 X115.95743 Y156.352939 Z19.622666 E0.321833
G1 X115.219533 Y156.027614 Z19.625981 E0.321829
G1 X114.490417 Y155.683082 Z19.629295 E0.321824
G1 X113.770581 Y155.319585 Z19.632609 E0.32182
G1 X113.060517 Y154.937375 Z19.635923 E0.321816
G1 X112.36071 Y154.536714 Z19.639238 E0.321811
G1 X111.671641 Y154.117877 Z19.642552 E0.321807
G1 X110.993781 Y153.681152 Z19.645866 E0.321803
G1 X110.327598 Y153.226833 Z19.649181 E0.321798
G1 X109.673547 Y152.755235 Z19.652495 E0.321794
G1 X109.032074 Y152.266684 Z19.655809 E0.321789
G1 X108.403618 Y151.761516 Z19.659123 E0.321785
G1 X107.788611 Y151.240077 Z19.662438 E0.32178
G1 X107.187472 Y150.702725 Z19.665752 E0.321776
G1 X106.600616 Y150.149826 Z19.669066 E0.321771
G1 X106.028447 Y149.581758 Z19.67238 E0.321767
G1 X105.471351 Y148.998916 Z19.675695 E0.321762
G1 X104.929712 Y148.401698 Z19.679009 E0.321758
G1 X104.403899 Y147.790516 Z19.682323 E0.321753
G1 X103.894272 Y147.165788 Z19.685637 E0.321749
G1 X103.401181 Y146.527942 Z19.688952 E0.321744
G1 X102.924962 Y145.877417 Z19.692266 E0.321739
G1 X102.465941 Y145.214658 Z19.69558 E0.321735
G1 X102.024433 Y144.54012 Z19.698894 E0.32173
G1 X101.60074 Y143.854266 Z19.702209 E0.321726
G1 X101.195151 Y143.157565 Z19.705523 E0.321721
G1 X100.807945 Y142.450496 Z19.708837 E0.321717
G1 X100.439385 Y141.733544 Z19.712151 E0.321712
G1 X100.089724 Y141.0072 Z19.715466 E0.321707
G1 X99.759201 Y140.271963 Z19.71878 E0.321703
G1 X99.448042 Y139.528335 Z19.722094 E0.321698
G1 X99.15646 Y138.776828 Z19.725408 E0.321694
G1 X98.884653 Y138.017957 Z19.728723 E0.321689
G1 X98.632808 Y137.252242 Z19.732037 E0.321685
G1 X98.401097 Y136.480207 Z19.735351 E0.32168
G1 X98.189678 Y135.702383 Z19.738666 E0.321675
G1 X97.998695 Y134.919302 Z19.74198 E0.321671
G1 X97.828279 Y134.131501 Z19.745294 E0.321666
G1 X97.678546 Y133.33952 Z19.748608 E0.321662
G1 X97.549597 Y132.543903 Z19.751923 E0.321657
G1 X97.441521 Y131.745194 Z19.755237 E0.321652
;WIDTH:1.200
; LINE_WIDTH: 1.200
;Z:20.546
;HEIGHT:0.791
G1 X97.354388 Y130.943941 Z19.758534 E0.321648
G1 X97.288261 Y130.140693 Z19.76183 E0.321643
G1 X97.243183 Y129.336001 Z19.765127 E0.321639
G1 X97.219186 Y128.530416 Z19.768424 E0.321634
G1 X97.216285 Y127.72449 Z19.77172 E0.32163
G1 X97.234481 Y126.918776 Z19.775017 E0.321625
G1 X97.273762 Y126.113826 Z19.778314 E0.321621
G1 X97.334099 Y125.310191 Z19.781611 E0.321616
G1 X97.415451 Y124.508423 Z19.784907 E0.321611
G1 X97.517762 Y123.70907 Z19.788204 E0.321607
G1 X97.640961 Y122.91268 Z19.791501 E0.321602
G1 X97.784962 Y122.1198 Z19.794797 E0.321598
G1 X97.949667 Y121.330972 Z19.798094 E0.321593
G1 X98.134962 Y120.546737 Z19.801391 E0.321589
G1 X98.340719 Y119.767632 Z19.804688 E0.321584
G1 X98.566798 Y118.994191 Z19.807984 E0.32158
G1 X98.813042 Y118.226944 Z19.811281 E0.321575
G1 X99.079286 Y117.466418 Z19.814578 E0.32157
G1 X99.365342 Y116.713132 Z19.817874 E0.321566
G1 X99.671014 Y115.967604 Z19.821171 E0.321561
G1 X99.996093 Y115.230343 Z19.824468 E0.321557
G1 X100.340355 Y114.501855 Z19.827764 E0.321552
G1 X100.703563 Y113.782638 Z19.831061 E0.321548
G1 X101.085472 Y113.073188 Z19.834358 E0.321543
G1 X101.485815 Y112.373988 Z19.837655 E0.321538
G1 X101.904318 Y111.685517 Z19.840951 E0.321534
G1 X102.340693 Y111.008247 Z19.844248 E0.321529
G1 X102.794641 Y110.342641 Z19.847545 E0.321524
G1 X103.26585 Y109.689156 Z19.850841 E0.32152
G1 X103.754 Y109.048241 Z19.854138 E0.321515
G1 X104.258752 Y108.420333 Z19.857435 E0.32151
G1 X104.779761 Y107.805863 Z19.860732 E0.321506
G1 X105.316668 Y107.20525 Z19.864028 E0.321501
G1 X105.869106 Y106.618906 Z19.867325 E0.321496
G1 X106.436694 Y106.047232 Z19.870622 E0.321492
G1 X107.019046 Y105.490622 Z19.873918 E0.321487
G1 X107.615761 Y104.949455 Z19.877215 E0.321482
G1 X108.226429 Y104.424102 Z19.880512 E0.321478
G1 X108.85063 Y103.914922 Z19.883809 E0.321473
G1 X109.487937 Y103.422263 Z19.887105 E0.321468
G1 X110.137913 Y102.946463 Z19.890402 E0.321464
G1 X110.800112 Y102.487849 Z19.893699 E0.321459
G1 X111.47408 Y102.046734 Z19.896995 E0.321454
G1 X112.159354 Y101.623419 Z19.900292 E0.321449
G1 X112.855464 Y101.218193 Z19.903589 E0.321445
G1 X113.561933 Y100.831334 Z19.906886 E0.32144
G1 X114.278276 Y100.463106 Z19.910182 E0.321435
G1 X115.004003 Y100.113762 Z19.913479 E0.32143
G1 X115.738615 Y99.783543 Z19.916776 E0.321426
G1 X116.481609 Y99.472671 Z19.920072 E0.321421
G1 X117.232475 Y99.181359 Z19.923369 E0.321416
G1 X117.990698 Y98.909807 Z19.926666 E0.321411
G1 X118.755758 Y98.658199 Z19.929963 E0.321406
G1 X119.527131 Y98.426709 Z19.933259 E0.321402
G1 X120.304288 Y98.215496 Z19.936556 E0.321397
G1 X121.086697 Y98.024702 Z19.939853 E0.321392
G1 X121.873819 Y97.854458 Z19.943149 E0.321387
G1 X122.665117 Y97.704878 Z19.946446 E0.321382
G1 X123.460047 Y97.576065 Z19.949743 E0.321378
G1 X124.258065 Y97.468107 Z19.95304 E0.321373
G1 X125.058623 Y97.38108 Z19.956336 E0.321368
G1 X125.861174 Y97.315041 Z19.959633 E0.321363
G1 X126.665165 Y97.270033 Z19.96293 E0.321358
G1 X127.470047 Y97.246087 Z19.966226 E0.321353
G1 X128.275269 Y97.243218 Z19.969523 E0.321348
G1 X129.080277 Y97.261429 Z19.97282 E0.321344
G1 X129.88452 Y97.300708 Z19.976117 E0.321339
G1 X130.687447 Y97.361027 Z19.979413 E0.321334
G1 X131.488507 Y97.442341 Z19.98271 E0.321329
G1 X132.287153 Y97.544596 Z19.986007 E0.321324
G1 X133.082836 Y97.667719 Z19.989303 E0.321319
G1 X133.875011 Y97.811627 Z19.9926 E0.321314
G1 X134.663135 Y97.97622 Z19.995897 E0.321309
G1 X135.446669 Y98.161385 Z19.999194 E0.321304
G1 X136.225076 Y98.366993 Z20.00249 E0.321299
G1 X136.997822 Y98.592903 Z20.005787 E0.321295
G1 X137.764377 Y98.838961 Z20.009084 E0.32129
G1 X138.524218 Y99.104996 Z20.01238 E0.321285
G1 X139.276822 Y99.390827 Z20.015677 E0.32128
G1 X140.021675 Y99.696255 Z20.018974 E0.321275
G1 X140.758267 Y100.021072 Z20.022271 E0.32127
G1 X141.486092 Y100.365054 Z20.025567 E0.321265
G1 X142.204652 Y100.727965 Z20.028864 E0.32126
G1 X142.913456 Y101.109555 Z20.032161 E0.321255
G1 X143.612017 Y101.509563 Z20.035457 E0.32125
G1 X144.299857 Y101.927713 Z20.038754 E0.321246
G1 X144.976505 Y102.363719 Z20.042051 E0.321241
G1 X145.641498 Y102.817282 Z20.045347 E0.321236
G1 X146.29438 Y103.288089 Z20.048644 E0.321231
G1 X146.934705 Y103.775818 Z20.051941 E0.321226
G1 X147.562033 Y104.280134 Z20.055238 E0.321221
G1 X148.175935 Y104.80069 Z20.058534 E0.321216
G1 X148.775991 Y105.337131 Z20.061831 E0.321211
G1 X149.361791 Y105.889086 Z20.065128 E0.321206
G1 X149.932932 Y106.456178 Z20.068424 E0.321201
G1 X150.489024 Y107.038018 Z20.071721 E0.321197
G1 X151.029687 Y107.634206 Z20.075018 E0.321192
G1 X151.55455 Y108.244334 Z20.078315 E0.321187
G1 X152.063254 Y108.867982 Z20.081611 E0.321182
G1 X152.555451 Y109.504723 Z20.084908 E0.321177
G1 X153.030804 Y110.15412 Z20.088205 E0.321172
G1 X153.488989 Y110.815728 Z20.091501 E0.321167
G1 X153.92969 Y111.489092 Z20.094798 E0.321162
G1 X154.352607 Y112.173752 Z20.098095 E0.321157
G1 X154.757451 Y112.869237 Z20.101392 E0.321152
G1 X155.143945 Y113.575071 Z20.104688 E0.321147
G1 X155.511824 Y114.290769 Z20.107985 E0.321143
G1 X155.860837 Y115.01584 Z20.111282 E0.321138
G1 X156.190745 Y115.749788 Z20.114578 E0.321133
G1 X156.501323 Y116.49211 Z20.117875 E0.321128
G1 X156.792358 Y117.242295 Z20.121172 E0.321123
G1 X157.063651 Y117.99983 Z20.124469 E0.321118
G1 X157.315018 Y118.764196 Z20.127765 E0.321113
G1 X157.546287 Y119.534868 Z20.131062 E0.321108
G1 X157.757299 Y120.311317 Z20.134359 E0.321103
G1 X157.947909 Y121.093013 Z20.137655 E0.321098
G1 X158.117984 Y121.87942 Z20.140952 E0.321094
G1 X158.267413 Y122.669997 Z20.144249 E0.321089
G1 X158.396093 Y123.464202 Z20.147546 E0.321084
G1 X158.503938 Y124.261491 Z20.150842 E0.321079
G1 X158.590874 Y125.061318 Z20.154139 E0.321074
G1 X158.656842 Y125.863133 Z20.157436 E0.321069
G1 X158.701791 Y126.666389 Z20.160732 E0.321064
G1 X158.725697 Y127.470534 Z20.164029 E0.321059
G1 X158.728545 Y128.275016 Z20.167326 E0.321054
G1 X158.710334 Y129.079284 Z20.170623 E0.321049
G1 X158.671076 Y129.882788 Z20.173919 E0.321043
G1 X158.610799 Y130.684975 Z20.177216 E0.321038
G1 X158.529539 Y131.485297 Z20.180513 E0.321033
G1 X158.427358 Y132.283205 Z20.183809 E0.321028
G1 X158.304327 Y133.078151 Z20.187106 E0.321023
G1 X158.160532 Y133.869593 Z20.190403 E0.321018
G1 X157.99607 Y134.656986 Z20.1937 E0.321013
G1 X157.811057 Y135.439792 Z20.196996 E0.321008
G1 X157.605614 Y136.217473 Z20.200293 E0.321003
G1 X157.379886 Y136.989496 Z20.20359 E0.320997
G1 X157.13403 Y137.755334 Z20.206886 E0.320992
G1 X156.868215 Y138.514461 Z20.210183 E0.320987
G1 X156.582625 Y139.266358 Z20.21348 E0.320982
G1 X156.277454 Y140.010509 Z20.216777 E0.320977
G1 X155.952911 Y140.746403 Z20.220073 E0.320972
G1 X155.609218 Y141.473537 Z20.22337 E0.320966
G1 X155.246615 Y142.191412 Z20.226667 E0.320961
G1 X154.865351 Y142.899538 Z20.229963 E0.320956
G1 X154.465687 Y143.59743 Z20.23326 E0.320951
G1 X154.047898 Y144.284609 Z20.236557 E0.320945
G1 X153.612269 Y144.960605 Z20.239854 E0.32094
G1 X153.159098 Y145.624951 Z20.24315 E0.320935
G1 X152.688699 Y146.277197 Z20.246447 E0.320929
G1 X152.201396 Y146.916894 Z20.249744 E0.320924
G1 X151.697523 Y147.543606 Z20.25304 E0.320919
G1 X151.177426 Y148.156903 Z20.256337 E0.320913
G1 X150.641461 Y148.756365 Z20.259634 E0.320908
G1 X150.089992 Y149.341578 Z20.262931 E0.320903
G1 X149.523403 Y149.912145 Z20.266227 E0.320897
G1 X148.942082 Y150.467675 Z20.269524 E0.320892
G1 X148.346428 Y151.007789 Z20.272821 E0.320886
G1 X147.73685 Y151.532116 Z20.276117 E0.320881
G1 X147.113767 Y152.040298 Z20.279414 E0.320876
G1 X146.477601 Y152.531983 Z20.282711 E0.32087
G1 X145.828792 Y153.006837 Z20.286007 E0.320865
G1 X145.167788 Y153.464537 Z20.289304 E0.320859
G1 X144.49504 Y153.90477 Z20.292601 E0.320854
G1 X143.81101 Y154.327234 Z20.295898 E0.320848
G1 X143.116168 Y154.731641 Z20.299194 E0.320843
G1 X142.410987 Y155.117709 Z20.302491 E0.320837
G1 X141.695953 Y155.485178 Z20.305788 E0.320832
G1 X140.971558 Y155.833797 Z20.309084 E0.320826
G1 X140.238298 Y156.163328 Z20.312381 E0.320821
G1 X139.496676 Y156.473547 Z20.315678 E0.320815
G1 X138.7472 Y156.764241 Z20.318975 E0.32081
G1 X137.990384 Y157.035212 Z20.322271 E0.320804
G1 X137.226748 Y157.286274 Z20.325568 E0.320799
G1 X136.456815 Y157.517257 Z20.328865 E0.320793
G1 X135.681113 Y157.728002 Z20.332161 E0.320788
G1 X134.900173 Y157.918367 Z20.335458 E0.320782
G1 X134.114532 Y158.08822 Z20.338755 E0.320777
G1 X133.324727 Y158.237447 Z20.342052 E0.320771
G1 X132.5313 Y158.365946 Z20.345348 E0.320765
G1 X131.734795 Y158.47363 Z20.348645 E0.32076
G1 X130.935757 Y158.560425 Z20.351942 E0.320754
G1 X130.134736 Y158.626273 Z20.355238 E0.320749
G1 X129.332279 Y158.671129 Z20.358535 E0.320743
G1 X128.528937 Y158.694964 Z20.361832 E0.320738
G1 X127.72526 Y158.697761 Z20.365129 E0.320732
G1 X126.921799 Y158.67952 Z20.368425 E0.320727
G1 X126.119105 Y158.640254 Z20.371722 E0.320721
G1 X125.317727 Y158.57999 Z20.375019 E0.320716
G1 X124.518215 Y158.49877 Z20.378315 E0.32071
G1 X123.721118 Y158.396652 Z20.381612 E0.320704
G1 X122.92698 Y158.273704 Z20.384909 E0.320699
G1 X122.136347 Y158.130014 Z20.388206 E0.320693
G1 X121.349759 Y157.965679 Z20.391502 E0.320688
G1 X120.567756 Y157.780813 Z20.394799 E0.320682
G1 X119.790874 Y157.575543 Z20.398096 E0.320677
G1 X119.019645 Y157.350012 Z20.401392 E0.320671
G1 X118.254597 Y157.104373 Z20.404689 E0.320666
G1 X117.496254 Y156.838797 Z20.407986 E0.32066
G1 X116.745136 Y156.553465 Z20.411283 E0.320655
G1 X116.001758 Y156.248574 Z20.414579 E0.320649
G1 X115.266628 Y155.924334 Z20.417876 E0.320644
G1 X114.54025 Y155.580968 Z20.421173 E0.320638
G1 X113.823121 Y155.218711 Z20.424469 E0.320632
G1 X113.115734 Y154.837813 Z20.427766 E0.320627
G1 X112.418572 Y154.438535 Z20.431063 E0.320621
G1 X111.732112 Y154.021151 Z20.43436 E0.320616
G1 X111.056825 Y153.585949 Z20.437656 E0.32061
G1 X110.393173 Y153.133226 Z20.440953 E0.320605
G1 X109.741611 Y152.663294 Z20.44425 E0.320599
G1 X109.102584 Y152.176476 Z20.447546 E0.320594
G1 X108.476531 Y151.673106 Z20.450843 E0.320588
G1 X107.863879 Y151.153529 Z20.45414 E0.320583
G1 X107.265049 Y150.618102 Z20.457437 E0.320577
G1 X106.68045 Y150.067192 Z20.460733 E0.320572
G1 X106.110484 Y149.501176 Z20.46403 E0.320566
G1 X105.555546 Y148.920438 Z20.467327 E0.32056
G1 X105.016009 Y148.325384 Z20.470623 E0.320555
G1 X104.492243 Y147.71642 Z20.47392 E0.320549
G1 X103.984607 Y147.093965 Z20.477217 E0.320543
G1 X103.493447 Y146.458447 Z20.480514 E0.320538
G1 X103.0191 Y145.810301 Z20.48381 E0.320532
G1 X102.561899 Y145.149965 Z20.487107 E0.320526
G1 X102.122148 Y144.477899 Z20.490404 E0.320521
G1 X101.700149 Y143.794565 Z20.4937 E0.320515
G1 X101.296188 Y143.100431 Z20.496997 E0.320509
G1 X100.910544 Y142.395973 Z20.500294 E0.320503
G1 X100.543479 Y141.681674 Z20.50359 E0.320498
G1 X100.195252 Y140.95802 Z20.506887 E0.320492
G1 X99.866095 Y140.225512 Z20.510184 E0.320486
G1 X99.556232 Y139.484652 Z20.513481 E0.32048
G1 X99.265874 Y138.735948 Z20.516777 E0.320474
G1 X98.995219 Y137.979914 Z20.520074 E0.320468
G1 X98.744452 Y137.217068 Z20.523371 E0.320462
G1 X98.513751 Y136.447931 Z20.526667 E0.320456
G1 X98.303271 Y135.673033 Z20.529964 E0.32045
G1 X98.113151 Y134.892904 Z20.533261 E0.320444
G1 X97.94352 Y134.108081 Z20.536558 E0.320438
G1 X97.794495 Y133.319102 Z20.539854 E0.320432
G1 X97.666176 Y132.526506 Z20.543151 E0.320426
G1 X97.558656 Y131.730838 Z20.546448 E0.32042
;WIDTH:1.200
; LINE_WIDTH: 1.200
;Z:21.331
;HEIGHT:0.785
G1 X97.472004 Y130.932642 Z20.549717 E0.320414
G1 X97.406277 Y130.132467 Z20.552986 E0.320408
G1 X97.36152 Y129.330861 Z20.556255 E0.320402
G1 X97.337762 Y128.528373 Z20.559525 E0.320396
G1 X97.335019 Y127.725553 Z20.562794 E0.32039
G1 X97.353294 Y126.922952 Z20.566063 E0.320384
G1 X97.392581 Y126.12112 Z20.569332 E0.320378
G1 X97.452843 Y125.320607 Z20.572602 E0.320372
G1 X97.534037 Y124.521961 Z20.575871 E0.320365
G1 X97.636108 Y123.725729 Z20.57914 E0.320359
G1 X97.758984 Y122.932458 Z20.582409 E0.320353
G1 X97.902581 Y122.14269 Z20.585679 E0.320347
G1 X98.066809 Y121.356969 Z20.588948 E0.320341
G1 X98.251546 Y120.575832 Z20.592217 E0.320334
G1 X98.456663 Y119.799814 Z20.595486 E0.320328
G1 X98.68202 Y119.029446 Z20.598756 E0.320322
G1 X98.92746 Y118.265256 Z20.602025 E0.320315
G1 X99.192815 Y117.507768 Z20.605294 E0.320309
G1 X99.47791 Y116.757503 Z20.608563 E0.320303
G1 X99.782543 Y116.014974 Z20.611833 E0.320296
G1 X100.106503 Y115.280689 Z20.615102 E0.32029
G1 X100.449566 Y114.555151 Z20.618371 E0.320283
G1 X100.811497 Y113.838855 Z20.62164 E0.320277
G1 X101.192046 Y113.132294 Z20.62491 E0.320271
G1 X101.590957 Y112.435953 Z20.628179 E0.320264
G1 X102.007956 Y111.750309 Z20.631448 E0.320258
G1 X102.442752 Y111.075831 Z20.634717 E0.320251
G1 X102.895045 Y110.412978 Z20.637987 E0.320245
G1 X103.364525 Y109.762206 Z20.641256 E0.320238
G1 X103.850869 Y109.123959 Z20.644525 E0.320232
G1 X104.353744 Y108.498674 Z20.647794 E0.320225
G1 X104.872804 Y107.88678 Z20.651064 E0.320219
G1 X105.407693 Y107.288696 Z20.654333 E0.320212
G1 X105.958043 Y106.70483 Z20.657602 E0.320205
G1 X106.523477 Y106.135582 Z20.660871 E0.320199
G1 X107.103607 Y105.581342 Z20.664141 E0.320192
G1 X107.698033 Y105.042489 Z20.66741 E0.320186
G1 X108.30635 Y104.519391 Z20.670679 E0.320179
G1 X108.928138 Y104.012407 Z20.673948 E0.320173
G1 X109.562972 Y103.521884 Z20.677218 E0.320166
G1 X110.210415 Y103.048156 Z20.680487 E0.32016
G1 X110.870024 Y102.591547 Z20.683756 E0.320153
G1 X111.541345 Y102.152371 Z20.687025 E0.320147
G1 X112.223919 Y101.730927 Z20.690295 E0.32014
G1 X112.917277 Y101.327504 Z20.693564 E0.320134
G1 X113.620944 Y100.942376 Z20.696833 E0.320127
G1 X114.334436 Y100.575808 Z20.700102 E0.320121
G1 X115.057264 Y100.228049 Z20.703372 E0.320114
G1 X115.788934 Y99.899338 Z20.706641 E0.320107
G1 X116.528942 Y99.589899 Z20.70991 E0.320101
G1 X117.276781 Y99.299943 Z20.713179 E0.320094
G1 X118.031939 Y99.029668 Z20.716449 E0.320088
G1 X118.793898 Y98.779258 Z20.719718 E0.320081
G1 X119.562135 Y98.548885 Z20.722987 E0.320075
G1 X120.336123 Y98.338705 Z20.726256 E0.320068
G1 X121.115332 Y98.148861 Z20.729526 E0.320062
G1 X121.899227 Y97.979484 Z20.732795 E0.320055
G1 X122.687272 Y97.830687 Z20.736064 E0.320049
G1 X123.478925 Y97.702573 Z20.739333 E0.320042
G1 X124.273645 Y97.595227 Z20.742603 E0.320036
G1 X125.070885 Y97.508724 Z20.745872 E0.320029
G1 X125.870101 Y97.443121 Z20.749141 E0.320023
G1 X126.670744 Y97.398463 Z20.75241 E0.320016
G1 X127.472265 Y97.374778 Z20.75568 E0.320009
G1 X128.274115 Y97.372084 Z20.758949 E0.320003
G1 X129.075745 Y97.390379 Z20.762218 E0.319996
G1 X129.876604 Y97.429652 Z20.765487 E0.31999
G1 X130.676145 Y97.489875 Z20.768757 E0.319983
G1 X131.473819 Y97.571006 Z20.772026 E0.319977
G1 X132.269079 Y97.672989 Z20.775295 E0.31997
G1 X133.061381 Y97.795752 Z20.778564 E0.319964
G1 X133.850182 Y97.939209 Z20.781833 E0.319957
G1 X134.634941 Y98.103263 Z20.785103 E0.319951
G1 X135.415121 Y98.287799 Z20.788372 E0.319944
G1 X136.190186 Y98.492692 Z20.791641 E0.319937
G1 X136.959607 Y98.7178 Z20.79491 E0.319931
G1 X137.722855 Y98.962967 Z20.79818 E0.319924
G1 X138.479408 Y99.228024 Z20.801449 E0.319918
G1 X139.228749 Y99.512788 Z20.804718 E0.319911
G1 X139.970363 Y99.817064 Z20.807987 E0.319905
G1 X140.703743 Y100.140643 Z20.811257 E0.319898
G1 X141.428385 Y100.483303 Z20.814526 E0.319891
G1 X142.143795 Y100.844808 Z20.817795 E0.319885
G1 X142.849481 Y101.224907 Z20.821064 E0.319878
G1 X143.544962 Y101.623341 Z20.824334 E0.319872
G1 X144.22976 Y102.039836 Z20.827603 E0.319865
G1 X144.903407 Y102.474105 Z20.830872 E0.319858
G1 X145.565441 Y102.925851 Z20.834141 E0.319852
G1 X146.215409 Y103.394763 Z20.837411 E0.319845
G1 X146.852866 Y103.880519 Z20.84068 E0.319838
G1 X147.477376 Y104.382784 Z20.843949 E0.319832
G1 X148.088512 Y104.901214 Z20.847218 E0.319825
G1 X148.685855 Y105.435453 Z20.850488 E0.319819
G1 X149.268995 Y105.985136 Z20.853757 E0.319812
G1 X149.837534 Y106.549884 Z20.857026 E0.319805
G1 X150.391084 Y107.129308 Z20.860295 E0.319799
G1 X150.929265 Y107.723013 Z20.863565 E0.319792
G1 X151.451709 Y108.330589 Z20.866834 E0.319785
G1 X151.958059 Y108.951619 Z20.870103 E0.319779
G1 X152.447968 Y109.58568 Z20.873372 E0.319772
G1 X152.9211 Y110.232334 Z20.876642 E0.319765
G1 X153.377133 Y110.891139 Z20.879911 E0.319759
G1 X153.815756 Y111.561641 Z20.88318 E0.319752
G1 X154.236667 Y112.243381 Z20.886449 E0.319745
G1 X154.63958 Y112.935891 Z20.889719 E0.319739
G1 X155.024219 Y113.638696 Z20.892988 E0.319732
G1 X155.390319 Y114.351315 Z20.896257 E0.319725
G1 X155.737632 Y115.073258 Z20.899526 E0.319719
G1 X156.065921 Y115.80403 Z20.902796 E0.319712
G1 X156.374962 Y116.54313 Z20.906065 E0.319705
G1 X156.664543 Y117.29005 Z20.909334 E0.319698
G1 X156.934468 Y118.044279 Z20.912603 E0.319692
G1 X157.184549 Y118.805301 Z20.915873 E0.319685
G1 X157.414618 Y119.572591 Z20.919142 E0.319678
G1 X157.624518 Y120.345625 Z20.922411 E0.319672
G1 X157.814107 Y121.123872 Z20.92568 E0.319665
G1 X157.983256 Y121.906799 Z20.92895 E0.319658
G1 X158.131848 Y122.693869 Z20.932219 E0.319651
G1 X158.259782 Y123.484543 Z20.935488 E0.319645
G1 X158.366972 Y124.278277 Z20.938757 E0.319638
G1 X158.453346 Y125.074529 Z20.942027 E0.319631
G1 X158.518845 Y125.872752 Z20.945296 E0.319624
G1 X158.563426 Y126.672399 Z20.948565 E0.319618
G1 X158.587059 Y127.472923 Z20.951834 E0.319611
G1 X158.589729 Y128.273773 Z20.955104 E0.319604
G1 X158.571434 Y129.074403 Z20.958373 E0.319597
G1 X158.532188 Y129.874262 Z20.961642 E0.319591
G1 X158.472019 Y130.672802 Z20.964911 E0.319584
G1 X158.390969 Y131.469478 Z20.968181 E0.319577
G1 X158.289094 Y132.263741 Z20.97145 E0.31957
G1 X158.166465 Y133.05505 Z20.974719 E0.319564
G1 X158.023168 Y133.84286 Z20.977988 E0.319557
G1 X157.8593 Y134.626633 Z20.981258 E0.31955
G1 X157.674976 Y135.405831 Z20.984527 E0.319543
G1 X157.470322 Y136.17992 Z20.987796 E0.319537
G1 X157.24548 Y136.948371 Z20.991065 E0.31953
G1 X157.000604 Y137.710657 Z20.994335 E0.319523
G1 X156.735864 Y138.466255 Z20.997604 E0.319516
G1 X156.45144 Y139.214649 Z21.000873 E0.31951
G1 X156.147531 Y139.955325 Z21.004142 E0.319503
G1 X155.824343 Y140.687777 Z21.007411 E0.319496
G1 X155.4821 Y141.411502 Z21.010681 E0.319489
G1 X155.121037 Y142.126005 Z21.01395 E0.319483
G1 X154.741402 Y142.830797 Z21.017219 E0.319476
G1 X154.343457 Y143.525395 Z21.020488 E0.319469
G1 X153.927474 Y144.209323 Z21.023758 E0.319462
G1 X153.49374 Y144.882114 Z21.027027 E0.319455
G1 X153.042552 Y145.543306 Z21.030296 E0.319449
G1 X152.574221 Y146.192447 Z21.033565 E0.319442
G1 X152.089068 Y146.829093 Z21.036835 E0.319435
G1 X151.587426 Y147.452808 Z21.040104 E0.319428
G1 X151.06964 Y148.063165 Z21.043373 E0.319422
G1 X150.536066 Y148.659745 Z21.046642 E0.319415
G1 X149.987069 Y149.242142 Z21.049912 E0.319408
G1 X149.423028 Y149.809956 Z21.053181 E0.319401
G1 X148.844328 Y150.362799 Z21.05645 E0.319395
G1 X148.251367 Y150.900293 Z21.059719 E0.319388
G1 X147.644552 Y151.422069 Z21.062989 E0.319381
G1 X147.0243 Y151.927771 Z21.066258 E0.319374
G1 X146.391035 Y152.417053 Z21.069527 E0.319368
G1 X145.745194 Y152.889581 Z21.072796 E0.319361
G1 X145.087219 Y153.345031 Z21.076066 E0.319354
G1 X144.41756 Y153.783092 Z21.079335 E0.319347
G1 X143.736679 Y154.203464 Z21.082604 E0.319341
G1 X143.045042 Y154.60586 Z21.085873 E0.319334
G1 X142.343122 Y154.990006 Z21.089143 E0.319327
G1 X141.631403 Y155.355638 Z21.092412 E0.31932
G1 X140.910372 Y155.702506 Z21.095681 E0.319314
G1 X140.180521 Y156.030369 Z21.09895 E0.319307
G1 X139.442353 Y156.339007 Z21.10222 E0.3193
G1 X138.696374 Y156.62821 Z21.105489 E0.319293
G1 X137.943097 Y156.89778 Z21.108758 E0.319286
G1 X137.183038 Y157.147535 Z21.112027 E0.31928
G1 X136.416718 Y157.377303 Z21.115297 E0.319273
G1 X135.644661 Y157.586923 Z21.118566 E0.319266
G1 X134.867398 Y157.776255 Z21.121835 E0.319259
G1 X134.085462 Y157.945173 Z21.125104 E0.319252
G1 X133.299389 Y158.09356 Z21.128374 E0.319245
G1 X132.509718 Y158.221317 Z21.131643 E0.319238
G1 X131.71699 Y158.328357 Z21.134912 E0.319231
G1 X130.921749 Y158.414604 Z21.138181 E0.319225
G1 X130.12454 Y158.479999 Z21.141451 E0.319218
G1 X129.32591 Y158.524502 Z21.14472 E0.319211
G1 X128.526406 Y158.548084 Z21.147989 E0.319204
G1 X127.726576 Y158.550729 Z21.151258 E0.319197
G1 X126.926968 Y158.532437 Z21.154528 E0.31919
G1 X126.12813 Y158.493219 Z21.157797 E0.319183
G1 X125.330611 Y158.433099 Z21.161066 E0.319176
G1 X124.534957 Y158.352125 Z21.164335 E0.319169
G1 X123.741712 Y158.250354 Z21.167605 E0.319162
G1 X122.95142 Y158.127855 Z21.170874 E0.319155
G1 X122.164624 Y157.984714 Z21.174143 E0.319148
G1 X121.381861 Y157.821029 Z21.177412 E0.319141
G1 X120.60367 Y157.636908 Z21.180682 E0.319134
G1 X119.830582 Y157.432484 Z21.183951 E0.319126
G1 X119.063128 Y157.207897 Z21.18722 E0.319119
G1 X118.301833 Y156.963304 Z21.190489 E0.319112
G1 X117.547218 Y156.698872 Z21.193759 E0.319105
G1 X116.7998 Y156.414783 Z21.197028 E0.319098
G1 X116.060094 Y156.111229 Z21.200297 E0.319091
G1 X115.328604 Y155.788421 Z21.203566 E0.319084
G1 X114.605831 Y155.446583 Z21.206836 E0.319077
G1 X113.89227 Y155.08595 Z21.210105 E0.319069
G1 X113.18841 Y154.706771 Z21.213374 E0.319062
G1 X112.494732 Y154.309305 Z21.216643 E0.319055
G1 X111.811714 Y153.893825 Z21.219913 E0.319048
G1 X111.139823 Y153.460613 Z21.223182 E0.319041
G1 X110.479517 Y153.009973 Z21.226451 E0.319033
G1 X109.831248 Y152.542213 Z21.22972 E0.319026
G1 X109.195461 Y152.057654 Z21.23299 E0.319019
G1 X108.57259 Y151.55663 Z21.236259 E0.319012
G1 X107.963062 Y151.039483 Z21.239528 E0.319004
G1 X107.367298 Y150.506566 Z21.242797 E0.318997
G1 X106.785702 Y149.958249 Z21.246066 E0.31899
G1 X106.218671 Y149.394909 Z21.249336 E0.318983
G1 X105.666593 Y148.816931 Z21.252605 E0.318975
G1 X105.129847 Y148.224714 Z21.255874 E0.318968
G1 X104.608799 Y147.618663 Z21.259143 E0.318961
G1 X104.103811 Y146.99919 Z21.262413 E0.318953
G1 X103.615223 Y146.366725 Z21.265682 E0.318946
G1 X103.143369 Y145.721702 Z21.268951 E0.318939
G1 X102.688573 Y145.064563 Z21.27222 E0.318931
G1 X102.251144 Y144.39576 Z21.27549 E0.318924
G1 X101.831383 Y143.715752 Z21.278759 E0.318916
G1 X101.429574 Y143.025004 Z21.282028 E0.318909
G1 X101.045995 Y142.323991 Z21.285297 E0.318902
G1 X100.680905 Y141.613194 Z21.288567 E0.318894
G1 X100.334555 Y140.8931 Z21.291836 E0.318887
G1 X100.007182 Y140.164203 Z21.295105 E0.318879
G1 X99.699008 Y139.427004 Z21.298374 E0.318872
G1 X99.410243 Y138.682007 Z21.301644 E0.318865
G1 X99.141086 Y137.929724 Z21.304913 E0.318857
G1 X98.891719 Y137.170671 Z21.308182 E0.31885
G1 X98.662313 Y136.405368 Z21.311451 E0.318843
G1 X98.453024 Y135.63434 Z21.314721 E0.318835
G1 X98.263994 Y134.858115 Z21.31799 E0.318828
G1 X98.095351 Y134.077226 Z21.321259 E0.31882
G1 X97.947211 Y133.292209 Z21.324528 E0.318813
G1 X97.819675 Y132.503601 Z21.327798 E0.318806
G1 X97.712828 Y131.711943 Z21.331067 E0.318798
;WIDTH:1.200
; LINE_WIDTH: 1.200
;Z:22.108
;HEIGHT:0.777
G1 X97.626736 Y130.917778 Z21.334305 E0.318791
G1 X97.561463 Y130.12165 Z21.337543 E0.318784
G1 X97.517055 Y129.324105 Z21.340781 E0.318776
G1 X97.493539 Y128.525688 Z21.344019 E0.318769
G1 X97.490932 Y127.726948 Z21.347257 E0.318762
G1 X97.509234 Y126.928432 Z21.350495 E0.318754
G1 X97.548431 Y126.130687 Z21.353733 E0.318747
G1 X97.608496 Y125.33426 Z21.356971 E0.31874
G1 X97.689387 Y124.539696 Z21.360209 E0.318732
G1 X97.791046 Y123.74754 Z21.363447 E0.318725
G1 X97.913405 Y122.958334 Z21.366685 E0.318718
G1 X98.056377 Y122.17262 Z21.369922 E0.31871
G1 X98.219864 Y121.390936 Z21.37316 E0.318703
G1 X98.403753 Y120.613817 Z21.376398 E0.318696
G1 X98.607917 Y119.841796 Z21.379636 E0.318688
G1 X98.832215 Y119.075402 Z21.382874 E0.318681
G1 X99.076493 Y118.315158 Z21.386112 E0.318674
G1 X99.340581 Y117.561588 Z21.38935 E0.318667
G1 X99.624299 Y116.815205 Z21.392588 E0.318659
G1 X99.927451 Y116.076522 Z21.395826 E0.318652
G1 X100.249827 Y115.346045 Z21.399064 E0.318645
G1 X100.591207 Y114.624273 Z21.402302 E0.318637
G1 X100.951356 Y113.911701 Z21.40554 E0.31863
G1 X101.330026 Y113.208817 Z21.408778 E0.318623
G1 X101.726956 Y112.516103 Z21.412016 E0.318615
G1 X102.141873 Y111.834032 Z21.415254 E0.318608
G1 X102.574494 Y111.163071 Z21.418492 E0.318601
G1 X103.024519 Y110.50368 Z21.42173 E0.318593
G1 X103.491648 Y109.856315 Z21.424968 E0.318586
G1 X103.975553 Y109.221417 Z21.428206 E0.318579
G1 X104.475901 Y108.599419 Z21.431444 E0.318571
G1 X104.992348 Y107.990745 Z21.434682 E0.318564
G1 X105.524538 Y107.395813 Z21.43792 E0.318556
G1 X106.072107 Y106.815029 Z21.441158 E0.318549
G1 X106.634682 Y106.248795 Z21.444396 E0.318541
G1 X107.211877 Y105.6975 Z21.447634 E0.318534
G1 X107.803292 Y105.161515 Z21.450872 E0.318526
G1 X108.40852 Y104.641208 Z21.45411 E0.318519
G1 X109.027146 Y104.136935 Z21.457348 E0.318511
G1 X109.658746 Y103.649039 Z21.460586 E0.318504
G1 X110.302886 Y103.177857 Z21.463823 E0.318496
G1 X110.95913 Y102.723717 Z21.467061 E0.318488
G1 X111.627021 Y102.286922 Z21.470299 E0.318481
G1 X112.306101 Y101.86777 Z21.473537 E0.318473
G1 X112.995903 Y101.466547 Z21.476775 E0.318465
G1 X113.695955 Y101.083529 Z21.480013 E0.318458
G1 X114.405777 Y100.718975 Z21.483251 E0.31845
G1 X115.124885 Y100.373146 Z21.486489 E0.318442
G1 X115.852782 Y100.046268 Z21.489727 E0.318434
G1 X116.588968 Y99.738564 Z21.492965 E0.318427
G1 X117.332938 Y99.450244 Z21.496203 E0.318419
G1 X118.084183 Y99.181504 Z21.499441 E0.318411
G1 X118.842186 Y98.932528 Z21.502679 E0.318403
G1 X119.60643 Y98.703492 Z21.505917 E0.318395
G1 X120.37639 Y98.49455 Z21.509155 E0.318387
G1 X121.151536 Y98.305839 Z21.512393 E0.318379
G1 X121.931337 Y98.137488 Z21.515631 E0.318371
G1 X122.715258 Y97.989612 Z21.518869 E0.318363
G1 X123.502761 Y97.86231 Z21.522107 E0.318356
G1 X124.293308 Y97.755672 Z21.525345 E0.318348
G1 X125.086357 Y97.669775 Z21.528583 E0.31834
G1 X125.881362 Y97.60467 Z21.531821 E0.318331
G1 X126.677778 Y97.560398 Z21.535059 E0.318323
G1 X127.47506 Y97.536991 Z21.538297 E0.318315
G1 X128.272662 Y97.534461 Z21.541535 E0.318307
G1 X129.070036 Y97.552811 Z21.544773 E0.318299
G1 X129.866636 Y97.592039 Z21.548011 E0.318291
G1 X130.661915 Y97.652104 Z21.551249 E0.318283
G1 X131.455329 Y97.732964 Z21.554487 E0.318275
G1 X132.246334 Y97.834564 Z21.557725 E0.318266
G1 X133.034389 Y97.956831 Z21.560962 E0.318258
G1 X133.818952 Y98.099682 Z21.5642 E0.31825
G1 X134.599485 Y98.263026 Z21.567438 E0.318242
G1 X135.375454 Y98.446744 Z21.570676 E0.318233
G1 X136.146327 Y98.650707 Z21.573914 E0.318225
G1 X136.911577 Y98.874772 Z21.577152 E0.318217
G1 X137.67068 Y99.118787 Z21.58039 E0.318208
G1 X138.423115 Y99.382582 Z21.583628 E0.3182
G1 X139.168365 Y99.66598 Z21.586866 E0.318192
G1 X139.90592 Y99.968789 Z21.590104 E0.318183
G1 X140.635276 Y100.290792 Z21.593342 E0.318175
G1 X141.355933 Y100.631768 Z21.59658 E0.318166
G1 X142.067399 Y100.991482 Z21.599818 E0.318158
G1 X142.769186 Y101.369687 Z21.603056 E0.318149
G1 X143.460815 Y101.766123 Z21.606294 E0.318141
G1 X144.14181 Y102.180516 Z21.609532 E0.318133
G1 X144.811707 Y102.612582 Z21.61277 E0.318124
G1 X145.470046 Y103.062024 Z21.616008 E0.318116
G1 X146.116378 Y103.528533 Z21.619246 E0.318107
G1 X146.75026 Y104.011788 Z21.622484 E0.318099
G1 X147.371257 Y104.511458 Z21.625722 E0.31809
G1 X147.978946 Y105.027198 Z21.62896 E0.318082
G1 X148.572911 Y105.558655 Z21.632198 E0.318073
G1 X149.152744 Y106.105464 Z21.635436 E0.318065
G1 X149.71805 Y106.667248 Z21.638674 E0.318056
G1 X150.268442 Y107.243623 Z21.641912 E0.318048
G1 X150.803543 Y107.834192 Z21.64515 E0.318039
G1 X151.322987 Y108.43855 Z21.648388 E0.318031
G1 X151.82642 Y109.056282 Z21.651626 E0.318023
G1 X152.313497 Y109.686963 Z21.654863 E0.318014
G1 X152.783886 Y110.330162 Z21.658101 E0.318006
G1 X153.237264 Y110.985436 Z21.661339 E0.317997
G1 X153.673322 Y111.652336 Z21.664577 E0.317989
G1 X154.091762 Y112.330404 Z21.667815 E0.31798
G1 X154.492298 Y113.019175 Z21.671053 E0.317972
G1 X154.874657 Y113.718176 Z21.674291 E0.317963
G1 X155.238578 Y114.426928 Z21.677529 E0.317955
G1 X155.583811 Y115.144944 Z21.680767 E0.317946
G1 X155.910123 Y115.871732 Z21.684005 E0.317938
G1 X156.217289 Y116.606793 Z21.687243 E0.31793
G1 X156.5051 Y117.349623 Z21.690481 E0.317921
G1 X156.773361 Y118.099713 Z21.693719 E0.317913
G1 X157.021888 Y118.856548 Z21.696957 E0.317904
G1 X157.250512 Y119.619608 Z21.700195 E0.317896
G1 X157.459077 Y120.388372 Z21.703433 E0.317887
G1 X157.647443 Y121.162311 Z21.706671 E0.317879
G1 X157.815479 Y121.940895 Z21.709909 E0.31787
G1 X157.963074 Y122.72359 Z21.713147 E0.317862
G1 X158.090125 Y123.509859 Z21.716385 E0.317853
G1 X158.196549 Y124.299164 Z21.719623 E0.317845
G1 X158.282272 Y125.090963 Z21.722861 E0.317836
G1 X158.347236 Y125.884714 Z21.726099 E0.317828
G1 X158.3914 Y126.679872 Z21.729337 E0.31782
G1 X158.414731 Y127.475892 Z21.732575 E0.317811
G1 X158.417218 Y128.272229 Z21.735813 E0.317803
G1 X158.398858 Y129.068338 Z21.739051 E0.317794
G1 X158.359666 Y129.863671 Z21.742289 E0.317786
G1 X158.29967 Y130.657685 Z21.745527 E0.317777
G1 X158.218911 Y131.449835 Z21.748764 E0.317769
G1 X158.117446 Y132.239579 Z21.752002 E0.31776
G1 X157.995346 Y133.026375 Z21.75524 E0.317752
G1 X157.852695 Y133.809684 Z21.758478 E0.317743
G1 X157.689593 Y134.58897 Z21.761716 E0.317735
G1 X157.506153 Y135.363698 Z21.764954 E0.317726
G1 X157.3025 Y136.133339 Z21.768192 E0.317718
G1 X157.078776 Y136.897364 Z21.77143 E0.317709
G1 X156.835135 Y137.655251 Z21.774668 E0.317701
G1 X156.571746 Y138.40648 Z21.777906 E0.317692
G1 X156.288789 Y139.150537 Z21.781144 E0.317684
G1 X155.98646 Y139.886912 Z21.784382 E0.317675
G1 X155.664967 Y140.615102 Z21.78762 E0.317667
G1 X155.324532 Y141.334607 Z21.790858 E0.317658
G1 X154.965387 Y142.044934 Z21.794096 E0.31765
G1 X154.587782 Y142.745599 Z21.797334 E0.317641
G1 X154.191975 Y143.43612 Z21.800572 E0.317633
G1 X153.778239 Y144.116025 Z21.80381 E0.317624
G1 X153.346859 Y144.784848 Z21.807048 E0.317616
G1 X152.898131 Y145.442133 Z21.810286 E0.317607
G1 X152.432362 Y146.087429 Z21.813524 E0.317599
G1 X151.949874 Y146.720294 Z21.816762 E0.31759
G1 X151.450999 Y147.340295 Z21.82 E0.317582
G1 X150.936078 Y147.947009 Z21.823238 E0.317573
G1 X150.405466 Y148.540019 Z21.826476 E0.317565
G1 X149.859528 Y149.118922 Z21.829714 E0.317556
G1 X149.298637 Y149.683319 Z21.832952 E0.317548
G1 X148.723179 Y150.232825 Z21.83619 E0.317539
G1 X148.13355 Y150.767065 Z21.839428 E0.317531
G1 X147.530154 Y151.285674 Z21.842666 E0.317522
G1 X146.913406 Y151.788296 Z21.845903 E0.317514
G1 X146.28373 Y152.274588 Z21.849141 E0.317505
G1 X145.641556 Y152.744217 Z21.852379 E0.317497
G1 X144.987326 Y153.196863 Z21.855617 E0.317488
G1 X144.321489 Y153.632217 Z21.858855 E0.31748
G1 X143.644503 Y154.04998 Z21.862093 E0.317471
G1 X142.956831 Y154.449868 Z21.865331 E0.317463
G1 X142.258946 Y154.831607 Z21.868569 E0.317454
G1 X141.551326 Y155.194938 Z21.871807 E0.317446
G1 X140.834456 Y155.53961 Z21.875045 E0.317437
G1 X140.10883 Y155.86539 Z21.878283 E0.317428
G1 X139.374943 Y156.172055 Z21.881521 E0.31742
G1 X138.633301 Y156.459397 Z21.884759 E0.317411
G1 X137.884411 Y156.727219 Z21.887997 E0.317403
G1 X137.128787 Y156.975339 Z21.891235 E0.317394
G1 X136.366948 Y157.203587 Z21.894473 E0.317386
G1 X135.599415 Y157.411809 Z21.897711 E0.317377
G1 X134.826716 Y157.599862 Z21.900949 E0.317369
G1 X134.049379 Y157.76762 Z21.904187 E0.31736
G1 X133.267939 Y157.914967 Z21.907425 E0.317352
G1 X132.48293 Y158.041805 Z21.910663 E0.317343
G1 X131.694892 Y158.148048 Z21.913901 E0.317334
G1 X130.904363 Y158.233623 Z21.917139 E0.317326
G1 X130.111887 Y158.298474 Z21.920377 E0.317317
G1 X129.318007 Y158.342556 Z21.923615 E0.317309
G1 X128.523265 Y158.365842 Z21.926853 E0.3173
G1 X127.728208 Y158.368315 Z21.930091 E0.317292
G1 X126.93338 Y158.349976 Z21.933329 E0.317283
G1 X126.139326 Y158.310839 Z21.936567 E0.317275
G1 X125.34659 Y158.25093 Z21.939804 E0.317266
G1 X124.555715 Y158.170292 Z21.943042 E0.317258
G1 X123.767243 Y158.068982 Z21.94628 E0.317249
G1 X122.981715 Y157.947071 Z21.949518 E0.31724
G1 X122.199668 Y157.804642 Z21.952756 E0.317232
G1 X121.421638 Y157.641795 Z21.955994 E0.317223
G1 X120.648159 Y157.458642 Z21.959232 E0.317215
G1 X119.87976 Y157.25531 Z21.96247 E0.317206
G1 X119.116967 Y157.031939 Z21.965708 E0.317198
G1 X118.360303 Y156.788684 Z21.968946 E0.317189
G1 X117.610287 Y156.525712 Z21.972184 E0.317181
G1 X116.867431 Y156.243204 Z21.975422 E0.317172
G1 X116.132245 Y155.941356 Z21.97866 E0.317163
G1 X115.405232 Y155.620375 Z21.981898 E0.317155
G1 X114.68689 Y155.280482 Z21.985136 E0.317146
G1 X113.97771 Y154.921911 Z21.988374 E0.317138
G1 X113.278178 Y154.544909 Z21.991612 E0.317129
G1 X112.588774 Y154.149736 Z21.99485 E0.317121
G1 X111.909969 Y153.736662 Z21.998088 E0.317112
G1 X111.242227 Y153.305973 Z22.001326 E0.317104
G1 X110.586006 Y152.857963 Z22.004564 E0.317095
G1 X109.941754 Y152.392942 Z22.007802 E0.317087
G1 X109.309914 Y151.911229 Z22.01104 E0.317078
G1 X108.690916 Y151.413154 Z22.014278 E0.317069
G1 X108.085185 Y150.899061 Z22.017516 E0.317061
G1 X107.493135 Y150.369301 Z22.020754 E0.317052
G1 X106.91517 Y149.82424 Z22.023992 E0.317044
G1 X106.351688 Y149.264252 Z22.02723 E0.317035
G1 X105.803071 Y148.68972 Z22.030468 E0.317027
G1 X105.269697 Y148.10104 Z22.033705 E0.317018
G1 X104.751929 Y147.498616 Z22.036943 E0.31701
G1 X104.250122 Y146.882862 Z22.040181 E0.317001
G1 X103.764619 Y146.254199 Z22.043419 E0.316992
G1 X103.295751 Y145.613061 Z22.046657 E0.316984
G1 X102.843839 Y144.959886 Z22.049895 E0.316975
G1 X102.409191 Y144.295123 Z22.053133 E0.316967
G1 X101.992108 Y143.619227 Z22.056371 E0.316958
G1 X101.592875 Y142.932661 Z22.059609 E0.31695
G1 X101.211761 Y142.235899 Z22.062847 E0.316941
G1 X100.849026 Y141.529419 Z22.066085 E0.316932
G1 X100.504919 Y140.813704 Z22.069323 E0.316924
G1 X100.179674 Y140.089247 Z22.072561 E0.316915
G1 X99.873513 Y139.356544 Z22.075799 E0.316907
G1 X99.586651 Y138.616096 Z22.079037 E0.316898
G1 X99.319276 Y137.868413 Z22.082275 E0.316889
G1 X99.071573 Y137.114007 Z22.085513 E0.316881
G1 X98.843708 Y136.353397 Z22.088751 E0.316872
G1 X98.635838 Y135.587104 Z22.091989 E0.316863
G1 X98.448103 Y134.815653 Z22.095227 E0.316854
G1 X98.280637 Y134.039572 Z22.098465 E0.316846
G1 X98.133549 Y133.259395 Z22.101703 E0.316837
G1 X98.006937 Y132.475657 Z22.104941 E0.316828
G1 X97.900888 Y131.688894 Z22.108179 E0.316819
;WIDTH:1.200
; LINE_WIDTH: 1.200
;Z:22.878
;HEIGHT:0.769
G1 X97.815464 Y130.899648 Z22.111385 E0.316811
G1 X97.750731 Y130.108458 Z22.114591 E0.316802
G1 X97.706736 Y129.315865 Z22.117796 E0.316793
G1 X97.683508 Y128.522415 Z22.121002 E0.316785
G1 X97.681057 Y127.72865 Z22.124208 E0.316776
G1 X97.699386 Y126.935115 Z22.127414 E0.316767
G1 X97.738479 Y126.142354 Z22.13062 E0.316758
G1 X97.798309 Y125.350909 Z22.133826 E0.31675
G1 X97.878836 Y124.561324 Z22.137032 E0.316741
G1 X97.980006 Y123.774139 Z22.140238 E0.316732
G1 X98.101744 Y122.989895 Z22.143444 E0.316723
G1 X98.243966 Y122.209127 Z22.14665 E0.316715
G1 X98.406573 Y121.432372 Z22.149856 E0.316706
G1 X98.589452 Y120.660161 Z22.153062 E0.316697
G1 X98.792477 Y119.893023 Z22.156268 E0.316688
G1 X99.015512 Y119.131486 Z22.159473 E0.316679
G1 X99.2584 Y118.376069 Z22.162679 E0.31667
G1 X99.520972 Y117.62729 Z22.165885 E0.316662
G1 X99.803047 Y116.885662 Z22.169091 E0.316653
G1 X100.10443 Y116.151692 Z22.172297 E0.316644
G1 X100.424915 Y115.425884 Z22.175503 E0.316635
G1 X100.764281 Y114.708735 Z22.178709 E0.316626
G1 X101.122298 Y114.000736 Z22.181915 E0.316617
G1 X101.498715 Y113.302372 Z22.185121 E0.316608
G1 X101.893272 Y112.614121 Z22.188327 E0.316599
G1 X102.305699 Y111.936452 Z22.191533 E0.31659
G1 X102.735712 Y111.269831 Z22.194739 E0.316581
G1 X103.183015 Y110.614713 Z22.197945 E0.316573
G1 X103.647306 Y109.97155 Z22.20115 E0.316564
G1 X104.12826 Y109.34078 Z22.204356 E0.316555
G1 X104.625547 Y108.722833 Z22.207562 E0.316546
G1 X105.138825 Y108.118133 Z22.210768 E0.316537
G1 X105.667741 Y107.527093 Z22.213974 E0.316528
G1 X106.211932 Y106.950117 Z22.21718 E0.316518
G1 X106.771027 Y106.387603 Z22.220386 E0.316509
G1 X107.344641 Y105.839935 Z22.223592 E0.3165
G1 X107.932377 Y105.307485 Z22.226798 E0.316491
G1 X108.533833 Y104.790618 Z22.230004 E0.316482
G1 X109.148595 Y104.289686 Z22.23321 E0.316473
G1 X109.776241 Y103.805033 Z22.236416 E0.316464
G1 X110.41634 Y103.336988 Z22.239622 E0.316455
G1 X111.068454 Y102.885874 Z22.242827 E0.316446
G1 X111.732133 Y102.451996 Z22.246033 E0.316437
G1 X112.406924 Y102.035652 Z22.249239 E0.316428
G1 X113.092362 Y101.637126 Z22.252445 E0.316419
G1 X113.787978 Y101.256691 Z22.255651 E0.31641
G1 X114.493294 Y100.894605 Z22.258857 E0.316401
G1 X115.207826 Y100.551117 Z22.262063 E0.316392
G1 X115.931083 Y100.226459 Z22.265269 E0.316382
G1 X116.662571 Y99.920855 Z22.268475 E0.316373
G1 X117.401786 Y99.634511 Z22.271681 E0.316364
G1 X118.148222 Y99.367624 Z22.274887 E0.316355
G1 X118.901368 Y99.120374 Z22.278093 E0.316346
G1 X119.660705 Y98.892931 Z22.281299 E0.316337
G1 X120.425714 Y98.685449 Z22.284504 E0.316328
G1 X121.195871 Y98.498069 Z22.28771 E0.316319
G1 X121.970646 Y98.330919 Z22.290916 E0.31631
G1 X122.749509 Y98.184111 Z22.294122 E0.316301
G1 X123.531925 Y98.057745 Z22.297328 E0.316292
G1 X124.317359 Y97.951907 Z22.300534 E0.316283
G1 X125.105271 Y97.866668 Z22.30374 E0.316274
G1 X125.895122 Y97.802086 Z22.306946 E0.316264
G1 X126.68637 Y97.758202 Z22.310152 E0.316255
G1 X127.478473 Y97.735047 Z22.313358 E0.316246
G1 X128.270888 Y97.732635 Z22.316564 E0.316237
G1 X129.063072 Y97.750966 Z22.31977 E0.316228
G1 X129.854482 Y97.790026 Z22.322976 E0.316219
G1 X130.644576 Y97.849788 Z22.326181 E0.31621
G1 X131.432811 Y97.93021 Z22.329387 E0.316201
G1 X132.218649 Y98.031235 Z22.332593 E0.316192
G1 X133.001551 Y98.152793 Z22.335799 E0.316183
G1 X133.78098 Y98.294798 Z22.339005 E0.316174
G1 X134.556402 Y98.457154 Z22.342211 E0.316165
G1 X135.327287 Y98.639747 Z22.345417 E0.316156
G1 X136.093105 Y98.842451 Z22.348623 E0.316146
G1 X136.853334 Y99.065126 Z22.351829 E0.316137
G1 X137.607451 Y99.307618 Z22.355035 E0.316128
G1 X138.35494 Y99.56976 Z22.358241 E0.316119
G1 X139.09529 Y99.851371 Z22.361447 E0.31611
G1 X139.827994 Y100.152258 Z22.364653 E0.316101
G1 X140.552549 Y100.472211 Z22.367858 E0.316092
G1 X141.26846 Y100.811013 Z22.371064 E0.316083
G1 X141.975237 Y101.168428 Z22.37427 E0.316074
G1 X142.672395 Y101.544211 Z22.377476 E0.316065
G1 X143.359458 Y101.938104 Z22.380682 E0.316056
G1 X144.035953 Y102.349839 Z22.383888 E0.316047
G1 X144.701418 Y102.77913 Z22.387094 E0.316038
G1 X145.355398 Y103.225682 Z22.3903 E0.316028
G1 X145.997446 Y103.689186 Z22.393506 E0.316019
G1 X146.627123 Y104.169324 Z22.396712 E0.31601
G1 X147.243997 Y104.665767 Z22.399918 E0.316001
G1 X147.847646 Y105.178174 Z22.403124 E0.315992
G1 X148.437655 Y105.706195 Z22.406329 E0.315983
G1 X149.013622 Y106.249464 Z22.409535 E0.315973
G1 X149.575155 Y106.807608 Z22.412741 E0.315964
G1 X150.121869 Y107.380243 Z22.415947 E0.315955
G1 X150.653391 Y107.966976 Z22.419153 E0.315946
G1 X151.169356 Y108.567404 Z22.422359 E0.315937
G1 X151.669407 Y109.181118 Z22.425565 E0.315927
G1 X152.153208 Y109.807694 Z22.428771 E0.315918
G1 X152.620427 Y110.446701 Z22.431977 E0.315909
G1 X153.070746 Y111.0977 Z22.435183 E0.315899
G1 X153.503856 Y111.760245 Z22.438389 E0.31589
G1 X153.919463 Y112.43388 Z22.441595 E0.315881
G1 X154.317278 Y113.118146 Z22.444801 E0.315872
G1 X154.697031 Y113.812571 Z22.448006 E0.315862
G1 X155.058466 Y114.516678 Z22.451212 E0.315853
G1 X155.401335 Y115.229985 Z22.454418 E0.315844
G1 X155.725405 Y115.952 Z22.457624 E0.315834
G1 X156.030455 Y116.68223 Z22.46083 E0.315825
G1 X156.316275 Y117.420174 Z22.464036 E0.315816
G1 X156.582667 Y118.165326 Z22.467242 E0.315806
G1 X156.829455 Y118.917174 Z22.470448 E0.315797
G1 X157.05647 Y119.675202 Z22.473654 E0.315787
G1 X157.263559 Y120.43889 Z22.47686 E0.315778
G1 X157.45058 Y121.207714 Z22.480066 E0.315769
G1 X157.617407 Y121.981147 Z22.483272 E0.315759
G1 X157.76392 Y122.75866 Z22.486478 E0.31575
G1 X157.890025 Y123.539719 Z22.489683 E0.31574
G1 X157.995638 Y124.323787 Z22.492889 E0.315731
G1 X158.080689 Y125.110328 Z22.496095 E0.315721
G1 X158.145118 Y125.898802 Z22.499301 E0.315712
G1 X158.188885 Y126.688669 Z22.502507 E0.315702
G1 X158.211956 Y127.479387 Z22.505713 E0.315693
G1 X158.214317 Y128.270414 Z22.508919 E0.315683
G1 X158.195972 Y129.061207 Z22.512125 E0.315674
G1 X158.156933 Y129.851226 Z22.515331 E0.315664
G1 X158.097229 Y130.639928 Z22.518537 E0.315655
G1 X158.016903 Y131.426774 Z22.521743 E0.315645
G1 X157.916008 Y132.211223 Z22.524949 E0.315636
G1 X157.794612 Y132.992737 Z22.528155 E0.315626
G1 X157.652804 Y133.770783 Z22.53136 E0.315616
G1 X157.490683 Y134.544826 Z22.534566 E0.315607
G1 X157.308361 Y135.314336 Z22.537772 E0.315597
G1 X157.105964 Y136.078787 Z22.540978 E0.315587
G1 X156.883632 Y136.837655 Z22.544184 E0.315578
G1 X156.641514 Y137.590418 Z22.54739 E0.315568
G1 X156.37978 Y138.336562 Z22.550596 E0.315559
G1 X156.098614 Y139.075576 Z22.553802 E0.315549
G1 X155.798207 Y139.806954 Z22.557008 E0.315539
G1 X155.478768 Y140.530196 Z22.560214 E0.31553
G1 X155.140517 Y141.244806 Z22.56342 E0.31552
G1 X154.783686 Y141.950295 Z22.566626 E0.31551
G1 X154.408521 Y142.646181 Z22.569832 E0.3155
G1 X154.015281 Y143.331986 Z22.573037 E0.315491
G1 X153.604236 Y144.007241 Z22.576243 E0.315481
G1 X153.175669 Y144.671485 Z22.579449 E0.315471
G1 X152.729874 Y145.324263 Z22.582655 E0.315462
G1 X152.267159 Y145.965127 Z22.585861 E0.315452
G1 X151.787841 Y146.593641 Z22.589067 E0.315442
G1 X151.292249 Y147.209373 Z22.592273 E0.315433
G1 X150.780726 Y147.811902 Z22.595479 E0.315423
G1 X150.253621 Y148.400817 Z22.598685 E0.315413
G1 X149.711298 Y148.975714 Z22.601891 E0.315404
G1 X149.154128 Y149.5362 Z22.605097 E0.315394
G1 X148.582496 Y150.081893 Z22.608303 E0.315384
G1 X147.996792 Y150.612419 Z22.611509 E0.315375
G1 X147.39742 Y151.127415 Z22.614714 E0.315365
G1 X146.784791 Y151.62653 Z22.61792 E0.315355
G1 X146.159326 Y152.109422 Z22.621126 E0.315346
G1 X145.521454 Y152.575762 Z22.624332 E0.315336
G1 X144.871614 Y153.02523 Z22.627538 E0.315326
G1 X144.21025 Y153.45752 Z22.630744 E0.315317
G1 X143.537818 Y153.872337 Z22.63395 E0.315307
G1 X142.854779 Y154.269397 Z22.637156 E0.315297
G1 X142.161601 Y154.64843 Z22.640362 E0.315287
G1 X141.45876 Y155.009176 Z22.643568 E0.315278
G1 X140.746739 Y155.35139 Z22.646774 E0.315268
G1 X140.026026 Y155.674838 Z22.64998 E0.315258
G1 X139.297115 Y155.9793 Z22.653186 E0.315249
G1 X138.560507 Y156.264568 Z22.656391 E0.315239
G1 X137.816706 Y156.530448 Z22.659597 E0.315229
G1 X137.066224 Y156.776759 Z22.662803 E0.31522
G1 X136.309574 Y157.003333 Z22.666009 E0.31521
G1 X135.547276 Y157.210017 Z22.669215 E0.3152
G1 X134.779852 Y157.396669 Z22.672421 E0.315191
G1 X134.007829 Y157.563163 Z22.675627 E0.315181
G1 X133.231737 Y157.709386 Z22.678833 E0.315171
G1 X132.452106 Y157.83524 Z22.682039 E0.315162
G1 X131.669472 Y157.940639 Z22.685245 E0.315152
G1 X130.884372 Y158.025512 Z22.688451 E0.315142
G1 X130.097342 Y158.089803 Z22.691657 E0.315133
G1 X129.308924 Y158.133468 Z22.694863 E0.315123
G1 X128.519658 Y158.156479 Z22.698068 E0.315113
G1 X127.730083 Y158.158822 Z22.701274 E0.315104
G1 X126.940742 Y158.140496 Z22.70448 E0.315094
G1 X126.152176 Y158.101514 Z22.707686 E0.315084
G1 X125.364925 Y158.041893 Z22.710892 E0.315074
G1 X124.57953 Y157.961686 Z22.714098 E0.315065
G1 X123.796528 Y157.86095 Z22.717304 E0.315055
G1 X123.016455 Y157.739756 Z22.72051 E0.315045
G1 X122.239846 Y157.598188 Z22.723716 E0.315035
G1 X121.467234 Y157.436344 Z22.726922 E0.315025
G1 X120.699148 Y157.254329 Z22.730128 E0.315015
G1 X119.936116 Y157.052271 Z22.733334 E0.315006
G1 X119.178659 Y156.830315 Z22.73654 E0.314996
G1 X118.427295 Y156.588615 Z22.739745 E0.314986
G1 X117.682539 Y156.327338 Z22.742951 E0.314976
G1 X116.944901 Y156.046664 Z22.746157 E0.314966
G1 X116.214887 Y155.746784 Z22.749363 E0.314956
G1 X115.493001 Y155.427897 Z22.752569 E0.314946
G1 X114.779733 Y155.090233 Z22.755775 E0.314936
G1 X114.07557 Y154.734025 Z22.758981 E0.314925
G1 X113.380996 Y154.359519 Z22.762187 E0.314915
G1 X112.696485 Y153.966971 Z22.765393 E0.314905
G1 X112.022506 Y153.556653 Z22.768599 E0.314895
G1 X111.359527 Y153.128837 Z22.771805 E0.314885
G1 X110.707996 Y152.683825 Z22.775011 E0.314875
G1 X110.068358 Y152.221926 Z22.778217 E0.314864
G1 X109.441051 Y151.743457 Z22.781422 E0.314854
G1 X108.826504 Y151.248747 Z22.784628 E0.314844
G1 X108.225138 Y150.738136 Z22.787834 E0.314834
G1 X107.637366 Y150.21197 Z22.79104 E0.314823
G1 X107.063594 Y149.670612 Z22.794246 E0.314813
G1 X106.504208 Y149.114437 Z22.797452 E0.314803
G1 X105.95959 Y148.543829 Z22.800658 E0.314792
G1 X105.430114 Y147.959179 Z22.803864 E0.314782
G1 X104.91614 Y147.360889 Z22.80707 E0.314771
G1 X104.418021 Y146.74937 Z22.810276 E0.314761
G1 X103.936107 Y146.125033 Z22.813482 E0.314751
G1 X103.470717 Y145.488317 Z22.816688 E0.31474
G1 X103.022168 Y144.839659 Z22.819893 E0.314729
G1 X102.590767 Y144.179503 Z22.823099 E0.314719
G1 X102.176809 Y143.508303 Z22.826305 E0.314708
G1 X101.780576 Y142.82652 Z22.829511 E0.314698
G1 X101.402348 Y142.134617 Z22.832717 E0.314687
G1 X101.042376 Y141.433072 Z22.835923 E0.314677
G1 X100.700904 Y140.722368 Z22.839129 E0.314666
G1 X100.378164 Y140.002994 Z22.842335 E0.314655
G1 X100.074376 Y139.275442 Z22.845541 E0.314645
G1 X99.789746 Y138.540213 Z22.848747 E0.314634
G1 X99.524475 Y137.797809 Z22.851953 E0.314623
G1 X99.278744 Y137.048737 Z22.855159 E0.314612
G1 X99.052714 Y136.293516 Z22.858365 E0.314602
G1 X98.846538 Y135.532663 Z22.86157 E0.314591
G1 X98.660356 Y134.766701 Z22.864776 E0.31458
G1 X98.494294 Y133.996153 Z22.867982 E0.314569
G1 X98.348464 Y133.221549 Z22.871188 E0.314558
G1 X98.222979 Y132.443418 Z22.874394 E0.314547
G1 X98.11791 Y131.662296 Z22.8776 E0.314536
;WIDTH:1.200
; LINE_WIDTH: 1.200
;Z:23.637
;HEIGHT:0.760
G1 X98.033314 Y130.87872 Z22.880765 E0.314525
G1 X97.969261 Y130.093225 Z22.88393 E0.314515
G1 X97.925793 Y129.30635 Z22.887094 E0.314504
G1 X97.902939 Y128.518634 Z22.890259 E0.314493
G1 X97.900713 Y127.730616 Z22.893424 E0.314482
G1 X97.919114 Y126.942837 Z22.896588 E0.314471
G1 X97.95813 Y126.155837 Z22.899753 E0.31446
G1 X98.017732 Y125.370155 Z22.902918 E0.31445
G1 X98.097877 Y124.58633 Z22.906083 E0.314439
G1 X98.19851 Y123.804898 Z22.909247 E0.314428
G1 X98.319559 Y123.026394 Z22.912412 E0.314417
G1 X98.460941 Y122.251353 Z22.915577 E0.314406
G1 X98.622558 Y121.480305 Z22.918742 E0.314395
G1 X98.804296 Y120.713779 Z22.921906 E0.314385
G1 X99.00603 Y119.952298 Z22.925071 E0.314374
G1 X99.227621 Y119.196386 Z22.928236 E0.314363
G1 X99.468916 Y118.446559 Z22.9314 E0.314352
G1 X99.729746 Y117.70333 Z22.934565 E0.314341
G1 X100.009934 Y116.96721 Z22.93773 E0.31433
G1 X100.309284 Y116.238701 Z22.940895 E0.31432
G1 X100.627591 Y115.518303 Z22.944059 E0.314309
G1 X100.964635 Y114.806509 Z22.947224 E0.314298
G1 X101.320184 Y114.103805 Z22.950389 E0.314287
G1 X101.693993 Y113.410674 Z22.953553 E0.314276
G1 X102.085804 Y112.727588 Z22.956718 E0.314266
G1 X102.495348 Y112.055017 Z22.959883 E0.314255
G1 X102.922343 Y111.393419 Z22.963048 E0.314244
G1 X103.366495 Y110.743248 Z22.966212 E0.314233
G1 X103.827499 Y110.104948 Z22.969377 E0.314222
G1 X104.305037 Y109.478956 Z22.972542 E0.314211
G1 X104.798781 Y108.865701 Z22.975707 E0.314201
G1 X105.308391 Y108.265601 Z22.978871 E0.31419
G1 X105.833517 Y107.679067 Z22.982036 E0.314179
G1 X106.373798 Y107.106499 Z22.985201 E0.314168
G1 X106.928864 Y106.548291 Z22.988365 E0.314157
G1 X107.498331 Y106.004822 Z22.99153 E0.314146
G1 X108.08181 Y105.476464 Z22.994695 E0.314136
G1 X108.678899 Y104.963579 Z22.99786 E0.314125
G1 X109.289188 Y104.466517 Z23.001024 E0.314114
G1 X109.912258 Y103.985617 Z23.004189 E0.314103
G1 X110.547681 Y103.521209 Z23.007354 E0.314092
G1 X111.195021 Y103.073608 Z23.010518 E0.314081
G1 X111.853833 Y102.643121 Z23.013683 E0.314071
G1 X112.523665 Y102.230041 Z23.016848 E0.31406
G1 X113.204057 Y101.83465 Z23.020013 E0.314049
G1 X113.894543 Y101.457218 Z23.023177 E0.314038
G1 X114.594647 Y101.098002 Z23.026342 E0.314027
G1 X115.30389 Y100.757248 Z23.029507 E0.314016
G1 X116.021786 Y100.435188 Z23.032672 E0.314006
G1 X116.747841 Y100.132041 Z23.035836 E0.313995
G1 X117.481557 Y99.848013 Z23.039001 E0.313984
G1 X118.222431 Y99.583297 Z23.042166 E0.313973
G1 X118.969955 Y99.338075 Z23.04533 E0.313962
G1 X119.723616 Y99.112512 Z23.048495 E0.313952
G1 X120.482897 Y98.906763 Z23.05166 E0.313941
G1 X121.247278 Y98.720966 Z23.054825 E0.31393
G1 X122.016234 Y98.555246 Z23.057989 E0.313919
G1 X122.789237 Y98.409718 Z23.061154 E0.313908
G1 X123.565759 Y98.284478 Z23.064319 E0.313898
G1 X124.345266 Y98.179612 Z23.067484 E0.313887
G1 X125.127224 Y98.09519 Z23.070648 E0.313876
G1 X125.911097 Y98.031268 Z23.073813 E0.313865
G1 X126.696347 Y97.987889 Z23.076978 E0.313854
G1 X127.482437 Y97.965081 Z23.080142 E0.313844
G1 X128.268828 Y97.962858 Z23.083307 E0.313833
G1 X129.05498 Y97.98122 Z23.086472 E0.313822
G1 X129.840355 Y98.020154 Z23.089637 E0.313811
G1 X130.624415 Y98.079631 Z23.092801 E0.3138
G1 X131.406623 Y98.159609 Z23.095966 E0.31379
G1 X132.186442 Y98.260032 Z23.099131 E0.313779
G1 X132.963339 Y98.380829 Z23.102295 E0.313768
G1 X133.73678 Y98.521917 Z23.10546 E0.313757
G1 X134.506237 Y98.683197 Z23.108625 E0.313746
G1 X135.271182 Y98.864558 Z23.11179 E0.313736
G1 X136.031091 Y99.065874 Z23.114954 E0.313725
G1 X136.785445 Y99.287004 Z23.118119 E0.313714
G1 X137.533725 Y99.527797 Z23.121284 E0.313703
G1 X138.275421 Y99.788087 Z23.124449 E0.313693
G1 X139.010023 Y100.067693 Z23.127613 E0.313682
G1 X139.73703 Y100.366422 Z23.130778 E0.313671
G1 X140.455943 Y100.684069 Z23.133943 E0.31366
G1 X141.16627 Y101.020415 Z23.137107 E0.31365
G1 X141.867526 Y101.375227 Z23.140272 E0.313639
G1 X142.559229 Y101.748261 Z23.143437 E0.313628
G1 X143.240908 Y102.13926 Z23.146602 E0.313617
G1 X143.912094 Y102.547956 Z23.149766 E0.313606
G1 X144.572329 Y102.974067 Z23.152931 E0.313596
G1 X145.221162 Y103.417299 Z23.156096 E0.313585
G1 X145.858148 Y103.877348 Z23.159261 E0.313574
G1 X146.482852 Y104.353897 Z23.162425 E0.313563
G1 X147.094847 Y104.846619 Z23.16559 E0.313553
G1 X147.693713 Y105.355174 Z23.168755 E0.313542
G1 X148.279041 Y105.879214 Z23.171919 E0.313531
G1 X148.850431 Y106.418378 Z23.175084 E0.31352
G1 X149.407493 Y106.972295 Z23.178249 E0.31351
G1 X149.949846 Y107.540585 Z23.181414 E0.313499
G1 X150.477119 Y108.122857 Z23.184578 E0.313488
G1 X150.988952 Y108.718712 Z23.187743 E0.313477
G1 X151.484995 Y109.32774 Z23.190908 E0.313467
G1 X151.964908 Y109.949522 Z23.194072 E0.313456
G1 X152.428365 Y110.583633 Z23.197237 E0.313445
G1 X152.875049 Y111.229636 Z23.200402 E0.313434
G1 X153.304654 Y111.887088 Z23.203567 E0.313424
G1 X153.716888 Y112.555538 Z23.206731 E0.313413
G1 X154.11147 Y113.234526 Z23.209896 E0.313402
G1 X154.488129 Y113.923587 Z23.213061 E0.313391
G1 X154.846609 Y114.622247 Z23.216226 E0.313381
G1 X155.186666 Y115.330028 Z23.21939 E0.31337
G1 X155.508068 Y116.046444 Z23.222555 E0.313359
G1 X155.810596 Y116.771002 Z23.22572 E0.313348
G1 X156.094043 Y117.503207 Z23.228884 E0.313338
G1 X156.358218 Y118.242555 Z23.232049 E0.313327
G1 X156.602939 Y118.988539 Z23.235214 E0.313316
G1 X156.828042 Y119.740648 Z23.238379 E0.313306
G1 X157.033372 Y120.498365 Z23.241543 E0.313295
G1 X157.218791 Y121.261172 Z23.244708 E0.313284
G1 X157.384172 Y122.028545 Z23.247873 E0.313273
G1 X157.529405 Y122.799958 Z23.251037 E0.313263
G1 X157.65439 Y123.574881 Z23.254202 E0.313252
G1 X157.759044 Y124.352784 Z23.257367 E0.313241
G1 X157.843295 Y125.133133 Z23.260532 E0.31323
G1 X157.907089 Y125.915393 Z23.263696 E0.31322
G1 X157.950381 Y126.699029 Z23.266861 E0.313209
G1 X157.973145 Y127.483502 Z23.270026 E0.313198
G1 X157.975366 Y128.268275 Z23.273191 E0.313187
G1 X157.957044 Y129.052811 Z23.276355 E0.313177
G1 X157.918193 Y129.836571 Z23.27952 E0.313166
G1 X157.85884 Y130.619019 Z23.282685 E0.313155
G1 X157.779029 Y131.399618 Z23.285849 E0.313144
G1 X157.678814 Y132.177834 Z23.289014 E0.313134
G1 X157.558267 Y132.953133 Z23.292179 E0.313123
G1 X157.417471 Y133.724984 Z23.295344 E0.313112
G1 X157.256524 Y134.492859 Z23.298508 E0.313101
G1 X157.075537 Y135.256232 Z23.301673 E0.313091
G1 X156.874637 Y136.014579 Z23.304838 E0.31308
G1 X156.653962 Y136.767382 Z23.308003 E0.313069
G1 X156.413664 Y137.514124 Z23.311167 E0.313058
G1 X156.15391 Y138.254295 Z23.314332 E0.313048
G1 X155.87488 Y138.987387 Z23.317497 E0.313037
G1 X155.576765 Y139.712899 Z23.320661 E0.313026
G1 X155.259772 Y140.430335 Z23.323826 E0.313015
G1 X154.924118 Y141.139202 Z23.326991 E0.313005
G1 X154.570035 Y141.839015 Z23.330156 E0.312994
G1 X154.197768 Y142.529297 Z23.33332 E0.312983
G1 X153.807572 Y143.209573 Z23.336485 E0.312972
G1 X153.399716 Y143.87938 Z23.33965 E0.312962
G1 X152.974478 Y144.538255 Z23.342814 E0.312951
G1 X152.532151 Y145.18575 Z23.345979 E0.31294
G1 X152.073042 Y145.821422 Z23.349144 E0.312929
G1 X151.597468 Y146.444837 Z23.352309 E0.312919
G1 X151.105754 Y147.055567 Z23.355473 E0.312908
G1 X150.598239 Y147.653197 Z23.358638 E0.312897
G1 X150.07527 Y148.237315 Z23.361803 E0.312886
G1 X149.537206 Y148.80752 Z23.364968 E0.312875
G1 X148.984419 Y149.363425 Z23.368132 E0.312864
G1 X148.417289 Y149.904651 Z23.371297 E0.312853
G1 X147.836206 Y150.430828 Z23.374462 E0.312843
G1 X147.241569 Y150.941595 Z23.377626 E0.312832
G1 X146.633787 Y151.436604 Z23.380791 E0.312821
G1 X146.013273 Y151.915513 Z23.383956 E0.31281
G1 X145.380457 Y152.377998 Z23.387121 E0.312799
G1 X144.735775 Y152.823743 Z23.390285 E0.312788
G1 X144.079667 Y153.252445 Z23.39345 E0.312777
G1 X143.412586 Y153.663811 Z23.396615 E0.312766
G1 X142.734989 Y154.057559 Z23.39978 E0.312755
G1 X142.04734 Y154.43342 Z23.402944 E0.312744
G1 X141.35011 Y154.791136 Z23.406109 E0.312733
G1 X140.64378 Y155.130466 Z23.409274 E0.312722
G1 X139.928835 Y155.451178 Z23.412438 E0.312711
G1 X139.205765 Y155.753055 Z23.415603 E0.3127
G1 X138.475066 Y156.035891 Z23.418768 E0.312689
G1 X137.73724 Y156.299493 Z23.421933 E0.312678
G1 X136.99279 Y156.543676 Z23.425097 E0.312667
G1 X136.24223 Y156.76828 Z23.428262 E0.312656
G1 X135.486075 Y156.973153 Z23.431427 E0.312645
G1 X134.724843 Y157.158154 Z23.434591 E0.312634
G1 X133.959056 Y157.32316 Z23.437756 E0.312623
G1 X133.189239 Y157.468058 Z23.440921 E0.312612
G1 X132.415921 Y157.592747 Z23.444086 E0.312601
G1 X131.63963 Y157.697144 Z23.44725 E0.31259
G1 X130.8609 Y157.781181 Z23.450415 E0.312579
G1 X130.080265 Y157.844802 Z23.45358 E0.312567
G1 X129.29826 Y157.887965 Z23.456745 E0.312556
G1 X128.515421 Y157.910642 Z23.459909 E0.312545
G1 X127.732285 Y157.912819 Z23.463074 E0.312534
G1 X126.949388 Y157.894489 Z23.466239 E0.312523
G1 X126.167267 Y157.855673 Z23.469403 E0.312512
G1 X125.386458 Y157.796399 Z23.472568 E0.3125
G1 X124.607497 Y157.716708 Z23.475733 E0.312489
G1 X123.830916 Y157.616658 Z23.478898 E0.312478
G1 X123.057248 Y157.496318 Z23.482062 E0.312467
G1 X122.287024 Y157.355768 Z23.485227 E0.312456
G1 X121.520771 Y157.195108 Z23.488392 E0.312444
G1 X120.759013 Y157.014451 Z23.491556 E0.312433
G1 X120.002273 Y156.813922 Z23.494721 E0.312422
G1 X119.251069 Y156.593661 Z23.497886 E0.312411
G1 X118.505914 Y156.35382 Z23.501051 E0.312399
G1 X117.767321 Y156.094563 Z23.504215 E0.312388
G1 X117.035795 Y155.816067 Z23.50738 E0.312377
G1 X116.311836 Y155.518527 Z23.510545 E0.312365
G1 X115.595941 Y155.20215 Z23.51371 E0.312354
G1 X114.888598 Y154.867153 Z23.516874 E0.312343
G1 X114.190291 Y154.513768 Z23.520039 E0.312331
G1 X113.5015 Y154.142238 Z23.523204 E0.31232
G1 X112.822695 Y153.752819 Z23.526368 E0.312309
G1 X112.154341 Y153.345779 Z23.529533 E0.312297
G1 X111.496894 Y152.921398 Z23.532698 E0.312286
G1 X110.850806 Y152.479969 Z23.535863 E0.312275
G1 X110.216517 Y152.021795 Z23.539027 E0.312263
G1 X109.594461 Y151.547191 Z23.542192 E0.312252
G1 X108.985065 Y151.056485 Z23.545357 E0.312241
G1 X108.388744 Y150.550013 Z23.548522 E0.312229
G1 X107.805907 Y150.028123 Z23.551686 E0.312218
G1 X107.236952 Y149.491175 Z23.554851 E0.312207
G1 X106.682267 Y148.939537 Z23.558016 E0.312195
G1 X106.142232 Y148.373589 Z23.56118 E0.312184
G1 X105.617216 Y147.793719 Z23.564345 E0.312173
G1 X105.107578 Y147.200326 Z23.56751 E0.312161
G1 X104.613666 Y146.593818 Z23.570675 E0.31215
G1 X104.135817 Y145.974611 Z23.573839 E0.312139
G1 X103.674357 Y145.34313 Z23.577004 E0.312128
G1 X103.229602 Y144.69981 Z23.580169 E0.312116
G1 X102.801855 Y144.045091 Z23.583333 E0.312105
G1 X102.391408 Y143.379424 Z23.586498 E0.312094
G1 X101.998541 Y142.703265 Z23.589663 E0.312082
G1 X101.623522 Y142.017079 Z23.592828 E0.312071
G1 X101.266607 Y141.321336 Z23.595992 E0.31206
G1 X100.928039 Y140.616515 Z23.599157 E0.312048
G1 X100.608049 Y139.903098 Z23.602322 E0.312037
G1 X100.306855 Y139.181575 Z23.605487 E0.312026
G1 X100.024661 Y138.452442 Z23.608651 E0.312014
G1 X99.76166 Y137.716198 Z23.611816 E0.312003
G1 X99.518031 Y136.973349 Z23.614981 E0.311992
G1 X99.293938 Y136.224405 Z23.618145 E0.31198
G1 X99.089536 Y135.469878 Z23.62131 E0.311969
G1 X98.904961 Y134.710287 Z23.624475 E0.311958
G1 X98.740339 Y133.946152 Z23.62764 E0.311946
G1 X98.595782 Y133.177997 Z23.630804 E0.311935
G1 X98.471386 Y132.40635 Z23.633969 E0.311924
G1 X98.367237 Y131.631739 Z23.637134 E0.311912
;WIDTH:1.200
; LINE_WIDTH: 1.200
;Z:24.386
;HEIGHT:0.749
G1 X98.283387 Y130.854697 Z23.640253 E0.309446
G1 X98.21991 Y130.075755 Z23.643373 E0.309435
G1 X98.176846 Y129.295445 Z23.646493 E0.309424
G1 X98.154224 Y128.514303 Z23.649613 E0.309413
G1 X98.152058 Y127.732865 Z23.652732 E0.309401
G1 X98.170347 Y126.951666 Z23.655852 E0.30939
G1 X98.209078 Y126.171242 Z23.658972 E0.309379
G1 X98.268223 Y125.392127 Z23.662091 E0.309368
G1 X98.34774 Y124.614854 Z23.665211 E0.309357
G1 X98.447579 Y123.839959 Z23.668331 E0.309346
G1 X98.567672 Y123.067971 Z23.671451 E0.309335
G1 X98.707926 Y122.29942 Z23.67457 E0.309324
G1 X98.868246 Y121.534831 Z23.67769 E0.309312
G1 X99.048518 Y120.774728 Z23.68081 E0.309301
G1 X99.248619 Y120.019632 Z23.683929 E0.30929
G1 X99.468409 Y119.270061 Z23.687049 E0.309279
G1 X99.707749 Y118.52653 Z23.690169 E0.309267
G1 X99.966462 Y117.789548 Z23.693289 E0.309256
G1 X100.244369 Y117.059617 Z23.696408 E0.309245
G1 X100.541277 Y116.337237 Z23.699528 E0.309233
G1 X100.856981 Y115.622904 Z23.702648 E0.309222
G1 X101.191263 Y114.917105 Z23.705767 E0.309211
G1 X101.543899 Y114.220327 Z23.708887 E0.309199
G1 X101.914647 Y113.533049 Z23.712007 E0.309188
G1 X102.303245 Y112.855736 Z23.715127 E0.309176
G1 X102.709425 Y112.188853 Z23.718246 E0.309165
G1 X103.132906 Y111.532855 Z23.721366 E0.309153
G1 X103.573398 Y110.888192 Z23.724486 E0.309142
G1 X104.030598 Y110.255303 Z23.727605 E0.30913
G1 X104.504199 Y109.634631 Z23.730725 E0.309118
G1 X104.993869 Y109.026593 Z23.733845 E0.309107
G1 X105.499269 Y108.431604 Z23.736965 E0.309095
G1 X106.020051 Y107.85007 Z23.740084 E0.309083
G1 X106.555857 Y107.28239 Z23.743204 E0.309072
G1 X107.106319 Y106.728951 Z23.746324 E0.30906
G1 X107.671061 Y106.190135 Z23.749443 E0.309048
G1 X108.249699 Y105.666314 Z23.752563 E0.309037
G1 X108.841828 Y105.157839 Z23.755683 E0.309025
G1 X109.447042 Y104.665057 Z23.758802 E0.309013
G1 X110.064924 Y104.188306 Z23.761922 E0.309001
G1 X110.69505 Y103.727909 Z23.765042 E0.308989
G1 X111.336987 Y103.284182 Z23.768162 E0.308977
G1 X111.9903 Y102.857436 Z23.771281 E0.308966
G1 X112.654537 Y102.447958 Z23.774401 E0.308954
G1 X113.329239 Y102.056023 Z23.777521 E0.308942
G1 X114.013943 Y101.681898 Z23.78064 E0.30893
G1 X114.708179 Y101.325839 Z23.78376 E0.308918
G1 X115.41147 Y100.988087 Z23.78688 E0.308906
G1 X116.123335 Y100.668877 Z23.79 E0.308894
G1 X116.843288 Y100.368433 Z23.793119 E0.308882
G1 X117.570831 Y100.086949 Z23.796239 E0.308869
G1 X118.305464 Y99.824617 Z23.799359 E0.308857
G1 X119.046683 Y99.581615 Z23.802478 E0.308845
G1 X119.79398 Y99.358108 Z23.805598 E0.308833
G1 X120.546842 Y99.154247 Z23.808718 E0.308821
G1 X121.304755 Y98.97018 Z23.811838 E0.308809
G1 X122.067198 Y98.806028 Z23.814957 E0.308796
G1 X122.833645 Y98.661896 Z23.818077 E0.308784
G1 X123.603572 Y98.537882 Z23.821197 E0.308772
G1 X124.376451 Y98.434069 Z23.824316 E0.30876
G1 X125.151752 Y98.350526 Z23.827436 E0.308747
G1 X125.928943 Y98.287311 Z23.830556 E0.308735
G1 X126.707493 Y98.244477 Z23.833676 E0.308723
G1 X127.486865 Y98.222038 Z23.836795 E0.30871
G1 X128.266526 Y98.220009 Z23.839915 E0.308698
G1 X129.045942 Y98.238389 Z23.843035 E0.308685
G1 X129.824578 Y98.277164 Z23.846154 E0.308673
G1 X130.601902 Y98.336306 Z23.849274 E0.308661
G1 X131.377379 Y98.415772 Z23.852394 E0.308648
G1 X132.150479 Y98.515507 Z23.855514 E0.308636
G1 X132.920673 Y98.63544 Z23.858633 E0.308623
G1 X133.687432 Y98.775488 Z23.861753 E0.308611
G1 X134.450232 Y98.935553 Z23.864873 E0.308598
G1 X135.20855 Y99.115523 Z23.867992 E0.308586
G1 X135.961866 Y99.315274 Z23.871112 E0.308574
G1 X136.709666 Y99.534668 Z23.874232 E0.308561
G1 X137.451436 Y99.773552 Z23.877351 E0.308549
G1 X138.186669 Y100.031761 Z23.880471 E0.308536
G1 X138.914862 Y100.309116 Z23.883591 E0.308524
G1 X139.635516 Y100.605427 Z23.886711 E0.308511
G1 X140.348137 Y100.920488 Z23.88983 E0.308499
G1 X141.052239 Y101.254081 Z23.89295 E0.308487
G1 X141.747339 Y101.605978 Z23.89607 E0.308474
G1 X142.432961 Y101.975934 Z23.899189 E0.308462
G1 X143.108637 Y102.363696 Z23.902309 E0.308449
G1 X143.773904 Y102.768996 Z23.905429 E0.308437
G1 X144.428308 Y103.191554 Z23.908549 E0.308424
G1 X145.0714 Y103.631081 Z23.911668 E0.308412
G1 X145.70274 Y104.087272 Z23.914788 E0.3084
G1 X146.321898 Y104.559815 Z23.917908 E0.308387
G1 X146.928449 Y105.048384 Z23.921027 E0.308375
G1 X147.521979 Y105.552643 Z23.924147 E0.308362
G1 X148.102082 Y106.072245 Z23.927267 E0.30835
G1 X148.668362 Y106.606832 Z23.930387 E0.308337
G1 X149.220432 Y107.156038 Z23.933506 E0.308325
G1 X149.757914 Y107.719485 Z23.936626 E0.308313
G1 X150.280442 Y108.296784 Z23.939746 E0.3083
G1 X150.787659 Y108.887541 Z23.942865 E0.308288
G1 X151.279217 Y109.491348 Z23.945985 E0.308275
G1 X151.754782 Y110.10779 Z23.949105 E0.308263
G1 X152.214029 Y110.736445 Z23.952225 E0.30825
G1 X152.656644 Y111.376881 Z23.955344 E0.308238
G1 X153.082326 Y112.028657 Z23.958464 E0.308226
G1 X153.490784 Y112.691326 Z23.961584 E0.308213
G1 X153.881739 Y113.364433 Z23.964703 E0.308201
G1 X154.254926 Y114.047516 Z23.967823 E0.308188
G1 X154.610089 Y114.740106 Z23.970943 E0.308176
G1 X154.946988 Y115.441727 Z23.974063 E0.308163
G1 X155.265394 Y116.151897 Z23.977182 E0.308151
G1 X155.565088 Y116.87013 Z23.980302 E0.308139
G1 X155.845867 Y117.595933 Z23.983422 E0.308126
G1 X156.10754 Y118.328807 Z23.986541 E0.308114
G1 X156.349929 Y119.068251 Z23.989661 E0.308101
G1 X156.572869 Y119.813756 Z23.992781 E0.308089
G1 X156.776212 Y120.56481 Z23.9959 E0.308077
G1 X156.959817 Y121.3209 Z23.99902 E0.308064
G1 X157.123561 Y122.081506 Z24.00214 E0.308052
G1 X157.267333 Y122.846108 Z24.00526 E0.308039
G1 X157.391035 Y123.61418 Z24.008379 E0.308027
G1 X157.494586 Y124.385195 Z24.011499 E0.308015
G1 X157.577914 Y125.158627 Z24.014619 E0.308002
G1 X157.640968 Y125.933943 Z24.017738 E0.30799
G1 X157.683703 Y126.710612 Z24.020858 E0.307978
G1 X157.706091 Y127.488104 Z24.023978 E0.307965
G1 X157.708119 Y128.265883 Z24.027098 E0.307953
G1 X157.689787 Y129.043418 Z24.030217 E0.30794
G1 X157.651109 Y129.820175 Z24.033337 E0.307928
G1 X157.592116 Y130.595623 Z24.036457 E0.307916
G1 X157.512848 Y131.36923 Z24.039576 E0.307903
G1 X157.41336 Y132.140466 Z24.042696 E0.307891
G1 X157.293722 Y132.908802 Z24.045816 E0.307879
G1 X157.154018 Y133.673713 Z24.048936 E0.307866
G1 X156.994345 Y134.434674 Z24.052055 E0.307854
G1 X156.814815 Y135.191165 Z24.055175 E0.307842
G1 X156.615554 Y135.942667 Z24.058295 E0.307829
G1 X156.396697 Y136.688665 Z24.061414 E0.307817
G1 X156.158398 Y137.42865 Z24.064534 E0.307805
G1 X155.900819 Y138.162113 Z24.067654 E0.307793
G1 X155.62414 Y138.888554 Z24.070774 E0.30778
G1 X155.328551 Y139.607474 Z24.073893 E0.307768
G1 X155.014259 Y140.318382 Z24.077013 E0.307756
G1 X154.681479 Y141.020792 Z24.080133 E0.307743
G1 X154.33044 Y141.714222 Z24.083252 E0.307731
G1 X153.961384 Y142.398198 Z24.086372 E0.307719
G1 X153.574565 Y143.072252 Z24.089492 E0.307706
G1 X153.17025 Y143.735922 Z24.092611 E0.307694
G1 X152.748718 Y144.388756 Z24.095731 E0.307682
G1 X152.310261 Y145.030307 Z24.098851 E0.30767
G1 X151.855178 Y145.660136 Z24.101971 E0.307657
G1 X151.383783 Y146.277811 Z24.10509 E0.307645
G1 X150.896399 Y146.882911 Z24.10821 E0.307633
G1 X150.393364 Y147.475021 Z24.11133 E0.307621
G1 X149.875021 Y148.053738 Z24.114449 E0.307608
G1 X149.341729 Y148.618666 Z24.117569 E0.307596
G1 X148.793855 Y149.16942 Z24.120689 E0.307584
G1 X148.231773 Y149.705621 Z24.123809 E0.307571
G1 X147.655871 Y150.226904 Z24.126928 E0.307559
G1 X147.066544 Y150.732914 Z24.130048 E0.307547
G1 X146.464197 Y151.223303 Z24.133168 E0.307535
G1 X145.849244 Y151.697738 Z24.136287 E0.307523
G1 X145.222109 Y152.155896 Z24.139407 E0.30751
G1 X144.58322 Y152.597464 Z24.142527 E0.307498
G1 X143.933018 Y153.022139 Z24.145647 E0.307486
G1 X143.271948 Y153.429631 Z24.148766 E0.307474
G1 X142.600465 Y153.819664 Z24.151886 E0.307461
G1 X141.919028 Y154.191971 Z24.155006 E0.307449
G1 X141.228107 Y154.546298 Z24.158125 E0.307437
G1 X140.528175 Y154.882405 Z24.161245 E0.307425
G1 X139.819713 Y155.200061 Z24.164365 E0.307413
G1 X139.103206 Y155.499051 Z24.167485 E0.3074
G1 X138.379148 Y155.779172 Z24.170604 E0.307388
G1 X137.648034 Y156.040233 Z24.173724 E0.307376
G1 X136.910366 Y156.282056 Z24.176844 E0.307364
G1 X136.16665 Y156.504477 Z24.179963 E0.307351
G1 X135.417396 Y156.707346 Z24.183083 E0.307339
G1 X134.663119 Y156.890525 Z24.186203 E0.307327
G1 X133.904335 Y157.05389 Z24.189323 E0.307315
G1 X133.141565 Y157.19733 Z24.192442 E0.307303
G1 X132.375332 Y157.32075 Z24.195562 E0.30729
G1 X131.606162 Y157.424065 Z24.198682 E0.307278
G1 X130.834581 Y157.507207 Z24.201801 E0.307266
G1 X130.061119 Y157.570121 Z24.204921 E0.307254
G1 X129.286306 Y157.612764 Z24.208041 E0.307242
G1 X128.510673 Y157.635109 Z24.21116 E0.307229
G1 X127.734752 Y157.637143 Z24.21428 E0.307217
G1 X126.959074 Y157.618866 Z24.2174 E0.307205
G1 X126.184172 Y157.580292 Z24.22052 E0.307193
G1 X125.410575 Y157.521448 Z24.223639 E0.30718
G1 X124.638815 Y157.442377 Z24.226759 E0.307168
G1 X123.869419 Y157.343135 Z24.229879 E0.307156
G1 X123.102916 Y157.223792 Z24.232998 E0.307144
G1 X122.339829 Y157.08443 Z24.236118 E0.307132
G1 X121.580683 Y156.925147 Z24.239238 E0.307119
G1 X120.825996 Y156.746053 Z24.242358 E0.307107
G1 X120.076286 Y156.547273 Z24.245477 E0.307095
G1 X119.332065 Y156.328945 Z24.248597 E0.307083
G1 X118.593845 Y156.091219 Z24.251717 E0.30707
G1 X117.862129 Y155.834261 Z24.254836 E0.307058
G1 X117.137419 Y155.558248 Z24.257956 E0.307046
G1 X116.420211 Y155.26337 Z24.261076 E0.307034
G1 X115.710997 Y154.949832 Z24.264196 E0.307022
G1 X115.01026 Y154.617849 Z24.267315 E0.307009
G1 X114.318482 Y154.26765 Z24.270435 E0.306997
G1 X113.636135 Y153.899478 Z24.273555 E0.306985
G1 X112.963687 Y153.513585 Z24.276674 E0.306973
G1 X112.301596 Y153.110238 Z24.279794 E0.30696
G1 X111.650317 Y152.689714 Z24.282914 E0.306948
G1 X111.010295 Y152.252303 Z24.286034 E0.306936
G1 X110.381967 Y151.798307 Z24.289153 E0.306924
G1 X109.765763 Y151.328036 Z24.292273 E0.306912
G1 X109.162104 Y150.841816 Z24.295393 E0.306899
G1 X108.571404 Y150.339981 Z24.298512 E0.306887
G1 X107.994069 Y149.822872 Z24.301632 E0.306875
G1 X107.430491 Y149.290848 Z24.304752 E0.306863
G1 X106.881056 Y148.744275 Z24.307872 E0.30685
G1 X106.346137 Y148.183529 Z24.310991 E0.306838
G1 X105.826102 Y147.608996 Z24.314111 E0.306826
G1 X105.321304 Y147.02107 Z24.317231 E0.306814
G1 X104.83209 Y146.420155 Z24.32035 E0.306801
G1 X104.358797 Y145.806661 Z24.32347 E0.306789
G1 X103.901744 Y145.181014 Z24.32659 E0.306777
G1 X103.461242 Y144.543642 Z24.329709 E0.306764
G1 X103.037594 Y143.894983 Z24.332829 E0.306752
G1 X102.631086 Y143.235484 Z24.335949 E0.30674
G1 X102.241998 Y142.565596 Z24.339069 E0.306727
G1 X101.870596 Y141.885778 Z24.342188 E0.306715
G1 X101.517134 Y141.196498 Z24.345308 E0.306703
G1 X101.18185 Y140.49823 Z24.348428 E0.30669
G1 X100.864972 Y139.791453 Z24.351547 E0.306678
G1 X100.566715 Y139.076652 Z24.354667 E0.306665
G1 X100.287284 Y138.354318 Z24.357787 E0.306653
G1 X100.026868 Y137.624946 Z24.360907 E0.30664
G1 X99.785649 Y136.889035 Z24.364026 E0.306628
G1 X99.563786 Y136.147092 Z24.367146 E0.306616
G1 X99.361429 Y135.399626 Z24.370266 E0.306603
G1 X99.178715 Y134.64715 Z24.373385 E0.306591
G1 X99.015768 Y133.890179 Z24.376505 E0.306578
G1 X98.872698 Y133.129233 Z24.379625 E0.306566
G1 X98.749604 Y132.364834 Z24.382745 E0.306553
G1 X98.646569 Y131.597505 Z24.385864 E0.306541
;WIDTH:1.200
; LINE_WIDTH: 1.200
;Z:25.124
;HEIGHT:0.738
G1 X98.563642 Y130.827775 Z24.388939 E0.306528
G1 X98.500895 Y130.056169 Z24.392014 E0.306516
G1 X98.45837 Y129.283216 Z24.395088 E0.306504
G1 X98.436094 Y128.509446 Z24.398163 E0.306491
G1 X98.43408 Y127.73539 Z24.401238 E0.306479
G1 X98.452334 Y126.961577 Z24.404312 E0.306466
G1 X98.490837 Y126.188538 Z24.407387 E0.306454
G1 X98.54956 Y125.416804 Z24.410462 E0.306442
G1 X98.628462 Y124.646902 Z24.413537 E0.306429
G1 X98.727486 Y123.879361 Z24.416611 E0.306417
G1 X98.846564 Y123.114706 Z24.419686 E0.306404
G1 X98.985613 Y122.353461 Z24.422761 E0.306392
G1 X99.144539 Y121.596148 Z24.425835 E0.30638
G1 X99.323228 Y120.843286 Z24.42891 E0.306367
G1 X99.521555 Y120.09539 Z24.431985 E0.306355
G1 X99.739383 Y119.352972 Z24.435059 E0.306342
G1 X99.976561 Y118.61654 Z24.438134 E0.30633
G1 X100.232925 Y117.886599 Z24.441209 E0.306317
G1 X100.5083 Y117.16365 Z24.444283 E0.306305
G1 X100.802497 Y116.448187 Z24.447358 E0.306292
G1 X101.115308 Y115.7407 Z24.450433 E0.30628
G1 X101.446518 Y115.041672 Z24.453508 E0.306267
G1 X101.795899 Y114.351582 Z24.456582 E0.306255
G1 X102.16321 Y113.670902 Z24.459657 E0.306242
G1 X102.548198 Y113.000098 Z24.462732 E0.306229
G1 X102.950601 Y112.339631 Z24.465806 E0.306217
G1 X103.370139 Y111.689952 Z24.468881 E0.306204
G1 X103.806521 Y111.051503 Z24.471956 E0.306192
G1 X104.259448 Y110.424723 Z24.47503 E0.306179
G1 X104.728608 Y109.810038 Z24.478105 E0.306167
G1 X105.213677 Y109.207871 Z24.48118 E0.306154
G1 X105.714323 Y108.618631 Z24.484255 E0.306141
G1 X106.2302 Y108.042723 Z24.487329 E0.306129
G1 X106.760955 Y107.480539 Z24.490404 E0.306116
G1 X107.306221 Y106.932464 Z24.493479 E0.306104
G1 X107.865625 Y106.398872 Z24.496553 E0.306091
G1 X108.438781 Y105.880128 Z24.499628 E0.306078
G1 X109.025296 Y105.376586 Z24.502703 E0.306066
G1 X109.624766 Y104.888589 Z24.505777 E0.306053
G1 X110.23678 Y104.416472 Z24.508852 E0.306041
G1 X110.860917 Y103.960556 Z24.511927 E0.306028
G1 X111.496749 Y103.521152 Z24.515002 E0.306015
G1 X112.143838 Y103.098561 Z24.518076 E0.306003
G1 X112.801741 Y102.69307 Z24.521151 E0.30599
G1 X113.470005 Y102.304955 Z24.524226 E0.305978
G1 X114.148172 Y101.934482 Z24.5273 E0.305965
G1 X114.835776 Y101.581903 Z24.530375 E0.305952
G1 X115.532346 Y101.247458 Z24.53345 E0.30594
G1 X116.237402 Y100.931375 Z24.536524 E0.305927
G1 X116.950462 Y100.633868 Z24.539599 E0.305915
G1 X117.671036 Y100.355141 Z24.542674 E0.305902
G1 X118.398628 Y100.095382 Z24.545748 E0.305889
G1 X119.132741 Y99.854769 Z24.548823 E0.305877
G1 X119.872871 Y99.633464 Z24.551898 E0.305864
G1 X120.618509 Y99.431617 Z24.554973 E0.305852
G1 X121.369145 Y99.249366 Z24.558047 E0.305839
G1 X122.124263 Y99.086833 Z24.561122 E0.305827
G1 X122.883345 Y98.944129 Z24.564197 E0.305814
G1 X123.645872 Y98.821349 Z24.567271 E0.305801
G1 X124.41132 Y98.718576 Z24.570346 E0.305789
G1 X125.179164 Y98.635879 Z24.573421 E0.305776
G1 X125.948879 Y98.573312 Z24.576495 E0.305764
G1 X126.719935 Y98.530918 Z24.57957 E0.305751
G1 X127.491805 Y98.508723 Z24.582645 E0.305738
G1 X128.26396 Y98.506741 Z24.58572 E0.305726
G1 X129.035871 Y98.524971 Z24.588794 E0.305713
G1 X129.807007 Y98.5634 Z24.591869 E0.305701
G1 X130.576842 Y98.622 Z24.594944 E0.305688
G1 X131.344848 Y98.700728 Z24.598018 E0.305675
G1 X132.110498 Y98.799529 Z24.601093 E0.305663
G1 X132.873268 Y98.918334 Z24.604168 E0.30565
G1 X133.632635 Y99.057059 Z24.607242 E0.305638
G1 X134.388079 Y99.215609 Z24.610317 E0.305625
G1 X135.139084 Y99.393872 Z24.613392 E0.305612
G1 X135.885134 Y99.591725 Z24.616467 E0.3056
G1 X136.625718 Y99.80903 Z24.619541 E0.305587
G1 X137.36033 Y100.045638 Z24.622616 E0.305575
G1 X138.088466 Y100.301383 Z24.625691 E0.305562
G1 X138.809624 Y100.576103 Z24.628765 E0.305549
G1 X139.523313 Y100.869596 Z24.63184 E0.305537
G1 X140.229045 Y101.181658 Z24.634915 E0.305524
G1 X140.926337 Y101.512072 Z24.637989 E0.305511
G1 X141.614712 Y101.860612 Z24.641064 E0.305498
G1 X142.2937 Y102.227037 Z24.644139 E0.305486
G1 X142.962832 Y102.611098 Z24.647213 E0.305473
G1 X143.621649 Y103.012535 Z24.650288 E0.30546
G1 X144.269703 Y103.431063 Z24.653363 E0.305447
G1 X144.906553 Y103.866394 Z24.656438 E0.305434
G1 X145.531763 Y104.318227 Z24.659512 E0.305421
G1 X146.144905 Y104.786251 Z24.662587 E0.305408
G1 X146.74556 Y105.270145 Z24.665662 E0.305395
G1 X147.333311 Y105.769583 Z24.668736 E0.305383
G1 X147.907758 Y106.284217 Z24.671811 E0.305369
G1 X148.468513 Y106.81369 Z24.674886 E0.305356
G1 X149.015192 Y107.357636 Z24.67796 E0.305343
G1 X149.547423 Y107.915683 Z24.681035 E0.30533
G1 X150.064841 Y108.487447 Z24.68411 E0.305317
G1 X150.567093 Y109.072533 Z24.687185 E0.305304
G1 X151.053824 Y109.670551 Z24.690259 E0.305291
G1 X151.524714 Y110.281079 Z24.693334 E0.305278
G1 X151.979441 Y110.903696 Z24.696409 E0.305265
G1 X152.417695 Y111.537977 Z24.699483 E0.305251
G1 X152.839177 Y112.183484 Z24.702558 E0.305238
G1 X153.243599 Y112.839775 Z24.705633 E0.305225
G1 X153.630682 Y113.506401 Z24.708707 E0.305212
G1 X154.000157 Y114.182907 Z24.711782 E0.305198
G1 X154.351781 Y114.868822 Z24.714857 E0.305185
G1 X154.685314 Y115.563676 Z24.717932 E0.305172
G1 X155.000531 Y116.266993 Z24.721006 E0.305158
G1 X155.297215 Y116.978288 Z24.724081 E0.305145
G1 X155.575166 Y117.697075 Z24.727156 E0.305131
G1 X155.834185 Y118.422863 Z24.73023 E0.305118
G1 X156.074101 Y119.155151 Z24.733305 E0.305104
G1 X156.294755 Y119.893436 Z24.73638 E0.305091
G1 X156.496 Y120.637212 Z24.739454 E0.305077
G1 X156.677697 Y121.385966 Z24.742529 E0.305064
G1 X156.839725 Y122.139188 Z24.745604 E0.30505
G1 X156.981972 Y122.896359 Z24.748678 E0.305037
G1 X157.104331 Y123.656962 Z24.751753 E0.305023
G1 X157.206733 Y124.420474 Z24.754828 E0.305009
G1 X157.28911 Y125.18637 Z24.757903 E0.304996
G1 X157.351407 Y125.954126 Z24.760977 E0.304982
G1 X157.393583 Y126.723215 Z24.764052 E0.304968
G1 X157.415612 Y127.493109 Z24.767127 E0.304955
G1 X157.417472 Y128.263282 Z24.770201 E0.304941
G1 X157.399163 Y129.033204 Z24.773276 E0.304927
G1 X157.360708 Y129.802349 Z24.776351 E0.304913
G1 X157.302135 Y130.570188 Z24.779425 E0.304899
G1 X157.223486 Y131.336196 Z24.7825 E0.304885
G1 X157.124816 Y132.099848 Z24.785575 E0.304872
G1 X157.006196 Y132.860621 Z24.78865 E0.304858
G1 X156.867695 Y133.617991 Z24.791724 E0.304844
G1 X156.709421 Y134.371441 Z24.794799 E0.30483
G1 X156.531486 Y135.120456 Z24.797874 E0.304816
G1 X156.334014 Y135.864521 Z24.800948 E0.304802
G1 X156.117142 Y136.603129 Z24.804023 E0.304788
G1 X155.881021 Y137.335772 Z24.807098 E0.304774
G1 X155.625814 Y138.06195 Z24.810172 E0.30476
G1 X155.351699 Y138.781166 Z24.813247 E0.304746
G1 X155.058863 Y139.492927 Z24.816322 E0.304732
G1 X154.74751 Y140.196746 Z24.819397 E0.304718
G1 X154.417856 Y140.892141 Z24.822471 E0.304704
G1 X154.070127 Y141.578638 Z24.825546 E0.30469
G1 X153.704563 Y142.255765 Z24.828621 E0.304676
G1 X153.321417 Y142.92306 Z24.831695 E0.304662
G1 X152.920954 Y143.580067 Z24.83477 E0.304648
G1 X152.503448 Y144.226336 Z24.837845 E0.304634
G1 X152.069187 Y144.861425 Z24.840919 E0.30462
G1 X151.618472 Y145.484901 Z24.843994 E0.304606
G1 X151.151612 Y146.096336 Z24.847069 E0.304592
G1 X150.668928 Y146.695313 Z24.850143 E0.304578
G1 X150.170753 Y147.281422 Z24.853218 E0.304564
G1 X149.65743 Y147.854264 Z24.856293 E0.304549
G1 X149.129312 Y148.413446 Z24.859368 E0.304535
G1 X148.586762 Y148.958587 Z24.862442 E0.304521
G1 X148.030154 Y149.489314 Z24.865517 E0.304507
G1 X147.459869 Y150.005266 Z24.868592 E0.304493
G1 X146.876301 Y150.506089 Z24.871666 E0.304479
G1 X146.279851 Y150.991442 Z24.874741 E0.304465
G1 X145.670927 Y151.460994 Z24.877816 E0.304451
G1 X145.049949 Y151.914424 Z24.88089 E0.304437
G1 X144.417344 Y152.351424 Z24.883965 E0.304423
G1 X143.773546 Y152.771694 Z24.88704 E0.304409
G1 X143.118997 Y153.17495 Z24.890115 E0.304395
G1 X142.454147 Y153.560915 Z24.893189 E0.304381
G1 X141.779453 Y153.929327 Z24.896264 E0.304367
G1 X141.095377 Y154.279935 Z24.899339 E0.304353
G1 X140.40239 Y154.612501 Z24.902413 E0.304339
G1 X139.700967 Y154.926798 Z24.905488 E0.304325
G1 X138.99159 Y155.222613 Z24.908563 E0.304311
G1 X138.274745 Y155.499744 Z24.911637 E0.304297
G1 X137.550925 Y155.758003 Z24.914712 E0.304283
G1 X136.820626 Y155.997215 Z24.917787 E0.304269
G1 X136.084349 Y156.217218 Z24.920862 E0.304255
G1 X135.3426 Y156.417863 Z24.923936 E0.304241
G1 X134.595887 Y156.599014 Z24.927011 E0.304227
G1 X133.844722 Y156.760549 Z24.930086 E0.304213
G1 X133.089622 Y156.90236 Z24.93316 E0.304199
G1 X132.331103 Y157.024352 Z24.936235 E0.304185
G1 X131.569686 Y157.126443 Z24.93931 E0.304171
G1 X130.805892 Y157.208563 Z24.942384 E0.304157
G1 X130.040246 Y157.270658 Z24.945459 E0.304143
G1 X129.273272 Y157.312687 Z24.948534 E0.304129
G1 X128.505495 Y157.334625 Z24.951608 E0.304115
G1 X127.737443 Y157.336459 Z24.954683 E0.304101
G1 X126.969641 Y157.318188 Z24.957758 E0.304087
G1 X126.202616 Y157.279827 Z24.960833 E0.304073
G1 X125.436893 Y157.221404 Z24.963907 E0.304059
G1 X124.672997 Y157.14296 Z24.966982 E0.304045
G1 X123.911451 Y157.04455 Z24.970057 E0.304031
G1 X123.152776 Y156.926245 Z24.973131 E0.304018
G1 X122.397493 Y156.788131 Z24.976206 E0.304004
G1 X121.646118 Y156.630299 Z24.979281 E0.30399
G1 X120.899166 Y156.452862 Z24.982355 E0.303976
G1 X120.157149 Y156.255941 Z24.98543 E0.303962
G1 X119.420575 Y156.039673 Z24.988505 E0.303948
G1 X118.689948 Y155.804209 Z24.99158 E0.303934
G1 X117.965767 Y155.549714 Z24.994654 E0.30392
G1 X117.248529 Y155.276363 Z24.997729 E0.303906
G1 X116.538724 Y154.984344 Z25.000804 E0.303892
G1 X115.836839 Y154.673858 Z25.003878 E0.303879
G1 X115.143354 Y154.345121 Z25.006953 E0.303865
G1 X114.458743 Y153.998359 Z25.010028 E0.303851
G1 X113.783474 Y153.633811 Z25.013102 E0.303837
G1 X113.118009 Y153.251731 Z25.016177 E0.303823
G1 X112.462803 Y152.852381 Z25.019252 E0.303809
G1 X111.818304 Y152.436036 Z25.022327 E0.303795
G1 X111.184954 Y152.002982 Z25.025401 E0.303782
G1 X110.563185 Y151.553518 Z25.028476 E0.303768
G1 X109.953423 Y151.087953 Z25.031551 E0.303754
G1 X109.356084 Y150.606608 Z25.034625 E0.30374
G1 X108.771574 Y150.109816 Z25.0377 E0.303726
G1 X108.200295 Y149.597917 Z25.040775 E0.303713
G1 X107.642637 Y149.071263 Z25.043849 E0.303699
G1 X107.098981 Y148.530216 Z25.046924 E0.303685
G1 X106.569698 Y147.975149 Z25.049999 E0.303671
G1 X106.05515 Y147.406442 Z25.053073 E0.303657
G1 X105.555687 Y146.824489 Z25.056148 E0.303644
G1 X105.071649 Y146.229689 Z25.059223 E0.30363
G1 X104.603369 Y145.622449 Z25.062298 E0.303616
G1 X104.151165 Y145.003187 Z25.065372 E0.303602
G1 X103.715346 Y144.372329 Z25.068447 E0.303589
G1 X103.29621 Y143.730308 Z25.071522 E0.303575
G1 X102.894042 Y143.077564 Z25.074596 E0.303561
G1 X102.509113 Y142.414548 Z25.077671 E0.303547
G1 X102.141688 Y141.741714 Z25.080746 E0.303534
G1 X101.792017 Y141.059523 Z25.08382 E0.30352
G1 X101.460339 Y140.368444 Z25.086895 E0.303506
G1 X101.14688 Y139.66895 Z25.08997 E0.303492
G1 X100.851851 Y138.961524 Z25.093045 E0.303479
G1 X100.575454 Y138.246649 Z25.096119 E0.303465
G1 X100.317874 Y137.524817 Z25.099194 E0.303451
G1 X100.079289 Y136.796523 Z25.102269 E0.303438
G1 X99.859859 Y136.062266 Z25.105343 E0.303424
G1 X99.659735 Y135.32255 Z25.108418 E0.30341
G1 X99.479051 Y134.577882 Z25.111493 E0.303397
G1 X99.317929 Y133.828774 Z25.114567 E0.303383
G1 X99.176478 Y133.075739 Z25.117642 E0.303369
G1 X99.054793 Y132.319292 Z25.120717 E0.303355
G1 X98.952956 Y131.559955 Z25.123792 E0.303342
;WIDTH:1.200
; LINE_WIDTH: 1.200
;Z:25.851
;HEIGHT:0.727
G1 X98.871016 Y130.798247 Z25.126821 E0.303328
G1 X98.809046 Y130.03469 Z25.129851 E0.303315
G1 X98.767086 Y129.269806 Z25.132881 E0.303301
G1 X98.745165 Y128.50412 Z25.13591 E0.303288
G1 X98.743294 Y127.738157 Z25.13894 E0.303274
G1 X98.761474 Y126.972441 Z25.14197 E0.303261
G1 X98.79969 Y126.207497 Z25.144999 E0.303247
G1 X98.857914 Y125.44385 Z25.148029 E0.303234
G1 X98.936105 Y124.682023 Z25.151059 E0.30322
G1 X99.034207 Y123.922537 Z25.154088 E0.303207
G1 X99.152151 Y123.165913 Z25.157118 E0.303193
G1 X99.289855 Y122.41267 Z25.160148 E0.30318
G1 X99.447222 Y121.663322 Z25.163177 E0.303166
G1 X99.624143 Y120.918384 Z25.166207 E0.303153
G1 X99.820496 Y120.178365 Z25.169237 E0.303139
G1 X100.036142 Y119.443773 Z25.172266 E0.303126
G1 X100.270934 Y118.715109 Z25.175296 E0.303112
G1 X100.524709 Y117.992874 Z25.178326 E0.303099
G1 X100.79729 Y117.277561 Z25.181355 E0.303085
G1 X101.08849 Y116.569659 Z25.184385 E0.303072
G1 X101.398106 Y115.869655 Z25.187415 E0.303058
G1 X101.725927 Y115.178026 Z25.190445 E0.303045
G1 X102.071724 Y114.495245 Z25.193474 E0.303032
G1 X102.43526 Y113.821781 Z25.196504 E0.303018
G1 X102.816283 Y113.158093 Z25.199534 E0.303005
G1 X103.214532 Y112.504635 Z25.202563 E0.302991
G1 X103.629731 Y111.861855 Z25.205593 E0.302978
G1 X104.061595 Y111.230193 Z25.208623 E0.302964
G1 X104.509826 Y110.610079 Z25.211652 E0.302951
G1 X104.974115 Y110.001938 Z25.214682 E0.302937
G1 X105.454143 Y109.406186 Z25.217712 E0.302924
G1 X105.94958 Y108.823229 Z25.220741 E0.30291
G1 X106.460084 Y108.253467 Z25.223771 E0.302897
G1 X106.985305 Y107.697288 Z25.226801 E0.302883
G1 X107.524881 Y107.155072 Z25.22983 E0.30287
G1 X108.07844 Y106.627191 Z25.23286 E0.302856
G1 X108.645604 Y106.114004 Z25.23589 E0.302843
G1 X109.22598 Y105.615861 Z25.238919 E0.302829
G1 X109.819172 Y105.133103 Z25.241949 E0.302816
G1 X110.42477 Y104.666059 Z25.244979 E0.302802
G1 X111.042359 Y104.215048 Z25.248009 E0.302789
G1 X111.671515 Y103.780378 Z25.251038 E0.302775
G1 X112.311804 Y103.362345 Z25.254068 E0.302762
G1 X112.962789 Y102.961234 Z25.257098 E0.302748
G1 X113.624024 Y102.577325 Z25.260127 E0.302735
G1 X114.295056 Y102.21088 Z25.263157 E0.302721
G1 X114.97542 Y101.862142 Z25.266187 E0.302708
G1 X115.664649 Y101.531348 Z25.269216 E0.302694
G1 X116.362269 Y101.218724 Z25.272246 E0.30268
G1 X117.067802 Y100.924481 Z25.275276 E0.302667
G1 X117.780763 Y100.648821 Z25.278305 E0.302653
G1 X118.500668 Y100.391941 Z25.281335 E0.302639
G1 X119.227018 Y100.154009 Z25.284365 E0.302626
G1 X119.959314 Y99.935182 Z25.287394 E0.302612
G1 X120.697054 Y99.735608 Z25.290424 E0.302598
G1 X121.439732 Y99.555423 Z25.293454 E0.302584
G1 X122.186837 Y99.394747 Z25.296483 E0.30257
G1 X122.937859 Y99.253691 Z25.299513 E0.302557
G1 X123.692283 Y99.132364 Z25.302543 E0.302543
G1 X124.44959 Y99.030831 Z25.305573 E0.302529
G1 X125.209259 Y98.94916 Z25.308602 E0.302515
G1 X125.970772 Y98.887407 Z25.311632 E0.302501
G1 X126.733605 Y98.84561 Z25.314662 E0.302487
G1 X127.497235 Y98.823798 Z25.317691 E0.302473
G1 X128.261139 Y98.821988 Z25.320721 E0.302459
G1 X129.024793 Y98.840185 Z25.323751 E0.302445
G1 X129.787673 Y98.878364 Z25.32678 E0.302431
G1 X130.549257 Y98.936497 Z25.32981 E0.302416
G1 X131.309022 Y99.014543 Z25.33284 E0.302402
G1 X132.066449 Y99.112446 Z25.335869 E0.302388
G1 X132.821018 Y99.230137 Z25.338899 E0.302374
G1 X133.572212 Y99.367542 Z25.341929 E0.30236
G1 X134.319514 Y99.524563 Z25.344958 E0.302346
G1 X135.062414 Y99.701085 Z25.347988 E0.302331
G1 X135.800404 Y99.896984 Z25.351018 E0.302317
G1 X136.532979 Y100.112123 Z25.354047 E0.302303
G1 X137.259637 Y100.346355 Z25.357077 E0.302288
G1 X137.97988 Y100.599516 Z25.360107 E0.302274
G1 X138.69321 Y100.871443 Z25.363136 E0.30226
G1 X139.399144 Y101.161939 Z25.366166 E0.302245
G1 X140.097197 Y101.4708 Z25.369196 E0.302231
G1 X140.786894 Y101.797812 Z25.372226 E0.302216
G1 X141.467761 Y102.142749 Z25.375255 E0.302202
G1 X142.139333 Y102.505375 Z25.378285 E0.302188
G1 X142.801151 Y102.885439 Z25.381315 E0.302173
G1 X143.452754 Y103.28269 Z25.384344 E0.302159
G1 X144.093703 Y103.696842 Z25.387374 E0.302144
G1 X144.723562 Y104.127609 Z25.390404 E0.302129
G1 X145.341898 Y104.574695 Z25.393433 E0.302115
G1 X145.94829 Y105.037791 Z25.396463 E0.3021
G1 X146.542323 Y105.516579 Z25.399493 E0.302085
G1 X147.123587 Y106.010734 Z25.402522 E0.302071
G1 X147.691682 Y106.519918 Z25.405552 E0.302056
G1 X148.246226 Y107.043772 Z25.408582 E0.302041
G1 X148.786841 Y107.581937 Z25.411611 E0.302027
G1 X149.313157 Y108.134042 Z25.414641 E0.302012
G1 X149.824815 Y108.699708 Z25.417671 E0.301997
G1 X150.321467 Y109.278545 Z25.4207 E0.301982
G1 X150.802764 Y109.870162 Z25.42373 E0.301967
G1 X151.268382 Y110.474149 Z25.42676 E0.301952
G1 X151.718008 Y111.090087 Z25.42979 E0.301937
G1 X152.151335 Y111.717552 Z25.432819 E0.301923
G1 X152.568068 Y112.356115 Z25.435849 E0.301908
G1 X152.967922 Y113.005335 Z25.438879 E0.301893
G1 X153.350626 Y113.664767 Z25.441908 E0.301878
G1 X153.715918 Y114.333958 Z25.444938 E0.301863
G1 X154.063551 Y115.012448 Z25.447968 E0.301848
G1 X154.393287 Y115.699772 Z25.450997 E0.301833
G1 X154.704903 Y116.395457 Z25.454027 E0.301818
G1 X154.998186 Y117.099026 Z25.457057 E0.301803
G1 X155.272938 Y117.809996 Z25.460086 E0.301788
G1 X155.528973 Y118.52788 Z25.463116 E0.301773
G1 X155.766115 Y119.252183 Z25.466146 E0.301758
G1 X155.984206 Y119.98241 Z25.469175 E0.301743
G1 X156.183096 Y120.718059 Z25.472205 E0.301728
G1 X156.362653 Y121.458626 Z25.475235 E0.301713
G1 X156.522754 Y122.203603 Z25.478264 E0.301698
G1 X156.663292 Y122.952478 Z25.481294 E0.301683
G1 X156.784172 Y123.704738 Z25.484324 E0.301668
G1 X156.885315 Y124.459867 Z25.487354 E0.301654
G1 X156.966651 Y125.217347 Z25.490383 E0.301639
G1 X157.028128 Y125.976659 Z25.493413 E0.301624
G1 X157.069705 Y126.737283 Z25.496443 E0.301609
G1 X157.091356 Y127.498697 Z25.499472 E0.301594
G1 X157.093068 Y128.260379 Z25.502502 E0.301579
G1 X157.074842 Y129.021806 Z25.505532 E0.301564
G1 X157.036692 Y129.782459 Z25.508561 E0.301549
G1 X156.978646 Y130.541814 Z25.511591 E0.301534
G1 X156.900746 Y131.299352 Z25.514621 E0.301519
G1 X156.803048 Y132.054554 Z25.51765 E0.301504
G1 X156.68562 Y132.806902 Z25.52068 E0.301489
G1 X156.548545 Y133.555881 Z25.52371 E0.301474
G1 X156.391919 Y134.300979 Z25.526739 E0.301459
G1 X156.21585 Y135.041684 Z25.529769 E0.301444
G1 X156.020462 Y135.77749 Z25.532799 E0.301429
G1 X155.805891 Y136.507894 Z25.535828 E0.301414
G1 X155.572285 Y137.232394 Z25.538858 E0.3014
G1 X155.319806 Y137.950495 Z25.541888 E0.301385
G1 X155.048629 Y138.661706 Z25.544918 E0.30137
G1 X154.758942 Y139.365539 Z25.547947 E0.301355
G1 X154.450946 Y140.061514 Z25.550977 E0.30134
G1 X154.124852 Y140.749153 Z25.554007 E0.301325
G1 X153.780887 Y141.427987 Z25.557036 E0.30131
G1 X153.419288 Y142.097551 Z25.560066 E0.301295
G1 X153.040305 Y142.757388 Z25.563096 E0.30128
G1 X152.6442 Y143.407046 Z25.566125 E0.301265
G1 X152.231247 Y144.046083 Z25.569155 E0.30125
G1 X151.801729 Y144.67406 Z25.572185 E0.301235
G1 X151.355941 Y145.290548 Z25.575214 E0.30122
G1 X150.894192 Y145.895125 Z25.578244 E0.301205
G1 X150.416798 Y146.487378 Z25.581274 E0.301191
G1 X149.924088 Y147.066903 Z25.584303 E0.301176
G1 X149.416405 Y147.633306 Z25.587333 E0.301161
G1 X148.894096 Y148.186199 Z25.590363 E0.301146
G1 X148.357519 Y148.725203 Z25.593392 E0.301131
G1 X147.807043 Y149.24995 Z25.596422 E0.301116
G1 X147.243047 Y149.760083 Z25.599452 E0.301101
G1 X146.66592 Y150.255253 Z25.602481 E0.301086
G1 X146.076057 Y150.735122 Z25.605511 E0.301072
G1 X145.473868 Y151.199366 Z25.608541 E0.301057
G1 X144.859762 Y151.647665 Z25.611571 E0.301042
G1 X144.234162 Y152.079714 Z25.6146 E0.301027
G1 X143.597498 Y152.495219 Z25.61763 E0.301012
G1 X142.950208 Y152.893895 Z25.62066 E0.300998
G1 X142.292736 Y153.275472 Z25.623689 E0.300983
G1 X141.625533 Y153.639691 Z25.626719 E0.300968
G1 X140.94906 Y153.986305 Z25.629749 E0.300953
G1 X140.263779 Y154.315076 Z25.632778 E0.300938
G1 X139.570161 Y154.625781 Z25.635808 E0.300924
G1 X138.868681 Y154.918208 Z25.638838 E0.300909
G1 X138.159822 Y155.192158 Z25.641867 E0.300894
G1 X137.444069 Y155.447447 Z25.644897 E0.300879
G1 X136.721915 Y155.683902 Z25.647927 E0.300865
G1 X135.993855 Y155.901364 Z25.650956 E0.30085
G1 X135.260388 Y156.099683 Z25.653986 E0.300835
G1 X134.522017 Y156.278725 Z25.657016 E0.30082
G1 X133.779249 Y156.43837 Z25.660045 E0.300806
G1 X133.032593 Y156.57851 Z25.663075 E0.300791
G1 X132.28256 Y156.699051 Z25.666105 E0.300776
G1 X131.529667 Y156.799915 Z25.669135 E0.300762
G1 X130.774428 Y156.881033 Z25.672164 E0.300747
G1 X130.017362 Y156.942351 Z25.675194 E0.300732
G1 X129.258987 Y156.983827 Z25.678224 E0.300718
G1 X128.499823 Y157.005437 Z25.681253 E0.300703
G1 X127.74039 Y157.007166 Z25.684283 E0.300688
G1 X126.98121 Y156.989016 Z25.687313 E0.300674
G1 X126.222801 Y156.951005 Z25.690342 E0.300659
G1 X125.465685 Y156.893157 Z25.693372 E0.300644
G1 X124.710379 Y156.815514 Z25.696402 E0.30063
G1 X123.9574 Y156.71813 Z25.699431 E0.300615
G1 X123.207266 Y156.601075 Z25.702461 E0.3006
G1 X122.460489 Y156.46443 Z25.705491 E0.300586
G1 X121.71758 Y156.308292 Z25.70852 E0.300571
G1 X120.979049 Y156.132773 Z25.71155 E0.300557
G1 X120.245401 Y155.93799 Z25.71458 E0.300542
G1 X119.517138 Y155.72408 Z25.717609 E0.300527
G1 X118.79476 Y155.49119 Z25.720639 E0.300513
G1 X118.07876 Y155.239483 Z25.723669 E0.300498
G1 X117.369629 Y154.969133 Z25.726699 E0.300484
G1 X116.667851 Y154.680328 Z25.729728 E0.300469
G1 X115.973907 Y154.373269 Z25.732758 E0.300455
G1 X115.288271 Y154.048165 Z25.735788 E0.30044
G1 X114.611413 Y153.705241 Z25.738817 E0.300426
G1 X113.943796 Y153.344734 Z25.741847 E0.300411
G1 X113.285877 Y152.966893 Z25.744877 E0.300396
G1 X112.638105 Y152.571978 Z25.747906 E0.300382
G1 X112.000924 Y152.160261 Z25.750936 E0.300367
G1 X111.374769 Y151.732027 Z25.753966 E0.300353
G1 X110.760068 Y151.28757 Z25.756995 E0.300338
G1 X110.157242 Y150.827196 Z25.760025 E0.300324
G1 X109.566702 Y150.351223 Z25.763055 E0.300309
G1 X108.988852 Y149.859979 Z25.766084 E0.300295
G1 X108.424086 Y149.353801 Z25.769114 E0.30028
G1 X107.872791 Y148.833037 Z25.772144 E0.300266
G1 X107.335343 Y148.298047 Z25.775173 E0.300251
G1 X106.812109 Y147.749198 Z25.778203 E0.300237
G1 X106.303446 Y147.186867 Z25.781233 E0.300222
G1 X105.809701 Y146.611442 Z25.784262 E0.300208
G1 X105.331212 Y146.023317 Z25.787292 E0.300193
G1 X104.868305 Y145.422898 Z25.790322 E0.300178
G1 X104.421295 Y144.810596 Z25.793352 E0.300164
G1 X103.990487 Y144.186834 Z25.796381 E0.300149
G1 X103.576175 Y143.552038 Z25.799411 E0.300135
G1 X103.178641 Y142.906646 Z25.802441 E0.30012
G1 X102.798157 Y142.2511 Z25.80547 E0.300106
G1 X102.434981 Y141.585851 Z25.8085 E0.300091
G1 X102.08936 Y140.911356 Z25.81153 E0.300077
G1 X101.76153 Y140.228078 Z25.814559 E0.300062
G1 X101.451713 Y139.536486 Z25.817589 E0.300048
G1 X101.160121 Y138.837055 Z25.820619 E0.300033
G1 X100.88695 Y138.130264 Z25.823648 E0.300019
G1 X100.632388 Y137.4166 Z25.826678 E0.300004
G1 X100.396605 Y136.696551 Z25.829708 E0.29999
G1 X100.179763 Y135.970612 Z25.832737 E0.299975
G1 X99.982007 Y135.239281 Z25.835767 E0.299961
G1 X99.803472 Y134.50306 Z25.838797 E0.299946
G1 X99.644278 Y133.762453 Z25.841826 E0.299931
G1 X99.504532 Y133.017969 Z25.844856 E0.299917
G1 X99.384328 Y132.270118 Z25.847886 E0.299902
G1 X99.283747 Y131.519414 Z25.850916 E0.299888
;WIDTH:1.200
; LINE_WIDTH: 1.200
;Z:26.567
;HEIGHT:0.716
G1 X99.202835 Y130.766372 Z25.8539 E0.299873
G1 X99.141665 Y130.011506 Z25.856885 E0.299859
G1 X99.100279 Y129.255333 Z25.85987 E0.299845
G1 X99.078703 Y128.498373 Z25.862854 E0.29983
G1 X99.076949 Y127.741143 Z25.865839 E0.299816
G1 X99.095016 Y126.984163 Z25.868824 E0.299802
G1 X99.132891 Y126.227952 Z25.871808 E0.299787
G1 X99.190546 Y125.473027 Z25.874793 E0.299773
G1 X99.267939 Y124.719906 Z25.877778 E0.299759
G1 X99.365015 Y123.969105 Z25.880762 E0.299745
G1 X99.481707 Y123.221138 Z25.883747 E0.29973
G1 X99.617931 Y122.476517 Z25.886732 E0.299716
G1 X99.773593 Y121.735753 Z25.889716 E0.299702
G1 X99.948593 Y120.999355 Z25.892701 E0.299687
G1 X100.142807 Y120.267827 Z25.895686 E0.299673
G1 X100.356094 Y119.54167 Z25.89867 E0.299658
G1 X100.588305 Y118.821379 Z25.901655 E0.299644
G1 X100.839279 Y118.107447 Z25.90464 E0.299629
G1 X101.108843 Y117.400365 Z25.907624 E0.299615
G1 X101.39681 Y116.700615 Z25.910609 E0.2996
G1 X101.702991 Y116.008681 Z25.913594 E0.299586
G1 X102.027169 Y115.325034 Z25.916578 E0.299571
G1 X102.369114 Y114.650141 Z25.919563 E0.299557
G1 X102.728592 Y113.984463 Z25.922548 E0.299542
G1 X103.105353 Y113.328455 Z25.925532 E0.299527
G1 X103.499139 Y112.682566 Z25.928517 E0.299513
G1 X103.909676 Y112.047237 Z25.931502 E0.299498
G1 X104.336695 Y111.422911 Z25.934486 E0.299483
G1 X104.77989 Y110.810009 Z25.937471 E0.299468
G1 X105.238955 Y110.208948 Z25.940456 E0.299454
G1 X105.713572 Y109.62014 Z25.94344 E0.299439
G1 X106.203417 Y109.043985 Z25.946425 E0.299424
G1 X106.70815 Y108.480879 Z25.94941 E0.299409
G1 X107.227425 Y107.931205 Z25.952394 E0.299394
G1 X107.760896 Y107.395351 Z25.955379 E0.299379
G1 X108.308184 Y106.873671 Z25.958364 E0.299365
G1 X108.868912 Y106.366521 Z25.961348 E0.29935
G1 X109.442695 Y105.874248 Z25.964333 E0.299335
G1 X110.029138 Y105.397188 Z25.967318 E0.29932
G1 X110.627839 Y104.935666 Z25.970302 E0.299305
G1 X111.238386 Y104.489998 Z25.973287 E0.29929
G1 X111.860367 Y104.060498 Z25.976272 E0.299275
G1 X112.493346 Y103.647448 Z25.979256 E0.299259
G1 X113.136887 Y103.251129 Z25.982241 E0.299244
G1 X113.79055 Y102.871811 Z25.985226 E0.299229
G1 X114.453884 Y102.509752 Z25.98821 E0.299214
G1 X115.126435 Y102.165199 Z25.991195 E0.299199
G1 X115.807742 Y101.838391 Z25.99418 E0.299184
G1 X116.49734 Y101.529555 Z25.997164 E0.299168
G1 X117.19475 Y101.238891 Z26.000149 E0.299153
G1 X117.899494 Y100.966597 Z26.003134 E0.299138
G1 X118.611088 Y100.712857 Z26.006118 E0.299122
G1 X119.329043 Y100.477844 Z26.009103 E0.299107
G1 X120.052868 Y100.261716 Z26.012088 E0.299092
G1 X120.782066 Y100.064628 Z26.015072 E0.299076
G1 X121.516138 Y99.886712 Z26.018057 E0.299061
G1 X122.254577 Y99.728082 Z26.021042 E0.299046
G1 X122.996878 Y99.588843 Z26.024026 E0.29903
G1 X123.74253 Y99.469089 Z26.027011 E0.299015
G1 X124.491023 Y99.368901 Z26.029996 E0.298999
G1 X125.241843 Y99.288344 Z26.03298 E0.298984
G1 X125.994476 Y99.227484 Z26.035965 E0.298968
G1 X126.748406 Y99.186353 Z26.03895 E0.298952
G1 X127.503114 Y99.164973 Z26.041934 E0.298937
G1 X128.258084 Y99.163356 Z26.044919 E0.298921
G1 X129.012797 Y99.181502 Z26.047904 E0.298906
G1 X129.766738 Y99.219396 Z26.050888 E0.29889
G1 X130.519389 Y99.27701 Z26.053873 E0.298874
G1 X131.270233 Y99.354316 Z26.056858 E0.298859
G1 X132.018757 Y99.451247 Z26.059842 E0.298843
G1 X132.764447 Y99.567734 Z26.062827 E0.298827
G1 X133.506793 Y99.703693 Z26.065812 E0.298811
G1 X134.245286 Y99.859029 Z26.068796 E0.298795
G1 X134.979421 Y100.033635 Z26.071781 E0.298779
G1 X135.708696 Y100.227389 Z26.074766 E0.298764
G1 X136.43261 Y100.440154 Z26.07775 E0.298748
G1 X137.150669 Y100.671785 Z26.080735 E0.298732
G1 X137.86238 Y100.92212 Z26.08372 E0.298716
G1 X138.567257 Y101.190985 Z26.086704 E0.2987
G1 X139.264818 Y101.478194 Z26.089689 E0.298685
G1 X139.954585 Y101.783549 Z26.092674 E0.298669
G1 X140.636086 Y102.106838 Z26.095658 E0.298653
G1 X141.308855 Y102.447839 Z26.098643 E0.298637
G1 X141.972432 Y102.806314 Z26.101628 E0.298621
G1 X142.626364 Y103.182017 Z26.104612 E0.298606
G1 X143.270202 Y103.574689 Z26.107597 E0.29859
G1 X143.903507 Y103.984058 Z26.110582 E0.298574
G1 X144.525846 Y104.409842 Z26.113566 E0.298558
G1 X145.136794 Y104.851748 Z26.116551 E0.298542
G1 X145.735933 Y105.309471 Z26.119536 E0.298527
G1 X146.322853 Y105.782696 Z26.12252 E0.298511
G1 X146.897154 Y106.271097 Z26.125505 E0.298495
G1 X147.458444 Y106.774338 Z26.12849 E0.298479
G1 X148.006339 Y107.292071 Z26.131475 E0.298463
G1 X148.540466 Y107.823941 Z26.134459 E0.298447
G1 X149.060459 Y108.369582 Z26.137444 E0.298432
G1 X149.565964 Y108.928617 Z26.140429 E0.298416
G1 X150.056635 Y109.500664 Z26.143413 E0.2984
G1 X150.532139 Y110.085328 Z26.146398 E0.298384
G1 X150.992151 Y110.682208 Z26.149383 E0.298368
G1 X151.436357 Y111.290892 Z26.152367 E0.298353
G1 X151.864454 Y111.910963 Z26.155352 E0.298337
G1 X152.276152 Y112.541994 Z26.158337 E0.298321
G1 X152.671169 Y113.183552 Z26.161321 E0.298305
G1 X153.049236 Y113.835196 Z26.164306 E0.298289
G1 X153.410096 Y114.496478 Z26.167291 E0.298274
G1 X153.753505 Y115.166945 Z26.170275 E0.298258
G1 X154.079227 Y115.846135 Z26.17326 E0.298242
G1 X154.387042 Y116.533582 Z26.176245 E0.298226
G1 X154.676741 Y117.228815 Z26.179229 E0.29821
G1 X154.948128 Y117.931356 Z26.182214 E0.298194
G1 X155.201017 Y118.640722 Z26.185199 E0.298179
G1 X155.435238 Y119.356427 Z26.188183 E0.298163
G1 X155.650633 Y120.07798 Z26.191168 E0.298147
G1 X155.847055 Y120.804886 Z26.194153 E0.298131
G1 X156.024372 Y121.536645 Z26.197137 E0.298115
G1 X156.18247 Y122.272755 Z26.200122 E0.2981
G1 X156.321237 Y123.012712 Z26.203107 E0.298084
G1 X156.44058 Y123.756009 Z26.206091 E0.298068
G1 X156.54042 Y124.502136 Z26.209076 E0.298052
G1 X156.62069 Y125.250581 Z26.212061 E0.298037
G1 X156.681337 Y126.000832 Z26.215045 E0.298021
G1 X156.722323 Y126.752372 Z26.21803 E0.298005
G1 X156.743625 Y127.504689 Z26.221015 E0.297989
G1 X156.745226 Y128.257265 Z26.223999 E0.297974
G1 X156.727127 Y129.009586 Z26.226984 E0.297958
G1 X156.689343 Y129.761136 Z26.229969 E0.297942
G1 X156.631901 Y130.5114 Z26.232953 E0.297927
G1 X156.554844 Y131.259863 Z26.235938 E0.297911
G1 X156.458227 Y132.006014 Z26.238923 E0.297895
G1 X156.34212 Y132.749341 Z26.241907 E0.297879
G1 X156.206603 Y133.489335 Z26.244892 E0.297864
G1 X156.051769 Y134.22549 Z26.247877 E0.297848
G1 X155.877727 Y134.957301 Z26.250861 E0.297832
G1 X155.684599 Y135.684266 Z26.253846 E0.297817
G1 X155.472517 Y136.40589 Z26.256831 E0.297801
G1 X155.241633 Y137.121677 Z26.259815 E0.297786
G1 X154.992107 Y137.831139 Z26.2628 E0.29777
G1 X154.724108 Y138.53379 Z26.265785 E0.297754
G1 X154.437823 Y139.229148 Z26.268769 E0.297739
G1 X154.13345 Y139.916737 Z26.271754 E0.297723
G1 X153.811198 Y140.596087 Z26.274739 E0.297708
G1 X153.471292 Y141.266734 Z26.277723 E0.297692
G1 X153.113968 Y141.928221 Z26.280708 E0.297676
G1 X152.739472 Y142.580094 Z26.283693 E0.297661
G1 X152.348061 Y143.221906 Z26.286677 E0.297645
G1 X151.940004 Y143.85322 Z26.289662 E0.29763
G1 X151.515583 Y144.473604 Z26.292647 E0.297614
G1 X151.075091 Y145.082633 Z26.295631 E0.297599
G1 X150.618832 Y145.679891 Z26.298616 E0.297583
G1 X150.147122 Y146.264973 Z26.301601 E0.297568
G1 X149.660284 Y146.837478 Z26.304585 E0.297552
G1 X149.158652 Y147.397013 Z26.30757 E0.297537
G1 X148.642572 Y147.943197 Z26.310555 E0.297521
G1 X148.1124 Y148.475656 Z26.313539 E0.297506
G1 X147.568499 Y148.994028 Z26.316524 E0.29749
G1 X147.011243 Y149.497958 Z26.319509 E0.297475
G1 X146.441021 Y149.987107 Z26.322493 E0.297459
G1 X145.85822 Y150.461137 Z26.325478 E0.297444
G1 X145.26324 Y150.919724 Z26.328463 E0.297428
G1 X144.656492 Y151.362557 Z26.331447 E0.297413
G1 X144.038391 Y151.789332 Z26.334432 E0.297397
G1 X143.409363 Y152.199761 Z26.337417 E0.297382
G1 X142.769841 Y152.593562 Z26.340401 E0.297367
G1 X142.120265 Y152.970472 Z26.343386 E0.297351
G1 X141.461079 Y153.330231 Z26.346371 E0.297336
G1 X140.792736 Y153.672593 Z26.349355 E0.29732
G1 X140.115696 Y153.997325 Z26.35234 E0.297305
G1 X139.430422 Y154.304208 Z26.355325 E0.29729
G1 X138.737386 Y154.593032 Z26.358309 E0.297274
G1 X138.037063 Y154.863602 Z26.361294 E0.297259
G1 X137.329935 Y155.115738 Z26.364279 E0.297244
G1 X136.616487 Y155.349266 Z26.367263 E0.297228
G1 X135.897207 Y155.564026 Z26.370248 E0.297213
G1 X135.172588 Y155.759873 Z26.373233 E0.297198
G1 X134.443129 Y155.936677 Z26.376217 E0.297182
G1 X133.70933 Y156.094316 Z26.379202 E0.297167
G1 X132.971694 Y156.232685 Z26.382187 E0.297152
G1 X132.230726 Y156.351692 Z26.385171 E0.297136
G1 X131.486936 Y156.451257 Z26.388156 E0.297121
G1 X130.740833 Y156.531313 Z26.391141 E0.297106
G1 X129.992928 Y156.591808 Z26.394125 E0.29709
G1 X129.243735 Y156.632702 Z26.39711 E0.297075
G1 X128.493766 Y156.653969 Z26.400095 E0.29706
G1 X127.743537 Y156.655597 Z26.403079 E0.297044
G1 X126.993561 Y156.637586 Z26.406064 E0.297029
G1 X126.244351 Y156.599951 Z26.409049 E0.297014
G1 X125.496423 Y156.54272 Z26.412033 E0.296998
G1 X124.750287 Y156.465935 Z26.415018 E0.296983
G1 X124.006455 Y156.369648 Z26.418003 E0.296968
G1 X123.265437 Y156.25393 Z26.420987 E0.296952
G1 X122.527741 Y156.11886 Z26.423972 E0.296937
G1 X121.79387 Y155.964534 Z26.426957 E0.296922
G1 X121.064329 Y155.791059 Z26.429942 E0.296906
G1 X120.339616 Y155.598557 Z26.432926 E0.296891
G1 X119.620227 Y155.38716 Z26.435911 E0.296876
G1 X118.906656 Y155.157016 Z26.438896 E0.29686
G1 X118.19939 Y154.908285 Z26.44188 E0.296845
G1 X117.498914 Y154.641138 Z26.444865 E0.29683
G1 X116.805707 Y154.355762 Z26.44785 E0.296814
G1 X116.120243 Y154.052353 Z26.450834 E0.296799
G1 X115.442991 Y153.731121 Z26.453819 E0.296784
G1 X114.774415 Y153.392288 Z26.456804 E0.296768
G1 X114.114972 Y153.036088 Z26.459788 E0.296753
G1 X113.465112 Y152.662767 Z26.462773 E0.296738
G1 X112.82528 Y152.272583 Z26.465758 E0.296723
G1 X112.195915 Y151.865805 Z26.468742 E0.296707
G1 X111.577445 Y151.442713 Z26.471727 E0.296692
G1 X110.970293 Y151.003599 Z26.474712 E0.296677
G1 X110.374875 Y150.548766 Z26.477696 E0.296661
G1 X109.791598 Y150.078526 Z26.480681 E0.296646
G1 X109.220859 Y149.593205 Z26.483666 E0.296631
G1 X108.663049 Y149.093135 Z26.48665 E0.296615
G1 X108.118549 Y148.578661 Z26.489635 E0.2966
G1 X107.58773 Y148.050137 Z26.49262 E0.296585
G1 X107.070955 Y147.507928 Z26.495604 E0.296569
G1 X106.568577 Y146.952405 Z26.498589 E0.296554
G1 X106.080937 Y146.383951 Z26.501574 E0.296539
G1 X105.60837 Y145.802957 Z26.504558 E0.296523
G1 X105.151197 Y145.209822 Z26.507543 E0.296508
G1 X104.70973 Y144.604954 Z26.510528 E0.296493
G1 X104.28427 Y143.98877 Z26.513512 E0.296477
G1 X103.875107 Y143.361691 Z26.516497 E0.296462
G1 X103.482519 Y142.72415 Z26.519482 E0.296447
G1 X103.106774 Y142.076584 Z26.522466 E0.296431
G1 X102.748137 Y141.419433 Z26.525451 E0.296416
G1 X102.406848 Y140.753151 Z26.528436 E0.296401
G1 X102.083135 Y140.078198 Z26.53142 E0.296385
G1 X101.777217 Y139.395039 Z26.534405 E0.29637
G1 X101.489302 Y138.704142 Z26.53739 E0.296354
G1 X101.219585 Y138.005982 Z26.540374 E0.296339
G1 X100.96825 Y137.301037 Z26.543359 E0.296323
G1 X100.735478 Y136.589788 Z26.546344 E0.296307
G1 X100.52142 Y135.872726 Z26.549328 E0.296292
G1 X100.326216 Y135.150345 Z26.552313 E0.296276
G1 X100.149998 Y134.423139 Z26.555298 E0.29626
G1 X99.992885 Y133.691609 Z26.558282 E0.296245
G1 X99.854982 Y132.956256 Z26.561267 E0.296229
G1 X99.736382 Y132.217584 Z26.564252 E0.296213
G1 X99.63718 Y131.476097 Z26.567236 E0.296198
;WIDTH:1.200
; LINE_WIDTH: 1.200
;Z:27.267
;HEIGHT:0.700
G1 X99.557392 Y130.732311 Z26.570154 E0.294031
G1 X99.497106 Y129.98673 Z26.573071 E0.294015
G1 X99.456359 Y129.239866 Z26.575989 E0.294
G1 X99.435178 Y128.49223 Z26.578906 E0.293985
G1 X99.433575 Y127.744335 Z26.581824 E0.293969
G1 X99.45155 Y126.996693 Z26.584742 E0.293954
G1 X99.489103 Y126.249818 Z26.587659 E0.293939
G1 X99.546191 Y125.504221 Z26.590577 E0.293923
G1 X99.622774 Y124.760414 Z26.593494 E0.293907
G1 X99.718796 Y124.018906 Z26.596412 E0.293892
G1 X99.83419 Y123.280204 Z26.599329 E0.293876
G1 X99.968874 Y122.544815 Z26.602247 E0.293861
G1 X100.122754 Y121.813242 Z26.605164 E0.293845
G1 X100.295737 Y121.08599 Z26.608082 E0.29383
G1 X100.487689 Y120.363555 Z26.610999 E0.293814
G1 X100.698476 Y119.64643 Z26.613917 E0.293798
G1 X100.92795 Y118.935106 Z26.616834 E0.293783
G1 X101.175952 Y118.230071 Z26.619752 E0.293767
G1 X101.442311 Y117.531807 Z26.622669 E0.293751
G1 X101.726842 Y116.840792 Z26.625587 E0.293735
G1 X102.029362 Y116.157505 Z26.628504 E0.29372
G1 X102.349648 Y115.482407 Z26.631422 E0.293704
G1 X102.687479 Y114.815962 Z26.63434 E0.293688
G1 X103.04262 Y114.158623 Z26.637257 E0.293672
G1 X103.414826 Y113.510841 Z26.640175 E0.293656
G1 X103.803841 Y112.873059 Z26.643092 E0.29364
G1 X104.209396 Y112.245713 Z26.64601 E0.293624
G1 X104.631223 Y111.62924 Z26.648927 E0.293609
G1 X105.069021 Y111.024055 Z26.651845 E0.293592
G1 X105.522485 Y110.430569 Z26.654762 E0.293576
G1 X105.991305 Y109.849188 Z26.65768 E0.29356
G1 X106.475156 Y109.280311 Z26.660597 E0.293544
G1 X106.973705 Y108.724324 Z26.663515 E0.293528
G1 X107.48661 Y108.181608 Z26.666432 E0.293512
G1 X108.013528 Y107.652545 Z26.66935 E0.293496
G1 X108.554085 Y107.137485 Z26.672267 E0.29348
G1 X109.107909 Y106.636779 Z26.675185 E0.293464
G1 X109.674619 Y106.15077 Z26.678103 E0.293448
G1 X110.253825 Y105.679787 Z26.68102 E0.293431
G1 X110.845129 Y105.224153 Z26.683938 E0.293415
G1 X111.448124 Y104.784178 Z26.686855 E0.293399
G1 X112.062405 Y104.360175 Z26.689773 E0.293383
G1 X112.687539 Y103.952421 Z26.69269 E0.293366
G1 X113.323098 Y103.561192 Z26.695608 E0.29335
G1 X113.968644 Y103.186755 Z26.698525 E0.293334
G1 X114.623734 Y102.829365 Z26.701443 E0.293317
G1 X115.287918 Y102.489265 Z26.70436 E0.293301
G1 X115.960739 Y102.166686 Z26.707278 E0.293284
G1 X116.641737 Y101.861847 Z26.710195 E0.293268
G1 X117.330442 Y101.574955 Z26.713113 E0.293252
G1 X118.026382 Y101.306204 Z26.71603 E0.293235
G1 X118.729079 Y101.055777 Z26.718948 E0.293219
G1 X119.438052 Y100.823844 Z26.721865 E0.293203
G1 X120.152813 Y100.610561 Z26.724783 E0.293186
G1 X120.872872 Y100.416072 Z26.727701 E0.29317
G1 X121.597735 Y100.240508 Z26.730618 E0.293153
G1 X122.326905 Y100.083988 Z26.733536 E0.293137
G1 X123.059881 Y99.946618 Z26.736453 E0.293121
G1 X123.796161 Y99.828487 Z26.739371 E0.293104
G1 X124.535239 Y99.729677 Z26.742288 E0.293088
G1 X125.276609 Y99.650252 Z26.745206 E0.293072
G1 X126.019763 Y99.590264 Z26.748123 E0.293055
G1 X126.764191 Y99.549753 Z26.751041 E0.293039
G1 X127.509382 Y99.528743 Z26.753958 E0.293022
G1 X128.254827 Y99.527248 Z26.756876 E0.293006
G1 X129.000013 Y99.545266 Z26.759793 E0.29299
G1 X129.744431 Y99.582782 Z26.762711 E0.292973
G1 X130.48757 Y99.639769 Z26.765628 E0.292957
G1 X131.228922 Y99.716186 Z26.768546 E0.292941
G1 X131.967977 Y99.811977 Z26.771464 E0.292924
G1 X132.704231 Y99.927075 Z26.774381 E0.292908
G1 X133.437179 Y100.0614 Z26.777299 E0.292891
G1 X134.166318 Y100.214856 Z26.780216 E0.292875
G1 X134.89115 Y100.387337 Z26.783134 E0.292859
G1 X135.611178 Y100.578721 Z26.786051 E0.292842
G1 X136.32591 Y100.788877 Z26.788969 E0.292826
G1 X137.034856 Y101.017658 Z26.791886 E0.29281
G1 X137.73753 Y101.264904 Z26.794804 E0.292793
G1 X138.433453 Y101.530445 Z26.797721 E0.292777
G1 X139.122148 Y101.814096 Z26.800639 E0.29276
G1 X139.803143 Y102.115661 Z26.803556 E0.292744
G1 X140.475974 Y102.434931 Z26.806474 E0.292728
G1 X141.140179 Y102.771686 Z26.809391 E0.292711
G1 X141.795305 Y103.125693 Z26.812309 E0.292695
G1 X142.440903 Y103.496707 Z26.815226 E0.292679
G1 X143.076532 Y103.884471 Z26.818144 E0.292662
G1 X143.701758 Y104.28872 Z26.821062 E0.292646
G1 X144.316153 Y104.709172 Z26.823979 E0.292629
G1 X144.919298 Y105.14554 Z26.826897 E0.292613
G1 X145.51078 Y105.597521 Z26.829814 E0.292597
G1 X146.090192 Y106.064808 Z26.832732 E0.29258
G1 X146.657142 Y106.547076 Z26.835649 E0.292564
G1 X147.211241 Y107.043991 Z26.838567 E0.292547
G1 X147.752113 Y107.555213 Z26.841484 E0.292531
G1 X148.279387 Y108.080387 Z26.844402 E0.292515
G1 X148.792705 Y108.619155 Z26.847319 E0.292498
G1 X149.291715 Y109.171143 Z26.850237 E0.292482
G1 X149.776073 Y109.735977 Z26.853154 E0.292465
G1 X150.245453 Y110.313264 Z26.856072 E0.292449
G1 X150.699535 Y110.902607 Z26.858989 E0.292432
G1 X151.138009 Y111.503601 Z26.861907 E0.292416
G1 X151.560577 Y112.115832 Z26.864825 E0.292399
G1 X151.966951 Y112.73888 Z26.867742 E0.292383
G1 X152.356854 Y113.372316 Z26.87066 E0.292366
G1 X152.730016 Y114.015708 Z26.873577 E0.29235
G1 X153.086189 Y114.668611 Z26.876495 E0.292333
G1 X153.425128 Y115.330576 Z26.879412 E0.292317
G1 X153.746605 Y116.001149 Z26.88233 E0.2923
G1 X154.050401 Y116.679869 Z26.885247 E0.292284
G1 X154.33631 Y117.36627 Z26.888165 E0.292267
G1 X154.604138 Y118.059881 Z26.891082 E0.292251
G1 X154.853698 Y118.760227 Z26.894 E0.292234
G1 X155.084826 Y119.466826 Z26.896917 E0.292217
G1 X155.297367 Y120.179192 Z26.899835 E0.292201
G1 X155.491175 Y120.896838 Z26.902752 E0.292184
G1 X155.666122 Y121.619269 Z26.90567 E0.292168
G1 X155.822089 Y122.345992 Z26.908587 E0.292151
G1 X155.958971 Y123.076506 Z26.911505 E0.292134
G1 X156.076671 Y123.810313 Z26.914423 E0.292118
G1 X156.175116 Y124.546907 Z26.91734 E0.292101
G1 X156.254242 Y125.285784 Z26.920258 E0.292084
G1 X156.313995 Y126.026436 Z26.923175 E0.292068
G1 X156.354337 Y126.768357 Z26.926093 E0.292051
G1 X156.375243 Y127.511037 Z26.92901 E0.292034
G1 X156.3767 Y128.253967 Z26.931928 E0.292018
G1 X156.358705 Y128.996639 Z26.934845 E0.292001
G1 X156.321277 Y129.738542 Z26.937763 E0.291984
G1 X156.264445 Y130.479169 Z26.94068 E0.291968
G1 X156.188249 Y131.218012 Z26.943598 E0.291951
G1 X156.092743 Y131.954565 Z26.946515 E0.291934
G1 X155.977997 Y132.688324 Z26.949433 E0.291918
G1 X155.844089 Y133.418786 Z26.95235 E0.291901
G1 X155.691109 Y134.145449 Z26.955268 E0.291884
G1 X155.51917 Y134.867817 Z26.958186 E0.291867
G1 X155.328391 Y135.585396 Z26.961103 E0.291851
G1 X155.118906 Y136.297694 Z26.964021 E0.291834
G1 X154.890859 Y137.004223 Z26.966938 E0.291817
G1 X154.64441 Y137.7045 Z26.969856 E0.2918
G1 X154.379729 Y138.398047 Z26.972773 E0.291783
G1 X154.096996 Y139.084385 Z26.975691 E0.291767
G1 X153.79641 Y139.763048 Z26.978608 E0.29175
G1 X153.47818 Y140.433572 Z26.981526 E0.291733
G1 X153.142526 Y141.095497 Z26.984443 E0.291716
G1 X152.789681 Y141.748371 Z26.987361 E0.291699
G1 X152.419887 Y142.391748 Z26.990278 E0.291683
G1 X152.0334 Y143.025187 Z26.993196 E0.291666
G1 X151.630483 Y143.648254 Z26.996113 E0.291649
G1 X151.211419 Y144.260524 Z26.999031 E0.291632
G1 X150.776495 Y144.86158 Z27.001948 E0.291615
G1 X150.326013 Y145.451011 Z27.004866 E0.291598
G1 X149.860283 Y146.028414 Z27.007784 E0.291581
G1 X149.379625 Y146.593395 Z27.010701 E0.291565
G1 X148.884371 Y147.145569 Z27.013619 E0.291548
G1 X148.374863 Y147.684557 Z27.016536 E0.291531
G1 X147.851449 Y148.209993 Z27.019454 E0.291514
G1 X147.314492 Y148.721518 Z27.022371 E0.291497
G1 X146.764361 Y149.218783 Z27.025289 E0.29148
G1 X146.201434 Y149.701449 Z27.028206 E0.291463
G1 X145.626098 Y150.169186 Z27.031124 E0.291446
G1 X145.038749 Y150.621676 Z27.034041 E0.291429
G1 X144.439792 Y151.058611 Z27.036959 E0.291413
G1 X143.829637 Y151.479693 Z27.039876 E0.291396
G1 X143.208705 Y151.884635 Z27.042794 E0.291379
G1 X142.577422 Y152.273162 Z27.045711 E0.291362
G1 X141.936222 Y152.645008 Z27.048629 E0.291345
G1 X141.285545 Y152.999922 Z27.051547 E0.291328
G1 X140.625839 Y153.337662 Z27.054464 E0.291311
G1 X139.957557 Y153.657999 Z27.057382 E0.291294
G1 X139.281158 Y153.960714 Z27.060299 E0.291278
G1 X138.597106 Y154.245603 Z27.063217 E0.291261
G1 X137.90587 Y154.512473 Z27.066134 E0.291244
G1 X137.207927 Y154.761142 Z27.069052 E0.291227
G1 X136.503753 Y154.991442 Z27.071969 E0.29121
G1 X135.793834 Y155.203218 Z27.074887 E0.291193
G1 X135.078655 Y155.396327 Z27.077804 E0.291176
G1 X134.358709 Y155.570638 Z27.080722 E0.291159
G1 X133.634488 Y155.726035 Z27.083639 E0.291143
G1 X132.90649 Y155.862412 Z27.086557 E0.291126
G1 X132.175213 Y155.979678 Z27.089474 E0.291109
G1 X131.441161 Y156.077757 Z27.092392 E0.291092
G1 X130.704834 Y156.156581 Z27.095309 E0.291075
G1 X129.96674 Y156.2161 Z27.098227 E0.291058
G1 X129.227384 Y156.256276 Z27.101145 E0.291041
G1 X128.487272 Y156.277082 Z27.104062 E0.291024
G1 X127.746912 Y156.278507 Z27.10698 E0.291007
G1 X127.006811 Y156.260552 Z27.109897 E0.290991
G1 X126.267477 Y156.223232 Z27.112815 E0.290974
G1 X125.529416 Y156.166575 Z27.115732 E0.290957
G1 X124.793133 Y156.09062 Z27.11865 E0.29094
G1 X124.059134 Y155.995424 Z27.121567 E0.290923
G1 X123.327921 Y155.881053 Z27.124485 E0.290906
G1 X122.599995 Y155.747588 Z27.127402 E0.290889
G1 X121.875853 Y155.595122 Z27.13032 E0.290872
G1 X121.155993 Y155.423763 Z27.133237 E0.290856
G1 X120.440907 Y155.233629 Z27.136155 E0.290839
G1 X119.731085 Y155.024849 Z27.139072 E0.290822
G1 X119.027013 Y154.797573 Z27.14199 E0.290805
G1 X118.329173 Y154.551958 Z27.144908 E0.290788
G1 X117.638041 Y154.288176 Z27.147825 E0.290771
G1 X116.954091 Y154.006408 Z27.150743 E0.290754
G1 X116.27779 Y153.706851 Z27.15366 E0.290737
G1 X115.609602 Y153.38971 Z27.156578 E0.29072
G1 X114.949986 Y153.055203 Z27.159495 E0.290703
G1 X114.29939 Y152.703563 Z27.162413 E0.290686
G1 X113.658259 Y152.335035 Z27.16533 E0.290669
G1 X113.027032 Y151.949873 Z27.168248 E0.290652
G1 X112.40614 Y151.548343 Z27.171165 E0.290635
G1 X111.796007 Y151.130722 Z27.174083 E0.290618
G1 X111.197051 Y150.697297 Z27.177 E0.290601
G1 X110.609683 Y150.248364 Z27.179918 E0.290584
G1 X110.034302 Y149.784236 Z27.182835 E0.290567
G1 X109.471301 Y149.305234 Z27.185753 E0.29055
G1 X108.921063 Y148.811688 Z27.188671 E0.290533
G1 X108.383966 Y148.303936 Z27.191588 E0.290516
G1 X107.860374 Y147.78233 Z27.194506 E0.290499
G1 X107.350647 Y147.247227 Z27.197423 E0.290482
G1 X106.855134 Y146.698994 Z27.200341 E0.290465
G1 X106.374171 Y146.13801 Z27.203258 E0.290448
G1 X105.908085 Y145.564662 Z27.206176 E0.290431
G1 X105.457193 Y144.979344 Z27.209093 E0.290414
G1 X105.021804 Y144.382459 Z27.212011 E0.290396
G1 X104.602213 Y143.774417 Z27.214928 E0.290379
G1 X104.198707 Y143.155636 Z27.217846 E0.290362
G1 X103.811564 Y142.526539 Z27.220763 E0.290345
G1 X103.441044 Y141.887561 Z27.223681 E0.290328
G1 X103.087398 Y141.239141 Z27.226598 E0.290311
G1 X102.750867 Y140.581725 Z27.229516 E0.290294
G1 X102.431679 Y139.915764 Z27.232433 E0.290277
G1 X102.130051 Y139.241716 Z27.235351 E0.290259
G1 X101.846189 Y138.560043 Z27.238269 E0.290242
G1 X101.580289 Y137.871212 Z27.241186 E0.290225
G1 X101.332526 Y137.175698 Z27.244104 E0.290208
G1 X101.103067 Y136.473978 Z27.247021 E0.290191
G1 X100.892069 Y135.766533 Z27.249939 E0.290173
G1 X100.699674 Y135.053851 Z27.252856 E0.290156
G1 X100.526011 Y134.336418 Z27.255774 E0.290139
G1 X100.371197 Y133.614729 Z27.258691 E0.290122
G1 X100.235341 Y132.889276 Z27.261609 E0.290105
G1 X100.118528 Y132.160559 Z27.264526 E0.290087
G1 X100.020837 Y131.429077 Z27.267444 E0.29007
;WIDTH:1.200
; LINE_WIDTH: 1.200
;Z:27.956
;HEIGHT:0.688
G1 X99.942304 Y130.695335 Z27.270312 E0.292026
G1 X99.883009 Y129.959832 Z27.27318 E0.292009
G1 X99.842989 Y129.223072 Z27.276048 E0.291992
G1 X99.822271 Y128.48556 Z27.278916 E0.291975
G1 X99.820872 Y127.747801 Z27.281784 E0.291958
G1 X99.838783 Y127.010302 Z27.284651 E0.29194
G1 X99.875992 Y126.273568 Z27.287519 E0.291923
G1 X99.932471 Y125.538103 Z27.290387 E0.291906
G1 X100.008178 Y124.804412 Z27.293255 E0.291889
G1 X100.103059 Y124.072998 Z27.296123 E0.291872
G1 X100.217048 Y123.34436 Z27.298991 E0.291855
G1 X100.350068 Y122.619 Z27.301859 E0.291837
G1 X100.502022 Y121.897412 Z27.304727 E0.29182
G1 X100.672803 Y121.180092 Z27.307595 E0.291803
G1 X100.862291 Y120.467531 Z27.310463 E0.291786
G1 X101.070355 Y119.760215 Z27.313331 E0.291769
G1 X101.296849 Y119.05863 Z27.316199 E0.291752
G1 X101.541617 Y118.363255 Z27.319067 E0.291734
G1 X101.804489 Y117.674566 Z27.321935 E0.291717
G1 X102.085282 Y116.993035 Z27.324803 E0.2917
G1 X102.383801 Y116.319127 Z27.327671 E0.291683
G1 X102.699841 Y115.653304 Z27.330539 E0.291666
G1 X103.033182 Y114.996021 Z27.333406 E0.291648
G1 X103.383593 Y114.347727 Z27.336274 E0.291631
G1 X103.750834 Y113.708866 Z27.339142 E0.291614
G1 X104.134649 Y113.079874 Z27.34201 E0.291597
G1 X104.534775 Y112.461181 Z27.344878 E0.29158
G1 X104.950934 Y111.85321 Z27.347746 E0.291562
G1 X105.38284 Y111.256377 Z27.350614 E0.291545
G1 X105.830196 Y110.671089 Z27.353482 E0.291528
G1 X106.292691 Y110.097745 Z27.35635 E0.291511
G1 X106.770009 Y109.536738 Z27.359218 E0.291494
G1 X107.261819 Y108.988451 Z27.362086 E0.291476
G1 X107.767784 Y108.453256 Z27.364954 E0.291459
G1 X108.287554 Y107.931521 Z27.367822 E0.291442
G1 X108.820773 Y107.423601 Z27.37069 E0.291425
G1 X109.367072 Y106.929842 Z27.373558 E0.291408
G1 X109.926076 Y106.450581 Z27.376426 E0.29139
G1 X110.497401 Y105.986144 Z27.379294 E0.291373
G1 X111.080653 Y105.536849 Z27.382161 E0.291356
G1 X111.675431 Y105.103002 Z27.385029 E0.291339
G1 X112.281327 Y104.684897 Z27.387897 E0.291322
G1 X112.897923 Y104.28282 Z27.390765 E0.291304
G1 X113.524796 Y103.897044 Z27.393633 E0.291287
G1 X114.161515 Y103.527832 Z27.396501 E0.29127
G1 X114.807643 Y103.175434 Z27.399369 E0.291253
G1 X115.462736 Y102.840091 Z27.402237 E0.291236
G1 X116.126343 Y102.52203 Z27.405105 E0.291218
G1 X116.798009 Y102.221467 Z27.407973 E0.291201
G1 X117.477272 Y101.938606 Z27.410841 E0.291184
G1 X118.163667 Y101.673639 Z27.413709 E0.291167
G1 X118.856721 Y101.426745 Z27.416577 E0.29115
G1 X119.55596 Y101.198091 Z27.419445 E0.291132
G1 X120.260903 Y100.987832 Z27.422313 E0.291115
G1 X120.971066 Y100.79611 Z27.425181 E0.291098
G1 X121.685963 Y100.623053 Z27.428049 E0.291081
G1 X122.405102 Y100.468779 Z27.430916 E0.291064
G1 X123.127991 Y100.333391 Z27.433784 E0.291046
G1 X123.854132 Y100.216979 Z27.436652 E0.291029
G1 X124.58303 Y100.119621 Z27.43952 E0.291012
G1 X125.314183 Y100.041383 Z27.442388 E0.290995
G1 X126.04709 Y99.982318 Z27.445256 E0.290978
G1 X126.781249 Y99.942462 Z27.448124 E0.29096
G1 X127.516156 Y99.921838 Z27.450992 E0.290943
G1 X128.251308 Y99.920459 Z27.45386 E0.290926
G1 X128.9862 Y99.938324 Z27.456728 E0.290909
G1 X129.720329 Y99.975418 Z27.459596 E0.290891
G1 X130.453192 Y100.031713 Z27.462464 E0.290874
G1 X131.184286 Y100.107174 Z27.465332 E0.290857
G1 X131.913111 Y100.201741 Z27.4682 E0.290839
G1 X132.639168 Y100.315348 Z27.471068 E0.290822
G1 X133.361959 Y100.447914 Z27.473936 E0.290805
G1 X134.080989 Y100.599345 Z27.476803 E0.290788
G1 X134.795766 Y100.769537 Z27.479671 E0.29077
G1 X135.505801 Y100.958371 Z27.482539 E0.290753
G1 X136.210606 Y101.165718 Z27.485407 E0.290736
G1 X136.9097 Y101.391431 Z27.488275 E0.290718
G1 X137.602605 Y101.635352 Z27.491143 E0.290701
G1 X138.288846 Y101.897312 Z27.494011 E0.290684
G1 X138.967954 Y102.17713 Z27.496879 E0.290666
G1 X139.639464 Y102.474611 Z27.499747 E0.290649
G1 X140.302917 Y102.78955 Z27.502615 E0.290631
G1 X140.957858 Y103.121731 Z27.505483 E0.290614
G1 X141.60384 Y103.470923 Z27.508351 E0.290597
G1 X142.240421 Y103.836884 Z27.511219 E0.290579
G1 X142.867167 Y104.21936 Z27.514087 E0.290562
G1 X143.483649 Y104.618088 Z27.516955 E0.290544
G1 X144.089445 Y105.032791 Z27.519823 E0.290527
G1 X144.684143 Y105.463185 Z27.522691 E0.29051
G1 X145.267334 Y105.908975 Z27.525558 E0.290492
G1 X145.83862 Y106.369852 Z27.528426 E0.290475
G1 X146.397612 Y106.845497 Z27.531294 E0.290457
G1 X146.943928 Y107.335582 Z27.534162 E0.29044
G1 X147.477196 Y107.83977 Z27.53703 E0.290422
G1 X147.997053 Y108.357713 Z27.539898 E0.290405
G1 X148.503142 Y108.889056 Z27.542766 E0.290387
G1 X148.995117 Y109.433433 Z27.545634 E0.29037
G1 X149.472643 Y109.99047 Z27.548502 E0.290352
G1 X149.935395 Y110.559783 Z27.55137 E0.290335
G1 X150.383059 Y111.140978 Z27.554238 E0.290317
G1 X150.81533 Y111.733657 Z27.557106 E0.2903
G1 X151.231913 Y112.337412 Z27.559974 E0.290282
G1 X151.632524 Y112.951829 Z27.562842 E0.290265
G1 X152.016889 Y113.576485 Z27.56571 E0.290247
G1 X152.384746 Y114.210951 Z27.568578 E0.29023
G1 X152.735847 Y114.85479 Z27.571446 E0.290212
G1 X153.069954 Y115.507561 Z27.574313 E0.290195
G1 X153.386839 Y116.168813 Z27.577181 E0.290177
G1 X153.686288 Y116.838093 Z27.580049 E0.290159
G1 X153.968098 Y117.514942 Z27.582917 E0.290142
G1 X154.232075 Y118.198895 Z27.585785 E0.290124
G1 X154.47804 Y118.889483 Z27.588653 E0.290107
G1 X154.705829 Y119.58623 Z27.591521 E0.290089
G1 X154.915289 Y120.288659 Z27.594389 E0.290071
G1 X155.106278 Y120.996288 Z27.597257 E0.290054
G1 X155.278667 Y121.70863 Z27.600125 E0.290036
G1 X155.43234 Y122.425197 Z27.602993 E0.290019
G1 X155.567194 Y123.145497 Z27.605861 E0.290001
G1 X155.683136 Y123.869038 Z27.608729 E0.289983
G1 X155.780091 Y124.595321 Z27.611597 E0.289966
G1 X155.857997 Y125.323849 Z27.614465 E0.289948
G1 X155.916801 Y126.054122 Z27.617333 E0.28993
G1 X155.956467 Y126.785639 Z27.620201 E0.289913
G1 X155.976969 Y127.5179 Z27.623068 E0.289895
G1 X155.978295 Y128.250401 Z27.625936 E0.289877
G1 X155.960447 Y128.982642 Z27.628804 E0.289859
G1 X155.923439 Y129.71412 Z27.631672 E0.289842
G1 X155.8673 Y130.444334 Z27.63454 E0.289824
G1 X155.79207 Y131.172784 Z27.637408 E0.289806
G1 X155.697802 Y131.89897 Z27.640276 E0.289789
G1 X155.584564 Y132.622396 Z27.643144 E0.289771
G1 X155.452436 Y133.342565 Z27.646012 E0.289753
G1 X155.30151 Y134.058986 Z27.64888 E0.289736
G1 X155.131893 Y134.771167 Z27.651748 E0.289718
G1 X154.943703 Y135.47862 Z27.654616 E0.2897
G1 X154.73707 Y136.180862 Z27.657484 E0.289683
G1 X154.51214 Y136.877411 Z27.660352 E0.289665
G1 X154.269067 Y137.567792 Z27.66322 E0.289647
G1 X154.008022 Y138.251532 Z27.666088 E0.28963
G1 X153.729185 Y138.928162 Z27.668955 E0.289612
G1 X153.432749 Y139.597221 Z27.671823 E0.289594
G1 X153.11892 Y140.25825 Z27.674691 E0.289577
G1 X152.787915 Y140.910797 Z27.677559 E0.289559
G1 X152.439963 Y141.554417 Z27.680427 E0.289541
G1 X152.075305 Y142.18867 Z27.683295 E0.289524
G1 X151.694191 Y142.813121 Z27.686163 E0.289506
G1 X151.296887 Y143.427344 Z27.689031 E0.289488
G1 X150.883665 Y144.030919 Z27.691899 E0.28947
G1 X150.454811 Y144.623435 Z27.694767 E0.289453
G1 X150.01062 Y145.204486 Z27.697635 E0.289435
G1 X149.5514 Y145.773675 Z27.700503 E0.289417
G1 X149.077467 Y146.330615 Z27.703371 E0.2894
G1 X148.589146 Y146.874923 Z27.706239 E0.289382
G1 X148.086775 Y147.406231 Z27.709107 E0.289364
G1 X147.5707 Y147.924173 Z27.711975 E0.289347
G1 X147.041276 Y148.428399 Z27.714843 E0.289329
G1 X146.498867 Y148.918562 Z27.71771 E0.289311
G1 X145.943847 Y149.39433 Z27.720578 E0.289294
G1 X145.376598 Y149.855378 Z27.723446 E0.289276
G1 X144.797509 Y150.301392 Z27.726314 E0.289258
G1 X144.20698 Y150.732067 Z27.729182 E0.289241
G1 X143.605416 Y151.147112 Z27.73205 E0.289223
G1 X142.993231 Y151.546242 Z27.734918 E0.289205
G1 X142.370846 Y151.929187 Z27.737786 E0.289188
G1 X141.738688 Y152.295687 Z27.740654 E0.28917
G1 X141.097192 Y152.645491 Z27.743522 E0.289152
G1 X140.446799 Y152.978362 Z27.74639 E0.289134
G1 X139.787955 Y153.294073 Z27.749258 E0.289117
G1 X139.121111 Y153.592408 Z27.752126 E0.289099
G1 X138.446728 Y153.873167 Z27.754994 E0.289081
G1 X137.765269 Y154.136161 Z27.757862 E0.289064
G1 X137.077201 Y154.381211 Z27.76073 E0.289046
G1 X136.382996 Y154.608152 Z27.763598 E0.289028
G1 X135.683132 Y154.816829 Z27.766465 E0.28901
G1 X134.978087 Y155.007102 Z27.769333 E0.288993
G1 X134.268347 Y155.178839 Z27.772201 E0.288975
G1 X133.554398 Y155.331929 Z27.775069 E0.288957
G1 X132.83673 Y155.466269 Z27.777937 E0.288939
G1 X132.115836 Y155.58177 Z27.780805 E0.288922
G1 X131.39221 Y155.678354 Z27.783673 E0.288904
G1 X130.666349 Y155.755958 Z27.786541 E0.288886
G1 X129.93875 Y155.814529 Z27.789409 E0.288868
G1 X129.209911 Y155.854028 Z27.792277 E0.28885
G1 X128.480333 Y155.874433 Z27.795145 E0.288833
G1 X127.750516 Y155.875733 Z27.798013 E0.288815
G1 X127.020961 Y155.857929 Z27.800881 E0.288797
G1 X126.292166 Y155.821035 Z27.803749 E0.288779
G1 X125.564632 Y155.76508 Z27.806617 E0.288761
G1 X124.838857 Y155.690104 Z27.809485 E0.288743
G1 X124.115339 Y155.596156 Z27.812352 E0.288725
G1 X123.394572 Y155.483307 Z27.81522 E0.288708
G1 X122.677051 Y155.351638 Z27.818088 E0.28869
G1 X121.963267 Y155.20124 Z27.820956 E0.288672
G1 X121.253708 Y155.03222 Z27.823824 E0.288654
G1 X120.548861 Y154.844695 Z27.826692 E0.288636
G1 X119.849208 Y154.638796 Z27.82956 E0.288618
G1 X119.155228 Y154.414662 Z27.832428 E0.2886
G1 X118.467397 Y154.172454 Z27.835296 E0.288582
G1 X117.786184 Y153.912339 Z27.838164 E0.288564
G1 X117.112055 Y153.634499 Z27.841032 E0.288546
G1 X116.445472 Y153.339125 Z27.8439 E0.288528
G1 X115.78689 Y153.026423 Z27.846768 E0.28851
G1 X115.13676 Y152.696608 Z27.849636 E0.288492
G1 X114.495528 Y152.349906 Z27.852504 E0.288475
G1 X113.863632 Y151.986559 Z27.855372 E0.288457
G1 X113.241502 Y151.60682 Z27.85824 E0.288439
G1 X112.629564 Y151.210949 Z27.861107 E0.288421
G1 X112.028237 Y150.799221 Z27.863975 E0.288403
G1 X111.437929 Y150.37192 Z27.866843 E0.288385
G1 X110.859046 Y149.92934 Z27.869711 E0.288367
G1 X110.291985 Y149.471784 Z27.872579 E0.288349
G1 X109.737131 Y148.99957 Z27.875447 E0.28833
G1 X109.194862 Y148.513023 Z27.878315 E0.288312
G1 X108.665548 Y148.012479 Z27.881183 E0.288294
G1 X108.149551 Y147.498284 Z27.884051 E0.288276
G1 X107.647223 Y146.97079 Z27.886919 E0.288258
G1 X107.158905 Y146.430361 Z27.889787 E0.28824
G1 X106.684934 Y145.877367 Z27.892655 E0.288222
G1 X106.225631 Y145.31219 Z27.895523 E0.288204
G1 X105.781308 Y144.73522 Z27.898391 E0.288186
G1 X105.352268 Y144.146853 Z27.901259 E0.288168
G1 X104.938803 Y143.547494 Z27.904127 E0.28815
G1 X104.541193 Y142.937556 Z27.906995 E0.288132
G1 X104.159711 Y142.317457 Z27.909862 E0.288114
G1 X103.794617 Y141.687624 Z27.91273 E0.288095
G1 X103.446159 Y141.048487 Z27.915598 E0.288077
G1 X103.114572 Y140.40049 Z27.918466 E0.288059
G1 X102.800081 Y139.744075 Z27.921334 E0.288041
G1 X102.5029 Y139.079695 Z27.924202 E0.288023
G1 X102.22323 Y138.407806 Z27.92707 E0.288005
G1 X101.961261 Y137.728869 Z27.929938 E0.287986
G1 X101.717169 Y137.04335 Z27.932806 E0.287968
G1 X101.49112 Y136.35172 Z27.935674 E0.28795
G1 X101.283266 Y135.654454 Z27.938542 E0.287932
G1 X101.093748 Y134.95203 Z27.94141 E0.287914
G1 X100.922693 Y134.24493 Z27.944278 E0.287896
G1 X100.770216 Y133.53364 Z27.947146 E0.287877
G1 X100.63642 Y132.818647 Z27.950014 E0.287859
G1 X100.521393 Y132.100442 Z27.952882 E0.287841
G1 X100.425212 Y131.379518 Z27.95575 E0.287823
;WIDTH:1.200
; LINE_WIDTH: 1.200
;Z:28.633
;HEIGHT:0.678
G1 X100.347913 Y130.656371 Z27.958573 E0.287805
G1 X100.289575 Y129.931493 Z27.961397 E0.287787
G1 X100.250234 Y129.205382 Z27.964221 E0.287769
G1 X100.229915 Y128.478535 Z27.967044 E0.287751
G1 X100.228631 Y127.75145 Z27.969868 E0.287733
G1 X100.246378 Y127.024627 Z27.972692 E0.287716
G1 X100.283143 Y126.298561 Z27.975515 E0.287698
G1 X100.338899 Y125.573753 Z27.978339 E0.28768
G1 X100.413604 Y124.850696 Z27.981163 E0.287662
G1 X100.507205 Y124.129889 Z27.983986 E0.287644
G1 X100.619636 Y123.411822 Z27.98681 E0.287626
G1 X100.750817 Y122.69699 Z27.989634 E0.287608
G1 X100.900656 Y121.985881 Z27.992457 E0.28759
G1 X101.069048 Y121.278981 Z27.995281 E0.287572
G1 X101.255875 Y120.576776 Z27.998105 E0.287555
G1 X101.461007 Y119.879745 Z28.000929 E0.287537
G1 X101.684302 Y119.188366 Z28.003752 E0.287519
G1 X101.925603 Y118.503111 Z28.006576 E0.287501
G1 X102.184743 Y117.82445 Z28.0094 E0.287483
G1 X102.461542 Y117.152847 Z28.012223 E0.287465
G1 X102.755809 Y116.488761 Z28.015047 E0.287447
G1 X103.06734 Y115.832647 Z28.017871 E0.287429
G1 X103.395918 Y115.184953 Z28.020694 E0.287412
G1 X103.741318 Y114.546121 Z28.023518 E0.287394
G1 X104.103299 Y113.916589 Z28.026342 E0.287376
G1 X104.481612 Y113.296788 Z28.029165 E0.287358
G1 X104.875995 Y112.687139 Z28.031989 E0.28734
G1 X105.286176 Y112.088061 Z28.034813 E0.287322
G1 X105.711873 Y111.499962 Z28.037637 E0.287304
G1 X106.152791 Y110.923244 Z28.04046 E0.287286
G1 X106.608626 Y110.3583 Z28.043284 E0.287269
G1 X107.079064 Y109.805517 Z28.046108 E0.287251
G1 X107.563782 Y109.265272 Z28.048931 E0.287233
G1 X108.062444 Y108.737933 Z28.051755 E0.287215
G1 X108.574708 Y108.223861 Z28.054579 E0.287197
G1 X109.100223 Y107.723409 Z28.057402 E0.287179
G1 X109.638626 Y107.236915 Z28.060226 E0.287161
G1 X110.189544 Y106.764712 Z28.06305 E0.287143
G1 X110.752599 Y106.30712 Z28.065873 E0.287125
G1 X111.327404 Y105.864451 Z28.068697 E0.287107
G1 X111.913563 Y105.437008 Z28.071521 E0.287089
G1 X112.510674 Y105.025081 Z28.074344 E0.287072
G1 X113.118327 Y104.628955 Z28.077168 E0.287054
G1 X113.736103 Y104.248895 Z28.079992 E0.287036
G1 X114.363576 Y103.885159 Z28.082816 E0.287018
G1 X115.000317 Y103.537995 Z28.085639 E0.287
G1 X115.645886 Y103.207639 Z28.088463 E0.286982
G1 X116.299841 Y102.894315 Z28.091287 E0.286964
G1 X116.961732 Y102.598236 Z28.09411 E0.286946
G1 X117.631107 Y102.319605 Z28.096934 E0.286928
G1 X118.307503 Y102.058609 Z28.099758 E0.28691
G1 X118.990458 Y101.815425 Z28.102581 E0.286892
G1 X119.6795 Y101.590215 Z28.105405 E0.286874
G1 X120.374158 Y101.383133 Z28.108229 E0.286856
G1 X121.073955 Y101.194318 Z28.111052 E0.286838
G1 X121.778411 Y101.023897 Z28.113876 E0.28682
G1 X122.487042 Y100.871987 Z28.1167 E0.286801
G1 X123.199363 Y100.73869 Z28.119524 E0.286783
G1 X123.914883 Y100.624092 Z28.122347 E0.286765
G1 X124.633113 Y100.52827 Z28.125171 E0.286747
G1 X125.35356 Y100.451286 Z28.127995 E0.286729
G1 X126.075729 Y100.393192 Z28.130818 E0.286711
G1 X126.799126 Y100.354025 Z28.133642 E0.286693
G1 X127.523255 Y100.33381 Z28.136466 E0.286675
G1 X128.247619 Y100.332561 Z28.139289 E0.286657
G1 X128.971722 Y100.350273 Z28.142113 E0.286639
G1 X129.695067 Y100.386932 Z28.144937 E0.286621
G1 X130.417159 Y100.44251 Z28.14776 E0.286602
G1 X131.137504 Y100.516966 Z28.150584 E0.286584
G1 X131.855606 Y100.610248 Z28.153408 E0.286566
G1 X132.570976 Y100.722288 Z28.156231 E0.286548
G1 X133.283121 Y100.853013 Z28.159055 E0.28653
G1 X133.991556 Y101.002325 Z28.161879 E0.286512
G1 X134.695795 Y101.170121 Z28.164703 E0.286493
G1 X135.395355 Y101.356281 Z28.167526 E0.286475
G1 X136.089758 Y101.560678 Z28.17035 E0.286457
G1 X136.77853 Y101.783168 Z28.173174 E0.286439
G1 X137.461197 Y102.023596 Z28.175997 E0.286421
G1 X138.137293 Y102.2818 Z28.178821 E0.286403
G1 X138.806355 Y102.557597 Z28.181645 E0.286384
G1 X139.467926 Y102.850794 Z28.184468 E0.286366
G1 X140.121554 Y103.16119 Z28.187292 E0.286348
G1 X140.766791 Y103.488568 Z28.190116 E0.28633
G1 X141.403197 Y103.832702 Z28.192939 E0.286311
G1 X142.030336 Y104.193355 Z28.195763 E0.286293
G1 X142.647779 Y104.57028 Z28.198587 E0.286275
G1 X143.255103 Y104.963215 Z28.201411 E0.286257
G1 X143.851896 Y105.371887 Z28.204234 E0.286238
G1 X144.437748 Y105.796014 Z28.207058 E0.28622
G1 X145.012261 Y106.235304 Z28.209882 E0.286202
G1 X145.575041 Y106.689453 Z28.212705 E0.286183
G1 X146.125705 Y107.158148 Z28.215529 E0.286165
G1 X146.663876 Y107.641069 Z28.218353 E0.286147
G1 X147.189185 Y108.137882 Z28.221176 E0.286129
G1 X147.701276 Y108.648243 Z28.224 E0.28611
G1 X148.1998 Y109.1718 Z28.226824 E0.286092
G1 X148.684417 Y109.708194 Z28.229647 E0.286073
G1 X149.154796 Y110.257055 Z28.232471 E0.286055
G1 X149.610617 Y110.818005 Z28.235295 E0.286037
G1 X150.05157 Y111.390658 Z28.238118 E0.286018
G1 X150.477354 Y111.97462 Z28.240942 E0.286
G1 X150.887679 Y112.569489 Z28.243766 E0.285982
G1 X151.282266 Y113.174857 Z28.24659 E0.285963
G1 X151.660847 Y113.790308 Z28.249413 E0.285945
G1 X152.023165 Y114.415417 Z28.252237 E0.285927
G1 X152.368972 Y115.049756 Z28.255061 E0.285908
G1 X152.698035 Y115.692889 Z28.257884 E0.28589
G1 X153.01013 Y116.344373 Z28.260708 E0.285872
G1 X153.305045 Y117.003762 Z28.263532 E0.285853
G1 X153.58258 Y117.670601 Z28.266355 E0.285835
G1 X153.842547 Y118.344434 Z28.269179 E0.285817
G1 X154.084771 Y119.024798 Z28.272003 E0.285798
G1 X154.309087 Y119.711225 Z28.274826 E0.28578
G1 X154.515344 Y120.403245 Z28.27765 E0.285762
G1 X154.703404 Y121.100382 Z28.280474 E0.285743
G1 X154.873139 Y121.802158 Z28.283298 E0.285725
G1 X155.024437 Y122.508091 Z28.286121 E0.285707
G1 X155.157194 Y123.217697 Z28.288945 E0.285688
G1 X155.271323 Y123.93049 Z28.291769 E0.28567
G1 X155.366748 Y124.645979 Z28.294592 E0.285652
G1 X155.443406 Y125.363676 Z28.297416 E0.285633
G1 X155.501247 Y126.083087 Z28.30024 E0.285615
G1 X155.540233 Y126.80372 Z28.303063 E0.285597
G1 X155.560341 Y127.525079 Z28.305887 E0.285578
G1 X155.561558 Y128.246672 Z28.308711 E0.28556
G1 X155.543887 Y128.968003 Z28.311534 E0.285542
G1 X155.507342 Y129.688577 Z28.314358 E0.285523
G1 X155.451951 Y130.407902 Z28.317182 E0.285505
G1 X155.377753 Y131.125485 Z28.320005 E0.285487
G1 X155.284803 Y131.840833 Z28.322829 E0.285468
G1 X155.173166 Y132.553457 Z28.325653 E0.28545
G1 X155.042921 Y133.262869 Z28.328477 E0.285432
G1 X154.89416 Y133.968583 Z28.3313 E0.285413
G1 X154.726987 Y134.670116 Z28.334124 E0.285395
G1 X154.541519 Y135.366988 Z28.336948 E0.285377
G1 X154.337886 Y136.058722 Z28.339771 E0.285358
G1 X154.116229 Y136.744843 Z28.342595 E0.28534
G1 X153.876703 Y137.424884 Z28.345419 E0.285322
G1 X153.619474 Y138.098378 Z28.348242 E0.285303
G1 X153.344721 Y138.764866 Z28.351066 E0.285285
G1 X153.052634 Y139.42389 Z28.35389 E0.285267
G1 X152.743416 Y140.075 Z28.356713 E0.285248
G1 X152.41728 Y140.717752 Z28.359537 E0.28523
G1 X152.074449 Y141.351703 Z28.362361 E0.285211
G1 X151.715163 Y141.976422 Z28.365185 E0.285193
G1 X151.339672 Y142.591482 Z28.368008 E0.285175
G1 X150.948233 Y143.196463 Z28.370832 E0.285156
G1 X150.541118 Y143.790952 Z28.373656 E0.285138
G1 X150.118608 Y144.374542 Z28.376479 E0.28512
G1 X149.680995 Y144.946836 Z28.379303 E0.285101
G1 X149.228577 Y145.50744 Z28.382127 E0.285083
G1 X148.761668 Y146.055972 Z28.38495 E0.285064
G1 X148.280591 Y146.592059 Z28.387774 E0.285046
G1 X147.785678 Y147.115335 Z28.390598 E0.285027
G1 X147.27727 Y147.625443 Z28.393421 E0.285009
G1 X146.755716 Y148.122036 Z28.396245 E0.284991
G1 X146.221376 Y148.604775 Z28.399069 E0.284972
G1 X145.674617 Y149.073329 Z28.401892 E0.284954
G1 X145.115814 Y149.527378 Z28.404716 E0.284935
G1 X144.545354 Y149.966615 Z28.40754 E0.284917
G1 X143.963629 Y150.390741 Z28.410364 E0.284898
G1 X143.37104 Y150.799468 Z28.413187 E0.28488
G1 X142.767994 Y151.192516 Z28.416011 E0.284861
G1 X142.154905 Y151.56962 Z28.418835 E0.284843
G1 X141.532195 Y151.930521 Z28.421658 E0.284824
G1 X140.90029 Y152.274972 Z28.424482 E0.284806
G1 X140.259626 Y152.602742 Z28.427306 E0.284787
G1 X139.610644 Y152.913608 Z28.430129 E0.284769
G1 X138.95379 Y153.207361 Z28.432953 E0.28475
G1 X138.289515 Y153.4838 Z28.435777 E0.284732
G1 X137.618274 Y153.742739 Z28.4386 E0.284713
G1 X136.94053 Y153.984002 Z28.441424 E0.284694
G1 X136.256745 Y154.207423 Z28.444248 E0.284676
G1 X135.567391 Y154.412854 Z28.447072 E0.284657
G1 X134.872941 Y154.600156 Z28.449895 E0.284639
G1 X134.173872 Y154.769205 Z28.452719 E0.28462
G1 X133.470662 Y154.919886 Z28.455543 E0.284602
G1 X132.763796 Y155.052099 Z28.458366 E0.284583
G1 X132.053757 Y155.165756 Z28.46119 E0.284564
G1 X131.341033 Y155.260778 Z28.464014 E0.284546
G1 X130.626112 Y155.337103 Z28.466837 E0.284527
G1 X129.909485 Y155.394684 Z28.469661 E0.284509
G1 X129.191643 Y155.433483 Z28.472485 E0.28449
G1 X128.473079 Y155.453476 Z28.475308 E0.284471
G1 X127.754285 Y155.454653 Z28.478132 E0.284453
G1 X127.035753 Y155.437015 Z28.480956 E0.284434
G1 X126.317977 Y155.400574 Z28.48378 E0.284415
G1 X125.601448 Y155.345356 Z28.486603 E0.284397
G1 X124.886656 Y155.271406 Z28.489427 E0.284378
G1 X124.174092 Y155.178777 Z28.492251 E0.284359
G1 X123.464244 Y155.067533 Z28.495074 E0.284341
G1 X122.757598 Y154.937754 Z28.497898 E0.284322
G1 X122.054637 Y154.789532 Z28.500722 E0.284303
G1 X121.355843 Y154.622969 Z28.503545 E0.284284
G1 X120.661696 Y154.438179 Z28.506369 E0.284266
G1 X119.972669 Y154.235295 Z28.509193 E0.284247
G1 X119.289234 Y154.014458 Z28.512016 E0.284228
G1 X118.611859 Y153.775822 Z28.51484 E0.28421
G1 X117.941007 Y153.519553 Z28.517664 E0.284191
G1 X117.277137 Y153.24583 Z28.520487 E0.284172
G1 X116.620704 Y152.95484 Z28.523311 E0.284153
G1 X115.972157 Y152.646784 Z28.526135 E0.284135
G1 X115.331939 Y152.321877 Z28.528959 E0.284116
G1 X114.700487 Y151.980345 Z28.531782 E0.284097
G1 X114.078234 Y151.622424 Z28.534606 E0.284078
G1 X113.465603 Y151.248361 Z28.53743 E0.284059
G1 X112.863014 Y150.858416 Z28.540253 E0.284041
G1 X112.270878 Y150.452857 Z28.543077 E0.284022
G1 X111.6896 Y150.031965 Z28.545901 E0.284003
G1 X111.119577 Y149.596029 Z28.548724 E0.283984
G1 X110.561198 Y149.145351 Z28.551548 E0.283965
G1 X110.014843 Y148.680242 Z28.554372 E0.283947
G1 X109.480886 Y148.201022 Z28.557195 E0.283928
G1 X108.959692 Y147.708021 Z28.560019 E0.283909
G1 X108.451615 Y147.201579 Z28.562843 E0.28389
G1 X107.957002 Y146.682045 Z28.565667 E0.283871
G1 X107.47619 Y146.149777 Z28.56849 E0.283853
G1 X107.009507 Y145.605141 Z28.571314 E0.283834
G1 X106.557271 Y145.048512 Z28.574138 E0.283815
G1 X106.11979 Y144.480274 Z28.576961 E0.283796
G1 X105.697361 Y143.900816 Z28.579785 E0.283777
G1 X105.290273 Y143.310538 Z28.582609 E0.283759
G1 X104.898802 Y142.709846 Z28.585432 E0.28374
G1 X104.523215 Y142.099152 Z28.588256 E0.283721
G1 X104.163766 Y141.478877 Z28.59108 E0.283702
G1 X103.8207 Y140.849447 Z28.593903 E0.283683
G1 X103.49425 Y140.211295 Z28.596727 E0.283665
G1 X103.184637 Y139.564858 Z28.599551 E0.283646
G1 X102.892072 Y138.910582 Z28.602374 E0.283627
G1 X102.616752 Y138.248915 Z28.605198 E0.283608
G1 X102.358864 Y137.580312 Z28.608022 E0.28359
G1 X102.118583 Y136.905232 Z28.610846 E0.283571
G1 X101.89607 Y136.224139 Z28.613669 E0.283552
G1 X101.691476 Y135.5375 Z28.616493 E0.283533
G1 X101.504939 Y134.845786 Z28.619317 E0.283514
G1 X101.336584 Y134.149473 Z28.62214 E0.283496
G1 X101.186525 Y133.449038 Z28.624964 E0.283477
G1 X101.05486 Y132.744961 Z28.627788 E0.283458
G1 X100.941679 Y132.037726 Z28.630611 E0.283439
G1 X100.847057 Y131.327817 Z28.633435 E0.28342
;WIDTH:1.200
; LINE_WIDTH: 1.200
;Z:29.296
;HEIGHT:0.662
G1 X100.771013 Y130.615726 Z28.636194 E0.281463
G1 X100.713641 Y129.901935 Z28.638953 E0.281445
G1 X100.674975 Y129.186932 Z28.641712 E0.281426
G1 X100.65504 Y128.471209 Z28.64447 E0.281408
G1 X100.653848 Y127.755256 Z28.647229 E0.28139
G1 X100.671397 Y127.039563 Z28.649988 E0.281372
G1 X100.707672 Y126.324622 Z28.652747 E0.281354
G1 X100.762646 Y125.610921 Z28.655506 E0.281335
G1 X100.83628 Y124.89895 Z28.658265 E0.281317
G1 X100.928519 Y124.189196 Z28.661023 E0.281299
G1 X101.039299 Y123.482146 Z28.663782 E0.281281
G1 X101.168542 Y122.778284 Z28.666541 E0.281262
G1 X101.31616 Y122.078093 Z28.6693 E0.281244
G1 X101.482045 Y121.382051 Z28.672059 E0.281226
G1 X101.666082 Y120.690635 Z28.674818 E0.281208
G1 X101.868142 Y120.004318 Z28.677576 E0.281189
G1 X102.088085 Y119.32357 Z28.680335 E0.281171
G1 X102.325756 Y118.648856 Z28.683094 E0.281153
G1 X102.580992 Y117.980639 Z28.685853 E0.281134
G1 X102.853617 Y117.319376 Z28.688612 E0.281116
G1 X103.143442 Y116.66552 Z28.691371 E0.281098
G1 X103.450263 Y116.019516 Z28.69413 E0.281079
G1 X103.773868 Y115.381808 Z28.696888 E0.281061
G1 X104.114033 Y114.75283 Z28.699647 E0.281043
G1 X104.470524 Y114.133012 Z28.702406 E0.281024
G1 X104.843093 Y113.522778 Z28.705165 E0.281006
G1 X105.231485 Y112.922547 Z28.707924 E0.280988
G1 X105.635432 Y112.332728 Z28.710683 E0.280969
G1 X106.054653 Y111.753724 Z28.713441 E0.280951
G1 X106.488858 Y111.185929 Z28.7162 E0.280933
G1 X106.937749 Y110.629731 Z28.718959 E0.280914
G1 X107.401015 Y110.08551 Z28.721718 E0.280896
G1 X107.878337 Y109.553638 Z28.724477 E0.280877
G1 X108.369386 Y109.034476 Z28.727236 E0.280859
G1 X108.873828 Y108.528383 Z28.729994 E0.280841
G1 X109.39131 Y108.035701 Z28.732753 E0.280822
G1 X109.921478 Y107.556765 Z28.735512 E0.280804
G1 X110.463965 Y107.091902 Z28.738271 E0.280785
G1 X111.018399 Y106.641429 Z28.74103 E0.280767
G1 X111.584398 Y106.205652 Z28.743789 E0.280749
G1 X112.161573 Y105.784869 Z28.746547 E0.28073
G1 X112.749527 Y105.379367 Z28.749306 E0.280712
G1 X113.347857 Y104.989422 Z28.752065 E0.280693
G1 X113.956149 Y104.615298 Z28.754824 E0.280675
G1 X114.573985 Y104.257249 Z28.757583 E0.280656
G1 X115.200942 Y103.915519 Z28.760342 E0.280638
G1 X115.836587 Y103.590339 Z28.763101 E0.280619
G1 X116.480484 Y103.28193 Z28.765859 E0.280601
G1 X117.132191 Y102.990502 Z28.768618 E0.280582
G1 X117.791261 Y102.716256 Z28.771377 E0.280564
G1 X118.457241 Y102.459373 Z28.774136 E0.280545
G1 X119.129672 Y102.220027 Z28.776895 E0.280527
G1 X119.808094 Y101.99838 Z28.779654 E0.280508
G1 X120.49204 Y101.794582 Z28.782412 E0.28049
G1 X121.181041 Y101.608769 Z28.785171 E0.280471
G1 X121.874624 Y101.441068 Z28.78793 E0.280453
G1 X122.572314 Y101.291593 Z28.790689 E0.280434
G1 X123.273632 Y101.160443 Z28.793448 E0.280416
G1 X123.978096 Y101.047703 Z28.796207 E0.280397
G1 X124.685222 Y100.953449 Z28.798965 E0.280379
G1 X125.394527 Y100.877744 Z28.801724 E0.28036
G1 X126.105523 Y100.820635 Z28.804483 E0.280341
G1 X126.817724 Y100.78216 Z28.807242 E0.280323
G1 X127.53064 Y100.762345 Z28.810001 E0.280304
G1 X128.243783 Y100.761202 Z28.81276 E0.280286
G1 X128.956665 Y100.778726 Z28.815518 E0.280267
G1 X129.668796 Y100.814903 Z28.818277 E0.280248
G1 X130.379689 Y100.869705 Z28.821036 E0.28023
G1 X131.088856 Y100.943093 Z28.823795 E0.280211
G1 X131.795813 Y101.035014 Z28.826554 E0.280193
G1 X132.500074 Y101.145402 Z28.829313 E0.280174
G1 X133.201157 Y101.274183 Z28.832072 E0.280155
G1 X133.898582 Y101.421263 Z28.83483 E0.280137
G1 X134.591871 Y101.586538 Z28.837589 E0.280118
G1 X135.280551 Y101.769893 Z28.840348 E0.280099
G1 X135.96415 Y101.971198 Z28.843107 E0.280081
G1 X136.642199 Y102.190316 Z28.845866 E0.280062
G1 X137.314235 Y102.427091 Z28.848625 E0.280043
G1 X137.979799 Y102.68136 Z28.851383 E0.280025
G1 X138.638435 Y102.952947 Z28.854142 E0.280006
G1 X139.289692 Y103.241663 Z28.856901 E0.279987
G1 X139.933125 Y103.547307 Z28.85966 E0.279969
G1 X140.568295 Y103.869668 Z28.862419 E0.27995
G1 X141.194766 Y104.208523 Z28.865178 E0.279931
G1 X141.812112 Y104.563638 Z28.867936 E0.279913
G1 X142.419909 Y104.934766 Z28.870695 E0.279894
G1 X143.017744 Y105.321652 Z28.873454 E0.279875
G1 X143.605206 Y105.724028 Z28.876213 E0.279857
G1 X144.181896 Y106.141616 Z28.878972 E0.279838
G1 X144.74742 Y106.574129 Z28.881731 E0.279819
G1 X145.30139 Y107.021267 Z28.884489 E0.279801
G1 X145.84343 Y107.482723 Z28.887248 E0.279782
G1 X146.373169 Y107.958177 Z28.890007 E0.279763
G1 X146.890246 Y108.447303 Z28.892766 E0.279745
G1 X147.394309 Y108.949764 Z28.895525 E0.279726
G1 X147.885013 Y109.465213 Z28.898284 E0.279707
G1 X148.362024 Y109.993295 Z28.901043 E0.279689
G1 X148.825016 Y110.533647 Z28.903801 E0.27967
G1 X149.273676 Y111.085897 Z28.90656 E0.279651
G1 X149.707696 Y111.649665 Z28.909319 E0.279633
G1 X150.126782 Y112.224562 Z28.912078 E0.279614
G1 X150.530648 Y112.810194 Z28.914837 E0.279595
G1 X150.91902 Y113.406157 Z28.917596 E0.279577
G1 X151.291633 Y114.012042 Z28.920354 E0.279558
G1 X151.648234 Y114.627432 Z28.923113 E0.279539
G1 X151.988582 Y115.251905 Z28.925872 E0.279521
G1 X152.312444 Y115.88503 Z28.928631 E0.279502
G1 X152.619601 Y116.526374 Z28.93139 E0.279483
G1 X152.909845 Y117.175495 Z28.934149 E0.279465
G1 X153.182979 Y117.831947 Z28.936907 E0.279446
G1 X153.438818 Y118.49528 Z28.939666 E0.279427
G1 X153.67719 Y119.165038 Z28.942425 E0.279409
G1 X153.897933 Y119.840761 Z28.945184 E0.27939
G1 X154.100898 Y120.521985 Z28.947943 E0.279371
G1 X154.285949 Y121.208244 Z28.950702 E0.279353
G1 X154.452961 Y121.899065 Z28.95346 E0.279334
G1 X154.601822 Y122.593975 Z28.956219 E0.279315
G1 X154.732433 Y123.292496 Z28.958978 E0.279297
G1 X154.844706 Y123.994151 Z28.961737 E0.279278
G1 X154.938567 Y124.698457 Z28.964496 E0.279259
G1 X155.013954 Y125.404931 Z28.967255 E0.279241
G1 X155.070818 Y126.113089 Z28.970014 E0.279222
G1 X155.109119 Y126.822446 Z28.972772 E0.279203
G1 X155.128821 Y127.532515 Z28.975531 E0.279184
G1 X155.129928 Y128.242809 Z28.97829 E0.279166
G1 X155.112443 Y128.95284 Z28.981049 E0.279147
G1 X155.07638 Y129.662122 Z28.983808 E0.279128
G1 X155.021765 Y130.370169 Z28.986567 E0.279109
G1 X154.94864 Y131.076496 Z28.989325 E0.27909
G1 X154.857056 Y131.78062 Z28.992084 E0.279071
G1 X154.747065 Y132.482054 Z28.994843 E0.279052
G1 X154.618754 Y133.180321 Z28.997602 E0.279033
G1 X154.472218 Y133.874942 Z29.000361 E0.279014
G1 X154.307561 Y134.565442 Z29.00312 E0.278995
G1 X154.124898 Y135.251349 Z29.005878 E0.278976
G1 X153.924355 Y135.932192 Z29.008637 E0.278957
G1 X153.706074 Y136.607506 Z29.011396 E0.278938
G1 X153.470199 Y137.276826 Z29.014155 E0.278919
G1 X153.21689 Y137.939693 Z29.016914 E0.2789
G1 X152.946335 Y138.595656 Z29.019673 E0.27888
G1 X152.658721 Y139.244267 Z29.022431 E0.278861
G1 X152.354248 Y139.885083 Z29.02519 E0.278842
G1 X152.033127 Y140.517665 Z29.027949 E0.278823
G1 X151.695579 Y141.141582 Z29.030708 E0.278803
G1 X151.34184 Y141.756406 Z29.033467 E0.278784
G1 X150.972137 Y142.361707 Z29.036226 E0.278765
G1 X150.586742 Y142.957082 Z29.038985 E0.278745
G1 X150.185922 Y143.542123 Z29.041743 E0.278726
G1 X149.769954 Y144.116432 Z29.044502 E0.278706
G1 X149.339125 Y144.679615 Z29.047261 E0.278687
G1 X148.893732 Y145.231289 Z29.05002 E0.278667
G1 X148.434082 Y145.771077 Z29.052779 E0.278648
G1 X147.960485 Y146.298603 Z29.055538 E0.278628
G1 X147.473269 Y146.81351 Z29.058296 E0.278609
G1 X146.972777 Y147.31545 Z29.061055 E0.278589
G1 X146.459353 Y147.804083 Z29.063814 E0.27857
G1 X145.933351 Y148.279075 Z29.066573 E0.27855
G1 X145.395133 Y148.740102 Z29.069332 E0.27853
G1 X144.845071 Y149.186851 Z29.072091 E0.278511
G1 X144.283539 Y149.619014 Z29.074849 E0.278491
G1 X143.710919 Y150.036287 Z29.077608 E0.278471
G1 X143.127614 Y150.438399 Z29.080367 E0.278451
G1 X142.534024 Y150.825077 Z29.083126 E0.278431
G1 X141.930559 Y151.196057 Z29.085885 E0.278412
G1 X141.317633 Y151.551088 Z29.088644 E0.278392
G1 X140.695668 Y151.889928 Z29.091402 E0.278372
G1 X140.065092 Y152.212348 Z29.094161 E0.278352
G1 X139.42633 Y152.518115 Z29.09692 E0.278332
G1 X138.779828 Y152.807032 Z29.099679 E0.278312
G1 X138.126032 Y153.078906 Z29.102438 E0.278292
G1 X137.46539 Y153.333555 Z29.105197 E0.278272
G1 X136.798358 Y153.570805 Z29.107956 E0.278252
G1 X136.125391 Y153.790498 Z29.110714 E0.278232
G1 X135.446953 Y153.992484 Z29.113473 E0.278212
G1 X134.763508 Y154.17662 Z29.116232 E0.278192
G1 X134.075524 Y154.34278 Z29.118991 E0.278171
G1 X133.383476 Y154.490862 Z29.12175 E0.278151
G1 X132.68784 Y154.620769 Z29.124509 E0.278131
G1 X131.989093 Y154.732412 Z29.127267 E0.278111
G1 X131.287713 Y154.82572 Z29.130026 E0.27809
G1 X130.584183 Y154.90063 Z29.132785 E0.27807
G1 X129.878984 Y154.957094 Z29.135544 E0.27805
G1 X129.172599 Y154.995056 Z29.138303 E0.27803
G1 X128.465515 Y155.014513 Z29.141062 E0.278009
G1 X127.758216 Y155.015454 Z29.14382 E0.277989
G1 X127.051186 Y154.99788 Z29.146579 E0.277968
G1 X126.344911 Y154.961807 Z29.149338 E0.277948
G1 X125.639874 Y154.907263 Z29.152097 E0.277927
G1 X124.936558 Y154.834286 Z29.154856 E0.277907
G1 X124.235446 Y154.74293 Z29.157615 E0.277886
G1 X123.537016 Y154.633261 Z29.160373 E0.277866
G1 X122.841747 Y154.505356 Z29.163132 E0.277845
G1 X122.150116 Y154.359305 Z29.165891 E0.277825
G1 X121.462596 Y154.195211 Z29.16865 E0.277805
G1 X120.779658 Y154.01319 Z29.171409 E0.277784
G1 X120.101768 Y153.813368 Z29.174168 E0.277764
G1 X119.42939 Y153.595886 Z29.176927 E0.277743
G1 X118.762985 Y153.360894 Z29.179685 E0.277723
G1 X118.103009 Y153.108558 Z29.182444 E0.277702
G1 X117.449912 Y152.839051 Z29.185203 E0.277682
G1 X116.804141 Y152.552561 Z29.187962 E0.277661
G1 X116.166139 Y152.249287 Z29.190721 E0.277641
G1 X115.53634 Y151.92944 Z29.19348 E0.27762
G1 X114.915175 Y151.593241 Z29.196238 E0.2776
G1 X114.30307 Y151.240923 Z29.198997 E0.27758
G1 X113.700441 Y150.872729 Z29.201756 E0.277559
G1 X113.1077 Y150.488915 Z29.204515 E0.277539
G1 X112.525253 Y150.089745 Z29.207274 E0.277518
G1 X111.953496 Y149.675496 Z29.210033 E0.277498
G1 X111.392821 Y149.246454 Z29.212791 E0.277477
G1 X110.84361 Y148.802914 Z29.21555 E0.277457
G1 X110.306236 Y148.345183 Z29.218309 E0.277436
G1 X109.781068 Y147.873577 Z29.221068 E0.277416
G1 X109.268463 Y147.388421 Z29.223827 E0.277395
G1 X108.768771 Y146.89005 Z29.226586 E0.277375
G1 X108.282331 Y146.378806 Z29.229344 E0.277355
G1 X107.809476 Y145.855043 Z29.232103 E0.277334
G1 X107.350527 Y145.319121 Z29.234862 E0.277314
G1 X106.905798 Y144.771408 Z29.237621 E0.277293
G1 X106.47559 Y144.212283 Z29.24038 E0.277273
G1 X106.060197 Y143.64213 Z29.243139 E0.277252
G1 X105.6599 Y143.061342 Z29.245898 E0.277232
G1 X105.274972 Y142.470317 Z29.248656 E0.277211
G1 X104.905675 Y141.869463 Z29.251415 E0.277191
G1 X104.552259 Y141.259193 Z29.254174 E0.27717
G1 X104.214965 Y140.639926 Z29.256933 E0.27715
G1 X103.894014 Y140.012091 Z29.259692 E0.27713
G1 X103.589627 Y139.376118 Z29.262451 E0.277109
G1 X103.302014 Y138.732443 Z29.265209 E0.277089
G1 X103.031369 Y138.081507 Z29.267968 E0.277068
G1 X102.777874 Y137.423757 Z29.270727 E0.277048
G1 X102.541702 Y136.759646 Z29.273486 E0.277028
G1 X102.323012 Y136.08963 Z29.276245 E0.277007
G1 X102.121948 Y135.414168 Z29.279004 E0.276987
G1 X101.93864 Y134.733727 Z29.281762 E0.276967
G1 X101.77322 Y134.04877 Z29.284521 E0.276947
G1 X101.625797 Y133.359769 Z29.28728 E0.276926
G1 X101.49647 Y132.667195 Z29.290039 E0.276906
G1 X101.385325 Y131.971523 Z29.292798 E0.276886
G1 X101.292436 Y131.273232 Z29.295557 E0.276866
;WIDTH:1.200
; LINE_WIDTH: 1.200
;Z:29.945
;HEIGHT:0.649
G1 X101.217825 Y130.572804 Z29.298261 E0.279277
G1 X101.16157 Y129.870713 Z29.300966 E0.279257
G1 X101.123715 Y129.16744 Z29.303671 E0.279237
G1 X101.104283 Y128.463468 Z29.306375 E0.279218
G1 X101.103286 Y127.759278 Z29.30908 E0.279198
G1 X101.120722 Y127.055354 Z29.311785 E0.279178
G1 X101.156576 Y126.352178 Z29.314489 E0.279158
G1 X101.210821 Y125.650232 Z29.317194 E0.279138
G1 X101.283415 Y124.949995 Z29.319899 E0.279118
G1 X101.3743 Y124.251948 Z29.322603 E0.279098
G1 X101.483419 Y123.556568 Z29.325308 E0.279078
G1 X101.610695 Y122.864332 Z29.328013 E0.279058
G1 X101.756037 Y122.175714 Z29.330717 E0.279039
G1 X101.919344 Y121.491185 Z29.333422 E0.279019
G1 X102.100502 Y120.811214 Z29.336127 E0.278999
G1 X102.299383 Y120.136266 Z29.338831 E0.278979
G1 X102.515841 Y119.466801 Z29.341536 E0.278959
G1 X102.749731 Y118.803278 Z29.344241 E0.27894
G1 X103.000893 Y118.14615 Z29.346945 E0.27892
G1 X103.26915 Y117.495869 Z29.34965 E0.2789
G1 X103.554319 Y116.852878 Z29.352355 E0.278881
G1 X103.8562 Y116.217617 Z29.355059 E0.278861
G1 X104.174584 Y115.590521 Z29.357764 E0.278841
G1 X104.50925 Y114.972017 Z29.360469 E0.278821
G1 X104.85996 Y114.362524 Z29.363173 E0.278802
G1 X105.226478 Y113.762463 Z29.365878 E0.278782
G1 X105.608552 Y113.172243 Z29.368583 E0.278763
G1 X106.005917 Y112.592268 Z29.371287 E0.278743
G1 X106.4183 Y112.022934 Z29.373992 E0.278723
G1 X106.845414 Y111.464629 Z29.376697 E0.278704
G1 X107.286966 Y110.917734 Z29.379401 E0.278684
G1 X107.742646 Y110.382619 Z29.382106 E0.278665
G1 X108.212141 Y109.85965 Z29.384811 E0.278645
G1 X108.695132 Y109.349186 Z29.387515 E0.278626
G1 X109.191286 Y108.851575 Z29.39022 E0.278606
G1 X109.700259 Y108.367156 Z29.392925 E0.278587
G1 X110.221702 Y107.89626 Z29.395629 E0.278567
G1 X110.755257 Y107.439207 Z29.398334 E0.278548
G1 X111.300553 Y106.996307 Z29.401039 E0.278528
G1 X111.857213 Y106.567857 Z29.403743 E0.278509
G1 X112.424857 Y106.154154 Z29.406448 E0.278489
G1 X113.003097 Y105.75548 Z29.409153 E0.27847
G1 X113.591533 Y105.372105 Z29.411858 E0.27845
G1 X114.189762 Y105.004292 Z29.414562 E0.278431
G1 X114.797371 Y104.652288 Z29.417267 E0.278412
G1 X115.413944 Y104.316335 Z29.419972 E0.278392
G1 X116.039054 Y103.996653 Z29.422676 E0.278373
G1 X116.672273 Y103.693462 Z29.425381 E0.278354
G1 X117.313166 Y103.406971 Z29.428086 E0.278334
G1 X117.961294 Y103.137373 Z29.43079 E0.278315
G1 X118.616213 Y102.884851 Z29.433495 E0.278296
G1 X119.277471 Y102.649576 Z29.4362 E0.278276
G1 X119.944615 Y102.431707 Z29.438904 E0.278257
G1 X120.617187 Y102.23139 Z29.441609 E0.278238
G1 X121.294726 Y102.04876 Z29.444314 E0.278219
G1 X121.976765 Y101.88394 Z29.447018 E0.278199
G1 X122.662838 Y101.737041 Z29.449723 E0.27818
G1 X123.352474 Y101.608161 Z29.452428 E0.278161
G1 X124.045198 Y101.497385 Z29.455132 E0.278141
G1 X124.740537 Y101.404787 Z29.457837 E0.278122
G1 X125.438014 Y101.330427 Z29.460542 E0.278103
G1 X126.137149 Y101.274356 Z29.463246 E0.278084
G1 X126.837464 Y101.236607 Z29.465951 E0.278064
G1 X127.538478 Y101.217205 Z29.468656 E0.278045
G1 X128.239711 Y101.21616 Z29.47136 E0.278026
G1 X128.940683 Y101.23347 Z29.474065 E0.278006
G1 X129.640913 Y101.269122 Z29.47677 E0.277987
G1 X130.339921 Y101.323087 Z29.479474 E0.277968
G1 X131.037229 Y101.395328 Z29.482179 E0.277948
G1 X131.732358 Y101.48579 Z29.484884 E0.277929
G1 X132.424833 Y101.594411 Z29.487588 E0.27791
G1 X133.114179 Y101.721112 Z29.490293 E0.277891
G1 X133.799925 Y101.865805 Z29.492998 E0.277871
G1 X134.481601 Y102.028389 Z29.495702 E0.277852
G1 X135.15874 Y102.208748 Z29.498407 E0.277833
G1 X135.83088 Y102.406757 Z29.501112 E0.277813
G1 X136.497559 Y102.622278 Z29.503816 E0.277794
G1 X137.158322 Y102.855161 Z29.506521 E0.277775
G1 X137.812718 Y103.105244 Z29.509226 E0.277756
G1 X138.460297 Y103.372352 Z29.51193 E0.277736
G1 X139.100618 Y103.656301 Z29.514635 E0.277717
G1 X139.733243 Y103.956894 Z29.51734 E0.277698
G1 X140.357739 Y104.273922 Z29.520044 E0.277678
G1 X140.973679 Y104.607165 Z29.522749 E0.277659
G1 X141.580643 Y104.956394 Z29.525454 E0.27764
G1 X142.178215 Y105.321366 Z29.528158 E0.277621
G1 X142.765988 Y105.70183 Z29.530863 E0.277601
G1 X143.343559 Y106.097522 Z29.533568 E0.277582
G1 X143.910536 Y106.508168 Z29.536272 E0.277563
G1 X144.46653 Y106.933487 Z29.538977 E0.277543
G1 X145.011161 Y107.373183 Z29.541682 E0.277524
G1 X145.544059 Y107.826954 Z29.544386 E0.277505
G1 X146.06486 Y108.294487 Z29.547091 E0.277485
G1 X146.573209 Y108.775459 Z29.549796 E0.277466
G1 X147.068758 Y109.269539 Z29.5525 E0.277447
G1 X147.55117 Y109.776387 Z29.555205 E0.277428
G1 X148.020117 Y110.295653 Z29.55791 E0.277408
G1 X148.475278 Y110.82698 Z29.560614 E0.277389
G1 X148.916344 Y111.370001 Z29.563319 E0.27737
G1 X149.343003 Y111.924353 Z29.566024 E0.27735
G1 X149.754972 Y112.489647 Z29.568728 E0.277331
G1 X150.151974 Y113.06549 Z29.571433 E0.277311
G1 X150.533739 Y113.651488 Z29.574138 E0.277292
G1 X150.900007 Y114.247236 Z29.576842 E0.277272
G1 X151.250531 Y114.852325 Z29.579547 E0.277253
G1 X151.585071 Y115.46634 Z29.582252 E0.277233
G1 X151.903398 Y116.088859 Z29.584956 E0.277214
G1 X152.205284 Y116.71946 Z29.587661 E0.277194
G1 X152.490539 Y117.357703 Z29.590366 E0.277175
G1 X152.758971 Y118.003147 Z29.59307 E0.277155
G1 X153.010396 Y118.655351 Z29.595775 E0.277135
G1 X153.244646 Y119.313867 Z29.59848 E0.277116
G1 X153.461562 Y119.978241 Z29.601184 E0.277096
G1 X153.660998 Y120.648019 Z29.603889 E0.277076
G1 X153.842808 Y121.322742 Z29.606594 E0.277056
G1 X154.006875 Y122.001947 Z29.609299 E0.277037
G1 X154.153095 Y122.685165 Z29.612003 E0.277017
G1 X154.281372 Y123.371927 Z29.614708 E0.276997
G1 X154.391619 Y124.061762 Z29.617413 E0.276977
G1 X154.483764 Y124.754196 Z29.620117 E0.276957
G1 X154.557746 Y125.448756 Z29.622822 E0.276937
G1 X154.613515 Y126.144964 Z29.625527 E0.276917
G1 X154.65102 Y126.842345 Z29.628231 E0.276897
G1 X154.670256 Y127.540417 Z29.630936 E0.276877
G1 X154.671211 Y128.238703 Z29.633641 E0.276857
G1 X154.653888 Y128.936724 Z29.636345 E0.276837
G1 X154.618301 Y129.634002 Z29.63905 E0.276817
G1 X154.564478 Y130.330059 Z29.641755 E0.276797
G1 X154.492458 Y131.024418 Z29.644459 E0.276777
G1 X154.402281 Y131.716602 Z29.647164 E0.276757
G1 X154.294016 Y132.406136 Z29.649869 E0.276736
G1 X154.167747 Y133.09255 Z29.652573 E0.276716
G1 X154.023564 Y133.775373 Z29.655278 E0.276696
G1 X153.861567 Y134.454138 Z29.657983 E0.276675
G1 X153.681871 Y135.12838 Z29.660687 E0.276655
G1 X153.484602 Y135.797638 Z29.663392 E0.276635
G1 X153.269896 Y136.461454 Z29.666097 E0.276615
G1 X153.037886 Y137.119368 Z29.668801 E0.276594
G1 X152.788752 Y137.770934 Z29.671506 E0.276574
G1 X152.522666 Y138.415708 Z29.674211 E0.276553
G1 X152.239815 Y139.053248 Z29.676915 E0.276533
G1 X151.940393 Y139.683118 Z29.67962 E0.276512
G1 X151.62461 Y140.304889 Z29.682325 E0.276492
G1 X151.292683 Y140.918135 Z29.685029 E0.276471
G1 X150.944834 Y141.522432 Z29.687734 E0.276451
G1 X150.581305 Y142.117367 Z29.690439 E0.27643
G1 X150.202354 Y142.702538 Z29.693143 E0.276409
G1 X149.808245 Y143.277545 Z29.695848 E0.276389
G1 X149.39925 Y143.841997 Z29.698553 E0.276368
G1 X148.975651 Y144.395507 Z29.701257 E0.276347
G1 X148.53774 Y144.937699 Z29.703962 E0.276327
G1 X148.08582 Y145.468201 Z29.706667 E0.276306
G1 X147.62019 Y145.986641 Z29.709371 E0.276285
G1 X147.141183 Y146.492675 Z29.712076 E0.276264
G1 X146.649131 Y146.98596 Z29.714781 E0.276243
G1 X146.144373 Y147.466158 Z29.717485 E0.276222
G1 X145.627257 Y147.932943 Z29.72019 E0.276201
G1 X145.098139 Y148.385998 Z29.722895 E0.276181
G1 X144.557384 Y148.825013 Z29.725599 E0.27616
G1 X144.005359 Y149.249685 Z29.728304 E0.276139
G1 X143.442442 Y149.659719 Z29.731009 E0.276118
G1 X142.869029 Y150.054847 Z29.733713 E0.276097
G1 X142.285513 Y150.434801 Z29.736418 E0.276076
G1 X141.692296 Y150.799321 Z29.739123 E0.276054
G1 X141.089787 Y151.148161 Z29.741827 E0.276033
G1 X140.478399 Y151.481085 Z29.744532 E0.276012
G1 X139.858554 Y151.797865 Z29.747237 E0.275991
G1 X139.230676 Y152.098288 Z29.749941 E0.27597
G1 X138.595197 Y152.382151 Z29.752646 E0.275949
G1 X137.952555 Y152.649261 Z29.755351 E0.275928
G1 X137.303191 Y152.899437 Z29.758055 E0.275907
G1 X136.64755 Y153.132512 Z29.76076 E0.275886
G1 X135.986084 Y153.348327 Z29.763465 E0.275865
G1 X135.319245 Y153.546738 Z29.766169 E0.275843
G1 X134.647493 Y153.727611 Z29.768874 E0.275822
G1 X133.971288 Y153.890825 Z29.771579 E0.275801
G1 X133.291094 Y154.03627 Z29.774283 E0.27578
G1 X132.607378 Y154.163851 Z29.776988 E0.275759
G1 X131.92061 Y154.273482 Z29.779693 E0.275738
G1 X131.231259 Y154.36509 Z29.782397 E0.275717
G1 X130.5398 Y154.438617 Z29.785102 E0.275696
G1 X129.846706 Y154.494013 Z29.787807 E0.275675
G1 X129.152452 Y154.531244 Z29.790511 E0.275654
G1 X128.457515 Y154.550288 Z29.793216 E0.275632
G1 X127.762371 Y154.551133 Z29.795921 E0.275611
G1 X127.067497 Y154.533783 Z29.798625 E0.27559
G1 X126.373367 Y154.498251 Z29.80133 E0.275569
G1 X125.680459 Y154.444566 Z29.804035 E0.275548
G1 X124.989246 Y154.372766 Z29.80674 E0.275527
G1 X124.300203 Y154.282903 Z29.809444 E0.275506
G1 X123.6138 Y154.175042 Z29.812149 E0.275485
G1 X122.930509 Y154.04926 Z29.814854 E0.275464
G1 X122.250797 Y153.905645 Z29.817558 E0.275443
G1 X121.575128 Y153.744299 Z29.820263 E0.275421
G1 X120.903966 Y153.565334 Z29.822968 E0.2754
G1 X120.23777 Y153.368877 Z29.825672 E0.275379
G1 X119.576996 Y153.155065 Z29.828377 E0.275358
G1 X118.922095 Y152.924046 Z29.831082 E0.275337
G1 X118.273516 Y152.675982 Z29.833786 E0.275316
G1 X117.631702 Y152.411046 Z29.836491 E0.275295
G1 X116.997092 Y152.129421 Z29.839196 E0.275274
G1 X116.370119 Y151.831303 Z29.8419 E0.275253
G1 X115.751212 Y151.516898 Z29.844605 E0.275232
G1 X115.140795 Y151.186426 Z29.84731 E0.27521
G1 X114.539284 Y150.840114 Z29.850014 E0.275189
G1 X113.947092 Y150.478199 Z29.852719 E0.275168
G1 X113.364622 Y150.100936 Z29.855424 E0.275147
G1 X112.792271 Y149.708584 Z29.858128 E0.275126
G1 X112.23043 Y149.301416 Z29.860833 E0.275105
G1 X111.679483 Y148.879712 Z29.863538 E0.275084
G1 X111.139805 Y148.443764 Z29.866242 E0.275062
G1 X110.611764 Y147.993872 Z29.868947 E0.275041
G1 X110.095722 Y147.530346 Z29.871652 E0.27502
G1 X109.592032 Y147.053506 Z29.874356 E0.274999
G1 X109.101034 Y146.563681 Z29.877061 E0.274978
G1 X108.623063 Y146.061211 Z29.879766 E0.274957
G1 X108.158445 Y145.54644 Z29.88247 E0.274935
G1 X107.707497 Y145.019723 Z29.885175 E0.274914
G1 X107.270524 Y144.481425 Z29.88788 E0.274893
G1 X106.847825 Y143.931914 Z29.890584 E0.274872
G1 X106.439691 Y143.371567 Z29.893289 E0.274851
G1 X106.046395 Y142.800772 Z29.895994 E0.274829
G1 X105.668206 Y142.219923 Z29.898698 E0.274808
G1 X105.305378 Y141.629418 Z29.901403 E0.274787
G1 X104.95816 Y141.029665 Z29.904108 E0.274766
G1 X104.626786 Y140.421074 Z29.906812 E0.274744
G1 X104.311481 Y139.804066 Z29.909517 E0.274723
G1 X104.012461 Y139.179062 Z29.912222 E0.274702
G1 X103.729928 Y138.546494 Z29.914926 E0.274681
G1 X103.464072 Y137.906795 Z29.917631 E0.274659
G1 X103.215071 Y137.260407 Z29.920336 E0.274638
G1 X102.983095 Y136.607773 Z29.92304 E0.274617
G1 X102.768298 Y135.94934 Z29.925745 E0.274595
G1 X102.570827 Y135.285563 Z29.92845 E0.274574
G1 X102.390812 Y134.616895 Z29.931154 E0.274553
G1 X102.22838 Y133.943795 Z29.933859 E0.274532
G1 X102.083636 Y133.266727 Z29.936564 E0.27451
G1 X101.956674 Y132.586154 Z29.939268 E0.274489
G1 X101.84758 Y131.902544 Z29.941973 E0.274468
G1 X101.756425 Y131.216366 Z29.944678 E0.274446
;WIDTH:1.200
; LINE_WIDTH: 1.200
;Z:30.577
;HEIGHT:0.632
G1 X101.683215 Y130.528096 Z29.947311 E0.274425
G1 X101.628052 Y129.838198 Z29.949944 E0.274404
G1 X101.590971 Y129.147144 Z29.952577 E0.274383
G1 X101.571997 Y128.455408 Z29.95521 E0.274363
G1 X101.571137 Y127.763466 Z29.957843 E0.274342
G1 X101.588389 Y127.07179 Z29.960475 E0.274321
G1 X101.623739 Y126.380856 Z29.963108 E0.2743
G1 X101.67716 Y125.691136 Z29.965741 E0.274279
G1 X101.748611 Y125.003103 Z29.968374 E0.274259
G1 X101.838042 Y124.317228 Z29.971007 E0.274238
G1 X101.945391 Y123.633982 Z29.97364 E0.274217
G1 X102.070581 Y122.953832 Z29.976273 E0.274196
G1 X102.213522 Y122.277243 Z29.978906 E0.274175
G1 X102.374113 Y121.60468 Z29.981539 E0.274154
G1 X102.55224 Y120.936601 Z29.984172 E0.274134
G1 X102.747781 Y120.273465 Z29.986805 E0.274113
G1 X102.960597 Y119.615725 Z29.989438 E0.274092
G1 X103.19054 Y118.96383 Z29.992071 E0.274071
G1 X103.437454 Y118.318229 Z29.994704 E0.27405
G1 X103.701164 Y117.679362 Z29.997337 E0.274029
G1 X103.981486 Y117.047665 Z29.99997 E0.274008
G1 X104.278226 Y116.42357 Z30.002603 E0.273987
G1 X104.591177 Y115.807503 Z30.005236 E0.273966
G1 X104.920122 Y115.199887 Z30.007869 E0.273946
G1 X105.264834 Y114.601135 Z30.010502 E0.273925
G1 X105.625074 Y114.011657 Z30.013135 E0.273904
G1 X106.000597 Y113.431858 Z30.015768 E0.273883
G1 X106.391138 Y112.862131 Z30.0184 E0.273862
G1 X106.796428 Y112.302865 Z30.021033 E0.273841
G1 X107.216188 Y111.754442 Z30.023666 E0.27382
G1 X107.650126 Y111.217237 Z30.026299 E0.273799
G1 X108.097944 Y110.691615 Z30.028932 E0.273778
G1 X108.559333 Y110.177935 Z30.031565 E0.273757
G1 X109.033974 Y109.676547 Z30.034198 E0.273736
G1 X109.521539 Y109.187794 Z30.036831 E0.273715
G1 X110.021694 Y108.712007 Z30.039464 E0.273694
G1 X110.534093 Y108.249511 Z30.042097 E0.273673
G1 X111.058382 Y107.800622 Z30.04473 E0.273652
G1 X111.594202 Y107.365644 Z30.047363 E0.273631
G1 X112.141183 Y106.944873 Z30.049996 E0.27361
G1 X112.698948 Y106.538596 Z30.052629 E0.27359
G1 X113.267114 Y106.147089 Z30.055262 E0.273569
G1 X113.845289 Y105.770619 Z30.057895 E0.273548
G1 X114.433076 Y105.409439 Z30.060528 E0.273527
G1 X115.030071 Y105.063797 Z30.063161 E0.273506
G1 X115.635862 Y104.733926 Z30.065794 E0.273485
G1 X116.250034 Y104.42005 Z30.068427 E0.273464
G1 X116.872164 Y104.122381 Z30.07106 E0.273443
G1 X117.501825 Y103.841122 Z30.073693 E0.273422
G1 X118.138584 Y103.576462 Z30.076325 E0.273401
G1 X118.782004 Y103.328581 Z30.078958 E0.27338
G1 X119.431642 Y103.097645 Z30.081591 E0.273359
G1 X120.087052 Y102.88381 Z30.084224 E0.273338
G1 X120.747785 Y102.68722 Z30.086857 E0.273317
G1 X121.413386 Y102.508008 Z30.08949 E0.273296
G1 X122.083399 Y102.346293 Z30.092123 E0.273275
G1 X122.757365 Y102.202183 Z30.094756 E0.273254
G1 X123.434819 Y102.075775 Z30.097389 E0.273233
G1 X124.115299 Y101.967153 Z30.100022 E0.273212
G1 X124.798336 Y101.876387 Z30.102655 E0.273191
G1 X125.483463 Y101.803539 Z30.105288 E0.273171
G1 X126.170209 Y101.748654 Z30.107921 E0.27315
G1 X126.858103 Y101.711768 Z30.110554 E0.273129
G1 X127.546675 Y101.692903 Z30.113187 E0.273108
G1 X128.235452 Y101.69207 Z30.11582 E0.273087
G1 X128.923962 Y101.709265 Z30.118453 E0.273066
G1 X129.611733 Y101.744476 Z30.121086 E0.273045
G1 X130.298293 Y101.797674 Z30.123719 E0.273024
G1 X130.983174 Y101.868821 Z30.126352 E0.273003
G1 X131.665905 Y101.957864 Z30.128985 E0.272982
G1 X132.346019 Y102.064741 Z30.131618 E0.272961
G1 X133.02305 Y102.189375 Z30.13425 E0.27294
G1 X133.696534 Y102.331681 Z30.136883 E0.272919
G1 X134.36601 Y102.491558 Z30.139516 E0.272898
G1 X135.031021 Y102.66889 Z30.142149 E0.272877
G1 X135.691111 Y102.863556 Z30.144782 E0.272856
G1 X136.345829 Y103.075417 Z30.147415 E0.272835
G1 X136.994726 Y103.304327 Z30.150048 E0.272814
G1 X137.637359 Y103.550126 Z30.152681 E0.272793
G1 X138.273289 Y103.812643 Z30.155314 E0.272772
G1 X138.902079 Y104.091699 Z30.157947 E0.272751
G1 X139.523301 Y104.387096 Z30.16058 E0.27273
G1 X140.136529 Y104.698631 Z30.163213 E0.272709
G1 X140.741346 Y105.026085 Z30.165846 E0.272688
G1 X141.337337 Y105.369234 Z30.168479 E0.272667
G1 X141.924097 Y105.727839 Z30.171112 E0.272646
G1 X142.501223 Y106.101651 Z30.173745 E0.272625
G1 X143.068323 Y106.490414 Z30.176378 E0.272604
G1 X143.625006 Y106.89386 Z30.179011 E0.272583
G1 X144.170895 Y107.311708 Z30.181644 E0.272562
G1 X144.705618 Y107.743669 Z30.184277 E0.272541
G1 X145.228809 Y108.189445 Z30.18691 E0.27252
G1 X145.740112 Y108.648729 Z30.189543 E0.272498
G1 X146.239179 Y109.121203 Z30.192175 E0.272477
G1 X146.725669 Y109.606542 Z30.194808 E0.272456
G1 X147.199249 Y110.104412 Z30.197441 E0.272435
G1 X147.659597 Y110.61447 Z30.200074 E0.272414
G1 X148.106401 Y111.136364 Z30.202707 E0.272393
G1 X148.539356 Y111.669734 Z30.20534 E0.272372
G1 X148.958168 Y112.214213 Z30.207973 E0.272351
G1 X149.362552 Y112.769425 Z30.210606 E0.27233
G1 X149.752234 Y113.334988 Z30.213239 E0.272308
G1 X150.126948 Y113.910514 Z30.215872 E0.272287
G1 X150.486438 Y114.495608 Z30.218505 E0.272266
G1 X150.830461 Y115.089866 Z30.221138 E0.272245
G1 X151.158784 Y115.692879 Z30.223771 E0.272224
G1 X151.471185 Y116.304232 Z30.226404 E0.272203
G1 X151.767452 Y116.923506 Z30.229037 E0.272181
G1 X152.047386 Y117.550274 Z30.23167 E0.27216
G1 X152.310796 Y118.184106 Z30.234303 E0.272139
G1 X152.557504 Y118.824566 Z30.236936 E0.272118
G1 X152.787341 Y119.471215 Z30.239569 E0.272097
G1 X153.000155 Y120.123609 Z30.242202 E0.272076
G1 X153.195803 Y120.781299 Z30.244835 E0.272054
G1 X153.374153 Y121.443833 Z30.247468 E0.272033
G1 X153.535087 Y122.110757 Z30.250101 E0.272012
G1 X153.678495 Y122.781613 Z30.252733 E0.271991
G1 X153.804284 Y123.455941 Z30.255366 E0.271969
G1 X153.912369 Y124.133277 Z30.257999 E0.271948
G1 X154.002675 Y124.813158 Z30.260632 E0.271927
G1 X154.075147 Y125.495116 Z30.263265 E0.271906
G1 X154.129739 Y126.178685 Z30.265898 E0.271884
G1 X154.166414 Y126.863395 Z30.268531 E0.271863
G1 X154.185152 Y127.548777 Z30.271164 E0.271842
G1 X154.185942 Y128.23436 Z30.273797 E0.271821
G1 X154.168787 Y128.919676 Z30.27643 E0.271799
G1 X154.133699 Y129.604254 Z30.279063 E0.271778
G1 X154.080704 Y130.287626 Z30.281696 E0.271757
G1 X154.009844 Y130.969322 Z30.284329 E0.271736
G1 X153.921171 Y131.648877 Z30.286962 E0.271714
G1 X153.814747 Y132.325824 Z30.289595 E0.271693
G1 X153.690649 Y132.999701 Z30.292228 E0.271672
G1 X153.548965 Y133.670046 Z30.294861 E0.27165
G1 X153.389793 Y134.3364 Z30.297494 E0.271629
G1 X153.213245 Y134.998306 Z30.300127 E0.271608
G1 X153.019443 Y135.655312 Z30.30276 E0.271586
G1 X152.808526 Y136.306968 Z30.305393 E0.271565
G1 X152.580641 Y136.952829 Z30.308026 E0.271544
G1 X152.335946 Y137.592453 Z30.310658 E0.271522
G1 X152.074612 Y138.225402 Z30.313291 E0.271501
G1 X151.796821 Y138.851245 Z30.315924 E0.27148
G1 X151.502765 Y139.469552 Z30.318557 E0.271458
G1 X151.192649 Y140.079902 Z30.32119 E0.271437
G1 X150.866687 Y140.681878 Z30.323823 E0.271416
G1 X150.525106 Y141.275067 Z30.326456 E0.271394
G1 X150.168143 Y141.859066 Z30.329089 E0.271373
G1 X149.796043 Y142.433476 Z30.331722 E0.271352
G1 X149.409065 Y142.997903 Z30.334355 E0.27133
G1 X149.007476 Y143.551964 Z30.336988 E0.271309
G1 X148.591553 Y144.095279 Z30.339621 E0.271287
G1 X148.161584 Y144.627479 Z30.342254 E0.271266
G1 X147.717867 Y145.1482 Z30.344887 E0.271245
G1 X147.260706 Y145.657087 Z30.34752 E0.271223
G1 X146.790418 Y146.153794 Z30.350153 E0.271202
G1 X146.307326 Y146.637981 Z30.352786 E0.271181
G1 X145.811765 Y147.109319 Z30.355419 E0.271159
G1 X145.304074 Y147.567488 Z30.358052 E0.271138
G1 X144.784606 Y148.012174 Z30.360685 E0.271117
G1 X144.253716 Y148.443076 Z30.363318 E0.271095
G1 X143.711771 Y148.8599 Z30.365951 E0.271074
G1 X143.159145 Y149.262363 Z30.368583 E0.271053
G1 X142.596216 Y149.650191 Z30.371216 E0.271031
G1 X142.023373 Y150.023121 Z30.373849 E0.27101
G1 X141.441011 Y150.3809 Z30.376482 E0.270989
G1 X140.849529 Y150.723285 Z30.379115 E0.270967
G1 X140.249334 Y151.050043 Z30.381748 E0.270946
G1 X139.640839 Y151.360953 Z30.384381 E0.270924
G1 X139.024462 Y151.655805 Z30.387014 E0.270903
G1 X138.400628 Y151.934399 Z30.389647 E0.270882
G1 X137.769764 Y152.196546 Z30.39228 E0.27086
G1 X137.132305 Y152.44207 Z30.394913 E0.270839
G1 X136.488687 Y152.670805 Z30.397546 E0.270818
G1 X135.839354 Y152.882597 Z30.400179 E0.270796
G1 X135.18475 Y153.077303 Z30.402812 E0.270775
G1 X134.525326 Y153.254793 Z30.405445 E0.270754
G1 X133.861535 Y153.414947 Z30.408078 E0.270732
G1 X133.19383 Y153.557659 Z30.410711 E0.270711
G1 X132.522672 Y153.682834 Z30.413344 E0.27069
G1 X131.848521 Y153.790388 Z30.415977 E0.270668
G1 X131.171838 Y153.880251 Z30.41861 E0.270647
G1 X130.493088 Y153.952363 Z30.421243 E0.270626
G1 X129.812737 Y154.006675 Z30.423876 E0.270604
G1 X129.131251 Y154.043156 Z30.426508 E0.270583
G1 X128.449098 Y154.061783 Z30.429141 E0.270561
G1 X127.766744 Y154.062547 Z30.431774 E0.27054
G1 X127.084659 Y154.04545 Z30.434407 E0.270519
G1 X126.403308 Y154.010507 Z30.43704 E0.270497
G1 X125.72316 Y153.957743 Z30.439673 E0.270476
G1 X125.044679 Y153.887198 Z30.442306 E0.270454
G1 X124.368332 Y153.798921 Z30.444939 E0.270433
G1 X123.694581 Y153.692977 Z30.447572 E0.270412
G1 X123.023887 Y153.569442 Z30.450205 E0.27039
G1 X122.35671 Y153.428404 Z30.452838 E0.270369
G1 X121.693506 Y153.269962 Z30.455471 E0.270347
G1 X121.034729 Y153.094228 Z30.458104 E0.270326
G1 X120.38083 Y152.901324 Z30.460737 E0.270304
G1 X119.732257 Y152.691383 Z30.46337 E0.270283
G1 X119.089453 Y152.464553 Z30.466003 E0.270261
G1 X118.452858 Y152.220993 Z30.468636 E0.27024
G1 X117.822907 Y151.960873 Z30.471269 E0.270218
G1 X117.200031 Y151.684374 Z30.473902 E0.270197
G1 X116.584655 Y151.391688 Z30.476535 E0.270175
G1 X115.9772 Y151.083017 Z30.479168 E0.270154
G1 X115.378081 Y150.758577 Z30.481801 E0.270133
G1 X114.787708 Y150.418589 Z30.484433 E0.270111
G1 X114.206485 Y150.06329 Z30.487066 E0.270089
G1 X113.634807 Y149.692928 Z30.489699 E0.270068
G1 X113.073065 Y149.307759 Z30.492332 E0.270046
G1 X112.521642 Y148.908049 Z30.494965 E0.270025
G1 X111.980914 Y148.494074 Z30.497598 E0.270003
G1 X111.451251 Y148.066121 Z30.500231 E0.269982
G1 X110.933013 Y147.624484 Z30.502864 E0.26996
G1 X110.426557 Y147.169465 Z30.505497 E0.269939
G1 X109.932225 Y146.701383 Z30.50813 E0.269917
G1 X109.450354 Y146.220559 Z30.510763 E0.269896
G1 X108.981272 Y145.727325 Z30.513396 E0.269874
G1 X108.525298 Y145.222021 Z30.516029 E0.269853
G1 X108.082744 Y144.704996 Z30.518662 E0.269831
G1 X107.65391 Y144.176605 Z30.521295 E0.269809
G1 X107.239089 Y143.637212 Z30.523928 E0.269788
G1 X106.838564 Y143.087188 Z30.526561 E0.269766
G1 X106.452606 Y142.526912 Z30.529194 E0.269745
G1 X106.081476 Y141.95677 Z30.531827 E0.269723
G1 X105.725427 Y141.377155 Z30.53446 E0.269701
G1 X105.384699 Y140.788466 Z30.537093 E0.26968
G1 X105.059525 Y140.191107 Z30.539726 E0.269658
G1 X104.750123 Y139.585489 Z30.542359 E0.269637
G1 X104.456708 Y138.972028 Z30.544991 E0.269615
G1 X104.179475 Y138.351145 Z30.547624 E0.269593
G1 X103.918611 Y137.723268 Z30.550257 E0.269572
G1 X103.674292 Y137.088828 Z30.55289 E0.26955
G1 X103.446683 Y136.448262 Z30.555523 E0.269528
G1 X103.235937 Y135.802009 Z30.558156 E0.269507
G1 X103.042196 Y135.150513 Z30.560789 E0.269485
G1 X102.86559 Y134.494222 Z30.563422 E0.269463
G1 X102.706241 Y133.833585 Z30.566055 E0.269442
G1 X102.564252 Y133.169056 Z30.568688 E0.26942
G1 X102.439717 Y132.501092 Z30.571321 E0.269398
G1 X102.332719 Y131.83015 Z30.573954 E0.269377
G1 X102.243328 Y131.156692 Z30.576587 E0.269355
;WIDTH:1.200
; LINE_WIDTH: 1.200
;Z:31.195
;HEIGHT:0.619
G1 X102.171559 Y130.481184 Z30.579164 E0.267382
G1 X102.117501 Y129.804082 Z30.581741 E0.267361
G1 X102.08119 Y129.12585 Z30.584319 E0.26734
G1 X102.062651 Y128.446953 Z30.586896 E0.267319
G1 X102.06189 Y127.767858 Z30.589473 E0.267298
G1 X102.078904 Y127.089029 Z30.59205 E0.267277
G1 X102.11368 Y126.410931 Z30.594628 E0.267256
G1 X102.16619 Y125.73403 Z30.597205 E0.267235
G1 X102.236396 Y125.058789 Z30.599782 E0.267214
G1 X102.324247 Y124.38567 Z30.60236 E0.267192
G1 X102.42968 Y123.715135 Z30.604937 E0.267171
G1 X102.55262 Y123.047642 Z30.607514 E0.26715
G1 X102.69298 Y122.383649 Z30.610091 E0.267129
G1 X102.850661 Y121.723609 Z30.612669 E0.267108
G1 X103.025551 Y121.067975 Z30.615246 E0.267087
G1 X103.21753 Y120.417196 Z30.617823 E0.267066
G1 X103.426461 Y119.771716 Z30.6204 E0.267045
G1 X103.6522 Y119.131977 Z30.622978 E0.267023
G1 X103.894589 Y118.498417 Z30.625555 E0.267002
G1 X104.153459 Y117.871469 Z30.628132 E0.266981
G1 X104.428631 Y117.25156 Z30.630709 E0.26696
G1 X104.719912 Y116.639117 Z30.633287 E0.266939
G1 X105.027102 Y116.034555 Z30.635864 E0.266918
G1 X105.349986 Y115.43829 Z30.638441 E0.266897
G1 X105.688342 Y114.850727 Z30.641018 E0.266875
G1 X106.041934 Y114.272269 Z30.643596 E0.266854
G1 X106.410518 Y113.70331 Z30.646173 E0.266833
G1 X106.79384 Y113.144239 Z30.64875 E0.266812
G1 X107.191633 Y112.595438 Z30.651327 E0.266791
G1 X107.603624 Y112.05728 Z30.653905 E0.26677
G1 X108.029527 Y111.530133 Z30.656482 E0.266749
G1 X108.469048 Y111.014356 Z30.659059 E0.266728
G1 X108.921885 Y110.510302 Z30.661637 E0.266706
G1 X109.387724 Y110.018313 Z30.664214 E0.266685
G1 X109.866245 Y109.538725 Z30.666791 E0.266664
G1 X110.357117 Y109.071865 Z30.669368 E0.266643
G1 X110.860002 Y108.618051 Z30.671946 E0.266622
G1 X111.374554 Y108.177591 Z30.674523 E0.266601
G1 X111.900417 Y107.750785 Z30.6771 E0.26658
G1 X112.437231 Y107.337924 Z30.679677 E0.266559
G1 X112.984624 Y106.939288 Z30.682255 E0.266537
G1 X113.542221 Y106.555149 Z30.684832 E0.266516
G1 X114.109637 Y106.185767 Z30.687409 E0.266495
G1 X114.686483 Y105.831392 Z30.689986 E0.266474
G1 X115.272361 Y105.492267 Z30.692564 E0.266453
G1 X115.866869 Y105.16862 Z30.695141 E0.266432
G1 X116.469597 Y104.860671 Z30.697718 E0.266411
G1 X117.080131 Y104.568628 Z30.700295 E0.266389
G1 X117.698052 Y104.292689 Z30.702873 E0.266368
G1 X118.322935 Y104.033041 Z30.70545 E0.266347
G1 X118.954352 Y103.789861 Z30.708027 E0.266326
G1 X119.591868 Y103.563312 Z30.710604 E0.266305
G1 X120.235044 Y103.353546 Z30.713182 E0.266284
G1 X120.88344 Y103.160705 Z30.715759 E0.266263
G1 X121.536609 Y102.984916 Z30.718336 E0.266241
G1 X122.194105 Y102.826298 Z30.720913 E0.26622
G1 X122.855474 Y102.684957 Z30.723491 E0.266199
G1 X123.520264 Y102.560988 Z30.726068 E0.266178
G1 X124.188018 Y102.454474 Z30.728645 E0.266157
G1 X124.858279 Y102.365485 Z30.731223 E0.266136
G1 X125.530586 Y102.294078 Z30.7338 E0.266114
G1 X126.204478 Y102.240298 Z30.736377 E0.266093
G1 X126.879493 Y102.204181 Z30.738954 E0.266072
G1 X127.555168 Y102.185748 Z30.741532 E0.266051
G1 X128.23104 Y102.185008 Z30.744109 E0.266029
G1 X128.906647 Y102.201959 Z30.746686 E0.266008
G1 X129.581523 Y102.23659 Z30.749263 E0.265987
G1 X130.255209 Y102.288873 Z30.751841 E0.265966
G1 X130.927241 Y102.358767 Z30.754418 E0.265945
G1 X131.597159 Y102.446223 Z30.756995 E0.265923
G1 X132.264506 Y102.551176 Z30.759572 E0.265902
G1 X132.928823 Y102.673553 Z30.76215 E0.265881
G1 X133.589656 Y102.813267 Z30.764727 E0.265859
G1 X134.246553 Y102.97022 Z30.767304 E0.265838
G1 X134.899063 Y103.144303 Z30.769881 E0.265817
G1 X135.546741 Y103.335393 Z30.772459 E0.265796
G1 X136.189143 Y103.543355 Z30.775036 E0.265774
G1 X136.82583 Y103.768045 Z30.777613 E0.265753
G1 X137.456366 Y104.009304 Z30.78019 E0.265732
G1 X138.080321 Y104.266966 Z30.782768 E0.265711
G1 X138.697267 Y104.540852 Z30.785345 E0.265689
G1 X139.306784 Y104.83077 Z30.787922 E0.265668
G1 X139.908453 Y105.136522 Z30.7905 E0.265647
G1 X140.501864 Y105.457895 Z30.793077 E0.265625
G1 X141.086612 Y105.794664 Z30.795654 E0.265604
G1 X141.662298 Y106.146596 Z30.798231 E0.265583
G1 X142.228528 Y106.513449 Z30.800809 E0.265561
G1 X142.784917 Y106.894967 Z30.803386 E0.26554
G1 X143.331084 Y107.290888 Z30.805963 E0.265519
G1 X143.866656 Y107.700936 Z30.80854 E0.265497
G1 X144.391267 Y108.124833 Z30.811118 E0.265476
G1 X144.90456 Y108.562283 Z30.813695 E0.265455
G1 X145.406185 Y109.012983 Z30.816272 E0.265433
G1 X145.895801 Y109.476622 Z30.818849 E0.265412
G1 X146.373074 Y109.952881 Z30.821427 E0.26539
G1 X146.837679 Y110.441431 Z30.824004 E0.265369
G1 X147.289299 Y110.941935 Z30.826581 E0.265348
G1 X147.727628 Y111.454049 Z30.829158 E0.265326
G1 X148.152363 Y111.977421 Z30.831736 E0.265305
G1 X148.563219 Y112.51169 Z30.834313 E0.265283
G1 X148.959917 Y113.056487 Z30.83689 E0.265262
G1 X149.342186 Y113.611436 Z30.839467 E0.265241
G1 X149.709768 Y114.176156 Z30.842045 E0.265219
G1 X150.062413 Y114.750259 Z30.844622 E0.265198
G1 X150.399881 Y115.333349 Z30.847199 E0.265176
G1 X150.721943 Y115.925026 Z30.849777 E0.265155
G1 X151.028379 Y116.524884 Z30.852354 E0.265133
G1 X151.318983 Y117.132509 Z30.854931 E0.265112
G1 X151.59356 Y117.747482 Z30.857508 E0.265091
G1 X151.851924 Y118.369383 Z30.860086 E0.265069
G1 X152.093899 Y118.997783 Z30.862663 E0.265048
G1 X152.319324 Y119.63225 Z30.86524 E0.265026
G1 X152.528046 Y120.272349 Z30.867817 E0.265005
G1 X152.719925 Y120.91764 Z30.870395 E0.264983
G1 X152.894828 Y121.567681 Z30.872972 E0.264962
G1 X153.052642 Y122.222025 Z30.875549 E0.26494
G1 X153.193262 Y122.880222 Z30.878126 E0.264919
G1 X153.316594 Y123.541821 Z30.880704 E0.264897
G1 X153.422556 Y124.206368 Z30.883281 E0.264876
G1 X153.511079 Y124.873407 Z30.885858 E0.264854
G1 X153.582105 Y125.54248 Z30.888435 E0.264833
G1 X153.635587 Y126.213129 Z30.891013 E0.264811
G1 X153.671492 Y126.884893 Z30.89359 E0.26479
G1 X153.689799 Y127.557312 Z30.896167 E0.264768
G1 X153.690497 Y128.229926 Z30.898744 E0.264747
G1 X153.67359 Y128.902273 Z30.901322 E0.264725
G1 X153.63909 Y129.573892 Z30.903899 E0.264704
G1 X153.587026 Y130.244323 Z30.906476 E0.264682
G1 X153.517435 Y130.913108 Z30.909053 E0.264661
G1 X153.430368 Y131.579787 Z30.911631 E0.264639
G1 X153.325888 Y132.243905 Z30.914208 E0.264618
G1 X153.204069 Y132.905007 Z30.916785 E0.264596
G1 X153.064997 Y133.562639 Z30.919363 E0.264575
G1 X152.90877 Y134.216353 Z30.92194 E0.264553
G1 X152.735498 Y134.8657 Z30.924517 E0.264532
G1 X152.545304 Y135.510237 Z30.927094 E0.26451
G1 X152.338319 Y136.149522 Z30.929672 E0.264489
G1 X152.114688 Y136.783118 Z30.932249 E0.264467
G1 X151.874568 Y137.410592 Z30.934826 E0.264446
G1 X151.618126 Y138.031515 Z30.937403 E0.264424
G1 X151.345539 Y138.645462 Z30.939981 E0.264403
G1 X151.056998 Y139.252014 Z30.942558 E0.264381
G1 X150.752703 Y139.850756 Z30.945135 E0.26436
G1 X150.432865 Y140.441279 Z30.947712 E0.264338
G1 X150.097705 Y141.02318 Z30.95029 E0.264317
G1 X149.747456 Y141.596062 Z30.952867 E0.264295
G1 X149.382361 Y142.159533 Z30.955444 E0.264274
G1 X149.002671 Y142.713208 Z30.958021 E0.264252
G1 X148.60865 Y143.256711 Z30.960599 E0.264231
G1 X148.20057 Y143.789669 Z30.963176 E0.264209
G1 X147.778712 Y144.31172 Z30.965753 E0.264188
G1 X147.343369 Y144.822507 Z30.96833 E0.264166
G1 X146.89484 Y145.321683 Z30.970908 E0.264145
G1 X146.433436 Y145.808907 Z30.973485 E0.264123
G1 X145.959474 Y146.283846 Z30.976062 E0.264102
G1 X145.473282 Y146.746179 Z30.97864 E0.26408
G1 X144.975194 Y147.195589 Z30.981217 E0.264059
G1 X144.465554 Y147.631771 Z30.983794 E0.264037
G1 X143.944713 Y148.054428 Z30.986371 E0.264016
G1 X143.41303 Y148.463273 Z30.988949 E0.263994
G1 X142.870871 Y148.858028 Z30.991526 E0.263973
G1 X142.318601 Y149.238412 Z30.994103 E0.263951
G1 X141.756605 Y149.604173 Z30.99668 E0.263929
G1 X141.185274 Y149.955068 Z30.999258 E0.263908
G1 X140.605001 Y150.290859 Z31.001835 E0.263886
G1 X140.016185 Y150.611319 Z31.004412 E0.263864
G1 X139.419232 Y150.91623 Z31.006989 E0.263843
G1 X138.814551 Y151.205386 Z31.009567 E0.263821
G1 X138.202558 Y151.478592 Z31.012144 E0.263799
G1 X137.583669 Y151.735648 Z31.014721 E0.263777
G1 X136.958312 Y151.976389 Z31.017298 E0.263755
G1 X136.32692 Y152.20066 Z31.019876 E0.263733
G1 X135.689927 Y152.408308 Z31.022453 E0.263711
G1 X135.04777 Y152.599194 Z31.02503 E0.263689
G1 X134.40089 Y152.77319 Z31.027607 E0.263668
G1 X133.749731 Y152.930181 Z31.030185 E0.263646
G1 X133.094741 Y153.07006 Z31.032762 E0.263624
G1 X132.436364 Y153.192717 Z31.035339 E0.263602
G1 X131.775058 Y153.298086 Z31.037917 E0.263579
G1 X131.111276 Y153.386099 Z31.040494 E0.263557
G1 X130.445473 Y153.456701 Z31.043071 E0.263535
G1 X129.778107 Y153.509845 Z31.045648 E0.263513
G1 X129.109634 Y153.545498 Z31.048226 E0.263491
G1 X128.440514 Y153.563638 Z31.050803 E0.263469
G1 X127.771204 Y153.564257 Z31.05338 E0.263446
G1 X127.102164 Y153.547335 Z31.055957 E0.263424
G1 X126.433854 Y153.512908 Z31.058535 E0.263402
G1 X125.766731 Y153.461001 Z31.061112 E0.263379
G1 X125.101251 Y153.391655 Z31.063689 E0.263357
G1 X124.437872 Y153.30492 Z31.066266 E0.263334
G1 X123.777046 Y153.200858 Z31.068844 E0.263312
G1 X123.119227 Y153.079544 Z31.071421 E0.26329
G1 X122.464865 Y152.941063 Z31.073998 E0.263267
G1 X121.814413 Y152.785491 Z31.076575 E0.263245
G1 X121.168312 Y152.612961 Z31.079153 E0.263222
G1 X120.527003 Y152.423593 Z31.08173 E0.263199
G1 X119.890926 Y152.21752 Z31.084307 E0.263177
G1 X119.260516 Y151.994887 Z31.086884 E0.263154
G1 X118.636204 Y151.755847 Z31.089462 E0.263132
G1 X118.018416 Y151.500569 Z31.092039 E0.263109
G1 X117.407575 Y151.229228 Z31.094616 E0.263086
G1 X116.804108 Y150.941996 Z31.097194 E0.263063
G1 X116.208418 Y150.639092 Z31.099771 E0.263041
G1 X115.620913 Y150.320726 Z31.102348 E0.263018
G1 X115.041993 Y149.987119 Z31.104925 E0.262995
G1 X114.472054 Y149.638502 Z31.107503 E0.262972
G1 X113.911485 Y149.275116 Z31.11008 E0.262949
G1 X113.360668 Y148.897214 Z31.112657 E0.262926
G1 X112.819982 Y148.505054 Z31.115234 E0.262903
G1 X112.289804 Y148.098895 Z31.117812 E0.26288
G1 X111.770486 Y147.679034 Z31.120389 E0.262857
G1 X111.262381 Y147.24576 Z31.122966 E0.262834
G1 X110.765836 Y146.799373 Z31.125543 E0.262811
G1 X110.281188 Y146.340182 Z31.128121 E0.262788
G1 X109.808769 Y145.868502 Z31.130698 E0.262765
G1 X109.348899 Y145.38466 Z31.133275 E0.262742
G1 X108.901896 Y144.888986 Z31.135852 E0.262719
G1 X108.468072 Y144.381814 Z31.13843 E0.262696
G1 X108.047711 Y143.863505 Z31.141007 E0.262672
G1 X107.641097 Y143.334418 Z31.143584 E0.262649
G1 X107.248508 Y142.794915 Z31.146161 E0.262626
G1 X106.87021 Y142.24537 Z31.148739 E0.262602
G1 X106.506459 Y141.686159 Z31.151316 E0.262579
G1 X106.157503 Y141.117669 Z31.153893 E0.262556
G1 X105.823584 Y140.540286 Z31.15647 E0.262532
G1 X105.504934 Y139.954406 Z31.159048 E0.262509
G1 X105.201758 Y139.360438 Z31.161625 E0.262485
G1 X104.91426 Y138.758791 Z31.164202 E0.262462
G1 X104.642635 Y138.14988 Z31.16678 E0.262438
G1 X104.387065 Y137.534121 Z31.169357 E0.262415
G1 X104.147723 Y136.91194 Z31.171934 E0.262391
G1 X103.92477 Y136.283763 Z31.174511 E0.262368
G1 X103.718356 Y135.650021 Z31.177089 E0.262344
G1 X103.528619 Y135.011151 Z31.179666 E0.26232
G1 X103.355687 Y134.367591 Z31.182243 E0.262297
G1 X103.199674 Y133.719782 Z31.18482 E0.262273
G1 X103.060686 Y133.06817 Z31.187398 E0.26225
G1 X102.938813 Y132.413202 Z31.189975 E0.262226
G1 X102.834137 Y131.755327 Z31.192552 E0.262203
G1 X102.746726 Y131.094997 Z31.195129 E0.262179
;WIDTH:1.200
; LINE_WIDTH: 1.200
;Z:31.798
;HEIGHT:0.603
G1 X102.67658 Y130.43267 Z31.197643 E0.264785
G1 X102.623801 Y129.768791 Z31.200156 E0.264762
G1 X102.588421 Y129.103817 Z31.202669 E0.264738
G1 X102.570463 Y128.438203 Z31.205182 E0.264715
G1 X102.569934 Y127.772405 Z31.207695 E0.264692
G1 X102.586833 Y127.10688 Z31.210208 E0.264669
G1 X102.621145 Y126.442083 Z31.212722 E0.264646
G1 X102.672843 Y125.778471 Z31.215235 E0.264622
G1 X102.741889 Y125.116497 Z31.217748 E0.264599
G1 X102.828232 Y124.456615 Z31.220261 E0.264576
G1 X102.93181 Y123.799278 Z31.222774 E0.264553
G1 X103.05255 Y123.144934 Z31.225287 E0.26453
G1 X103.190365 Y122.494033 Z31.227801 E0.264507
G1 X103.345158 Y121.847018 Z31.230314 E0.264483
G1 X103.51682 Y121.204334 Z31.232827 E0.26446
G1 X103.70523 Y120.56642 Z31.23534 E0.264437
G1 X103.910257 Y119.933712 Z31.237853 E0.264414
G1 X104.131757 Y119.306643 Z31.240367 E0.264391
G1 X104.369574 Y118.685641 Z31.24288 E0.264367
G1 X104.623544 Y118.071132 Z31.245393 E0.264344
G1 X104.89349 Y117.463534 Z31.247906 E0.264321
G1 X105.179223 Y116.863264 Z31.250419 E0.264298
G1 X105.480545 Y116.270731 Z31.252932 E0.264275
G1 X105.797247 Y115.686341 Z31.255446 E0.264251
G1 X106.129108 Y115.110491 Z31.257959 E0.264228
G1 X106.475888 Y114.543568 Z31.260472 E0.264205
G1 X106.837358 Y113.985967 Z31.262985 E0.264182
G1 X107.213269 Y113.438066 Z31.265498 E0.264159
G1 X107.603358 Y112.90024 Z31.268011 E0.264136
G1 X108.007358 Y112.372856 Z31.270525 E0.264113
G1 X108.424988 Y111.856274 Z31.273038 E0.26409
G1 X108.855961 Y111.350845 Z31.275551 E0.264067
G1 X109.299977 Y110.856914 Z31.278064 E0.264044
G1 X109.756721 Y110.374808 Z31.280577 E0.264021
G1 X110.225888 Y109.904864 Z31.28309 E0.263998
G1 X110.707155 Y109.447402 Z31.285604 E0.263975
G1 X111.200189 Y109.002734 Z31.288117 E0.263952
G1 X111.70465 Y108.571162 Z31.29063 E0.263929
G1 X112.220191 Y108.15298 Z31.293143 E0.263906
G1 X112.746457 Y107.748471 Z31.295656 E0.263883
G1 X113.283084 Y107.357912 Z31.29817 E0.26386
G1 X113.829697 Y106.981555 Z31.300683 E0.263838
G1 X114.385926 Y106.619667 Z31.303196 E0.263815
G1 X114.951389 Y106.272493 Z31.305709 E0.263792
G1 X115.525697 Y105.940269 Z31.308222 E0.263769
G1 X116.108454 Y105.62322 Z31.310735 E0.263747
G1 X116.69926 Y105.32156 Z31.313249 E0.263724
G1 X117.297708 Y105.035494 Z31.315762 E0.263701
G1 X117.903388 Y104.765216 Z31.318275 E0.263678
G1 X118.515878 Y104.510897 Z31.320788 E0.263656
G1 X119.134761 Y104.272715 Z31.323301 E0.263633
G1 X119.759614 Y104.050835 Z31.325814 E0.26361
G1 X120.390006 Y103.845406 Z31.328328 E0.263588
G1 X121.025506 Y103.656565 Z31.330841 E0.263565
G1 X121.665676 Y103.48444 Z31.333354 E0.263543
G1 X122.310078 Y103.329144 Z31.335867 E0.26352
G1 X122.958268 Y103.190782 Z31.33838 E0.263497
G1 X123.6098 Y103.069437 Z31.340893 E0.263475
G1 X124.264229 Y102.965193 Z31.343407 E0.263452
G1 X124.921107 Y102.878123 Z31.34592 E0.26343
G1 X125.579982 Y102.808285 Z31.348433 E0.263407
G1 X126.240404 Y102.755722 Z31.350946 E0.263385
G1 X126.901919 Y102.720468 Z31.353459 E0.263362
G1 X127.564073 Y102.702544 Z31.355972 E0.26334
G1 X128.226414 Y102.70196 Z31.358486 E0.263317
G1 X128.888486 Y102.718706 Z31.360999 E0.263295
G1 X129.549837 Y102.752767 Z31.363512 E0.263273
G1 X130.210014 Y102.804125 Z31.366025 E0.26325
G1 X130.868565 Y102.872741 Z31.368538 E0.263228
G1 X131.525038 Y102.958566 Z31.371052 E0.263206
G1 X132.178984 Y103.061537 Z31.373565 E0.263183
G1 X132.829955 Y103.181581 Z31.376078 E0.263161
G1 X133.477506 Y103.318612 Z31.378591 E0.263139
G1 X134.121194 Y103.472529 Z31.381104 E0.263116
G1 X134.760581 Y103.643222 Z31.383617 E0.263094
G1 X135.395227 Y103.830577 Z31.386131 E0.263072
G1 X136.024698 Y104.034464 Z31.388644 E0.26305
G1 X136.648564 Y104.25474 Z31.391157 E0.263028
G1 X137.266397 Y104.491252 Z31.39367 E0.263006
G1 X137.877776 Y104.743835 Z31.396183 E0.262983
G1 X138.482283 Y105.012313 Z31.398696 E0.262961
G1 X139.079506 Y105.296495 Z31.40121 E0.262939
G1 X139.66904 Y105.59618 Z31.403723 E0.262917
G1 X140.250478 Y105.911168 Z31.406236 E0.262895
G1 X140.823424 Y106.241241 Z31.408749 E0.262873
G1 X141.387486 Y106.58617 Z31.411262 E0.262851
G1 X141.942278 Y106.945716 Z31.413775 E0.262829
G1 X142.487423 Y107.319631 Z31.416289 E0.262807
G1 X143.022548 Y107.707655 Z31.418802 E0.262785
G1 X143.54729 Y108.109519 Z31.421315 E0.262763
G1 X144.061297 Y108.524938 Z31.423828 E0.262741
G1 X144.564211 Y108.953634 Z31.426341 E0.262719
G1 X145.055689 Y109.395311 Z31.428855 E0.262697
G1 X145.535398 Y109.849664 Z31.431368 E0.262675
G1 X146.003009 Y110.316381 Z31.433881 E0.262653
G1 X146.458205 Y110.795138 Z31.436394 E0.262631
G1 X146.900676 Y111.285606 Z31.438907 E0.262609
G1 X147.33012 Y111.787447 Z31.44142 E0.262588
G1 X147.746245 Y112.300314 Z31.443934 E0.262566
G1 X148.148769 Y112.823856 Z31.446447 E0.262544
G1 X148.537418 Y113.35771 Z31.44896 E0.262522
G1 X148.911927 Y113.90151 Z31.451473 E0.2625
G1 X149.272043 Y114.454881 Z31.453986 E0.262478
G1 X149.617521 Y115.017442 Z31.456499 E0.262456
G1 X149.948127 Y115.588807 Z31.459013 E0.262434
G1 X150.263636 Y116.168581 Z31.461526 E0.262413
G1 X150.563835 Y116.756367 Z31.464039 E0.262391
G1 X150.848522 Y117.351761 Z31.466552 E0.262369
G1 X151.117502 Y117.954352 Z31.469065 E0.262347
G1 X151.370595 Y118.563728 Z31.471578 E0.262325
G1 X151.60763 Y119.179468 Z31.474092 E0.262303
G1 X151.828446 Y119.80115 Z31.476605 E0.262281
G1 X152.032896 Y120.428348 Z31.479118 E0.262259
G1 X152.220842 Y121.060629 Z31.481631 E0.262237
G1 X152.392158 Y121.697561 Z31.484144 E0.262216
G1 X152.546729 Y122.338705 Z31.486658 E0.262194
G1 X152.684453 Y122.983623 Z31.489171 E0.262172
G1 X152.805237 Y123.63187 Z31.491684 E0.26215
G1 X152.909001 Y124.283002 Z31.494197 E0.262128
G1 X152.995678 Y124.936574 Z31.49671 E0.262106
G1 X153.065211 Y125.592135 Z31.499223 E0.262084
G1 X153.117555 Y126.249237 Z31.501737 E0.262062
G1 X153.152677 Y126.907429 Z31.50425 E0.262041
G1 X153.170555 Y127.56626 Z31.506763 E0.262019
G1 X153.171182 Y128.225278 Z31.509276 E0.261997
G1 X153.154558 Y128.884032 Z31.511789 E0.261975
G1 X153.120698 Y129.54207 Z31.514302 E0.261953
G1 X153.069628 Y130.198941 Z31.516816 E0.261931
G1 X153.001387 Y130.854195 Z31.519329 E0.261909
G1 X152.916023 Y131.507384 Z31.521842 E0.261887
G1 X152.813599 Y132.15806 Z31.524355 E0.261865
G1 X152.694187 Y132.805778 Z31.526868 E0.261844
G1 X152.557871 Y133.450094 Z31.529381 E0.261822
G1 X152.404749 Y134.090567 Z31.531895 E0.2618
G1 X152.234928 Y134.72676 Z31.534408 E0.261778
G1 X152.048527 Y135.358236 Z31.536921 E0.261756
G1 X151.845676 Y135.984564 Z31.539434 E0.261734
G1 X151.626517 Y136.605315 Z31.541947 E0.261712
G1 X151.391195 Y137.220062 Z31.544461 E0.26169
G1 X151.139871 Y137.828382 Z31.546974 E0.261668
G1 X150.872731 Y138.429864 Z31.549487 E0.261646
G1 X150.589962 Y139.024096 Z31.552 E0.261624
G1 X150.29176 Y139.610673 Z31.554513 E0.261602
G1 X149.978331 Y140.189195 Z31.557026 E0.26158
G1 X149.649893 Y140.759265 Z31.55954 E0.261558
G1 X149.306674 Y141.320494 Z31.562053 E0.261536
G1 X148.948906 Y141.872496 Z31.564566 E0.261514
G1 X148.57683 Y142.414889 Z31.567079 E0.261491
G1 X148.190716 Y142.947311 Z31.569592 E0.261469
G1 X147.790831 Y143.469399 Z31.572105 E0.261447
G1 X147.377451 Y143.980796 Z31.574619 E0.261424
G1 X146.950863 Y144.481154 Z31.577132 E0.261402
G1 X146.511361 Y144.970131 Z31.579645 E0.26138
G1 X146.059247 Y145.447396 Z31.582158 E0.261357
G1 X145.594832 Y145.912618 Z31.584671 E0.261335
G1 X145.118427 Y146.365473 Z31.587184 E0.261312
G1 X144.630372 Y146.805664 Z31.589698 E0.26129
G1 X144.131005 Y147.232891 Z31.592211 E0.261267
G1 X143.62067 Y147.646863 Z31.594724 E0.261245
G1 X143.099718 Y148.0473 Z31.597237 E0.261222
G1 X142.568507 Y148.43393 Z31.59975 E0.2612
G1 X142.027405 Y148.806489 Z31.602263 E0.261177
G1 X141.476782 Y149.164723 Z31.604777 E0.261154
G1 X140.917009 Y149.508374 Z31.60729 E0.261132
G1 X140.348481 Y149.837225 Z31.609803 E0.261109
G1 X139.77159 Y150.151053 Z31.612316 E0.261086
G1 X139.186732 Y150.449647 Z31.614829 E0.261063
G1 X138.59431 Y150.732803 Z31.617343 E0.261041
G1 X137.994732 Y151.000331 Z31.619856 E0.261018
G1 X137.388408 Y151.252051 Z31.622369 E0.260995
G1 X136.775757 Y151.487791 Z31.624882 E0.260972
G1 X136.157191 Y151.707374 Z31.627395 E0.260949
G1 X135.533145 Y151.91067 Z31.629908 E0.260926
G1 X134.904046 Y152.097545 Z31.632422 E0.260903
G1 X134.270326 Y152.267873 Z31.634935 E0.26088
G1 X133.632422 Y152.421539 Z31.637448 E0.260857
G1 X132.99077 Y152.558443 Z31.639961 E0.260834
G1 X132.345811 Y152.678492 Z31.642474 E0.260811
G1 X131.697987 Y152.781608 Z31.644987 E0.260788
G1 X131.047742 Y152.867703 Z31.647501 E0.260765
G1 X130.395523 Y152.936739 Z31.650014 E0.260742
G1 X129.74178 Y152.988673 Z31.652527 E0.260719
G1 X129.086959 Y153.023472 Z31.65504 E0.260695
G1 X128.431509 Y153.041117 Z31.657553 E0.260672
G1 X127.775882 Y153.041598 Z31.660066 E0.260649
G1 X127.120524 Y153.024918 Z31.66258 E0.260626
G1 X126.465886 Y152.991091 Z31.665093 E0.260602
G1 X125.812418 Y152.940127 Z31.667606 E0.260579
G1 X125.160567 Y152.872076 Z31.670119 E0.260556
G1 X124.51078 Y152.786991 Z31.672632 E0.260532
G1 X123.8635 Y152.684936 Z31.675146 E0.260509
G1 X123.219172 Y152.565982 Z31.677659 E0.260485
G1 X122.578237 Y152.430214 Z31.680172 E0.260462
G1 X121.941133 Y152.277728 Z31.682685 E0.260438
G1 X121.308295 Y152.108633 Z31.685198 E0.260415
G1 X120.680162 Y151.923033 Z31.687711 E0.260391
G1 X120.057161 Y151.721065 Z31.690225 E0.260368
G1 X119.439718 Y151.502877 Z31.692738 E0.260344
G1 X118.828253 Y151.268622 Z31.695251 E0.26032
G1 X118.223184 Y151.018464 Z31.697764 E0.260297
G1 X117.624926 Y150.752576 Z31.700277 E0.260273
G1 X117.033888 Y150.471145 Z31.70279 E0.260249
G1 X116.450471 Y150.174365 Z31.705304 E0.260225
G1 X115.875082 Y149.862434 Z31.707817 E0.260202
G1 X115.308112 Y149.535568 Z31.71033 E0.260178
G1 X114.749945 Y149.194004 Z31.712843 E0.260154
G1 X114.200961 Y148.837978 Z31.715356 E0.26013
G1 X113.661534 Y148.467737 Z31.717869 E0.260106
G1 X113.132033 Y148.083538 Z31.720383 E0.260082
G1 X112.612818 Y147.685646 Z31.722896 E0.260058
G1 X112.104244 Y147.274337 Z31.725409 E0.260034
G1 X111.606656 Y146.849895 Z31.727922 E0.26001
G1 X111.120395 Y146.412613 Z31.730435 E0.259986
G1 X110.645791 Y145.962793 Z31.732949 E0.259962
G1 X110.183167 Y145.500746 Z31.735462 E0.259939
G1 X109.732838 Y145.026791 Z31.737975 E0.259915
G1 X109.295111 Y144.541254 Z31.740488 E0.259891
G1 X108.870283 Y144.044472 Z31.743001 E0.259867
G1 X108.458643 Y143.536785 Z31.745514 E0.259843
G1 X108.06047 Y143.018544 Z31.748028 E0.259819
G1 X107.676036 Y142.490107 Z31.750541 E0.259795
G1 X107.3056 Y141.951837 Z31.753054 E0.259771
G1 X106.949414 Y141.404105 Z31.755567 E0.259747
G1 X106.607721 Y140.847287 Z31.75808 E0.259723
G1 X106.28075 Y140.281769 Z31.760593 E0.259699
G1 X105.968724 Y139.707937 Z31.763107 E0.259675
G1 X105.671854 Y139.126188 Z31.76562 E0.259651
G1 X105.390339 Y138.536921 Z31.768133 E0.259627
G1 X105.124372 Y137.940542 Z31.770646 E0.259603
G1 X104.87413 Y137.337461 Z31.773159 E0.25958
G1 X104.639782 Y136.728092 Z31.775672 E0.259556
G1 X104.421486 Y136.112853 Z31.778186 E0.259532
G1 X104.21939 Y135.492169 Z31.780699 E0.259508
G1 X104.033627 Y134.866464 Z31.783212 E0.259484
G1 X103.864323 Y134.23617 Z31.785725 E0.25946
G1 X103.71159 Y133.601717 Z31.788238 E0.259436
G1 X103.575531 Y132.963544 Z31.790751 E0.259412
G1 X103.456235 Y132.322086 Z31.793265 E0.259388
G1 X103.35378 Y131.677784 Z31.795778 E0.259364
G1 X103.268235 Y131.031082 Z31.798291 E0.25934
;WIDTH:1.200
; LINE_WIDTH: 1.200
;Z:32.384
;HEIGHT:0.585
G1 X103.199586 Y130.382428 Z31.800729 E0.2576
G1 X103.147946 Y129.732257 Z31.803168 E0.257577
G1 X103.113346 Y129.081015 Z31.805606 E0.257554
G1 X103.095807 Y128.42915 Z31.808045 E0.257531
G1 X103.095341 Y127.777107 Z31.810483 E0.257508
G1 X103.111943 Y127.125334 Z31.812921 E0.257485
G1 X103.145598 Y126.474277 Z31.81536 E0.257462
G1 X103.19628 Y125.824383 Z31.817798 E0.257439
G1 X103.263951 Y125.176096 Z31.820237 E0.257415
G1 X103.348561 Y124.529861 Z31.822675 E0.257392
G1 X103.45005 Y123.88612 Z31.825113 E0.257369
G1 X103.568345 Y123.245314 Z31.827552 E0.257346
G1 X103.703363 Y122.607882 Z31.82999 E0.257323
G1 X103.85501 Y121.97426 Z31.832429 E0.2573
G1 X104.023176 Y121.344881 Z31.834867 E0.257277
G1 X104.207744 Y120.720176 Z31.837306 E0.257254
G1 X104.408583 Y120.100573 Z31.839744 E0.25723
G1 X104.625553 Y119.486495 Z31.842182 E0.257207
G1 X104.858503 Y118.878361 Z31.844621 E0.257184
G1 X105.10727 Y118.276588 Z31.847059 E0.257161
G1 X105.371681 Y117.681587 Z31.849498 E0.257138
G1 X105.651554 Y117.093766 Z31.851936 E0.257115
G1 X105.946693 Y116.513525 Z31.854374 E0.257092
G1 X106.256892 Y115.94126 Z31.856813 E0.257068
G1 X106.581935 Y115.377362 Z31.859251 E0.257045
G1 X106.921598 Y114.822217 Z31.86169 E0.257022
G1 X107.275644 Y114.276202 Z31.864128 E0.256999
G1 X107.643829 Y113.739691 Z31.866566 E0.256976
G1 X108.025898 Y113.213049 Z31.869005 E0.256952
G1 X108.421588 Y112.696637 Z31.871443 E0.256929
G1 X108.830625 Y112.190807 Z31.873882 E0.256906
G1 X109.252725 Y111.695903 Z31.87632 E0.256883
G1 X109.687596 Y111.212261 Z31.878758 E0.25686
G1 X110.134938 Y110.740211 Z31.881197 E0.256836
G1 X110.594442 Y110.280075 Z31.883635 E0.256813
G1 X111.065792 Y109.832165 Z31.886074 E0.25679
G1 X111.548661 Y109.396787 Z31.888512 E0.256767
G1 X112.042717 Y108.974238 Z31.89095 E0.256744
G1 X112.547622 Y108.564805 Z31.893389 E0.25672
G1 X113.063024 Y108.168766 Z31.895827 E0.256697
G1 X113.58857 Y107.786389 Z31.898266 E0.256674
G1 X114.123896 Y107.417933 Z31.900704 E0.256651
G1 X114.668635 Y107.063649 Z31.903142 E0.256627
G1 X115.222411 Y106.723778 Z31.905581 E0.256604
G1 X115.784844 Y106.398548 Z31.908019 E0.256581
G1 X116.355545 Y106.088181 Z31.910458 E0.256558
G1 X116.934125 Y105.79289 Z31.912896 E0.256534
G1 X117.520183 Y105.512871 Z31.915334 E0.256511
G1 X118.113316 Y105.248314 Z31.917773 E0.256488
G1 X118.713118 Y104.999396 Z31.920211 E0.256464
G1 X119.319174 Y104.766286 Z31.92265 E0.256441
G1 X119.93107 Y104.549141 Z31.925088 E0.256418
G1 X120.548384 Y104.348106 Z31.927526 E0.256395
G1 X121.170692 Y104.163316 Z31.929965 E0.256371
G1 X121.797568 Y103.994897 Z31.932403 E0.256348
G1 X122.428581 Y103.842961 Z31.934842 E0.256325
G1 X123.063297 Y103.707608 Z31.93728 E0.256301
G1 X123.701281 Y103.588927 Z31.939719 E0.256278
G1 X124.342095 Y103.486997 Z31.942157 E0.256255
G1 X124.985298 Y103.401884 Z31.944595 E0.256231
G1 X125.630451 Y103.333644 Z31.947034 E0.256208
G1 X126.277109 Y103.28232 Z31.949472 E0.256185
G1 X126.924831 Y103.247946 Z31.951911 E0.256161
G1 X127.573172 Y103.230543 Z31.954349 E0.256138
G1 X128.221687 Y103.230118 Z31.956787 E0.256115
G1 X128.869931 Y103.246668 Z31.959226 E0.256091
G1 X129.517461 Y103.280179 Z31.961664 E0.256068
G1 X130.163833 Y103.330624 Z31.964103 E0.256044
G1 X130.808604 Y103.397966 Z31.966541 E0.256021
G1 X131.451333 Y103.482155 Z31.968979 E0.255998
G1 X132.091579 Y103.583132 Z31.971418 E0.255974
G1 X132.728904 Y103.700826 Z31.973856 E0.255951
G1 X133.362871 Y103.835151 Z31.976295 E0.255928
G1 X133.993047 Y103.986012 Z31.978733 E0.255904
G1 X134.619001 Y104.153302 Z31.981171 E0.255881
G1 X135.240304 Y104.336904 Z31.98361 E0.255857
G1 X135.856532 Y104.536689 Z31.986048 E0.255834
G1 X136.467262 Y104.752517 Z31.988487 E0.255811
G1 X137.072079 Y104.984236 Z31.990925 E0.255787
G1 X137.670567 Y105.231686 Z31.993363 E0.255764
G1 X138.262319 Y105.494695 Z31.995802 E0.25574
G1 X138.84693 Y105.773077 Z31.99824 E0.255717
G1 X139.424 Y106.066642 Z32.000679 E0.255693
G1 X139.993136 Y106.375183 Z32.003117 E0.25567
G1 X140.553948 Y106.698488 Z32.005555 E0.255647
G1 X141.106054 Y107.036331 Z32.007994 E0.255623
G1 X141.649078 Y107.388479 Z32.010432 E0.2556
G1 X142.182649 Y107.754687 Z32.012871 E0.255576
G1 X142.706402 Y108.134703 Z32.015309 E0.255553
G1 X143.219981 Y108.528263 Z32.017747 E0.25553
G1 X143.723036 Y108.935095 Z32.020186 E0.255506
G1 X144.215223 Y109.354917 Z32.022624 E0.255483
G1 X144.696208 Y109.787441 Z32.025063 E0.255459
G1 X145.165663 Y110.232366 Z32.027501 E0.255436
G1 X145.623268 Y110.689385 Z32.02994 E0.255413
G1 X146.068711 Y111.158184 Z32.032378 E0.255389
G1 X146.501691 Y111.638439 Z32.034816 E0.255366
G1 X146.921912 Y112.129819 Z32.037255 E0.255342
G1 X147.329089 Y112.631984 Z32.039693 E0.255319
G1 X147.722944 Y113.144589 Z32.042132 E0.255296
G1 X148.103212 Y113.66728 Z32.04457 E0.255272
G1 X148.469632 Y114.199698 Z32.047008 E0.255249
G1 X148.821958 Y114.741476 Z32.049447 E0.255225
G1 X149.15995 Y115.29224 Z32.051885 E0.255202
G1 X149.483378 Y115.851612 Z32.054324 E0.255179
G1 X149.792025 Y116.419207 Z32.056762 E0.255155
G1 X150.085681 Y116.994634 Z32.0592 E0.255132
G1 X150.364147 Y117.577497 Z32.061639 E0.255108
G1 X150.627236 Y118.167396 Z32.064077 E0.255085
G1 X150.874771 Y118.763925 Z32.066516 E0.255061
G1 X151.106583 Y119.366674 Z32.068954 E0.255038
G1 X151.322519 Y119.975229 Z32.071392 E0.255015
G1 X151.522431 Y120.589172 Z32.073831 E0.254991
G1 X151.706184 Y121.208081 Z32.076269 E0.254968
G1 X151.873656 Y121.831531 Z32.078708 E0.254944
G1 X152.024737 Y122.459094 Z32.081146 E0.254921
G1 X152.159326 Y123.090339 Z32.083584 E0.254898
G1 X152.277334 Y123.724832 Z32.086023 E0.254874
G1 X152.378683 Y124.362138 Z32.088461 E0.254851
G1 X152.463307 Y125.00182 Z32.0909 E0.254827
G1 X152.531149 Y125.643439 Z32.093338 E0.254804
G1 X152.582166 Y126.286555 Z32.095776 E0.25478
G1 X152.616326 Y126.930727 Z32.098215 E0.254757
G1 X152.63361 Y127.575513 Z32.100653 E0.254733
G1 X152.63401 Y128.220471 Z32.103092 E0.25471
G1 X152.617527 Y128.865159 Z32.10553 E0.254686
G1 X152.584177 Y129.509135 Z32.107968 E0.254663
G1 X152.533986 Y130.151958 Z32.110407 E0.254639
G1 X152.46699 Y130.793188 Z32.112845 E0.254616
G1 X152.383239 Y131.432385 Z32.115284 E0.254592
G1 X152.282791 Y132.069112 Z32.117722 E0.254569
G1 X152.16572 Y132.702932 Z32.120161 E0.254545
G1 X152.03211 Y133.333412 Z32.122599 E0.254522
G1 X151.882055 Y133.960121 Z32.125037 E0.254498
G1 X151.715661 Y134.58263 Z32.127476 E0.254475
G1 X151.533046 Y135.200512 Z32.129914 E0.254451
G1 X151.334338 Y135.813346 Z32.132353 E0.254428
G1 X151.119675 Y136.420712 Z32.134791 E0.254404
G1 X150.889204 Y137.022193 Z32.137229 E0.254381
G1 X150.64309 Y137.61738 Z32.139668 E0.254357
G1 X150.381504 Y138.205866 Z32.142106 E0.254334
G1 X150.104629 Y138.787249 Z32.144545 E0.25431
G1 X149.812656 Y139.361132 Z32.146983 E0.254287
G1 X149.505789 Y139.927123 Z32.149421 E0.254263
G1 X149.184241 Y140.484835 Z32.15186 E0.254239
G1 X148.848235 Y141.033887 Z32.154298 E0.254216
G1 X148.498002 Y141.573905 Z32.156737 E0.254192
G1 X148.133786 Y142.10452 Z32.159175 E0.254169
G1 X147.755839 Y142.62537 Z32.161613 E0.254145
G1 X147.364424 Y143.1361 Z32.164052 E0.254122
G1 X146.959811 Y143.636363 Z32.16649 E0.254098
G1 X146.54228 Y144.125817 Z32.168929 E0.254074
G1 X146.112119 Y144.60413 Z32.171367 E0.254051
G1 X145.669626 Y145.070974 Z32.173805 E0.254027
G1 X145.215105 Y145.526033 Z32.176244 E0.254004
G1 X144.74887 Y145.968995 Z32.178682 E0.25398
G1 X144.271243 Y146.399559 Z32.181121 E0.253956
G1 X143.782554 Y146.817435 Z32.183559 E0.253933
G1 X143.28314 Y147.222336 Z32.185997 E0.253909
G1 X142.773346 Y147.61399 Z32.188436 E0.253885
G1 X142.253523 Y147.992129 Z32.190874 E0.253862
G1 X141.724028 Y148.356497 Z32.193313 E0.253838
G1 X141.185226 Y148.706846 Z32.195751 E0.253815
G1 X140.637488 Y149.042938 Z32.198189 E0.253791
G1 X140.081191 Y149.364545 Z32.200628 E0.253767
G1 X139.516718 Y149.671452 Z32.203066 E0.253744
G1 X138.944458 Y149.963449 Z32.205505 E0.25372
G1 X138.364805 Y150.24034 Z32.207943 E0.253696
G1 X137.778156 Y150.501939 Z32.210382 E0.253673
G1 X137.184916 Y150.748068 Z32.21282 E0.253649
G1 X136.585493 Y150.978561 Z32.215258 E0.253625
G1 X135.980297 Y151.193263 Z32.217697 E0.253602
G1 X135.369745 Y151.392028 Z32.220135 E0.253578
G1 X134.754256 Y151.574726 Z32.222574 E0.253554
G1 X134.134253 Y151.741234 Z32.225012 E0.253531
G1 X133.510163 Y151.89144 Z32.22745 E0.253507
G1 X132.882413 Y152.025246 Z32.229889 E0.253483
G1 X132.251435 Y152.142562 Z32.232327 E0.253459
G1 X131.617661 Y152.243311 Z32.234766 E0.253436
G1 X130.981527 Y152.327427 Z32.237204 E0.253412
G1 X130.343468 Y152.394852 Z32.239642 E0.253388
G1 X129.703922 Y152.445546 Z32.242081 E0.253365
G1 X129.063329 Y152.479479 Z32.244519 E0.253341
G1 X128.422127 Y152.496629 Z32.246958 E0.253317
G1 X127.780756 Y152.496989 Z32.249396 E0.253293
G1 X127.139655 Y152.48056 Z32.251834 E0.25327
G1 X126.499264 Y152.447358 Z32.254273 E0.253246
G1 X125.860022 Y152.397409 Z32.256711 E0.253222
G1 X125.222366 Y152.330749 Z32.25915 E0.253198
G1 X124.586733 Y152.247428 Z32.261588 E0.253175
G1 X123.953559 Y152.147505 Z32.264026 E0.253151
G1 X123.323276 Y152.031053 Z32.266465 E0.253127
G1 X122.696316 Y151.898154 Z32.268903 E0.253103
G1 X122.073109 Y151.748903 Z32.271342 E0.25308
G1 X121.45408 Y151.583404 Z32.27378 E0.253056
G1 X120.839654 Y151.401775 Z32.276218 E0.253032
G1 X120.230249 Y151.204142 Z32.278657 E0.253008
G1 X119.626284 Y150.990645 Z32.281095 E0.252985
G1 X119.028171 Y150.761432 Z32.283534 E0.252961
G1 X118.436318 Y150.516663 Z32.285972 E0.252937
G1 X117.85113 Y150.25651 Z32.28841 E0.252914
G1 X117.273008 Y149.981153 Z32.290849 E0.25289
G1 X116.702345 Y149.690785 Z32.293287 E0.252866
G1 X116.139531 Y149.385606 Z32.295726 E0.252842
G1 X115.584951 Y149.065828 Z32.298164 E0.252819
G1 X115.038984 Y148.731674 Z32.300603 E0.252795
G1 X114.502001 Y148.383376 Z32.303041 E0.252771
G1 X113.97437 Y148.021174 Z32.305479 E0.252747
G1 X113.456449 Y147.645319 Z32.307918 E0.252724
G1 X112.948592 Y147.256072 Z32.310356 E0.2527
G1 X112.451146 Y146.853702 Z32.312795 E0.252676
G1 X111.964448 Y146.438488 Z32.315233 E0.252652
G1 X111.488832 Y146.010715 Z32.317671 E0.252629
G1 X111.024619 Y145.57068 Z32.32011 E0.252605
G1 X110.572128 Y145.118686 Z32.322548 E0.252581
G1 X110.131665 Y144.655045 Z32.324987 E0.252557
G1 X109.703529 Y144.180079 Z32.327425 E0.252534
G1 X109.288013 Y143.694113 Z32.329863 E0.25251
G1 X108.885399 Y143.197483 Z32.332302 E0.252486
G1 X108.495959 Y142.690532 Z32.33474 E0.252462
G1 X108.119959 Y142.173609 Z32.337179 E0.252439
G1 X107.757654 Y141.647069 Z32.339617 E0.252415
G1 X107.409292 Y141.111274 Z32.342055 E0.252391
G1 X107.075106 Y140.566595 Z32.344494 E0.252367
G1 X106.755324 Y140.013407 Z32.346932 E0.252344
G1 X106.45016 Y139.452091 Z32.349371 E0.25232
G1 X106.159822 Y138.883032 Z32.351809 E0.252296
G1 X105.884506 Y138.306622 Z32.354247 E0.252272
G1 X105.624398 Y137.723257 Z32.356686 E0.252249
G1 X105.379672 Y137.133339 Z32.359124 E0.252225
G1 X105.150498 Y136.537273 Z32.361563 E0.252201
G1 X104.937026 Y135.935467 Z32.364001 E0.252177
G1 X104.739399 Y135.328338 Z32.366439 E0.252153
G1 X104.557751 Y134.716301 Z32.368878 E0.25213
G1 X104.392201 Y134.099776 Z32.371316 E0.252106
G1 X104.242862 Y133.479188 Z32.373755 E0.252082
G1 X104.109831 Y132.854963 Z32.376193 E0.252058
G1 X103.993198 Y132.227528 Z32.378631 E0.252034
G1 X103.89304 Y131.597314 Z32.38107 E0.252011
G1 X103.809424 Y130.964754 Z32.383508 E0.251987
;WIDTH:1.200
; LINE_WIDTH: 1.200
;Z:32.959
;HEIGHT:0.576
G1 X103.742365 Y130.330286 Z32.385908 E0.251963
G1 X103.691942 Y129.694339 Z32.388307 E0.251939
G1 X103.658187 Y129.057349 Z32.390707 E0.251916
G1 X103.641119 Y128.419753 Z32.393106 E0.251893
G1 X103.640748 Y127.781988 Z32.395506 E0.251869
G1 X103.657071 Y127.144492 Z32.397905 E0.251846
G1 X103.690073 Y126.507701 Z32.400305 E0.251822
G1 X103.739731 Y125.872051 Z32.402704 E0.251799
G1 X103.806006 Y125.237978 Z32.405104 E0.251775
G1 X103.888849 Y124.605917 Z32.407503 E0.251752
G1 X103.9882 Y123.976299 Z32.409903 E0.251728
G1 X104.103988 Y123.349556 Z32.412302 E0.251705
G1 X104.23613 Y122.726118 Z32.414702 E0.251681
G1 X104.384533 Y122.10641 Z32.417101 E0.251658
G1 X104.549092 Y121.490857 Z32.419501 E0.251634
G1 X104.729693 Y120.87988 Z32.4219 E0.251611
G1 X104.926209 Y120.273897 Z32.4243 E0.251587
G1 X105.138501 Y119.673322 Z32.426699 E0.251564
G1 X105.36642 Y119.078566 Z32.429099 E0.25154
G1 X105.609807 Y118.490035 Z32.431498 E0.251516
G1 X105.868493 Y117.908131 Z32.433898 E0.251493
G1 X106.142298 Y117.333253 Z32.436297 E0.251469
G1 X106.43103 Y116.765792 Z32.438697 E0.251446
G1 X106.734489 Y116.206136 Z32.441096 E0.251422
G1 X107.052468 Y115.654669 Z32.443496 E0.251399
G1 X107.384742 Y115.111765 Z32.445895 E0.251375
G1 X107.731082 Y114.577796 Z32.448295 E0.251352
G1 X108.091248 Y114.053125 Z32.450694 E0.251328
G1 X108.464989 Y113.538111 Z32.453094 E0.251304
G1 X108.852048 Y113.033104 Z32.455493 E0.251281
G1 X109.252156 Y112.538448 Z32.457893 E0.251257
G1 X109.665037 Y112.054481 Z32.460292 E0.251234
G1 X110.090407 Y111.581534 Z32.462692 E0.25121
G1 X110.527972 Y111.119928 Z32.465091 E0.251187
G1 X110.977428 Y110.669977 Z32.467491 E0.251163
G1 X111.438465 Y110.231987 Z32.46989 E0.251139
G1 X111.910765 Y109.806256 Z32.47229 E0.251116
G1 X112.394003 Y109.393073 Z32.474689 E0.251092
G1 X112.887844 Y108.992719 Z32.477089 E0.251069
G1 X113.391949 Y108.605466 Z32.479488 E0.251045
G1 X113.90597 Y108.231577 Z32.481888 E0.251021
G1 X114.429555 Y107.871309 Z32.484287 E0.250998
G1 X114.962341 Y107.524902 Z32.486687 E0.250974
G1 X115.503962 Y107.192593 Z32.489086 E0.25095
G1 X116.054044 Y106.874606 Z32.491486 E0.250927
G1 X116.612209 Y106.571156 Z32.493885 E0.250903
G1 X117.178073 Y106.282448 Z32.496285 E0.25088
G1 X117.751247 Y106.008678 Z32.498684 E0.250856
G1 X118.331336 Y105.75003 Z32.501084 E0.250832
G1 X118.917942 Y105.50668 Z32.503483 E0.250809
G1 X119.510663 Y105.278793 Z32.505883 E0.250785
G1 X120.109089 Y105.06652 Z32.508282 E0.250761
G1 X120.712809 Y104.870003 Z32.510682 E0.250738
G1 X121.32141 Y104.689374 Z32.513081 E0.250714
G1 X121.934473 Y104.524755 Z32.515481 E0.25069
G1 X122.551576 Y104.376254 Z32.51788 E0.250667
G1 X123.172297 Y104.24397 Z32.52028 E0.250643
G1 X123.796209 Y104.127992 Z32.522679 E0.250619
G1 X124.422884 Y104.028395 Z32.525079 E0.250595
G1 X125.051891 Y103.945244 Z32.527478 E0.250572
G1 X125.682801 Y103.878595 Z32.529878 E0.250548
G1 X126.315179 Y103.828488 Z32.532277 E0.250524
G1 X126.948592 Y103.794956 Z32.534677 E0.250501
G1 X127.582606 Y103.778017 Z32.537076 E0.250477
G1 X128.216786 Y103.777682 Z32.539476 E0.250453
G1 X128.850698 Y103.793946 Z32.541875 E0.25043
G1 X129.483907 Y103.826795 Z32.544274 E0.250406
G1 X130.115979 Y103.876204 Z32.546674 E0.250382
G1 X130.746481 Y103.942136 Z32.549073 E0.250359
G1 X131.374982 Y104.024543 Z32.551473 E0.250335
G1 X132.001051 Y104.123364 Z32.553872 E0.250311
G1 X132.62426 Y104.238529 Z32.556272 E0.250288
G1 X133.244182 Y104.369957 Z32.558671 E0.250264
G1 X133.860393 Y104.517553 Z32.561071 E0.25024
G1 X134.472471 Y104.681214 Z32.56347 E0.250217
G1 X135.079998 Y104.860824 Z32.56587 E0.250193
G1 X135.682558 Y105.056258 Z32.568269 E0.250169
G1 X136.279738 Y105.267378 Z32.570669 E0.250146
G1 X136.871132 Y105.494037 Z32.573068 E0.250122
G1 X137.456334 Y105.736076 Z32.575468 E0.250098
G1 X138.034945 Y105.993327 Z32.577867 E0.250075
G1 X138.606569 Y106.265611 Z32.580267 E0.250051
G1 X139.170817 Y106.552737 Z32.582666 E0.250027
G1 X139.727302 Y106.854508 Z32.585066 E0.250004
G1 X140.275645 Y107.170712 Z32.587465 E0.24998
G1 X140.815471 Y107.50113 Z32.589865 E0.249956
G1 X141.346413 Y107.845534 Z32.592264 E0.249933
G1 X141.868108 Y108.203685 Z32.594664 E0.249909
G1 X142.3802 Y108.575334 Z32.597063 E0.249885
G1 X142.882341 Y108.960224 Z32.599463 E0.249861
G1 X143.374187 Y109.35809 Z32.601862 E0.249838
G1 X143.855404 Y109.768656 Z32.604262 E0.249814
G1 X144.325662 Y110.19164 Z32.606661 E0.24979
G1 X144.784642 Y110.626748 Z32.609061 E0.249767
G1 X145.232033 Y111.073679 Z32.61146 E0.249743
G1 X145.66753 Y111.532125 Z32.61386 E0.249719
G1 X146.090836 Y112.00177 Z32.616259 E0.249696
G1 X146.501664 Y112.482289 Z32.618659 E0.249672
G1 X146.899735 Y112.973351 Z32.621058 E0.249648
G1 X147.284779 Y113.474617 Z32.623458 E0.249624
G1 X147.656532 Y113.985744 Z32.625857 E0.249601
G1 X148.014742 Y114.506378 Z32.628257 E0.249577
G1 X148.359168 Y115.03616 Z32.630656 E0.249553
G1 X148.689576 Y115.574726 Z32.633056 E0.24953
G1 X149.005743 Y116.121704 Z32.635455 E0.249506
G1 X149.307454 Y116.676719 Z32.637855 E0.249482
G1 X149.594505 Y117.239388 Z32.640254 E0.249458
G1 X149.866704 Y117.809324 Z32.642654 E0.249435
G1 X150.123865 Y118.386135 Z32.645053 E0.249411
G1 X150.365812 Y118.969425 Z32.647453 E0.249387
G1 X150.592386 Y119.558794 Z32.649852 E0.249363
G1 X150.803435 Y120.153834 Z32.652252 E0.249339
G1 X150.998815 Y120.754139 Z32.654651 E0.249316
G1 X151.178397 Y121.359294 Z32.657051 E0.249292
G1 X151.342061 Y121.968885 Z32.65945 E0.249268
G1 X151.489697 Y122.582492 Z32.66185 E0.249244
G1 X151.621208 Y123.199695 Z32.664249 E0.249221
G1 X151.736504 Y123.820071 Z32.666649 E0.249197
G1 X151.83551 Y124.443192 Z32.669048 E0.249173
G1 X151.918162 Y125.068632 Z32.671448 E0.249149
G1 X151.984407 Y125.695961 Z32.673847 E0.249125
G1 X152.034203 Y126.32475 Z32.676247 E0.249102
G1 X152.067519 Y126.954566 Z32.678646 E0.249078
G1 X152.084334 Y127.584978 Z32.681046 E0.249054
G1 X152.084642 Y128.215554 Z32.683445 E0.24903
G1 X152.068444 Y128.845862 Z32.685845 E0.249006
G1 X152.035752 Y129.475469 Z32.688244 E0.248982
G1 X151.986595 Y130.103944 Z32.690644 E0.248959
G1 X151.921008 Y130.730857 Z32.693043 E0.248935
G1 X151.839041 Y131.355779 Z32.695443 E0.248911
G1 X151.740753 Y131.978281 Z32.697842 E0.248887
G1 X151.626214 Y132.597938 Z32.700242 E0.248863
G1 X151.495506 Y133.214325 Z32.702641 E0.248839
G1 X151.348722 Y133.82702 Z32.705041 E0.248815
G1 X151.185963 Y134.435604 Z32.70744 E0.248792
G1 X151.007344 Y135.039661 Z32.70984 E0.248768
G1 X150.812993 Y135.638777 Z32.712239 E0.248744
G1 X150.603045 Y136.232543 Z32.714639 E0.24872
G1 X150.377647 Y136.820554 Z32.717038 E0.248696
G1 X150.136958 Y137.402407 Z32.719438 E0.248672
G1 X149.881144 Y137.977704 Z32.721837 E0.248648
G1 X149.610384 Y138.546054 Z32.724237 E0.248624
G1 X149.324866 Y139.107066 Z32.726636 E0.248601
G1 X149.024787 Y139.660358 Z32.729036 E0.248577
G1 X148.710356 Y140.205553 Z32.731435 E0.248553
G1 X148.381794 Y140.742278 Z32.733835 E0.248529
G1 X148.039327 Y141.270167 Z32.736234 E0.248505
G1 X147.683192 Y141.788861 Z32.738634 E0.248481
G1 X147.313638 Y142.298005 Z32.741033 E0.248457
G1 X146.930919 Y142.797253 Z32.743433 E0.248433
G1 X146.5353 Y143.286264 Z32.745832 E0.248409
G1 X146.127054 Y143.764705 Z32.748232 E0.248385
G1 X145.706463 Y144.232248 Z32.750631 E0.248361
G1 X145.273818 Y144.688577 Z32.753031 E0.248337
G1 X144.82942 Y145.133381 Z32.75543 E0.248314
G1 X144.373573 Y145.566358 Z32.75783 E0.24829
G1 X143.906594 Y145.987214 Z32.760229 E0.248266
G1 X143.428804 Y146.395661 Z32.762629 E0.248242
G1 X142.940533 Y146.791423 Z32.765028 E0.248218
G1 X142.442117 Y147.174231 Z32.767428 E0.248194
G1 X141.933899 Y147.543822 Z32.769827 E0.24817
G1 X141.41623 Y147.899948 Z32.772227 E0.248146
G1 X140.889466 Y148.242368 Z32.774626 E0.248122
G1 X140.353972 Y148.570849 Z32.777026 E0.248098
G1 X139.810114 Y148.88517 Z32.779425 E0.248074
G1 X139.258268 Y149.185117 Z32.781825 E0.24805
G1 X138.698814 Y149.470488 Z32.784224 E0.248026
G1 X138.132136 Y149.74109 Z32.786624 E0.248002
G1 X137.558624 Y149.996741 Z32.789023 E0.247978
G1 X136.978672 Y150.237267 Z32.791423 E0.247954
G1 X136.39268 Y150.462508 Z32.793822 E0.24793
G1 X135.801049 Y150.672312 Z32.796222 E0.247906
G1 X135.204187 Y150.866537 Z32.798621 E0.247882
G1 X134.602503 Y151.045055 Z32.801021 E0.247858
G1 X133.996411 Y151.207745 Z32.80342 E0.247834
G1 X133.386327 Y151.354499 Z32.805819 E0.24781
G1 X132.772669 Y151.485221 Z32.808219 E0.247786
G1 X132.15586 Y151.599822 Z32.810618 E0.247762
G1 X131.536322 Y151.698228 Z32.813018 E0.247738
G1 X130.914481 Y151.780375 Z32.815417 E0.247714
G1 X130.290763 Y151.846208 Z32.817817 E0.24769
G1 X129.665595 Y151.895688 Z32.820216 E0.247666
G1 X129.039408 Y151.928782 Z32.822616 E0.247642
G1 X128.412629 Y151.945471 Z32.825015 E0.247618
G1 X127.785689 Y151.945747 Z32.827415 E0.247594
G1 X127.159018 Y151.929613 Z32.829814 E0.24757
G1 X126.533044 Y151.897082 Z32.832214 E0.247546
G1 X125.908196 Y151.848182 Z32.834613 E0.247522
G1 X125.284904 Y151.782948 Z32.837013 E0.247498
G1 X124.663592 Y151.701428 Z32.839412 E0.247474
G1 X124.044688 Y151.603681 Z32.841812 E0.24745
G1 X123.428614 Y151.489777 Z32.844211 E0.247426
G1 X122.815793 Y151.359798 Z32.846611 E0.247402
G1 X122.206643 Y151.213835 Z32.84901 E0.247378
G1 X121.601581 Y151.051993 Z32.85141 E0.247354
G1 X121.001022 Y150.874384 Z32.853809 E0.24733
G1 X120.405375 Y150.681134 Z32.856209 E0.247306
G1 X119.815049 Y150.472377 Z32.858608 E0.247282
G1 X119.230446 Y150.248261 Z32.861008 E0.247258
G1 X118.651967 Y150.008942 Z32.863407 E0.247234
G1 X118.080006 Y149.754586 Z32.865807 E0.24721
G1 X117.514954 Y149.485371 Z32.868206 E0.247186
G1 X116.957202 Y149.201475 Z32.870606 E0.247162
G1 X116.407133 Y148.903093 Z32.873005 E0.247138
G1 X115.865117 Y148.590444 Z32.875405 E0.247114
G1 X115.331523 Y148.263745 Z32.877804 E0.24709
G1 X114.806716 Y147.923224 Z32.880204 E0.247065
G1 X114.291054 Y147.569117 Z32.882603 E0.247041
G1 X113.784887 Y147.201668 Z32.885003 E0.247017
G1 X113.288561 Y146.821132 Z32.887402 E0.246993
G1 X112.802414 Y146.427773 Z32.889802 E0.246969
G1 X112.326793 Y146.021845 Z32.892201 E0.246944
G1 X111.862008 Y145.603646 Z32.894601 E0.24692
G1 X111.408375 Y145.173466 Z32.897 E0.246895
G1 X110.966203 Y144.731602 Z32.8994 E0.246871
G1 X110.535791 Y144.27836 Z32.901799 E0.246846
G1 X110.117433 Y143.814052 Z32.904199 E0.246822
G1 X109.711413 Y143.338999 Z32.906598 E0.246797
G1 X109.318007 Y142.853529 Z32.908998 E0.246773
G1 X108.93749 Y142.357969 Z32.911397 E0.246748
G1 X108.570124 Y141.852661 Z32.913797 E0.246724
G1 X108.216147 Y141.33796 Z32.916196 E0.246699
G1 X107.8758 Y140.814222 Z32.918596 E0.246674
G1 X107.549312 Y140.281808 Z32.920995 E0.246649
G1 X107.236904 Y139.741084 Z32.923395 E0.246624
G1 X106.938788 Y139.192422 Z32.925794 E0.2466
G1 X106.655165 Y138.636201 Z32.928194 E0.246575
G1 X106.386227 Y138.072802 Z32.930593 E0.24655
G1 X106.132175 Y137.502604 Z32.932993 E0.246525
G1 X105.893163 Y136.926009 Z32.935392 E0.2465
G1 X105.66935 Y136.343414 Z32.937792 E0.246475
G1 X105.460885 Y135.755219 Z32.940191 E0.24645
G1 X105.267908 Y135.161829 Z32.942591 E0.246425
G1 X105.09055 Y134.563652 Z32.94499 E0.2464
G1 X104.928926 Y133.961098 Z32.94739 E0.246375
G1 X104.783147 Y133.354581 Z32.949789 E0.24635
G1 X104.653317 Y132.744516 Z32.952189 E0.246325
G1 X104.539528 Y132.131321 Z32.954588 E0.2463
G1 X104.44184 Y131.515421 Z32.956988 E0.246275
G1 X104.360316 Y130.897238 Z32.959387 E0.246249
;WIDTH:1.200
; LINE_WIDTH: 1.200
;Z:33.507
;HEIGHT:0.547
G1 X104.294889 Y130.277208 Z32.961668 E0.242667
G1 X104.24572 Y129.655739 Z32.963948 E0.242643
G1 X104.212839 Y129.033256 Z32.966229 E0.24262
G1 X104.196266 Y128.410187 Z32.968509 E0.242596
G1 X104.196008 Y127.786958 Z32.97079 E0.242572
G1 X104.212079 Y127.163997 Z32.97307 E0.242549
G1 X104.244457 Y126.541732 Z32.975351 E0.242525
G1 X104.293109 Y125.920589 Z32.977631 E0.242501
G1 X104.357997 Y125.300994 Z32.979911 E0.242477
G1 X104.439075 Y124.683371 Z32.982192 E0.242453
G1 X104.536283 Y124.068142 Z32.984472 E0.242429
G1 X104.649551 Y123.455729 Z32.986753 E0.242405
G1 X104.778799 Y122.846552 Z32.989033 E0.242381
G1 X104.923935 Y122.241026 Z32.991314 E0.242357
G1 X105.084872 Y121.63957 Z32.993594 E0.242333
G1 X105.261489 Y121.042595 Z32.995875 E0.242309
G1 X105.453652 Y120.450507 Z32.998155 E0.242285
G1 X105.661229 Y119.863711 Z33.000436 E0.242261
G1 X105.884073 Y119.282608 Z33.002716 E0.242237
G1 X106.122028 Y118.707595 Z33.004997 E0.242213
G1 X106.374929 Y118.139064 Z33.007277 E0.242189
G1 X106.6426 Y117.577404 Z33.009558 E0.242164
G1 X106.924853 Y117.023 Z33.011838 E0.24214
G1 X107.221507 Y116.476236 Z33.014119 E0.242116
G1 X107.532348 Y115.937484 Z33.016399 E0.242092
G1 X107.857152 Y115.407106 Z33.01868 E0.242067
G1 X108.195694 Y114.885465 Z33.02096 E0.242043
G1 X108.54774 Y114.372917 Z33.023241 E0.242018
G1 X108.913046 Y113.86981 Z33.025521 E0.241994
G1 X109.291359 Y113.376489 Z33.027802 E0.24197
G1 X109.682416 Y112.893288 Z33.030082 E0.241945
G1 X110.085947 Y112.420538 Z33.032362 E0.241921
G1 X110.501688 Y111.958572 Z33.034643 E0.241896
G1 X110.929339 Y111.507697 Z33.036923 E0.241872
G1 X111.368601 Y111.068216 Z33.039204 E0.241847
G1 X111.819172 Y110.640428 Z33.041484 E0.241823
G1 X112.280739 Y110.224623 Z33.043765 E0.241798
G1 X112.752985 Y109.821085 Z33.046045 E0.241773
G1 X113.235583 Y109.430087 Z33.048326 E0.241749
G1 X113.728201 Y109.051895 Z33.050606 E0.241724
G1 X114.230499 Y108.686765 Z33.052887 E0.241699
G1 X114.742131 Y108.334944 Z33.055167 E0.241675
G1 X115.262744 Y107.996672 Z33.057448 E0.24165
G1 X115.79198 Y107.672178 Z33.059728 E0.241625
G1 X116.329474 Y107.36168 Z33.062009 E0.241601
G1 X116.874856 Y107.065389 Z33.064289 E0.241576
G1 X117.427751 Y106.783505 Z33.06657 E0.241551
G1 X117.987779 Y106.516218 Z33.06885 E0.241527
G1 X118.554554 Y106.263708 Z33.071131 E0.241502
G1 X119.127685 Y106.026146 Z33.073411 E0.241478
G1 X119.706781 Y105.803692 Z33.075692 E0.241453
G1 X120.291441 Y105.596493 Z33.077972 E0.241428
G1 X120.881265 Y105.40469 Z33.080252 E0.241404
G1 X121.475846 Y105.228411 Z33.082533 E0.241379
G1 X122.074778 Y105.067773 Z33.084813 E0.241354
G1 X122.677647 Y104.922884 Z33.087094 E0.24133
G1 X123.284041 Y104.793839 Z33.089374 E0.241305
G1 X123.893543 Y104.680723 Z33.091655 E0.24128
G1 X124.505735 Y104.583611 Z33.093935 E0.241256
G1 X125.120196 Y104.502567 Z33.096216 E0.241231
G1 X125.736505 Y104.437642 Z33.098496 E0.241207
G1 X126.354239 Y104.388877 Z33.100777 E0.241182
G1 X126.972976 Y104.356303 Z33.103057 E0.241157
G1 X127.592289 Y104.339938 Z33.105338 E0.241133
G1 X128.211755 Y104.339792 Z33.107618 E0.241108
G1 X128.83095 Y104.355859 Z33.109899 E0.241083
G1 X129.449448 Y104.388127 Z33.112179 E0.241059
G1 X130.066827 Y104.43657 Z33.11446 E0.241034
G1 X130.682663 Y104.501153 Z33.11674 E0.241009
G1 X131.296534 Y104.581827 Z33.119021 E0.240985
G1 X131.908021 Y104.678534 Z33.121301 E0.24096
G1 X132.516704 Y104.791202 Z33.123582 E0.240935
G1 X133.122167 Y104.919753 Z33.125862 E0.240911
G1 X133.723996 Y105.064094 Z33.128142 E0.240886
G1 X134.321779 Y105.224124 Z33.130423 E0.240861
G1 X134.915107 Y105.399729 Z33.132703 E0.240837
G1 X135.503574 Y105.590786 Z33.134984 E0.240812
G1 X136.086778 Y105.797164 Z33.137264 E0.240787
G1 X136.66432 Y106.018715 Z33.139545 E0.240763
G1 X137.235806 Y106.255285 Z33.141825 E0.240738
G1 X137.800846 Y106.506708 Z33.144106 E0.240713
G1 X138.359053 Y106.772808 Z33.146386 E0.240688
G1 X138.910046 Y107.053401 Z33.148667 E0.240664
G1 X139.453449 Y107.348291 Z33.150947 E0.240639
G1 X139.988892 Y107.657273 Z33.153228 E0.240614
G1 X140.516009 Y107.980133 Z33.155508 E0.24059
G1 X141.034439 Y108.316648 Z33.157789 E0.240565
G1 X141.543829 Y108.666584 Z33.160069 E0.24054
G1 X142.043833 Y109.029696 Z33.16235 E0.240515
G1 X142.53411 Y109.405734 Z33.16463 E0.240491
G1 X143.014326 Y109.794438 Z33.166911 E0.240466
G1 X143.484154 Y110.195538 Z33.169191 E0.240441
G1 X143.943274 Y110.608756 Z33.171472 E0.240417
G1 X144.391373 Y111.033808 Z33.173752 E0.240392
G1 X144.828147 Y111.4704 Z33.176033 E0.240367
G1 X145.253297 Y111.918231 Z33.178313 E0.240342
G1 X145.666535 Y112.376991 Z33.180593 E0.240318
G1 X146.067581 Y112.846363 Z33.182874 E0.240293
G1 X146.456163 Y113.326023 Z33.185154 E0.240268
G1 X146.832016 Y113.81564 Z33.187435 E0.240243
G1 X147.194887 Y114.314876 Z33.189715 E0.240218
G1 X147.544528 Y114.823389 Z33.191996 E0.240194
G1 X147.880704 Y115.340826 Z33.194276 E0.240169
G1 X148.203185 Y115.866832 Z33.196557 E0.240144
G1 X148.511752 Y116.401045 Z33.198837 E0.240119
G1 X148.806199 Y116.943097 Z33.201118 E0.240095
G1 X149.086327 Y117.492615 Z33.203398 E0.24007
G1 X149.351946 Y118.049219 Z33.205679 E0.240045
G1 X149.602878 Y118.612528 Z33.207959 E0.24002
G1 X149.838953 Y119.182154 Z33.21024 E0.239995
G1 X150.060013 Y119.757705 Z33.21252 E0.239971
G1 X150.26591 Y120.338785 Z33.214801 E0.239946
G1 X150.456505 Y120.924996 Z33.217081 E0.239921
G1 X150.631669 Y121.515934 Z33.219362 E0.239896
G1 X150.791286 Y122.111194 Z33.221642 E0.239871
G1 X150.935252 Y122.710366 Z33.223923 E0.239846
G1 X151.063471 Y123.313039 Z33.226203 E0.239822
G1 X151.175857 Y123.918799 Z33.228483 E0.239797
G1 X151.272338 Y124.52723 Z33.230764 E0.239772
G1 X151.352851 Y125.137916 Z33.233044 E0.239747
G1 X151.417343 Y125.750436 Z33.235325 E0.239722
G1 X151.465772 Y126.364371 Z33.237605 E0.239697
G1 X151.498109 Y126.9793 Z33.239886 E0.239673
G1 X151.514335 Y127.5948 Z33.242166 E0.239648
G1 X151.514444 Y128.210451 Z33.244447 E0.239623
G1 X151.498438 Y128.825829 Z33.246727 E0.239598
G1 X151.466332 Y129.440514 Z33.249008 E0.239573
G1 X151.418151 Y130.054084 Z33.251288 E0.239548
G1 X151.353932 Y130.666119 Z33.253569 E0.239523
G1 X151.273721 Y131.2762 Z33.255849 E0.239498
G1 X151.177577 Y131.883909 Z33.25813 E0.239474
G1 X151.065567 Y132.488829 Z33.26041 E0.239449
G1 X150.937773 Y133.090548 Z33.262691 E0.239424
G1 X150.794287 Y133.688653 Z33.264971 E0.239399
G1 X150.63521 Y134.282734 Z33.267252 E0.239374
G1 X150.460653 Y134.872387 Z33.269532 E0.239349
G1 X150.270741 Y135.457208 Z33.271813 E0.239324
G1 X150.065606 Y136.036796 Z33.274093 E0.239299
G1 X149.845393 Y136.610756 Z33.276373 E0.239274
G1 X149.610253 Y137.178695 Z33.278654 E0.23925
G1 X149.360351 Y137.740225 Z33.280934 E0.239225
G1 X149.095863 Y138.294963 Z33.283215 E0.2392
G1 X148.816973 Y138.84253 Z33.285495 E0.239175
G1 X148.523875 Y139.382553 Z33.287776 E0.23915
G1 X148.216774 Y139.914662 Z33.290056 E0.239125
G1 X147.895882 Y140.438496 Z33.292337 E0.2391
G1 X147.561422 Y140.953696 Z33.294617 E0.239075
G1 X147.213626 Y141.459911 Z33.296898 E0.23905
G1 X146.852736 Y141.956797 Z33.299178 E0.239025
G1 X146.479001 Y142.444014 Z33.301459 E0.239
G1 X146.092681 Y142.921232 Z33.303739 E0.238975
G1 X145.694042 Y143.388124 Z33.30602 E0.23895
G1 X145.283361 Y143.844373 Z33.3083 E0.238925
G1 X144.860922 Y144.289669 Z33.310581 E0.2389
G1 X144.427015 Y144.723709 Z33.312861 E0.238876
G1 X143.981942 Y145.146197 Z33.315142 E0.238851
G1 X143.526009 Y145.556847 Z33.317422 E0.238826
G1 X143.059532 Y145.95538 Z33.319703 E0.238801
G1 X142.582831 Y146.341524 Z33.321983 E0.238776
G1 X142.096237 Y146.715018 Z33.324264 E0.238751
G1 X141.600084 Y147.075609 Z33.326544 E0.238726
G1 X141.094714 Y147.423052 Z33.328824 E0.238701
G1 X140.580476 Y147.757112 Z33.331105 E0.238676
G1 X140.057725 Y148.077563 Z33.333385 E0.238651
G1 X139.526819 Y148.384187 Z33.335666 E0.238626
G1 X138.988125 Y148.676778 Z33.337946 E0.238601
G1 X138.442013 Y148.955138 Z33.340227 E0.238576
G1 X137.88886 Y149.219079 Z33.342507 E0.238551
G1 X137.329045 Y149.468424 Z33.344788 E0.238526
G1 X136.762954 Y149.703004 Z33.347068 E0.238502
G1 X136.190977 Y149.922662 Z33.349349 E0.238477
G1 X135.613505 Y150.127251 Z33.351629 E0.238452
G1 X135.030937 Y150.316633 Z33.35391 E0.238427
G1 X134.443673 Y150.490682 Z33.35619 E0.238402
G1 X133.852115 Y150.649281 Z33.358471 E0.238377
G1 X133.25667 Y150.792324 Z33.360751 E0.238352
G1 X132.657747 Y150.919716 Z33.363032 E0.238327
G1 X132.055758 Y151.031375 Z33.365312 E0.238302
G1 X131.451116 Y151.127227 Z33.367593 E0.238277
G1 X130.844235 Y151.20721 Z33.369873 E0.238252
G1 X130.235532 Y151.271272 Z33.372154 E0.238227
G1 X129.625425 Y151.319372 Z33.374434 E0.238202
G1 X129.014331 Y151.351482 Z33.376714 E0.238177
G1 X128.402671 Y151.367583 Z33.378995 E0.238152
G1 X127.790863 Y151.367664 Z33.381275 E0.238127
G1 X127.179327 Y151.35173 Z33.383556 E0.238102
G1 X126.568481 Y151.319797 Z33.385836 E0.238077
G1 X125.958745 Y151.271889 Z33.388117 E0.238052
G1 X125.350536 Y151.208044 Z33.390397 E0.238027
G1 X124.74427 Y151.128307 Z33.392678 E0.238002
G1 X124.140362 Y151.032737 Z33.394958 E0.237977
G1 X123.539227 Y150.921403 Z33.397239 E0.237952
G1 X122.941274 Y150.794384 Z33.399519 E0.237927
G1 X122.346915 Y150.651768 Z33.4018 E0.237902
G1 X121.756555 Y150.493659 Z33.40408 E0.237877
G1 X121.170598 Y150.320168 Z33.406361 E0.237852
G1 X120.589444 Y150.131417 Z33.408641 E0.237827
G1 X120.013491 Y149.92754 Z33.410922 E0.237802
G1 X119.443132 Y149.708678 Z33.413202 E0.237777
G1 X118.878758 Y149.474986 Z33.415483 E0.237752
G1 X118.320753 Y149.226626 Z33.417763 E0.237727
G1 X117.769499 Y148.963771 Z33.420044 E0.237702
G1 X117.225373 Y148.686604 Z33.422324 E0.237677
G1 X116.688746 Y148.395317 Z33.424604 E0.237652
G1 X116.159983 Y148.090116 Z33.426885 E0.237627
G1 X115.639446 Y147.77121 Z33.429165 E0.237602
G1 X115.12749 Y147.438823 Z33.431446 E0.237577
G1 X114.624463 Y147.093185 Z33.433726 E0.237552
G1 X114.130708 Y146.734535 Z33.436007 E0.237527
G1 X113.646562 Y146.363122 Z33.438287 E0.237502
G1 X113.172355 Y145.979203 Z33.440568 E0.237477
G1 X112.708411 Y145.583041 Z33.442848 E0.237452
G1 X112.255045 Y145.174914 Z33.445129 E0.237426
G1 X111.812564 Y144.755103 Z33.447409 E0.237401
G1 X111.38127 Y144.323898 Z33.44969 E0.237376
G1 X110.961457 Y143.881598 Z33.45197 E0.237351
G1 X110.553408 Y143.428507 Z33.454251 E0.237326
G1 X110.157402 Y142.964939 Z33.456531 E0.237301
G1 X109.773707 Y142.491214 Z33.458812 E0.237276
G1 X109.402584 Y142.007658 Z33.461092 E0.237251
G1 X109.044286 Y141.514603 Z33.463373 E0.237226
G1 X108.699055 Y141.012391 Z33.465653 E0.237201
G1 X108.367124 Y140.501368 Z33.467934 E0.237175
G1 X108.048718 Y139.981886 Z33.470214 E0.23715
G1 X107.744051 Y139.454303 Z33.472495 E0.237125
G1 X107.453331 Y138.918982 Z33.474775 E0.2371
G1 X107.176753 Y138.376292 Z33.477055 E0.237075
G1 X106.914503 Y137.826606 Z33.479336 E0.23705
G1 X106.666759 Y137.270302 Z33.481616 E0.237025
G1 X106.43369 Y136.707762 Z33.483897 E0.237
G1 X106.21545 Y136.139374 Z33.486177 E0.236974
G1 X106.012186 Y135.565528 Z33.488458 E0.236949
G1 X105.824032 Y134.98662 Z33.490738 E0.236924
G1 X105.651116 Y134.403047 Z33.493019 E0.236899
G1 X105.493552 Y133.81521 Z33.495299 E0.236874
G1 X105.351445 Y133.223512 Z33.49758 E0.236849
G1 X105.22489 Y132.628361 Z33.49986 E0.236824
G1 X105.113969 Y132.030164 Z33.502141 E0.236798
G1 X105.018759 Y131.429331 Z33.504421 E0.236773
G1 X104.939318 Y130.826277 Z33.506702 E0.236748
;WIDTH:1.200
; LINE_WIDTH: 1.200
;Z:34.046
;HEIGHT:0.539
G1 X104.875661 Y130.221417 Z33.508949 E0.241093
G1 X104.827864 Y129.615162 Z33.511195 E0.241068
G1 X104.795958 Y129.007927 Z33.513442 E0.241042
G1 X104.779959 Y128.400129 Z33.515689 E0.241017
G1 X104.779877 Y127.792183 Z33.517936 E0.240992
G1 X104.795708 Y127.184508 Z33.520183 E0.240967
G1 X104.827437 Y126.577519 Z33.52243 E0.240941
G1 X104.875043 Y125.971633 Z33.524677 E0.240916
G1 X104.938486 Y125.367264 Z33.526924 E0.240891
G1 X105.01772 Y124.764826 Z33.529171 E0.240865
G1 X105.112687 Y124.164731 Z33.531418 E0.24084
G1 X105.223319 Y123.567391 Z33.533665 E0.240815
G1 X105.349537 Y122.973214 Z33.535911 E0.24079
G1 X105.49125 Y122.382607 Z33.538158 E0.240764
G1 X105.648359 Y121.795974 Z33.540405 E0.240739
G1 X105.820752 Y121.213716 Z33.542652 E0.240714
G1 X106.008309 Y120.63623 Z33.544899 E0.240688
G1 X106.210897 Y120.063913 Z33.547146 E0.240663
G1 X106.428374 Y119.497154 Z33.549393 E0.240638
G1 X106.660589 Y118.936342 Z33.55164 E0.240612
G1 X106.907379 Y118.381859 Z33.553887 E0.240587
G1 X107.168572 Y117.834083 Z33.556134 E0.240562
G1 X107.443985 Y117.29339 Z33.558381 E0.240537
G1 X107.733428 Y116.760148 Z33.560627 E0.240511
G1 X108.036698 Y116.23472 Z33.562874 E0.240486
G1 X108.353586 Y115.717466 Z33.565121 E0.240461
G1 X108.68387 Y115.208738 Z33.567368 E0.240435
G1 X109.027323 Y114.708883 Z33.569615 E0.24041
G1 X109.383705 Y114.218242 Z33.571862 E0.240385
G1 X109.752769 Y113.737148 Z33.574109 E0.240359
G1 X110.134261 Y113.26593 Z33.576356 E0.240334
G1 X110.527916 Y112.804909 Z33.578603 E0.240309
G1 X110.933462 Y112.354397 Z33.58085 E0.240284
G1 X111.350618 Y111.914703 Z33.583097 E0.240258
G1 X111.779096 Y111.486124 Z33.585343 E0.240233
G1 X112.2186 Y111.068953 Z33.58759 E0.240208
G1 X112.668826 Y110.663473 Z33.589837 E0.240182
G1 X113.129464 Y110.269958 Z33.592084 E0.240157
G1 X113.600195 Y109.888677 Z33.594331 E0.240132
G1 X114.080696 Y109.519888 Z33.596578 E0.240106
G1 X114.570634 Y109.163841 Z33.598825 E0.240081
G1 X115.069672 Y108.820778 Z33.601072 E0.240056
G1 X115.577466 Y108.49093 Z33.603319 E0.240031
G1 X116.093667 Y108.174523 Z33.605566 E0.240005
G1 X116.617919 Y107.87177 Z33.607813 E0.23998
G1 X117.149861 Y107.582875 Z33.610059 E0.239955
G1 X117.689126 Y107.308033 Z33.612306 E0.239929
G1 X118.235343 Y107.047429 Z33.614553 E0.239904
G1 X118.788136 Y106.801239 Z33.6168 E0.239879
G1 X119.347125 Y106.569628 Z33.619047 E0.239853
G1 X119.911927 Y106.352753 Z33.621294 E0.239828
G1 X120.482151 Y106.150758 Z33.623541 E0.239803
G1 X121.057408 Y105.963781 Z33.625788 E0.239777
G1 X121.637301 Y105.791946 Z33.628035 E0.239752
G1 X122.221432 Y105.635366 Z33.630282 E0.239726
G1 X122.809399 Y105.494146 Z33.632528 E0.239701
G1 X123.400799 Y105.368379 Z33.634775 E0.239676
G1 X123.995226 Y105.258149 Z33.637022 E0.23965
G1 X124.592271 Y105.163526 Z33.639269 E0.239625
G1 X125.191526 Y105.084574 Z33.641516 E0.2396
G1 X125.792578 Y105.021342 Z33.643763 E0.239574
G1 X126.395015 Y104.973872 Z33.64601 E0.239549
G1 X126.998425 Y104.942194 Z33.648257 E0.239524
G1 X127.602394 Y104.926323 Z33.650504 E0.239498
G1 X128.206506 Y104.926269 Z33.652751 E0.239473
G1 X128.81035 Y104.942027 Z33.654998 E0.239447
G1 X129.413509 Y104.973583 Z33.657244 E0.239422
G1 X130.015572 Y105.020913 Z33.659491 E0.239397
G1 X130.616127 Y105.08398 Z33.661738 E0.239371
G1 X131.21476 Y105.162738 Z33.663985 E0.239346
G1 X131.811064 Y105.257131 Z33.666232 E0.23932
G1 X132.404629 Y105.367091 Z33.668479 E0.239295
G1 X132.995049 Y105.492538 Z33.670726 E0.23927
G1 X133.581921 Y105.633383 Z33.672973 E0.239244
G1 X134.164843 Y105.789526 Z33.67522 E0.239219
G1 X134.743416 Y105.960856 Z33.677467 E0.239193
G1 X135.317245 Y106.147254 Z33.679714 E0.239168
G1 X135.885937 Y106.348587 Z33.68196 E0.239142
G1 X136.449104 Y106.564716 Z33.684207 E0.239117
G1 X137.006361 Y106.795489 Z33.686454 E0.239092
G1 X137.557327 Y107.040746 Z33.688701 E0.239066
G1 X138.101625 Y107.300314 Z33.690948 E0.239041
G1 X138.638885 Y107.574012 Z33.693195 E0.239015
G1 X139.16874 Y107.86165 Z33.695442 E0.23899
G1 X139.690828 Y108.163028 Z33.697689 E0.238964
G1 X140.204793 Y108.477936 Z33.699936 E0.238939
G1 X140.710284 Y108.806155 Z33.702183 E0.238913
G1 X141.206958 Y109.147457 Z33.70443 E0.238888
G1 X141.694474 Y109.501607 Z33.706676 E0.238863
G1 X142.172501 Y109.868361 Z33.708923 E0.238837
G1 X142.640713 Y110.247461 Z33.71117 E0.238812
G1 X143.098791 Y110.638647 Z33.713417 E0.238786
G1 X143.546425 Y111.041647 Z33.715664 E0.238761
G1 X143.983309 Y111.456182 Z33.717911 E0.238735
G1 X144.409147 Y111.881966 Z33.720158 E0.23871
G1 X144.823648 Y112.318705 Z33.722405 E0.238684
G1 X145.226532 Y112.766098 Z33.724652 E0.238659
G1 X145.617524 Y113.223834 Z33.726899 E0.238633
G1 X145.996358 Y113.691601 Z33.729146 E0.238608
G1 X146.362777 Y114.169073 Z33.731392 E0.238582
G1 X146.716534 Y114.655921 Z33.733639 E0.238557
G1 X147.057389 Y115.15181 Z33.735886 E0.238531
G1 X147.385111 Y115.656398 Z33.738133 E0.238506
G1 X147.699478 Y116.169337 Z33.74038 E0.23848
G1 X148.000278 Y116.690273 Z33.742627 E0.238455
G1 X148.287307 Y117.218849 Z33.744874 E0.238429
G1 X148.560372 Y117.7547 Z33.747121 E0.238404
G1 X148.819286 Y118.297458 Z33.749368 E0.238378
G1 X149.063877 Y118.846749 Z33.751615 E0.238353
G1 X149.293981 Y119.402196 Z33.753861 E0.238327
G1 X149.509442 Y119.963415 Z33.756108 E0.238301
G1 X149.710117 Y120.530021 Z33.758355 E0.238276
G1 X149.895871 Y121.101625 Z33.760602 E0.23825
G1 X150.06658 Y121.677834 Z33.762849 E0.238225
G1 X150.22213 Y122.258252 Z33.765096 E0.238199
G1 X150.362418 Y122.842481 Z33.767343 E0.238174
G1 X150.487348 Y123.430119 Z33.76959 E0.238148
G1 X150.59684 Y124.020762 Z33.771837 E0.238123
G1 X150.690824 Y124.614006 Z33.774084 E0.238097
G1 X150.769237 Y125.209442 Z33.776331 E0.238071
G1 X150.832029 Y125.806663 Z33.778577 E0.238046
G1 X150.879162 Y126.405259 Z33.780824 E0.23802
G1 X150.910605 Y127.004819 Z33.783071 E0.237995
G1 X150.926341 Y127.604932 Z33.785318 E0.237969
G1 X150.926362 Y128.205187 Z33.787565 E0.237944
G1 X150.910671 Y128.805173 Z33.789812 E0.237918
G1 X150.879283 Y129.404477 Z33.792059 E0.237892
G1 X150.832223 Y130.00269 Z33.794306 E0.237867
G1 X150.769526 Y130.599403 Z33.796553 E0.237841
G1 X150.691239 Y131.194205 Z33.7988 E0.237816
G1 X150.597418 Y131.786691 Z33.801047 E0.23779
G1 X150.488131 Y132.376454 Z33.803293 E0.237765
G1 X150.363457 Y132.963091 Z33.80554 E0.237739
G1 X150.223483 Y133.5462 Z33.807787 E0.237713
G1 X150.068311 Y134.125383 Z33.810034 E0.237688
G1 X149.898048 Y134.700244 Z33.812281 E0.237662
G1 X149.712815 Y135.27039 Z33.814528 E0.237637
G1 X149.512742 Y135.83543 Z33.816775 E0.237611
G1 X149.29797 Y136.394979 Z33.819022 E0.237585
G1 X149.068648 Y136.948655 Z33.821269 E0.23756
G1 X148.824938 Y137.496079 Z33.823516 E0.237534
G1 X148.567008 Y138.036877 Z33.825763 E0.237509
G1 X148.29504 Y138.570681 Z33.828009 E0.237483
G1 X148.009222 Y139.097126 Z33.830256 E0.237458
G1 X147.709753 Y139.615852 Z33.832503 E0.237432
G1 X147.396842 Y140.126506 Z33.83475 E0.237406
G1 X147.070705 Y140.62874 Z33.836997 E0.237381
G1 X146.73157 Y141.122211 Z33.839244 E0.237355
G1 X146.37967 Y141.606584 Z33.841491 E0.23733
G1 X146.015252 Y142.081527 Z33.843738 E0.237304
G1 X145.638565 Y142.546718 Z33.845985 E0.237279
G1 X145.249873 Y143.001839 Z33.848232 E0.237253
G1 X144.849441 Y143.446581 Z33.850479 E0.237227
G1 X144.437549 Y143.88064 Z33.852725 E0.237202
G1 X144.01448 Y144.303723 Z33.854972 E0.237176
G1 X143.580528 Y144.715542 Z33.857219 E0.237151
G1 X143.135993 Y145.115816 Z33.859466 E0.237125
G1 X142.681181 Y145.504275 Z33.861713 E0.237099
G1 X142.216406 Y145.880653 Z33.86396 E0.237074
G1 X141.741989 Y146.244697 Z33.866207 E0.237048
G1 X141.258257 Y146.59616 Z33.868454 E0.237023
G1 X140.765543 Y146.934801 Z33.870701 E0.236997
G1 X140.264186 Y147.260392 Z33.872948 E0.236971
G1 X139.754534 Y147.572713 Z33.875194 E0.236946
G1 X139.236936 Y147.871554 Z33.877441 E0.23692
G1 X138.71175 Y148.156712 Z33.879688 E0.236894
G1 X138.179336 Y148.427994 Z33.881935 E0.236869
G1 X137.640062 Y148.685219 Z33.884182 E0.236843
G1 X137.094298 Y148.928213 Z33.886429 E0.236818
G1 X136.54242 Y149.156812 Z33.888676 E0.236792
G1 X135.984807 Y149.370861 Z33.890923 E0.236766
G1 X135.421842 Y149.570217 Z33.89317 E0.236741
G1 X134.853913 Y149.754748 Z33.895417 E0.236715
G1 X134.281411 Y149.924331 Z33.897664 E0.236689
G1 X133.704728 Y150.078851 Z33.89991 E0.236664
G1 X133.12426 Y150.218208 Z33.902157 E0.236638
G1 X132.540407 Y150.342309 Z33.904404 E0.236612
G1 X131.953568 Y150.451071 Z33.906651 E0.236587
G1 X131.364148 Y150.544424 Z33.908898 E0.236561
G1 X130.77255 Y150.622306 Z33.911145 E0.236535
G1 X130.17918 Y150.684666 Z33.913392 E0.23651
G1 X129.584446 Y150.731467 Z33.915639 E0.236484
G1 X128.988755 Y150.76268 Z33.917886 E0.236458
G1 X128.392516 Y150.778287 Z33.920133 E0.236433
G1 X127.796138 Y150.778281 Z33.92238 E0.236407
G1 X127.200029 Y150.762665 Z33.924626 E0.236381
G1 X126.604598 Y150.731452 Z33.926873 E0.236355
G1 X126.010252 Y150.684669 Z33.92912 E0.23633
G1 X125.417399 Y150.62235 Z33.931367 E0.236304
G1 X124.826446 Y150.544538 Z33.933614 E0.236278
G1 X124.237796 Y150.451294 Z33.935861 E0.236253
G1 X123.651852 Y150.342685 Z33.938108 E0.236227
G1 X123.069016 Y150.218788 Z33.940355 E0.236201
G1 X122.489686 Y150.079691 Z33.942602 E0.236176
G1 X121.914258 Y149.925493 Z33.944849 E0.23615
G1 X121.343126 Y149.756303 Z33.947096 E0.236124
G1 X120.77668 Y149.572241 Z33.949342 E0.236098
G1 X120.215309 Y149.373435 Z33.951589 E0.236073
G1 X119.659395 Y149.160023 Z33.953836 E0.236047
G1 X119.109318 Y148.932156 Z33.956083 E0.236021
G1 X118.565455 Y148.689995 Z33.95833 E0.235995
G1 X118.028175 Y148.433707 Z33.960577 E0.23597
G1 X117.497846 Y148.163472 Z33.962824 E0.235944
G1 X116.97483 Y147.879478 Z33.965071 E0.235918
G1 X116.459484 Y147.581923 Z33.967318 E0.235892
G1 X115.952159 Y147.271013 Z33.969565 E0.235867
G1 X115.453202 Y146.946964 Z33.971812 E0.235841
G1 X114.962953 Y146.61 Z33.974058 E0.235815
G1 X114.481745 Y146.260356 Z33.976305 E0.235789
G1 X114.009907 Y145.898275 Z33.978552 E0.235764
G1 X113.54776 Y145.524007 Z33.980799 E0.235738
G1 X113.095617 Y145.137812 Z33.983046 E0.235712
G1 X112.653788 Y144.739957 Z33.985293 E0.235686
G1 X112.222572 Y144.330717 Z33.98754 E0.23566
G1 X111.802262 Y143.910375 Z33.989787 E0.235635
G1 X111.393145 Y143.479222 Z33.992034 E0.235609
G1 X110.9955 Y143.037553 Z33.994281 E0.235583
G1 X110.609595 Y142.585676 Z33.996528 E0.235557
G1 X110.235693 Y142.123902 Z33.998774 E0.235531
G1 X109.874046 Y141.652551 Z34.001021 E0.235506
G1 X109.524901 Y141.171946 Z34.003268 E0.23548
G1 X109.188492 Y140.682421 Z34.005515 E0.235454
G1 X108.865049 Y140.184311 Z34.007762 E0.235428
G1 X108.554791 Y139.677961 Z34.010009 E0.235402
G1 X108.257925 Y139.163718 Z34.012256 E0.235377
G1 X107.974657 Y138.641937 Z34.014503 E0.235351
G1 X107.705174 Y138.112978 Z34.01675 E0.235325
G1 X107.449659 Y137.577204 Z34.018997 E0.235299
G1 X107.208283 Y137.034984 Z34.021243 E0.235273
G1 X106.981208 Y136.486692 Z34.02349 E0.235247
G1 X106.768587 Y135.932705 Z34.025737 E0.235222
G1 X106.570563 Y135.373403 Z34.027984 E0.235196
G1 X106.387268 Y134.809171 Z34.030231 E0.23517
G1 X106.218824 Y134.240396 Z34.032478 E0.235144
G1 X106.065344 Y133.66747 Z34.034725 E0.235118
G1 X105.92693 Y133.090786 Z34.036972 E0.235092
G1 X105.803673 Y132.51074 Z34.039219 E0.235067
G1 X105.695654 Y131.927731 Z34.041466 E0.235041
G1 X105.602943 Y131.342157 Z34.043713 E0.235015
G1 X105.525602 Y130.754423 Z34.045959 E0.234989
;WIDTH:1.200
; LINE_WIDTH: 1.200
;Z:34.567
;HEIGHT:0.521
G1 X105.463597 Y130.164938 Z34.048132 E0.232212
G1 X105.41705 Y129.574094 Z34.050304 E0.232187
G1 X105.385988 Y128.982297 Z34.052476 E0.232162
G1 X105.37043 Y128.389954 Z34.054648 E0.232138
G1 X105.370384 Y127.797468 Z34.05682 E0.232113
G1 X105.385846 Y127.205248 Z34.058992 E0.232088
G1 X105.416802 Y126.613698 Z34.061164 E0.232064
G1 X105.463228 Y126.023224 Z34.063337 E0.232039
G1 X105.525088 Y125.434231 Z34.065509 E0.232014
G1 X105.602337 Y124.847121 Z34.067681 E0.231989
G1 X105.694919 Y124.262297 Z34.069853 E0.231965
G1 X105.802766 Y123.680159 Z34.072025 E0.23194
G1 X105.925803 Y123.101104 Z34.074197 E0.231915
G1 X106.063941 Y122.525531 Z34.076369 E0.231891
G1 X106.217082 Y121.953832 Z34.078542 E0.231866
G1 X106.385118 Y121.386397 Z34.080714 E0.231841
G1 X106.567932 Y120.823616 Z34.082886 E0.231817
G1 X106.765393 Y120.265873 Z34.085058 E0.231792
G1 X106.977365 Y119.713549 Z34.08723 E0.231767
G1 X107.203699 Y119.167021 Z34.089402 E0.231743
G1 X107.444236 Y118.626663 Z34.091574 E0.231718
G1 X107.698808 Y118.092843 Z34.093747 E0.231693
G1 X107.967261 Y117.565938 Z34.095919 E0.231668
G1 X108.249386 Y117.046298 Z34.098091 E0.231644
G1 X108.544986 Y116.534277 Z34.100263 E0.231619
G1 X108.853854 Y116.030224 Z34.102435 E0.231594
G1 X109.175777 Y115.534482 Z34.104607 E0.231569
G1 X109.51053 Y115.047389 Z34.106779 E0.231544
G1 X109.857882 Y114.569278 Z34.108952 E0.231519
G1 X110.217592 Y114.100474 Z34.111124 E0.231494
G1 X110.589411 Y113.641297 Z34.113296 E0.231469
G1 X110.973092 Y113.192068 Z34.115468 E0.231444
G1 X111.368367 Y112.753093 Z34.11764 E0.231419
G1 X111.774954 Y112.324663 Z34.119812 E0.231393
G1 X112.192571 Y111.907068 Z34.121984 E0.231368
G1 X112.62093 Y111.500593 Z34.124156 E0.231343
G1 X113.059735 Y111.105513 Z34.126329 E0.231318
G1 X113.508682 Y110.722098 Z34.128501 E0.231292
G1 X113.967463 Y110.350607 Z34.130673 E0.231267
G1 X114.435759 Y109.991292 Z34.132845 E0.231242
G1 X114.913251 Y109.6444 Z34.135017 E0.231217
G1 X115.399621 Y109.310182 Z34.137189 E0.231191
G1 X115.894517 Y108.988846 Z34.139361 E0.231166
G1 X116.397601 Y108.680609 Z34.141534 E0.23114
G1 X116.908524 Y108.38568 Z34.143706 E0.231115
G1 X117.426936 Y108.104258 Z34.145878 E0.231089
G1 X117.952479 Y107.836533 Z34.14805 E0.231064
G1 X118.484791 Y107.582685 Z34.150222 E0.231038
G1 X119.023506 Y107.342884 Z34.152394 E0.231013
G1 X119.568254 Y107.117293 Z34.154566 E0.230987
G1 X120.118667 Y106.906082 Z34.156739 E0.230962
G1 X120.674361 Y106.70938 Z34.158911 E0.230936
G1 X121.234951 Y106.527312 Z34.161083 E0.23091
G1 X121.800051 Y106.36 Z34.163255 E0.230884
G1 X122.369274 Y106.207556 Z34.165427 E0.230858
G1 X122.942229 Y106.070079 Z34.167599 E0.230833
G1 X123.518521 Y105.947663 Z34.169771 E0.230807
G1 X124.097756 Y105.840386 Z34.171944 E0.230781
G1 X124.679536 Y105.748318 Z34.174116 E0.230755
G1 X125.263462 Y105.67153 Z34.176288 E0.230729
G1 X125.849134 Y105.610078 Z34.17846 E0.230703
G1 X126.436148 Y105.563984 Z34.180632 E0.230677
G1 X127.0241 Y105.533276 Z34.182804 E0.230651
G1 X127.612589 Y105.517972 Z34.184976 E0.230625
G1 X128.20121 Y105.518077 Z34.187149 E0.230599
G1 X128.78956 Y105.533589 Z34.189321 E0.230573
G1 X129.377235 Y105.564494 Z34.191493 E0.230547
G1 X129.963834 Y105.610768 Z34.193665 E0.230521
G1 X130.548955 Y105.672373 Z34.195837 E0.230495
G1 X131.132192 Y105.749292 Z34.198009 E0.230469
G1 X131.71315 Y105.841442 Z34.200181 E0.230442
G1 X132.29143 Y105.948757 Z34.202354 E0.230416
G1 X132.866637 Y106.071159 Z34.204526 E0.23039
G1 X133.438377 Y106.208561 Z34.206698 E0.230363
G1 X134.006259 Y106.360865 Z34.20887 E0.230337
G1 X134.569896 Y106.527963 Z34.211042 E0.23031
G1 X135.128901 Y106.709738 Z34.213214 E0.230284
G1 X135.682892 Y106.906061 Z34.215386 E0.230258
G1 X136.231487 Y107.116809 Z34.217558 E0.230231
G1 X136.774309 Y107.341831 Z34.219731 E0.230205
G1 X137.310992 Y107.580958 Z34.221903 E0.230178
G1 X137.841171 Y107.834023 Z34.224075 E0.230151
G1 X138.364483 Y108.100848 Z34.226247 E0.230125
G1 X138.88057 Y108.381249 Z34.228419 E0.230098
G1 X139.389082 Y108.675029 Z34.230591 E0.230072
G1 X139.889671 Y108.981985 Z34.232763 E0.230045
G1 X140.381997 Y109.301903 Z34.234936 E0.230018
G1 X140.86572 Y109.634564 Z34.237108 E0.229992
G1 X141.340501 Y109.979752 Z34.23928 E0.229965
G1 X141.806028 Y110.337208 Z34.241452 E0.229938
G1 X142.261986 Y110.706685 Z34.243624 E0.229911
G1 X142.708062 Y111.087927 Z34.245796 E0.229884
G1 X143.143955 Y111.480669 Z34.247968 E0.229857
G1 X143.569368 Y111.884639 Z34.250141 E0.22983
G1 X143.984012 Y112.299559 Z34.252313 E0.229803
G1 X144.387604 Y112.725142 Z34.254485 E0.229777
G1 X144.779872 Y113.161092 Z34.256657 E0.22975
G1 X145.160532 Y113.607122 Z34.258829 E0.229723
G1 X145.529338 Y114.062915 Z34.261001 E0.229695
G1 X145.886044 Y114.528151 Z34.263173 E0.229668
G1 X146.230407 Y115.002509 Z34.265346 E0.229641
G1 X146.562196 Y115.485661 Z34.267518 E0.229614
G1 X146.881186 Y115.977275 Z34.26969 E0.229587
G1 X147.187161 Y116.477012 Z34.271862 E0.229559
G1 X147.479915 Y116.984527 Z34.274034 E0.229532
G1 X147.75925 Y117.499471 Z34.276206 E0.229505
G1 X148.024977 Y118.021489 Z34.278378 E0.229478
G1 X148.276919 Y118.550221 Z34.280551 E0.229451
G1 X148.514905 Y119.085304 Z34.282723 E0.229424
G1 X148.738776 Y119.626369 Z34.284895 E0.229396
G1 X148.948381 Y120.173044 Z34.287067 E0.229369
G1 X149.143581 Y120.724954 Z34.289239 E0.229342
G1 X149.324245 Y121.281718 Z34.291411 E0.229315
G1 X149.490253 Y121.842954 Z34.293583 E0.229288
G1 X149.641495 Y122.408277 Z34.295756 E0.22926
G1 X149.777869 Y122.977297 Z34.297928 E0.229233
G1 X149.899287 Y123.549624 Z34.3001 E0.229206
G1 X150.005668 Y124.124866 Z34.302272 E0.229179
G1 X150.096944 Y124.702626 Z34.304444 E0.229152
G1 X150.173056 Y125.282509 Z34.306616 E0.229124
G1 X150.233954 Y125.864117 Z34.308788 E0.229097
G1 X150.2796 Y126.44705 Z34.31096 E0.22907
G1 X150.309968 Y127.030909 Z34.313133 E0.229043
G1 X150.32504 Y127.615294 Z34.315305 E0.229016
G1 X150.324809 Y128.199804 Z34.317477 E0.228988
G1 X150.309291 Y128.784038 Z34.319649 E0.228961
G1 X150.278498 Y129.367597 Z34.321821 E0.228934
G1 X150.232445 Y129.950082 Z34.323993 E0.228907
G1 X150.171166 Y130.531093 Z34.326165 E0.22888
G1 X150.094709 Y131.110233 Z34.328338 E0.228853
G1 X150.003128 Y131.687104 Z34.33051 E0.228826
G1 X149.89649 Y132.261313 Z34.332682 E0.228799
G1 X149.774871 Y132.832467 Z34.334854 E0.228772
G1 X149.638359 Y133.400174 Z34.337026 E0.228745
G1 X149.487054 Y133.964047 Z34.339198 E0.228719
G1 X149.321077 Y134.523706 Z34.34137 E0.228692
G1 X149.140527 Y135.078763 Z34.343543 E0.228665
G1 X148.945533 Y135.62884 Z34.345715 E0.228638
G1 X148.73623 Y136.173559 Z34.347887 E0.228611
G1 X148.512765 Y136.71255 Z34.350059 E0.228585
G1 X148.275295 Y137.245445 Z34.352231 E0.228558
G1 X148.023987 Y137.771878 Z34.354403 E0.228531
G1 X147.759014 Y138.291492 Z34.356575 E0.228504
G1 X147.480563 Y138.803931 Z34.358748 E0.228478
G1 X147.188843 Y139.308856 Z34.36092 E0.228451
G1 X146.884043 Y139.805915 Z34.363092 E0.228424
G1 X146.566374 Y140.294769 Z34.365264 E0.228398
G1 X146.236055 Y140.775083 Z34.367436 E0.228371
G1 X145.893315 Y141.246531 Z34.369608 E0.228345
G1 X145.538392 Y141.708792 Z34.37178 E0.228318
G1 X145.171534 Y142.161551 Z34.373953 E0.228292
G1 X144.792992 Y142.6045 Z34.376125 E0.228265
G1 X144.403031 Y143.037338 Z34.378297 E0.228239
G1 X144.001925 Y143.459776 Z34.380469 E0.228212
G1 X143.589955 Y143.871531 Z34.382641 E0.228186
G1 X143.167397 Y144.272315 Z34.384813 E0.22816
G1 X142.734542 Y144.661854 Z34.386985 E0.228133
G1 X142.291689 Y145.039886 Z34.389158 E0.228107
G1 X141.839144 Y145.406153 Z34.39133 E0.228081
G1 X141.37722 Y145.760408 Z34.393502 E0.228055
G1 X140.906234 Y146.102409 Z34.395674 E0.228028
G1 X140.426513 Y146.431926 Z34.397846 E0.228002
G1 X139.938386 Y146.748736 Z34.400018 E0.227976
G1 X139.442202 Y147.052643 Z34.40219 E0.227949
G1 X138.93829 Y147.343424 Z34.404362 E0.227923
G1 X138.426997 Y147.620882 Z34.406535 E0.227897
G1 X137.908676 Y147.884831 Z34.408707 E0.227871
G1 X137.383683 Y148.135093 Z34.410879 E0.227845
G1 X136.852379 Y148.371498 Z34.413051 E0.227819
G1 X136.315131 Y148.593889 Z34.415223 E0.227793
G1 X135.772307 Y148.802116 Z34.417395 E0.227767
G1 X135.22428 Y148.99604 Z34.419567 E0.227741
G1 X134.671433 Y149.175544 Z34.42174 E0.227715
G1 X134.114142 Y149.340503 Z34.423912 E0.227689
G1 X133.552787 Y149.490801 Z34.426084 E0.227663
G1 X132.987755 Y149.626337 Z34.428256 E0.227637
G1 X132.419432 Y149.747021 Z34.430428 E0.227612
G1 X131.84821 Y149.852775 Z34.4326 E0.227586
G1 X131.274481 Y149.943529 Z34.434772 E0.22756
G1 X130.698638 Y150.019225 Z34.436945 E0.227534
G1 X130.121076 Y150.079814 Z34.439117 E0.227508
G1 X129.542192 Y150.125263 Z34.441289 E0.227482
G1 X128.962383 Y150.155556 Z34.443461 E0.227457
G1 X128.382046 Y150.170659 Z34.445633 E0.227431
G1 X127.801577 Y150.170565 Z34.447805 E0.227405
G1 X127.221375 Y150.155278 Z34.449977 E0.22738
G1 X126.641837 Y150.124811 Z34.45215 E0.227354
G1 X126.063361 Y150.079189 Z34.454322 E0.227329
G1 X125.486342 Y150.018447 Z34.456494 E0.227303
G1 X124.911175 Y149.942629 Z34.458666 E0.227277
G1 X124.338256 Y149.851791 Z34.460838 E0.227252
G1 X123.767971 Y149.746016 Z34.46301 E0.227226
G1 X123.200713 Y149.625366 Z34.465182 E0.227201
G1 X122.636871 Y149.489923 Z34.467355 E0.227175
G1 X122.07683 Y149.339784 Z34.469527 E0.22715
G1 X121.520973 Y149.175054 Z34.471699 E0.227125
G1 X120.969681 Y148.995849 Z34.473871 E0.227099
G1 X120.42333 Y148.802296 Z34.476043 E0.227074
G1 X119.882294 Y148.594531 Z34.478215 E0.227048
G1 X119.346941 Y148.372699 Z34.480387 E0.227023
G1 X118.817634 Y148.136963 Z34.48256 E0.226998
G1 X118.294732 Y147.887492 Z34.484732 E0.226972
G1 X117.778598 Y147.624447 Z34.486904 E0.226947
G1 X117.269582 Y147.348012 Z34.489076 E0.226922
G1 X116.768033 Y147.058378 Z34.491248 E0.226897
G1 X116.274292 Y146.755749 Z34.49342 E0.226872
G1 X115.788696 Y146.440333 Z34.495592 E0.226847
G1 X115.311577 Y146.11235 Z34.497764 E0.226822
G1 X114.843258 Y145.772028 Z34.499937 E0.226796
G1 X114.38406 Y145.419601 Z34.502109 E0.226771
G1 X113.934295 Y145.055316 Z34.504281 E0.226746
G1 X113.494268 Y144.679423 Z34.506453 E0.226721
G1 X113.064281 Y144.292183 Z34.508625 E0.226696
G1 X112.644624 Y143.893864 Z34.510797 E0.226671
G1 X112.235583 Y143.484742 Z34.512969 E0.226645
G1 X111.837436 Y143.065099 Z34.515142 E0.22662
G1 X111.450454 Y142.635225 Z34.517314 E0.226595
G1 X111.074899 Y142.195416 Z34.519486 E0.22657
G1 X110.711026 Y141.745978 Z34.521658 E0.226545
G1 X110.359083 Y141.287219 Z34.52383 E0.22652
G1 X110.019307 Y140.819456 Z34.526002 E0.226494
G1 X109.691928 Y140.343012 Z34.528174 E0.226469
G1 X109.377169 Y139.858215 Z34.530347 E0.226444
G1 X109.075241 Y139.3654 Z34.532519 E0.226419
G1 X108.78635 Y138.864905 Z34.534691 E0.226394
G1 X108.510691 Y138.357076 Z34.536863 E0.226369
G1 X108.248448 Y137.842262 Z34.539035 E0.226343
G1 X107.9998 Y137.320818 Z34.541207 E0.226318
G1 X107.764913 Y136.793102 Z34.543379 E0.226293
G1 X107.543945 Y136.259478 Z34.545552 E0.226268
G1 X107.337045 Y135.720312 Z34.547724 E0.226243
G1 X107.144351 Y135.175975 Z34.549896 E0.226218
G1 X106.965992 Y134.626841 Z34.552068 E0.226193
G1 X106.802088 Y134.073289 Z34.55424 E0.226167
G1 X106.652747 Y133.515697 Z34.556412 E0.226142
G1 X106.518069 Y132.95445 Z34.558584 E0.226117
G1 X106.398142 Y132.389932 Z34.560757 E0.226092
G1 X106.293045 Y131.822532 Z34.562929 E0.226067
G1 X106.202871 Y131.252634 Z34.565101 E0.226042
G1 X106.127658 Y130.680636 Z34.567273 E0.226016
;WIDTH:1.200
; LINE_WIDTH: 1.200
;Z:35.071
;HEIGHT:0.504
G1 X106.067368 Y130.106937 Z34.569372 E0.223644
G1 X106.022122 Y129.531919 Z34.571471 E0.22362
G1 X105.991947 Y128.955976 Z34.57357 E0.223595
G1 X105.976861 Y128.379504 Z34.575669 E0.223571
G1 X105.97687 Y127.802896 Z34.577767 E0.223547
G1 X105.991972 Y127.22655 Z34.579866 E0.223522
G1 X106.022153 Y126.650859 Z34.581965 E0.223498
G1 X106.067393 Y126.076218 Z34.584064 E0.223474
G1 X106.127676 Y125.503023 Z34.586163 E0.223449
G1 X106.202934 Y124.931666 Z34.588262 E0.223425
G1 X106.293113 Y124.362537 Z34.590361 E0.2234
G1 X106.398148 Y123.796027 Z34.59246 E0.223376
G1 X106.517963 Y123.232522 Z34.594559 E0.223351
G1 X106.652474 Y122.672408 Z34.596658 E0.223326
G1 X106.801585 Y122.116069 Z34.598756 E0.223302
G1 X106.965189 Y121.563884 Z34.600855 E0.223277
G1 X107.143174 Y121.016232 Z34.602954 E0.223253
G1 X107.335423 Y120.473491 Z34.605053 E0.223228
G1 X107.541805 Y119.936033 Z34.607152 E0.223203
G1 X107.76216 Y119.404221 Z34.609251 E0.223178
G1 X107.996336 Y118.878418 Z34.61135 E0.223153
G1 X108.244167 Y118.358983 Z34.613449 E0.223129
G1 X108.505482 Y117.846271 Z34.615548 E0.223104
G1 X108.780099 Y117.340632 Z34.617646 E0.223079
G1 X109.067825 Y116.84241 Z34.619745 E0.223054
G1 X109.368462 Y116.351946 Z34.621844 E0.223029
G1 X109.6818 Y115.869573 Z34.623943 E0.223004
G1 X110.007637 Y115.395633 Z34.626042 E0.222979
G1 X110.345737 Y114.93044 Z34.628141 E0.222954
G1 X110.695859 Y114.474309 Z34.63024 E0.222929
G1 X111.057761 Y114.02755 Z34.632339 E0.222904
G1 X111.431191 Y113.590467 Z34.634438 E0.222879
G1 X111.815892 Y113.163357 Z34.636537 E0.222854
G1 X112.211597 Y112.746512 Z34.638635 E0.222829
G1 X112.618032 Y112.340213 Z34.640734 E0.222803
G1 X113.034917 Y111.944738 Z34.642833 E0.222778
G1 X113.461964 Y111.560355 Z34.644932 E0.222753
G1 X113.898894 Y111.187345 Z34.647031 E0.222728
G1 X114.345388 Y110.825941 Z34.64913 E0.222702
G1 X114.801137 Y110.47639 Z34.651229 E0.222677
G1 X115.265828 Y110.138927 Z34.653328 E0.222652
G1 X115.739139 Y109.813781 Z34.655427 E0.222626
G1 X116.220744 Y109.501172 Z34.657526 E0.222601
G1 X116.710312 Y109.201312 Z34.659624 E0.222575
G1 X117.207505 Y108.914403 Z34.661723 E0.22255
G1 X117.711981 Y108.640638 Z34.663822 E0.222525
G1 X118.223395 Y108.380211 Z34.665921 E0.222499
G1 X118.7414 Y108.133305 Z34.66802 E0.222474
G1 X119.26563 Y107.900071 Z34.670119 E0.222448
G1 X119.795725 Y107.680665 Z34.672218 E0.222422
G1 X120.33132 Y107.475234 Z34.674317 E0.222397
G1 X120.872047 Y107.283917 Z34.676416 E0.222371
G1 X121.417533 Y107.10684 Z34.678515 E0.222345
G1 X121.967405 Y106.944122 Z34.680613 E0.22232
G1 X122.521283 Y106.795872 Z34.682712 E0.222294
G1 X123.078788 Y106.662186 Z34.684811 E0.222268
G1 X123.63954 Y106.54317 Z34.68691 E0.222243
G1 X124.203152 Y106.438896 Z34.689009 E0.222217
G1 X124.769234 Y106.349423 Z34.691108 E0.222191
G1 X125.337399 Y106.274807 Z34.693207 E0.222165
G1 X125.907255 Y106.215097 Z34.695306 E0.222139
G1 X126.478412 Y106.17033 Z34.697405 E0.222113
G1 X127.050478 Y106.140534 Z34.699503 E0.222087
G1 X127.623062 Y106.125724 Z34.701602 E0.222061
G1 X128.19577 Y106.125909 Z34.703701 E0.222035
G1 X128.76821 Y106.141084 Z34.7058 E0.222009
G1 X129.339988 Y106.171257 Z34.707899 E0.221983
G1 X129.910713 Y106.216387 Z34.709998 E0.221957
G1 X130.479994 Y106.276434 Z34.712097 E0.221931
G1 X131.047441 Y106.351354 Z34.714196 E0.221905
G1 X131.612666 Y106.441092 Z34.716295 E0.221878
G1 X132.175281 Y106.545583 Z34.718394 E0.221852
G1 X132.734902 Y106.664752 Z34.720492 E0.221826
G1 X133.291146 Y106.798514 Z34.722591 E0.2218
G1 X133.843632 Y106.946773 Z34.72469 E0.221774
G1 X134.391982 Y107.109429 Z34.726789 E0.221747
G1 X134.935815 Y107.286384 Z34.728888 E0.221721
G1 X135.474764 Y107.477492 Z34.730987 E0.221695
G1 X136.008463 Y107.682618 Z34.733086 E0.221668
G1 X136.536546 Y107.901619 Z34.735185 E0.221642
G1 X137.058652 Y108.13434 Z34.737284 E0.221615
G1 X137.574426 Y108.38062 Z34.739383 E0.221589
G1 X138.083516 Y108.640286 Z34.741481 E0.221562
G1 X138.585573 Y108.913158 Z34.74358 E0.221536
G1 X139.080257 Y109.199044 Z34.745679 E0.221509
G1 X139.567228 Y109.497746 Z34.747778 E0.221483
G1 X140.046157 Y109.809056 Z34.749877 E0.221456
G1 X140.516715 Y110.132758 Z34.751976 E0.22143
G1 X140.978584 Y110.468627 Z34.754075 E0.221403
G1 X141.431448 Y110.816429 Z34.756174 E0.221377
G1 X141.874999 Y111.175925 Z34.758273 E0.22135
G1 X142.308935 Y111.546864 Z34.760372 E0.221324
G1 X142.732962 Y111.928989 Z34.76247 E0.221297
G1 X143.14679 Y112.322036 Z34.764569 E0.221271
G1 X143.55014 Y112.725734 Z34.766668 E0.221244
G1 X143.942737 Y113.139802 Z34.768767 E0.221218
G1 X144.324314 Y113.563955 Z34.770866 E0.221191
G1 X144.694613 Y113.997899 Z34.772965 E0.221165
G1 X145.053382 Y114.441334 Z34.775064 E0.221138
G1 X145.400379 Y114.893956 Z34.777163 E0.221112
G1 X145.735368 Y115.35545 Z34.779262 E0.221086
G1 X146.058123 Y115.825499 Z34.78136 E0.221059
G1 X146.368426 Y116.303779 Z34.783459 E0.221033
G1 X146.666066 Y116.789959 Z34.785558 E0.221006
G1 X146.950844 Y117.283706 Z34.787657 E0.22098
G1 X147.222564 Y117.784678 Z34.789756 E0.220953
G1 X147.481045 Y118.292532 Z34.791855 E0.220927
G1 X147.726115 Y118.806916 Z34.793954 E0.2209
G1 X147.957607 Y119.327476 Z34.796053 E0.220874
G1 X148.175367 Y119.853855 Z34.798152 E0.220847
G1 X148.379249 Y120.38569 Z34.800251 E0.220821
G1 X148.569115 Y120.922615 Z34.802349 E0.220794
G1 X148.744841 Y121.464262 Z34.804448 E0.220768
G1 X148.906307 Y122.010257 Z34.806547 E0.220741
G1 X149.053407 Y122.560226 Z34.808646 E0.220715
G1 X149.186043 Y123.113792 Z34.810745 E0.220688
G1 X149.304128 Y123.670573 Z34.812844 E0.220662
G1 X149.407584 Y124.230187 Z34.814943 E0.220635
G1 X149.496346 Y124.792249 Z34.817042 E0.220609
G1 X149.570354 Y125.356375 Z34.819141 E0.220582
G1 X149.629563 Y125.922177 Z34.82124 E0.220555
G1 X149.673935 Y126.489267 Z34.823338 E0.220529
G1 X149.703443 Y127.057255 Z34.825437 E0.220502
G1 X149.71807 Y127.625753 Z34.827536 E0.220476
G1 X149.71781 Y128.194371 Z34.829635 E0.220449
G1 X149.702665 Y128.762719 Z34.831734 E0.220423
G1 X149.672651 Y129.330406 Z34.833833 E0.220396
G1 X149.627792 Y129.897046 Z34.835932 E0.22037
G1 X149.568123 Y130.462249 Z34.838031 E0.220343
G1 X149.493687 Y131.025628 Z34.84013 E0.220317
G1 X149.40454 Y131.586798 Z34.842228 E0.22029
G1 X149.300746 Y132.145375 Z34.844327 E0.220263
G1 X149.18238 Y132.700976 Z34.846426 E0.220237
G1 X149.049525 Y133.253221 Z34.848525 E0.22021
G1 X148.902276 Y133.801733 Z34.850624 E0.220184
G1 X148.740738 Y134.346137 Z34.852723 E0.220157
G1 X148.565025 Y134.88606 Z34.854822 E0.220131
G1 X148.375261 Y135.421134 Z34.856921 E0.220104
G1 X148.17158 Y135.950993 Z34.85902 E0.220078
G1 X147.954125 Y136.475275 Z34.861119 E0.220051
G1 X147.723048 Y136.993622 Z34.863217 E0.220024
G1 X147.478511 Y137.505681 Z34.865316 E0.219998
G1 X147.220684 Y138.011102 Z34.867415 E0.219971
G1 X146.949747 Y138.50954 Z34.869514 E0.219945
G1 X146.665888 Y139.000655 Z34.871613 E0.219918
G1 X146.369305 Y139.484112 Z34.873712 E0.219891
G1 X146.060206 Y139.959582 Z34.875811 E0.219865
G1 X145.738806 Y140.426741 Z34.87791 E0.219838
G1 X145.405326 Y140.885271 Z34.880009 E0.219812
G1 X145.06 Y141.334859 Z34.882108 E0.219785
G1 X144.703066 Y141.775201 Z34.884206 E0.219758
G1 X144.334772 Y142.205996 Z34.886305 E0.219732
G1 X143.955372 Y142.626951 Z34.888404 E0.219705
G1 X143.56513 Y143.03778 Z34.890503 E0.219679
G1 X143.164315 Y143.438203 Z34.892602 E0.219652
G1 X142.753205 Y143.827949 Z34.894701 E0.219625
G1 X142.332084 Y144.206754 Z34.8968 E0.219599
G1 X141.901244 Y144.57436 Z34.898899 E0.219572
G1 X141.460981 Y144.93052 Z34.900998 E0.219546
G1 X141.011601 Y145.27499 Z34.903097 E0.219519
G1 X140.553412 Y145.607538 Z34.905195 E0.219492
G1 X140.086733 Y145.927939 Z34.907294 E0.219466
G1 X139.611883 Y146.235976 Z34.909393 E0.219439
G1 X139.12919 Y146.531441 Z34.911492 E0.219412
G1 X138.638987 Y146.814133 Z34.913591 E0.219386
G1 X138.141613 Y147.083863 Z34.91569 E0.219359
G1 X137.637409 Y147.34045 Z34.917789 E0.219332
G1 X137.126723 Y147.58372 Z34.919888 E0.219306
G1 X136.609907 Y147.813511 Z34.921987 E0.219279
G1 X136.087317 Y148.029668 Z34.924085 E0.219252
G1 X135.559311 Y148.232046 Z34.926184 E0.219226
G1 X135.026253 Y148.420509 Z34.928283 E0.219199
G1 X134.488509 Y148.594933 Z34.930382 E0.219173
G1 X133.94645 Y148.755199 Z34.932481 E0.219146
G1 X133.400447 Y148.901201 Z34.93458 E0.219119
G1 X132.850876 Y149.032845 Z34.936679 E0.219093
G1 X132.298114 Y149.150043 Z34.938778 E0.219066
G1 X131.742542 Y149.252719 Z34.940877 E0.219039
G1 X131.18454 Y149.340805 Z34.942976 E0.219013
G1 X130.624492 Y149.414245 Z34.945074 E0.218986
G1 X130.062782 Y149.472991 Z34.947173 E0.218959
G1 X129.499795 Y149.517009 Z34.949272 E0.218932
G1 X128.935917 Y149.546269 Z34.951371 E0.218906
G1 X128.371536 Y149.560755 Z34.95347 E0.218879
G1 X127.807037 Y149.560462 Z34.955569 E0.218852
G1 X127.242809 Y149.545393 Z34.957668 E0.218826
G1 X126.679237 Y149.515563 Z34.959767 E0.218799
G1 X126.116707 Y149.470996 Z34.961866 E0.218772
G1 X125.555606 Y149.411726 Z34.963965 E0.218746
G1 X124.996317 Y149.337797 Z34.966063 E0.218719
G1 X124.439222 Y149.249263 Z34.968162 E0.218692
G1 X123.884704 Y149.146189 Z34.970261 E0.218666
G1 X123.333142 Y149.028649 Z34.97236 E0.218639
G1 X122.784912 Y148.896726 Z34.974459 E0.218612
G1 X122.24039 Y148.750515 Z34.976558 E0.218585
G1 X121.699948 Y148.59012 Z34.978657 E0.218559
G1 X121.163956 Y148.415654 Z34.980756 E0.218532
G1 X120.632779 Y148.227239 Z34.982855 E0.218505
G1 X120.106781 Y148.025009 Z34.984954 E0.218479
G1 X119.586321 Y147.809105 Z34.987052 E0.218452
G1 X119.071753 Y147.579679 Z34.989151 E0.218425
G1 X118.56343 Y147.336891 Z34.99125 E0.218399
G1 X118.061699 Y147.080911 Z34.993349 E0.218372
G1 X117.5669 Y146.811917 Z34.995448 E0.218345
G1 X117.079372 Y146.530098 Z34.997547 E0.218318
G1 X116.599448 Y146.235649 Z34.999646 E0.218292
G1 X116.127453 Y145.928775 Z35.001745 E0.218265
G1 X115.66371 Y145.609689 Z35.003844 E0.218238
G1 X115.208535 Y145.278614 Z35.005942 E0.218212
G1 X114.762237 Y144.935779 Z35.008041 E0.218185
G1 X114.32512 Y144.581422 Z35.01014 E0.218158
G1 X113.897482 Y144.215787 Z35.012239 E0.218132
G1 X113.479634 Y143.839107 Z35.014338 E0.218105
G1 X113.071841 Y143.451666 Z35.016437 E0.218078
G1 X112.674378 Y143.053731 Z35.018536 E0.218051
G1 X112.287517 Y142.645579 Z35.020635 E0.218024
G1 X111.911519 Y142.227492 Z35.022734 E0.217997
G1 X111.54664 Y141.799758 Z35.024833 E0.21797
G1 X111.193126 Y141.362674 Z35.026931 E0.217943
G1 X110.851218 Y140.91654 Z35.02903 E0.217916
G1 X110.521147 Y140.461666 Z35.031129 E0.217889
G1 X110.203144 Y139.998358 Z35.033228 E0.217861
G1 X109.897435 Y139.526932 Z35.035327 E0.217834
G1 X109.604208 Y139.047725 Z35.037426 E0.217807
G1 X109.323661 Y138.561068 Z35.039525 E0.21778
G1 X109.055984 Y138.067295 Z35.041624 E0.217752
G1 X108.801356 Y137.566747 Z35.043723 E0.217725
G1 X108.559949 Y137.059768 Z35.045822 E0.217698
G1 X108.331924 Y136.546709 Z35.04792 E0.21767
G1 X108.117436 Y136.027921 Z35.050019 E0.217643
G1 X107.916626 Y135.503762 Z35.052118 E0.217616
G1 X107.729648 Y134.974587 Z35.054217 E0.217588
G1 X107.556621 Y134.440762 Z35.056316 E0.217561
G1 X107.397648 Y133.902659 Z35.058415 E0.217533
G1 X107.252833 Y133.360647 Z35.060514 E0.217505
G1 X107.122274 Y132.8151 Z35.062613 E0.217478
G1 X107.006055 Y132.266392 Z35.064712 E0.21745
G1 X106.904253 Y131.7149 Z35.066811 E0.217422
G1 X106.816933 Y131.161002 Z35.068909 E0.217395
G1 X106.744153 Y130.605079 Z35.071008 E0.217367
;WIDTH:1.200
; LINE_WIDTH: 1.200
;Z:35.552
;HEIGHT:0.481
G1 X106.685834 Y130.047525 Z35.073012 E0.221601
G1 X106.64216 Y129.4887 Z35.075015 E0.221574
G1 X106.613139 Y128.928993 Z35.077019 E0.221547
G1 X106.598782 Y128.368787 Z35.079022 E0.22152
G1 X106.599094 Y127.808465 Z35.081026 E0.221492
G1 X106.614073 Y127.248413 Z35.083029 E0.221465
G1 X106.643703 Y126.689013 Z35.085033 E0.221438
G1 X106.687961 Y126.13065 Z35.087037 E0.221411
G1 X106.746814 Y125.573705 Z35.08904 E0.221383
G1 X106.820217 Y125.01856 Z35.091044 E0.221356
G1 X106.908116 Y124.465594 Z35.093047 E0.221329
G1 X107.010466 Y123.915191 Z35.095051 E0.221302
G1 X107.127186 Y123.367726 Z35.097054 E0.221274
G1 X107.258181 Y122.823571 Z35.099058 E0.221247
G1 X107.403358 Y122.2831 Z35.101061 E0.221219
G1 X107.562613 Y121.746681 Z35.103065 E0.221192
G1 X107.735835 Y121.214681 Z35.105068 E0.221164
G1 X107.9229 Y120.687463 Z35.107072 E0.221136
G1 X108.123677 Y120.165388 Z35.109075 E0.221109
G1 X108.338025 Y119.648813 Z35.111079 E0.221081
G1 X108.565794 Y119.138089 Z35.113082 E0.221054
G1 X108.806837 Y118.633571 Z35.115086 E0.221026
G1 X109.060987 Y118.135606 Z35.117089 E0.220998
G1 X109.328052 Y117.644527 Z35.119093 E0.220971
G1 X109.607846 Y117.160669 Z35.121097 E0.220943
G1 X109.900172 Y116.68436 Z35.1231 E0.220915
G1 X110.204829 Y116.215927 Z35.125104 E0.220887
G1 X110.521604 Y115.755687 Z35.127107 E0.220859
G1 X110.850277 Y115.303954 Z35.129111 E0.220831
G1 X111.190619 Y114.861036 Z35.131114 E0.220803
G1 X111.542395 Y114.427233 Z35.133118 E0.220775
G1 X111.905367 Y114.002847 Z35.135121 E0.220748
G1 X112.279292 Y113.588176 Z35.137125 E0.22072
G1 X112.663896 Y113.183487 Z35.139128 E0.220691
G1 X113.05891 Y112.789054 Z35.141132 E0.220663
G1 X113.464064 Y112.405147 Z35.143135 E0.220635
G1 X113.879075 Y112.032025 Z35.145139 E0.220607
G1 X114.303657 Y111.669941 Z35.147142 E0.220579
G1 X114.737516 Y111.31914 Z35.149146 E0.22055
G1 X115.180353 Y110.97986 Z35.151149 E0.220522
G1 X115.631863 Y110.652331 Z35.153153 E0.220494
G1 X116.091734 Y110.336776 Z35.155157 E0.220466
G1 X116.559663 Y110.033429 Z35.15716 E0.220438
G1 X117.035311 Y109.742474 Z35.159164 E0.220409
G1 X117.51835 Y109.464105 Z35.161167 E0.220381
G1 X118.008448 Y109.198511 Z35.163171 E0.220352
G1 X118.505265 Y108.94587 Z35.165174 E0.220324
G1 X119.008461 Y108.706353 Z35.167178 E0.220295
G1 X119.517689 Y108.480119 Z35.169181 E0.220267
G1 X120.032597 Y108.267321 Z35.171185 E0.220238
G1 X120.552833 Y108.0681 Z35.173188 E0.22021
G1 X121.078037 Y107.88259 Z35.175192 E0.220181
G1 X121.607857 Y107.71094 Z35.177195 E0.220152
G1 X122.14192 Y107.553243 Z35.179199 E0.220124
G1 X122.679858 Y107.409598 Z35.181202 E0.220095
G1 X123.2213 Y107.280102 Z35.183206 E0.220066
G1 X123.765876 Y107.164839 Z35.18521 E0.220037
G1 X124.313211 Y107.063884 Z35.187213 E0.220008
G1 X124.862929 Y106.977303 Z35.189217 E0.21998
G1 X125.414652 Y106.905152 Z35.19122 E0.219951
G1 X125.968003 Y106.847476 Z35.193224 E0.219922
G1 X126.522602 Y106.80431 Z35.195227 E0.219893
G1 X127.078067 Y106.775681 Z35.197231 E0.219864
G1 X127.634019 Y106.761605 Z35.199234 E0.219836
G1 X128.190076 Y106.762086 Z35.201238 E0.219807
G1 X128.745857 Y106.777122 Z35.203241 E0.219778
G1 X129.300981 Y106.806698 Z35.205245 E0.219749
G1 X129.855068 Y106.85079 Z35.207248 E0.21972
G1 X130.407738 Y106.909363 Z35.209252 E0.219692
G1 X130.958613 Y106.982375 Z35.211255 E0.219663
G1 X131.507317 Y107.06977 Z35.213259 E0.219634
G1 X132.053473 Y107.171487 Z35.215262 E0.219605
G1 X132.59671 Y107.287436 Z35.217266 E0.219576
G1 X133.136659 Y107.417538 Z35.21927 E0.219548
G1 X133.672947 Y107.561711 Z35.221273 E0.219519
G1 X134.205208 Y107.719852 Z35.223277 E0.219491
G1 X134.733078 Y107.891851 Z35.22528 E0.219462
G1 X135.256197 Y108.077585 Z35.227284 E0.219434
G1 X135.774207 Y108.276923 Z35.229287 E0.219405
G1 X136.286755 Y108.489725 Z35.231291 E0.219376
G1 X136.79349 Y108.715842 Z35.233294 E0.219348
G1 X137.294068 Y108.955116 Z35.235298 E0.219319
G1 X137.78815 Y109.207371 Z35.237301 E0.219291
G1 X138.275404 Y109.472424 Z35.239305 E0.219262
G1 X138.755491 Y109.750105 Z35.241308 E0.219234
G1 X139.228084 Y110.040222 Z35.243312 E0.219206
G1 X139.69286 Y110.342571 Z35.245315 E0.219178
G1 X140.149503 Y110.656943 Z35.247319 E0.219149
G1 X140.597702 Y110.983119 Z35.249322 E0.219121
G1 X141.037153 Y111.320872 Z35.251326 E0.219093
G1 X141.467555 Y111.669969 Z35.25333 E0.219065
G1 X141.888618 Y112.030166 Z35.255333 E0.219036
G1 X142.300057 Y112.401211 Z35.257337 E0.219008
G1 X142.701605 Y112.782834 Z35.25934 E0.21898
G1 X143.092975 Y113.174788 Z35.261344 E0.218952
G1 X143.473902 Y113.576802 Z35.263347 E0.218924
G1 X143.844128 Y113.988596 Z35.265351 E0.218896
G1 X144.203401 Y114.409888 Z35.267354 E0.218868
G1 X144.551478 Y114.840384 Z35.269358 E0.21884
G1 X144.888123 Y115.279789 Z35.271361 E0.218812
G1 X145.213109 Y115.727799 Z35.273365 E0.218784
G1 X145.526215 Y116.184103 Z35.275368 E0.218756
G1 X145.827231 Y116.648389 Z35.277372 E0.218728
G1 X146.115974 Y117.120321 Z35.279375 E0.2187
G1 X146.39223 Y117.59959 Z35.281379 E0.218672
G1 X146.655811 Y118.085864 Z35.283382 E0.218644
G1 X146.906542 Y118.578809 Z35.285386 E0.218617
G1 X147.144251 Y119.078085 Z35.28739 E0.218589
G1 X147.368782 Y119.583349 Z35.289393 E0.218561
G1 X147.579981 Y120.094252 Z35.291397 E0.218533
G1 X147.77771 Y120.610443 Z35.2934 E0.218506
G1 X147.961834 Y121.131567 Z35.295404 E0.218478
G1 X148.132232 Y121.657266 Z35.297407 E0.21845
G1 X148.288809 Y122.187173 Z35.299411 E0.218423
G1 X148.431449 Y122.720928 Z35.301414 E0.218395
G1 X148.560052 Y123.258166 Z35.303418 E0.218368
G1 X148.674532 Y123.798519 Z35.305421 E0.21834
G1 X148.774815 Y124.341615 Z35.307425 E0.218313
G1 X148.860837 Y124.887082 Z35.309428 E0.218285
G1 X148.93254 Y125.434545 Z35.311432 E0.218258
G1 X148.989881 Y125.983628 Z35.313435 E0.21823
G1 X149.032823 Y126.533954 Z35.315439 E0.218203
G1 X149.061341 Y127.085147 Z35.317442 E0.218175
G1 X149.075433 Y127.636827 Z35.319446 E0.218148
G1 X149.07509 Y128.188619 Z35.32145 E0.218121
G1 X149.060304 Y128.740143 Z35.323453 E0.218093
G1 X149.031089 Y129.291023 Z35.325457 E0.218066
G1 X148.987469 Y129.840881 Z35.32746 E0.218039
G1 X148.929478 Y130.38934 Z35.329464 E0.218012
G1 X148.857157 Y130.936025 Z35.331467 E0.217985
G1 X148.770562 Y131.480561 Z35.333471 E0.217957
G1 X148.669754 Y132.022576 Z35.335474 E0.21793
G1 X148.554807 Y132.561699 Z35.337478 E0.217903
G1 X148.425812 Y133.097565 Z35.339481 E0.217876
G1 X148.282867 Y133.629807 Z35.341485 E0.217849
G1 X148.126057 Y134.15806 Z35.343488 E0.217822
G1 X147.955494 Y134.681963 Z35.345492 E0.217795
G1 X147.771297 Y135.201156 Z35.347495 E0.217768
G1 X147.573597 Y135.715287 Z35.349499 E0.217741
G1 X147.362531 Y136.224002 Z35.351502 E0.217714
G1 X147.13825 Y136.726957 Z35.353506 E0.217687
G1 X146.900908 Y137.223806 Z35.35551 E0.21766
G1 X146.650672 Y137.714211 Z35.357513 E0.217633
G1 X146.387722 Y138.197841 Z35.359517 E0.217607
G1 X146.112253 Y138.674373 Z35.36152 E0.21758
G1 X145.82444 Y139.143473 Z35.363524 E0.217553
G1 X145.524482 Y139.604821 Z35.365527 E0.217526
G1 X145.212588 Y140.058104 Z35.367531 E0.2175
G1 X144.888975 Y140.503012 Z35.369534 E0.217473
G1 X144.553867 Y140.939243 Z35.371538 E0.217446
G1 X144.207497 Y141.3665 Z35.373541 E0.21742
G1 X143.850105 Y141.784492 Z35.375545 E0.217393
G1 X143.481939 Y142.192935 Z35.377548 E0.217366
G1 X143.103254 Y142.591552 Z35.379552 E0.21734
G1 X142.714329 Y142.98009 Z35.381555 E0.217313
G1 X142.315415 Y143.358267 Z35.383559 E0.217287
G1 X141.906788 Y143.725828 Z35.385562 E0.21726
G1 X141.488729 Y144.082522 Z35.387566 E0.217234
G1 X141.061528 Y144.428109 Z35.38957 E0.217208
G1 X140.625481 Y144.762353 Z35.391573 E0.217181
G1 X140.180886 Y145.085029 Z35.393577 E0.217155
G1 X139.728053 Y145.395919 Z35.39558 E0.217129
G1 X139.267292 Y145.694811 Z35.397584 E0.217102
G1 X138.798922 Y145.981505 Z35.399587 E0.217076
G1 X138.323265 Y146.255806 Z35.401591 E0.217049
G1 X137.84065 Y146.51753 Z35.403594 E0.217023
G1 X137.351408 Y146.7665 Z35.405598 E0.216997
G1 X136.855877 Y147.002549 Z35.407601 E0.21697
G1 X136.354397 Y147.225518 Z35.409605 E0.216944
G1 X135.847314 Y147.435258 Z35.411608 E0.216917
G1 X135.334976 Y147.631628 Z35.413612 E0.216891
G1 X134.817737 Y147.814497 Z35.415615 E0.216865
G1 X134.295951 Y147.983742 Z35.417619 E0.216838
G1 X133.769978 Y148.139252 Z35.419622 E0.216812
G1 X133.240179 Y148.280922 Z35.421626 E0.216785
G1 X132.706918 Y148.408659 Z35.42363 E0.216759
G1 X132.17056 Y148.522379 Z35.425633 E0.216733
G1 X131.631476 Y148.622008 Z35.427637 E0.216706
G1 X131.090034 Y148.70748 Z35.42964 E0.21668
G1 X130.546606 Y148.77874 Z35.431644 E0.216654
G1 X130.001565 Y148.835744 Z35.433647 E0.216627
G1 X129.455286 Y148.878455 Z35.435651 E0.216601
G1 X128.908142 Y148.906848 Z35.437654 E0.216574
G1 X128.36051 Y148.920906 Z35.439658 E0.216548
G1 X127.812764 Y148.920609 Z35.441661 E0.216522
G1 X127.265281 Y148.905959 Z35.443665 E0.216495
G1 X126.718437 Y148.876987 Z35.445668 E0.216468
G1 X126.172605 Y148.833715 Z35.447672 E0.216442
G1 X125.628161 Y148.776176 Z35.449675 E0.216415
G1 X125.085477 Y148.704413 Z35.451679 E0.216388
G1 X124.544924 Y148.61848 Z35.453683 E0.216361
G1 X124.006872 Y148.518438 Z35.455686 E0.216335
G1 X123.471689 Y148.40436 Z35.45769 E0.216308
G1 X122.939742 Y148.276326 Z35.459693 E0.216281
G1 X122.411396 Y148.13442 Z35.461697 E0.216255
G1 X121.887018 Y147.978731 Z35.4637 E0.216228
G1 X121.366959 Y147.80939 Z35.465704 E0.216201
G1 X120.851577 Y147.626515 Z35.467707 E0.216174
G1 X120.341222 Y147.430236 Z35.469711 E0.216147
G1 X119.836243 Y147.220691 Z35.471714 E0.21612
G1 X119.336984 Y146.998027 Z35.473718 E0.216093
G1 X118.843788 Y146.762398 Z35.475721 E0.216066
G1 X118.356989 Y146.513971 Z35.477725 E0.216039
G1 X117.876921 Y146.252919 Z35.479728 E0.216012
G1 X117.403912 Y145.97942 Z35.481732 E0.215984
G1 X116.938297 Y145.693646 Z35.483735 E0.215957
G1 X116.48038 Y145.395818 Z35.485739 E0.21593
G1 X116.030474 Y145.086145 Z35.487743 E0.215903
G1 X115.588885 Y144.764841 Z35.489746 E0.215875
G1 X115.155912 Y144.43213 Z35.49175 E0.215848
G1 X114.731851 Y144.088242 Z35.493753 E0.215821
G1 X114.316991 Y143.733416 Z35.495757 E0.215793
G1 X113.911612 Y143.367897 Z35.49776 E0.215766
G1 X113.51599 Y142.99194 Z35.499764 E0.215739
G1 X113.130395 Y142.605804 Z35.501767 E0.215711
G1 X112.755109 Y142.209738 Z35.503771 E0.215684
G1 X112.390367 Y141.804033 Z35.505774 E0.215656
G1 X112.036416 Y141.388973 Z35.507778 E0.215629
G1 X111.693496 Y140.964844 Z35.509781 E0.215601
G1 X111.361838 Y140.531939 Z35.511785 E0.215573
G1 X111.041667 Y140.090557 Z35.513788 E0.215546
G1 X110.733201 Y139.641003 Z35.515792 E0.215518
G1 X110.436646 Y139.183586 Z35.517795 E0.21549
G1 X110.152203 Y138.718623 Z35.519799 E0.215463
G1 X109.880064 Y138.246434 Z35.521803 E0.215435
G1 X109.620433 Y137.767333 Z35.523806 E0.215407
G1 X109.373472 Y137.28166 Z35.52581 E0.215379
G1 X109.139339 Y136.789752 Z35.527813 E0.215351
G1 X108.918192 Y136.291948 Z35.529817 E0.215323
G1 X108.710179 Y135.788591 Z35.53182 E0.215295
G1 X108.51544 Y135.280027 Z35.533824 E0.215267
G1 X108.334104 Y134.766607 Z35.535827 E0.215239
G1 X108.166291 Y134.248683 Z35.537831 E0.215212
G1 X108.012115 Y133.726611 Z35.539834 E0.215184
G1 X107.871676 Y133.200751 Z35.541838 E0.215156
G1 X107.745084 Y132.671459 Z35.543841 E0.215128
G1 X107.632419 Y132.139102 Z35.545845 E0.215099
G1 X107.533742 Y131.604049 Z35.547848 E0.215071
G1 X107.449115 Y131.066666 Z35.549852 E0.215043
G1 X107.378595 Y130.527323 Z35.551855 E0.215014
;WIDTH:1.200
; LINE_WIDTH: 1.200
;Z:36.014
;HEIGHT:0.462
G1 X107.322117 Y129.986401 Z35.55378 E0.210883
G1 X107.279823 Y129.444254 Z35.555704 E0.210856
G1 X107.25174 Y128.901254 Z35.557628 E0.21083
G1 X107.237883 Y128.357774 Z35.559552 E0.210803
G1 X107.238257 Y127.814186 Z35.561476 E0.210776
G1 X107.252864 Y127.270863 Z35.563401 E0.21075
G1 X107.281709 Y126.728178 Z35.565325 E0.210723
G1 X107.324746 Y126.186504 Z35.567249 E0.210696
G1 X107.38194 Y125.646212 Z35.569173 E0.210669
G1 X107.453249 Y125.107671 Z35.571097 E0.210642
G1 X107.53862 Y124.571249 Z35.573021 E0.210615
G1 X107.637991 Y124.037315 Z35.574946 E0.210588
G1 X107.751291 Y123.506233 Z35.57687 E0.210561
G1 X107.878439 Y122.978366 Z35.578794 E0.210534
G1 X108.019343 Y122.454075 Z35.580718 E0.210507
G1 X108.173903 Y121.93372 Z35.582642 E0.21048
G1 X108.342026 Y121.41766 Z35.584567 E0.210453
G1 X108.52359 Y120.906248 Z35.586491 E0.210426
G1 X108.718454 Y120.39983 Z35.588415 E0.210399
G1 X108.92648 Y119.898752 Z35.590339 E0.210372
G1 X109.147524 Y119.403355 Z35.592263 E0.210344
G1 X109.38143 Y118.913978 Z35.594188 E0.210317
G1 X109.628035 Y118.430954 Z35.596112 E0.21029
G1 X109.887166 Y117.954612 Z35.598036 E0.210263
G1 X110.158643 Y117.485279 Z35.59996 E0.210235
G1 X110.442276 Y117.023272 Z35.601884 E0.210208
G1 X110.737867 Y116.568908 Z35.603808 E0.210181
G1 X111.045234 Y116.122511 Z35.605733 E0.210154
G1 X111.364141 Y115.684371 Z35.607657 E0.210126
G1 X111.694365 Y115.254786 Z35.609581 E0.210099
G1 X112.035677 Y114.834048 Z35.611505 E0.210071
G1 X112.387839 Y114.422443 Z35.613429 E0.210043
G1 X112.750608 Y114.02025 Z35.615354 E0.210016
G1 X113.123732 Y113.627744 Z35.617278 E0.209988
G1 X113.506953 Y113.245189 Z35.619202 E0.209961
G1 X113.900005 Y112.872846 Z35.621126 E0.209933
G1 X114.302617 Y112.510967 Z35.62305 E0.209906
G1 X114.71451 Y112.159798 Z35.624974 E0.209878
G1 X115.135399 Y111.819576 Z35.626899 E0.209851
G1 X115.564994 Y111.490532 Z35.628823 E0.209823
G1 X116.002997 Y111.172888 Z35.630747 E0.209796
G1 X116.449108 Y110.866859 Z35.632671 E0.209768
G1 X116.903016 Y110.572652 Z35.634595 E0.209741
G1 X117.364411 Y110.290464 Z35.63652 E0.209713
G1 X117.832972 Y110.020487 Z35.638444 E0.209685
G1 X118.308378 Y109.762903 Z35.640368 E0.209658
G1 X118.790301 Y109.517883 Z35.642292 E0.20963
G1 X119.278409 Y109.285594 Z35.644216 E0.209603
G1 X119.772365 Y109.066192 Z35.64614 E0.209575
G1 X120.27183 Y108.859823 Z35.648065 E0.209548
G1 X120.77646 Y108.666626 Z35.649989 E0.20952
G1 X121.285908 Y108.486728 Z35.651913 E0.209493
G1 X121.799822 Y108.32025 Z35.653837 E0.209465
G1 X122.317851 Y108.167302 Z35.655761 E0.209437
G1 X122.839637 Y108.027986 Z35.657686 E0.20941
G1 X123.364821 Y107.902393 Z35.65961 E0.209382
G1 X123.893045 Y107.790606 Z35.661534 E0.209355
G1 X124.423943 Y107.692698 Z35.663458 E0.209327
G1 X124.957152 Y107.608732 Z35.665382 E0.2093
G1 X125.492307 Y107.538764 Z35.667307 E0.209272
G1 X126.029039 Y107.482836 Z35.669231 E0.209245
G1 X126.56698 Y107.440984 Z35.671155 E0.209217
G1 X127.105761 Y107.413232 Z35.673079 E0.209189
G1 X127.645013 Y107.399595 Z35.675003 E0.209162
G1 X128.184366 Y107.400078 Z35.676927 E0.209134
G1 X128.723451 Y107.414679 Z35.678852 E0.209107
G1 X129.261897 Y107.443383 Z35.680776 E0.209079
G1 X129.799337 Y107.486167 Z35.6827 E0.209051
G1 X130.335402 Y107.542997 Z35.684624 E0.209024
G1 X130.869724 Y107.613833 Z35.686548 E0.208996
G1 X131.401939 Y107.698621 Z35.688473 E0.208969
G1 X131.931682 Y107.797299 Z35.690397 E0.208941
G1 X132.458591 Y107.909796 Z35.692321 E0.208914
G1 X132.982305 Y108.036031 Z35.694245 E0.208886
G1 X133.502466 Y108.175914 Z35.696169 E0.208858
G1 X134.018719 Y108.329345 Z35.698093 E0.208831
G1 X134.530711 Y108.496216 Z35.700018 E0.208803
G1 X135.038092 Y108.676408 Z35.701942 E0.208775
G1 X135.540515 Y108.869796 Z35.703866 E0.208748
G1 X136.037639 Y109.076242 Z35.70579 E0.20872
G1 X136.529122 Y109.295603 Z35.707714 E0.208693
G1 X137.01463 Y109.527724 Z35.709639 E0.208665
G1 X137.493831 Y109.772443 Z35.711563 E0.208637
G1 X137.9664 Y110.029589 Z35.713487 E0.20861
G1 X138.432014 Y110.298981 Z35.715411 E0.208582
G1 X138.890355 Y110.580432 Z35.717335 E0.208555
G1 X139.341112 Y110.873747 Z35.719259 E0.208527
G1 X139.783977 Y111.17872 Z35.721184 E0.208499
G1 X140.21865 Y111.49514 Z35.723108 E0.208472
G1 X140.644834 Y111.822787 Z35.725032 E0.208444
G1 X141.062239 Y112.161433 Z35.726956 E0.208416
G1 X141.470581 Y112.510845 Z35.72888 E0.208389
G1 X141.869584 Y112.870779 Z35.730805 E0.208361
G1 X142.258976 Y113.240985 Z35.732729 E0.208334
G1 X142.638493 Y113.621207 Z35.734653 E0.208306
G1 X143.007877 Y114.011183 Z35.736577 E0.208278
G1 X143.366879 Y114.410641 Z35.738501 E0.208251
G1 X143.715255 Y114.819305 Z35.740426 E0.208223
G1 X144.052768 Y115.236894 Z35.74235 E0.208195
G1 X144.379191 Y115.663119 Z35.744274 E0.208168
G1 X144.694303 Y116.097684 Z35.746198 E0.20814
G1 X144.99789 Y116.540292 Z35.748122 E0.208112
G1 X145.289746 Y116.990636 Z35.750046 E0.208085
G1 X145.569677 Y117.448404 Z35.751971 E0.208057
G1 X145.837492 Y117.913282 Z35.753895 E0.208029
G1 X146.093013 Y118.384948 Z35.755819 E0.208002
G1 X146.336066 Y118.863078 Z35.757743 E0.207974
G1 X146.56649 Y119.347343 Z35.759667 E0.207946
G1 X146.784128 Y119.837408 Z35.761592 E0.207919
G1 X146.988836 Y120.332937 Z35.763516 E0.207891
G1 X147.180476 Y120.833588 Z35.76544 E0.207863
G1 X147.358921 Y121.339016 Z35.767364 E0.207836
G1 X147.524051 Y121.848876 Z35.769288 E0.207808
G1 X147.675756 Y122.362815 Z35.771212 E0.20778
G1 X147.813937 Y122.88048 Z35.773137 E0.207753
G1 X147.938504 Y123.401516 Z35.775061 E0.207725
G1 X148.049373 Y123.925564 Z35.776985 E0.207697
G1 X148.146473 Y124.452265 Z35.778909 E0.20767
G1 X148.229741 Y124.981256 Z35.780833 E0.207642
G1 X148.299123 Y125.512175 Z35.782758 E0.207614
G1 X148.354576 Y126.044658 Z35.784682 E0.207587
G1 X148.396065 Y126.578338 Z35.786606 E0.207559
G1 X148.423565 Y127.11285 Z35.78853 E0.207531
G1 X148.43706 Y127.647828 Z35.790454 E0.207504
G1 X148.436547 Y128.182904 Z35.792378 E0.207476
G1 X148.422028 Y128.717712 Z35.794303 E0.207448
G1 X148.393518 Y129.251885 Z35.796227 E0.20742
G1 X148.351041 Y129.785058 Z35.798151 E0.207393
G1 X148.294628 Y130.316865 Z35.800075 E0.207365
G1 X148.224322 Y130.846942 Z35.801999 E0.207337
G1 X148.140176 Y131.374926 Z35.803924 E0.20731
G1 X148.04225 Y131.900457 Z35.805848 E0.207282
G1 X147.930616 Y132.423174 Z35.807772 E0.207254
G1 X147.805351 Y132.942719 Z35.809696 E0.207227
G1 X147.666547 Y133.458739 Z35.81162 E0.207199
G1 X147.514303 Y133.970879 Z35.813545 E0.207171
G1 X147.348727 Y134.478791 Z35.815469 E0.207143
G1 X147.169935 Y134.982127 Z35.817393 E0.207116
G1 X146.978054 Y135.480543 Z35.819317 E0.207088
G1 X146.773219 Y135.973699 Z35.821241 E0.20706
G1 X146.555574 Y136.461259 Z35.823165 E0.207032
G1 X146.325271 Y136.94289 Z35.82509 E0.207005
G1 X146.082471 Y137.418264 Z35.827014 E0.206977
G1 X145.827345 Y137.887055 Z35.828938 E0.206949
G1 X145.56007 Y138.348946 Z35.830862 E0.206922
G1 X145.280833 Y138.803621 Z35.832786 E0.206894
G1 X144.989828 Y139.25077 Z35.834711 E0.206866
G1 X144.687258 Y139.69009 Z35.836635 E0.206838
G1 X144.373334 Y140.12128 Z35.838559 E0.206811
G1 X144.048273 Y140.544048 Z35.840483 E0.206783
G1 X143.712302 Y140.958107 Z35.842407 E0.206755
G1 X143.365653 Y141.363174 Z35.844331 E0.206727
G1 X143.008567 Y141.758975 Z35.846256 E0.2067
G1 X142.641292 Y142.145241 Z35.84818 E0.206672
G1 X142.26408 Y142.521709 Z35.850104 E0.206644
G1 X141.877195 Y142.888123 Z35.852028 E0.206617
G1 X141.480903 Y143.244237 Z35.853952 E0.206589
G1 X141.07548 Y143.589808 Z35.855877 E0.206561
G1 X140.661204 Y143.924602 Z35.857801 E0.206533
G1 X140.238364 Y144.248394 Z35.859725 E0.206506
G1 X139.80725 Y144.560963 Z35.861649 E0.206478
G1 X139.368161 Y144.8621 Z35.863573 E0.20645
G1 X138.921399 Y145.1516 Z35.865497 E0.206422
G1 X138.467272 Y145.429268 Z35.867422 E0.206395
G1 X138.006095 Y145.694918 Z35.869346 E0.206367
G1 X137.538184 Y145.948368 Z35.87127 E0.206339
G1 X137.063862 Y146.18945 Z35.873194 E0.206311
G1 X136.583456 Y146.418002 Z35.875118 E0.206284
G1 X136.097298 Y146.633871 Z35.877043 E0.206256
G1 X135.605721 Y146.836912 Z35.878967 E0.206228
G1 X135.109065 Y147.026989 Z35.880891 E0.2062
G1 X134.60767 Y147.203977 Z35.882815 E0.206173
G1 X134.101883 Y147.367756 Z35.884739 E0.206145
G1 X133.59205 Y147.518218 Z35.886664 E0.206117
G1 X133.078522 Y147.655265 Z35.888588 E0.206089
G1 X132.561652 Y147.778803 Z35.890512 E0.206061
G1 X132.041795 Y147.888754 Z35.892436 E0.206034
G1 X131.519308 Y147.985045 Z35.89436 E0.206006
G1 X130.994551 Y148.067614 Z35.896284 E0.205978
G1 X130.467883 Y148.136409 Z35.898209 E0.20595
G1 X129.939666 Y148.191386 Z35.900133 E0.205923
G1 X129.410262 Y148.232511 Z35.902057 E0.205895
G1 X128.880034 Y148.25976 Z35.903981 E0.205867
G1 X128.349347 Y148.273117 Z35.905905 E0.205839
G1 X127.818564 Y148.272578 Z35.90783 E0.205811
G1 X127.288048 Y148.258146 Z35.909754 E0.205784
G1 X126.758163 Y148.229834 Z35.911678 E0.205756
G1 X126.229272 Y148.187666 Z35.913602 E0.205728
G1 X125.701738 Y148.131675 Z35.915526 E0.2057
G1 X125.175922 Y148.061902 Z35.91745 E0.205672
G1 X124.652183 Y147.978401 Z35.919375 E0.205645
G1 X124.13088 Y147.88123 Z35.921299 E0.205617
G1 X123.612369 Y147.770462 Z35.923223 E0.205589
G1 X123.097005 Y147.646175 Z35.925147 E0.205561
G1 X122.585141 Y147.508458 Z35.927071 E0.205533
G1 X122.077126 Y147.35741 Z35.928996 E0.205506
G1 X121.573308 Y147.193136 Z35.93092 E0.205478
G1 X121.07403 Y147.015752 Z35.932844 E0.20545
G1 X120.579634 Y146.825385 Z35.934768 E0.205422
G1 X120.090457 Y146.622169 Z35.936692 E0.205394
G1 X119.606833 Y146.406246 Z35.938616 E0.205367
G1 X119.129092 Y146.177768 Z35.940541 E0.205339
G1 X118.65756 Y145.936895 Z35.942465 E0.205311
G1 X118.192557 Y145.683795 Z35.944389 E0.205283
G1 X117.734402 Y145.418645 Z35.946313 E0.205255
G1 X117.283406 Y145.14163 Z35.948237 E0.205227
G1 X116.839876 Y144.852943 Z35.950162 E0.2052
G1 X116.404115 Y144.552784 Z35.952086 E0.205172
G1 X115.976419 Y144.241363 Z35.95401 E0.205144
G1 X115.557079 Y143.918896 Z35.955934 E0.205116
G1 X115.146379 Y143.585607 Z35.957858 E0.205088
G1 X114.7446 Y143.241728 Z35.959783 E0.20506
G1 X114.352014 Y142.887498 Z35.961707 E0.205033
G1 X113.968887 Y142.523161 Z35.963631 E0.205005
G1 X113.59548 Y142.148971 Z35.965555 E0.204977
G1 X113.232046 Y141.765186 Z35.967479 E0.204949
G1 X112.87883 Y141.372072 Z35.969403 E0.204921
G1 X112.536073 Y140.969901 Z35.971328 E0.204893
G1 X112.204008 Y140.55895 Z35.973252 E0.204866
G1 X111.882859 Y140.139504 Z35.975176 E0.204838
G1 X111.572841 Y139.711853 Z35.9771 E0.20481
G1 X111.274165 Y139.276293 Z35.979024 E0.204782
G1 X110.987033 Y138.833123 Z35.980949 E0.204754
G1 X110.711638 Y138.38265 Z35.982873 E0.204726
G1 X110.448165 Y137.925185 Z35.984797 E0.204698
G1 X110.196792 Y137.461042 Z35.986721 E0.204671
G1 X109.957688 Y136.990543 Z35.988645 E0.204643
G1 X109.731014 Y136.51401 Z35.990569 E0.204615
G1 X109.516921 Y136.031772 Z35.992494 E0.204587
G1 X109.315555 Y135.54416 Z35.994418 E0.204559
G1 X109.127047 Y135.051512 Z35.996342 E0.204531
G1 X108.951524 Y134.554166 Z35.998266 E0.204503
G1 X108.789103 Y134.052464 Z36.00019 E0.204475
G1 X108.639892 Y133.546751 Z36.002115 E0.204448
G1 X108.503988 Y133.037374 Z36.004039 E0.20442
G1 X108.381482 Y132.524685 Z36.005963 E0.204392
G1 X108.272454 Y132.009034 Z36.007887 E0.204364
G1 X108.176975 Y131.490777 Z36.009811 E0.204336
G1 X108.095106 Y130.970269 Z36.011735 E0.204308
G1 X108.026902 Y130.447868 Z36.01366 E0.20428
;WIDTH:1.200
; LINE_WIDTH: 1.200
;Z:36.457
;HEIGHT:0.443
G1 X107.972293 Y129.923942 Z36.015505 E0.206001
G1 X107.931423 Y129.398835 Z36.017351 E0.205974
G1 X107.904316 Y128.872907 Z36.019196 E0.205947
G1 X107.890988 Y128.346519 Z36.021042 E0.20592
G1 X107.891444 Y127.820031 Z36.022888 E0.205893
G1 X107.905681 Y127.293805 Z36.024733 E0.205866
G1 X107.933684 Y126.768201 Z36.026579 E0.205839
G1 X107.975431 Y126.243578 Z36.028424 E0.205812
G1 X108.03089 Y125.720297 Z36.03027 E0.205785
G1 X108.100019 Y125.198715 Z36.032116 E0.205758
G1 X108.182767 Y124.67919 Z36.033961 E0.205731
G1 X108.279074 Y124.162077 Z36.035807 E0.205704
G1 X108.388871 Y123.64773 Z36.037652 E0.205677
G1 X108.512078 Y123.1365 Z36.039498 E0.20565
G1 X108.648608 Y122.628737 Z36.041344 E0.205623
G1 X108.798363 Y122.124789 Z36.043189 E0.205596
G1 X108.961238 Y121.624999 Z36.045035 E0.205569
G1 X109.137117 Y121.129709 Z36.04688 E0.205542
G1 X109.325877 Y120.639257 Z36.048726 E0.205516
G1 X109.527384 Y120.153978 Z36.050572 E0.205489
G1 X109.741498 Y119.674204 Z36.052417 E0.205462
G1 X109.968092 Y119.200273 Z36.054263 E0.205434
G1 X110.206989 Y118.732502 Z36.056109 E0.205407
G1 X110.458017 Y118.271206 Z36.057954 E0.20538
G1 X110.720999 Y117.816701 Z36.0598 E0.205352
G1 X110.995752 Y117.369294 Z36.061645 E0.205325
G1 X111.282085 Y116.929292 Z36.063491 E0.205298
G1 X111.579799 Y116.496994 Z36.065337 E0.20527
G1 X111.888686 Y116.072695 Z36.067182 E0.205243
G1 X112.208531 Y115.656681 Z36.069028 E0.205216
G1 X112.539113 Y115.249238 Z36.070873 E0.205188
G1 X112.880203 Y114.850641 Z36.072719 E0.205161
G1 X113.231581 Y114.461178 Z36.074565 E0.205134
G1 X113.592992 Y114.081105 Z36.07641 E0.205106
G1 X113.964179 Y113.710673 Z36.078256 E0.205078
G1 X114.344884 Y113.350134 Z36.080101 E0.205051
G1 X114.734844 Y112.999731 Z36.081947 E0.205023
G1 X115.133789 Y112.659703 Z36.083793 E0.204995
G1 X115.541444 Y112.330279 Z36.085638 E0.204968
G1 X115.957526 Y112.011682 Z36.087484 E0.20494
G1 X116.381749 Y111.704128 Z36.089329 E0.204912
G1 X116.813818 Y111.407825 Z36.091175 E0.204884
G1 X117.253437 Y111.122972 Z36.093021 E0.204857
G1 X117.700313 Y110.849782 Z36.094866 E0.204829
G1 X118.154132 Y110.58843 Z36.096712 E0.204801
G1 X118.614573 Y110.339081 Z36.098557 E0.204773
G1 X119.08132 Y110.101903 Z36.100403 E0.204745
G1 X119.554051 Y109.877055 Z36.102249 E0.204717
G1 X120.03244 Y109.664689 Z36.104094 E0.204689
G1 X120.516159 Y109.464946 Z36.10594 E0.204661
G1 X121.004873 Y109.27796 Z36.107785 E0.204633
G1 X121.498248 Y109.103855 Z36.109631 E0.204605
G1 X121.995942 Y108.942747 Z36.111477 E0.204577
G1 X122.497615 Y108.794743 Z36.113322 E0.204549
G1 X123.002926 Y108.659962 Z36.115168 E0.204521
G1 X123.511525 Y108.538484 Z36.117013 E0.204492
G1 X124.023059 Y108.430377 Z36.118859 E0.204464
G1 X124.537176 Y108.335711 Z36.120705 E0.204435
G1 X125.053523 Y108.254547 Z36.12255 E0.204407
G1 X125.571746 Y108.186937 Z36.124396 E0.204379
G1 X126.091489 Y108.132923 Z36.126241 E0.20435
G1 X126.612395 Y108.092539 Z36.128087 E0.204322
G1 X127.134107 Y108.065809 Z36.129933 E0.204293
G1 X127.656268 Y108.052747 Z36.131778 E0.204265
G1 X128.178519 Y108.053359 Z36.133624 E0.204237
G1 X128.700502 Y108.067659 Z36.135469 E0.204208
G1 X129.221858 Y108.095629 Z36.137315 E0.20418
G1 X129.74223 Y108.137232 Z36.139161 E0.204151
G1 X130.261261 Y108.192436 Z36.141006 E0.204122
G1 X130.778596 Y108.261197 Z36.142852 E0.204093
G1 X131.293881 Y108.343466 Z36.144697 E0.204065
G1 X131.806764 Y108.439182 Z36.146543 E0.204036
G1 X132.316894 Y108.548277 Z36.148389 E0.204007
G1 X132.823921 Y108.67067 Z36.150234 E0.203978
G1 X133.3275 Y108.806276 Z36.15208 E0.20395
G1 X133.827286 Y108.954996 Z36.153925 E0.203921
G1 X134.322931 Y109.116743 Z36.155771 E0.203892
G1 X134.814098 Y109.2914 Z36.157617 E0.203863
G1 X135.300454 Y109.478828 Z36.159462 E0.203834
G1 X135.781669 Y109.678895 Z36.161308 E0.203805
G1 X136.257413 Y109.89146 Z36.163153 E0.203776
G1 X136.727363 Y110.116375 Z36.164999 E0.203747
G1 X137.191198 Y110.35348 Z36.166845 E0.203717
G1 X137.648602 Y110.602611 Z36.16869 E0.203688
G1 X138.099262 Y110.863593 Z36.170536 E0.203659
G1 X138.542873 Y111.136243 Z36.172381 E0.20363
G1 X138.979133 Y111.420373 Z36.174227 E0.203601
G1 X139.407734 Y111.715796 Z36.176073 E0.203572
G1 X139.828384 Y112.022308 Z36.177918 E0.203543
G1 X140.240806 Y112.339681 Z36.179764 E0.203513
G1 X140.64472 Y112.667695 Z36.181609 E0.203484
G1 X141.039852 Y113.00612 Z36.183455 E0.203454
G1 X141.425933 Y113.354723 Z36.185301 E0.203425
G1 X141.802701 Y113.71326 Z36.187146 E0.203395
G1 X142.169902 Y114.081485 Z36.188992 E0.203366
G1 X142.527286 Y114.459141 Z36.190837 E0.203336
G1 X142.87461 Y114.845968 Z36.192683 E0.203307
G1 X143.211641 Y115.241696 Z36.194529 E0.203277
G1 X143.538139 Y115.646062 Z36.196374 E0.203248
G1 X143.853877 Y116.058788 Z36.19822 E0.203218
G1 X144.158658 Y116.479576 Z36.200065 E0.203188
G1 X144.452276 Y116.908136 Z36.201911 E0.203159
G1 X144.734533 Y117.344172 Z36.203757 E0.203129
G1 X145.005239 Y117.787381 Z36.205602 E0.203099
G1 X145.264212 Y118.23746 Z36.207448 E0.203069
G1 X145.511278 Y118.694096 Z36.209293 E0.203039
G1 X145.746272 Y119.156975 Z36.211139 E0.20301
G1 X145.969034 Y119.625779 Z36.212985 E0.20298
G1 X146.179418 Y120.100183 Z36.21483 E0.20295
G1 X146.37727 Y120.579867 Z36.216676 E0.20292
G1 X146.562449 Y121.064501 Z36.218521 E0.20289
G1 X146.734853 Y121.553745 Z36.220367 E0.20286
G1 X146.894366 Y122.047261 Z36.222213 E0.20283
G1 X147.040883 Y122.544709 Z36.224058 E0.2028
G1 X147.174309 Y123.045747 Z36.225904 E0.202769
G1 X147.294554 Y123.550032 Z36.227749 E0.202739
G1 X147.401542 Y124.057216 Z36.229595 E0.202709
G1 X147.495202 Y124.566952 Z36.231441 E0.202679
G1 X147.575474 Y125.078888 Z36.233286 E0.202649
G1 X147.642307 Y125.592673 Z36.235132 E0.202619
G1 X147.695668 Y126.107955 Z36.236977 E0.202589
G1 X147.735539 Y126.624378 Z36.238823 E0.202559
G1 X147.761873 Y127.141593 Z36.240669 E0.202529
G1 X147.774657 Y127.659242 Z36.242514 E0.202499
G1 X147.773885 Y128.176973 Z36.24436 E0.202469
G1 X147.759563 Y128.69443 Z36.246205 E0.202439
G1 X147.731704 Y129.211259 Z36.248051 E0.202409
G1 X147.690332 Y129.727105 Z36.249897 E0.202379
G1 X147.635478 Y130.241615 Z36.251742 E0.20235
G1 X147.567184 Y130.754437 Z36.253588 E0.20232
G1 X147.4855 Y131.265221 Z36.255433 E0.20229
G1 X147.390495 Y131.773617 Z36.257279 E0.20226
G1 X147.282253 Y132.279283 Z36.259125 E0.20223
G1 X147.160828 Y132.781869 Z36.26097 E0.202201
G1 X147.026309 Y133.281031 Z36.262816 E0.202171
G1 X146.87879 Y133.776428 Z36.264661 E0.202142
G1 X146.718376 Y134.267722 Z36.266507 E0.202112
G1 X146.545182 Y134.754577 Z36.268353 E0.202083
G1 X146.35933 Y135.236661 Z36.270198 E0.202053
G1 X146.16095 Y135.713645 Z36.272044 E0.202024
G1 X145.950183 Y136.185204 Z36.273889 E0.201994
G1 X145.727176 Y136.651015 Z36.275735 E0.201965
G1 X145.492091 Y137.110764 Z36.277581 E0.201935
G1 X145.24511 Y137.564148 Z36.279426 E0.201906
G1 X144.986382 Y138.010846 Z36.281272 E0.201877
G1 X144.716089 Y138.450555 Z36.283117 E0.201847
G1 X144.434418 Y138.882974 Z36.284963 E0.201818
G1 X144.141567 Y139.307811 Z36.286809 E0.201789
G1 X143.837739 Y139.724776 Z36.288654 E0.20176
G1 X143.523145 Y140.133585 Z36.2905 E0.20173
G1 X143.198004 Y140.53396 Z36.292345 E0.201701
G1 X142.862542 Y140.92563 Z36.294191 E0.201672
G1 X142.516993 Y141.308329 Z36.296037 E0.201643
G1 X142.161597 Y141.681799 Z36.297882 E0.201614
G1 X141.796619 Y142.045805 Z36.299728 E0.201585
G1 X141.422291 Y142.400081 Z36.301573 E0.201556
G1 X141.038872 Y142.744387 Z36.303419 E0.201527
G1 X140.646628 Y143.07849 Z36.305265 E0.201498
G1 X140.245829 Y143.402164 Z36.30711 E0.201469
G1 X139.836753 Y143.715191 Z36.308956 E0.20144
G1 X139.419683 Y144.017358 Z36.310801 E0.201411
G1 X138.994907 Y144.308462 Z36.312647 E0.201382
G1 X138.562718 Y144.588306 Z36.314493 E0.201353
G1 X138.123414 Y144.856702 Z36.316338 E0.201325
G1 X137.6773 Y145.113471 Z36.318184 E0.201296
G1 X137.224695 Y145.358464 Z36.32003 E0.201267
G1 X136.765898 Y145.591493 Z36.321875 E0.201238
G1 X136.301224 Y145.812399 Z36.323721 E0.20121
G1 X135.830993 Y146.021037 Z36.325566 E0.201181
G1 X135.355528 Y146.217265 Z36.327412 E0.201153
G1 X134.875159 Y146.400953 Z36.329258 E0.201124
G1 X134.390214 Y146.571979 Z36.331103 E0.201095
G1 X133.901028 Y146.73023 Z36.332949 E0.201067
G1 X133.407937 Y146.875599 Z36.334794 E0.201038
G1 X132.91128 Y147.007992 Z36.33664 E0.20101
G1 X132.411398 Y147.127322 Z36.338486 E0.200981
G1 X131.908642 Y147.23354 Z36.340331 E0.200953
G1 X131.403349 Y147.326547 Z36.342177 E0.200924
G1 X130.895865 Y147.406285 Z36.344022 E0.200896
G1 X130.38654 Y147.4727 Z36.345868 E0.200868
G1 X129.875722 Y147.525753 Z36.347714 E0.20084
G1 X129.363763 Y147.565409 Z36.349559 E0.200811
G1 X128.851013 Y147.591647 Z36.351405 E0.200783
G1 X128.337825 Y147.604451 Z36.35325 E0.200755
G1 X127.824549 Y147.603817 Z36.355096 E0.200727
G1 X127.311538 Y147.589748 Z36.356942 E0.200698
G1 X126.799143 Y147.562259 Z36.358787 E0.20067
G1 X126.287713 Y147.521401 Z36.360633 E0.200642
G1 X125.777598 Y147.467178 Z36.362478 E0.200614
G1 X125.269149 Y147.399629 Z36.364324 E0.200586
G1 X124.762713 Y147.318805 Z36.36617 E0.200558
G1 X124.258636 Y147.224764 Z36.368015 E0.20053
G1 X123.757263 Y147.117575 Z36.369861 E0.200502
G1 X123.258938 Y146.997315 Z36.371706 E0.200474
G1 X122.764001 Y146.864069 Z36.373552 E0.200446
G1 X122.27279 Y146.717933 Z36.375398 E0.200419
G1 X121.78564 Y146.559011 Z36.377243 E0.200391
G1 X121.302885 Y146.387414 Z36.379089 E0.200363
G1 X120.824844 Y146.203291 Z36.380934 E0.200335
G1 X120.351851 Y146.006746 Z36.38278 E0.200307
G1 X119.884229 Y145.797916 Z36.384626 E0.20028
G1 X119.422298 Y145.576947 Z36.386471 E0.200252
G1 X118.966373 Y145.343993 Z36.388317 E0.200224
G1 X118.516764 Y145.099218 Z36.390162 E0.200197
G1 X118.073778 Y144.842793 Z36.392008 E0.200169
G1 X117.637716 Y144.574896 Z36.393854 E0.200141
G1 X117.208876 Y144.295714 Z36.395699 E0.200114
G1 X116.78755 Y144.005442 Z36.397545 E0.200086
G1 X116.374024 Y143.704281 Z36.39939 E0.200059
G1 X115.968563 Y143.392462 Z36.401236 E0.200031
G1 X115.571454 Y143.070184 Z36.403082 E0.200004
G1 X115.182972 Y142.737667 Z36.404927 E0.199976
G1 X114.803378 Y142.395141 Z36.406773 E0.199949
G1 X114.432932 Y142.042843 Z36.408618 E0.199922
G1 X114.071885 Y141.681018 Z36.410464 E0.199895
G1 X113.720481 Y141.309916 Z36.41231 E0.199867
G1 X113.378958 Y140.929794 Z36.414155 E0.19984
G1 X113.047549 Y140.540916 Z36.416001 E0.199813
G1 X112.726477 Y140.14355 Z36.417846 E0.199785
G1 X112.41596 Y139.73797 Z36.419692 E0.199758
G1 X112.116207 Y139.324457 Z36.421538 E0.199731
G1 X111.827421 Y138.903297 Z36.423383 E0.199703
G1 X111.549797 Y138.47478 Z36.425229 E0.199676
G1 X111.283522 Y138.039201 Z36.427074 E0.199649
G1 X111.028775 Y137.596862 Z36.42892 E0.199622
G1 X110.785729 Y137.148068 Z36.430766 E0.199594
G1 X110.554546 Y136.693126 Z36.432611 E0.199567
G1 X110.335381 Y136.232352 Z36.434457 E0.19954
G1 X110.128382 Y135.766063 Z36.436302 E0.199512
G1 X109.933687 Y135.294579 Z36.438148 E0.199485
G1 X109.751426 Y134.818225 Z36.439994 E0.199458
G1 X109.581743 Y134.337321 Z36.441839 E0.19943
G1 X109.424739 Y133.852204 Z36.443685 E0.199403
G1 X109.280508 Y133.363211 Z36.44553 E0.199375
G1 X109.149146 Y132.870679 Z36.447376 E0.199348
G1 X109.030738 Y132.374945 Z36.449222 E0.19932
G1 X108.925362 Y131.87635 Z36.451067 E0.199292
G1 X108.833088 Y131.375238 Z36.452913 E0.199265
G1 X108.753974 Y130.871951 Z36.454758 E0.199237
G1 X108.688071 Y130.366836 Z36.456604 E0.199209
;WIDTH:1.200
; LINE_WIDTH: 1.200
;Z:36.881
;HEIGHT:0.424
G1 X108.635306 Y129.86025 Z36.458371 E0.196711
G1 X108.595826 Y129.352525 Z36.460138 E0.196685
G1 X108.569672 Y128.844006 Z36.461905 E0.196658
G1 X108.556856 Y128.335045 Z36.463672 E0.196632
G1 X108.557367 Y127.825991 Z36.465439 E0.196606
G1 X108.571202 Y127.317194 Z36.467206 E0.196579
G1 X108.598348 Y126.809002 Z36.468973 E0.196553
G1 X108.638782 Y126.301763 Z36.47074 E0.196526
G1 X108.692473 Y125.795824 Z36.472507 E0.1965
G1 X108.759382 Y125.291533 Z36.474274 E0.196473
G1 X108.839457 Y124.789233 Z36.476041 E0.196447
G1 X108.932642 Y124.289269 Z36.477808 E0.19642
G1 X109.038869 Y123.791983 Z36.479575 E0.196394
G1 X109.158061 Y123.297714 Z36.481342 E0.196367
G1 X109.290165 Y122.806811 Z36.483109 E0.196341
G1 X109.435054 Y122.3196 Z36.484876 E0.196314
G1 X109.592626 Y121.836415 Z36.486643 E0.196287
G1 X109.76277 Y121.357586 Z36.48841 E0.19626
G1 X109.945365 Y120.88344 Z36.490177 E0.196233
G1 X110.140283 Y120.4143 Z36.491944 E0.196207
G1 X110.347387 Y119.950487 Z36.493711 E0.19618
G1 X110.566531 Y119.492317 Z36.495478 E0.196153
G1 X110.797562 Y119.040102 Z36.497245 E0.196126
G1 X111.040319 Y118.594152 Z36.499012 E0.196099
G1 X111.294633 Y118.154769 Z36.500779 E0.196073
G1 X111.560337 Y117.722261 Z36.502546 E0.196046
G1 X111.837249 Y117.296925 Z36.504314 E0.196019
G1 X112.125161 Y116.879042 Z36.506081 E0.195992
G1 X112.423872 Y116.468896 Z36.507848 E0.195964
G1 X112.733174 Y116.066766 Z36.509615 E0.195937
G1 X113.052853 Y115.672925 Z36.511382 E0.19591
G1 X113.382687 Y115.287641 Z36.513149 E0.195883
G1 X113.722446 Y114.911175 Z36.514916 E0.195856
G1 X114.071895 Y114.543783 Z36.516683 E0.195829
G1 X114.430793 Y114.185715 Z36.51845 E0.195801
G1 X114.798889 Y113.837212 Z36.520217 E0.195774
G1 X115.175931 Y113.498513 Z36.521984 E0.195747
G1 X115.561675 Y113.169868 Z36.523751 E0.19572
G1 X115.955837 Y112.85148 Z36.525518 E0.195692
G1 X116.358142 Y112.543563 Z36.527285 E0.195665
G1 X116.768311 Y112.246325 Z36.529052 E0.195637
G1 X117.186063 Y111.959966 Z36.530819 E0.19561
G1 X117.611108 Y111.68468 Z36.532586 E0.195583
G1 X118.043153 Y111.420652 Z36.534353 E0.195555
G1 X118.4819 Y111.168059 Z36.53612 E0.195528
G1 X118.927046 Y110.927073 Z36.537887 E0.1955
G1 X119.378285 Y110.697854 Z36.539654 E0.195473
G1 X119.835305 Y110.480557 Z36.541421 E0.195445
G1 X120.297796 Y110.275339 Z36.543188 E0.195418
G1 X120.765444 Y110.082344 Z36.544955 E0.19539
G1 X121.237915 Y109.901683 Z36.546722 E0.195362
G1 X121.714887 Y109.733476 Z36.548489 E0.195334
G1 X122.196029 Y109.577835 Z36.550256 E0.195306
G1 X122.681012 Y109.434862 Z36.552023 E0.195279
G1 X123.169502 Y109.304653 Z36.55379 E0.195251
G1 X123.661162 Y109.187293 Z36.555557 E0.195223
G1 X124.155656 Y109.082859 Z36.557324 E0.195195
G1 X124.652644 Y108.991418 Z36.559091 E0.195167
G1 X125.151784 Y108.91303 Z36.560858 E0.19514
G1 X125.652733 Y108.847744 Z36.562625 E0.195112
G1 X126.155151 Y108.795629 Z36.564392 E0.195084
G1 X126.658689 Y108.756695 Z36.566159 E0.195056
G1 X127.163 Y108.73096 Z36.567926 E0.195028
G1 X127.667739 Y108.718438 Z36.569693 E0.194999
G1 X128.172561 Y108.719132 Z36.57146 E0.194971
G1 X128.677118 Y108.733039 Z36.573227 E0.194943
G1 X129.181066 Y108.760146 Z36.574994 E0.194915
G1 X129.684058 Y108.80043 Z36.576761 E0.194887
G1 X130.185752 Y108.85386 Z36.578528 E0.194859
G1 X130.685802 Y108.920394 Z36.580295 E0.19483
G1 X131.183867 Y108.999985 Z36.582062 E0.194802
G1 X131.679605 Y109.092582 Z36.583829 E0.194774
G1 X132.172672 Y109.198133 Z36.585596 E0.194746
G1 X132.662735 Y109.316538 Z36.587363 E0.194717
G1 X133.14946 Y109.447712 Z36.58913 E0.194689
G1 X133.632513 Y109.591561 Z36.590897 E0.19466
G1 X134.111565 Y109.747983 Z36.592664 E0.194632
G1 X134.586288 Y109.916868 Z36.594431 E0.194603
G1 X135.056359 Y110.098095 Z36.596198 E0.194575
G1 X135.521457 Y110.291537 Z36.597965 E0.194546
G1 X135.981264 Y110.497058 Z36.599733 E0.194518
G1 X136.435466 Y110.714513 Z36.6015 E0.194489
G1 X136.883755 Y110.943751 Z36.603267 E0.194461
G1 X137.325813 Y111.18463 Z36.605034 E0.194432
G1 X137.761345 Y111.43697 Z36.606801 E0.194404
G1 X138.190058 Y111.700586 Z36.608568 E0.194375
G1 X138.611661 Y111.975293 Z36.610335 E0.194346
G1 X139.025867 Y112.2609 Z36.612102 E0.194317
G1 X139.432394 Y112.557209 Z36.613869 E0.194288
G1 X139.830966 Y112.864012 Z36.615636 E0.194259
G1 X140.221311 Y113.181097 Z36.617403 E0.194231
G1 X140.603166 Y113.508243 Z36.61917 E0.194202
G1 X140.976271 Y113.845223 Z36.620937 E0.194173
G1 X141.340372 Y114.191803 Z36.622704 E0.194144
G1 X141.695223 Y114.547743 Z36.624471 E0.194115
G1 X142.040582 Y114.912797 Z36.626238 E0.194086
G1 X142.376217 Y115.286711 Z36.628005 E0.194058
G1 X142.7019 Y115.669226 Z36.629772 E0.194029
G1 X143.017411 Y116.060077 Z36.631539 E0.194
G1 X143.322538 Y116.458995 Z36.633306 E0.193971
G1 X143.617072 Y116.865703 Z36.635073 E0.193942
G1 X143.900818 Y117.279921 Z36.63684 E0.193913
G1 X144.173581 Y117.701361 Z36.638607 E0.193885
G1 X144.435181 Y118.129734 Z36.640374 E0.193856
G1 X144.685439 Y118.564743 Z36.642141 E0.193827
G1 X144.924189 Y119.006089 Z36.643908 E0.193798
G1 X145.151268 Y119.453467 Z36.645675 E0.193769
G1 X145.366526 Y119.906569 Z36.647442 E0.19374
G1 X145.569819 Y120.365083 Z36.649209 E0.193711
G1 X145.76101 Y120.828692 Z36.650976 E0.193683
G1 X145.939973 Y121.297078 Z36.652743 E0.193654
G1 X146.106589 Y121.769917 Z36.65451 E0.193625
G1 X146.260747 Y122.246885 Z36.656277 E0.193596
G1 X146.402345 Y122.727653 Z36.658044 E0.193567
G1 X146.531289 Y123.211891 Z36.659811 E0.193538
G1 X146.647496 Y123.699265 Z36.661578 E0.193509
G1 X146.750889 Y124.189442 Z36.663345 E0.193481
G1 X146.841401 Y124.682084 Z36.665112 E0.193452
G1 X146.918973 Y125.176853 Z36.666879 E0.193423
G1 X146.983557 Y125.673409 Z36.668646 E0.193394
G1 X147.035113 Y126.17141 Z36.670413 E0.193365
G1 X147.073608 Y126.670517 Z36.67218 E0.193336
G1 X147.099021 Y127.170385 Z36.673947 E0.193307
G1 X147.111338 Y127.670673 Z36.675714 E0.193279
G1 X147.110554 Y128.171037 Z36.677481 E0.19325
G1 X147.096674 Y128.671134 Z36.679248 E0.193221
G1 X147.069712 Y129.170621 Z36.681015 E0.193192
G1 X147.029689 Y129.669158 Z36.682782 E0.193163
G1 X146.976637 Y130.166401 Z36.684549 E0.193134
G1 X146.910596 Y130.662011 Z36.686316 E0.193105
G1 X146.831615 Y131.155648 Z36.688083 E0.193076
G1 X146.739752 Y131.646975 Z36.68985 E0.193048
G1 X146.635074 Y132.135656 Z36.691617 E0.193019
G1 X146.517658 Y132.621356 Z36.693385 E0.19299
G1 X146.387586 Y133.103744 Z36.695152 E0.192961
G1 X146.244952 Y133.58249 Z36.696919 E0.192932
G1 X146.089859 Y134.057267 Z36.698686 E0.192903
G1 X145.922414 Y134.527751 Z36.700453 E0.192874
G1 X145.742738 Y134.993621 Z36.70222 E0.192845
G1 X145.550957 Y135.454558 Z36.703987 E0.192816
G1 X145.347205 Y135.910248 Z36.705754 E0.192788
G1 X145.131625 Y136.360381 Z36.707521 E0.192759
G1 X144.90437 Y136.804649 Z36.709288 E0.19273
G1 X144.665599 Y137.24275 Z36.711055 E0.192701
G1 X144.415478 Y137.674386 Z36.712822 E0.192672
G1 X144.154183 Y138.099263 Z36.714589 E0.192643
G1 X143.881896 Y138.517091 Z36.716356 E0.192614
G1 X143.598807 Y138.927586 Z36.718123 E0.192585
G1 X143.305113 Y139.33047 Z36.71989 E0.192556
G1 X143.001019 Y139.725468 Z36.721657 E0.192527
G1 X142.686736 Y140.112312 Z36.723424 E0.192499
G1 X142.362483 Y140.490739 Z36.725191 E0.19247
G1 X142.028484 Y140.860493 Z36.726958 E0.192441
G1 X141.684972 Y141.221322 Z36.728725 E0.192412
G1 X141.332184 Y141.572981 Z36.730492 E0.192383
G1 X140.970366 Y141.915234 Z36.732259 E0.192354
G1 X140.599768 Y142.247847 Z36.734026 E0.192325
G1 X140.220648 Y142.570597 Z36.735793 E0.192296
G1 X139.833266 Y142.883265 Z36.73756 E0.192267
G1 X139.437892 Y143.185639 Z36.739327 E0.192238
G1 X139.034798 Y143.477515 Z36.741094 E0.192209
G1 X138.624264 Y143.758697 Z36.742861 E0.19218
G1 X138.206573 Y144.028995 Z36.744628 E0.192152
G1 X137.782012 Y144.288228 Z36.746395 E0.192123
G1 X137.350876 Y144.536218 Z36.748162 E0.192094
G1 X136.913461 Y144.772802 Z36.749929 E0.192065
G1 X136.470069 Y144.99782 Z36.751696 E0.192036
G1 X136.021007 Y145.211122 Z36.753463 E0.192007
G1 X135.566583 Y145.412565 Z36.75523 E0.191978
G1 X135.107111 Y145.602015 Z36.756997 E0.191949
G1 X134.642907 Y145.779345 Z36.758764 E0.19192
G1 X134.17429 Y145.944438 Z36.760531 E0.191891
G1 X133.701584 Y146.097183 Z36.762298 E0.191862
G1 X133.225113 Y146.237481 Z36.764065 E0.191833
G1 X132.745205 Y146.365238 Z36.765832 E0.191804
G1 X132.26219 Y146.480371 Z36.767599 E0.191775
G1 X131.776399 Y146.582803 Z36.769366 E0.191747
G1 X131.288168 Y146.67247 Z36.771133 E0.191718
G1 X130.79783 Y146.749314 Z36.7729 E0.191689
G1 X130.305723 Y146.813286 Z36.774667 E0.19166
G1 X129.812185 Y146.864346 Z36.776434 E0.191631
G1 X129.317554 Y146.902462 Z36.778201 E0.191602
G1 X128.822169 Y146.927614 Z36.779968 E0.191573
G1 X128.326371 Y146.939787 Z36.781735 E0.191544
G1 X127.830499 Y146.938977 Z36.783502 E0.191515
G1 X127.334893 Y146.925189 Z36.785269 E0.191486
G1 X126.839893 Y146.898435 Z36.787036 E0.191457
G1 X126.345837 Y146.858738 Z36.788804 E0.191428
G1 X125.853065 Y146.806128 Z36.790571 E0.191399
G1 X125.361913 Y146.740647 Z36.792338 E0.19137
G1 X124.872717 Y146.662342 Z36.794105 E0.191341
G1 X124.385813 Y146.571273 Z36.795872 E0.191312
G1 X123.901533 Y146.467504 Z36.797639 E0.191283
G1 X123.420208 Y146.35111 Z36.799406 E0.191254
G1 X122.942168 Y146.222177 Z36.801173 E0.191225
G1 X122.467738 Y146.080794 Z36.80294 E0.191196
G1 X121.997243 Y145.927064 Z36.804707 E0.191167
G1 X121.531005 Y145.761096 Z36.806474 E0.191138
G1 X121.069345 Y145.582996 Z36.808241 E0.191109
G1 X120.612586 Y145.392873 Z36.810008 E0.19108
G1 X120.161031 Y145.190888 Z36.811775 E0.191051
G1 X119.714987 Y144.977185 Z36.813542 E0.191022
G1 X119.274758 Y144.751914 Z36.815309 E0.190992
G1 X118.840643 Y144.515232 Z36.817076 E0.190963
G1 X118.412939 Y144.267305 Z36.818843 E0.190933
G1 X117.991936 Y144.008306 Z36.82061 E0.190904
G1 X117.577922 Y143.738417 Z36.822377 E0.190875
G1 X117.171177 Y143.457826 Z36.824144 E0.190845
G1 X116.771978 Y143.166727 Z36.825911 E0.190816
G1 X116.380597 Y142.865325 Z36.827678 E0.190786
G1 X115.997317 Y142.553806 Z36.829445 E0.190757
G1 X115.62239 Y142.232401 Z36.831212 E0.190727
G1 X115.256062 Y141.901344 Z36.832979 E0.190697
G1 X114.898583 Y141.560863 Z36.834746 E0.190668
G1 X114.550193 Y141.211195 Z36.836513 E0.190638
G1 X114.211129 Y140.852583 Z36.83828 E0.190608
G1 X113.881621 Y140.485276 Z36.840047 E0.190578
G1 X113.561891 Y140.109527 Z36.841814 E0.190548
G1 X113.252155 Y139.725598 Z36.843581 E0.190519
G1 X112.952623 Y139.333753 Z36.845348 E0.190489
G1 X112.663496 Y138.934264 Z36.847115 E0.190459
G1 X112.384975 Y138.527403 Z36.848882 E0.190429
G1 X112.117272 Y138.113436 Z36.850649 E0.190399
G1 X111.860538 Y137.69267 Z36.852416 E0.190369
G1 X111.614945 Y137.265396 Z36.854183 E0.190339
G1 X111.38066 Y136.831907 Z36.85595 E0.190309
G1 X111.157837 Y136.392504 Z36.857717 E0.190278
G1 X110.946628 Y135.947489 Z36.859484 E0.190248
G1 X110.747172 Y135.49717 Z36.861251 E0.190218
G1 X110.559602 Y135.041855 Z36.863018 E0.190188
G1 X110.384044 Y134.58186 Z36.864785 E0.190158
G1 X110.220614 Y134.1175 Z36.866552 E0.190127
G1 X110.06942 Y133.649095 Z36.868319 E0.190097
G1 X109.930585 Y133.176961 Z36.870086 E0.190067
G1 X109.804194 Y132.701427 Z36.871853 E0.190036
G1 X109.690313 Y132.222825 Z36.87362 E0.190006
G1 X109.589016 Y131.741482 Z36.875387 E0.189975
G1 X109.500369 Y131.257731 Z36.877154 E0.189944
G1 X109.424428 Y130.771904 Z36.878921 E0.189914
G1 X109.361241 Y130.284334 Z36.880688 E0.189883
;WIDTH:1.200
; LINE_WIDTH: 1.200
;Z:37.281
;HEIGHT:0.400
G1 X109.310676 Y129.795372 Z36.882355 E0.193538
G1 X109.272933 Y129.305328 Z36.884021 E0.193509
G1 X109.248036 Y128.81454 Z36.885687 E0.193479
G1 X109.235997 Y128.323342 Z36.887354 E0.19345
G1 X109.23682 Y127.832072 Z36.88902 E0.19342
G1 X109.250531 Y127.341069 Z36.890686 E0.193391
G1 X109.277096 Y126.850668 Z36.892353 E0.193361
G1 X109.316483 Y126.361206 Z36.894019 E0.193331
G1 X109.368662 Y125.873019 Z36.895685 E0.193301
G1 X109.433593 Y125.38644 Z36.897352 E0.193271
G1 X109.511227 Y124.901803 Z36.899018 E0.193242
G1 X109.601507 Y124.419438 Z36.900684 E0.193212
G1 X109.704367 Y123.939676 Z36.902351 E0.193182
G1 X109.819734 Y123.462845 Z36.904017 E0.193152
G1 X109.947524 Y122.98927 Z36.905683 E0.193122
G1 X110.087646 Y122.519276 Z36.907349 E0.193092
G1 X110.239999 Y122.053183 Z36.909016 E0.193062
G1 X110.404495 Y121.591317 Z36.910682 E0.193033
G1 X110.581015 Y121.133993 Z36.912348 E0.193002
G1 X110.769417 Y120.681517 Z36.914015 E0.192972
G1 X110.969568 Y120.234199 Z36.915681 E0.192942
G1 X111.181327 Y119.792343 Z36.917347 E0.192912
G1 X111.404546 Y119.35625 Z36.919014 E0.192881
G1 X111.639067 Y118.926217 Z36.92068 E0.192851
G1 X111.884726 Y118.502538 Z36.922346 E0.192821
G1 X112.141352 Y118.0855 Z36.924013 E0.192791
G1 X112.408766 Y117.675387 Z36.925679 E0.19276
G1 X112.686779 Y117.272478 Z36.927345 E0.19273
G1 X112.9752 Y116.877048 Z36.929011 E0.1927
G1 X113.273835 Y116.48937 Z36.930678 E0.19267
G1 X113.582489 Y116.109721 Z36.932344 E0.192639
G1 X113.900925 Y115.738341 Z36.93401 E0.192609
G1 X114.228922 Y115.375482 Z36.935677 E0.192578
G1 X114.566252 Y115.02139 Z36.937343 E0.192547
G1 X114.91268 Y114.676305 Z36.939009 E0.192517
G1 X115.267967 Y114.340461 Z36.940676 E0.192486
G1 X115.631865 Y114.014084 Z36.942342 E0.192455
G1 X116.004123 Y113.697396 Z36.944008 E0.192425
G1 X116.384484 Y113.39061 Z36.945675 E0.192394
G1 X116.772683 Y113.093934 Z36.947341 E0.192363
G1 X117.168453 Y112.807567 Z36.949007 E0.192333
G1 X117.571519 Y112.531703 Z36.950674 E0.192302
G1 X117.981624 Y112.26656 Z36.95234 E0.192271
G1 X118.398462 Y112.012284 Z36.954006 E0.19224
G1 X118.821745 Y111.769047 Z36.955672 E0.192209
G1 X119.251182 Y111.537011 Z36.957339 E0.192178
G1 X119.686474 Y111.316333 Z36.959005 E0.192147
G1 X120.127324 Y111.107159 Z36.960671 E0.192116
G1 X120.573426 Y110.909629 Z36.962338 E0.192085
G1 X121.024473 Y110.723875 Z36.964004 E0.192054
G1 X121.480154 Y110.55002 Z36.96567 E0.192023
G1 X121.940156 Y110.388179 Z36.967337 E0.191992
G1 X122.404162 Y110.238461 Z36.969003 E0.191961
G1 X122.871852 Y110.100962 Z36.970669 E0.191929
G1 X123.342906 Y109.975776 Z36.972336 E0.191898
G1 X123.816999 Y109.862983 Z36.974002 E0.191867
G1 X124.293805 Y109.762656 Z36.975668 E0.191836
G1 X124.772996 Y109.674859 Z36.977334 E0.191805
G1 X125.254243 Y109.599648 Z36.979001 E0.191774
G1 X125.737216 Y109.537072 Z36.980667 E0.191743
G1 X126.221583 Y109.487168 Z36.982333 E0.191712
G1 X126.707011 Y109.449968 Z36.984 E0.191681
G1 X127.193169 Y109.425491 Z36.985666 E0.19165
G1 X127.679721 Y109.413751 Z36.987332 E0.191619
G1 X128.166335 Y109.414753 Z36.988999 E0.191588
G1 X128.652677 Y109.42849 Z36.990665 E0.191556
G1 X129.138415 Y109.45493 Z36.992331 E0.191525
G1 X129.623218 Y109.494054 Z36.993998 E0.191495
G1 X130.106753 Y109.545846 Z36.995664 E0.191464
G1 X130.588689 Y109.610269 Z36.99733 E0.191433
G1 X131.068697 Y109.687274 Z36.998997 E0.191402
G1 F420 X131.546447 Y109.776803 Z37.000663 E0.191372
G1 X132.021614 Y109.878792 Z37.002329 E0.191341
G1 X132.493873 Y109.993166 Z37.003995 E0.19131
G1 X132.9629 Y110.119844 Z37.005662 E0.19128
G1 X133.428375 Y110.258734 Z37.007328 E0.191249
G1 X133.889981 Y110.409737 Z37.008994 E0.191218
G1 X134.347402 Y110.572746 Z37.010661 E0.191187
G1 X134.800331 Y110.747636 Z37.012327 E0.191157
G1 X135.248464 Y110.934269 Z37.013993 E0.191126
G1 X135.691488 Y111.132538 Z37.01566 E0.191096
G1 X136.1291 Y111.342303 Z37.017326 E0.191066
G1 X136.561002 Y111.563416 Z37.018992 E0.191035
G1 X136.986901 Y111.795723 Z37.020659 E0.191005
G1 X137.406505 Y112.039062 Z37.022325 E0.190975
G1 X137.81953 Y112.29326 Z37.023991 E0.190944
G1 X138.225695 Y112.558142 Z37.025658 E0.190914
G1 X138.624723 Y112.833522 Z37.027324 E0.190884
G1 X139.016343 Y113.119207 Z37.02899 E0.190853
G1 X139.400289 Y113.415 Z37.030656 E0.190823
G1 X139.776301 Y113.720692 Z37.032323 E0.190793
G1 X140.144147 Y114.036046 Z37.033989 E0.190762
G1 X140.503555 Y114.360871 Z37.035655 E0.190732
G1 X140.854282 Y114.69494 Z37.037322 E0.190702
G1 X141.196089 Y115.038022 Z37.038988 E0.190672
G1 X141.528746 Y115.389879 Z37.040654 E0.190643
G1 X141.852027 Y115.750267 Z37.042321 E0.190613
G1 X142.165713 Y116.118936 Z37.043987 E0.190583
G1 X142.469594 Y116.495632 Z37.045653 E0.190553
G1 X142.763463 Y116.880093 Z37.04732 E0.190523
G1 X143.047122 Y117.272053 Z37.048986 E0.190493
G1 X143.32038 Y117.671242 Z37.050652 E0.190463
G1 X143.583054 Y118.077384 Z37.052318 E0.190433
G1 X143.834991 Y118.490182 Z37.053985 E0.190403
G1 X144.076004 Y118.909366 Z37.055651 E0.190373
G1 X144.305925 Y119.334649 Z37.057317 E0.190344
G1 X144.524601 Y119.765738 Z37.058984 E0.190314
G1 X144.731885 Y120.202335 Z37.06065 E0.190285
G1 X144.927638 Y120.644141 Z37.062316 E0.190255
G1 X145.111729 Y121.09085 Z37.063983 E0.190225
G1 X145.284037 Y121.542155 Z37.065649 E0.190196
G1 X145.444447 Y121.997746 Z37.067315 E0.190166
G1 X145.592852 Y122.457307 Z37.068982 E0.190137
G1 X145.729155 Y122.920524 Z37.070648 E0.190107
G1 X145.853266 Y123.387078 Z37.072314 E0.190077
G1 X145.965122 Y123.856644 Z37.073981 E0.190048
G1 X146.064649 Y124.3289 Z37.075647 E0.190019
G1 X146.151766 Y124.803527 Z37.077313 E0.189989
G1 X146.226417 Y125.280198 Z37.078979 E0.18996
G1 X146.288555 Y125.758587 Z37.080646 E0.189931
G1 X146.33814 Y126.238364 Z37.082312 E0.189902
G1 X146.375143 Y126.719202 Z37.083978 E0.189873
G1 X146.399543 Y127.200769 Z37.085645 E0.189843
G1 X146.411326 Y127.682735 Z37.087311 E0.189814
G1 X146.410488 Y128.164771 Z37.088977 E0.189785
G1 X146.397034 Y128.646545 Z37.090644 E0.189756
G1 X146.370976 Y129.127728 Z37.09231 E0.189726
G1 X146.332348 Y129.607991 Z37.093976 E0.189697
G1 X146.281195 Y130.087008 Z37.095643 E0.189668
G1 X146.217528 Y130.564449 Z37.097309 E0.189639
G1 X146.141397 Y131.039987 Z37.098975 E0.189611
G1 X146.052857 Y131.513297 Z37.100641 E0.189582
G1 X145.951972 Y131.984056 Z37.102308 E0.189553
G1 X145.838816 Y132.451941 Z37.103974 E0.189524
G1 X145.713469 Y132.916633 Z37.10564 E0.189495
G1 X145.576022 Y133.377815 Z37.107307 E0.189466
G1 X145.426572 Y133.83517 Z37.108973 E0.189438
G1 X145.265224 Y134.288388 Z37.110639 E0.189409
G1 X145.092095 Y134.737158 Z37.112306 E0.18938
G1 X144.907306 Y135.181175 Z37.113972 E0.189351
G1 X144.711019 Y135.62015 Z37.115638 E0.189322
G1 X144.503339 Y136.053772 Z37.117305 E0.189294
G1 X144.284412 Y136.481744 Z37.118971 E0.189265
G1 X144.054391 Y136.903774 Z37.120637 E0.189237
G1 X143.813437 Y137.319576 Z37.122304 E0.189209
G1 X143.561719 Y137.728867 Z37.12397 E0.18918
G1 X143.299413 Y138.131367 Z37.125636 E0.189152
G1 X143.0267 Y138.526803 Z37.127302 E0.189123
G1 X142.743772 Y138.914906 Z37.128969 E0.189095
G1 X142.450826 Y139.295412 Z37.130635 E0.189066
G1 X142.148064 Y139.668063 Z37.132301 E0.189038
G1 X141.835698 Y140.032606 Z37.133968 E0.189009
G1 X141.513967 Y140.388813 Z37.135634 E0.188981
G1 X141.183075 Y140.736429 Z37.1373 E0.188953
G1 X140.843248 Y141.075214 Z37.138967 E0.188925
G1 X140.49472 Y141.404937 Z37.140633 E0.188897
G1 X140.137733 Y141.725377 Z37.142299 E0.188869
G1 X139.772534 Y142.036314 Z37.143966 E0.188841
G1 X139.399377 Y142.337541 Z37.145632 E0.188812
G1 X139.018518 Y142.628852 Z37.147298 E0.188784
G1 X138.630222 Y142.910052 Z37.148964 E0.188756
G1 X138.234756 Y143.180951 Z37.150631 E0.188728
G1 X137.832395 Y143.441365 Z37.152297 E0.1887
G1 X137.423415 Y143.69112 Z37.153963 E0.188672
G1 X137.008088 Y143.930028 Z37.15563 E0.188644
G1 X136.586705 Y144.157933 Z37.157296 E0.188616
G1 X136.159565 Y144.374697 Z37.158962 E0.188587
G1 X135.726961 Y144.580173 Z37.160629 E0.188559
G1 X135.289194 Y144.774225 Z37.162295 E0.18853
G1 X134.846563 Y144.956723 Z37.163961 E0.188502
G1 X134.399375 Y145.127545 Z37.165628 E0.188473
G1 X133.947936 Y145.286579 Z37.167294 E0.188445
G1 X133.492557 Y145.433718 Z37.16896 E0.188416
G1 X133.033552 Y145.568866 Z37.170627 E0.188388
G1 X132.571237 Y145.691932 Z37.172293 E0.188359
G1 X132.105928 Y145.802838 Z37.173959 E0.188331
G1 X131.637944 Y145.901497 Z37.175625 E0.188302
G1 X131.167605 Y145.987833 Z37.177292 E0.188273
G1 X130.695239 Y146.061815 Z37.178958 E0.188245
G1 X130.221172 Y146.123397 Z37.180624 E0.188216
G1 X129.745727 Y146.17254 Z37.182291 E0.188187
G1 X129.269233 Y146.209215 Z37.183957 E0.188158
G1 X128.792014 Y146.233399 Z37.185623 E0.188129
G1 X128.3144 Y146.245081 Z37.18729 E0.1881
G1 X127.836717 Y146.244256 Z37.188956 E0.188071
G1 X127.359292 Y146.230929 Z37.190622 E0.188042
G1 X126.882453 Y146.205113 Z37.192289 E0.188014
G1 X126.406527 Y146.166828 Z37.193955 E0.187985
G1 X125.931839 Y146.116103 Z37.195621 E0.187956
G1 X125.45872 Y146.052943 Z37.197287 E0.187927
G1 X124.987489 Y145.97743 Z37.198954 E0.187897
G1 X124.51847 Y145.889622 Z37.20062 E0.187868
G1 X124.051983 Y145.789582 Z37.202286 E0.187839
G1 X123.588347 Y145.677381 Z37.203953 E0.18781
G1 X123.127879 Y145.553101 Z37.205619 E0.18778
G1 X122.670894 Y145.416832 Z37.207285 E0.187751
G1 X122.217703 Y145.268669 Z37.208952 E0.187722
G1 X121.768616 Y145.108718 Z37.210618 E0.187692
G1 X121.323939 Y144.937093 Z37.212284 E0.187663
G1 X120.883976 Y144.753914 Z37.213951 E0.187634
G1 X120.449028 Y144.559311 Z37.215617 E0.187604
G1 X120.019404 Y144.353392 Z37.217283 E0.187575
G1 X119.595387 Y144.136326 Z37.21895 E0.187545
G1 X119.177265 Y143.908269 Z37.220616 E0.187516
G1 X118.765321 Y143.669384 Z37.222282 E0.187486
G1 X118.359836 Y143.419835 Z37.223948 E0.187456
G1 X117.961086 Y143.159799 Z37.225615 E0.187427
G1 X117.569342 Y142.889457 Z37.227281 E0.187397
G1 X117.18487 Y142.608996 Z37.228947 E0.187367
G1 X116.807931 Y142.318613 Z37.230614 E0.187338
G1 X116.438782 Y142.018509 Z37.23228 E0.187308
G1 X116.077673 Y141.708894 Z37.233946 E0.187278
G1 X115.724848 Y141.389983 Z37.235613 E0.187249
G1 X115.380563 Y141.06198 Z37.237279 E0.187219
G1 X115.045048 Y140.725119 Z37.238945 E0.187189
G1 X114.718519 Y140.379646 Z37.240612 E0.187159
G1 X114.401196 Y140.025801 Z37.242278 E0.187129
G1 X114.093295 Y139.663828 Z37.243944 E0.187098
G1 X113.795023 Y139.293979 Z37.245611 E0.187068
G1 X113.506581 Y138.916509 Z37.247277 E0.187038
G1 X113.228164 Y138.531679 Z37.248943 E0.187008
G1 X112.95996 Y138.139757 Z37.250609 E0.186978
G1 X112.702149 Y137.741011 Z37.252276 E0.186948
G1 X112.454905 Y137.335719 Z37.253942 E0.186918
G1 X112.218393 Y136.924159 Z37.255608 E0.186888
G1 X111.992784 Y136.50661 Z37.257275 E0.186858
G1 X111.778241 Y136.083355 Z37.258941 E0.186827
G1 X111.574885 Y135.654699 Z37.260607 E0.186797
G1 X111.382851 Y135.220937 Z37.262274 E0.186766
G1 X111.202267 Y134.782368 Z37.26394 E0.186736
G1 X111.033254 Y134.339295 Z37.265606 E0.186705
G1 X110.875923 Y133.892022 Z37.267273 E0.186675
G1 X110.730378 Y133.440858 Z37.268939 E0.186644
G1 X110.596716 Y132.986112 Z37.270605 E0.186614
G1 X110.475023 Y132.528099 Z37.272271 E0.186583
G1 X110.36538 Y132.067132 Z37.273938 E0.186553
G1 X110.267858 Y131.603528 Z37.275604 E0.186522
G1 X110.182523 Y131.137606 Z37.27727 E0.186492
G1 X110.109462 Y130.669681 Z37.278937 E0.186461
G1 X110.048684 Y130.200082 Z37.280603 E0.18643
;WIDTH:1.200
; LINE_WIDTH: 1.200
;Z:37.661
;HEIGHT:0.380
G1 X110.000083 Y129.729144 Z37.282188 E0.182704
G1 X109.963832 Y129.257171 Z37.283772 E0.182675
G1 X109.939952 Y128.784484 Z37.285357 E0.182647
G1 X109.928457 Y128.311409 Z37.286942 E0.182618
G1 X109.929349 Y127.83827 Z37.288526 E0.182589
G1 X109.942625 Y127.365391 Z37.290111 E0.18256
G1 X109.968271 Y126.893097 Z37.291696 E0.182531
G1 X110.006266 Y126.42171 Z37.29328 E0.182503
G1 X110.05658 Y125.951553 Z37.294865 E0.182474
G1 X110.119174 Y125.482948 Z37.29645 E0.182445
G1 X110.194015 Y125.016219 Z37.298034 E0.182416
G1 X110.281058 Y124.551686 Z37.299619 E0.182387
G1 X110.380216 Y124.089666 Z37.301204 E0.182358
G1 X110.491418 Y123.630473 Z37.302788 E0.182329
G1 X110.614582 Y123.174422 Z37.304373 E0.1823
G1 X110.74962 Y122.721824 Z37.305958 E0.18227
G1 X110.896438 Y122.272987 Z37.307543 E0.182241
G1 X111.054929 Y121.828219 Z37.309127 E0.182212
G1 X111.224981 Y121.387823 Z37.310712 E0.182183
G1 X111.406475 Y120.9521 Z37.312297 E0.182154
G1 X111.599282 Y120.521346 Z37.313881 E0.182124
G1 X111.803267 Y120.095854 Z37.315466 E0.182095
G1 X112.018285 Y119.675916 Z37.317051 E0.182066
G1 X112.244202 Y119.261826 Z37.318635 E0.182037
G1 X112.480862 Y118.853867 Z37.32022 E0.182007
G1 X112.728079 Y118.45231 Z37.321805 E0.181978
G1 X112.985683 Y118.057425 Z37.323389 E0.181948
G1 X113.253491 Y117.669483 Z37.324974 E0.181919
G1 X113.531318 Y117.288746 Z37.326559 E0.181889
G1 X113.818971 Y116.915473 Z37.328143 E0.18186
G1 X114.116247 Y116.549918 Z37.329728 E0.18183
G1 X114.422942 Y116.192328 Z37.331313 E0.1818
G1 X114.738841 Y115.842946 Z37.332897 E0.181771
G1 X115.063725 Y115.502009 Z37.334482 E0.181741
G1 X115.397368 Y115.169748 Z37.336067 E0.181712
G1 X115.739539 Y114.846387 Z37.337651 E0.181682
G1 X116.090002 Y114.532146 Z37.339236 E0.181653
G1 X116.448512 Y114.227237 Z37.340821 E0.181623
G1 X116.814822 Y113.931866 Z37.342405 E0.181593
G1 X117.188677 Y113.646232 Z37.34399 E0.181564
G1 X117.569819 Y113.370528 Z37.345575 E0.181534
G1 X117.957985 Y113.104938 Z37.347159 E0.181505
G1 X118.352907 Y112.849643 Z37.348744 E0.181475
G1 X118.75431 Y112.604814 Z37.350329 E0.181446
G1 X119.161919 Y112.370614 Z37.351913 E0.181416
G1 X119.575451 Y112.147202 Z37.353498 E0.181386
G1 X119.994622 Y111.934726 Z37.355083 E0.181357
G1 X120.419142 Y111.733329 Z37.356667 E0.181327
G1 X120.848718 Y111.543145 Z37.358252 E0.181298
G1 X121.283056 Y111.364301 Z37.359837 E0.181268
G1 X121.721855 Y111.196917 Z37.361422 E0.181238
G1 X122.164812 Y111.041102 Z37.363006 E0.181209
G1 X122.611624 Y110.89696 Z37.364591 E0.181179
G1 X123.061983 Y110.764586 Z37.366176 E0.18115
G1 X123.515579 Y110.644066 Z37.36776 E0.18112
G1 X123.972099 Y110.535479 Z37.369345 E0.181091
G1 X124.43123 Y110.438896 Z37.37093 E0.181061
G1 X124.892657 Y110.354379 Z37.372514 E0.181031
G1 X125.356063 Y110.281983 Z37.374099 E0.181002
G1 X125.821129 Y110.221751 Z37.375684 E0.180972
G1 X126.287536 Y110.173723 Z37.377268 E0.180943
G1 X126.754964 Y110.137927 Z37.378853 E0.180913
G1 X127.223093 Y110.114384 Z37.380438 E0.180883
G1 X127.6916 Y110.103106 Z37.382022 E0.180854
G1 X128.160166 Y110.104096 Z37.383607 E0.180824
G1 X128.628468 Y110.11735 Z37.385192 E0.180795
G1 X129.096186 Y110.142854 Z37.386776 E0.180765
G1 X129.563 Y110.180587 Z37.388361 E0.180735
G1 X130.02859 Y110.23052 Z37.389946 E0.180706
G1 X130.492637 Y110.292613 Z37.39153 E0.180676
G1 X130.954824 Y110.366821 Z37.393115 E0.180647
G1 X131.414835 Y110.453088 Z37.3947 E0.180617
G1 X131.872354 Y110.551351 Z37.396284 E0.180587
G1 X132.32707 Y110.66154 Z37.397869 E0.180558
G1 X132.778671 Y110.783575 Z37.399454 E0.180528
G1 X133.22685 Y110.917369 Z37.401038 E0.180498
G1 X133.671299 Y111.062825 Z37.402623 E0.180469
G1 X134.111716 Y111.219841 Z37.404208 E0.180439
G1 X134.5478 Y111.388305 Z37.405792 E0.18041
G1 X134.979253 Y111.568097 Z37.407377 E0.18038
G1 X135.405783 Y111.75909 Z37.408962 E0.18035
G1 X135.827097 Y111.961151 Z37.410546 E0.180321
G1 X136.242908 Y112.174137 Z37.412131 E0.180291
G1 X136.652935 Y112.397898 Z37.413716 E0.180262
G1 X137.056897 Y112.632277 Z37.4153 E0.180232
G1 X137.454519 Y112.877111 Z37.416885 E0.180202
G1 X137.845532 Y113.132228 Z37.41847 E0.180173
G1 F386 X138.229669 Y113.39745 Z37.420055 E0.180143
G1 X138.606669 Y113.672592 Z37.421639 E0.180113
G1 X138.976276 Y113.957463 Z37.423224 E0.180084
G1 X139.338239 Y114.251862 Z37.424809 E0.180054
G1 X139.692314 Y114.555587 Z37.426393 E0.180025
G1 X140.038259 Y114.868425 Z37.427978 E0.179995
G1 X140.375841 Y115.190159 Z37.429563 E0.179965
G1 X140.70483 Y115.520565 Z37.431147 E0.179936
G1 X141.025005 Y115.859415 Z37.432732 E0.179906
G1 X141.336148 Y116.206473 Z37.434317 E0.179876
G1 X141.63805 Y116.561498 Z37.435901 E0.179847
G1 X141.930506 Y116.924246 Z37.437486 E0.179817
G1 X142.213319 Y117.294464 Z37.439071 E0.179788
G1 X142.486299 Y117.671896 Z37.440655 E0.179758
G1 X142.74926 Y118.056282 Z37.44224 E0.179728
G1 X143.002028 Y118.447356 Z37.443825 E0.179699
G1 X143.244431 Y118.844847 Z37.445409 E0.179669
G1 X143.476307 Y119.248481 Z37.446994 E0.179639
G1 X143.697501 Y119.657979 Z37.448579 E0.17961
G1 X143.907865 Y120.073059 Z37.450163 E0.17958
G1 X144.107258 Y120.493434 Z37.451748 E0.17955
G1 X144.295546 Y120.918815 Z37.453333 E0.179521
G1 X144.472606 Y121.348907 Z37.454917 E0.179491
G1 X144.638318 Y121.783416 Z37.456502 E0.179462
G1 X144.792574 Y122.222041 Z37.458087 E0.179432
G1 X144.93527 Y122.664481 Z37.459671 E0.179402
G1 X145.066314 Y123.110431 Z37.461256 E0.179373
G1 X145.185618 Y123.559585 Z37.462841 E0.179343
G1 X145.293106 Y124.011633 Z37.464425 E0.179313
G1 X145.388707 Y124.466265 Z37.46601 E0.179284
G1 X145.47236 Y124.923168 Z37.467595 E0.179254
G1 X145.544012 Y125.382029 Z37.469179 E0.179224
G1 X145.603618 Y125.842532 Z37.470764 E0.179195
G1 X145.65114 Y126.30436 Z37.472349 E0.179165
G1 X145.68655 Y126.767199 Z37.473934 E0.179135
G1 X145.709828 Y127.230728 Z37.475518 E0.179106
G1 X145.720962 Y127.694632 Z37.477103 E0.179076
G1 X145.719949 Y128.158591 Z37.478688 E0.179047
G1 X145.706792 Y128.622288 Z37.480272 E0.179017
G1 X145.681504 Y129.085404 Z37.481857 E0.178987
G1 X145.644107 Y129.547624 Z37.483442 E0.178958
G1 X145.594631 Y130.008629 Z37.485026 E0.178928
G1 X145.533113 Y130.468105 Z37.486611 E0.178898
G1 X145.459601 Y130.925737 Z37.488196 E0.178869
G1 X145.374148 Y131.381213 Z37.48978 E0.178839
G1 X145.276817 Y131.83422 Z37.491365 E0.178809
G1 X145.167679 Y132.284449 Z37.49295 E0.17878
G1 X145.046813 Y132.731593 Z37.494534 E0.17875
G1 X144.914304 Y133.175346 Z37.496119 E0.17872
G1 X144.770248 Y133.615405 Z37.497704 E0.178691
G1 X144.614747 Y134.051469 Z37.499288 E0.178661
G1 X144.447913 Y134.483242 Z37.500873 E0.178631
G1 X144.269861 Y134.910428 Z37.502458 E0.178602
G1 X144.080718 Y135.332736 Z37.504042 E0.178572
G1 X143.880619 Y135.749879 Z37.505627 E0.178542
G1 X143.669703 Y136.161572 Z37.507212 E0.178512
G1 X143.448119 Y136.567535 Z37.508796 E0.178483
G1 X143.216022 Y136.967492 Z37.510381 E0.178453
G1 X142.973575 Y137.361171 Z37.511966 E0.178423
G1 X142.720948 Y137.748304 Z37.51355 E0.178394
G1 X142.458316 Y138.128627 Z37.515135 E0.178364
G1 X142.185864 Y138.501882 Z37.51672 E0.178334
G1 X141.90378 Y138.867817 Z37.518304 E0.178305
G1 X141.612263 Y139.226182 Z37.519889 E0.178275
G1 X141.311514 Y139.576735 Z37.521474 E0.178245
G1 X141.001743 Y139.919236 Z37.523058 E0.178216
G1 X140.683165 Y140.253456 Z37.524643 E0.178186
G1 X140.356001 Y140.579167 Z37.526228 E0.178156
G1 X140.020478 Y140.896149 Z37.527812 E0.178127
G1 X139.676831 Y141.204187 Z37.529397 E0.178097
G1 X139.325295 Y141.503074 Z37.530982 E0.178067
G1 X138.966116 Y141.792608 Z37.532567 E0.178037
G1 X138.599541 Y142.072594 Z37.534151 E0.178008
G1 X138.225825 Y142.342842 Z37.535736 E0.177978
G1 X137.845227 Y142.603171 Z37.537321 E0.177948
G1 X137.458008 Y142.853406 Z37.538905 E0.177919
G1 X137.064437 Y143.093378 Z37.54049 E0.177889
G1 X136.664785 Y143.322927 Z37.542075 E0.177859
G1 X136.259329 Y143.541897 Z37.543659 E0.17783
G1 X135.848348 Y143.750144 Z37.545244 E0.1778
G1 X135.432126 Y143.947528 Z37.546829 E0.17777
G1 X135.01095 Y144.133917 Z37.548413 E0.177741
G1 X134.58511 Y144.309187 Z37.549998 E0.177711
G1 X134.1549 Y144.473223 Z37.551583 E0.177681
G1 X133.720615 Y144.625914 Z37.553167 E0.177651
G1 X133.282556 Y144.767161 Z37.554752 E0.177622
G1 X132.841023 Y144.89687 Z37.556337 E0.177592
G1 X132.39632 Y145.014956 Z37.557921 E0.177562
G1 X131.948753 Y145.121343 Z37.559506 E0.177533
G1 X131.49863 Y145.215961 Z37.561091 E0.177503
G1 X131.04626 Y145.298749 Z37.562675 E0.177473
G1 X130.591953 Y145.369655 Z37.56426 E0.177444
G1 X130.136023 Y145.428633 Z37.565845 E0.177414
G1 X129.678781 Y145.475647 Z37.567429 E0.177384
G1 X129.220542 Y145.51067 Z37.569014 E0.177354
G1 X128.76162 Y145.533681 Z37.570599 E0.177325
G1 X128.30233 Y145.544669 Z37.572183 E0.177295
G1 X127.842987 Y145.54363 Z37.573768 E0.177265
G1 X127.383906 Y145.530569 Z37.575353 E0.177236
G1 X126.9254 Y145.505499 Z37.576937 E0.177206
G1 X126.467785 Y145.46844 Z37.578522 E0.177176
G1 X126.011373 Y145.419423 Z37.580107 E0.177146
G1 X125.556477 Y145.358486 Z37.581691 E0.177117
G1 X125.103408 Y145.285673 Z37.583276 E0.177087
G1 X124.652477 Y145.201037 Z37.584861 E0.177057
G1 X124.203991 Y145.104643 Z37.586446 E0.177028
G1 X123.758256 Y144.996559 Z37.58803 E0.176998
G1 X123.315579 Y144.876864 Z37.589615 E0.176968
G1 X122.87626 Y144.745643 Z37.5912 E0.176938
G1 X122.4406 Y144.602991 Z37.592784 E0.176909
G1 X122.008897 Y144.449009 Z37.594369 E0.176879
G1 X121.581444 Y144.283807 Z37.595954 E0.176849
G1 X121.158533 Y144.1075 Z37.597538 E0.176819
G1 X120.740453 Y143.920215 Z37.599123 E0.17679
G1 X120.327488 Y143.722083 Z37.600708 E0.17676
G1 X119.91992 Y143.513243 Z37.602292 E0.17673
G1 X119.518027 Y143.293842 Z37.603877 E0.176701
G1 X119.122082 Y143.064033 Z37.605462 E0.176671
G1 X118.732354 Y142.823979 Z37.607046 E0.176641
G1 X118.349108 Y142.573846 Z37.608631 E0.176611
G1 X117.972605 Y142.313811 Z37.610216 E0.176582
G1 X117.6031 Y142.044054 Z37.6118 E0.176552
G1 X117.240845 Y141.764763 Z37.613385 E0.176522
G1 X116.886085 Y141.476134 Z37.61497 E0.176492
G1 X116.539061 Y141.178367 Z37.616554 E0.176463
G1 X116.200008 Y140.871669 Z37.618139 E0.176433
G1 X115.869155 Y140.556254 Z37.619724 E0.176403
G1 X115.546727 Y140.23234 Z37.621308 E0.176374
G1 X115.232942 Y139.900153 Z37.622893 E0.176344
G1 X114.928012 Y139.559923 Z37.624478 E0.176314
G1 X114.632144 Y139.211885 Z37.626062 E0.176284
G1 X114.345537 Y138.856281 Z37.627647 E0.176255
G1 X114.068383 Y138.493357 Z37.629232 E0.176225
G1 X113.80087 Y138.123365 Z37.630816 E0.176195
G1 X113.543178 Y137.74656 Z37.632401 E0.176165
G1 X113.295481 Y137.363203 Z37.633986 E0.176136
G1 X113.057943 Y136.97356 Z37.63557 E0.176106
G1 X112.830726 Y136.577898 Z37.637155 E0.176076
G1 X112.613981 Y136.176492 Z37.63874 E0.176046
G1 X112.407853 Y135.769618 Z37.640325 E0.176017
G1 X112.21248 Y135.357557 Z37.641909 E0.175987
G1 X112.027991 Y134.940593 Z37.643494 E0.175957
G1 X111.85453 Y134.519006 Z37.645079 E0.175927
G1 X111.692219 Y134.093086 Z37.646663 E0.175897
G1 X111.541139 Y133.663136 Z37.648248 E0.175867
G1 X111.40139 Y133.229453 Z37.649833 E0.175837
G1 X111.273064 Y132.792336 Z37.651417 E0.175807
G1 X111.156245 Y132.352085 Z37.653002 E0.175776
G1 X111.051009 Y131.909003 Z37.654587 E0.175746
G1 X110.957424 Y131.463394 Z37.656171 E0.175716
G1 X110.875551 Y131.015566 Z37.657756 E0.175686
G1 X110.805441 Y130.565825 Z37.659341 E0.175655
G1 X110.747138 Y130.11448 Z37.660925 E0.175625
;WIDTH:1.200
; LINE_WIDTH: 1.200
;Z:38.021
;HEIGHT:0.360
G1 X110.700521 Y129.661858 Z37.662426 E0.178167
G1 X110.665775 Y129.208243 Z37.663927 E0.178138
G1 X110.642937 Y128.753948 Z37.665428 E0.178108
G1 X110.632028 Y128.299285 Z37.666928 E0.178079
G1 X110.633025 Y127.844568 Z37.668429 E0.17805
G1 X110.645923 Y127.390108 Z37.66993 E0.17802
G1 X110.670709 Y126.936217 Z37.671431 E0.177991
G1 X110.707363 Y126.483205 Z37.672931 E0.177961
G1 X110.755855 Y126.031383 Z37.674432 E0.177932
G1 X110.816148 Y125.58106 Z37.675933 E0.177902
G1 X110.888197 Y125.132544 Z37.677434 E0.177873
G1 X110.971949 Y124.686142 Z37.678934 E0.177843
G1 X111.067342 Y124.242159 Z37.680435 E0.177813
G1 X111.174307 Y123.800899 Z37.681936 E0.177784
G1 X111.292767 Y123.362663 Z37.683437 E0.177754
G1 X111.422638 Y122.92775 Z37.684937 E0.177725
G1 X111.56386 Y122.496469 Z37.686438 E0.177695
G1 X111.716306 Y122.069108 Z37.687939 E0.177665
G1 X111.87986 Y121.645956 Z37.68944 E0.177635
G1 X112.054406 Y121.227301 Z37.69094 E0.177605
G1 X112.23982 Y120.813428 Z37.692441 E0.177575
G1 X112.435972 Y120.40462 Z37.693942 E0.177545
G1 X112.642723 Y120.001155 Z37.695443 E0.177515
G1 X112.859929 Y119.603308 Z37.696943 E0.177485
G1 X113.087437 Y119.21135 Z37.698444 E0.177456
G1 X113.325088 Y118.825547 Z37.699945 E0.177426
G1 X113.572714 Y118.446161 Z37.701446 E0.177396
G1 X113.830144 Y118.073451 Z37.702946 E0.177366
G1 X114.097198 Y117.707669 Z37.704447 E0.177336
G1 X114.373696 Y117.349071 Z37.705948 E0.177306
G1 X114.659465 Y116.997915 Z37.707449 E0.177275
G1 X114.954279 Y116.65442 Z37.708949 E0.177245
G1 X115.257932 Y116.318818 Z37.71045 E0.177214
G1 X115.570212 Y115.991336 Z37.711951 E0.177184
G1 X115.890903 Y115.672197 Z37.713452 E0.177154
G1 X116.219782 Y115.361615 Z37.714952 E0.177123
G1 X116.556621 Y115.0598 Z37.716453 E0.177093
G1 X116.901186 Y114.766958 Z37.717954 E0.177062
G1 X117.253238 Y114.483284 Z37.719455 E0.177032
G1 X117.612535 Y114.208971 Z37.720955 E0.177001
G1 X117.978825 Y113.944203 Z37.722456 E0.176971
G1 X118.351858 Y113.689159 Z37.723957 E0.17694
G1 X118.731373 Y113.44401 Z37.725458 E0.17691
G1 X119.117125 Y113.208944 Z37.726958 E0.17688
G1 X119.508838 Y112.984111 Z37.728459 E0.176849
G1 X119.906233 Y112.769646 Z37.72996 E0.176818
G1 X120.309035 Y112.565694 Z37.731461 E0.176787
G1 X120.716968 Y112.372391 Z37.732961 E0.176756
G1 X121.129748 Y112.189864 Z37.734462 E0.176725
G1 X121.547093 Y112.018236 Z37.735963 E0.176694
G1 X121.968713 Y111.85762 Z37.737464 E0.176663
G1 X122.394319 Y111.708122 Z37.738964 E0.176632
G1 X122.823618 Y111.569842 Z37.740465 E0.176601
G1 X123.256314 Y111.442869 Z37.741966 E0.176571
G1 X123.692109 Y111.327287 Z37.743467 E0.17654
G1 X124.130704 Y111.223171 Z37.744967 E0.176509
G1 X124.571797 Y111.13059 Z37.746468 E0.176478
G1 X125.015092 Y111.049645 Z37.747969 E0.176447
G1 X125.460275 Y110.980345 Z37.74947 E0.176415
G1 X125.90704 Y110.922733 Z37.75097 E0.176384
G1 X126.355081 Y110.876845 Z37.752471 E0.176353
G1 X126.804089 Y110.842707 Z37.753972 E0.176321
G1 X127.253757 Y110.820339 Z37.755473 E0.17629
G1 X127.703777 Y110.809752 Z37.756973 E0.176259
G1 X128.153839 Y110.810949 Z37.758474 E0.176227
G1 X128.603636 Y110.823926 Z37.759975 E0.176196
G1 X129.052859 Y110.848668 Z37.761476 E0.176164
G1 X129.5012 Y110.885155 Z37.762976 E0.176133
G1 X129.948353 Y110.933358 Z37.764477 E0.176102
G1 X130.394011 Y110.993239 Z37.765978 E0.17607
G1 X130.837867 Y111.064773 Z37.767479 E0.176039
G1 X131.279614 Y111.147911 Z37.768979 E0.176007
G1 X131.718953 Y111.242569 Z37.77048 E0.175975
G1 X132.155585 Y111.348676 Z37.771981 E0.175944
G1 X132.589211 Y111.466155 Z37.773482 E0.175912
G1 X133.019535 Y111.594923 Z37.774983 E0.17588
G1 X133.446264 Y111.734886 Z37.776483 E0.175848
G1 X133.869106 Y111.885945 Z37.777984 E0.175816
G1 X134.287772 Y112.047991 Z37.779485 E0.175784
G1 X134.701978 Y112.220911 Z37.780986 E0.175753
G1 X135.111441 Y112.404582 Z37.782486 E0.175721
G1 X135.515883 Y112.598873 Z37.783987 E0.175689
G1 X135.915027 Y112.803649 Z37.785488 E0.175657
G1 X136.308602 Y113.018764 Z37.786989 E0.175625
G1 X136.69634 Y113.244068 Z37.788489 E0.175593
G1 X137.077978 Y113.479404 Z37.78999 E0.175561
G1 X137.453256 Y113.724604 Z37.791491 E0.17553
G1 X137.82192 Y113.979499 Z37.792992 E0.175498
G1 X138.183719 Y114.243909 Z37.794492 E0.175466
G1 X138.538408 Y114.51765 Z37.795993 E0.175434
G1 X138.885746 Y114.800531 Z37.797494 E0.175402
G1 X139.225498 Y115.092355 Z37.798995 E0.17537
G1 X139.557434 Y115.392918 Z37.800495 E0.175338
G1 X139.881329 Y115.702012 Z37.801996 E0.175307
G1 X140.196965 Y116.019421 Z37.803497 E0.175275
G1 X140.504127 Y116.344924 Z37.804998 E0.175243
G1 X140.802608 Y116.678297 Z37.806498 E0.175211
G1 X141.092207 Y117.019307 Z37.807999 E0.175179
G1 X141.372728 Y117.367719 Z37.8095 E0.175147
G1 X141.643982 Y117.723291 Z37.811001 E0.175115
G1 X141.905788 Y118.085775 Z37.812501 E0.175084
G1 X142.157969 Y118.454922 Z37.814002 E0.175052
G1 X142.400355 Y118.830475 Z37.815503 E0.17502
G1 X142.632785 Y119.212175 Z37.817004 E0.174988
G1 X142.855103 Y119.599759 Z37.818504 E0.174956
G1 X143.067159 Y119.992958 Z37.820005 E0.174924
G1 X143.268813 Y120.391501 Z37.821506 E0.174892
G1 X143.459929 Y120.795113 Z37.823007 E0.17486
G1 X143.640382 Y121.203515 Z37.824507 E0.174829
G1 X143.81005 Y121.616425 Z37.826008 E0.174797
G1 X143.968822 Y122.03356 Z37.827509 E0.174765
G1 X144.11662 Y122.454622 Z37.82901 E0.174733
G1 X144.253334 Y122.879327 Z37.83051 E0.174701
G1 X144.37886 Y123.307389 Z37.832011 E0.17467
G1 X144.493118 Y123.738513 Z37.833512 E0.174639
G1 X144.596031 Y124.172402 Z37.835013 E0.174607
G1 X144.687535 Y124.608757 Z37.836513 E0.174576
G1 X144.767569 Y125.04728 Z37.838014 E0.174544
G1 X144.836084 Y125.487668 Z37.839515 E0.174513
G1 F351 X144.893037 Y125.929619 Z37.841016 E0.174482
G1 X144.938393 Y126.37283 Z37.842516 E0.17445
G1 X144.972125 Y126.816996 Z37.844017 E0.174419
G1 X144.994213 Y127.261813 Z37.845518 E0.174387
G1 X145.004648 Y127.706975 Z37.847019 E0.174356
G1 X145.003427 Y128.152178 Z37.848519 E0.174324
G1 X144.990597 Y128.597118 Z37.85002 E0.174293
G1 X144.966127 Y129.04149 Z37.851521 E0.174262
G1 X144.93004 Y129.48499 Z37.853022 E0.174231
G1 X144.882363 Y129.927315 Z37.854522 E0.1742
G1 X144.823134 Y130.368162 Z37.856023 E0.174169
G1 X144.752397 Y130.80723 Z37.857524 E0.174138
G1 X144.670205 Y131.244217 Z37.859025 E0.174107
G1 X144.576619 Y131.678826 Z37.860525 E0.174076
G1 X144.471706 Y132.110759 Z37.862026 E0.174045
G1 X144.355542 Y132.539721 Z37.863527 E0.174014
G1 X144.228211 Y132.965419 Z37.865028 E0.173983
G1 X144.089805 Y133.387563 Z37.866528 E0.173952
G1 X143.940422 Y133.805864 Z37.868029 E0.173921
G1 X143.780186 Y134.220045 Z37.86953 E0.17389
G1 X143.609215 Y134.629826 Z37.871031 E0.17386
G1 X143.427607 Y135.03492 Z37.872531 E0.173829
G1 X143.235491 Y135.435051 Z37.874032 E0.173799
G1 X143.033002 Y135.829946 Z37.875533 E0.173768
G1 X142.820281 Y136.219336 Z37.877034 E0.173738
G1 X142.59748 Y136.602957 Z37.878534 E0.173707
G1 X142.364753 Y136.980548 Z37.880035 E0.173676
G1 X142.122263 Y137.351851 Z37.881536 E0.173646
G1 X141.870182 Y137.716615 Z37.883037 E0.173615
G1 X141.608683 Y138.074592 Z37.884537 E0.173585
G1 X141.337951 Y138.42554 Z37.886038 E0.173554
G1 X141.058174 Y138.769219 Z37.887539 E0.173524
G1 X140.769546 Y139.105397 Z37.88904 E0.173493
G1 X140.472297 Y139.433871 Z37.89054 E0.173463
G1 X140.166608 Y139.754401 Z37.892041 E0.173433
G1 X139.852688 Y140.066763 Z37.893542 E0.173403
G1 X139.530754 Y140.370749 Z37.895043 E0.173373
G1 X139.20103 Y140.666151 Z37.896543 E0.173342
G1 X138.863745 Y140.952771 Z37.898044 E0.173312
G1 X138.519131 Y141.230414 Z37.899545 E0.173282
G1 X138.167429 Y141.498895 Z37.901046 E0.173252
G1 X137.808881 Y141.758032 Z37.902546 E0.173222
G1 X137.443736 Y142.00765 Z37.904047 E0.173192
G1 X137.072246 Y142.247583 Z37.905548 E0.173162
G1 X136.694668 Y142.477668 Z37.907049 E0.173132
G1 X136.311262 Y142.697752 Z37.908549 E0.173102
G1 X135.9223 Y142.907697 Z37.91005 E0.173072
G1 X135.528058 Y143.107382 Z37.911551 E0.173042
G1 X135.128791 Y143.296646 Z37.913052 E0.173012
G1 X134.724777 Y143.475363 Z37.914553 E0.172983
G1 X134.316292 Y143.643413 Z37.916053 E0.172953
G1 X133.903619 Y143.800685 Z37.917554 E0.172923
G1 X133.487041 Y143.947075 Z37.919055 E0.172894
G1 X133.066847 Y144.082487 Z37.920556 E0.172864
G1 X132.643323 Y144.206831 Z37.922056 E0.172834
G1 X132.216764 Y144.320025 Z37.923557 E0.172805
G1 X131.78746 Y144.421998 Z37.925058 E0.172775
G1 X131.355709 Y144.512681 Z37.926559 E0.172745
G1 X130.921806 Y144.592017 Z37.928059 E0.172716
G1 X130.48605 Y144.659956 Z37.92956 E0.172686
G1 X130.048743 Y144.716482 Z37.931061 E0.172657
G1 X129.610182 Y144.761549 Z37.932562 E0.172627
G1 X129.170666 Y144.795114 Z37.934062 E0.172598
G1 X128.730496 Y144.817158 Z37.935563 E0.172569
G1 X128.289975 Y144.82767 Z37.937064 E0.17254
G1 X127.849404 Y144.826647 Z37.938565 E0.172511
G1 X127.409085 Y144.814093 Z37.940065 E0.172481
G1 X126.969321 Y144.79002 Z37.941566 E0.172452
G1 X126.530411 Y144.75445 Z37.943067 E0.172423
G1 X126.092658 Y144.70741 Z37.944568 E0.172394
G1 X125.656359 Y144.648936 Z37.946068 E0.172365
G1 X125.221814 Y144.579073 Z37.947569 E0.172335
G1 X124.789321 Y144.497872 Z37.94907 E0.172306
G1 X124.359174 Y144.405393 Z37.950571 E0.172277
G1 X123.931669 Y144.301701 Z37.952071 E0.172248
G1 X123.507096 Y144.186873 Z37.953572 E0.172219
G1 X123.085746 Y144.06099 Z37.955073 E0.172189
G1 X122.667907 Y143.924145 Z37.956574 E0.17216
G1 X122.253864 Y143.776433 Z37.958074 E0.172131
G1 X121.843899 Y143.617959 Z37.959575 E0.172102
G1 X121.438292 Y143.448837 Z37.961076 E0.172073
G1 X121.03732 Y143.269185 Z37.962577 E0.172043
G1 X120.641255 Y143.07913 Z37.964077 E0.172014
G1 X120.250367 Y142.878806 Z37.965578 E0.171985
G1 X119.864923 Y142.668354 Z37.967079 E0.171956
G1 X119.485185 Y142.447921 Z37.96858 E0.171927
G1 X119.11141 Y142.217662 Z37.97008 E0.171897
G1 X118.743866 Y141.977721 Z37.971581 E0.171868
G1 X118.382805 Y141.728263 Z37.973082 E0.171839
G1 X118.028459 Y141.469483 Z37.974583 E0.171809
G1 X117.681068 Y141.201562 Z37.976083 E0.171779
G1 X117.34087 Y140.924687 Z37.977584 E0.17175
G1 X117.008093 Y140.63905 Z37.979085 E0.17172
G1 X116.682964 Y140.344851 Z37.980586 E0.17169
G1 X116.365703 Y140.042293 Z37.982086 E0.171661
G1 X116.056524 Y139.731588 Z37.983587 E0.171631
G1 X115.755637 Y139.41295 Z37.985088 E0.171601
G1 X115.463245 Y139.086601 Z37.986589 E0.171572
G1 X115.179546 Y138.752768 Z37.988089 E0.171542
G1 X114.90473 Y138.411681 Z37.98959 E0.171512
G1 X114.638984 Y138.063578 Z37.991091 E0.171483
G1 X114.382518 Y137.708675 Z37.992592 E0.171453
G1 X114.135478 Y137.347241 Z37.994092 E0.171423
G1 X113.898027 Y136.979528 Z37.995593 E0.171393
G1 X113.670323 Y136.605791 Z37.997094 E0.171362
G1 X113.45252 Y136.226287 Z37.998595 E0.171332
G1 X113.244762 Y135.84128 Z38.000095 E0.171302
G1 X113.047189 Y135.451035 Z38.001596 E0.171272
G1 X112.859932 Y135.05582 Z38.003097 E0.171242
G1 X112.683117 Y134.65591 Z38.004598 E0.171212
G1 X112.51686 Y134.251579 Z38.006098 E0.171182
G1 X112.361273 Y133.843107 Z38.007599 E0.171151
G1 X112.216457 Y133.430774 Z38.0091 E0.171121
G1 X112.082509 Y133.014864 Z38.010601 E0.171091
G1 X111.959528 Y132.595661 Z38.012101 E0.171061
G1 X111.847614 Y132.173449 Z38.013602 E0.171031
G1 X111.74681 Y131.748528 Z38.015103 E0.171
G1 X111.65718 Y131.32119 Z38.016604 E0.170969
G1 X111.578782 Y130.891729 Z38.018104 E0.170939
G1 X111.511665 Y130.46044 Z38.019605 E0.170908
G1 X111.455872 Y130.027619 Z38.021106 E0.170878
;WIDTH:1.200
; LINE_WIDTH: 1.200
;Z:38.362
;HEIGHT:0.341
G1 X111.411279 Y129.593579 Z38.022527 E0.168284
G1 X111.378069 Y129.158595 Z38.023949 E0.168255
G1 X111.356261 Y128.722963 Z38.02537 E0.168227
G1 X111.345867 Y128.286985 Z38.026792 E0.168198
G1 X111.346888 Y127.850957 Z38.028213 E0.16817
G1 X111.359322 Y127.41518 Z38.029634 E0.168141
G1 X111.383156 Y126.979951 Z38.031056 E0.168113
G1 X111.41838 Y126.545571 Z38.032477 E0.168084
G1 X111.464986 Y126.112338 Z38.033899 E0.168055
G1 X111.522908 Y125.680549 Z38.03532 E0.168026
G1 X111.592101 Y125.250498 Z38.036741 E0.167997
G1 X111.672515 Y124.82248 Z38.038163 E0.167968
G1 X111.76409 Y124.396787 Z38.039584 E0.167939
G1 X111.86676 Y123.97371 Z38.041006 E0.16791
G1 X111.98045 Y123.553539 Z38.042427 E0.167881
G1 X112.105079 Y123.136559 Z38.043848 E0.167852
G1 X112.240558 Y122.723057 Z38.04527 E0.167823
G1 X112.386789 Y122.313313 Z38.046691 E0.167794
G1 X112.54367 Y121.907609 Z38.048113 E0.167765
G1 X112.711089 Y121.506219 Z38.049534 E0.167736
G1 X112.888927 Y121.109418 Z38.050956 E0.167707
G1 X113.077059 Y120.717476 Z38.052377 E0.167678
G1 X113.275388 Y120.330679 Z38.053798 E0.167649
G1 X113.483741 Y119.949274 Z38.05522 E0.16762
G1 X113.701968 Y119.573521 Z38.056641 E0.167591
G1 X113.929918 Y119.203674 Z38.058063 E0.167561
G1 X114.167429 Y118.839985 Z38.059484 E0.167532
G1 X114.414336 Y118.482701 Z38.060905 E0.167502
G1 X114.670467 Y118.132065 Z38.062327 E0.167473
G1 X114.935643 Y117.788314 Z38.063748 E0.167443
G1 X115.209678 Y117.451682 Z38.06517 E0.167414
G1 X115.492382 Y117.122396 Z38.066591 E0.167385
G1 X115.783558 Y116.800681 Z38.068012 E0.167355
G1 X116.083003 Y116.486754 Z38.069434 E0.167326
G1 X116.39051 Y116.180827 Z38.070855 E0.167296
G1 X116.705865 Y115.883107 Z38.072277 E0.167267
G1 X117.028864 Y115.593814 Z38.073698 E0.167238
G1 X117.359279 Y115.313139 Z38.075119 E0.167208
G1 X117.696869 Y115.041259 Z38.076541 E0.167178
G1 X118.041398 Y114.778356 Z38.077962 E0.167148
G1 X118.392629 Y114.524608 Z38.079384 E0.167118
G1 X118.750318 Y114.280186 Z38.080805 E0.167088
G1 X119.114219 Y114.045252 Z38.082226 E0.167059
G1 X119.484078 Y113.819966 Z38.083648 E0.167029
G1 X119.859642 Y113.604477 Z38.085069 E0.166999
G1 X120.240649 Y113.398931 Z38.086491 E0.166969
G1 X120.626838 Y113.203464 Z38.087912 E0.166939
G1 X121.017942 Y113.018208 Z38.089333 E0.166909
G1 X121.41369 Y112.843284 Z38.090755 E0.166879
G1 X121.81381 Y112.678809 Z38.092176 E0.16685
G1 X122.21803 Y112.524901 Z38.093598 E0.16682
G1 X122.626078 Y112.381686 Z38.095019 E0.16679
G1 X123.037661 Y112.249227 Z38.096441 E0.166759
G1 X123.452495 Y112.127609 Z38.097862 E0.166729
G1 X123.870294 Y112.016913 Z38.099283 E0.166699
G1 X124.290772 Y111.91721 Z38.100705 E0.166669
G1 X124.713639 Y111.828564 Z38.102126 E0.166638
G1 X125.138604 Y111.751033 Z38.103548 E0.166608
G1 X125.565376 Y111.684666 Z38.104969 E0.166578
G1 X125.993661 Y111.629503 Z38.10639 E0.166547
G1 X126.423165 Y111.585579 Z38.107812 E0.166517
G1 X126.853593 Y111.552919 Z38.109233 E0.166487
G1 X127.28465 Y111.531543 Z38.110655 E0.166457
G1 X127.716041 Y111.52146 Z38.112076 E0.166426
G1 X128.14747 Y111.522673 Z38.113497 E0.166396
G1 X128.578639 Y111.535215 Z38.114919 E0.166366
G1 X129.009252 Y111.559041 Z38.11634 E0.166335
G1 X129.439014 Y111.594126 Z38.117762 E0.166304
G1 X129.867631 Y111.640441 Z38.119183 E0.166274
G1 X130.29481 Y111.697949 Z38.120604 E0.166243
G1 X130.720259 Y111.766608 Z38.122026 E0.166212
G1 X131.143686 Y111.846366 Z38.123447 E0.166181
G1 X131.564802 Y111.937165 Z38.124869 E0.166151
G1 X131.98332 Y112.038938 Z38.12629 E0.16612
G1 X132.398953 Y112.151611 Z38.127711 E0.166089
G1 X132.811418 Y112.275103 Z38.129133 E0.166058
G1 X133.220432 Y112.409326 Z38.130554 E0.166028
G1 X133.625718 Y112.554183 Z38.131976 E0.165997
G1 X134.026999 Y112.709571 Z38.133397 E0.165966
G1 X134.424 Y112.875381 Z38.134819 E0.165936
G1 X134.816452 Y113.051494 Z38.13624 E0.165905
G1 X135.204088 Y113.237786 Z38.137661 E0.165874
G1 X135.586643 Y113.434125 Z38.139083 E0.165843
G1 X135.963857 Y113.640374 Z38.140504 E0.165813
G1 X136.335473 Y113.856386 Z38.141926 E0.165782
G1 X136.70124 Y114.082011 Z38.143347 E0.165751
G1 X137.060908 Y114.317091 Z38.144768 E0.16572
G1 X137.414233 Y114.56146 Z38.14619 E0.16569
G1 X137.760976 Y114.814947 Z38.147611 E0.165659
G1 X138.100901 Y115.077376 Z38.149033 E0.165628
G1 X138.433778 Y115.348564 Z38.150454 E0.165597
G1 X138.759381 Y115.62832 Z38.151875 E0.165567
G1 X139.07749 Y115.916451 Z38.153297 E0.165536
G1 X139.387889 Y116.212756 Z38.154718 E0.165505
G1 X139.690369 Y116.517029 Z38.15614 E0.165475
G1 X139.984725 Y116.829058 Z38.157561 E0.165444
G1 X140.270758 Y117.148627 Z38.158982 E0.165413
G1 X140.548276 Y117.475513 Z38.160404 E0.165382
G1 X140.817092 Y117.80949 Z38.161825 E0.165352
G1 X141.077025 Y118.150326 Z38.163247 E0.165321
G1 X141.327899 Y118.497785 Z38.164668 E0.16529
G1 X141.569546 Y118.851627 Z38.166089 E0.165259
G1 X141.801804 Y119.211607 Z38.167511 E0.165229
G1 X142.024518 Y119.577475 Z38.168932 E0.165198
G1 X142.237538 Y119.948979 Z38.170354 E0.165167
G1 X142.440722 Y120.325862 Z38.171775 E0.165136
G1 X142.633933 Y120.707863 Z38.173197 E0.165106
G1 X142.817045 Y121.09472 Z38.174618 E0.165075
G1 X142.989934 Y121.486165 Z38.176039 E0.165044
G1 X143.152486 Y121.881928 Z38.177461 E0.165013
G1 X143.304593 Y122.281736 Z38.178882 E0.164983
G1 X143.446156 Y122.685314 Z38.180304 E0.164952
G1 X143.57708 Y123.092384 Z38.181725 E0.164921
G1 X143.697281 Y123.502664 Z38.183146 E0.16489
G1 X143.80668 Y123.915874 Z38.184568 E0.16486
G1 X143.905206 Y124.331729 Z38.185989 E0.164829
G1 X143.992796 Y124.749942 Z38.187411 E0.164798
G1 X144.069393 Y125.170227 Z38.188832 E0.164767
G1 X144.134949 Y125.592293 Z38.190253 E0.164737
G1 X144.189424 Y126.015853 Z38.191675 E0.164706
G1 X144.232783 Y126.440614 Z38.193096 E0.164675
G1 X144.265003 Y126.866284 Z38.194518 E0.164644
G1 X144.286064 Y127.292573 Z38.195939 E0.164614
G1 X144.295956 Y127.719188 Z38.19736 E0.164583
G1 X144.294676 Y128.145835 Z38.198782 E0.164552
G1 X144.282231 Y128.572223 Z38.200203 E0.164521
G1 X144.258632 Y128.998059 Z38.201625 E0.164491
G1 X144.2239 Y129.423052 Z38.203046 E0.16446
G1 X144.178063 Y129.846911 Z38.204467 E0.164429
G1 X144.121157 Y130.269346 Z38.205889 E0.164398
G1 X144.053224 Y130.690068 Z38.20731 E0.164368
G1 X143.974315 Y131.108789 Z38.208732 E0.164337
G1 X143.884489 Y131.525222 Z38.210153 E0.164306
G1 X143.783811 Y131.939084 Z38.211575 E0.164275
G1 X143.672354 Y132.350092 Z38.212996 E0.164245
G1 X143.550198 Y132.757964 Z38.214417 E0.164214
G1 X143.417432 Y133.162423 Z38.215839 E0.164183
G1 X143.27415 Y133.563193 Z38.21726 E0.164152
G1 X143.120454 Y133.96 Z38.218682 E0.164122
G1 X142.956454 Y134.352574 Z38.220103 E0.164091
G1 X142.782266 Y134.740647 Z38.221524 E0.16406
G1 X142.598012 Y135.123956 Z38.222946 E0.164029
G1 X142.403825 Y135.502239 Z38.224367 E0.163999
G1 X142.199839 Y135.875238 Z38.225789 E0.163968
G1 X141.986198 Y136.242701 Z38.22721 E0.163937
G1 X141.763053 Y136.604378 Z38.228631 E0.163906
G1 X141.530561 Y136.960022 Z38.230053 E0.163876
G1 X141.288883 Y137.309392 Z38.231474 E0.163845
G1 X141.038189 Y137.652252 Z38.232896 E0.163814
G1 X140.778654 Y137.988368 Z38.234317 E0.163783
G1 X140.51046 Y138.317513 Z38.235738 E0.163752
G1 X140.233792 Y138.639463 Z38.23716 E0.163722
G1 X139.948845 Y138.954001 Z38.238581 E0.163691
G1 X139.655816 Y139.260914 Z38.240003 E0.16366
G1 X139.35491 Y139.559994 Z38.241424 E0.163629
G1 X139.046335 Y139.85104 Z38.242845 E0.163599
G1 X138.730306 Y140.133856 Z38.244267 E0.163568
G1 X138.407044 Y140.408249 Z38.245688 E0.163537
G1 X138.07677 Y140.674036 Z38.24711 E0.163506
G1 X137.739716 Y140.931037 Z38.248531 E0.163476
G1 X137.396114 Y141.179081 Z38.249952 E0.163445
G1 X137.046202 Y141.417999 Z38.251374 E0.163414
G1 X136.690223 Y141.647632 Z38.252795 E0.163383
G1 X136.328423 Y141.867826 Z38.254217 E0.163352
G1 X135.961051 Y142.078433 Z38.255638 E0.163322
G1 X135.588362 Y142.279313 Z38.25706 E0.163291
G1 X135.210613 Y142.470331 Z38.258481 E0.16326
G1 X134.828065 Y142.651361 Z38.259902 E0.163229
G1 F317 X134.440982 Y142.822281 Z38.261324 E0.163199
G1 X134.049631 Y142.98298 Z38.262745 E0.163168
G1 X133.654282 Y143.133351 Z38.264167 E0.163137
G1 X133.255208 Y143.273293 Z38.265588 E0.163106
G1 X132.852683 Y143.402717 Z38.267009 E0.163075
G1 X132.446984 Y143.521536 Z38.268431 E0.163045
G1 X132.038391 Y143.629673 Z38.269852 E0.163014
G1 X131.627184 Y143.727059 Z38.271274 E0.162983
G1 X131.213648 Y143.81363 Z38.272695 E0.162952
G1 X130.798065 Y143.889332 Z38.274116 E0.162921
G1 X130.380722 Y143.954116 Z38.275538 E0.162891
G1 X129.961905 Y144.007943 Z38.276959 E0.16286
G1 X129.541902 Y144.050778 Z38.278381 E0.162829
G1 X129.121002 Y144.082598 Z38.279802 E0.162798
G1 X128.699492 Y144.103385 Z38.281223 E0.162768
G1 X128.277662 Y144.113128 Z38.282645 E0.162737
G1 X127.855802 Y144.111825 Z38.284066 E0.162706
G1 X127.4342 Y144.099481 Z38.285488 E0.162675
G1 X127.013145 Y144.07611 Z38.286909 E0.162644
G1 X126.592926 Y144.04173 Z38.28833 E0.162614
G1 X126.173831 Y143.99637 Z38.289752 E0.162583
G1 X125.756146 Y143.940065 Z38.291173 E0.162552
G1 X125.340156 Y143.872858 Z38.292595 E0.162521
G1 X124.926147 Y143.794798 Z38.294016 E0.16249
G1 X124.514402 Y143.705945 Z38.295438 E0.16246
G1 X124.105201 Y143.606361 Z38.296859 E0.162429
G1 X123.698824 Y143.496121 Z38.29828 E0.162398
G1 X123.29555 Y143.375302 Z38.299702 E0.162367
G1 X122.895652 Y143.243993 Z38.301123 E0.162336
G1 X122.499404 Y143.102287 Z38.302545 E0.162306
G1 X122.107075 Y142.950285 Z38.303966 E0.162275
G1 X121.718934 Y142.788096 Z38.305387 E0.162244
G1 X121.335245 Y142.615834 Z38.306809 E0.162213
G1 X120.956269 Y142.433621 Z38.30823 E0.162182
G1 X120.582263 Y142.241586 Z38.309652 E0.162152
G1 X120.213483 Y142.039865 Z38.311073 E0.162121
G1 X119.850179 Y141.828599 Z38.312494 E0.16209
G1 X119.492598 Y141.607936 Z38.313916 E0.162059
G1 X119.140984 Y141.378032 Z38.315337 E0.162028
G1 X118.795573 Y141.139048 Z38.316759 E0.161998
G1 X118.456602 Y140.89115 Z38.31818 E0.161967
G1 X118.1243 Y140.634512 Z38.319601 E0.161936
G1 X117.798893 Y140.369313 Z38.321023 E0.161905
G1 X117.480599 Y140.095738 Z38.322444 E0.161874
G1 X117.169636 Y139.813979 Z38.323866 E0.161844
G1 X116.866213 Y139.52423 Z38.325287 E0.161813
G1 X116.570536 Y139.226695 Z38.326708 E0.161782
G1 X116.282804 Y138.921579 Z38.32813 E0.161751
G1 X116.003211 Y138.609095 Z38.329551 E0.16172
G1 X115.731945 Y138.28946 Z38.330973 E0.16169
G1 X115.469191 Y137.962895 Z38.332394 E0.161659
G1 X115.215123 Y137.629627 Z38.333816 E0.161628
G1 X114.969914 Y137.289887 Z38.335237 E0.161597
G1 X114.733728 Y136.94391 Z38.336658 E0.161566
G1 X114.506723 Y136.591936 Z38.33808 E0.161536
G1 X114.289052 Y136.234208 Z38.339501 E0.161505
G1 X114.08086 Y135.870974 Z38.340923 E0.161474
G1 X113.882286 Y135.502484 Z38.342344 E0.161443
G1 X113.693463 Y135.128994 Z38.343765 E0.161412
G1 X113.514516 Y134.750761 Z38.345187 E0.161382
G1 X113.345564 Y134.368045 Z38.346608 E0.161351
G1 X113.186719 Y133.981112 Z38.34803 E0.16132
G1 X113.038086 Y133.590228 Z38.349451 E0.161289
G1 X112.899764 Y133.195663 Z38.350872 E0.161258
G1 X112.771842 Y132.797687 Z38.352294 E0.161228
G1 X112.654405 Y132.396576 Z38.353715 E0.161197
G1 X112.547529 Y131.992605 Z38.355137 E0.161166
G1 X112.451283 Y131.586053 Z38.356558 E0.161135
G1 X112.365729 Y131.177198 Z38.357979 E0.161104
G1 X112.290923 Y130.766323 Z38.359401 E0.161074
G1 X112.226911 Y130.353709 Z38.360822 E0.161043
G1 X112.173732 Y129.93964 Z38.362244 E0.161012
;WIDTH:1.200
; LINE_WIDTH: 1.200
;Z:38.670
;HEIGHT:0.308
G1 X112.131126 Y129.524428 Z38.363528 E0.15742
G1 X112.099409 Y129.108315 Z38.364812 E0.157393
G1 X112.0786 Y128.691587 Z38.366096 E0.157366
G1 X112.068709 Y128.274529 Z38.36738 E0.157339
G1 X112.069739 Y127.857427 Z38.368664 E0.157312
G1 X112.081685 Y127.440567 Z38.369948 E0.157284
G1 X112.104536 Y127.024234 Z38.371232 E0.157257
G1 X112.138272 Y126.608715 Z38.372516 E0.15723
G1 X112.182867 Y126.194293 Z38.3738 E0.157203
G1 X112.238285 Y125.781252 Z38.375084 E0.157175
G1 X112.304485 Y125.369874 Z38.376369 E0.157148
G1 X112.381419 Y124.960441 Z38.377653 E0.157121
G1 X112.469029 Y124.553233 Z38.378937 E0.157094
G1 X112.5673 Y124.148541 Z38.380221 E0.157066
G1 X112.676115 Y123.746631 Z38.381505 E0.157039
G1 X112.795392 Y123.347778 Z38.382789 E0.157011
G1 X112.925047 Y122.952254 Z38.384073 E0.156983
G1 X113.064987 Y122.560329 Z38.385357 E0.156955
G1 X113.215113 Y122.17227 Z38.386641 E0.156928
G1 X113.375317 Y121.788342 Z38.387925 E0.1569
G1 X113.545487 Y121.408806 Z38.389209 E0.156872
G1 X113.725502 Y121.033922 Z38.390493 E0.156845
G1 X113.915235 Y120.663944 Z38.391777 E0.156817
G1 X114.114554 Y120.299124 Z38.393062 E0.156789
G1 X114.323318 Y119.939711 Z38.394346 E0.156761
G1 X114.54138 Y119.585948 Z38.39563 E0.156734
G1 X114.768589 Y119.238077 Z38.396914 E0.156706
G1 X115.004784 Y118.896333 Z38.398198 E0.156678
G1 X115.249804 Y118.560951 Z38.399482 E0.15665
G1 X115.503513 Y118.232186 Z38.400766 E0.156622
G1 X115.765694 Y117.910234 Z38.40205 E0.156594
G1 X116.036165 Y117.595312 Z38.403334 E0.156566
G1 X116.314736 Y117.287635 Z38.404618 E0.156538
G1 X116.601215 Y116.987409 Z38.405902 E0.156509
G1 X116.895403 Y116.694839 Z38.407186 E0.156481
G1 X117.197093 Y116.410121 Z38.40847 E0.156453
G1 X117.506078 Y116.133449 Z38.409755 E0.156425
G1 X117.822143 Y115.865009 Z38.411039 E0.156396
G1 X118.145069 Y115.604981 Z38.412323 E0.156368
G1 X118.474631 Y115.353542 Z38.413607 E0.15634
G1 X118.810602 Y115.110861 Z38.414891 E0.156312
G1 X119.152748 Y114.877099 Z38.416175 E0.156283
G1 X119.500834 Y114.652416 Z38.417459 E0.156255
G1 X119.854619 Y114.43696 Z38.418743 E0.156227
G1 X120.213862 Y114.230885 Z38.420027 E0.156199
G1 X120.57833 Y114.034359 Z38.421311 E0.15617
G1 X120.947751 Y113.847475 Z38.422595 E0.156142
G1 X121.321868 Y113.670358 Z38.423879 E0.156113
G1 X121.700423 Y113.503127 Z38.425163 E0.156084
G1 X122.083156 Y113.345892 Z38.426448 E0.156055
G1 X122.469803 Y113.198757 Z38.427732 E0.156026
G1 X122.860097 Y113.06182 Z38.429016 E0.155998
G1 X123.25377 Y112.93517 Z38.4303 E0.155969
G1 X123.65055 Y112.818891 Z38.431584 E0.15594
G1 X124.050164 Y112.713058 Z38.432868 E0.155911
G1 X124.452338 Y112.61774 Z38.434152 E0.155883
G1 X124.856794 Y112.532999 Z38.435436 E0.155854
G1 X125.263255 Y112.458888 Z38.43672 E0.155825
G1 X125.671442 Y112.395455 Z38.438004 E0.155796
G1 X126.081074 Y112.342739 Z38.439288 E0.155768
G1 X126.49187 Y112.300787 Z38.440572 E0.155739
G1 X126.903551 Y112.269645 Z38.441856 E0.15571
G1 X127.315828 Y112.249296 Z38.443141 E0.155681
G1 X127.728419 Y112.239747 Z38.444425 E0.155651
G1 X128.141041 Y112.241003 Z38.445709 E0.155622
G1 X128.553411 Y112.253058 Z38.446993 E0.155593
G1 X128.965246 Y112.2759 Z38.448277 E0.155564
G1 X129.376265 Y112.309508 Z38.449561 E0.155534
G1 X129.786187 Y112.353856 Z38.450845 E0.155505
G1 X130.19473 Y112.40891 Z38.452129 E0.155476
G1 X130.601615 Y112.474628 Z38.453413 E0.155446
G1 X131.006564 Y112.55096 Z38.454697 E0.155417
G1 X131.4093 Y112.637851 Z38.455981 E0.155388
G1 X131.809548 Y112.735236 Z38.457265 E0.155359
G1 X132.207035 Y112.843046 Z38.458549 E0.155329
G1 X132.601489 Y112.961202 Z38.459834 E0.1553
G1 X132.992634 Y113.089639 Z38.461118 E0.155271
G1 X133.380199 Y113.228274 Z38.462402 E0.155241
G1 X133.763928 Y113.376979 Z38.463686 E0.155212
G1 X134.14356 Y113.535648 Z38.46497 E0.155182
G1 X134.518836 Y113.704168 Z38.466254 E0.155152
G1 X134.8895 Y113.882421 Z38.467538 E0.155122
G1 X135.255301 Y114.070279 Z38.468822 E0.155092
G1 X135.61599 Y114.267612 Z38.470106 E0.155063
G1 X135.971321 Y114.474279 Z38.47139 E0.155033
G1 X136.321053 Y114.690136 Z38.472674 E0.155003
G1 X136.664948 Y114.915032 Z38.473958 E0.154973
G1 X137.002773 Y115.148808 Z38.475243 E0.154944
G1 X137.334298 Y115.391301 Z38.476527 E0.154914
G1 X137.659299 Y115.642341 Z38.477811 E0.154884
G1 X137.977556 Y115.901753 Z38.479095 E0.154854
G1 X138.288853 Y116.169357 Z38.480379 E0.154824
G1 X138.592962 Y116.444984 Z38.481663 E0.154795
G1 X138.889676 Y116.728441 Z38.482947 E0.154764
G1 X139.178811 Y117.019512 Z38.484231 E0.154734
G1 X139.460172 Y117.317993 Z38.485515 E0.154704
G1 X139.733569 Y117.623678 Z38.486799 E0.154674
G1 X139.998818 Y117.936354 Z38.488083 E0.154643
G1 X140.255741 Y118.255804 Z38.489367 E0.154613
G1 X140.504164 Y118.581807 Z38.490651 E0.154583
G1 X140.743921 Y118.914136 Z38.491936 E0.154552
G1 X140.974851 Y119.252561 Z38.49322 E0.154522
G1 X141.196798 Y119.596848 Z38.494504 E0.154492
G1 X141.409615 Y119.946759 Z38.495788 E0.154462
G1 X141.613159 Y120.302051 Z38.497072 E0.154431
G1 X141.807294 Y120.66248 Z38.498356 E0.154401
G1 X141.991891 Y121.027795 Z38.49964 E0.154371
G1 X142.166827 Y121.397745 Z38.500924 E0.15434
G1 X142.331957 Y121.772087 Z38.502208 E0.15431
G1 X142.487181 Y122.150556 Z38.503492 E0.154279
G1 X142.632415 Y122.532883 Z38.504776 E0.154249
G1 X142.767563 Y122.918803 Z38.50606 E0.154218
G1 X142.892538 Y123.308051 Z38.507344 E0.154187
G1 X143.007256 Y123.700359 Z38.508629 E0.154156
G1 X143.111645 Y124.095457 Z38.509913 E0.154125
G1 X143.205636 Y124.493073 Z38.511197 E0.154095
G1 X143.289169 Y124.892933 Z38.512481 E0.154064
G1 X143.362191 Y125.294763 Z38.513765 E0.154033
G1 X143.424656 Y125.698286 Z38.515049 E0.154002
G1 X143.476526 Y126.103224 Z38.516333 E0.153971
G1 X143.517769 Y126.509301 Z38.517617 E0.153941
G1 X143.548361 Y126.916236 Z38.518901 E0.15391
G1 X143.568286 Y127.323752 Z38.520185 E0.153879
G1 X143.577535 Y127.731567 Z38.521469 E0.153848
G1 X143.576066 Y128.139403 Z38.522753 E0.153817
G1 X143.56391 Y128.546978 Z38.524037 E0.153786
G1 X143.541093 Y128.954012 Z38.525322 E0.153755
G1 X143.507635 Y129.360226 Z38.526606 E0.153724
G1 X143.463563 Y129.765343 Z38.52789 E0.153692
G1 X143.408912 Y130.169085 Z38.529174 E0.153661
G1 X143.343724 Y130.571176 Z38.530458 E0.15363
G1 X143.268047 Y130.971341 Z38.531742 E0.153598
G1 X143.181939 Y131.369306 Z38.533026 E0.153567
G1 X143.085461 Y131.764801 Z38.53431 E0.153536
G1 X142.978684 Y132.157554 Z38.535594 E0.153504
G1 X142.861687 Y132.547297 Z38.536878 E0.153473
G1 X142.734552 Y132.933766 Z38.538162 E0.153442
G1 X142.597372 Y133.316695 Z38.539446 E0.15341
G1 X142.450245 Y133.695825 Z38.54073 E0.153379
G1 X142.293274 Y134.070896 Z38.542015 E0.153348
G1 X142.126534 Y134.441637 Z38.543299 E0.153316
G1 X141.950174 Y134.807805 Z38.544583 E0.153285
G1 X141.764327 Y135.169156 Z38.545867 E0.153253
G1 X141.569125 Y135.525444 Z38.547151 E0.153221
G1 X141.364704 Y135.876427 Z38.548435 E0.153189
G1 X141.151211 Y136.221866 Z38.549719 E0.153157
G1 X140.928793 Y136.561527 Z38.551003 E0.153126
G1 X140.697608 Y136.895181 Z38.552287 E0.153094
G1 X140.457817 Y137.222599 Z38.553571 E0.153062
G1 X140.209589 Y137.543561 Z38.554855 E0.15303
G1 X139.953097 Y137.85785 Z38.556139 E0.152998
G1 X139.68852 Y138.165252 Z38.557424 E0.152966
G1 X139.416043 Y138.46556 Z38.558708 E0.152935
G1 X139.135857 Y138.758571 Z38.559992 E0.152903
G1 X138.848155 Y139.044087 Z38.561276 E0.152871
G1 X138.553139 Y139.321916 Z38.56256 E0.152839
G1 X138.251014 Y139.591871 Z38.563844 E0.152807
G1 X137.94199 Y139.853769 Z38.565128 E0.152775
G1 X137.626281 Y140.107434 Z38.566412 E0.152744
G1 X137.304107 Y140.352697 Z38.567696 E0.152712
G1 X136.975691 Y140.589392 Z38.56898 E0.15268
G1 X136.641262 Y140.817361 Z38.570264 E0.152648
G1 X136.301049 Y141.036451 Z38.571548 E0.152616
G1 X135.955291 Y141.246516 Z38.572832 E0.152584
G1 X135.604224 Y141.447416 Z38.574117 E0.152553
G1 X135.248093 Y141.639016 Z38.575401 E0.152521
G1 X134.887144 Y141.82119 Z38.576685 E0.152489
G1 X134.521625 Y141.993816 Z38.577969 E0.152457
G1 X134.15179 Y142.15678 Z38.579253 E0.152425
G1 X133.777894 Y142.309974 Z38.580537 E0.152393
G1 X133.400194 Y142.453298 Z38.581821 E0.152362
G1 X133.018951 Y142.586658 Z38.583105 E0.15233
G1 X132.634428 Y142.709965 Z38.584389 E0.152298
G1 X132.24689 Y142.82314 Z38.585673 E0.152266
G1 X131.856604 Y142.926109 Z38.586957 E0.152234
G1 X131.463838 Y143.018806 Z38.588241 E0.152202
G1 X131.068862 Y143.101173 Z38.589525 E0.152171
G1 X130.671949 Y143.173156 Z38.59081 E0.152139
G1 X130.27337 Y143.234711 Z38.592094 E0.152107
G1 X129.873401 Y143.2858 Z38.593378 E0.152075
G1 X129.472315 Y143.326392 Z38.594662 E0.152043
G1 X129.070388 Y143.356464 Z38.595946 E0.152011
G1 X128.667896 Y143.376 Z38.59723 E0.15198
G1 X128.265115 Y143.384991 Z38.598514 E0.151948
G1 X127.862321 Y143.383435 Z38.599798 E0.151916
G1 X127.45979 Y143.371337 Z38.601082 E0.151884
G1 X127.057798 Y143.34871 Z38.602366 E0.151852
G1 X126.65662 Y143.315574 Z38.60365 E0.15182
G1 X126.256531 Y143.271957 Z38.604934 E0.151789
G1 X125.857805 Y143.217891 Z38.606218 E0.151757
G1 X125.460714 Y143.15342 Z38.607503 E0.151725
G1 X125.06553 Y143.078591 Z38.608787 E0.151693
G1 X124.672522 Y142.99346 Z38.610071 E0.151661
G1 X124.28196 Y142.898091 Z38.611355 E0.151629
G1 X123.89411 Y142.792551 Z38.612639 E0.151598
G1 X123.509237 Y142.676919 Z38.613923 E0.151566
G1 X123.127603 Y142.551277 Z38.615207 E0.151534
G1 X122.749468 Y142.415716 Z38.616491 E0.151502
G1 X122.37509 Y142.270333 Z38.617775 E0.15147
G1 X122.004725 Y142.115232 Z38.619059 E0.151438
G1 X121.638623 Y141.950523 Z38.620343 E0.151407
G1 X121.277036 Y141.776323 Z38.621627 E0.151375
G1 X120.920207 Y141.592756 Z38.622911 E0.151343
G1 X120.56838 Y141.39995 Z38.624196 E0.151311
G1 X120.221795 Y141.198042 Z38.62548 E0.151279
G1 X119.880685 Y140.987175 Z38.626764 E0.151247
G1 X119.545284 Y140.767497 Z38.628048 E0.151216
G1 X119.215818 Y140.539161 Z38.629332 E0.151184
G1 X118.89251 Y140.302329 Z38.630616 E0.151152
G1 X118.57558 Y140.057165 Z38.6319 E0.15112
G1 X118.265242 Y139.803843 Z38.633184 E0.151088
G1 X117.961706 Y139.542538 Z38.634468 E0.151056
G1 X117.665177 Y139.273433 Z38.635752 E0.151024
G1 X117.375855 Y138.996716 Z38.637036 E0.150993
G1 X117.093937 Y138.71258 Z38.63832 E0.150961
G1 X116.819611 Y138.421222 Z38.639604 E0.150929
G1 X116.553062 Y138.122846 Z38.640889 E0.150897
G1 X116.294471 Y137.817658 Z38.642173 E0.150865
G1 X116.04401 Y137.505872 Z38.643457 E0.150833
G1 X115.801849 Y137.187702 Z38.644741 E0.150802
G1 X115.56815 Y136.863371 Z38.646025 E0.15077
G1 X115.343069 Y136.533102 Z38.647309 E0.150738
G1 X115.126757 Y136.197125 Z38.648593 E0.150706
G1 X114.919359 Y135.855673 Z38.649877 E0.150674
G1 X114.721012 Y135.508982 Z38.651161 E0.150642
G1 X114.531849 Y135.157292 Z38.652445 E0.15061
G1 X114.351996 Y134.800845 Z38.653729 E0.150579
G1 X114.181571 Y134.439889 Z38.655013 E0.150547
G1 X114.020689 Y134.074672 Z38.656298 E0.150515
G1 X113.869454 Y133.705446 Z38.657582 E0.150483
G1 X113.727968 Y133.332468 Z38.658866 E0.150451
G1 X113.596321 Y132.955992 Z38.66015 E0.150419
G1 X113.474601 Y132.57628 Z38.661434 E0.150387
G1 X113.362887 Y132.193593 Z38.662718 E0.150356
G1 X113.261251 Y131.808194 Z38.664002 E0.150324
G1 X113.169759 Y131.420348 Z38.665286 E0.150292
G1 X113.088469 Y131.030323 Z38.66657 E0.15026
G1 X113.017432 Y130.638387 Z38.667854 E0.150228
G1 X112.956693 Y130.244808 Z38.669138 E0.150196
G1 X112.906288 Y129.849859 Z38.670422 E0.150164
;WIDTH:1.200
; LINE_WIDTH: 1.200
;Z:38.966
;HEIGHT:0.296
G1 X112.866117 Y129.453822 Z38.671654 E0.157756
G1 X112.836334 Y129.056949 Z38.672885 E0.157724
G1 X112.816954 Y128.659514 Z38.674117 E0.157692
G1 X112.807987 Y128.261789 Z38.675348 E0.157659
G1 X112.809435 Y127.864047 Z38.67658 E0.157627
G1 X112.821292 Y127.466559 Z38.677811 E0.157595
G1 X112.843546 Y127.0696 Z38.679042 E0.157563
G1 F282 X112.876177 Y126.673439 Z38.680274 E0.157531
G1 X112.91916 Y126.278349 Z38.681505 E0.157499
G1 X112.97246 Y125.8846 Z38.682737 E0.157467
G1 X113.036036 Y125.492461 Z38.683968 E0.157435
G1 X113.109841 Y125.102201 Z38.6852 E0.157403
G1 X113.193821 Y124.714085 Z38.686431 E0.15737
G1 X113.287912 Y124.32838 Z38.687662 E0.157338
G1 X113.392048 Y123.945349 Z38.688894 E0.157306
G1 X113.506151 Y123.565252 Z38.690125 E0.157274
G1 X113.630141 Y123.18835 Z38.691357 E0.157242
G1 X113.763928 Y122.814899 Z38.692588 E0.15721
G1 X113.907415 Y122.445153 Z38.69382 E0.157178
G1 X114.060502 Y122.079366 Z38.695051 E0.157146
G1 X114.223079 Y121.717785 Z38.696283 E0.157114
G1 X114.395031 Y121.360658 Z38.697514 E0.157082
G1 X114.576235 Y121.008226 Z38.698745 E0.157049
G1 X114.766565 Y120.66073 Z38.699977 E0.157017
G1 X114.965886 Y120.318405 Z38.701208 E0.156985
G1 X115.174057 Y119.981485 Z38.70244 E0.156953
G1 X115.390933 Y119.650197 Z38.703671 E0.156921
G1 X115.616361 Y119.324767 Z38.704903 E0.156889
G1 X115.850184 Y119.005416 Z38.706134 E0.156857
G1 X116.092236 Y118.692359 Z38.707365 E0.156825
G1 X116.342351 Y118.385809 Z38.708597 E0.156793
G1 X116.600351 Y118.085973 Z38.709828 E0.15676
G1 X116.866058 Y117.793054 Z38.71106 E0.156728
G1 X117.139286 Y117.50725 Z38.712291 E0.156696
G1 X117.419845 Y117.228753 Z38.713523 E0.156664
G1 X117.707539 Y116.957752 Z38.714754 E0.156632
G1 X118.002169 Y116.694429 Z38.715985 E0.1566
G1 X118.303529 Y116.438962 Z38.717217 E0.156568
G1 X118.611411 Y116.191523 Z38.718448 E0.156536
G1 X118.9256 Y115.952277 Z38.71968 E0.156504
G1 X119.24588 Y115.721386 Z38.720911 E0.156471
G1 X119.572026 Y115.499004 Z38.722143 E0.156439
G1 X119.903815 Y115.28528 Z38.723374 E0.156407
G1 X120.241015 Y115.080357 Z38.724606 E0.156375
G1 X120.583394 Y114.884372 Z38.725837 E0.156343
G1 X120.930716 Y114.697456 Z38.727068 E0.156311
G1 X121.282739 Y114.519732 Z38.7283 E0.156279
G1 X121.639221 Y114.35132 Z38.729531 E0.156247
G1 X121.999915 Y114.19233 Z38.730763 E0.156215
G1 X122.364572 Y114.042868 Z38.731994 E0.156182
G1 X122.732942 Y113.903033 Z38.733226 E0.15615
G1 X123.10477 Y113.772915 Z38.734457 E0.156118
G1 X123.479799 Y113.652601 Z38.735688 E0.156086
G1 X123.857772 Y113.542168 Z38.73692 E0.156054
G1 X124.238427 Y113.441688 Z38.738151 E0.156022
G1 X124.621504 Y113.351227 Z38.739383 E0.15599
G1 X125.006739 Y113.270842 Z38.740614 E0.155958
G1 X125.393866 Y113.200583 Z38.741846 E0.155925
G1 X125.782619 Y113.140495 Z38.743077 E0.155893
G1 X126.172732 Y113.090616 Z38.744308 E0.155861
G1 X126.563936 Y113.050974 Z38.74554 E0.155829
G1 X126.955964 Y113.021593 Z38.746771 E0.155797
G1 X127.348545 Y113.002489 Z38.748003 E0.155765
G1 X127.74141 Y112.993671 Z38.749234 E0.155733
G1 X128.134291 Y112.99514 Z38.750466 E0.155701
G1 X128.526918 Y113.006891 Z38.751697 E0.155669
G1 X128.919021 Y113.028913 Z38.752929 E0.155636
G1 X129.310333 Y113.061184 Z38.75416 E0.155604
G1 X129.700586 Y113.10368 Z38.755391 E0.155572
G1 X130.089512 Y113.156367 Z38.756623 E0.15554
G1 X130.476845 Y113.219204 Z38.757854 E0.155508
G1 X130.862321 Y113.292144 Z38.759086 E0.155476
G1 X131.245676 Y113.375133 Z38.760317 E0.155444
G1 X131.626649 Y113.468111 Z38.761549 E0.155412
G1 X132.004978 Y113.571008 Z38.76278 E0.155379
G1 X132.380407 Y113.683751 Z38.764011 E0.155347
G1 X132.752679 Y113.806259 Z38.765243 E0.155315
G1 X133.121539 Y113.938442 Z38.766474 E0.155283
G1 X133.486737 Y114.080208 Z38.767706 E0.155251
G1 X133.848024 Y114.231454 Z38.768937 E0.155219
G1 X134.205154 Y114.392073 Z38.770169 E0.155187
G1 X134.557884 Y114.561951 Z38.7714 E0.155155
G1 X134.905973 Y114.740968 Z38.772631 E0.155122
G1 X135.249186 Y114.928997 Z38.773863 E0.15509
G1 X135.587288 Y115.125905 Z38.775094 E0.155058
G1 X135.920051 Y115.331555 Z38.776326 E0.155026
G1 X136.247249 Y115.5458 Z38.777557 E0.154994
G1 X136.568659 Y115.768492 Z38.778789 E0.154962
G1 X136.884064 Y115.999474 Z38.78002 E0.15493
G1 X137.19325 Y116.238583 Z38.781252 E0.154898
G1 X137.496007 Y116.485654 Z38.782483 E0.154865
G1 X137.792131 Y116.740513 Z38.783714 E0.154833
G1 X138.081422 Y117.002982 Z38.784946 E0.154801
G1 X138.363685 Y117.272878 Z38.786177 E0.154769
G1 X138.638727 Y117.550014 Z38.787409 E0.154737
G1 X138.906365 Y117.834196 Z38.78864 E0.154705
G1 X139.166417 Y118.125226 Z38.789872 E0.154673
G1 X139.418709 Y118.422903 Z38.791103 E0.154641
G1 X139.663071 Y118.727019 Z38.792334 E0.154608
G1 X139.899339 Y119.037364 Z38.793566 E0.154576
G1 X140.127354 Y119.353721 Z38.794797 E0.154544
G1 X140.346963 Y119.675873 Z38.796029 E0.154512
G1 X140.55802 Y120.003595 Z38.79726 E0.15448
G1 X140.760383 Y120.33666 Z38.798492 E0.154448
G1 X140.953918 Y120.674838 Z38.799723 E0.154416
G1 X141.138494 Y121.017896 Z38.800954 E0.154384
G1 X141.31399 Y121.365596 Z38.802186 E0.154351
G1 X141.480289 Y121.717697 Z38.803417 E0.154319
G1 X141.63728 Y122.073957 Z38.804649 E0.154287
G1 X141.784861 Y122.434129 Z38.80588 E0.154255
G1 X141.922934 Y122.797966 Z38.807112 E0.154223
G1 X142.051407 Y123.165217 Z38.808343 E0.154191
G1 X142.170198 Y123.535627 Z38.809575 E0.154159
G1 X142.279228 Y123.908942 Z38.810806 E0.154127
G1 X142.378428 Y124.284906 Z38.812037 E0.154094
G1 X142.467732 Y124.663258 Z38.813269 E0.154062
G1 X142.547085 Y125.04374 Z38.8145 E0.15403
G1 X142.616436 Y125.426088 Z38.815732 E0.153998
G1 X142.675741 Y125.810041 Z38.816963 E0.153966
G1 X142.724964 Y126.195334 Z38.818195 E0.153934
G1 X142.764075 Y126.581704 Z38.819426 E0.153902
G1 X142.793053 Y126.968883 Z38.820657 E0.153869
G1 X142.811881 Y127.356608 Z38.821889 E0.153837
G1 X142.82055 Y127.744612 Z38.82312 E0.153805
G1 X142.81906 Y128.132628 Z38.824352 E0.153773
G1 X142.807414 Y128.520392 Z38.825583 E0.153741
G1 X142.785626 Y128.907637 Z38.826815 E0.153709
G1 X142.753715 Y129.294098 Z38.828046 E0.153677
G1 X142.711706 Y129.67951 Z38.829277 E0.153645
G1 X142.659633 Y130.06361 Z38.830509 E0.153612
G1 X142.597536 Y130.446136 Z38.83174 E0.15358
G1 X142.52546 Y130.826825 Z38.832972 E0.153548
G1 X142.443461 Y131.205417 Z38.834203 E0.153516
G1 X142.351598 Y131.581654 Z38.835435 E0.153484
G1 X142.249939 Y131.95528 Z38.836666 E0.153452
G1 X142.138557 Y132.326038 Z38.837898 E0.15342
G1 X142.017532 Y132.693676 Z38.839129 E0.153387
G1 X141.886952 Y133.057944 Z38.84036 E0.153355
G1 X141.74691 Y133.418593 Z38.841592 E0.153323
G1 X141.597506 Y133.775377 Z38.842823 E0.153291
G1 X141.438846 Y134.128054 Z38.844055 E0.153259
G1 X141.271044 Y134.476384 Z38.845286 E0.153227
G1 X141.094217 Y134.820129 Z38.846518 E0.153195
G1 X140.908491 Y135.159056 Z38.847749 E0.153162
G1 X140.713996 Y135.492935 Z38.84898 E0.15313
G1 X140.510871 Y135.821539 Z38.850212 E0.153098
G1 X140.299257 Y136.144645 Z38.851443 E0.153066
G1 X140.079303 Y136.462033 Z38.852675 E0.153034
G1 X139.851164 Y136.77349 Z38.853906 E0.153002
G1 X139.614999 Y137.078803 Z38.855138 E0.15297
G1 X139.370973 Y137.377766 Z38.856369 E0.152938
G1 X139.119258 Y137.670177 Z38.857601 E0.152905
G1 X138.860029 Y137.955838 Z38.858832 E0.152873
G1 X138.593466 Y138.234557 Z38.860063 E0.152841
G1 X138.319755 Y138.506144 Z38.861295 E0.152809
G1 X138.039088 Y138.770418 Z38.862526 E0.152777
G1 X137.751659 Y139.027199 Z38.863758 E0.152745
G1 X137.457668 Y139.276315 Z38.864989 E0.152713
G1 X137.15732 Y139.517599 Z38.866221 E0.15268
G1 X136.850823 Y139.750889 Z38.867452 E0.152648
G1 X136.538389 Y139.976027 Z38.868683 E0.152616
G1 X136.220235 Y140.192864 Z38.869915 E0.152584
G1 X135.896583 Y140.401253 Z38.871146 E0.152552
G1 X135.567655 Y140.601056 Z38.872378 E0.15252
G1 X135.233679 Y140.792139 Z38.873609 E0.152488
G1 X134.894887 Y140.974375 Z38.874841 E0.152455
G1 X134.551513 Y141.147643 Z38.876072 E0.152423
G1 X134.203794 Y141.311828 Z38.877303 E0.152391
G1 X133.851971 Y141.466822 Z38.878535 E0.152359
G1 X133.496285 Y141.612521 Z38.879766 E0.152327
G1 X133.136983 Y141.74883 Z38.880998 E0.152295
G1 X132.774312 Y141.87566 Z38.882229 E0.152263
G1 X132.408523 Y141.992927 Z38.883461 E0.15223
G1 X132.039867 Y142.100555 Z38.884692 E0.152198
G1 X131.668598 Y142.198475 Z38.885924 E0.152166
G1 X131.294972 Y142.286623 Z38.887155 E0.152134
G1 X130.919246 Y142.364944 Z38.888386 E0.152102
G1 X130.541677 Y142.433387 Z38.889618 E0.15207
G1 X130.162527 Y142.49191 Z38.890849 E0.152038
G1 X129.782055 Y142.540477 Z38.892081 E0.152005
G1 X129.400523 Y142.579058 Z38.893312 E0.151973
G1 X129.018192 Y142.607633 Z38.894544 E0.151941
G1 X128.635326 Y142.626185 Z38.895775 E0.151909
G1 X128.252186 Y142.634706 Z38.897006 E0.151877
G1 X127.869035 Y142.633194 Z38.898238 E0.151845
G1 X127.486136 Y142.621655 Z38.899469 E0.151813
G1 X127.103752 Y142.6001 Z38.900701 E0.15178
G1 X126.722144 Y142.568549 Z38.901932 E0.151748
G1 X126.341573 Y142.527028 Z38.903164 E0.151716
G1 X125.9623 Y142.475569 Z38.904395 E0.151684
G1 X125.584584 Y142.414212 Z38.905626 E0.151652
G1 X125.208684 Y142.343003 Z38.906858 E0.15162
G1 X124.834855 Y142.261995 Z38.908089 E0.151588
G1 X124.463355 Y142.171248 Z38.909321 E0.151555
G1 X124.094436 Y142.070827 Z38.910552 E0.151523
G1 X123.728349 Y141.960806 Z38.911784 E0.151491
G1 X123.365346 Y141.841265 Z38.913015 E0.151459
G1 X123.005672 Y141.712289 Z38.914247 E0.151427
G1 X122.649574 Y141.573971 Z38.915478 E0.151395
G1 X122.297294 Y141.42641 Z38.916709 E0.151363
G1 X121.949071 Y141.26971 Z38.917941 E0.15133
G1 X121.605143 Y141.103983 Z38.919172 E0.151298
G1 X121.265744 Y140.929346 Z38.920404 E0.151266
G1 X120.931104 Y140.745923 Z38.921635 E0.151234
G1 X120.60145 Y140.553844 Z38.922867 E0.151202
G1 X120.277007 Y140.353243 Z38.924098 E0.15117
G1 X119.957994 Y140.144261 Z38.925329 E0.151137
G1 X119.644628 Y139.927047 Z38.926561 E0.151105
G1 X119.337122 Y139.701751 Z38.927792 E0.151073
G1 X119.035682 Y139.468532 Z38.929024 E0.151041
G1 X118.740515 Y139.227553 Z38.930255 E0.151009
G1 X118.451818 Y138.978982 Z38.931487 E0.150977
G1 X118.169788 Y138.722993 Z38.932718 E0.150945
G1 X117.894615 Y138.459765 Z38.933949 E0.150912
G1 X117.626484 Y138.189481 Z38.935181 E0.15088
G1 X117.365576 Y137.912329 Z38.936412 E0.150848
G1 X117.112067 Y137.628502 Z38.937644 E0.150816
G1 X116.866128 Y137.338199 Z38.938875 E0.150784
G1 X116.627923 Y137.041619 Z38.940107 E0.150752
G1 X116.397613 Y136.73897 Z38.941338 E0.15072
G1 X116.175353 Y136.430461 Z38.94257 E0.150687
G1 X115.961291 Y136.116307 Z38.943801 E0.150655
G1 X115.75557 Y135.796725 Z38.945032 E0.150623
G1 X115.558328 Y135.471936 Z38.946264 E0.150591
G1 X115.369697 Y135.142165 Z38.947495 E0.150559
G1 X115.189801 Y134.80764 Z38.948727 E0.150527
G1 X115.018762 Y134.468593 Z38.949958 E0.150494
G1 X114.856691 Y134.125258 Z38.95119 E0.150462
G1 X114.703697 Y133.777873 Z38.952421 E0.15043
G1 X114.55988 Y133.426676 Z38.953652 E0.150398
G1 X114.425334 Y133.07191 Z38.954884 E0.150366
G1 X114.30015 Y132.71382 Z38.956115 E0.150334
G1 X114.184407 Y132.352654 Z38.957347 E0.150302
G1 X114.078181 Y131.988658 Z38.958578 E0.150269
G1 X113.981541 Y131.622085 Z38.95981 E0.150237
G1 X113.89455 Y131.253187 Z38.961041 E0.150205
G1 X113.817262 Y130.882218 Z38.962272 E0.150173
G1 X113.749726 Y130.509432 Z38.963504 E0.150141
G1 X113.691986 Y130.135086 Z38.964735 E0.150109
G1 X113.644075 Y129.759437 Z38.965967 E0.150077
;WIDTH:1.200
; LINE_WIDTH: 1.200
;Z:39.233
;HEIGHT:0.267
G1 X113.605728 Y129.382772 Z38.967081 E0.142395
G1 X113.57726 Y129.005305 Z38.968195 E0.142368
G1 X113.558688 Y128.627295 Z38.969309 E0.14234
G1 X113.550019 Y128.249003 Z38.970423 E0.142312
G1 X113.551256 Y127.870686 Z38.971537 E0.142285
G1 X113.562394 Y127.492605 Z38.97265 E0.142257
G1 X113.583422 Y127.115018 Z38.973764 E0.14223
G1 X113.614321 Y126.738184 Z38.974878 E0.142202
G1 X113.655066 Y126.362361 Z38.975992 E0.142174
G1 X113.705627 Y125.987807 Z38.977106 E0.142147
G1 X113.765963 Y125.614776 Z38.97822 E0.142119
G1 X113.83603 Y125.243526 Z38.979334 E0.142092
G1 X113.915777 Y124.874308 Z38.980448 E0.142064
G1 X114.005145 Y124.507376 Z38.981562 E0.142036
G1 X114.104068 Y124.14298 Z38.982676 E0.142009
G1 X114.212476 Y123.781369 Z38.98379 E0.141981
G1 X114.33029 Y123.42279 Z38.984904 E0.141954
G1 X114.457426 Y123.067486 Z38.986018 E0.141926
G1 X114.593793 Y122.715701 Z38.987132 E0.141898
G1 X114.739294 Y122.367675 Z38.988246 E0.141871
G1 X114.893826 Y122.023643 Z38.98936 E0.141843
G1 X115.05728 Y121.683841 Z38.990474 E0.141815
G1 X115.229561 Y121.348511 Z38.991587 E0.141788
G1 X115.41056 Y121.017889 Z38.992701 E0.14176
G1 X115.600113 Y120.692184 Z38.993815 E0.141732
G1 X115.798089 Y120.371616 Z38.994929 E0.141703
G1 X116.004348 Y120.056404 Z38.996043 E0.141675
G1 X116.218745 Y119.746761 Z38.997157 E0.141647
G1 X116.44113 Y119.442897 Z38.998271 E0.141619
G1 X116.671348 Y119.145018 Z38.999385 E0.141591
G1 X116.909237 Y118.853327 Z39.000499 E0.141562
G1 X117.154632 Y118.56802 Z39.001613 E0.141534
G1 X117.407362 Y118.28929 Z39.002727 E0.141506
G1 X117.66725 Y118.017326 Z39.003841 E0.141478
G1 X117.934115 Y117.752312 Z39.004955 E0.14145
G1 X118.207772 Y117.494426 Z39.006069 E0.141421
G1 X118.48803 Y117.243842 Z39.007183 E0.141393
G1 X118.774694 Y117.000729 Z39.008297 E0.141365
G1 X119.067567 Y116.765252 Z39.009411 E0.141337
G1 X119.366443 Y116.537567 Z39.010524 E0.141308
G1 X119.67112 Y116.317833 Z39.011638 E0.14128
G1 X119.981415 Y116.106239 Z39.012752 E0.141252
G1 X120.297078 Y115.902883 Z39.013866 E0.141223
G1 X120.617891 Y115.7079 Z39.01498 E0.141194
G1 X120.943632 Y115.521421 Z39.016094 E0.141165
G1 X121.274075 Y115.343569 Z39.017208 E0.141136
G1 X121.608993 Y115.174463 Z39.018322 E0.141108
G1 X121.948154 Y115.014215 Z39.019436 E0.141079
G1 X122.291323 Y114.862932 Z39.02055 E0.14105
G1 X122.638264 Y114.720713 Z39.021664 E0.141021
G1 X122.988737 Y114.587653 Z39.022778 E0.140992
G1 X123.342502 Y114.463839 Z39.023892 E0.140963
G1 X123.699313 Y114.349352 Z39.025006 E0.140935
G1 X124.058926 Y114.244266 Z39.02612 E0.140906
G1 X124.421092 Y114.14865 Z39.027234 E0.140877
G1 X124.785563 Y114.062565 Z39.028348 E0.140848
G1 X125.152087 Y113.986067 Z39.029462 E0.140819
G1 X125.520413 Y113.919204 Z39.030575 E0.14079
G1 X125.890287 Y113.862017 Z39.031689 E0.140762
G1 X126.261461 Y113.81459 Z39.032803 E0.140733
G1 X126.633674 Y113.776919 Z39.033917 E0.140703
G1 X127.006667 Y113.749011 Z39.035031 E0.140674
G1 X127.380184 Y113.73088 Z39.036145 E0.140644
G1 X127.75397 Y113.722535 Z39.037259 E0.140615
G1 X128.127768 Y113.723978 Z39.038373 E0.140586
G1 X128.501322 Y113.735204 Z39.039487 E0.140556
G1 X128.874376 Y113.756201 Z39.040601 E0.140527
G1 X129.246674 Y113.78695 Z39.041715 E0.140497
G1 X129.617962 Y113.827426 Z39.042829 E0.140468
G1 X129.987985 Y113.877598 Z39.043943 E0.140438
G1 X130.356491 Y113.937427 Z39.045057 E0.140409
G1 X130.723227 Y114.006867 Z39.046171 E0.140379
G1 X131.087944 Y114.085868 Z39.047285 E0.14035
G1 X131.450391 Y114.174371 Z39.048399 E0.140321
G1 X131.810321 Y114.272312 Z39.049512 E0.140291
G1 X132.167489 Y114.379619 Z39.050626 E0.140262
G1 X132.521652 Y114.496214 Z39.05174 E0.140232
G1 X132.872557 Y114.622042 Z39.052854 E0.140203
G1 X133.219962 Y114.757015 Z39.053968 E0.140173
G1 X133.56364 Y114.901006 Z39.055082 E0.140143
G1 X133.903358 Y115.053913 Z39.056196 E0.140113
G1 X134.238885 Y115.215625 Z39.05731 E0.140083
G1 X134.569993 Y115.386029 Z39.058424 E0.140053
G1 X134.896456 Y115.565004 Z39.059538 E0.140023
G1 X135.218052 Y115.752424 Z39.060652 E0.139993
G1 X135.534565 Y115.948156 Z39.061766 E0.139962
G1 X135.845777 Y116.152064 Z39.06288 E0.139932
G1 X136.15148 Y116.364003 Z39.063994 E0.139902
G1 X136.451464 Y116.583826 Z39.065108 E0.139872
G1 X136.745528 Y116.811377 Z39.066222 E0.139842
G1 X137.033473 Y117.046498 Z39.067336 E0.139812
G1 X137.315103 Y117.289024 Z39.06845 E0.139782
G1 X137.590228 Y117.538786 Z39.069563 E0.139752
G1 X137.858663 Y117.79561 Z39.070677 E0.139722
G1 X138.120226 Y118.059316 Z39.071791 E0.139692
G1 X138.374735 Y118.329727 Z39.072905 E0.139662
G1 X138.621984 Y118.606683 Z39.074019 E0.139632
G1 X138.861845 Y118.889956 Z39.075133 E0.139601
G1 X139.094158 Y119.179347 Z39.076247 E0.13957
G1 X139.318765 Y119.474655 Z39.077361 E0.13954
G1 X139.535517 Y119.775676 Z39.078475 E0.139509
G1 X139.744268 Y120.082201 Z39.079589 E0.139478
G1 X139.944879 Y120.394016 Z39.080703 E0.139448
G1 X140.137216 Y120.710907 Z39.081817 E0.139417
G1 X140.321151 Y121.032654 Z39.082931 E0.139386
G1 X140.496561 Y121.359034 Z39.084045 E0.139356
G1 X140.663331 Y121.689821 Z39.085159 E0.139325
G1 X140.821348 Y122.024787 Z39.086273 E0.139294
G1 X140.97051 Y122.3637 Z39.087387 E0.139263
G1 X141.110717 Y122.706326 Z39.0885 E0.139233
G1 X141.241878 Y123.05243 Z39.089614 E0.139202
G1 X141.363906 Y123.401771 Z39.090728 E0.139171
G1 X141.476723 Y123.754109 Z39.091842 E0.139141
G1 X141.580254 Y124.109202 Z39.092956 E0.13911
G1 X141.674384 Y124.466817 Z39.09407 E0.139079
G1 X141.759089 Y124.826695 Z39.095184 E0.139048
G1 X141.834327 Y125.188586 Z39.096298 E0.139017
G1 X141.90005 Y125.552242 Z39.097412 E0.138986
G1 X141.956219 Y125.91741 Z39.098526 E0.138954
G1 X142.002798 Y126.283842 Z39.09964 E0.138923
G1 F248 X142.039759 Y126.651284 Z39.100754 E0.138892
G1 X142.067083 Y127.019485 Z39.101868 E0.13886
G1 X142.084754 Y127.388193 Z39.102982 E0.138829
G1 X142.092766 Y127.757153 Z39.104096 E0.138798
G1 X142.091115 Y128.126113 Z39.10521 E0.138767
G1 X142.079809 Y128.494821 Z39.106324 E0.138735
G1 X142.058859 Y128.863023 Z39.107437 E0.138704
G1 X142.028284 Y129.230468 Z39.108551 E0.138673
G1 X141.98811 Y129.596903 Z39.109665 E0.138641
G1 X141.938367 Y129.962079 Z39.110779 E0.13861
G1 X141.879095 Y130.325745 Z39.111893 E0.138579
G1 X141.810339 Y130.687654 Z39.113007 E0.138547
G1 X141.732119 Y131.04755 Z39.114121 E0.138516
G1 X141.644493 Y131.405186 Z39.115235 E0.138485
G1 X141.547558 Y131.760323 Z39.116349 E0.138453
G1 X141.441383 Y132.112721 Z39.117463 E0.138421
G1 X141.326046 Y132.462137 Z39.118577 E0.138389
G1 X141.201629 Y132.808334 Z39.119691 E0.138357
G1 X141.068223 Y133.151076 Z39.120805 E0.138325
G1 X140.925923 Y133.49013 Z39.121919 E0.138293
G1 X140.77483 Y133.825266 Z39.123033 E0.138261
G1 X140.615053 Y134.156255 Z39.124147 E0.138229
G1 X140.446704 Y134.482872 Z39.125261 E0.138197
G1 X140.269903 Y134.804895 Z39.126375 E0.138165
G1 X140.084776 Y135.122107 Z39.127488 E0.138134
G1 X139.891452 Y135.434291 Z39.128602 E0.138102
G1 X139.690068 Y135.741236 Z39.129716 E0.13807
G1 X139.480766 Y136.042734 Z39.13083 E0.138038
G1 X139.263693 Y136.338582 Z39.131944 E0.138006
G1 X139.039002 Y136.628578 Z39.133058 E0.137974
G1 X138.806841 Y136.912519 Z39.134172 E0.137942
G1 X138.567343 Y137.190188 Z39.135286 E0.13791
G1 X138.320716 Y137.461428 Z39.1364 E0.137878
G1 X138.067132 Y137.726055 Z39.137514 E0.137845
G1 X137.80677 Y137.983893 Z39.138628 E0.137812
G1 X137.539809 Y138.234767 Z39.139742 E0.13778
G1 X137.266437 Y138.478509 Z39.140856 E0.137747
G1 X136.986844 Y138.714955 Z39.14197 E0.137715
G1 X136.701224 Y138.943946 Z39.143084 E0.137682
G1 X136.409776 Y139.165329 Z39.144198 E0.13765
G1 X136.112703 Y139.378956 Z39.145312 E0.137617
G1 X135.81021 Y139.584684 Z39.146425 E0.137585
G1 X135.502508 Y139.782375 Z39.147539 E0.137552
G1 X135.18981 Y139.971899 Z39.148653 E0.13752
G1 X134.872333 Y140.153129 Z39.149767 E0.137487
G1 X134.550296 Y140.325945 Z39.150881 E0.137455
G1 X134.223923 Y140.490231 Z39.151995 E0.137422
G1 X133.893439 Y140.645881 Z39.153109 E0.13739
G1 X133.559072 Y140.792791 Z39.154223 E0.137357
G1 X133.221035 Y140.930814 Z39.155337 E0.137325
G1 X132.879578 Y141.059901 Z39.156451 E0.137292
G1 X132.534943 Y141.179976 Z39.157565 E0.137258
G1 X132.187366 Y141.290961 Z39.158679 E0.137225
G1 X131.837088 Y141.392784 Z39.159793 E0.137192
G1 X131.484349 Y141.48538 Z39.160907 E0.137159
G1 X131.129392 Y141.568689 Z39.162021 E0.137126
G1 X130.772463 Y141.64266 Z39.163135 E0.137093
G1 X130.413806 Y141.707245 Z39.164249 E0.13706
G1 X130.053668 Y141.762406 Z39.165362 E0.137027
G1 X129.692298 Y141.808108 Z39.166476 E0.136993
G1 X129.329942 Y141.844326 Z39.16759 E0.13696
G1 X128.96685 Y141.871039 Z39.168704 E0.136927
G1 X128.603271 Y141.888233 Z39.169818 E0.136894
G1 X128.239455 Y141.895901 Z39.170932 E0.136861
G1 X127.87565 Y141.894042 Z39.172046 E0.136828
G1 X127.512108 Y141.882663 Z39.17316 E0.136795
G1 X127.149075 Y141.861775 Z39.174274 E0.136761
G1 X126.786802 Y141.831398 Z39.175388 E0.136728
G1 X126.425536 Y141.791557 Z39.176502 E0.136695
G1 X126.065523 Y141.742284 Z39.177616 E0.136662
G1 X125.707011 Y141.683618 Z39.17873 E0.136629
G1 X125.350244 Y141.615602 Z39.179844 E0.136596
G1 X124.995467 Y141.538288 Z39.180958 E0.136563
G1 X124.64292 Y141.451735 Z39.182072 E0.13653
G1 X124.292845 Y141.356004 Z39.183186 E0.136496
G1 X123.945481 Y141.251168 Z39.1843 E0.136463
G1 X123.601063 Y141.137301 Z39.185413 E0.13643
G1 X123.259828 Y141.014486 Z39.186527 E0.136397
G1 X122.922007 Y140.882813 Z39.187641 E0.136364
G1 X122.58783 Y140.742374 Z39.188755 E0.136331
G1 X122.257524 Y140.593272 Z39.189869 E0.136298
G1 X121.931314 Y140.435612 Z39.190983 E0.136264
G1 X121.609422 Y140.269506 Z39.192097 E0.136231
G1 X121.292066 Y140.095073 Z39.193211 E0.136198
G1 X120.979461 Y139.912436 Z39.194325 E0.136165
G1 X120.671819 Y139.721724 Z39.195439 E0.136132
G1 X120.369349 Y139.523072 Z39.196553 E0.136099
G1 X120.072256 Y139.316621 Z39.197667 E0.136066
G1 X119.78074 Y139.102514 Z39.198781 E0.136033
G1 X119.494999 Y138.880903 Z39.199895 E0.135999
G1 X119.215226 Y138.651943 Z39.201009 E0.135966
G1 X118.941609 Y138.415796 Z39.202123 E0.135933
G1 X118.674333 Y138.172625 Z39.203237 E0.1359
G1 X118.413579 Y137.922601 Z39.20435 E0.135867
G1 X118.159521 Y137.6659 Z39.205464 E0.135834
G1 X117.912331 Y137.402699 Z39.206578 E0.135801
G1 X117.672174 Y137.133184 Z39.207692 E0.135768
G1 X117.439213 Y136.857541 Z39.208806 E0.135734
G1 X117.213602 Y136.575962 Z39.20992 E0.135701
G1 X116.995494 Y136.288644 Z39.211034 E0.135668
G1 X116.785033 Y135.995786 Z39.212148 E0.135635
G1 X116.582361 Y135.697591 Z39.213262 E0.135602
G1 X116.387613 Y135.394267 Z39.214376 E0.135569
G1 X116.200918 Y135.086024 Z39.21549 E0.135536
G1 X116.022399 Y134.773075 Z39.216604 E0.135502
G1 X115.852177 Y134.455638 Z39.217718 E0.135469
G1 X115.690362 Y134.133932 Z39.218832 E0.135436
G1 X115.537063 Y133.80818 Z39.219946 E0.135403
G1 X115.392379 Y133.478607 Z39.22106 E0.13537
G1 X115.256406 Y133.145441 Z39.222174 E0.135337
G1 X115.129234 Y132.808912 Z39.223288 E0.135304
G1 X115.010943 Y132.469252 Z39.224401 E0.135271
G1 X114.901612 Y132.126695 Z39.225515 E0.135237
G1 X114.801311 Y131.781479 Z39.226629 E0.135204
G1 X114.710104 Y131.43384 Z39.227743 E0.135171
G1 X114.62805 Y131.084018 Z39.228857 E0.135138
G1 X114.555199 Y130.732254 Z39.229971 E0.135105
G1 X114.491598 Y130.37879 Z39.231085 E0.135072
G1 X114.437286 Y130.02387 Z39.232199 E0.135039
G1 X114.392295 Y129.667736 Z39.233313 E0.135006
;WIDTH:1.200
; LINE_WIDTH: 1.200
;Z:39.485
;HEIGHT:0.251
G1 X114.356451 Y129.310654 Z39.234361 E0.140597
G1 X114.329974 Y128.952839 Z39.235408 E0.140565
G1 X114.312878 Y128.594535 Z39.236456 E0.140532
G1 X114.305169 Y128.23599 Z39.237503 E0.1405
G1 X114.306848 Y127.877448 Z39.238551 E0.140467
G1 X114.317911 Y127.519157 Z39.239598 E0.140435
G1 X114.338345 Y127.16136 Z39.240646 E0.140402
G1 X114.368131 Y126.804303 Z39.241694 E0.14037
G1 X114.407246 Y126.448231 Z39.242741 E0.140337
G1 X114.455658 Y126.093387 Z39.243789 E0.140305
G1 X114.513329 Y125.740014 Z39.244836 E0.140273
G1 X114.580216 Y125.388353 Z39.245884 E0.14024
G1 X114.656269 Y125.038645 Z39.246931 E0.140208
G1 X114.741431 Y124.691127 Z39.247979 E0.140175
G1 X114.83564 Y124.346039 Z39.249026 E0.140143
G1 X114.938826 Y124.003614 Z39.250074 E0.14011
G1 X115.050916 Y123.664086 Z39.251122 E0.140078
G1 X115.171827 Y123.327687 Z39.252169 E0.140045
G1 X115.301474 Y122.994647 Z39.253217 E0.140013
G1 X115.439762 Y122.66519 Z39.254264 E0.139981
G1 X115.586595 Y122.339542 Z39.255312 E0.139948
G1 X115.741866 Y122.017925 Z39.256359 E0.139916
G1 X115.905465 Y121.700556 Z39.257407 E0.139883
G1 X116.077277 Y121.387651 Z39.258455 E0.139851
G1 X116.257179 Y121.079423 Z39.259502 E0.139818
G1 X116.445046 Y120.776081 Z39.26055 E0.139786
G1 X116.640744 Y120.47783 Z39.261597 E0.139753
G1 X116.844135 Y120.184872 Z39.262645 E0.139721
G1 X117.055077 Y119.897406 Z39.263692 E0.139688
G1 X117.273422 Y119.615627 Z39.26474 E0.139656
G1 X117.499016 Y119.339724 Z39.265788 E0.139624
G1 X117.731702 Y119.069884 Z39.266835 E0.139591
G1 X117.971316 Y118.80629 Z39.267883 E0.139559
G1 X118.217691 Y118.549118 Z39.26893 E0.139526
G1 X118.470656 Y118.298543 Z39.269978 E0.139494
G1 X118.730034 Y118.054733 Z39.271025 E0.139461
G1 X118.995643 Y117.817852 Z39.272073 E0.139429
G1 X119.267299 Y117.588059 Z39.273121 E0.139396
G1 X119.544814 Y117.365508 Z39.274168 E0.139364
G1 X119.827993 Y117.150349 Z39.275216 E0.139331
G1 X120.116641 Y116.942725 Z39.276263 E0.139299
G1 X120.410557 Y116.742775 Z39.277311 E0.139267
G1 X120.709537 Y116.550633 Z39.278358 E0.139234
G1 X121.013374 Y116.366427 Z39.279406 E0.139202
G1 X121.321857 Y116.190279 Z39.280453 E0.139169
G1 X121.634773 Y116.022307 Z39.281501 E0.139137
G1 X121.951904 Y115.862621 Z39.282549 E0.139104
G1 X122.273033 Y115.711327 Z39.283596 E0.139072
G1 X122.597937 Y115.568526 Z39.284644 E0.139039
G1 X122.92639 Y115.43431 Z39.285691 E0.139007
G1 X123.258168 Y115.308768 Z39.286739 E0.138975
G1 X123.59304 Y115.191982 Z39.287786 E0.138942
G1 X123.930776 Y115.084028 Z39.288834 E0.13891
G1 X124.271142 Y114.984976 Z39.289882 E0.138877
G1 X124.613905 Y114.894889 Z39.290929 E0.138845
G1 X124.958828 Y114.813826 Z39.291977 E0.138812
G1 X125.305674 Y114.741836 Z39.293024 E0.13878
G1 X125.654205 Y114.678966 Z39.294072 E0.138747
G1 X126.00418 Y114.625255 Z39.295119 E0.138715
G1 X126.355358 Y114.580734 Z39.296167 E0.138683
G1 X126.7075 Y114.54543 Z39.297215 E0.13865
G1 X127.060362 Y114.519363 Z39.298262 E0.138618
G1 X127.413704 Y114.502547 Z39.29931 E0.138585
G1 X127.767281 Y114.494988 Z39.300357 E0.138553
G1 X128.120853 Y114.496687 Z39.301405 E0.13852
G1 X128.474176 Y114.50764 Z39.302452 E0.138488
G1 X128.827008 Y114.527834 Z39.3035 E0.138455
G1 X129.179108 Y114.55725 Z39.304548 E0.138423
G1 X129.530236 Y114.595866 Z39.305595 E0.13839
G1 X129.88015 Y114.643649 Z39.306643 E0.138358
G1 X130.228611 Y114.700562 Z39.30769 E0.138326
G1 X130.575382 Y114.766563 Z39.308738 E0.138293
G1 X130.920225 Y114.841602 Z39.309785 E0.138261
G1 X131.262905 Y114.925624 Z39.310833 E0.138228
G1 X131.603188 Y115.018565 Z39.31188 E0.138196
G1 X131.940842 Y115.12036 Z39.312928 E0.138163
G1 X132.275636 Y115.230932 Z39.313976 E0.138131
G1 X132.607344 Y115.350204 Z39.315023 E0.138098
G1 X132.935738 Y115.478088 Z39.316071 E0.138066
G1 X133.260595 Y115.614494 Z39.317118 E0.138034
G1 X133.581694 Y115.759323 Z39.318166 E0.138001
G1 X133.898818 Y115.912472 Z39.319213 E0.137969
G1 X134.21175 Y116.073833 Z39.320261 E0.137936
G1 X134.520278 Y116.243291 Z39.321309 E0.137904
G1 X134.824192 Y116.420726 Z39.322356 E0.137871
G1 X135.123286 Y116.606013 Z39.323404 E0.137839
G1 X135.417359 Y116.79902 Z39.324451 E0.137806
G1 X135.706209 Y116.999614 Z39.325499 E0.137774
G1 X135.989643 Y117.207651 Z39.326546 E0.137742
G1 X136.267468 Y117.422986 Z39.327594 E0.137709
G1 X136.539496 Y117.645468 Z39.328642 E0.137677
G1 X136.805544 Y117.874941 Z39.329689 E0.137644
G1 X137.065432 Y118.111245 Z39.330737 E0.137612
G1 X137.318984 Y118.354214 Z39.331784 E0.137579
G1 X137.566031 Y118.603679 Z39.332832 E0.137547
G1 X137.806406 Y118.859465 Z39.333879 E0.137514
G1 X138.039947 Y119.121395 Z39.334927 E0.137482
G1 X138.266498 Y119.389285 Z39.335975 E0.13745
G1 X138.485906 Y119.66295 Z39.337022 E0.137417
G1 X138.698024 Y119.9422 Z39.33807 E0.137385
G1 X138.902711 Y120.226839 Z39.339117 E0.137352
G1 X139.09983 Y120.51667 Z39.340165 E0.13732
G1 X139.289249 Y120.811493 Z39.341212 E0.137287
G1 X139.470842 Y121.111103 Z39.34226 E0.137255
G1 X139.644488 Y121.415293 Z39.343307 E0.137222
G1 X139.810072 Y121.723851 Z39.344355 E0.13719
G1 X139.967484 Y122.036564 Z39.345403 E0.137158
G1 X140.116621 Y122.353216 Z39.34645 E0.137125
G1 X140.257383 Y122.673587 Z39.347498 E0.137093
G1 X140.389679 Y122.997458 Z39.348545 E0.13706
G1 X140.513422 Y123.324603 Z39.349593 E0.137028
G1 X140.62853 Y123.654798 Z39.35064 E0.136995
G1 X140.73493 Y123.987814 Z39.351688 E0.136963
G1 X140.832552 Y124.323421 Z39.352736 E0.136931
G1 X140.921333 Y124.661389 Z39.353783 E0.136898
G1 X141.001218 Y125.001485 Z39.354831 E0.136866
G1 X141.072155 Y125.343475 Z39.355878 E0.136833
G1 X141.1341 Y125.687123 Z39.356926 E0.136801
G1 X141.187015 Y126.032193 Z39.357973 E0.136768
G1 X141.230867 Y126.378448 Z39.359021 E0.136736
G1 X141.265632 Y126.72565 Z39.360069 E0.136703
G1 X141.29129 Y127.07356 Z39.361116 E0.136671
G1 X141.307827 Y127.421941 Z39.362164 E0.136639
G1 X141.315236 Y127.770551 Z39.363211 E0.136606
G1 X141.313517 Y128.119154 Z39.364259 E0.136574
G1 X141.302674 Y128.467509 Z39.365306 E0.136541
G1 X141.282721 Y128.815379 Z39.366354 E0.136509
G1 X141.253674 Y129.162524 Z39.367402 E0.136476
G1 X141.215559 Y129.508708 Z39.368449 E0.136444
G1 X141.168405 Y129.853693 Z39.369497 E0.136412
G1 X141.112249 Y130.197243 Z39.370544 E0.136379
G1 X141.047134 Y130.539125 Z39.371592 E0.136347
G1 X140.973109 Y130.879104 Z39.372639 E0.136314
G1 X140.890228 Y131.216948 Z39.373687 E0.136282
G1 X140.798553 Y131.552426 Z39.374734 E0.136249
G1 X140.698151 Y131.885311 Z39.375782 E0.136217
G1 X140.589095 Y132.215374 Z39.37683 E0.136184
G1 X140.471464 Y132.542391 Z39.377877 E0.136152
G1 X140.345342 Y132.866139 Z39.378925 E0.13612
G1 X140.210819 Y133.186399 Z39.379972 E0.136087
G1 X140.067993 Y133.502951 Z39.38102 E0.136055
G1 X139.916965 Y133.815582 Z39.382067 E0.136022
G1 X139.757842 Y134.124078 Z39.383115 E0.13599
G1 X139.590738 Y134.42823 Z39.384163 E0.135957
G1 X139.41577 Y134.727831 Z39.38521 E0.135925
G1 X139.233062 Y135.022679 Z39.386258 E0.135893
G1 X139.042743 Y135.312574 Z39.387305 E0.13586
G1 X138.844948 Y135.597318 Z39.388353 E0.135828
G1 X138.639815 Y135.876721 Z39.3894 E0.135795
G1 X138.427489 Y136.150592 Z39.390448 E0.135763
G1 X138.208118 Y136.418746 Z39.391496 E0.13573
G1 X137.981856 Y136.681003 Z39.392543 E0.135698
G1 X137.748862 Y136.937186 Z39.393591 E0.135665
G1 X137.509299 Y137.187121 Z39.394638 E0.135633
G1 X137.263333 Y137.430641 Z39.395686 E0.135601
G1 X137.011137 Y137.667582 Z39.396733 E0.135568
G1 X136.752886 Y137.897784 Z39.397781 E0.135536
G1 X136.48876 Y138.121093 Z39.398829 E0.135503
G1 X136.218944 Y138.337359 Z39.399876 E0.135471
G1 X135.943625 Y138.546438 Z39.400924 E0.135438
G1 X135.662993 Y138.748189 Z39.401971 E0.135406
G1 X135.377245 Y138.942477 Z39.403019 E0.135374
G1 X135.086578 Y139.129174 Z39.404066 E0.135341
G1 X134.791193 Y139.308154 Z39.405114 E0.135309
G1 X134.491297 Y139.479299 Z39.406161 E0.135276
G1 X134.187095 Y139.642495 Z39.407209 E0.135244
G1 X133.8788 Y139.797635 Z39.408257 E0.135211
G1 X133.566623 Y139.944615 Z39.409304 E0.135179
G1 X133.250782 Y140.083338 Z39.410352 E0.135147
G1 X132.931494 Y140.213715 Z39.411399 E0.135114
G1 X132.608979 Y140.335659 Z39.412447 E0.135082
G1 X132.283461 Y140.44909 Z39.413494 E0.135049
G1 X131.955164 Y140.553936 Z39.414542 E0.135017
G1 X131.624314 Y140.650128 Z39.41559 E0.134984
G1 X131.291139 Y140.737605 Z39.416637 E0.134952
G1 X130.955869 Y140.816311 Z39.417685 E0.13492
G1 X130.618734 Y140.886196 Z39.418732 E0.134887
G1 X130.279967 Y140.947216 Z39.41978 E0.134855
G1 X129.939801 Y140.999335 Z39.420827 E0.134822
G1 X129.598468 Y141.04252 Z39.421875 E0.13479
G1 X129.256205 Y141.076746 Z39.422923 E0.134757
G1 X128.913245 Y141.101995 Z39.42397 E0.134725
G1 X128.569825 Y141.118252 Z39.425018 E0.134693
G1 X128.226179 Y141.125512 Z39.426065 E0.13466
G1 X127.882544 Y141.123773 Z39.427113 E0.134628
G1 X127.539155 Y141.113041 Z39.42816 E0.134595
G1 X127.196247 Y141.093328 Z39.429208 E0.134563
G1 X126.854056 Y141.064652 Z39.430256 E0.13453
G1 X126.512814 Y141.027036 Z39.431303 E0.134498
G1 X126.172757 Y140.980511 Z39.432351 E0.134466
G1 X125.834115 Y140.925113 Z39.433398 E0.134433
G1 X125.497121 Y140.860884 Z39.434446 E0.134401
G1 X125.162005 Y140.787872 Z39.435493 E0.134368
G1 X124.828996 Y140.706132 Z39.436541 E0.134336
G1 X124.498321 Y140.615724 Z39.437589 E0.134303
G1 X124.170204 Y140.516715 Z39.438636 E0.134271
G1 X123.844871 Y140.409175 Z39.439684 E0.134239
G1 X123.522543 Y140.293183 Z39.440731 E0.134206
G1 X123.203439 Y140.168823 Z39.441779 E0.134174
G1 X122.887775 Y140.036184 Z39.442826 E0.134141
G1 X122.575768 Y139.895361 Z39.443874 E0.134109
G1 X122.267629 Y139.746454 Z39.444921 E0.134076
G1 X121.963568 Y139.589568 Z39.445969 E0.134044
G1 X121.66379 Y139.424817 Z39.447017 E0.134012
G1 X121.3685 Y139.252316 Z39.448064 E0.133979
G1 X121.077897 Y139.072187 Z39.449112 E0.133947
G1 X120.792178 Y138.884557 Z39.450159 E0.133914
G1 X120.511538 Y138.689559 Z39.451207 E0.133882
G1 X120.236165 Y138.48733 Z39.452254 E0.133849
G1 X119.966246 Y138.278012 Z39.453302 E0.133817
G1 X119.701963 Y138.061752 Z39.45435 E0.133785
G1 X119.443495 Y137.838701 Z39.455397 E0.133752
G1 X119.191017 Y137.609016 Z39.456445 E0.13372
G1 X118.944697 Y137.372857 Z39.457492 E0.133687
G1 X118.704703 Y137.13039 Z39.45854 E0.133655
G1 X118.471195 Y136.881783 Z39.459587 E0.133622
G1 X118.24433 Y136.62721 Z39.460635 E0.13359
G1 X118.024261 Y136.366849 Z39.461683 E0.133558
G1 X117.811135 Y136.10088 Z39.46273 E0.133525
G1 X117.605095 Y135.829489 Z39.463778 E0.133493
G1 X117.406279 Y135.552864 Z39.464825 E0.13346
G1 X117.214819 Y135.271198 Z39.465873 E0.133428
G1 X117.030844 Y134.984685 Z39.46692 E0.133396
G1 X116.854475 Y134.693525 Z39.467968 E0.133363
G1 X116.68583 Y134.39792 Z39.469016 E0.133331
G1 X116.52502 Y134.098074 Z39.470063 E0.133298
G1 X116.372152 Y133.794194 Z39.471111 E0.133266
G1 X116.227328 Y133.486492 Z39.472158 E0.133233
G1 X116.090641 Y133.175179 Z39.473206 E0.133201
G1 X115.962183 Y132.860472 Z39.474253 E0.133169
G1 X115.842037 Y132.542587 Z39.475301 E0.133136
G1 X115.730281 Y132.221743 Z39.476348 E0.133104
G1 X115.626988 Y131.898163 Z39.477396 E0.133071
G1 X115.532225 Y131.572069 Z39.478444 E0.133039
G1 X115.446052 Y131.243686 Z39.479491 E0.133007
G1 X115.368524 Y130.91324 Z39.480539 E0.132974
G1 X115.29969 Y130.580958 Z39.481586 E0.132942
G1 X115.239594 Y130.24707 Z39.482634 E0.132909
G1 X115.188271 Y129.911805 Z39.483681 E0.132877
G1 X115.145753 Y129.575394 Z39.484729 E0.132844
;WIDTH:1.200
; LINE_WIDTH: 1.200
;Z:39.710
;HEIGHT:0.225
G1 X115.111735 Y129.238099 Z39.485667 E0.127839
G1 X115.086565 Y128.900102 Z39.486604 E0.127811
G1 X115.070255 Y128.561637 Z39.487542 E0.127783
G1 X115.062812 Y128.222934 Z39.48848 E0.127755
G1 X115.064239 Y127.884227 Z39.489418 E0.127727
G1 X115.07453 Y127.545747 Z39.490355 E0.1277
G1 X115.093674 Y127.207727 Z39.491293 E0.127672
G1 X115.121654 Y126.870397 Z39.492231 E0.127644
G1 X115.158448 Y126.53399 Z39.493168 E0.127616
G1 X115.204026 Y126.198734 Z39.494106 E0.127588
G1 X115.258352 Y125.864859 Z39.495044 E0.12756
G1 X115.321387 Y125.532594 Z39.495981 E0.127532
G1 X115.393083 Y125.202165 Z39.496919 E0.127504
G1 X115.473387 Y124.873798 Z39.497857 E0.127476
G1 X115.56224 Y124.547717 Z39.498795 E0.127448
G1 X115.659578 Y124.224146 Z39.499732 E0.12742
G1 X115.76533 Y123.903303 Z39.50067 E0.127392
G1 X115.879447 Y123.585419 Z39.501608 E0.127364
G1 X116.001865 Y123.270719 Z39.502545 E0.127336
G1 X116.132451 Y122.959401 Z39.503483 E0.127307
G1 X116.27111 Y122.651678 Z39.504421 E0.127279
G1 X116.417745 Y122.34776 Z39.505358 E0.12725
G1 X116.572251 Y122.047851 Z39.506296 E0.127221
G1 X116.734518 Y121.752157 Z39.507234 E0.127193
G1 X116.904433 Y121.460879 Z39.508172 E0.127164
G1 X117.081874 Y121.174212 Z39.509109 E0.127135
G1 X117.266718 Y120.892353 Z39.510047 E0.127106
G1 X117.458833 Y120.615492 Z39.510985 E0.127078
G1 X117.658086 Y120.343817 Z39.511922 E0.127049
G1 X117.864336 Y120.077511 Z39.51286 E0.12702
G1 X118.077439 Y119.816755 Z39.513798 E0.126992
G1 X118.297245 Y119.561725 Z39.514736 E0.126963
G1 X118.523601 Y119.312592 Z39.515673 E0.126934
G1 X118.756349 Y119.069526 Z39.516611 E0.126906
G1 X118.995326 Y118.83269 Z39.517549 E0.126877
G1 X119.240367 Y118.602243 Z39.518486 E0.126848
G1 X119.491299 Y118.378341 Z39.519424 E0.126819
G1 F213 X119.747948 Y118.161134 Z39.520362 E0.126791
G1 X120.010137 Y117.950767 Z39.521299 E0.126762
G1 X120.277711 Y117.747421 Z39.522237 E0.126733
G1 X120.550471 Y117.551219 Z39.523175 E0.126704
G1 X120.82821 Y117.362268 Z39.524113 E0.126675
G1 X121.110734 Y117.180696 Z39.52505 E0.126645
G1 X121.397848 Y117.006623 Z39.525988 E0.126616
G1 X121.689353 Y116.840164 Z39.526926 E0.126586
G1 X121.985047 Y116.681431 Z39.527863 E0.126557
G1 X122.284725 Y116.530529 Z39.528801 E0.126527
G1 X122.58818 Y116.387556 Z39.529739 E0.126498
G1 X122.895203 Y116.252608 Z39.530676 E0.126468
G1 X123.205581 Y116.125774 Z39.531614 E0.126439
G1 X123.519099 Y116.007136 Z39.532552 E0.126409
G1 X123.835543 Y115.896772 Z39.53349 E0.12638
G1 X124.154692 Y115.794754 Z39.534427 E0.12635
G1 X124.476328 Y115.701148 Z39.535365 E0.126321
G1 X124.800229 Y115.616014 Z39.536303 E0.126291
G1 X125.126171 Y115.539406 Z39.53724 E0.126262
G1 X125.453931 Y115.471373 Z39.538178 E0.126233
G1 X125.783282 Y115.411958 Z39.539116 E0.126203
G1 X126.113999 Y115.361197 Z39.540054 E0.126174
G1 X126.445854 Y115.319122 Z39.540991 E0.126144
G1 X126.778619 Y115.285756 Z39.541929 E0.126115
G1 X127.112069 Y115.261184 Z39.542867 E0.126085
G1 X127.44597 Y115.245367 Z39.543804 E0.126055
G1 X127.78009 Y115.238297 Z39.544742 E0.126025
G1 X128.1142 Y115.239977 Z39.54568 E0.125994
G1 X128.448072 Y115.2504 Z39.546617 E0.125964
G1 X128.781476 Y115.269556 Z39.547555 E0.125934
G1 X129.114185 Y115.297426 Z39.548493 E0.125904
G1 X129.445971 Y115.333988 Z39.549431 E0.125874
G1 X129.776606 Y115.379213 Z39.550368 E0.125843
G1 X130.105864 Y115.433065 Z39.551306 E0.125813
G1 X130.433521 Y115.495503 Z39.552244 E0.125783
G1 X130.759353 Y115.566481 Z39.553181 E0.125753
G1 X131.083138 Y115.645945 Z39.554119 E0.125722
G1 X131.404653 Y115.733837 Z39.555057 E0.125692
G1 X131.723681 Y115.830093 Z39.555994 E0.125662
G1 X132.040004 Y115.934643 Z39.556932 E0.125632
G1 X132.353405 Y116.04741 Z39.55787 E0.125601
G1 X132.663672 Y116.168315 Z39.558808 E0.125571
G1 X132.970594 Y116.297269 Z39.559745 E0.125541
G1 X133.273962 Y116.434182 Z39.560683 E0.125511
G1 X133.573569 Y116.578954 Z39.561621 E0.12548
G1 X133.869209 Y116.731489 Z39.562558 E0.12545
G1 X134.16065 Y116.891736 Z39.563496 E0.12542
G1 X134.447724 Y117.059515 Z39.564434 E0.125389
G1 X134.730238 Y117.23471 Z39.565372 E0.125358
G1 X135.008 Y117.417195 Z39.566309 E0.125327
G1 X135.280822 Y117.606842 Z39.567247 E0.125296
G1 X135.548519 Y117.803518 Z39.568185 E0.125265
G1 X135.810911 Y118.007084 Z39.569122 E0.125234
G1 X136.067819 Y118.217397 Z39.57006 E0.125203
G1 X136.319072 Y118.434311 Z39.570998 E0.125172
G1 X136.564499 Y118.657672 Z39.571935 E0.125141
G1 X136.803936 Y118.887325 Z39.572873 E0.12511
G1 X137.03722 Y119.123109 Z39.573811 E0.125079
G1 X137.264195 Y119.364859 Z39.574749 E0.125048
G1 X137.484709 Y119.612407 Z39.575686 E0.125017
G1 X137.698614 Y119.865581 Z39.576624 E0.124986
G1 X137.905766 Y120.124203 Z39.577562 E0.124955
G1 X138.106027 Y120.388095 Z39.578499 E0.124924
G1 X138.299262 Y120.657072 Z39.579437 E0.124893
G1 X138.485344 Y120.930947 Z39.580375 E0.124862
G1 X138.664148 Y121.209531 Z39.581312 E0.124831
G1 X138.835554 Y121.49263 Z39.58225 E0.1248
G1 X138.999428 Y121.78006 Z39.583188 E0.124769
G1 X139.155635 Y122.071634 Z39.584126 E0.124737
G1 X139.304118 Y122.367121 Z39.585063 E0.124705
G1 X139.444779 Y122.666318 Z39.586001 E0.124674
G1 X139.577524 Y122.969018 Z39.586939 E0.124642
G1 X139.702268 Y123.275012 Z39.587876 E0.12461
G1 X139.818928 Y123.584087 Z39.588814 E0.124578
G1 X139.927429 Y123.896031 Z39.589752 E0.124547
G1 X140.027701 Y124.210628 Z39.590689 E0.124515
G1 X140.11968 Y124.527662 Z39.591627 E0.124483
G1 X140.203305 Y124.846913 Z39.592565 E0.124451
G1 X140.278525 Y125.168163 Z39.593503 E0.124419
G1 X140.345292 Y125.491188 Z39.59444 E0.124388
G1 X140.403564 Y125.815768 Z39.595378 E0.124356
G1 X140.453307 Y126.141679 Z39.596316 E0.124324
G1 X140.49449 Y126.468697 Z39.597253 E0.124292
G1 X140.527089 Y126.796597 Z39.598191 E0.124261
G1 X140.551086 Y127.125155 Z39.599129 E0.124229
G1 X140.56647 Y127.454143 Z39.600067 E0.124197
G1 X140.573235 Y127.783338 Z39.601004 E0.124165
G1 X140.571379 Y128.112512 Z39.601942 E0.124134
G1 X140.560909 Y128.441441 Z39.60288 E0.124102
G1 X140.541792 Y128.769896 Z39.603817 E0.12407
G1 X140.514057 Y129.09765 Z39.604755 E0.124038
G1 X140.47776 Y129.424479 Z39.605693 E0.124005
G1 X140.432931 Y129.750161 Z39.60663 E0.123973
G1 X140.379606 Y130.074473 Z39.607568 E0.12394
G1 X140.317824 Y130.397193 Z39.608506 E0.123907
G1 X140.247634 Y130.7181 Z39.609444 E0.123875
G1 X140.169087 Y131.036976 Z39.610381 E0.123842
G1 X140.082241 Y131.353603 Z39.611319 E0.12381
G1 X139.987162 Y131.667766 Z39.612257 E0.123777
G1 X139.883917 Y131.979249 Z39.613194 E0.123745
G1 X139.772582 Y132.287842 Z39.614132 E0.123712
G1 X139.653239 Y132.593334 Z39.61507 E0.12368
G1 X139.525972 Y132.895518 Z39.616007 E0.123647
G1 X139.390873 Y133.194187 Z39.616945 E0.123615
G1 X139.248039 Y133.48914 Z39.617883 E0.123582
G1 X139.097571 Y133.780175 Z39.618821 E0.12355
G1 X138.939578 Y134.067096 Z39.619758 E0.123517
G1 X138.774171 Y134.349708 Z39.620696 E0.123484
G1 X138.601468 Y134.62782 Z39.621634 E0.123452
G1 X138.421591 Y134.901242 Z39.622571 E0.123419
G1 X138.234666 Y135.169791 Z39.623509 E0.123387
G1 X138.040776 Y135.433248 Z39.624447 E0.123354
G1 X137.840096 Y135.69146 Z39.625385 E0.123321
G1 X137.632782 Y135.944261 Z39.626322 E0.123288
G1 X137.418979 Y136.191481 Z39.62726 E0.123254
G1 X137.198836 Y136.432954 Z39.628198 E0.123221
G1 X136.972508 Y136.668517 Z39.629135 E0.123188
G1 X136.740153 Y136.898012 Z39.630073 E0.123154
G1 X136.501934 Y137.121285 Z39.631011 E0.123121
G1 X136.258018 Y137.338186 Z39.631948 E0.123088
G1 X136.008575 Y137.548571 Z39.632886 E0.123055
G1 X135.753778 Y137.752297 Z39.633824 E0.123021
G1 X135.493805 Y137.94923 Z39.634762 E0.122988
G1 X135.228838 Y138.139238 Z39.635699 E0.122955
G1 X134.95906 Y138.322195 Z39.636637 E0.122921
G1 X134.68466 Y138.497978 Z39.637575 E0.122888
G1 X134.405827 Y138.666472 Z39.638512 E0.122855
G1 X134.122755 Y138.827565 Z39.63945 E0.122821
G1 X133.835641 Y138.98115 Z39.640388 E0.122788
G1 X133.544683 Y139.127126 Z39.641325 E0.122755
G1 X133.250083 Y139.265397 Z39.642263 E0.122721
G1 X132.952046 Y139.395873 Z39.643201 E0.122688
G1 X132.650775 Y139.518465 Z39.644139 E0.122655
G1 X132.346455 Y139.633028 Z39.645076 E0.122621
G1 X132.039325 Y139.739554 Z39.646014 E0.122587
G1 X131.729598 Y139.837976 Z39.646952 E0.122553
G1 X131.417487 Y139.92823 Z39.647889 E0.122519
G1 X131.103207 Y140.010259 Z39.648827 E0.122485
G1 X130.786976 Y140.084012 Z39.649765 E0.122451
G1 X130.469011 Y140.149443 Z39.650703 E0.122417
G1 X130.149531 Y140.206511 Z39.65164 E0.122383
G1 X129.828756 Y140.255182 Z39.652578 E0.122349
G1 X129.506906 Y140.295427 Z39.653516 E0.122315
G1 X129.184203 Y140.327224 Z39.654453 E0.122281
G1 X128.860868 Y140.350555 Z39.655391 E0.122247
G1 X128.537123 Y140.365408 Z39.656329 E0.122212
G1 X128.213191 Y140.37178 Z39.657266 E0.122178
G1 X127.889293 Y140.369669 Z39.658204 E0.122144
G1 X127.565652 Y140.359082 Z39.659142 E0.12211
G1 X127.24249 Y140.340031 Z39.66008 E0.122076
G1 X126.920027 Y140.312534 Z39.661017 E0.122042
G1 X126.598484 Y140.276615 Z39.661955 E0.122008
G1 X126.278081 Y140.232302 Z39.662893 E0.121974
G1 X125.959037 Y140.179631 Z39.66383 E0.12194
G1 X125.64157 Y140.118643 Z39.664768 E0.121906
G1 X125.325897 Y140.049385 Z39.665706 E0.121872
G1 X125.012233 Y139.971908 Z39.666643 E0.121838
G1 X124.700792 Y139.886269 Z39.667581 E0.121804
G1 X124.391786 Y139.792533 Z39.668519 E0.121769
G1 X124.085425 Y139.690767 Z39.669457 E0.121735
G1 X123.781919 Y139.581047 Z39.670394 E0.121701
G1 X123.481474 Y139.463451 Z39.671332 E0.121667
G1 X123.184293 Y139.338065 Z39.67227 E0.121633
G1 X122.890579 Y139.204979 Z39.673207 E0.121599
G1 X122.600532 Y139.064289 Z39.674145 E0.121565
G1 X122.314347 Y138.916095 Z39.675083 E0.121531
G1 X122.032219 Y138.760504 Z39.676021 E0.121497
G1 X121.754339 Y138.597625 Z39.676958 E0.121463
G1 X121.480895 Y138.427575 Z39.677896 E0.121429
G1 X121.212072 Y138.250474 Z39.678834 E0.121395
G1 X120.948052 Y138.066447 Z39.679771 E0.121361
G1 X120.689013 Y137.875626 Z39.680709 E0.121327
G1 X120.43513 Y137.678143 Z39.681647 E0.121293
G1 X120.186574 Y137.474139 Z39.682584 E0.121258
G1 X119.943512 Y137.263757 Z39.683522 E0.121224
G1 X119.706108 Y137.047144 Z39.68446 E0.12119
G1 X119.474493 Y136.824483 Z39.685398 E0.121156
G1 X119.248822 Y136.595925 Z39.686335 E0.121123
G1 X119.029272 Y136.361601 Z39.687273 E0.121089
G1 X118.81599 Y136.121675 Z39.688211 E0.121056
G1 X118.60912 Y135.876316 Z39.689148 E0.121023
G1 X118.4088 Y135.625694 Z39.690086 E0.12099
G1 X118.215162 Y135.369984 Z39.691024 E0.120956
G1 X118.028337 Y135.109364 Z39.691961 E0.120923
G1 X117.848448 Y134.844015 Z39.692899 E0.12089
G1 X117.675616 Y134.574122 Z39.693837 E0.120856
G1 X117.509954 Y134.299873 Z39.694775 E0.120823
G1 X117.351572 Y134.021457 Z39.695712 E0.12079
G1 X117.200575 Y133.739068 Z39.69665 E0.120757
G1 X117.057063 Y133.452901 Z39.697588 E0.120723
G1 X116.921128 Y133.163156 Z39.698525 E0.12069
G1 X116.792862 Y132.870032 Z39.699463 E0.120657
G1 X116.672346 Y132.573732 Z39.700401 E0.120623
G1 X116.55966 Y132.274461 Z39.701339 E0.12059
G1 X116.454876 Y131.972426 Z39.702276 E0.120557
G1 X116.358062 Y131.667835 Z39.703214 E0.120524
G1 X116.26928 Y131.360899 Z39.704152 E0.12049
G1 X116.188587 Y131.05183 Z39.705089 E0.120457
G1 X116.115973 Y130.740853 Z39.706027 E0.120424
G1 X116.051525 Y130.42817 Z39.706965 E0.120391
G1 X115.9953 Y130.113993 Z39.707902 E0.120359
G1 X115.947332 Y129.798536 Z39.70884 E0.120326
G1 X115.907651 Y129.482017 Z39.709778 E0.120294
;WIDTH:1.200
; LINE_WIDTH: 1.200
;Z:39.919
;HEIGHT:0.209
G1 X115.876048 Y129.164676 Z39.71065 E0.123237
G1 X115.852769 Y128.846696 Z39.711522 E0.123206
G1 X115.837827 Y128.528295 Z39.712394 E0.123175
G1 X115.831228 Y128.209693 Z39.713266 E0.123144
G1 X115.83297 Y127.891107 Z39.714138 E0.123113
G1 X115.84305 Y127.572756 Z39.71501 E0.123082
G1 X115.861457 Y127.254858 Z39.715882 E0.123051
G1 X115.888172 Y126.937631 Z39.716755 E0.12302
G1 X115.923175 Y126.621292 Z39.717627 E0.122989
G1 X115.966436 Y126.306057 Z39.718499 E0.122958
G1 X116.017922 Y125.992141 Z39.719371 E0.122927
G1 X116.077593 Y125.67976 Z39.720243 E0.122896
G1 X116.145405 Y125.369126 Z39.721115 E0.122865
G1 X116.221306 Y125.060452 Z39.721987 E0.122834
G1 X116.305241 Y124.753948 Z39.722859 E0.122803
G1 X116.397149 Y124.449823 Z39.723731 E0.122772
G1 X116.496961 Y124.148285 Z39.724603 E0.122741
G1 X116.604607 Y123.849538 Z39.725475 E0.12271
G1 X116.719957 Y123.553767 Z39.726348 E0.122679
G1 X116.842962 Y123.261182 Z39.72722 E0.122649
G1 X116.973552 Y122.971989 Z39.728092 E0.122619
G1 X117.111634 Y122.686384 Z39.728964 E0.122588
G1 X117.25711 Y122.404561 Z39.729836 E0.122558
G1 X117.409876 Y122.126712 Z39.730708 E0.122528
G1 X117.569825 Y121.853024 Z39.73158 E0.122498
G1 X117.736842 Y121.583685 Z39.732452 E0.122467
G1 X117.91081 Y121.318875 Z39.733324 E0.122437
G1 X118.091606 Y121.058775 Z39.734196 E0.122407
G1 X118.279104 Y120.80356 Z39.735068 E0.122377
G1 X118.47317 Y120.553403 Z39.735941 E0.122347
G1 X118.673669 Y120.308473 Z39.736813 E0.122316
G1 X118.880461 Y120.068935 Z39.737685 E0.122286
G1 X119.0934 Y119.834951 Z39.738557 E0.122256
G1 X119.312337 Y119.606677 Z39.739429 E0.122226
G1 X119.53712 Y119.384269 Z39.740301 E0.122195
G1 X119.767591 Y119.167875 Z39.741173 E0.122165
G1 X120.00359 Y118.957641 Z39.742045 E0.122135
G1 X120.244952 Y118.753708 Z39.742917 E0.122105
G1 X120.491509 Y118.556212 Z39.743789 E0.122074
G1 X120.74309 Y118.365286 Z39.744661 E0.122044
G1 X120.999519 Y118.181057 Z39.745534 E0.122014
G1 X121.260605 Y118.003628 Z39.746406 E0.121984
G1 X121.526154 Y117.833096 Z39.747278 E0.121954
G1 X121.796012 Y117.669613 Z39.74815 E0.121924
G1 X122.06999 Y117.513288 Z39.749022 E0.121895
G1 X122.3479 Y117.364226 Z39.749894 E0.121865
G1 X122.629549 Y117.222525 Z39.750766 E0.121836
G1 X122.914742 Y117.088278 Z39.751638 E0.121806
G1 X123.203282 Y116.961574 Z39.75251 E0.121777
G1 X123.494969 Y116.842496 Z39.753382 E0.121747
G1 X123.789603 Y116.731122 Z39.754254 E0.121718
G1 X124.086978 Y116.627524 Z39.755127 E0.121689
G1 X124.386892 Y116.53177 Z39.755999 E0.121659
G1 X124.689136 Y116.443922 Z39.756871 E0.12163
G1 X124.993503 Y116.364035 Z39.757743 E0.1216
G1 X125.299782 Y116.292162 Z39.758615 E0.121571
G1 X125.607763 Y116.228347 Z39.759487 E0.121541
G1 X125.917234 Y116.17263 Z39.760359 E0.121512
G1 X126.227983 Y116.125045 Z39.761231 E0.121482
G1 X126.539795 Y116.085621 Z39.762103 E0.121453
G1 X126.852456 Y116.054382 Z39.762975 E0.121423
G1 X127.165752 Y116.031344 Z39.763847 E0.121394
G1 X127.479467 Y116.016519 Z39.76472 E0.121364
G1 X127.793386 Y116.009914 Z39.765592 E0.121335
G1 X128.107295 Y116.011528 Z39.766464 E0.121305
G1 X128.420974 Y116.021469 Z39.767336 E0.121276
G1 X128.734205 Y116.039623 Z39.768208 E0.121245
G1 X129.046774 Y116.065964 Z39.76908 E0.121214
G1 X129.358468 Y116.10047 Z39.769952 E0.121184
G1 X129.669073 Y116.143114 Z39.770824 E0.121153
G1 X129.978376 Y116.193861 Z39.771696 E0.121122
G1 X130.286167 Y116.252673 Z39.772568 E0.121091
G1 X130.592235 Y116.319507 Z39.77344 E0.121061
G1 X130.896372 Y116.394311 Z39.774313 E0.12103
G1 X131.198369 Y116.47703 Z39.775185 E0.120999
G1 X131.498022 Y116.567604 Z39.776057 E0.120969
G1 X131.795125 Y116.665967 Z39.776929 E0.120938
G1 X132.089476 Y116.772047 Z39.777801 E0.120907
G1 X132.380875 Y116.885768 Z39.778673 E0.120877
G1 X132.669124 Y117.007048 Z39.779545 E0.120846
G1 X132.954027 Y117.1358 Z39.780417 E0.120815
G1 X133.23539 Y117.271932 Z39.781289 E0.120784
G1 X133.513022 Y117.415346 Z39.782161 E0.120754
G1 X133.786735 Y117.565941 Z39.783033 E0.120723
G1 X134.056343 Y117.72361 Z39.783906 E0.120692
G1 X134.321663 Y117.888242 Z39.784778 E0.120662
G1 X134.582516 Y118.059719 Z39.78565 E0.120631
G1 X134.838726 Y118.237921 Z39.786522 E0.1206
G1 X135.09008 Y118.422773 Z39.787394 E0.120569
G1 X135.33641 Y118.614138 Z39.788266 E0.120538
G1 X135.577582 Y118.811833 Z39.789138 E0.120506
G1 X135.813433 Y119.01572 Z39.79001 E0.120474
G1 X136.043805 Y119.225656 Z39.790882 E0.120442
G1 X136.268542 Y119.441494 Z39.791754 E0.12041
G1 X136.487493 Y119.663083 Z39.792626 E0.120378
G1 X136.700512 Y119.890268 Z39.793499 E0.120347
G1 X136.907455 Y120.122889 Z39.794371 E0.120315
G1 X137.108184 Y120.360786 Z39.795243 E0.120283
G1 X137.302565 Y120.603792 Z39.796115 E0.120251
G1 X137.490467 Y120.851737 Z39.796987 E0.120219
G1 X137.671766 Y121.10445 Z39.797859 E0.120187
G1 X137.84634 Y121.361754 Z39.798731 E0.120155
G1 X138.014074 Y121.62347 Z39.799603 E0.120123
G1 X138.174855 Y121.889417 Z39.800475 E0.120091
G1 X138.328579 Y122.159411 Z39.801347 E0.120059
G1 X138.475142 Y122.433264 Z39.802219 E0.120027
G1 X138.614449 Y122.710786 Z39.803092 E0.119995
G1 X138.746408 Y122.991785 Z39.803964 E0.119964
G1 X138.870931 Y123.276066 Z39.804836 E0.119932
G1 X138.987939 Y123.563434 Z39.805708 E0.1199
G1 X139.097354 Y123.853689 Z39.80658 E0.119868
G1 X139.199091 Y124.146637 Z39.807452 E0.119836
G1 X139.292998 Y124.442099 Z39.808324 E0.119804
G1 X139.379115 Y124.739837 Z39.809196 E0.119771
G1 X139.457386 Y125.039644 Z39.810068 E0.119737
G1 X139.527762 Y125.341314 Z39.81094 E0.119704
G1 X139.590198 Y125.644639 Z39.811812 E0.119671
G1 X139.644657 Y125.94941 Z39.812685 E0.119638
G1 X139.691106 Y126.255417 Z39.813557 E0.119605
G1 X139.729517 Y126.562451 Z39.814429 E0.119572
G1 X139.759868 Y126.8703 Z39.815301 E0.119539
G1 X139.782143 Y127.178752 Z39.816173 E0.119506
G1 X139.796331 Y127.487596 Z39.817045 E0.119472
G1 X139.802427 Y127.79662 Z39.817917 E0.119439
G1 X139.800432 Y128.105612 Z39.818789 E0.119406
G1 X139.79035 Y128.41436 Z39.819661 E0.119373
G1 X139.772195 Y128.722653 Z39.820533 E0.11934
G1 X139.745981 Y129.030279 Z39.821405 E0.119307
G1 X139.711732 Y129.337029 Z39.822278 E0.119274
G1 X139.669477 Y129.642691 Z39.82315 E0.11924
G1 X139.619247 Y129.947058 Z39.824022 E0.119207
G1 X139.561083 Y130.249922 Z39.824894 E0.119174
G1 X139.495028 Y130.551075 Z39.825766 E0.119141
G1 X139.421132 Y130.850313 Z39.826638 E0.119108
G1 X139.339449 Y131.147431 Z39.82751 E0.119075
G1 X139.250043 Y131.442226 Z39.828382 E0.119042
G1 X139.152977 Y131.734499 Z39.829254 E0.119009
G1 X139.048321 Y132.02405 Z39.830126 E0.118975
G1 X138.936153 Y132.310682 Z39.830998 E0.118942
G1 X138.816552 Y132.5942 Z39.831871 E0.118909
G1 X138.689605 Y132.874412 Z39.832743 E0.118876
G1 X138.555403 Y133.151127 Z39.833615 E0.118843
G1 X138.414041 Y133.424158 Z39.834487 E0.11881
G1 X138.265622 Y133.69332 Z39.835359 E0.118777
G1 X138.110251 Y133.95843 Z39.836231 E0.118744
G1 X137.948037 Y134.219308 Z39.837103 E0.118711
G1 X137.779096 Y134.475779 Z39.837975 E0.118677
G1 X137.603548 Y134.727668 Z39.838847 E0.118644
G1 X137.421516 Y134.974807 Z39.839719 E0.118611
G1 X137.23313 Y135.217027 Z39.840591 E0.118578
G1 X137.038521 Y135.454167 Z39.841464 E0.118545
G1 X136.837826 Y135.686065 Z39.842336 E0.118512
G1 X136.631187 Y135.912567 Z39.843208 E0.118479
G1 X136.418748 Y136.133519 Z39.84408 E0.118446
G1 X136.200659 Y136.348773 Z39.844952 E0.118413
G1 X135.977071 Y136.558186 Z39.845824 E0.118379
G1 X135.748142 Y136.761617 Z39.846696 E0.118346
G1 X135.514031 Y136.958929 Z39.847568 E0.118313
G1 X135.274886 Y137.149972 Z39.84844 E0.11828
G1 X135.030863 Y137.334599 Z39.849312 E0.118247
G1 X134.78216 Y137.512723 Z39.850184 E0.118213
G1 X134.528952 Y137.684226 Z39.851057 E0.118179
G1 X134.271415 Y137.848994 Z39.851929 E0.118145
G1 X134.009727 Y138.006918 Z39.852801 E0.118111
G1 X133.74407 Y138.157893 Z39.853673 E0.118078
G1 X133.474629 Y138.301821 Z39.854545 E0.118044
G1 X133.201591 Y138.438606 Z39.855417 E0.11801
G1 X132.925145 Y138.568159 Z39.856289 E0.117976
G1 X132.645482 Y138.690395 Z39.857161 E0.117942
G1 X132.362796 Y138.805234 Z39.858033 E0.117908
G1 X132.077282 Y138.912602 Z39.858905 E0.117874
G1 X131.789138 Y139.012431 Z39.859777 E0.117841
G1 X131.498562 Y139.104655 Z39.86065 E0.117807
G1 X131.205756 Y139.189215 Z39.861522 E0.117773
G1 X130.910921 Y139.266059 Z39.862394 E0.117739
G1 X130.614261 Y139.335138 Z39.863266 E0.117705
G1 X130.31598 Y139.396409 Z39.864138 E0.117671
G1 X130.016283 Y139.449835 Z39.86501 E0.117638
G1 X129.715376 Y139.495383 Z39.865882 E0.117604
G1 X129.413468 Y139.533027 Z39.866754 E0.11757
G1 X129.110764 Y139.562745 Z39.867626 E0.117536
G1 X128.807473 Y139.584523 Z39.868498 E0.117502
G1 X128.503801 Y139.598281 Z39.86937 E0.117468
G1 X128.199962 Y139.604078 Z39.870243 E0.117434
G1 X127.896165 Y139.60192 Z39.871115 E0.117399
G1 X127.592617 Y139.591811 Z39.871987 E0.117365
G1 X127.289528 Y139.573765 Z39.872859 E0.11733
G1 X126.987104 Y139.547797 Z39.873731 E0.117296
G1 X126.685553 Y139.513931 Z39.874603 E0.117261
G1 X126.38508 Y139.472194 Z39.875475 E0.117226
G1 X126.085891 Y139.422619 Z39.876347 E0.117192
G1 X125.78819 Y139.365246 Z39.877219 E0.117157
G1 X125.492181 Y139.300117 Z39.878091 E0.117123
G1 X125.198065 Y139.227283 Z39.878963 E0.117088
G1 X124.906043 Y139.146797 Z39.879836 E0.117054
G1 X124.616314 Y139.05872 Z39.880708 E0.117019
G1 X124.329075 Y138.963116 Z39.88158 E0.116985
G1 X124.044521 Y138.860055 Z39.882452 E0.11695
G1 X123.762846 Y138.749612 Z39.883324 E0.116915
G1 X123.484242 Y138.631868 Z39.884196 E0.116881
G1 X123.208897 Y138.506908 Z39.885068 E0.116846
G1 X122.936998 Y138.37482 Z39.88594 E0.116812
G1 X122.668731 Y138.235701 Z39.886812 E0.116777
G1 X122.404275 Y138.089649 Z39.887684 E0.116743
G1 X122.143811 Y137.936769 Z39.888556 E0.116708
G1 X121.887535 Y137.777137 Z39.889429 E0.116673
G1 X121.63562 Y137.610872 Z39.890301 E0.116638
G1 X121.388219 Y137.438122 Z39.891173 E0.116603
G1 X121.1455 Y137.259008 Z39.892045 E0.116568
G1 X120.907624 Y137.073656 Z39.892917 E0.116533
G1 X120.674753 Y136.882199 Z39.893789 E0.116497
G1 X120.447044 Y136.684771 Z39.894661 E0.116462
G1 X120.224648 Y136.48151 Z39.895533 E0.116427
G1 X120.007716 Y136.27256 Z39.896405 E0.116391
G1 X119.796393 Y136.058067 Z39.897277 E0.116356
G1 X119.590821 Y135.838182 Z39.898149 E0.116321
G1 X119.391136 Y135.613058 Z39.899022 E0.116286
G1 X119.197472 Y135.382854 Z39.899894 E0.11625
G1 X119.009958 Y135.14773 Z39.900766 E0.116215
G1 X118.82872 Y134.90785 Z39.901638 E0.11618
G1 X118.653876 Y134.663382 Z39.90251 E0.116144
G1 X118.485544 Y134.414495 Z39.903382 E0.116109
G1 X118.323835 Y134.161364 Z39.904254 E0.116074
G1 X118.168856 Y133.904164 Z39.905126 E0.116039
G1 X118.020708 Y133.643075 Z39.905998 E0.116003
G1 X117.87949 Y133.378277 Z39.90687 E0.115968
G1 X117.745293 Y133.109954 Z39.907742 E0.115933
G1 X117.618206 Y132.838292 Z39.908615 E0.115897
G1 X117.49832 Y132.563476 Z39.909487 E0.115862
G1 X117.385761 Y132.285678 Z39.910359 E0.115827
G1 X117.280547 Y132.005115 Z39.911231 E0.115791
G1 X117.182744 Y131.721982 Z39.912103 E0.115755
G1 X117.092416 Y131.436475 Z39.912975 E0.115719
G1 X117.009618 Y131.148789 Z39.913847 E0.115683
G1 X116.934405 Y130.859125 Z39.914719 E0.115647
G1 X116.866822 Y130.567682 Z39.915591 E0.115611
G1 X116.806911 Y130.274661 Z39.916463 E0.115575
G1 X116.754708 Y129.980263 Z39.917335 E0.115539
G1 X116.710245 Y129.684692 Z39.918207 E0.115503
G1 X116.673546 Y129.38815 Z39.91908 E0.115467
;WIDTH:1.200
; LINE_WIDTH: 1.200
;Z:40.107
;HEIGHT:0.188
G1 X116.64427 Y129.090877 Z39.919862 E0.113628
G1 X116.622793 Y128.793023 Z39.920645 E0.113596
G1 X116.609125 Y128.494792 Z39.921428 E0.113565
G1 X116.60327 Y128.196389 Z39.922211 E0.113533
G1 X116.60523 Y127.898019 Z39.922994 E0.113501
G1 X116.614997 Y127.599885 Z39.923777 E0.113469
G1 X116.632561 Y127.302194 Z39.924559 E0.113437
G1 X116.657906 Y127.005147 Z39.925342 E0.113406
G1 X116.691009 Y126.708949 Z39.926125 E0.113374
G1 X116.731844 Y126.413802 Z39.926908 E0.113342
G1 X116.780378 Y126.119907 Z39.927691 E0.11331
G1 X116.836574 Y125.827467 Z39.928474 E0.113278
G1 X116.900388 Y125.536679 Z39.929256 E0.113246
G1 X116.971796 Y125.247748 Z39.930039 E0.113215
G1 X117.05076 Y124.960878 Z39.930822 E0.113183
G1 X117.137183 Y124.676255 Z39.931605 E0.11315
G1 X117.231001 Y124.394073 Z39.932388 E0.113118
G1 X117.332145 Y124.114525 Z39.93317 E0.113085
G1 X117.440542 Y123.837799 Z39.933953 E0.113053
G1 X117.556114 Y123.564085 Z39.934736 E0.11302
G1 X117.678776 Y123.293568 Z39.935519 E0.112988
G1 X117.808442 Y123.026432 Z39.936302 E0.112955
G1 X117.945017 Y122.762858 Z39.937085 E0.112923
G1 X118.088405 Y122.503024 Z39.937867 E0.11289
G1 X118.238503 Y122.247107 Z39.93865 E0.112858
G1 X118.395204 Y121.995279 Z39.939433 E0.112826
G1 F179 X118.558398 Y121.747712 Z39.940216 E0.112793
G1 X118.727968 Y121.504572 Z39.940999 E0.112761
G1 X118.903795 Y121.266023 Z39.941782 E0.112728
G1 X119.085754 Y121.032226 Z39.942564 E0.112696
G1 X119.273718 Y120.80334 Z39.943347 E0.112663
G1 X119.467553 Y120.579517 Z39.94413 E0.112631
G1 X119.667125 Y120.360908 Z39.944913 E0.112598
G1 X119.872292 Y120.147661 Z39.945696 E0.112566
G1 X120.082911 Y119.939918 Z39.946479 E0.112534
G1 X120.298834 Y119.737818 Z39.947261 E0.112501
G1 X120.519911 Y119.541497 Z39.948044 E0.112469
G1 X120.745986 Y119.351087 Z39.948827 E0.112436
G1 X120.976902 Y119.166713 Z39.94961 E0.112404
G1 X121.212479 Y118.988475 Z39.950393 E0.112371
G1 X121.452527 Y118.81645 Z39.951175 E0.112339
G1 X121.696928 Y118.650815 Z39.951958 E0.112308
G1 X121.945512 Y118.49168 Z39.952741 E0.112277
G1 X122.198107 Y118.339149 Z39.953524 E0.112245
G1 X122.454536 Y118.193325 Z39.954307 E0.112214
G1 X122.714623 Y118.054302 Z39.95509 E0.112182
G1 X122.978186 Y117.922174 Z39.955872 E0.112151
G1 X123.245044 Y117.797025 Z39.956655 E0.11212
G1 X123.515011 Y117.678939 Z39.957438 E0.112088
G1 X123.787901 Y117.567992 Z39.958221 E0.112057
G1 X124.063524 Y117.464257 Z39.959004 E0.112026
G1 X124.341691 Y117.367799 Z39.959787 E0.111994
G1 X124.62221 Y117.278683 Z39.960569 E0.111963
G1 X124.904886 Y117.196963 Z39.961352 E0.111932
G1 X125.189524 Y117.122693 Z39.962135 E0.1119
G1 X125.47593 Y117.055919 Z39.962918 E0.111869
G1 X125.763904 Y116.996682 Z39.963701 E0.111838
G1 X126.05325 Y116.94502 Z39.964484 E0.111806
G1 X126.343768 Y116.900962 Z39.965266 E0.111775
G1 X126.635257 Y116.864536 Z39.966049 E0.111744
G1 X126.927518 Y116.835761 Z39.966832 E0.111712
G1 X127.22035 Y116.814653 Z39.967615 E0.111681
G1 X127.513552 Y116.801223 Z39.968398 E0.111649
G1 X127.806923 Y116.795475 Z39.969181 E0.111618
G1 X128.100261 Y116.797409 Z39.969963 E0.111587
G1 X128.393367 Y116.806996 Z39.970746 E0.111555
G1 X128.686045 Y116.824161 Z39.971529 E0.111524
G1 X128.978093 Y116.848977 Z39.972312 E0.111494
G1 X129.269313 Y116.881421 Z39.973095 E0.111464
G1 X129.559505 Y116.921466 Z39.973877 E0.111434
G1 X129.848471 Y116.969083 Z39.97466 E0.111403
G1 X130.136013 Y117.024233 Z39.975443 E0.111373
G1 X130.421935 Y117.086875 Z39.976226 E0.111343
G1 X130.706041 Y117.156962 Z39.977009 E0.111313
G1 X130.988139 Y117.234441 Z39.977792 E0.111282
G1 X131.268035 Y117.319256 Z39.978574 E0.111252
G1 X131.54554 Y117.411345 Z39.979357 E0.111222
G1 X131.820464 Y117.51064 Z39.98014 E0.111192
G1 X132.092619 Y117.61707 Z39.980923 E0.111161
G1 X132.361823 Y117.730557 Z39.981706 E0.111131
G1 X132.62789 Y117.85102 Z39.982489 E0.111101
G1 X132.890641 Y117.978373 Z39.983271 E0.111071
G1 X133.149897 Y118.112524 Z39.984054 E0.11104
G1 X133.405482 Y118.253378 Z39.984837 E0.11101
G1 X133.657224 Y118.400835 Z39.98562 E0.11098
G1 X133.904951 Y118.55479 Z39.986403 E0.110949
G1 X134.148497 Y118.715134 Z39.987186 E0.110919
G1 X134.387696 Y118.881753 Z39.987968 E0.110889
G1 X134.622387 Y119.05453 Z39.988751 E0.110859
G1 X134.852411 Y119.233344 Z39.989534 E0.110828
G1 X135.077614 Y119.418067 Z39.990317 E0.110798
G1 X135.297843 Y119.608571 Z39.9911 E0.110768
G1 X135.512953 Y119.80472 Z39.991882 E0.110738
G1 X135.722796 Y120.006378 Z39.992665 E0.110707
G1 X135.927232 Y120.213404 Z39.993448 E0.110677
G1 X136.126124 Y120.425653 Z39.994231 E0.110647
G1 X136.319338 Y120.642977 Z39.995014 E0.110617
G1 X136.506746 Y120.865224 Z39.995797 E0.110587
G1 X136.688221 Y121.09224 Z39.996579 E0.110556
G1 X136.863642 Y121.323864 Z39.997362 E0.110526
G1 X137.032894 Y121.559938 Z39.998145 E0.110496
G1 X137.195862 Y121.800296 Z39.998928 E0.110466
G1 X137.352439 Y122.04477 Z39.999711 E0.110435
G1 X137.502521 Y122.293193 Z40.000494 E0.110405
G1 X137.646008 Y122.54539 Z40.001276 E0.110375
G1 X137.782807 Y122.801187 Z40.002059 E0.110345
G1 X137.912826 Y123.060407 Z40.002842 E0.110314
G1 X138.035981 Y123.322869 Z40.003625 E0.110284
G1 X138.15219 Y123.588393 Z40.004408 E0.110254
G1 X138.261378 Y123.856795 Z40.005191 E0.110224
G1 X138.363474 Y124.127889 Z40.005973 E0.110193
G1 X138.458412 Y124.401488 Z40.006756 E0.110163
G1 X138.54613 Y124.677403 Z40.007539 E0.110133
G1 X138.626573 Y124.955443 Z40.008322 E0.110103
G1 X138.699689 Y125.235417 Z40.009105 E0.110073
G1 X138.765432 Y125.517132 Z40.009887 E0.110042
G1 X138.823762 Y125.800394 Z40.01067 E0.110012
G1 X138.874633 Y126.085009 Z40.011453 E0.109982
G1 X138.917926 Y126.370794 Z40.012236 E0.109951
G1 X138.953713 Y126.657532 Z40.013019 E0.10992
G1 X138.981972 Y126.945028 Z40.013802 E0.109889
G1 X139.002689 Y127.233082 Z40.014584 E0.109858
G1 X139.015855 Y127.521498 Z40.015367 E0.109826
G1 X139.021463 Y127.810078 Z40.01615 E0.109795
G1 X139.019515 Y128.098623 Z40.016933 E0.109764
G1 X139.010016 Y128.386936 Z40.017716 E0.109732
G1 X138.992977 Y128.674819 Z40.018499 E0.109701
G1 X138.968414 Y128.962076 Z40.019281 E0.10967
G1 X138.936348 Y129.24851 Z40.020064 E0.109638
G1 X138.896806 Y129.533924 Z40.020847 E0.109607
G1 X138.849819 Y129.818124 Z40.02163 E0.109576
G1 X138.795423 Y130.100916 Z40.022413 E0.109545
G1 X138.73366 Y130.382106 Z40.023196 E0.109513
G1 X138.664576 Y130.661503 Z40.023978 E0.109482
G1 X138.588223 Y130.938916 Z40.024761 E0.109451
G1 X138.504657 Y131.214157 Z40.025544 E0.109419
G1 X138.41394 Y131.487038 Z40.026327 E0.109388
G1 X138.316138 Y131.757372 Z40.02711 E0.109357
G1 X138.211322 Y132.024977 Z40.027893 E0.109325
G1 X138.099569 Y132.28967 Z40.028675 E0.109294
G1 X137.980957 Y132.551272 Z40.029458 E0.109263
G1 X137.855574 Y132.809605 Z40.030241 E0.109232
G1 X137.723508 Y133.064494 Z40.031024 E0.1092
G1 X137.584853 Y133.315765 Z40.031807 E0.109169
G1 X137.439618 Y133.563195 Z40.032589 E0.109138
G1 X137.288 Y133.806667 Z40.033372 E0.109105
G1 X137.130107 Y134.046014 Z40.034155 E0.109073
G1 X136.966051 Y134.281076 Z40.034938 E0.10904
G1 X136.795947 Y134.511694 Z40.035721 E0.109008
G1 X136.619916 Y134.737712 Z40.036504 E0.108976
G1 X136.438082 Y134.958978 Z40.037286 E0.108943
G1 X136.250573 Y135.175344 Z40.038069 E0.108911
G1 X136.057522 Y135.386664 Z40.038852 E0.108879
G1 X135.859063 Y135.592796 Z40.039635 E0.108846
G1 X135.655336 Y135.793602 Z40.040418 E0.108814
G1 X135.446484 Y135.988947 Z40.041201 E0.108782
G1 X135.232653 Y136.178701 Z40.041983 E0.108749
G1 X135.013993 Y136.362737 Z40.042766 E0.108717
G1 X134.790656 Y136.540933 Z40.043549 E0.108684
G1 X134.562798 Y136.713169 Z40.044332 E0.108652
G1 X134.330579 Y136.879331 Z40.045115 E0.10862
G1 X134.094159 Y137.039309 Z40.045898 E0.108587
G1 X133.853703 Y137.192996 Z40.04668 E0.108555
G1 X133.60938 Y137.340292 Z40.047463 E0.108523
G1 X133.361357 Y137.481099 Z40.048246 E0.10849
G1 X133.109809 Y137.615324 Z40.049029 E0.108458
G1 X132.854909 Y137.742879 Z40.049812 E0.108426
G1 X132.596833 Y137.863682 Z40.050594 E0.108393
G1 X132.335762 Y137.977652 Z40.051377 E0.108361
G1 X132.071875 Y138.084716 Z40.05216 E0.108329
G1 X131.805319 Y138.184711 Z40.052943 E0.108296
G1 X131.536319 Y138.27766 Z40.053726 E0.108263
G1 X131.265061 Y138.363507 Z40.054509 E0.108229
G1 X130.991733 Y138.442199 Z40.055291 E0.108196
G1 X130.716523 Y138.513686 Z40.056074 E0.108162
G1 X130.439622 Y138.577924 Z40.056857 E0.108129
G1 X130.16122 Y138.634872 Z40.05764 E0.108096
G1 X129.881509 Y138.684497 Z40.058423 E0.108062
G1 X129.600681 Y138.726769 Z40.059206 E0.108029
G1 X129.318931 Y138.761663 Z40.059988 E0.107995
G1 X129.03645 Y138.789161 Z40.060771 E0.107962
G1 X128.753434 Y138.809247 Z40.061554 E0.107929
G1 X128.470077 Y138.821913 Z40.062337 E0.107895
G1 X128.186574 Y138.827154 Z40.06312 E0.107862
G1 X127.903118 Y138.824972 Z40.063903 E0.107828
G1 X127.619904 Y138.815373 Z40.064685 E0.107795
G1 X127.337127 Y138.798368 Z40.065468 E0.107761
G1 X127.054979 Y138.773973 Z40.066251 E0.107728
G1 X126.773654 Y138.742209 Z40.067034 E0.107695
G1 X126.493343 Y138.703103 Z40.067817 E0.107661
G1 X126.21424 Y138.656686 Z40.068599 E0.107628
G1 X125.936533 Y138.602994 Z40.069382 E0.107594
G1 X125.660413 Y138.542069 Z40.070165 E0.107561
G1 X125.386068 Y138.473958 Z40.070948 E0.107528
G1 X125.113685 Y138.39871 Z40.071731 E0.107494
G1 X124.84345 Y138.316383 Z40.072514 E0.107461
G1 X124.575575 Y138.226948 Z40.073296 E0.107427
G1 X124.310223 Y138.13055 Z40.074079 E0.107393
G1 X124.04757 Y138.027271 Z40.074862 E0.107358
G1 X123.787795 Y137.917186 Z40.075645 E0.107324
G1 X123.531073 Y137.800375 Z40.076428 E0.10729
G1 X123.277578 Y137.676923 Z40.077211 E0.107255
G1 X123.027483 Y137.546918 Z40.077993 E0.107221
G1 X122.780957 Y137.410454 Z40.078776 E0.107186
G1 X122.538166 Y137.267628 Z40.079559 E0.107152
G1 X122.299274 Y137.118543 Z40.080342 E0.107117
G1 X122.064444 Y136.963305 Z40.081125 E0.107083
G1 X121.833832 Y136.802023 Z40.081908 E0.107048
G1 X121.607594 Y136.634813 Z40.08269 E0.107014
G1 X121.385884 Y136.461793 Z40.083473 E0.106979
G1 X121.168849 Y136.283086 Z40.084256 E0.106945
G1 X120.956635 Y136.098817 Z40.085039 E0.10691
G1 X120.749386 Y135.909116 Z40.085822 E0.106876
G1 X120.547239 Y135.714117 Z40.086605 E0.106841
G1 X120.35033 Y135.513957 Z40.087387 E0.106807
G1 X120.158791 Y135.308777 Z40.08817 E0.106772
G1 X119.97275 Y135.098721 Z40.088953 E0.106738
G1 X119.79233 Y134.883935 Z40.089736 E0.106704
G1 X119.617652 Y134.66457 Z40.090519 E0.106669
G1 X119.448831 Y134.440779 Z40.091301 E0.106635
G1 X119.28598 Y134.212719 Z40.092084 E0.1066
G1 X119.129207 Y133.980548 Z40.092867 E0.106566
G1 X118.978688 Y133.744382 Z40.09365 E0.106531
G1 X118.834468 Y133.504427 Z40.094433 E0.106496
G1 X118.696625 Y133.260858 Z40.095216 E0.10646
G1 X118.565251 Y133.013847 Z40.095998 E0.106425
G1 X118.44043 Y132.763565 Z40.096781 E0.106389
G1 X118.322245 Y132.510185 Z40.097564 E0.106354
G1 X118.210771 Y132.253883 Z40.098347 E0.106318
G1 X118.10608 Y131.994837 Z40.09913 E0.106283
G1 X118.00824 Y131.733227 Z40.099913 E0.106247
G1 X117.917314 Y131.469233 Z40.100695 E0.106212
G1 X117.833358 Y131.203038 Z40.101478 E0.106176
G1 X117.756426 Y130.934826 Z40.102261 E0.106141
G1 X117.686567 Y130.664782 Z40.103044 E0.106105
G1 X117.623822 Y130.393093 Z40.103827 E0.106069
G1 X117.56823 Y130.119945 Z40.10461 E0.106034
G1 X117.519825 Y129.845528 Z40.105392 E0.105998
G1 X117.478635 Y129.57003 Z40.106175 E0.105963
G1 X117.444684 Y129.293641 Z40.106958 E0.105927
;WIDTH:1.200
; LINE_WIDTH: 1.200
;Z:40.267
;HEIGHT:0.160
G1 X117.417466 Y129.016601 Z40.107626 E0.102869
G1 X117.397517 Y128.739022 Z40.108293 E0.10284
G1 X117.384845 Y128.461096 Z40.108961 E0.10281
G1 X117.379455 Y128.183014 Z40.109628 E0.102781
G1 X117.381347 Y127.904965 Z40.110296 E0.102751
G1 X117.390514 Y127.62714 Z40.110964 E0.102722
G1 X117.406947 Y127.34973 Z40.111631 E0.102692
G1 X117.430631 Y127.072925 Z40.112299 E0.102663
G1 X117.461544 Y126.796914 Z40.112967 E0.102634
G1 X117.499691 Y126.52189 Z40.113634 E0.102604
G1 X117.545072 Y126.248049 Z40.114302 E0.102574
G1 X117.59759 Y125.975569 Z40.114969 E0.102544
G1 X117.657207 Y125.704638 Z40.115637 E0.102514
G1 X117.723877 Y125.435441 Z40.116305 E0.102483
G1 X117.797549 Y125.16816 Z40.116972 E0.102453
G1 X117.87817 Y124.902978 Z40.11764 E0.102423
G1 X117.96568 Y124.640076 Z40.118308 E0.102392
G1 X118.060015 Y124.379631 Z40.118975 E0.102362
G1 X118.161106 Y124.121822 Z40.119643 E0.102332
G1 X118.26888 Y123.866824 Z40.12031 E0.102302
G1 X118.383259 Y123.614809 Z40.120978 E0.102271
G1 X118.504161 Y123.365949 Z40.121646 E0.102241
G1 X118.631499 Y123.120412 Z40.122313 E0.102211
G1 X118.765182 Y122.878365 Z40.122981 E0.10218
G1 X118.905114 Y122.639971 Z40.123649 E0.10215
G1 X119.051197 Y122.405392 Z40.124316 E0.10212
G1 X119.203325 Y122.174787 Z40.124984 E0.102089
G1 X119.361392 Y121.94831 Z40.125651 E0.102059
G1 X119.525285 Y121.726116 Z40.126319 E0.102029
G1 X119.694888 Y121.508353 Z40.126987 E0.101998
G1 X119.870083 Y121.295168 Z40.127654 E0.101968
G1 X120.050745 Y121.086705 Z40.128322 E0.101938
G1 X120.236747 Y120.883104 Z40.12899 E0.101908
G1 X120.427959 Y120.684502 Z40.129657 E0.101877
G1 X120.624247 Y120.491031 Z40.130325 E0.101847
G1 X120.825472 Y120.302821 Z40.130992 E0.101817
G1 X121.031495 Y120.119998 Z40.13166 E0.101786
G1 X121.242171 Y119.942685 Z40.132328 E0.101756
G1 X121.457352 Y119.770999 Z40.132995 E0.101726
G1 X121.676889 Y119.605055 Z40.133663 E0.101695
G1 X121.900669 Y119.445019 Z40.134331 E0.101665
G1 X122.128504 Y119.290961 Z40.134998 E0.101634
G1 X122.360223 Y119.142966 Z40.135666 E0.101603
G1 X122.595665 Y119.001132 Z40.136333 E0.101572
G1 X122.834666 Y118.865552 Z40.137001 E0.101541
G1 X123.07706 Y118.736315 Z40.137669 E0.101509
G1 X123.32268 Y118.613507 Z40.138336 E0.101478
G1 X123.571354 Y118.497206 Z40.139004 E0.101447
G1 X123.82291 Y118.38749 Z40.139672 E0.101416
G1 X124.077174 Y118.284429 Z40.140339 E0.101385
G1 X124.33397 Y118.18809 Z40.141007 E0.101353
G1 X124.593121 Y118.098534 Z40.141674 E0.101322
G1 X124.854447 Y118.015819 Z40.142342 E0.101291
G1 X125.117768 Y117.939998 Z40.14301 E0.10126
G1 X125.382902 Y117.871118 Z40.143677 E0.101229
G1 X125.649667 Y117.809221 Z40.144345 E0.101198
G1 X125.917877 Y117.754347 Z40.145013 E0.101166
G1 X126.18735 Y117.706529 Z40.14568 E0.101135
G1 X126.457898 Y117.665794 Z40.146348 E0.101104
G1 X126.729337 Y117.632166 Z40.147015 E0.101073
G1 X127.001478 Y117.605665 Z40.147683 E0.101042
G1 X127.274137 Y117.586304 Z40.148351 E0.101011
G1 X127.547124 Y117.574091 Z40.149018 E0.100979
G1 X127.820253 Y117.569032 Z40.149686 E0.100948
G1 X128.093337 Y117.571124 Z40.150353 E0.100917
G1 X128.366188 Y117.580361 Z40.151021 E0.100886
G1 X128.638619 Y117.596735 Z40.151689 E0.100855
G1 X128.910445 Y117.620227 Z40.152356 E0.100823
G1 X129.181478 Y117.650819 Z40.153024 E0.100792
G1 X129.451534 Y117.688484 Z40.153692 E0.100761
G1 X129.720425 Y117.733211 Z40.154359 E0.10073
G1 X129.987955 Y117.785016 Z40.155027 E0.100699
G1 X130.253954 Y117.843789 Z40.155694 E0.100667
G1 X130.518238 Y117.909486 Z40.156362 E0.100634
G1 X130.780628 Y117.982055 Z40.15703 E0.100602
G1 X131.040945 Y118.061444 Z40.157697 E0.10057
G1 X131.299012 Y118.147594 Z40.158365 E0.100538
G1 X131.554653 Y118.240441 Z40.159033 E0.100506
G1 X131.807696 Y118.339917 Z40.1597 E0.100474
G1 X132.057968 Y118.445951 Z40.160368 E0.100442
G1 X132.305298 Y118.558464 Z40.161035 E0.10041
G1 X132.549521 Y118.677376 Z40.161703 E0.100378
G1 X132.790469 Y118.802601 Z40.162371 E0.100346
G1 X133.027981 Y118.93405 Z40.163038 E0.100314
G1 X133.261895 Y119.071628 Z40.163706 E0.100282
G1 X133.492053 Y119.215237 Z40.164374 E0.10025
G1 X133.7183 Y119.364774 Z40.165041 E0.100218
G1 X133.940484 Y119.520134 Z40.165709 E0.100186
G1 X134.158454 Y119.681207 Z40.166376 E0.100154
G1 X134.372064 Y119.847877 Z40.167044 E0.100122
G1 X134.581171 Y120.020027 Z40.167712 E0.10009
G1 X134.785633 Y120.197537 Z40.168379 E0.100058
G1 X134.985314 Y120.380279 Z40.169047 E0.100026
G1 X135.180079 Y120.568127 Z40.169715 E0.099994
G1 X135.369799 Y120.760948 Z40.170382 E0.099962
G1 X135.554347 Y120.958606 Z40.17105 E0.099929
G1 X135.733599 Y121.160963 Z40.171717 E0.099897
G1 X135.907435 Y121.367878 Z40.172385 E0.099865
G1 X136.075741 Y121.579205 Z40.173053 E0.099833
G1 X136.238405 Y121.794796 Z40.17372 E0.099801
G1 X136.395317 Y122.014502 Z40.174388 E0.099769
G1 X136.546377 Y122.238168 Z40.175056 E0.099737
G1 X136.691484 Y122.465638 Z40.175723 E0.099705
G1 X136.83054 Y122.696755 Z40.176391 E0.099673
G1 X136.963456 Y122.931359 Z40.177058 E0.099641
G1 X137.090143 Y123.169285 Z40.177726 E0.099609
G1 X137.210519 Y123.410369 Z40.178394 E0.099577
G1 X137.324505 Y123.654443 Z40.179061 E0.099545
G1 X137.432027 Y123.901338 Z40.179729 E0.099513
G1 X137.533016 Y124.150884 Z40.180397 E0.099481
G1 X137.627407 Y124.402907 Z40.181064 E0.099449
G1 X137.715139 Y124.657232 Z40.181732 E0.099417
G1 X137.796156 Y124.913685 Z40.182399 E0.099385
G1 X137.870407 Y125.172088 Z40.183067 E0.099353
G1 X137.937846 Y125.432262 Z40.183735 E0.099321
G1 X137.998431 Y125.694028 Z40.184402 E0.099289
G1 X138.052124 Y125.957206 Z40.18507 E0.099257
G1 X138.098894 Y126.221614 Z40.185738 E0.099225
G1 X138.138712 Y126.48707 Z40.186405 E0.099193
G1 X138.171556 Y126.753392 Z40.187073 E0.099161
G1 X138.197408 Y127.020396 Z40.18774 E0.099129
G1 X138.216254 Y127.287899 Z40.188408 E0.099097
G1 X138.228087 Y127.555717 Z40.189076 E0.099065
G1 X138.232903 Y127.823666 Z40.189743 E0.099033
G1 X138.230702 Y128.091563 Z40.190411 E0.099001
G1 X138.221491 Y128.359224 Z40.191078 E0.098969
G1 X138.205281 Y128.626466 Z40.191746 E0.098937
G1 X138.182088 Y128.893105 Z40.192414 E0.098905
G1 X138.151931 Y129.158959 Z40.193081 E0.098873
G1 X138.114837 Y129.423847 Z40.193749 E0.098841
G1 X138.070834 Y129.687588 Z40.194417 E0.098809
G1 X138.019958 Y129.950001 Z40.195084 E0.098777
G1 X137.962251 Y130.210908 Z40.195752 E0.098745
G1 X137.897753 Y130.470131 Z40.196419 E0.098713
G1 X137.826514 Y130.727493 Z40.197087 E0.098681
G1 X137.748587 Y130.982819 Z40.197755 E0.098649
G1 X137.664029 Y131.235935 Z40.198422 E0.098617
G1 X137.572902 Y131.486669 Z40.19909 E0.098585
G1 X137.475275 Y131.734851 Z40.199758 E0.098553
G1 X137.371217 Y131.980312 Z40.200425 E0.098521
G1 X137.260804 Y132.222885 Z40.201093 E0.098489
G1 X137.144116 Y132.462407 Z40.20176 E0.098457
G1 X137.021237 Y132.698715 Z40.202428 E0.098425
G1 X136.892255 Y132.93165 Z40.203096 E0.098393
G1 X136.757263 Y133.161052 Z40.203763 E0.098361
G1 X136.616357 Y133.386769 Z40.204431 E0.098329
G1 X136.469638 Y133.608647 Z40.205099 E0.098297
G1 X136.317209 Y133.826537 Z40.205766 E0.098265
G1 X136.15918 Y134.040291 Z40.206434 E0.098233
G1 X135.995662 Y134.249767 Z40.207101 E0.098201
G1 X135.82677 Y134.454823 Z40.207769 E0.098169
G1 X135.652625 Y134.655322 Z40.208437 E0.098137
G1 X135.473349 Y134.851128 Z40.209104 E0.098105
G1 X135.289068 Y135.042112 Z40.209772 E0.098073
G1 X135.099911 Y135.228145 Z40.21044 E0.098041
G1 X134.906012 Y135.409103 Z40.211107 E0.098009
G1 X134.707507 Y135.584865 Z40.211775 E0.097977
G1 X134.504535 Y135.755314 Z40.212442 E0.097945
G1 X134.297237 Y135.920336 Z40.21311 E0.097913
G1 X134.085759 Y136.079822 Z40.213778 E0.097881
G1 X133.870248 Y136.233667 Z40.214445 E0.097849
G1 X133.650856 Y136.381769 Z40.215113 E0.097817
G1 X133.427734 Y136.52403 Z40.215781 E0.097785
G1 X133.20104 Y136.660357 Z40.216448 E0.097753
G1 X132.970929 Y136.790661 Z40.217116 E0.097721
G1 X132.737562 Y136.914854 Z40.217783 E0.097689
G1 X132.501101 Y137.032856 Z40.218451 E0.097657
G1 X132.261711 Y137.14459 Z40.219119 E0.097625
G1 X132.019556 Y137.249984 Z40.219786 E0.097593
G1 X131.774805 Y137.34897 Z40.220454 E0.097561
G1 X131.527627 Y137.441484 Z40.221122 E0.097529
G1 X131.278194 Y137.527466 Z40.221789 E0.097497
G1 X131.026677 Y137.606862 Z40.222457 E0.097465
G1 X130.773252 Y137.679622 Z40.223124 E0.097433
G1 X130.518092 Y137.745701 Z40.223792 E0.097401
G1 X130.261373 Y137.805057 Z40.22446 E0.097369
G1 X130.003274 Y137.857655 Z40.225127 E0.097337
G1 X129.743971 Y137.903462 Z40.225795 E0.097305
G1 X129.483643 Y137.942451 Z40.226463 E0.097273
G1 X129.22247 Y137.974602 Z40.22713 E0.097241
G1 X128.96063 Y137.999894 Z40.227798 E0.097209
G1 X128.698304 Y138.018317 Z40.228465 E0.097177
G1 X128.435673 Y138.029862 Z40.229133 E0.097145
G1 X128.172915 Y138.034526 Z40.229801 E0.097113
G1 X127.910212 Y138.032309 Z40.230468 E0.097081
G1 X127.647744 Y138.023218 Z40.231136 E0.09705
G1 X127.38569 Y138.007264 Z40.231803 E0.097018
G1 X127.12423 Y137.984462 Z40.232471 E0.096986
G1 X126.863542 Y137.954832 Z40.233139 E0.096954
G1 X126.603805 Y137.918399 Z40.233806 E0.096922
G1 X126.345196 Y137.875193 Z40.234474 E0.09689
G1 X126.087892 Y137.825248 Z40.235142 E0.096858
G1 X125.832068 Y137.768602 Z40.235809 E0.096826
G1 X125.577898 Y137.705301 Z40.236477 E0.096794
G1 X125.325556 Y137.63539 Z40.237144 E0.096762
G1 X125.075214 Y137.558922 Z40.237812 E0.09673
G1 X124.827041 Y137.475954 Z40.23848 E0.096698
G1 X124.581206 Y137.386546 Z40.239147 E0.096666
G1 X124.337878 Y137.290764 Z40.239815 E0.096634
G1 X124.09722 Y137.188678 Z40.240483 E0.096602
G1 X123.859395 Y137.080362 Z40.24115 E0.09657
G1 X123.624566 Y136.965895 Z40.241818 E0.096538
G1 X123.392891 Y136.845358 Z40.242485 E0.096506
G1 X123.164527 Y136.71884 Z40.243153 E0.096474
G1 X122.939627 Y136.58643 Z40.243821 E0.096442
G1 X122.718345 Y136.448222 Z40.244488 E0.096411
G1 X122.500829 Y136.304317 Z40.245156 E0.096379
G1 X122.287227 Y136.154815 Z40.245824 E0.096347
G1 X122.077681 Y135.999824 Z40.246491 E0.096315
G1 X121.872333 Y135.839453 Z40.247159 E0.096283
G1 X121.67132 Y135.673816 Z40.247826 E0.096251
G1 X121.474778 Y135.503029 Z40.248494 E0.096219
G1 X121.282839 Y135.327214 Z40.249162 E0.096187
G1 X121.095631 Y135.146494 Z40.249829 E0.096155
G1 X120.913279 Y134.960996 Z40.250497 E0.096123
G1 X120.735905 Y134.770851 Z40.251165 E0.096091
G1 X120.563628 Y134.576191 Z40.251832 E0.096059
G1 X120.396561 Y134.377154 Z40.2525 E0.096027
G1 X120.234817 Y134.173879 Z40.253167 E0.095995
G1 X120.078502 Y133.966508 Z40.253835 E0.095963
G1 X119.92772 Y133.755186 Z40.254503 E0.095931
G1 X119.78257 Y133.540061 Z40.25517 E0.095899
G1 X119.643149 Y133.321282 Z40.255838 E0.095868
G1 X119.509548 Y133.099002 Z40.256506 E0.095836
G1 X119.381853 Y132.873377 Z40.257173 E0.095804
G1 X119.260149 Y132.644562 Z40.257841 E0.095772
G1 X119.144516 Y132.412717 Z40.258508 E0.09574
G1 X119.035029 Y132.178001 Z40.259176 E0.095708
G1 X118.93176 Y131.940579 Z40.259844 E0.095676
G1 X118.834774 Y131.700615 Z40.260511 E0.095644
G1 X118.744134 Y131.458275 Z40.261179 E0.095612
G1 X118.659898 Y131.213726 Z40.261847 E0.09558
G1 X118.582119 Y130.967138 Z40.262514 E0.095548
G1 X118.510847 Y130.718681 Z40.263182 E0.095516
G1 X118.446126 Y130.468527 Z40.263849 E0.095485
G1 X118.387996 Y130.216849 Z40.264517 E0.095453
G1 X118.336493 Y129.963819 Z40.265185 E0.095421
G1 X118.291646 Y129.709613 Z40.265852 E0.095389
G1 X118.253483 Y129.454405 Z40.26652 E0.095357
G1 X118.222026 Y129.198371 Z40.267187 E0.095325
;WIDTH:1.200
; LINE_WIDTH: 1.200
;Z:40.421
;HEIGHT:0.154
G1 X118.197155 Y128.941701 Z40.267828 E0.100751
G1 X118.179019 Y128.684549 Z40.268468 E0.100718
G1 X118.167625 Y128.427094 Z40.269108 E0.100686
G1 X118.162977 Y128.169512 Z40.269748 E0.100654
G1 X118.165074 Y127.911979 Z40.270388 E0.100621
G1 X118.17391 Y127.654672 Z40.271028 E0.100589
G1 X118.189474 Y127.397767 Z40.271669 E0.100557
G1 X118.211751 Y127.14144 Z40.272309 E0.100524
G1 X118.240723 Y126.885867 Z40.272949 E0.100492
G1 X118.276364 Y126.631221 Z40.273589 E0.10046
G1 X118.318646 Y126.377678 Z40.274229 E0.100427
G1 X118.367536 Y126.12541 Z40.274869 E0.100395
G1 X118.422996 Y125.874589 Z40.27551 E0.100363
G1 X118.484984 Y125.625386 Z40.27615 E0.10033
G1 X118.553452 Y125.377972 Z40.27679 E0.100298
G1 X118.628348 Y125.132513 Z40.27743 E0.100265
G1 X118.709618 Y124.889178 Z40.27807 E0.100233
G1 X118.797203 Y124.648132 Z40.27871 E0.100201
G1 X118.891039 Y124.409538 Z40.27935 E0.100169
G1 X118.991056 Y124.173559 Z40.279991 E0.100136
G1 X119.097183 Y123.940355 Z40.280631 E0.100104
G1 X119.209344 Y123.710084 Z40.281271 E0.100072
G1 X119.327456 Y123.482901 Z40.281911 E0.100039
G1 X119.451435 Y123.258961 Z40.282551 E0.100007
G1 X119.581194 Y123.038415 Z40.283191 E0.099975
G1 X119.716637 Y122.821412 Z40.283832 E0.099942
G1 X119.857671 Y122.608099 Z40.284472 E0.09991
G1 X120.004193 Y122.398618 Z40.285112 E0.099878
G1 X120.1561 Y122.193112 Z40.285752 E0.099845
G1 X120.313284 Y121.991719 Z40.286392 E0.099813
G1 X120.475635 Y121.794574 Z40.287032 E0.099781
G1 X120.643037 Y121.60181 Z40.287673 E0.099748
G1 X120.815373 Y121.413555 Z40.288313 E0.099716
G1 X120.992521 Y121.229936 Z40.288953 E0.099684
G1 X121.174357 Y121.051077 Z40.289593 E0.099651
G1 X121.360752 Y120.877095 Z40.290233 E0.099619
G1 X121.551577 Y120.708108 Z40.290873 E0.099587
G1 X121.746697 Y120.544228 Z40.291513 E0.099554
G1 X121.945976 Y120.385565 Z40.292154 E0.099522
G1 X122.149275 Y120.232223 Z40.292794 E0.09949
G1 X122.356451 Y120.084304 Z40.293434 E0.099457
G1 X122.567361 Y119.941906 Z40.294074 E0.099425
G1 X122.781856 Y119.805123 Z40.294714 E0.099393
G1 X122.999788 Y119.674046 Z40.295354 E0.09936
G1 X123.221005 Y119.548759 Z40.295995 E0.099328
G1 X123.445354 Y119.429347 Z40.296635 E0.099296
G1 X123.672677 Y119.315885 Z40.297275 E0.099263
G1 X123.902817 Y119.208446 Z40.297915 E0.099231
G1 X124.135616 Y119.107103 Z40.298555 E0.099199
G1 X124.370911 Y119.011921 Z40.299195 E0.099167
G1 X124.60854 Y118.92296 Z40.299836 E0.099134
G1 X124.848339 Y118.840278 Z40.300476 E0.099102
G1 X125.090141 Y118.763928 Z40.301116 E0.09907
G1 X125.33378 Y118.693957 Z40.301756 E0.099037
G1 X125.579088 Y118.630409 Z40.302396 E0.099005
G1 X125.825894 Y118.573325 Z40.303036 E0.098973
G1 X126.07403 Y118.522738 Z40.303676 E0.098941
G1 X126.323323 Y118.478679 Z40.304317 E0.098908
G1 X126.573603 Y118.441174 Z40.304957 E0.098876
G1 X126.824697 Y118.410245 Z40.305597 E0.098844
G1 X127.076432 Y118.385909 Z40.306237 E0.098811
G1 X127.328635 Y118.368177 Z40.306877 E0.098779
G1 X127.581134 Y118.357058 Z40.307517 E0.098747
G1 X127.833755 Y118.352554 Z40.308158 E0.098714
G1 X128.086324 Y118.354666 Z40.308798 E0.098682
G1 X128.338669 Y118.363386 Z40.309438 E0.09865
G1 X128.590617 Y118.378706 Z40.310078 E0.098618
G1 X128.841995 Y118.400609 Z40.310718 E0.098585
G1 X129.092631 Y118.429076 Z40.311358 E0.098553
G1 X129.342354 Y118.464084 Z40.311998 E0.098521
G1 X129.590993 Y118.505605 Z40.312639 E0.098488
G1 X129.838379 Y118.553605 Z40.313279 E0.098456
G1 X130.084343 Y118.608048 Z40.313919 E0.098424
G1 X130.328717 Y118.668891 Z40.314559 E0.098392
G1 X130.571334 Y118.73609 Z40.315199 E0.098359
G1 X130.81203 Y118.809593 Z40.315839 E0.098327
G1 X131.050641 Y118.889347 Z40.31648 E0.098295
G1 X131.287004 Y118.975293 Z40.31712 E0.098262
G1 X131.520959 Y119.067365 Z40.31776 E0.09823
G1 X131.752349 Y119.165498 Z40.3184 E0.098198
G1 X131.981014 Y119.26962 Z40.31904 E0.098166
G1 X132.206801 Y119.379658 Z40.31968 E0.098133
G1 X132.429557 Y119.495531 Z40.320321 E0.098101
G1 X132.64913 Y119.617156 Z40.320961 E0.098069
G1 X132.865372 Y119.744446 Z40.321601 E0.098037
G1 X133.078138 Y119.877311 Z40.322241 E0.098004
G1 X133.287283 Y120.015654 Z40.322881 E0.097972
G1 X133.492668 Y120.159379 Z40.323521 E0.09794
G1 X133.694152 Y120.308383 Z40.324161 E0.097907
G1 X133.891601 Y120.462559 Z40.324802 E0.097875
G1 X134.084882 Y120.6218 Z40.325442 E0.097843
G1 X134.273866 Y120.785992 Z40.326082 E0.097811
G1 X134.458425 Y120.95502 Z40.326722 E0.097778
G1 X134.638436 Y121.128765 Z40.327362 E0.097746
G1 X134.813779 Y121.307104 Z40.328002 E0.097714
G1 X134.984336 Y121.489912 Z40.328643 E0.097682
G1 X135.149993 Y121.677062 Z40.329283 E0.097649
G1 X135.310641 Y121.868421 Z40.329923 E0.097617
G1 X135.466173 Y122.063855 Z40.330563 E0.097585
G1 X135.616485 Y122.263229 Z40.331203 E0.097553
G1 X135.761478 Y122.466402 Z40.331843 E0.09752
G1 X135.901055 Y122.673234 Z40.332484 E0.097488
G1 X136.035125 Y122.883579 Z40.333124 E0.097456
G1 X136.1636 Y123.097292 Z40.333764 E0.097424
G1 X136.286394 Y123.314222 Z40.334404 E0.097391
G1 X136.403428 Y123.534221 Z40.335044 E0.097359
G1 X136.514626 Y123.757134 Z40.335684 E0.097327
G1 X136.619914 Y123.982808 Z40.336324 E0.097294
G1 X136.719225 Y124.211085 Z40.336965 E0.097262
G1 X136.812494 Y124.441807 Z40.337605 E0.09723
G1 X136.899663 Y124.674814 Z40.338245 E0.097198
G1 X136.980677 Y124.909945 Z40.338885 E0.097165
G1 X137.055481 Y125.147037 Z40.339525 E0.097133
G1 X137.12403 Y125.385928 Z40.340165 E0.097101
G1 X137.186281 Y125.626451 Z40.340806 E0.097069
G1 X137.242194 Y125.868442 Z40.341446 E0.097036
G1 X137.291736 Y126.111732 Z40.342086 E0.097004
G1 X137.334878 Y126.356155 Z40.342726 E0.096972
G1 X137.371592 Y126.601542 Z40.343366 E0.09694
G1 X137.40186 Y126.847725 Z40.344006 E0.096908
G1 X137.425664 Y127.094533 Z40.344647 E0.096875
G1 X137.442993 Y127.341797 Z40.345287 E0.096843
G1 X137.453838 Y127.589348 Z40.345927 E0.096811
G1 X137.458197 Y127.837016 Z40.346567 E0.096779
G1 X137.45607 Y128.08463 Z40.347207 E0.096746
G1 X137.447465 Y128.332022 Z40.347847 E0.096714
G1 X137.432391 Y128.579021 Z40.348487 E0.096682
G1 X137.410862 Y128.825458 Z40.349128 E0.09665
G1 X137.382898 Y129.071165 Z40.349768 E0.096617
G1 X137.348522 Y129.315975 Z40.350408 E0.096585
G1 X137.307762 Y129.559719 Z40.351048 E0.096553
G1 X137.26065 Y129.802231 Z40.351688 E0.096521
G1 X137.207223 Y130.043346 Z40.352328 E0.096489
G1 X137.147521 Y130.2829 Z40.352969 E0.096456
G1 X137.08159 Y130.520729 Z40.353609 E0.096424
G1 X137.00948 Y130.756671 Z40.354249 E0.096392
G1 X136.931243 Y130.990566 Z40.354889 E0.09636
G1 X136.846937 Y131.222256 Z40.355529 E0.096327
G1 X136.756624 Y131.451582 Z40.356169 E0.096295
G1 X136.660371 Y131.678388 Z40.356809 E0.096263
G1 X136.558247 Y131.902522 Z40.35745 E0.096231
G1 X136.450326 Y132.123832 Z40.35809 E0.096198
G1 X136.336577 Y132.34211 Z40.35873 E0.096166
G1 X136.217151 Y132.557237 Z40.35937 E0.096133
G1 F144 X136.092179 Y132.769088 Z40.36001 E0.096099
G1 X135.961748 Y132.977521 Z40.36065 E0.096065
G1 X135.825953 Y133.182395 Z40.361291 E0.096031
G1 X135.684891 Y133.383573 Z40.361931 E0.095997
G1 X135.538662 Y133.580918 Z40.362571 E0.095963
G1 X135.387369 Y133.774298 Z40.363211 E0.095929
G1 X135.231121 Y133.963584 Z40.363851 E0.095895
G1 X135.070027 Y134.148649 Z40.364491 E0.095861
G1 X134.904203 Y134.329369 Z40.365132 E0.095827
G1 X134.733764 Y134.505622 Z40.365772 E0.095793
G1 X134.558831 Y134.677292 Z40.366412 E0.095759
G1 X134.379526 Y134.844263 Z40.367052 E0.095725
G1 X134.195977 Y135.006426 Z40.367692 E0.095691
G1 X134.008312 Y135.163671 Z40.368332 E0.095657
G1 X133.816662 Y135.315894 Z40.368972 E0.095623
G1 X133.621162 Y135.462996 Z40.369613 E0.095589
G1 X133.421949 Y135.604878 Z40.370253 E0.095555
G1 X133.219161 Y135.741447 Z40.370893 E0.095521
G1 X133.012941 Y135.872613 Z40.371533 E0.095487
G1 X132.803431 Y135.998291 Z40.372173 E0.095453
G1 X132.590779 Y136.118397 Z40.372813 E0.095419
G1 X132.375132 Y136.232854 Z40.373454 E0.095385
G1 X132.156639 Y136.341586 Z40.374094 E0.095351
G1 X131.935454 Y136.444524 Z40.374734 E0.095317
G1 X131.71173 Y136.541601 Z40.375374 E0.095283
G1 X131.485621 Y136.632755 Z40.376014 E0.095249
G1 X131.257284 Y136.717927 Z40.376654 E0.095215
G1 X131.026878 Y136.797064 Z40.377295 E0.095181
G1 X130.794562 Y136.870115 Z40.377935 E0.095147
G1 X130.560497 Y136.937034 Z40.378575 E0.095113
G1 X130.324808 Y136.997642 Z40.379215 E0.095079
G1 X130.087696 Y137.052011 Z40.379855 E0.095044
G1 X129.849331 Y137.100135 Z40.380495 E0.095008
G1 X129.609877 Y137.141986 Z40.381135 E0.094972
G1 X129.369501 Y137.17754 Z40.381776 E0.094937
G1 X129.128366 Y137.206776 Z40.382416 E0.094901
G1 X128.88664 Y137.229681 Z40.383056 E0.094865
G1 X128.644489 Y137.246243 Z40.383696 E0.09483
G1 X128.402078 Y137.256455 Z40.384336 E0.094794
G1 X128.159574 Y137.260315 Z40.384976 E0.094758
G1 X127.917144 Y137.257826 Z40.385617 E0.094722
G1 X127.674953 Y137.248993 Z40.386257 E0.094687
G1 X127.433168 Y137.233828 Z40.386897 E0.094651
G1 X127.191954 Y137.212345 Z40.387537 E0.094615
G1 X126.951476 Y137.184565 Z40.388177 E0.094579
G1 X126.711899 Y137.150512 Z40.388817 E0.094544
G1 X126.473385 Y137.110212 Z40.389457 E0.094508
G1 X126.236098 Y137.063699 Z40.390098 E0.094472
G1 X126.000199 Y137.011009 Z40.390738 E0.094437
G1 X125.76585 Y136.952183 Z40.391378 E0.094401
G1 X125.533209 Y136.887265 Z40.392018 E0.094365
G1 X125.302435 Y136.816306 Z40.392658 E0.094329
G1 X125.073685 Y136.739358 Z40.393298 E0.094294
G1 X124.847113 Y136.656479 Z40.393939 E0.094258
G1 X124.622875 Y136.56773 Z40.394579 E0.094222
G1 X124.401121 Y136.473175 Z40.395219 E0.094186
G1 X124.182001 Y136.372885 Z40.395859 E0.094151
G1 X123.965665 Y136.266933 Z40.396499 E0.094115
G1 X123.752259 Y136.155395 Z40.397139 E0.094079
G1 X123.541925 Y136.038353 Z40.39778 E0.094044
G1 X123.334807 Y135.915889 Z40.39842 E0.094008
G1 X123.131044 Y135.788094 Z40.39906 E0.093972
G1 X122.93077 Y135.655062 Z40.3997 E0.093936
G1 X122.734123 Y135.516884 Z40.40034 E0.093901
G1 X122.541235 Y135.373659 Z40.40098 E0.093865
G1 X122.352234 Y135.225489 Z40.40162 E0.093829
G1 X122.167249 Y135.07248 Z40.402261 E0.093794
G1 X121.986401 Y134.91474 Z40.402901 E0.093758
G1 X121.809813 Y134.752381 Z40.403541 E0.093722
G1 X121.637602 Y134.585517 Z40.404181 E0.093687
G1 X121.469883 Y134.414267 Z40.404821 E0.093651
G1 X121.306767 Y134.238751 Z40.405461 E0.093615
G1 X121.148363 Y134.059094 Z40.406102 E0.09358
G1 X120.994776 Y133.87542 Z40.406742 E0.093544
G1 X120.846107 Y133.68786 Z40.407382 E0.093508
G1 X120.702455 Y133.496544 Z40.408022 E0.093472
G1 X120.563914 Y133.301608 Z40.408662 E0.093437
G1 X120.430575 Y133.103186 Z40.409302 E0.093401
G1 X120.302526 Y132.901419 Z40.409943 E0.093365
G1 X120.179851 Y132.696447 Z40.410583 E0.09333
G1 X120.06263 Y132.488412 Z40.411223 E0.093294
G1 X119.950938 Y132.27746 Z40.411863 E0.093258
G1 X119.844848 Y132.063739 Z40.412503 E0.093223
G1 X119.744429 Y131.847395 Z40.413143 E0.093187
G1 X119.649745 Y131.62858 Z40.413783 E0.093151
G1 X119.560857 Y131.407446 Z40.414424 E0.093116
G1 X119.477821 Y131.184147 Z40.415064 E0.09308
G1 X119.40069 Y130.958836 Z40.415704 E0.093044
G1 X119.329511 Y130.731669 Z40.416344 E0.093009
G1 X119.26433 Y130.502805 Z40.416984 E0.092973
G1 X119.205186 Y130.272402 Z40.417624 E0.092937
G1 X119.152115 Y130.040617 Z40.418265 E0.092901
G1 X119.105149 Y129.807613 Z40.418905 E0.092866
G1 X119.064316 Y129.573548 Z40.419545 E0.09283
G1 X119.029635 Y129.338585 Z40.420185 E0.092794
G1 X119.001129 Y129.102886 Z40.420825 E0.092759
;WIDTH:1.200
; LINE_WIDTH: 1.200
;Z:40.554
;HEIGHT:0.133
G1 X118.978341 Y128.866657 Z40.421378 E0.090005
G1 X118.961751 Y128.629991 Z40.421932 E0.089975
G1 X118.951367 Y128.393051 Z40.422485 E0.089945
G1 X118.947191 Y128.155998 Z40.423038 E0.089915
G1 X118.949222 Y127.918997 Z40.423591 E0.089885
G1 X118.957454 Y127.682209 Z40.424144 E0.089855
G1 X118.971878 Y127.445796 Z40.424697 E0.089825
G1 X118.99248 Y127.20992 Z40.425251 E0.089795
G1 X119.019242 Y126.974743 Z40.425804 E0.089765
G1 X119.05214 Y126.740426 Z40.426357 E0.089736
G1 X119.091149 Y126.507128 Z40.42691 E0.089706
G1 X119.136238 Y126.275008 Z40.427463 E0.089676
G1 X119.187371 Y126.044226 Z40.428017 E0.089646
G1 X119.24451 Y125.814938 Z40.42857 E0.089616
G1 X119.307611 Y125.5873 Z40.429123 E0.089586
G1 X119.376628 Y125.361468 Z40.429676 E0.089556
G1 X119.451508 Y125.137595 Z40.430229 E0.089526
G1 X119.532197 Y124.915833 Z40.430782 E0.089496
G1 X119.618635 Y124.696334 Z40.431336 E0.089466
G1 X119.71076 Y124.479245 Z40.431889 E0.089437
G1 X119.808504 Y124.264714 Z40.432442 E0.089407
G1 X119.911796 Y124.052887 Z40.432995 E0.089377
G1 X120.020563 Y123.843907 Z40.433548 E0.089347
G1 X120.134726 Y123.637915 Z40.434102 E0.089317
G1 X120.254202 Y123.43505 Z40.434655 E0.089287
G1 X120.378907 Y123.23545 Z40.435208 E0.089257
G1 X120.508752 Y123.039249 Z40.435761 E0.089227
G1 X120.643644 Y122.846579 Z40.436314 E0.089197
G1 X120.783486 Y122.65757 Z40.436867 E0.089167
G1 X120.928181 Y122.47235 Z40.437421 E0.089137
G1 X121.077626 Y122.291042 Z40.437974 E0.089108
G1 X121.231714 Y122.113769 Z40.438527 E0.089078
G1 X121.390337 Y121.940648 Z40.43908 E0.089048
G1 X121.553384 Y121.771797 Z40.439633 E0.089018
G1 X121.720738 Y121.607326 Z40.440187 E0.088988
G1 X121.892283 Y121.447347 Z40.44074 E0.088958
G1 X122.067898 Y121.291965 Z40.441293 E0.088928
G1 X122.247461 Y121.141286 Z40.441846 E0.088898
G1 X122.430845 Y120.995408 Z40.442399 E0.088868
G1 X122.617923 Y120.854428 Z40.442952 E0.088839
G1 X122.808564 Y120.718441 Z40.443506 E0.088809
G1 X123.002634 Y120.587536 Z40.444059 E0.088779
G1 X123.199999 Y120.461799 Z40.444612 E0.088749
G1 X123.40052 Y120.341313 Z40.445165 E0.088719
G1 X123.604059 Y120.226157 Z40.445718 E0.088689
G1 X123.810473 Y120.116406 Z40.446272 E0.088659
G1 X124.019619 Y120.012132 Z40.446825 E0.088629
G1 X124.231353 Y119.913403 Z40.447378 E0.0886
G1 X124.445526 Y119.820283 Z40.447931 E0.08857
G1 X124.661991 Y119.732831 Z40.448484 E0.08854
G1 X124.880597 Y119.651104 Z40.449037 E0.08851
G1 X125.101194 Y119.575155 Z40.449591 E0.08848
G1 X125.323629 Y119.50503 Z40.450144 E0.08845
G1 X125.547747 Y119.440775 Z40.450697 E0.08842
G1 X125.773395 Y119.38243 Z40.45125 E0.08839
G1 X126.000416 Y119.330029 Z40.451803 E0.08836
G1 X126.228654 Y119.283607 Z40.452357 E0.088331
G1 X126.457951 Y119.243189 Z40.45291 E0.088301
G1 X126.68815 Y119.2088 Z40.453463 E0.088271
G1 X126.919093 Y119.18046 Z40.454016 E0.088241
G1 X127.15062 Y119.158183 Z40.454569 E0.088211
G1 X127.382572 Y119.141981 Z40.455122 E0.088181
G1 X127.61479 Y119.131861 Z40.455676 E0.088151
G1 X127.847114 Y119.127825 Z40.456229 E0.088121
G1 X128.079386 Y119.129873 Z40.456782 E0.088092
G1 X128.311446 Y119.137998 Z40.457335 E0.088062
G1 X128.543135 Y119.152192 Z40.457888 E0.088032
G1 X128.774295 Y119.17244 Z40.458442 E0.088002
G1 X129.004767 Y119.198723 Z40.458995 E0.087972
G1 X129.234393 Y119.231021 Z40.459548 E0.087942
G1 X129.463018 Y119.269307 Z40.460101 E0.087912
G1 X129.690467 Y119.313642 Z40.460654 E0.087882
G1 X129.916586 Y119.36395 Z40.461207 E0.087852
G1 X130.141231 Y119.420141 Z40.461761 E0.08782
G1 X130.364248 Y119.482173 Z40.462314 E0.087789
G1 X130.585485 Y119.549997 Z40.462867 E0.087758
G1 X130.804793 Y119.623565 Z40.46342 E0.087726
G1 X131.022021 Y119.702821 Z40.463973 E0.087695
G1 X131.237024 Y119.787707 Z40.464527 E0.087664
G1 X131.449654 Y119.87816 Z40.46508 E0.087632
G1 X131.659768 Y119.974116 Z40.465633 E0.087601
G1 X131.867223 Y120.075503 Z40.466186 E0.08757
G1 X132.071879 Y120.182249 Z40.466739 E0.087538
G1 X132.273598 Y120.294277 Z40.467292 E0.087507
G1 X132.472244 Y120.411505 Z40.467846 E0.087476
G1 X132.667683 Y120.533851 Z40.468399 E0.087444
G1 X132.859782 Y120.661225 Z40.468952 E0.087413
G1 X133.048414 Y120.793539 Z40.469505 E0.087382
G1 X133.233449 Y120.930696 Z40.470058 E0.08735
G1 X133.414766 Y121.0726 Z40.470612 E0.087319
G1 X133.592241 Y121.21915 Z40.471165 E0.087288
G1 X133.765756 Y121.370242 Z40.471718 E0.087257
G1 X133.935195 Y121.52577 Z40.472271 E0.087225
G1 X134.100445 Y121.685623 Z40.472824 E0.087194
G1 X134.261394 Y121.849689 Z40.473377 E0.087163
G1 X134.417937 Y122.017852 Z40.473931 E0.087131
G1 X134.569969 Y122.189994 Z40.474484 E0.0871
G1 X134.717388 Y122.365994 Z40.475037 E0.087069
G1 X134.860098 Y122.545729 Z40.47559 E0.087037
G1 X134.998003 Y122.729073 Z40.476143 E0.087006
G1 X135.131012 Y122.915897 Z40.476697 E0.086975
G1 X135.259039 Y123.106071 Z40.47725 E0.086943
G1 X135.381998 Y123.299462 Z40.477803 E0.086912
G1 X135.499809 Y123.495935 Z40.478356 E0.086881
G1 X135.612396 Y123.695354 Z40.478909 E0.086849
G1 X135.719683 Y123.897579 Z40.479462 E0.086818
G1 X135.821603 Y124.10247 Z40.480016 E0.086787
G1 X135.918088 Y124.309884 Z40.480569 E0.086755
G1 X136.008975 Y124.519721 Z40.481122 E0.086724
G1 X136.094273 Y124.731801 Z40.481675 E0.086692
G1 X136.173958 Y124.94596 Z40.482228 E0.086659
G1 X136.24798 Y125.16205 Z40.482782 E0.086626
G1 X136.316294 Y125.379921 Z40.483335 E0.086593
G1 X136.378856 Y125.599423 Z40.483888 E0.086561
G1 X136.435627 Y125.820405 Z40.484441 E0.086528
G1 X136.486575 Y126.042713 Z40.484994 E0.086495
G1 X136.531667 Y126.266194 Z40.485547 E0.086462
G1 X136.570878 Y126.490693 Z40.486101 E0.086429
G1 X136.604184 Y126.716057 Z40.486654 E0.086397
G1 X136.631568 Y126.94213 Z40.487207 E0.086364
G1 X136.653016 Y127.168756 Z40.48776 E0.086331
G1 X136.668516 Y127.39578 Z40.488313 E0.086298
G1 X136.678064 Y127.623046 Z40.488867 E0.086266
G1 X136.681657 Y127.850397 Z40.48942 E0.086233
G1 X136.679296 Y128.077678 Z40.489973 E0.0862
G1 X136.670989 Y128.304733 Z40.490526 E0.086167
G1 X136.656746 Y128.531407 Z40.491079 E0.086134
G1 X136.63658 Y128.757543 Z40.491632 E0.086102
G1 X136.61051 Y128.982988 Z40.492186 E0.086069
G1 X136.578558 Y129.207588 Z40.492739 E0.086036
G1 X136.540751 Y129.431189 Z40.493292 E0.086003
G1 X136.497119 Y129.653639 Z40.493845 E0.085971
G1 X136.447697 Y129.874786 Z40.494398 E0.085938
G1 X136.392523 Y130.094479 Z40.494952 E0.085905
G1 X136.331639 Y130.312569 Z40.495505 E0.085872
G1 X136.265091 Y130.528907 Z40.496058 E0.08584
G1 X136.192928 Y130.743347 Z40.496611 E0.085807
G1 X136.115206 Y130.955743 Z40.497164 E0.085774
G1 X136.031981 Y131.165951 Z40.497717 E0.085741
G1 X135.943315 Y131.373828 Z40.498271 E0.085708
G1 X135.849273 Y131.579233 Z40.498824 E0.085676
G1 X135.749923 Y131.782029 Z40.499377 E0.085643
G1 X135.645337 Y131.982077 Z40.49993 E0.08561
G1 X135.535591 Y132.179243 Z40.500483 E0.085577
G1 X135.420764 Y132.373393 Z40.501037 E0.085545
G1 X135.300833 Y132.56433 Z40.50159 E0.085512
G1 X135.175977 Y132.751977 Z40.502143 E0.085478
G1 X135.046303 Y132.936216 Z40.502696 E0.085444
G1 X134.911904 Y133.116925 Z40.503249 E0.085409
G1 X134.772874 Y133.293982 Z40.503802 E0.085375
G1 X134.629314 Y133.467268 Z40.504356 E0.085341
G1 X134.481326 Y133.636668 Z40.504909 E0.085307
G1 X134.329013 Y133.802069 Z40.505462 E0.085273
G1 X134.172485 Y133.96336 Z40.506015 E0.085238
G1 X134.011853 Y134.120435 Z40.506568 E0.085204
G1 X133.847228 Y134.273188 Z40.507122 E0.08517
G1 X133.678729 Y134.421519 Z40.507675 E0.085136
G1 X133.506472 Y134.56533 Z40.508228 E0.085101
G1 X133.33058 Y134.704525 Z40.508781 E0.085067
G1 X133.151176 Y134.839013 Z40.509334 E0.085033
G1 X132.968385 Y134.968705 Z40.509887 E0.084999
G1 X132.782337 Y135.093517 Z40.510441 E0.084965
G1 X132.59316 Y135.213366 Z40.510994 E0.08493
G1 X132.400988 Y135.328174 Z40.511547 E0.084896
G1 X132.205954 Y135.437868 Z40.5121 E0.084862
G1 X132.008195 Y135.542375 Z40.512653 E0.084828
G1 X131.807848 Y135.641628 Z40.513207 E0.084794
G1 X131.605053 Y135.735563 Z40.51376 E0.084759
G1 X131.39995 Y135.824121 Z40.514313 E0.084725
G1 X131.192683 Y135.907244 Z40.514866 E0.084691
G1 X130.983395 Y135.984881 Z40.515419 E0.084657
G1 X130.772232 Y136.056982 Z40.515972 E0.084622
G1 X130.559339 Y136.123502 Z40.516526 E0.084588
G1 X130.344864 Y136.184401 Z40.517079 E0.084554
G1 X130.128956 Y136.239641 Z40.517632 E0.08452
G1 X129.911763 Y136.289189 Z40.518185 E0.084486
G1 X129.693436 Y136.333015 Z40.518738 E0.084451
G1 X129.474125 Y136.371094 Z40.519292 E0.084417
G1 X129.253982 Y136.403405 Z40.519845 E0.084383
G1 X129.033157 Y136.42993 Z40.520398 E0.084349
G1 X128.811804 Y136.450655 Z40.520951 E0.084315
G1 X128.590074 Y136.465572 Z40.521504 E0.08428
G1 X128.368113 Y136.474532 Z40.522057 E0.084246
G1 X128.146088 Y136.477673 Z40.522611 E0.084211
G1 X127.92415 Y136.475001 Z40.523164 E0.084175
G1 X127.702452 Y136.466522 Z40.523717 E0.084139
G1 X127.481147 Y136.452247 Z40.52427 E0.084104
G1 X127.260384 Y136.432191 Z40.524823 E0.084068
G1 X127.040316 Y136.406373 Z40.525377 E0.084032
G1 X126.821092 Y136.374814 Z40.52593 E0.083997
G1 X126.602863 Y136.337543 Z40.526483 E0.083961
G1 X126.385776 Y136.294587 Z40.527036 E0.083925
G1 X126.16998 Y136.245984 Z40.527589 E0.08389
G1 X125.955622 Y136.191769 Z40.528142 E0.083854
G1 X125.742848 Y136.131986 Z40.528696 E0.083819
G1 X125.531802 Y136.06668 Z40.529249 E0.083783
G1 X125.322627 Y135.9959 Z40.529802 E0.083747
G1 X125.115465 Y135.9197 Z40.530355 E0.083712
G1 X124.910457 Y135.838137 Z40.530908 E0.083676
G1 X124.707741 Y135.751271 Z40.531462 E0.08364
G1 X124.507454 Y135.659166 Z40.532015 E0.083605
G1 X124.309733 Y135.561889 Z40.532568 E0.083569
G1 X124.114709 Y135.459513 Z40.533121 E0.083533
G1 X123.922515 Y135.352111 Z40.533674 E0.083498
G1 X123.73328 Y135.239762 Z40.534227 E0.083462
G1 X123.547131 Y135.122546 Z40.534781 E0.083426
G1 X123.364193 Y135.000548 Z40.535334 E0.083391
G1 X123.184589 Y134.873857 Z40.535887 E0.083355
G1 X123.00844 Y134.742562 Z40.53644 E0.083319
G1 X122.835862 Y134.606758 Z40.536993 E0.083284
G1 X122.666972 Y134.466542 Z40.537547 E0.083248
G1 X122.501882 Y134.322014 Z40.5381 E0.083212
G1 X122.340702 Y134.173277 Z40.538653 E0.083177
G1 X122.183539 Y134.020435 Z40.539206 E0.083141
G1 X122.030497 Y133.863598 Z40.539759 E0.083105
G1 X121.881679 Y133.702877 Z40.540312 E0.08307
G1 X121.737182 Y133.538385 Z40.540866 E0.083034
G1 X121.597101 Y133.370238 Z40.541419 E0.082999
G1 X121.46153 Y133.198554 Z40.541972 E0.082963
G1 X121.330552 Y133.023459 Z40.542525 E0.082927
G1 X121.204257 Y132.84507 Z40.543078 E0.082892
G1 X121.082729 Y132.663514 Z40.543632 E0.082856
G1 X120.966047 Y132.478918 Z40.544185 E0.08282
G1 X120.854287 Y132.29141 Z40.544738 E0.082785
G1 X120.74752 Y132.101121 Z40.545291 E0.082749
G1 X120.645816 Y131.908186 Z40.545844 E0.082714
G1 X120.549241 Y131.712738 Z40.546398 E0.082678
G1 X120.457855 Y131.514913 Z40.546951 E0.082643
G1 X120.371718 Y131.314849 Z40.547504 E0.082607
G1 X120.290884 Y131.112686 Z40.548057 E0.082571
G1 X120.215403 Y130.908563 Z40.54861 E0.082536
G1 X120.145323 Y130.702623 Z40.549163 E0.0825
G1 X120.080688 Y130.495008 Z40.549717 E0.082465
G1 X120.021536 Y130.285863 Z40.55027 E0.082429
G1 X119.967904 Y130.075331 Z40.550823 E0.082393
G1 X119.919824 Y129.863558 Z40.551376 E0.082358
G1 X119.877324 Y129.650691 Z40.551929 E0.082322
G1 X119.840428 Y129.436877 Z40.552483 E0.082287
G1 X119.809157 Y129.222263 Z40.553036 E0.082251
G1 X119.783527 Y129.006996 Z40.553589 E0.082215
;WIDTH:1.200
; LINE_WIDTH: 1.200
;Z:40.668
;HEIGHT:0.114
G1 X119.763059 Y128.791274 Z40.554066 E0.081089
G1 X119.748252 Y128.57517 Z40.554543 E0.081058
G1 X119.739111 Y128.358833 Z40.55502 E0.081028
G1 X119.735639 Y128.142412 Z40.555496 E0.080998
G1 X119.737833 Y127.926055 Z40.555973 E0.080967
G1 X119.745689 Y127.70991 Z40.55645 E0.080937
G1 X119.759196 Y127.494127 Z40.556927 E0.080907
G1 X119.778341 Y127.278851 Z40.557404 E0.080877
G1 X119.803106 Y127.064231 Z40.557881 E0.080846
G1 X119.833471 Y126.850412 Z40.558358 E0.080816
G1 X119.86941 Y126.637542 Z40.558835 E0.080786
G1 X119.910895 Y126.425765 Z40.559312 E0.080756
G1 X119.957893 Y126.215226 Z40.559788 E0.080725
G1 X120.010367 Y126.006069 Z40.560265 E0.080695
G1 X120.068278 Y125.798434 Z40.560742 E0.080665
G1 X120.131582 Y125.592465 Z40.561219 E0.080634
G1 X120.200231 Y125.3883 Z40.561696 E0.080604
G1 X120.274174 Y125.186078 Z40.562173 E0.080574
G1 X120.353353 Y124.985936 Z40.56265 E0.080544
G1 X120.437712 Y124.788009 Z40.563127 E0.080513
G1 X120.527191 Y124.592432 Z40.563604 E0.080483
G1 X120.621724 Y124.399338 Z40.56408 E0.080453
G1 X120.721243 Y124.208856 Z40.564557 E0.080423
G1 X120.825676 Y124.021116 Z40.565034 E0.080393
G1 X120.934947 Y123.836244 Z40.565511 E0.080362
G1 X121.048979 Y123.654364 Z40.565988 E0.080332
G1 X121.167688 Y123.4756 Z40.566465 E0.080302
G1 X121.290991 Y123.300072 Z40.566942 E0.080272
G1 X121.4188 Y123.127897 Z40.567419 E0.080241
G1 X121.551023 Y122.959191 Z40.567896 E0.080211
G1 X121.687566 Y122.794066 Z40.568372 E0.080181
G1 X121.828332 Y122.632635 Z40.568849 E0.080151
G1 X121.973222 Y122.475003 Z40.569326 E0.080121
G1 X122.122134 Y122.321278 Z40.569803 E0.08009
G1 X122.274962 Y122.17156 Z40.57028 E0.08006
G1 X122.431598 Y122.02595 Z40.570757 E0.08003
G1 X122.591932 Y121.884545 Z40.571234 E0.08
G1 X122.755852 Y121.747437 Z40.571711 E0.079969
G1 X122.923242 Y121.614719 Z40.572187 E0.079939
G1 X123.093985 Y121.486477 Z40.572664 E0.079909
G1 X123.267962 Y121.362797 Z40.573141 E0.079879
G1 X123.44505 Y121.243759 Z40.573618 E0.079849
G1 X123.625125 Y121.129442 Z40.574095 E0.079818
G1 X123.808063 Y121.019921 Z40.574572 E0.079788
G1 X123.993735 Y120.915266 Z40.575049 E0.079758
G1 X124.182013 Y120.815546 Z40.575526 E0.079728
G1 X124.372764 Y120.720826 Z40.576003 E0.079697
G1 X124.565857 Y120.631167 Z40.576479 E0.079667
G1 X124.761157 Y120.546627 Z40.576956 E0.079637
G1 X124.958528 Y120.467258 Z40.577433 E0.079607
G1 X125.157835 Y120.393113 Z40.57791 E0.079577
G1 X125.358937 Y120.324238 Z40.578387 E0.079546
G1 X125.561698 Y120.260676 Z40.578864 E0.079516
G1 X125.765975 Y120.202467 Z40.579341 E0.079486
G1 X125.971628 Y120.149646 Z40.579818 E0.079456
G1 X126.178514 Y120.102246 Z40.580295 E0.079425
G1 X126.386492 Y120.060294 Z40.580771 E0.079395
G1 X126.595417 Y120.023817 Z40.581248 E0.079365
G1 X126.805146 Y119.992834 Z40.581725 E0.079335
G1 X127.015534 Y119.967362 Z40.582202 E0.079305
G1 X127.226436 Y119.947416 Z40.582679 E0.079274
G1 X127.437716 Y119.933114 Z40.583156 E0.079244
G1 X127.649214 Y119.924365 Z40.583633 E0.079213
G1 X127.860785 Y119.921158 Z40.58411 E0.079181
G1 X128.072284 Y119.923491 Z40.584587 E0.07915
G1 X128.283564 Y119.931358 Z40.585063 E0.079119
G1 X128.494483 Y119.944749 Z40.58554 E0.079087
G1 X128.704895 Y119.963649 Z40.586017 E0.079056
G1 X128.914657 Y119.988043 Z40.586494 E0.079024
G1 X129.123625 Y120.017909 Z40.586971 E0.078993
G1 X129.331656 Y120.053222 Z40.587448 E0.078961
G1 X129.538609 Y120.093954 Z40.587925 E0.07893
G1 X129.744343 Y120.140072 Z40.588402 E0.078899
G1 X129.948717 Y120.19154 Z40.588879 E0.078867
G1 X130.151593 Y120.248319 Z40.589355 E0.078836
G1 X130.352832 Y120.310366 Z40.589832 E0.078804
G1 X130.552298 Y120.377634 Z40.590309 E0.078773
G1 X130.749855 Y120.450072 Z40.590786 E0.078741
G1 X130.94537 Y120.527628 Z40.591263 E0.07871
G1 X131.138711 Y120.610242 Z40.59174 E0.078679
G1 X131.329745 Y120.697856 Z40.592217 E0.078647
G1 X131.518345 Y120.790405 Z40.592694 E0.078616
G1 X131.704382 Y120.887821 Z40.593171 E0.078584
G1 X131.887731 Y120.990034 Z40.593647 E0.078553
G1 X132.068269 Y121.096969 Z40.594124 E0.078521
G1 X132.245875 Y121.20855 Z40.594601 E0.07849
G1 X132.420427 Y121.324697 Z40.595078 E0.078459
G1 X132.591811 Y121.445326 Z40.595555 E0.078427
G1 X132.759909 Y121.570351 Z40.596032 E0.078396
G1 X132.924611 Y121.699682 Z40.596509 E0.078364
G1 X133.085804 Y121.833228 Z40.596986 E0.078333
G1 X133.243383 Y121.970893 Z40.597463 E0.078301
G1 X133.397242 Y122.11258 Z40.597939 E0.07827
G1 X133.547277 Y122.258189 Z40.598416 E0.078239
G1 X133.69339 Y122.407616 Z40.598893 E0.078207
G1 X133.835484 Y122.560755 Z40.59937 E0.078176
G1 X133.973463 Y122.7175 Z40.599847 E0.078144
G1 X134.107237 Y122.877739 Z40.600324 E0.078113
G1 X134.236718 Y123.041361 Z40.600801 E0.078081
G1 X134.36182 Y123.208249 Z40.601278 E0.07805
G1 X134.48246 Y123.378286 Z40.601755 E0.078019
G1 X134.598561 Y123.551355 Z40.602231 E0.077987
G1 X134.710045 Y123.727333 Z40.602708 E0.077956
G1 X134.816828 Y123.906105 Z40.603185 E0.077924
G1 X134.918757 Y124.087592 Z40.603662 E0.077893
G1 X135.015859 Y124.271608 Z40.604139 E0.07786
G1 X135.10807 Y124.458026 Z40.604616 E0.077827
G1 X135.195331 Y124.646715 Z40.605093 E0.077795
G1 X135.277588 Y124.837544 Z40.60557 E0.077762
G1 X135.354788 Y125.03038 Z40.606047 E0.07773
G1 X135.426881 Y125.22509 Z40.606523 E0.077697
G1 X135.493824 Y125.421538 Z40.607 E0.077664
G1 X135.555574 Y125.619589 Z40.607477 E0.077632
G1 X135.612093 Y125.819104 Z40.607954 E0.077599
G1 X135.663347 Y126.019946 Z40.608431 E0.077566
G1 X135.709306 Y126.221977 Z40.608908 E0.077534
G1 X135.749942 Y126.425056 Z40.609385 E0.077501
G1 X135.785231 Y126.629043 Z40.609862 E0.077468
G1 X135.815155 Y126.833799 Z40.610339 E0.077436
G1 X135.839697 Y127.039181 Z40.610815 E0.077403
G1 X135.858844 Y127.245048 Z40.611292 E0.07737
G1 X135.872589 Y127.451259 Z40.611769 E0.077338
G1 X135.880927 Y127.657672 Z40.612246 E0.077305
G1 X135.883855 Y127.864145 Z40.612723 E0.077273
G1 X135.881378 Y128.070537 Z40.6132 E0.07724
G1 X135.8735 Y128.276706 Z40.613677 E0.077207
G1 X135.860232 Y128.482512 Z40.614154 E0.077175
G1 X135.841588 Y128.687812 Z40.614631 E0.077142
G1 X135.817586 Y128.892467 Z40.615107 E0.077109
G1 X135.788245 Y129.096337 Z40.615584 E0.077077
G1 X135.753591 Y129.299283 Z40.616061 E0.077044
G1 X135.713651 Y129.501167 Z40.616538 E0.077011
G1 X135.668459 Y129.70185 Z40.617015 E0.076979
G1 X135.618048 Y129.901197 Z40.617492 E0.076946
G1 X135.562459 Y130.099072 Z40.617969 E0.076914
G1 X135.501734 Y130.295339 Z40.618446 E0.076881
G1 X135.435918 Y130.489867 Z40.618923 E0.076848
G1 X135.365062 Y130.682523 Z40.619399 E0.076816
G1 X135.289217 Y130.873177 Z40.619876 E0.076783
G1 X135.208441 Y131.061699 Z40.620353 E0.07675
G1 X135.122793 Y131.247962 Z40.62083 E0.076718
G1 X135.032336 Y131.43184 Z40.621307 E0.076685
G1 X134.937135 Y131.61321 Z40.621784 E0.076652
G1 X134.837261 Y131.791949 Z40.622261 E0.07662
G1 X134.732785 Y131.967936 Z40.622738 E0.076587
G1 X134.623784 Y132.141054 Z40.623215 E0.076554
G1 X134.510303 Y132.311163 Z40.623691 E0.076522
G1 X134.39239 Y132.478124 Z40.624168 E0.076489
G1 X134.270199 Y132.641867 Z40.624645 E0.076455
G1 X134.143819 Y132.802284 Z40.625122 E0.076421
G1 X134.013339 Y132.959266 Z40.625599 E0.076387
G1 X133.878853 Y133.112711 Z40.626076 E0.076354
G1 X133.740457 Y133.262515 Z40.626553 E0.07632
G1 X133.598249 Y133.408579 Z40.62703 E0.076286
G1 X133.45233 Y133.550806 Z40.627507 E0.076252
G1 X133.302803 Y133.689102 Z40.627983 E0.076218
G1 X133.149774 Y133.823376 Z40.62846 E0.076184
G1 X132.993351 Y133.953539 Z40.628937 E0.076151
G1 X132.833645 Y134.079506 Z40.629414 E0.076117
G1 X132.670767 Y134.201193 Z40.629891 E0.076083
G1 X132.504833 Y134.318522 Z40.630368 E0.076049
G1 X132.335958 Y134.431415 Z40.630845 E0.076015
G1 X132.164262 Y134.539799 Z40.631322 E0.075981
G1 X131.989864 Y134.643604 Z40.631799 E0.075948
G1 X131.812888 Y134.742763 Z40.632275 E0.075914
G1 X131.633455 Y134.837212 Z40.632752 E0.07588
G1 X131.451692 Y134.92689 Z40.633229 E0.075846
G1 X131.267725 Y135.01174 Z40.633706 E0.075812
G1 X131.081682 Y135.091708 Z40.634183 E0.075778
G1 X130.893694 Y135.166743 Z40.63466 E0.075745
G1 X130.703889 Y135.236799 Z40.635137 E0.075711
G1 X130.512402 Y135.301833 Z40.635614 E0.075677
G1 X130.319363 Y135.361802 Z40.63609 E0.075643
G1 X130.124907 Y135.416673 Z40.636567 E0.075609
G1 X129.929169 Y135.46641 Z40.637044 E0.075575
G1 X129.732284 Y135.510985 Z40.637521 E0.075541
G1 X129.534387 Y135.550372 Z40.637998 E0.075508
G1 X129.335617 Y135.584548 Z40.638475 E0.075474
G1 X129.136109 Y135.613495 Z40.638952 E0.07544
G1 X128.936001 Y135.637197 Z40.639429 E0.075406
G1 X128.735432 Y135.655642 Z40.639906 E0.075372
G1 X128.534538 Y135.668824 Z40.640382 E0.075338
G1 X128.333459 Y135.676738 Z40.640859 E0.075305
G1 X128.132331 Y135.679382 Z40.641336 E0.075271
G1 X127.931294 Y135.67676 Z40.641813 E0.075237
G1 X127.730485 Y135.668878 Z40.64229 E0.075203
G1 X127.530041 Y135.655747 Z40.642767 E0.075169
G1 X127.3301 Y135.63738 Z40.643244 E0.075135
G1 X127.130798 Y135.613795 Z40.643721 E0.075102
G1 X126.932271 Y135.585015 Z40.644198 E0.075068
G1 X126.734654 Y135.551065 Z40.644674 E0.075034
G1 X126.538083 Y135.511969 Z40.645151 E0.075
G1 X126.342691 Y135.46776 Z40.645628 E0.074966
G1 X126.14861 Y135.418471 Z40.646105 E0.074933
G1 X125.955974 Y135.364142 Z40.646582 E0.074899
G1 X125.764913 Y135.304815 Z40.647059 E0.074865
G1 X125.575556 Y135.240533 Z40.647536 E0.074831
G1 X125.388032 Y135.171347 Z40.648013 E0.074797
G1 X125.202468 Y135.097308 Z40.64849 E0.074764
G1 X125.018989 Y135.018471 Z40.648966 E0.07473
G1 X124.837719 Y134.934894 Z40.649443 E0.074696
G1 X124.658781 Y134.846639 Z40.64992 E0.074662
G1 X124.482295 Y134.753772 Z40.650397 E0.074629
G1 X124.30838 Y134.656358 Z40.650874 E0.074595
G1 X124.137153 Y134.554471 Z40.651351 E0.074561
G1 X123.968729 Y134.448183 Z40.651828 E0.074527
G1 X123.80322 Y134.337572 Z40.652305 E0.074493
G1 X123.640739 Y134.222716 Z40.652782 E0.07446
G1 X123.481393 Y134.1037 Z40.653258 E0.074426
G1 X123.325289 Y133.980608 Z40.653735 E0.074392
G1 X123.172531 Y133.853528 Z40.654212 E0.074358
G1 X123.023221 Y133.722552 Z40.654689 E0.074325
G1 X122.877458 Y133.587772 Z40.655166 E0.074291
G1 X122.735339 Y133.449284 Z40.655643 E0.074257
G1 X122.596958 Y133.307187 Z40.65612 E0.074223
G1 X122.462406 Y133.161582 Z40.656597 E0.074189
G1 X122.331773 Y133.012571 Z40.657074 E0.074156
G1 X122.205144 Y132.860261 Z40.65755 E0.074122
G1 X122.082602 Y132.704757 Z40.658027 E0.074088
G1 X121.964228 Y132.546171 Z40.658504 E0.074054
G1 X121.8501 Y132.384613 Z40.658981 E0.074021
G1 X121.740291 Y132.220197 Z40.659458 E0.073987
G1 X121.634873 Y132.053038 Z40.659935 E0.073953
G1 X121.533915 Y131.883254 Z40.660412 E0.073919
G1 X121.437481 Y131.710963 Z40.660889 E0.073885
G1 X121.345633 Y131.536287 Z40.661366 E0.073852
G1 X121.258431 Y131.359346 Z40.661842 E0.073818
G1 X121.17593 Y131.180264 Z40.662319 E0.073784
G1 X121.098182 Y130.999166 Z40.662796 E0.07375
G1 X121.025236 Y130.816179 Z40.663273 E0.073717
G1 X120.957137 Y130.631429 Z40.66375 E0.073683
G1 X120.893929 Y130.445044 Z40.664227 E0.073649
G1 X120.835645 Y130.257157 Z40.664704 E0.073615
G1 X120.782322 Y130.067894 Z40.665181 E0.073581
G1 X120.733996 Y129.877388 Z40.665658 E0.073548
G1 X120.690695 Y129.685769 Z40.666134 E0.073514
G1 X120.652444 Y129.493171 Z40.666611 E0.07348
G1 X120.619265 Y129.299726 Z40.667088 E0.073447
G1 X120.591175 Y129.105568 Z40.667565 E0.073413
G1 X120.568189 Y128.91083 Z40.668042 E0.073379
;WIDTH:1.200
; LINE_WIDTH: 1.200
;Z:40.771
;HEIGHT:0.103
G1 X120.549962 Y128.715681 Z40.668469 E0.076892
G1 X120.536857 Y128.520202 Z40.668897 E0.07686
G1 X120.528878 Y128.324527 Z40.669324 E0.076829
G1 X120.526026 Y128.128792 Z40.669751 E0.076797
G1 X120.528299 Y127.933129 Z40.670178 E0.076765
G1 X120.535691 Y127.737674 Z40.670606 E0.076734
G1 X120.548194 Y127.54256 Z40.671033 E0.076702
G1 X120.565793 Y127.347921 Z40.67146 E0.07667
G1 X120.588474 Y127.153889 Z40.671888 E0.076639
G1 X120.616216 Y126.960598 Z40.672315 E0.076607
G1 X120.648995 Y126.768179 Z40.672742 E0.076575
G1 X120.686786 Y126.576763 Z40.67317 E0.076544
G1 X120.729559 Y126.386481 Z40.673597 E0.076512
G1 X120.777279 Y126.197463 Z40.674024 E0.07648
G1 X120.82991 Y126.009836 Z40.674451 E0.076449
G1 X120.887412 Y125.823729 Z40.674879 E0.076417
G1 X120.949741 Y125.639268 Z40.675306 E0.076385
G1 X121.016851 Y125.456578 Z40.675733 E0.076354
G1 X121.088692 Y125.275783 Z40.676161 E0.076322
G1 X121.16521 Y125.097005 Z40.676588 E0.07629
G1 X121.246349 Y124.920365 Z40.677015 E0.076259
G1 X121.33205 Y124.745983 Z40.677443 E0.076227
G1 X121.42225 Y124.573976 Z40.67787 E0.076195
G1 X121.516884 Y124.40446 Z40.678297 E0.076164
G1 X121.615882 Y124.23755 Z40.678724 E0.076132
G1 X121.719174 Y124.073357 Z40.679152 E0.0761
G1 X121.826684 Y123.911992 Z40.679579 E0.076069
G1 X121.938337 Y123.753563 Z40.680006 E0.076037
G1 X122.054051 Y123.598177 Z40.680434 E0.076005
G1 X122.173744 Y123.445938 Z40.680861 E0.075974
G1 X122.297331 Y123.296947 Z40.681288 E0.075942
G1 X122.424724 Y123.151303 Z40.681715 E0.07591
G1 X122.555831 Y123.009105 Z40.682143 E0.075879
G1 X122.690561 Y122.870446 Z40.68257 E0.075847
G1 X122.828817 Y122.735418 Z40.682997 E0.075815
G1 X122.970502 Y122.604112 Z40.683425 E0.075784
G1 X123.115516 Y122.476614 Z40.683852 E0.075752
G1 X123.263757 Y122.353009 Z40.684279 E0.07572
G1 X123.41512 Y122.233377 Z40.684707 E0.075689
G1 X123.569496 Y122.117794 Z40.685134 E0.075657
G1 X123.726779 Y122.006339 Z40.685561 E0.075625
G1 X123.88686 Y121.899085 Z40.685988 E0.075594
G1 X124.049626 Y121.796103 Z40.686416 E0.075562
G1 X124.214964 Y121.697459 Z40.686843 E0.075531
G1 X124.382757 Y121.603217 Z40.68727 E0.075499
G1 X124.552889 Y121.513439 Z40.687698 E0.075467
G1 X124.725242 Y121.428182 Z40.688125 E0.075436
G1 X124.899694 Y121.347501 Z40.688552 E0.075404
G1 X125.076126 Y121.271447 Z40.68898 E0.075372
G1 X125.254413 Y121.200069 Z40.689407 E0.075341
G1 X125.434433 Y121.133411 Z40.689834 E0.075309
G1 X125.61606 Y121.071516 Z40.690261 E0.075278
G1 X125.799168 Y121.014422 Z40.690689 E0.075246
G1 X125.983631 Y120.962164 Z40.691116 E0.075214
G1 X126.169321 Y120.914774 Z40.691543 E0.075183
G1 X126.35611 Y120.872279 Z40.691971 E0.075151
G1 X126.543868 Y120.834706 Z40.692398 E0.07512
G1 X126.732466 Y120.802076 Z40.692825 E0.075088
G1 X126.921775 Y120.774407 Z40.693253 E0.075056
G1 X127.111663 Y120.751713 Z40.69368 E0.075025
G1 X127.302 Y120.734007 Z40.694107 E0.074993
G1 X127.492654 Y120.721296 Z40.694534 E0.074962
G1 X127.683496 Y120.713585 Z40.694962 E0.07493
G1 X127.874394 Y120.710874 Z40.695389 E0.074898
G1 X128.065216 Y120.713162 Z40.695816 E0.074867
G1 X128.255833 Y120.720443 Z40.696244 E0.074835
G1 X128.446113 Y120.732706 Z40.696671 E0.074803
G1 X128.635927 Y120.749941 Z40.697098 E0.074772
G1 X128.825144 Y120.77213 Z40.697525 E0.07474
G1 X129.013636 Y120.799255 Z40.697953 E0.074709
G1 X129.201273 Y120.831292 Z40.69838 E0.074677
G1 X129.387929 Y120.868216 Z40.698807 E0.074645
G1 X129.573475 Y120.909996 Z40.699235 E0.074614
G1 X129.757785 Y120.956601 Z40.699662 E0.074582
G1 X129.940734 Y121.007994 Z40.700089 E0.074551
G1 X130.122197 Y121.064136 Z40.700517 E0.074519
G1 X130.302053 Y121.124984 Z40.700944 E0.074487
G1 X130.480177 Y121.190493 Z40.701371 E0.074456
G1 X130.656451 Y121.260614 Z40.701798 E0.074424
G1 X130.830754 Y121.335294 Z40.702226 E0.074393
G1 X131.002968 Y121.414479 Z40.702653 E0.074361
G1 X131.172978 Y121.498111 Z40.70308 E0.074329
G1 X131.340668 Y121.586128 Z40.703508 E0.074298
G1 X131.505926 Y121.678466 Z40.703935 E0.074266
G1 X131.66864 Y121.775059 Z40.704362 E0.074235
G1 X131.828702 Y121.875836 Z40.70479 E0.074203
G1 X131.985977 Y121.980762 Z40.705217 E0.074171
G1 X132.14022 Y122.089958 Z40.705644 E0.07414
G1 X132.291479 Y122.203102 Z40.706071 E0.074105
G1 X132.439654 Y122.320112 Z40.706499 E0.07407
G1 X132.584646 Y122.440906 Z40.706926 E0.074035
G1 X132.726358 Y122.565395 Z40.707353 E0.074
G1 X132.864695 Y122.693492 Z40.707781 E0.073965
G1 X132.999568 Y122.825106 Z40.708208 E0.07393
G1 X133.130885 Y122.960142 Z40.708635 E0.073895
G1 X133.258561 Y123.098504 Z40.709062 E0.07386
G1 X133.382511 Y123.240096 Z40.70949 E0.073825
G1 X133.502654 Y123.384815 Z40.709917 E0.07379
G1 X133.618911 Y123.532561 Z40.710344 E0.073755
G1 X133.731206 Y123.683229 Z40.710772 E0.07372
G1 X133.839466 Y123.836713 Z40.711199 E0.073685
G1 X133.94362 Y123.992905 Z40.711626 E0.07365
G1 X134.043601 Y124.151696 Z40.712054 E0.073615
G1 X134.139344 Y124.312973 Z40.712481 E0.07358
G1 X134.230788 Y124.476624 Z40.712908 E0.073545
G1 X134.317873 Y124.642534 Z40.713335 E0.07351
G1 X134.400545 Y124.810588 Z40.713763 E0.073475
G1 X134.47875 Y124.980668 Z40.71419 E0.07344
G1 X134.55244 Y125.152655 Z40.714617 E0.073405
G1 X134.621568 Y125.32643 Z40.715045 E0.07337
G1 X134.686091 Y125.501872 Z40.715472 E0.073335
G1 X134.745969 Y125.678859 Z40.715899 E0.0733
G1 X134.801166 Y125.857268 Z40.716327 E0.073265
G1 X134.851648 Y126.036975 Z40.716754 E0.07323
G1 X134.897385 Y126.217856 Z40.717181 E0.073194
G1 X134.938351 Y126.399785 Z40.717608 E0.073159
G1 X134.974521 Y126.582637 Z40.718036 E0.073124
G1 X135.005875 Y126.766286 Z40.718463 E0.073089
G1 X135.032397 Y126.950604 Z40.71889 E0.073054
G1 X135.054073 Y127.135465 Z40.719318 E0.073019
G1 X135.070893 Y127.320742 Z40.719745 E0.072984
G1 X135.08285 Y127.506306 Z40.720172 E0.072949
G1 X135.08994 Y127.69203 Z40.7206 E0.072914
G1 X135.092163 Y127.877788 Z40.721027 E0.072879
G1 X135.089522 Y128.06345 Z40.721454 E0.072844
G1 X135.082025 Y128.248891 Z40.721881 E0.072809
G1 X135.06968 Y128.433982 Z40.722309 E0.072774
G1 X135.0525 Y128.618598 Z40.722736 E0.072739
G1 X135.030503 Y128.802613 Z40.723163 E0.072704
G1 X135.003708 Y128.985899 Z40.723591 E0.072669
G1 X134.972137 Y129.168334 Z40.724018 E0.072634
G1 X134.935818 Y129.349791 Z40.724445 E0.072599
G1 X134.89478 Y129.530149 Z40.724872 E0.072564
G1 X134.849054 Y129.709283 Z40.7253 E0.072529
G1 X134.798681 Y129.887074 Z40.725727 E0.072494
G1 X134.7437 Y130.0634 Z40.726154 E0.072459
G1 X134.684149 Y130.238142 Z40.726582 E0.072424
G1 X134.620074 Y130.411182 Z40.727009 E0.072389
G1 X134.551523 Y130.582401 Z40.727436 E0.072354
G1 X134.478546 Y130.751685 Z40.727864 E0.07232
G1 X134.4012 Y130.918919 Z40.728291 E0.072285
G1 X134.31954 Y131.08399 Z40.728718 E0.07225
G1 X134.233628 Y131.246788 Z40.729145 E0.072215
G1 X134.143525 Y131.407202 Z40.729573 E0.07218
G1 X134.049298 Y131.565126 Z40.73 E0.072145
G1 X133.951016 Y131.720453 Z40.730427 E0.07211
G1 X133.84875 Y131.873079 Z40.730855 E0.072075
G1 X133.742574 Y132.022902 Z40.731282 E0.07204
G1 X133.632564 Y132.169822 Z40.731709 E0.072005
G1 X133.5188 Y132.313741 Z40.732137 E0.07197
G1 X133.401363 Y132.454564 Z40.732564 E0.071935
G1 X133.280338 Y132.592195 Z40.732991 E0.0719
G1 X133.155811 Y132.726546 Z40.733418 E0.071865
G1 X133.027871 Y132.857525 Z40.733846 E0.07183
G1 X132.896609 Y132.985048 Z40.734273 E0.071795
G1 X132.762117 Y133.109029 Z40.7347 E0.071761
G1 X132.624493 Y133.229387 Z40.735128 E0.071726
G1 X132.483832 Y133.346043 Z40.735555 E0.071691
G1 X132.340235 Y133.458921 Z40.735982 E0.071656
G1 X132.193803 Y133.567947 Z40.73641 E0.071621
G1 X132.044639 Y133.67305 Z40.736837 E0.071586
G1 X131.892848 Y133.774161 Z40.737264 E0.071551
G1 X131.738536 Y133.871215 Z40.737691 E0.071516
G1 X131.581813 Y133.96415 Z40.738119 E0.071481
G1 X131.422788 Y134.052905 Z40.738546 E0.071446
G1 X131.261571 Y134.137425 Z40.738973 E0.071411
G1 X131.098277 Y134.217654 Z40.739401 E0.071376
G1 X130.933019 Y134.293543 Z40.739828 E0.071341
G1 X130.765912 Y134.365043 Z40.740255 E0.071306
G1 X130.597073 Y134.43211 Z40.740682 E0.071271
G1 X130.426619 Y134.494703 Z40.74111 E0.071236
G1 X130.254669 Y134.552781 Z40.741537 E0.071202
G1 X130.081343 Y134.606311 Z40.741964 E0.071167
G1 X129.906759 Y134.655259 Z40.742392 E0.071132
G1 X129.73104 Y134.699598 Z40.742819 E0.071097
G1 X129.554307 Y134.7393 Z40.743246 E0.071062
G1 X129.376683 Y134.774343 Z40.743674 E0.071027
G1 X129.198289 Y134.804708 Z40.744101 E0.070992
G1 X129.01925 Y134.830379 Z40.744528 E0.070957
G1 X128.839688 Y134.851342 Z40.744955 E0.070922
G1 X128.659728 Y134.867588 Z40.745383 E0.070887
G1 X128.479493 Y134.87911 Z40.74581 E0.070852
G1 X128.299107 Y134.88591 Z40.746237 E0.070817
G1 X128.118694 Y134.887985 Z40.746665 E0.070782
G1 X127.938377 Y134.885336 Z40.747092 E0.070747
G1 X127.758281 Y134.87797 Z40.747519 E0.070713
G1 X127.578527 Y134.865897 Z40.747947 E0.070678
G1 X127.39924 Y134.849129 Z40.748374 E0.070643
G1 X127.220542 Y134.827682 Z40.748801 E0.070608
G1 X127.042554 Y134.801577 Z40.749228 E0.070573
G1 X126.865399 Y134.770834 Z40.749656 E0.070538
G1 X126.689197 Y134.735481 Z40.750083 E0.070503
G1 X126.514067 Y134.695545 Z40.75051 E0.070469
G1 X126.34013 Y134.651059 Z40.750938 E0.070434
G1 X126.167502 Y134.602058 Z40.751365 E0.070399
G1 X125.996302 Y134.54858 Z40.751792 E0.070364
G1 X125.826645 Y134.490665 Z40.752219 E0.070329
G1 X125.658645 Y134.428359 Z40.752647 E0.070294
G1 X125.492418 Y134.361707 Z40.753074 E0.070259
G1 X125.328075 Y134.290761 Z40.753501 E0.070224
G1 X125.165726 Y134.215574 Z40.753929 E0.07019
G1 X125.005482 Y134.1362 Z40.754356 E0.070155
G1 X124.847449 Y134.052698 Z40.754783 E0.07012
G1 X124.691735 Y133.96513 Z40.755211 E0.070085
G1 X124.538444 Y133.873561 Z40.755638 E0.07005
G1 X124.387678 Y133.778056 Z40.756065 E0.070015
G1 X124.239539 Y133.678686 Z40.756492 E0.06998
G1 X124.094125 Y133.575521 Z40.75692 E0.069946
G1 X123.951534 Y133.468638 Z40.757347 E0.069911
G1 X123.81186 Y133.358112 Z40.757774 E0.069876
G1 X123.675196 Y133.244024 Z40.758202 E0.069841
G1 X123.541634 Y133.126455 Z40.758629 E0.069806
G1 X123.411261 Y133.005489 Z40.759056 E0.069771
G1 X123.284164 Y132.881212 Z40.759484 E0.069736
G1 X123.160427 Y132.753714 Z40.759911 E0.069701
G1 X123.040132 Y132.623085 Z40.760338 E0.069667
G1 X122.923357 Y132.489417 Z40.760765 E0.069632
G1 X122.810178 Y132.352806 Z40.761193 E0.069597
G1 X122.700671 Y132.213347 Z40.76162 E0.069562
G1 X122.594907 Y132.071141 Z40.762047 E0.069527
G1 X122.492954 Y131.926286 Z40.762475 E0.069492
G1 X122.394878 Y131.778884 Z40.762902 E0.069457
G1 X122.300743 Y131.629041 Z40.763329 E0.069423
G1 X122.21061 Y131.47686 Z40.763757 E0.069388
G1 X122.124536 Y131.322449 Z40.764184 E0.069353
G1 X122.042576 Y131.165915 Z40.764611 E0.069318
G1 X121.964782 Y131.007369 Z40.765038 E0.069283
G1 X121.891204 Y130.84692 Z40.765466 E0.069248
G1 X121.821888 Y130.684682 Z40.765893 E0.069213
G1 X121.756877 Y130.520766 Z40.76632 E0.069179
G1 X121.69648 Y130.355188 Z40.766748 E0.069144
G1 X121.640509 Y130.188162 Z40.767175 E0.069107
G1 X121.58896 Y130.019822 Z40.767602 E0.069069
G1 X121.541864 Y129.850283 Z40.768029 E0.06903
G1 X121.499247 Y129.679663 Z40.768457 E0.068992
G1 X121.461134 Y129.508081 Z40.768884 E0.068954
G1 X121.427547 Y129.335655 Z40.769311 E0.068916
G1 X121.398503 Y129.162505 Z40.769739 E0.068877
G1 X121.374016 Y128.98875 Z40.770166 E0.068839
G1 X121.3541 Y128.81451 Z40.770593 E0.068801
;WIDTH:1.200
; LINE_WIDTH: 1.200
;Z:40.855
;HEIGHT:0.085
G1 X121.338121 Y128.639967 Z40.770947 E0.060831
G1 X121.326722 Y128.465146 Z40.7713 E0.060803
G1 X121.319908 Y128.290167 Z40.771653 E0.060775
G1 X121.31768 Y128.11515 Z40.772006 E0.060747
G1 X121.320034 Y127.940215 Z40.77236 E0.060719
G1 X121.326964 Y127.765483 Z40.772713 E0.060691
G1 X121.338463 Y127.591072 Z40.773066 E0.060663
G1 X121.354517 Y127.417102 Z40.77342 E0.060635
G1 X121.375111 Y127.243693 Z40.773773 E0.060607
G1 X121.400227 Y127.070962 Z40.774126 E0.060579
G1 X121.429844 Y126.899027 Z40.774479 E0.060552
G1 X121.463938 Y126.728006 Z40.774833 E0.060524
G1 X121.50248 Y126.558014 Z40.775186 E0.060496
G1 X121.54544 Y126.389169 Z40.775539 E0.060468
G1 X121.592785 Y126.221583 Z40.775893 E0.06044
G1 X121.644478 Y126.055372 Z40.776246 E0.060412
G1 X121.700479 Y125.890648 Z40.776599 E0.060384
G1 X121.760747 Y125.727522 Z40.776953 E0.060356
G1 X121.825235 Y125.566105 Z40.777306 E0.060328
G1 X121.893897 Y125.406506 Z40.777659 E0.0603
G1 X121.96668 Y125.248833 Z40.778012 E0.060272
G1 X122.043531 Y125.093192 Z40.778366 E0.060244
G1 X122.124394 Y124.939688 Z40.778719 E0.060216
G1 X122.209209 Y124.788424 Z40.779072 E0.060188
G1 X122.297915 Y124.639502 Z40.779426 E0.06016
G1 X122.390447 Y124.493023 Z40.779779 E0.060132
G1 F110 X122.486738 Y124.349083 Z40.780132 E0.060104
G1 X122.586718 Y124.20778 Z40.780485 E0.060076
G1 X122.690316 Y124.069208 Z40.780839 E0.060048
G1 X122.797457 Y123.93346 Z40.781192 E0.06002
G1 X122.908064 Y123.800625 Z40.781545 E0.059992
G1 X123.022059 Y123.670793 Z40.781899 E0.059964
G1 X123.13936 Y123.544049 Z40.782252 E0.059936
G1 X123.259882 Y123.420479 Z40.782605 E0.059908
G1 X123.383542 Y123.300162 Z40.782958 E0.05988
G1 X123.51025 Y123.18318 Z40.783312 E0.059852
G1 X123.639918 Y123.069609 Z40.783665 E0.059824
G1 X123.772453 Y122.959523 Z40.784018 E0.059796
G1 X123.907761 Y122.852996 Z40.784372 E0.059768
G1 X124.045749 Y122.750096 Z40.784725 E0.059741
G1 X124.186317 Y122.650892 Z40.785078 E0.059713
G1 X124.329368 Y122.555447 Z40.785432 E0.059685
G1 X124.474801 Y122.463823 Z40.785785 E0.059657
G1 X124.622515 Y122.37608 Z40.786138 E0.059629
G1 X124.772404 Y122.292275 Z40.786491 E0.059601
G1 X124.92439 Y122.212506 Z40.786845 E0.059573
G1 X125.078435 Y122.136974 Z40.787198 E0.059545
G1 X125.234326 Y122.06554 Z40.787551 E0.059514
G1 X125.391954 Y121.998246 Z40.787905 E0.059484
G1 X125.551209 Y121.935136 Z40.788258 E0.059454
G1 X125.711979 Y121.876247 Z40.788611 E0.059423
G1 X125.874153 Y121.821617 Z40.788964 E0.059393
G1 X126.037618 Y121.771279 Z40.789318 E0.059362
G1 X126.202262 Y121.725262 Z40.789671 E0.059332
G1 X126.367969 Y121.683593 Z40.790024 E0.059302
G1 X126.534624 Y121.646297 Z40.790378 E0.059271
G1 X126.702113 Y121.613395 Z40.790731 E0.059241
G1 X126.870321 Y121.584906 Z40.791084 E0.05921
G1 X127.039129 Y121.560843 Z40.791437 E0.05918
G1 X127.208423 Y121.541219 Z40.791791 E0.05915
G1 X127.378086 Y121.526043 Z40.792144 E0.059119
G1 X127.548 Y121.51532 Z40.792497 E0.059089
G1 X127.718049 Y121.509054 Z40.792851 E0.059058
G1 X127.888117 Y121.507244 Z40.793204 E0.059028
G1 X128.058086 Y121.509888 Z40.793557 E0.058998
G1 X128.227839 Y121.516977 Z40.793911 E0.058967
G1 X128.397262 Y121.528503 Z40.794264 E0.058937
G1 X128.566237 Y121.544454 Z40.794617 E0.058906
G1 X128.73465 Y121.564814 Z40.79497 E0.058876
G1 X128.902385 Y121.589565 Z40.795324 E0.058846
G1 X129.069329 Y121.618684 Z40.795677 E0.058815
G1 X129.235366 Y121.652148 Z40.79603 E0.058785
G1 X129.400385 Y121.689929 Z40.796384 E0.058754
G1 X129.564273 Y121.731996 Z40.796737 E0.058724
G1 X129.726919 Y121.778317 Z40.79709 E0.058693
G1 X129.888213 Y121.828855 Z40.797443 E0.058663
G1 X130.048045 Y121.883572 Z40.797797 E0.058633
G1 X130.206307 Y121.942424 Z40.79815 E0.058602
G1 X130.362892 Y122.005368 Z40.798503 E0.058572
G1 X130.517695 Y122.072356 Z40.798857 E0.058541
G1 X130.670612 Y122.143338 Z40.79921 E0.058511
G1 X130.821538 Y122.218262 Z40.799563 E0.058481
G1 X130.970373 Y122.297071 Z40.799916 E0.05845
G1 X131.117017 Y122.379707 Z40.80027 E0.05842
G1 X131.261372 Y122.466111 Z40.800623 E0.058389
G1 X131.40334 Y122.556218 Z40.800976 E0.058359
G1 X131.542828 Y122.649963 Z40.80133 E0.058329
G1 X131.679741 Y122.747278 Z40.801683 E0.058298
G1 X131.813989 Y122.848093 Z40.802036 E0.058268
G1 X131.945482 Y122.952334 Z40.80239 E0.058237
G1 X132.074133 Y123.059926 Z40.802743 E0.058207
G1 X132.199856 Y123.170793 Z40.803096 E0.058177
G1 X132.322569 Y123.284854 Z40.803449 E0.058146
G1 X132.442191 Y123.402029 Z40.803803 E0.058116
G1 X132.558641 Y123.522233 Z40.804156 E0.058085
G1 X132.671845 Y123.645381 Z40.804509 E0.058055
G1 X132.781728 Y123.771385 Z40.804863 E0.058025
G1 X132.888217 Y123.900156 Z40.805216 E0.057994
G1 X132.991243 Y124.031602 Z40.805569 E0.057964
G1 X133.09074 Y124.165632 Z40.805922 E0.057933
G1 X133.186642 Y124.302149 Z40.806276 E0.057903
G1 X133.278888 Y124.441057 Z40.806629 E0.057873
G1 X133.367418 Y124.58226 Z40.806982 E0.057842
G1 X133.452178 Y124.725655 Z40.807336 E0.057812
G1 X133.533115 Y124.871142 Z40.807689 E0.057781
G1 X133.610174 Y125.018622 Z40.808042 E0.057751
G1 X133.683306 Y125.16799 Z40.808395 E0.057721
G1 X133.752465 Y125.319143 Z40.808749 E0.05769
G1 X133.817607 Y125.471974 Z40.809102 E0.05766
G1 X133.878693 Y125.626378 Z40.809455 E0.05763
G1 X133.935684 Y125.782247 Z40.809809 E0.057599
G1 X133.988547 Y125.939471 Z40.810162 E0.057569
G1 X134.037248 Y126.097943 Z40.810515 E0.057539
G1 X134.081758 Y126.257551 Z40.810869 E0.057508
G1 X134.122053 Y126.418186 Z40.811222 E0.057478
G1 X134.158108 Y126.579735 Z40.811575 E0.057448
G1 X134.189903 Y126.742087 Z40.811928 E0.057417
G1 X134.217421 Y126.90513 Z40.812282 E0.057387
G1 X134.240648 Y127.068751 Z40.812635 E0.057357
G1 X134.259572 Y127.232838 Z40.812988 E0.057326
G1 X134.274185 Y127.397277 Z40.813342 E0.057296
G1 X134.284481 Y127.561954 Z40.813695 E0.057266
G1 X134.290457 Y127.726758 Z40.814048 E0.057235
G1 X134.292115 Y127.891574 Z40.814401 E0.057205
G1 X134.289458 Y128.05629 Z40.814755 E0.057175
G1 X134.282492 Y128.220792 Z40.815108 E0.057144
G1 X134.271226 Y128.384968 Z40.815461 E0.057114
G1 X134.255673 Y128.548706 Z40.815815 E0.057084
G1 X134.235848 Y128.711894 Z40.816168 E0.057053
G1 X134.211768 Y128.87442 Z40.816521 E0.057023
G1 X134.183457 Y129.036173 Z40.816874 E0.056993
G1 X134.150936 Y129.197044 Z40.817228 E0.056962
G1 X134.114233 Y129.356923 Z40.817581 E0.056932
G1 X134.073377 Y129.515701 Z40.817934 E0.056902
G1 X134.028402 Y129.673271 Z40.818288 E0.056871
G1 X133.979341 Y129.829526 Z40.818641 E0.056841
G1 X133.926234 Y129.98436 Z40.818994 E0.056811
G1 X133.869121 Y130.137667 Z40.819348 E0.05678
G1 X133.808045 Y130.289346 Z40.819701 E0.05675
G1 X133.743053 Y130.439293 Z40.820054 E0.05672
G1 X133.674193 Y130.587407 Z40.820407 E0.056689
G1 X133.601517 Y130.733589 Z40.820761 E0.056659
G1 X133.525079 Y130.87774 Z40.821114 E0.056629
G1 X133.444934 Y131.019764 Z40.821467 E0.056598
G1 X133.361143 Y131.159565 Z40.821821 E0.056568
G1 X133.273766 Y131.29705 Z40.822174 E0.056538
G1 X133.182868 Y131.432128 Z40.822527 E0.056507
G1 X133.088514 Y131.564707 Z40.82288 E0.056477
G1 X132.990773 Y131.6947 Z40.823234 E0.056447
G1 X132.889716 Y131.822021 Z40.823587 E0.056416
G1 X132.785415 Y131.946584 Z40.82394 E0.056386
G1 X132.677946 Y132.068308 Z40.824294 E0.056356
G1 X132.567385 Y132.187111 Z40.824647 E0.056325
G1 X132.453812 Y132.302916 Z40.825 E0.056295
G1 X132.337309 Y132.415646 Z40.825353 E0.056265
G1 X132.217957 Y132.525228 Z40.825707 E0.056234
G1 X132.095843 Y132.631589 Z40.82606 E0.056204
G1 X131.971052 Y132.734659 Z40.826413 E0.056173
G1 X131.843674 Y132.834373 Z40.826767 E0.056143
G1 X131.713799 Y132.930664 Z40.82712 E0.056113
G1 X131.581518 Y133.023471 Z40.827473 E0.056082
G1 X131.446927 Y133.112738 Z40.827827 E0.056052
G1 X131.31012 Y133.198406 Z40.82818 E0.056022
G1 X131.171192 Y133.280416 Z40.828533 E0.055992
G1 X131.03024 Y133.358719 Z40.828886 E0.055961
G1 X130.887363 Y133.433262 Z40.82924 E0.055931
G1 X130.742661 Y133.504 Z40.829593 E0.055901
G1 X130.596236 Y133.570888 Z40.829946 E0.05587
G1 X130.448189 Y133.633885 Z40.8303 E0.05584
G1 X130.298625 Y133.692951 Z40.830653 E0.05581
G1 X130.147647 Y133.748049 Z40.831006 E0.05578
G1 X129.99536 Y133.799148 Z40.831359 E0.055749
G1 X129.841871 Y133.846215 Z40.831713 E0.055719
G1 X129.687286 Y133.889223 Z40.832066 E0.055689
G1 X129.531713 Y133.928146 Z40.832419 E0.055659
G1 X129.375258 Y133.962963 Z40.832773 E0.055628
G1 X129.218031 Y133.993655 Z40.833126 E0.055598
G1 X129.06014 Y134.020204 Z40.833479 E0.055568
G1 X128.901695 Y134.042596 Z40.833832 E0.055538
G1 X128.742804 Y134.060822 Z40.834186 E0.055507
G1 X128.583577 Y134.074872 Z40.834539 E0.055477
G1 X128.424123 Y134.084743 Z40.834892 E0.055447
G1 X128.264553 Y134.090431 Z40.835246 E0.055416
G1 X128.104976 Y134.091937 Z40.835599 E0.055386
G1 X127.945502 Y134.089266 Z40.835952 E0.055356
G1 X127.786239 Y134.082422 Z40.836306 E0.055326
G1 X127.627297 Y134.071416 Z40.836659 E0.055295
G1 X127.468785 Y134.05626 Z40.837012 E0.055265
G1 X127.310811 Y134.036969 Z40.837365 E0.055235
G1 X127.153482 Y134.013559 Z40.837719 E0.055205
G1 X126.996906 Y133.986053 Z40.838072 E0.055174
G1 X126.84119 Y133.954473 Z40.838425 E0.055144
G1 X126.686439 Y133.918846 Z40.838779 E0.055114
G1 X126.532759 Y133.879199 Z40.839132 E0.055083
G1 X126.380253 Y133.835566 Z40.839485 E0.055053
G1 X126.229026 Y133.78798 Z40.839838 E0.055023
G1 X126.079179 Y133.736478 Z40.840192 E0.054993
G1 X125.930814 Y133.6811 Z40.840545 E0.054962
G1 X125.784031 Y133.621888 Z40.840898 E0.054932
G1 X125.638929 Y133.558887 Z40.841252 E0.054902
G1 X125.495606 Y133.492145 Z40.841605 E0.054872
G1 X125.354158 Y133.421711 Z40.841958 E0.054841
G1 X125.21468 Y133.347638 Z40.842312 E0.054811
G1 X125.077266 Y133.26998 Z40.842665 E0.054781
G1 X124.942008 Y133.188795 Z40.843018 E0.054751
G1 X124.808995 Y133.104143 Z40.843371 E0.05472
G1 X124.678317 Y133.016085 Z40.843725 E0.05469
G1 X124.550062 Y132.924685 Z40.844078 E0.05466
G1 X124.424313 Y132.830011 Z40.844431 E0.054629
G1 X124.301156 Y132.73213 Z40.844785 E0.054599
G1 X124.180671 Y132.631113 Z40.845138 E0.054569
G1 X124.062938 Y132.527033 Z40.845491 E0.054539
G1 X123.948035 Y132.419965 Z40.845844 E0.054508
G1 X123.836037 Y132.309986 Z40.846198 E0.054478
G1 X123.727019 Y132.197174 Z40.846551 E0.054448
G1 X123.621052 Y132.081611 Z40.846904 E0.054418
G1 X123.518204 Y131.963377 Z40.847258 E0.054387
G1 X123.418544 Y131.842558 Z40.847611 E0.054357
G1 X123.322136 Y131.719239 Z40.847964 E0.054327
G1 X123.229237 Y131.59336 Z40.848317 E0.054297
G1 X123.139738 Y131.465157 Z40.848671 E0.054265
G1 X123.053679 Y131.334731 Z40.849024 E0.054232
G1 X122.971116 Y131.202176 Z40.849377 E0.054199
G1 X122.8921 Y131.067586 Z40.849731 E0.054167
G1 X122.816682 Y130.931055 Z40.850084 E0.054134
G1 X122.744909 Y130.792678 Z40.850437 E0.054101
G1 X122.676827 Y130.652555 Z40.850791 E0.054069
G1 X122.612476 Y130.510782 Z40.851144 E0.054036
G1 X122.551897 Y130.367458 Z40.851497 E0.054003
G1 X122.495127 Y130.222685 Z40.85185 E0.053971
G1 X122.442201 Y130.076564 Z40.852204 E0.053938
G1 X122.393149 Y129.929195 Z40.852557 E0.053905
G1 X122.348002 Y129.780683 Z40.85291 E0.053873
G1 X122.306784 Y129.63113 Z40.853264 E0.05384
G1 X122.26952 Y129.48064 Z40.853617 E0.053807
G1 X122.236231 Y129.329317 Z40.85397 E0.053775
G1 X122.206934 Y129.177267 Z40.854323 E0.053742
G1 X122.181646 Y129.024595 Z40.854677 E0.053709
G1 X122.160377 Y128.871406 Z40.85503 E0.053677
G1 X122.143138 Y128.717807 Z40.855383 E0.053644
;WIDTH:1.200
; LINE_WIDTH: 1.200
;Z:40.932
;HEIGHT:0.076
G1 X122.129581 Y128.563936 Z40.855701 E0.048171
G1 X122.120063 Y128.409848 Z40.85602 E0.048145
G1 X122.114586 Y128.255648 Z40.856338 E0.048119
G1 X122.113151 Y128.101442 Z40.856656 E0.048092
G1 X122.115753 Y127.947337 Z40.856974 E0.048066
G1 X122.122386 Y127.793437 Z40.857292 E0.048039
G1 X122.133042 Y127.639848 Z40.857611 E0.048013
G1 X122.147708 Y127.486676 Z40.857929 E0.047986
G1 X122.16637 Y127.334024 Z40.858247 E0.04796
G1 X122.189011 Y127.181998 Z40.858565 E0.047933
G1 X122.215611 Y127.030699 Z40.858883 E0.047907
G1 X122.246147 Y126.880233 Z40.859202 E0.047881
G1 X122.280594 Y126.7307 Z40.85952 E0.047854
G1 X122.318925 Y126.582203 Z40.859838 E0.047828
G1 X122.361107 Y126.434843 Z40.860156 E0.047801
G1 X122.407109 Y126.288718 Z40.860474 E0.047775
G1 X122.456895 Y126.143928 Z40.860793 E0.047748
G1 X122.510425 Y126.000572 Z40.861111 E0.047722
G1 X122.56766 Y125.858745 Z40.861429 E0.047695
G1 X122.628555 Y125.718543 Z40.861747 E0.047669
G1 X122.693066 Y125.580062 Z40.862065 E0.047643
G1 X122.761143 Y125.443393 Z40.862384 E0.047616
G1 X122.832736 Y125.308628 Z40.862702 E0.04759
G1 X122.907793 Y125.175859 Z40.86302 E0.047563
G1 X122.986257 Y125.045173 Z40.863338 E0.047537
G1 X123.068071 Y124.916659 Z40.863656 E0.04751
G1 X123.153175 Y124.790402 Z40.863975 E0.047484
G1 X123.241507 Y124.666486 Z40.864293 E0.047457
G1 X123.333003 Y124.544994 Z40.864611 E0.047431
G1 X123.427597 Y124.426005 Z40.864929 E0.047404
G1 X123.52522 Y124.3096 Z40.865247 E0.047378
G1 X123.625802 Y124.195855 Z40.865566 E0.047352
G1 X123.72927 Y124.084845 Z40.865884 E0.047325
G1 X123.835551 Y123.976644 Z40.866202 E0.047299
G1 X123.944568 Y123.871321 Z40.86652 E0.047272
G1 X124.056243 Y123.768948 Z40.866838 E0.047246
G1 X124.170497 Y123.669589 Z40.867157 E0.047219
G1 X124.287249 Y123.573311 Z40.867475 E0.047193
G1 X124.406415 Y123.480176 Z40.867793 E0.047166
G1 X124.527911 Y123.390244 Z40.868111 E0.04714
G1 X124.651665 Y123.303593 Z40.868429 E0.047114
G1 X124.777694 Y123.220436 Z40.868748 E0.047088
G1 X124.90578 Y123.140657 Z40.869066 E0.047059
G1 X125.035833 Y123.064305 Z40.869384 E0.047031
G1 X125.167762 Y122.99143 Z40.869702 E0.047002
G1 X125.301473 Y122.922078 Z40.87002 E0.046974
G1 X125.436873 Y122.856291 Z40.870339 E0.046946
G1 X125.573867 Y122.79411 Z40.870657 E0.046917
G1 X125.712358 Y122.735575 Z40.870975 E0.046889
G1 X125.852251 Y122.680719 Z40.871293 E0.046861
G1 X125.993446 Y122.629578 Z40.871611 E0.046832
G1 X126.135846 Y122.58218 Z40.87193 E0.046804
G1 X126.279352 Y122.538556 Z40.872248 E0.046775
G1 X126.423863 Y122.498728 Z40.872566 E0.046747
G1 X126.56928 Y122.462722 Z40.872884 E0.046719
G1 X126.7155 Y122.430555 Z40.873202 E0.04669
G1 X126.862424 Y122.402247 Z40.873521 E0.046662
G1 X127.009949 Y122.377811 Z40.873839 E0.046634
G1 X127.157973 Y122.35726 Z40.874157 E0.046605
G1 X127.306394 Y122.340604 Z40.874475 E0.046577
G1 X127.45511 Y122.327848 Z40.874793 E0.046548
G1 X127.604018 Y122.318996 Z40.875111 E0.04652
G1 X127.753016 Y122.314051 Z40.87543 E0.046492
G1 X127.902002 Y122.313011 Z40.875748 E0.046463
G1 X128.050872 Y122.315872 Z40.876066 E0.046435
G1 X128.199526 Y122.322626 Z40.876384 E0.046406
G1 X128.347861 Y122.333265 Z40.876702 E0.046378
G1 X128.495775 Y122.347777 Z40.877021 E0.04635
G1 X128.643169 Y122.366146 Z40.877339 E0.046321
G1 X128.789941 Y122.388356 Z40.877657 E0.046293
G1 X128.935991 Y122.414387 Z40.877975 E0.046265
G1 X129.081221 Y122.444215 Z40.878293 E0.046236
G1 X129.22553 Y122.477816 Z40.878612 E0.046208
G1 X129.368822 Y122.515163 Z40.87893 E0.046179
G1 X129.511 Y122.556225 Z40.879248 E0.046151
G1 X129.651966 Y122.600968 Z40.879566 E0.046123
G1 X129.791626 Y122.649359 Z40.879884 E0.046094
G1 X129.929886 Y122.701359 Z40.880203 E0.046066
G1 X130.066651 Y122.756928 Z40.880521 E0.046038
G1 X130.201832 Y122.816024 Z40.880839 E0.046009
G1 X130.335335 Y122.878601 Z40.881157 E0.045981
G1 X130.467072 Y122.944613 Z40.881475 E0.045952
G1 X130.596955 Y123.01401 Z40.881794 E0.045924
G1 X130.724897 Y123.086739 Z40.882112 E0.045896
G1 X130.850812 Y123.162748 Z40.88243 E0.045867
G1 X130.974616 Y123.24198 Z40.882748 E0.045839
G1 X131.096228 Y123.324375 Z40.883066 E0.04581
G1 X131.215565 Y123.409875 Z40.883385 E0.045782
G1 X131.33255 Y123.498417 Z40.883703 E0.045754
G1 X131.447104 Y123.589935 Z40.884021 E0.045725
G1 X131.559153 Y123.684363 Z40.884339 E0.045697
G1 X131.668622 Y123.781633 Z40.884657 E0.045669
G1 X131.775439 Y123.881675 Z40.884976 E0.04564
G1 X131.879534 Y123.984417 Z40.885294 E0.045612
G1 X131.98084 Y124.089784 Z40.885612 E0.045583
G1 X132.07929 Y124.197701 Z40.88593 E0.045555
G1 X132.17482 Y124.30809 Z40.886248 E0.045527
G1 X132.267368 Y124.420874 Z40.886567 E0.045498
G1 X132.356875 Y124.535971 Z40.886885 E0.04547
G1 X132.443282 Y124.6533 Z40.887203 E0.045442
G1 X132.526535 Y124.772777 Z40.887521 E0.045413
G1 X132.606579 Y124.894317 Z40.887839 E0.045385
G1 X132.683365 Y125.017835 Z40.888158 E0.045356
G1 X132.756843 Y125.143243 Z40.888476 E0.045328
G1 X132.826968 Y125.270454 Z40.888794 E0.0453
G1 X132.893709 Y125.399368 Z40.889112 E0.045271
G1 X132.957011 Y125.529905 Z40.88943 E0.045243
G1 X133.016835 Y125.661973 Z40.889749 E0.045215
G1 X133.073144 Y125.795479 Z40.890067 E0.045186
G1 X133.125905 Y125.930329 Z40.890385 E0.045158
G1 X133.175084 Y126.06643 Z40.890703 E0.04513
G1 X133.220653 Y126.203687 Z40.891021 E0.045102
G1 X133.262586 Y126.342003 Z40.89134 E0.045074
G1 X133.300857 Y126.481283 Z40.891658 E0.045045
G1 X133.335445 Y126.621429 Z40.891976 E0.045017
G1 X133.366331 Y126.762345 Z40.892294 E0.044989
G1 X133.393499 Y126.903932 Z40.892612 E0.044961
G1 X133.416934 Y127.046094 Z40.892931 E0.044932
G1 X133.436626 Y127.18873 Z40.893249 E0.044904
G1 X133.452564 Y127.331743 Z40.893567 E0.044876
G1 X133.464744 Y127.475035 Z40.893885 E0.044848
G1 X133.473161 Y127.618506 Z40.894203 E0.044819
G1 X133.477815 Y127.762057 Z40.894521 E0.044791
G1 X133.478706 Y127.905591 Z40.89484 E0.044763
G1 X133.47584 Y128.049008 Z40.895158 E0.044735
G1 X133.469222 Y128.19221 Z40.895476 E0.044706
G1 X133.458862 Y128.3351 Z40.895794 E0.044678
G1 X133.444772 Y128.477579 Z40.896112 E0.04465
G1 X133.426966 Y128.61955 Z40.896431 E0.044622
G1 X133.405462 Y128.760917 Z40.896749 E0.044593
G1 X133.380278 Y128.901583 Z40.897067 E0.044565
G1 X133.351437 Y129.041452 Z40.897385 E0.044537
G1 X133.318963 Y129.18043 Z40.897703 E0.044509
G1 X133.282882 Y129.318422 Z40.898022 E0.04448
G1 X133.243225 Y129.455334 Z40.89834 E0.044452
G1 X133.200023 Y129.591074 Z40.898658 E0.044424
G1 X133.15331 Y129.725551 Z40.898976 E0.044396
G1 X133.103123 Y129.858673 Z40.899294 E0.044367
G1 X133.0495 Y129.990352 Z40.899613 E0.044339
G1 X132.992483 Y130.120497 Z40.899931 E0.044311
G1 X132.932115 Y130.249023 Z40.900249 E0.044283
G1 X132.868443 Y130.375842 Z40.900567 E0.044254
G1 X132.801513 Y130.50087 Z40.900885 E0.044226
G1 X132.731376 Y130.624024 Z40.901204 E0.044198
G1 X132.658084 Y130.745221 Z40.901522 E0.04417
G1 X132.581692 Y130.86438 Z40.90184 E0.044141
G1 X132.502256 Y130.981422 Z40.902158 E0.044113
G1 X132.419834 Y131.09627 Z40.902476 E0.044085
G1 X132.334488 Y131.208848 Z40.902795 E0.044057
G1 X132.246278 Y131.319081 Z40.903113 E0.044028
G1 X132.15527 Y131.426896 Z40.903431 E0.044
G1 X132.061529 Y131.532223 Z40.903749 E0.043972
G1 X131.965123 Y131.634993 Z40.904067 E0.043944
G1 X131.866123 Y131.735137 Z40.904386 E0.043915
G1 X131.764598 Y131.832592 Z40.904704 E0.043887
G1 X131.660623 Y131.927293 Z40.905022 E0.043859
G1 X131.554272 Y132.019179 Z40.90534 E0.043831
G1 X131.44562 Y132.10819 Z40.905658 E0.043803
G1 X131.334746 Y132.194269 Z40.905977 E0.043774
G1 X131.221728 Y132.277361 Z40.906295 E0.043746
G1 X131.106646 Y132.357412 Z40.906613 E0.043718
G1 X130.989584 Y132.434372 Z40.906931 E0.04369
G1 X130.870622 Y132.508192 Z40.907249 E0.043661
G1 X130.749846 Y132.578824 Z40.907568 E0.043633
G1 X130.627341 Y132.646226 Z40.907886 E0.043605
G1 X130.503192 Y132.710353 Z40.908204 E0.043577
G1 X130.377488 Y132.771168 Z40.908522 E0.043548
G1 X130.250317 Y132.828631 Z40.90884 E0.04352
G1 X130.121768 Y132.882709 Z40.909159 E0.043492
G1 X129.99201 Y132.933565 Z40.909477 E0.043463
G1 X129.861058 Y132.981012 Z40.909795 E0.043436
G1 X129.728989 Y133.024987 Z40.910113 E0.04341
G1 X129.595893 Y133.065463 Z40.910431 E0.043384
G1 X129.461863 Y133.102417 Z40.91075 E0.043358
G1 X129.326994 Y133.135828 Z40.911068 E0.043331
G1 X129.191377 Y133.165677 Z40.911386 E0.043305
G1 X129.055108 Y133.191948 Z40.911704 E0.043279
G1 X128.918281 Y133.214627 Z40.912022 E0.043253
G1 X128.780989 Y133.233703 Z40.91234 E0.043227
G1 X128.643329 Y133.249167 Z40.912659 E0.0432
G1 X128.505394 Y133.261013 Z40.912977 E0.043174
G1 X128.36728 Y133.269238 Z40.913295 E0.043148
G1 X128.229083 Y133.27384 Z40.913613 E0.043122
G1 X128.090896 Y133.27482 Z40.913931 E0.043096
G1 X127.952815 Y133.272182 Z40.91425 E0.043069
G1 X127.814934 Y133.265932 Z40.914568 E0.043043
G1 X127.677348 Y133.256079 Z40.914886 E0.043017
G1 X127.540151 Y133.242634 Z40.915204 E0.042991
G1 X127.403437 Y133.225611 Z40.915522 E0.042965
G1 X127.267298 Y133.205026 Z40.915841 E0.042938
G1 X127.131828 Y133.180896 Z40.916159 E0.042912
G1 X126.997118 Y133.153244 Z40.916477 E0.042886
G1 X126.863261 Y133.122092 Z40.916795 E0.04286
G1 X126.730347 Y133.087466 Z40.917113 E0.042834
G1 X126.598467 Y133.049394 Z40.917432 E0.042807
G1 X126.467708 Y133.007907 Z40.91775 E0.042781
G1 X126.338161 Y132.963036 Z40.918068 E0.042755
G1 X126.209912 Y132.914817 Z40.918386 E0.042729
G1 X126.083047 Y132.863288 Z40.918704 E0.042703
G1 X125.957653 Y132.808487 Z40.919023 E0.042676
G1 X125.833813 Y132.750456 Z40.919341 E0.04265
G1 X125.711611 Y132.689239 Z40.919659 E0.042624
G1 X125.591128 Y132.624882 Z40.919977 E0.042598
G1 X125.472445 Y132.557433 Z40.920295 E0.042572
G1 X125.355641 Y132.486943 Z40.920614 E0.042545
G1 X125.240794 Y132.413462 Z40.920932 E0.042519
G1 X125.127981 Y132.337046 Z40.92125 E0.042493
G1 X125.017277 Y132.25775 Z40.921568 E0.042467
G1 X124.908754 Y132.175632 Z40.921886 E0.042441
G1 X124.802484 Y132.090753 Z40.922205 E0.042414
G1 X124.698539 Y132.003174 Z40.922523 E0.042388
G1 X124.596986 Y131.912957 Z40.922841 E0.042362
G1 X124.497892 Y131.82017 Z40.923159 E0.042336
G1 X124.401322 Y131.724878 Z40.923477 E0.04231
G1 X124.307339 Y131.62715 Z40.923796 E0.042283
G1 X124.216005 Y131.527055 Z40.924114 E0.042257
G1 X124.127379 Y131.424667 Z40.924432 E0.042231
G1 X124.041518 Y131.320057 Z40.92475 E0.042205
G1 X123.958478 Y131.213301 Z40.925068 E0.042179
G1 X123.878312 Y131.104474 Z40.925387 E0.042152
G1 X123.801073 Y130.993653 Z40.925705 E0.042126
G1 X123.726809 Y130.880918 Z40.926023 E0.0421
G1 X123.655567 Y130.766348 Z40.926341 E0.042074
G1 X123.587393 Y130.650023 Z40.926659 E0.042048
G1 X123.52233 Y130.532026 Z40.926978 E0.042021
G1 X123.460418 Y130.412441 Z40.927296 E0.041995
G1 X123.401696 Y130.29135 Z40.927614 E0.041969
G1 X123.346201 Y130.168839 Z40.927932 E0.041943
G1 X123.293966 Y130.044994 Z40.92825 E0.041917
G1 X123.245023 Y129.919902 Z40.928569 E0.04189
G1 X123.199402 Y129.79365 Z40.928887 E0.041864
G1 X123.15713 Y129.666326 Z40.929205 E0.041838
G1 X123.118232 Y129.538019 Z40.929523 E0.041812
G1 X123.081775 Y129.409092 Z40.929841 E0.041783
G1 X123.048342 Y129.279408 Z40.93016 E0.041765
G1 X123.018326 Y129.14894 Z40.930478 E0.04175
G1 X122.991746 Y129.017778 Z40.930796 E0.041735
G1 X122.968617 Y128.886012 Z40.931114 E0.04172
G1 X122.948954 Y128.753733 Z40.931432 E0.041706
G1 X122.932766 Y128.621031 Z40.93175 E0.041691
;WIDTH:1.200
; LINE_WIDTH: 1.200
;Z:41.612
;HEIGHT:0.680
G1 X122.920136 Y128.487992 Z40.934585 E0.080024
G1 X122.910998 Y128.354717 Z40.937419 E0.079995
G1 X122.905355 Y128.221299 Z40.940254 E0.079965
G1 X122.903207 Y128.087828 Z40.943088 E0.079935
G1 X122.904554 Y127.954397 Z40.945922 E0.079905
G1 X122.909392 Y127.821096 Z40.948757 E0.079875
G1 X122.917716 Y127.688017 Z40.951591 E0.079846
G1 X122.929517 Y127.555251 Z40.954425 E0.079816
G1 X122.944784 Y127.422889 Z40.95726 E0.079786
G1 X122.963504 Y127.291022 Z40.960094 E0.079756
G1 X122.985663 Y127.159738 Z40.962929 E0.079727
G1 X123.011241 Y127.029129 Z40.965763 E0.079697
G1 X123.04022 Y126.899283 Z40.968597 E0.079667
G1 X123.072576 Y126.770288 Z40.971432 E0.079637
G1 X123.108285 Y126.642233 Z40.974266 E0.079608
G1 X123.14732 Y126.515204 Z40.9771 E0.079578
G1 X123.189652 Y126.389287 Z40.979935 E0.079548
G1 X123.235248 Y126.264569 Z40.982769 E0.079518
G1 X123.284077 Y126.141134 Z40.985604 E0.079489
G1 X123.336101 Y126.019065 Z40.988438 E0.079459
G1 X123.391282 Y125.898445 Z40.991272 E0.079429
G1 X123.449581 Y125.779356 Z40.994107 E0.079399
G1 X123.510955 Y125.661879 Z40.996941 E0.079369
G1 X123.575359 Y125.546092 Z40.999775 E0.07934
G1 X123.642748 Y125.432074 Z41.00261 E0.07931
G1 X123.713072 Y125.319901 Z41.005444 E0.07928
G1 X123.786282 Y125.20965 Z41.008279 E0.07925
G1 X123.862325 Y125.101394 Z41.011113 E0.079221
G1 X123.941146 Y124.995205 Z41.013947 E0.079191
G1 X124.02269 Y124.891157 Z41.016782 E0.079161
G1 X124.106899 Y124.789317 Z41.019616 E0.079131
G1 X124.193712 Y124.689754 Z41.02245 E0.079102
G1 X124.283069 Y124.592535 Z41.025285 E0.079072
G1 X124.374906 Y124.497725 Z41.028119 E0.079042
G1 X124.469158 Y124.405386 Z41.030953 E0.079012
G1 X124.565759 Y124.315581 Z41.033788 E0.078983
G1 X124.664641 Y124.228369 Z41.036622 E0.078953
G1 X124.765735 Y124.143807 Z41.039457 E0.078923
G1 X124.868969 Y124.061952 Z41.042291 E0.078893
G1 X124.974271 Y123.982858 Z41.045125 E0.078864
G1 X125.081567 Y123.906577 Z41.04796 E0.078834
G1 X125.190782 Y123.83316 Z41.050794 E0.078804
G1 X125.30184 Y123.762653 Z41.053628 E0.078774
G1 X125.414664 Y123.695104 Z41.056463 E0.078744
G1 X125.529174 Y123.630557 Z41.059297 E0.078715
G1 X125.645291 Y123.569053 Z41.062132 E0.078685
G1 X125.762934 Y123.510632 Z41.064966 E0.078655
G1 X125.88202 Y123.455333 Z41.0678 E0.078625
G1 X126.002469 Y123.40319 Z41.070635 E0.078596
G1 X126.124195 Y123.354238 Z41.073469 E0.078566
G1 X126.247115 Y123.308507 Z41.076303 E0.078536
G1 X126.371142 Y123.266025 Z41.079138 E0.078506
G1 X126.496192 Y123.226821 Z41.081972 E0.078477
G1 X126.622178 Y123.190918 Z41.084807 E0.078447
G1 X126.749013 Y123.158338 Z41.087641 E0.078417
G1 X126.876585 Y123.128998 Z41.090475 E0.078387
G1 X127.004831 Y123.102999 Z41.09331 E0.078359
G1 X127.133668 Y123.080374 Z41.096144 E0.078331
G1 X127.263008 Y123.061137 Z41.098978 E0.078303
G1 X127.392761 Y123.045299 Z41.101813 E0.078276
G1 X127.522837 Y123.032867 Z41.104647 E0.078248
G1 X127.653149 Y123.023849 Z41.107481 E0.07822
G1 X127.783605 Y123.018247 Z41.110316 E0.078192
G1 X127.914117 Y123.016064 Z41.11315 E0.078164
G1 X128.044594 Y123.017298 Z41.115985 E0.078137
G1 X128.174949 Y123.021947 Z41.118819 E0.078109
G1 X128.30509 Y123.030003 Z41.121653 E0.078081
G1 X128.43493 Y123.041461 Z41.124488 E0.078053
G1 X128.564379 Y123.056308 Z41.127322 E0.078025
G1 X128.693349 Y123.074533 Z41.130156 E0.077998
G1 X128.821752 Y123.096121 Z41.132991 E0.07797
G1 X128.9495 Y123.121054 Z41.135825 E0.077942
G1 X129.076506 Y123.149313 Z41.13866 E0.077914
G1 X129.202684 Y123.180877 Z41.141494 E0.077886
G1 X129.327947 Y123.215721 Z41.144328 E0.077859
G1 X129.452211 Y123.253818 Z41.147163 E0.077831
G1 X129.57539 Y123.295142 Z41.149997 E0.077803
G1 X129.697402 Y123.339661 Z41.152831 E0.077775
G1 X129.818163 Y123.387341 Z41.155666 E0.077747
G1 X129.937591 Y123.438149 Z41.1585 E0.07772
G1 X130.055606 Y123.492047 Z41.161335 E0.077692
G1 X130.172128 Y123.548996 Z41.164169 E0.077664
G1 X130.287078 Y123.608955 Z41.167003 E0.077636
G1 X130.400378 Y123.67188 Z41.169838 E0.077608
G1 X130.511951 Y123.737727 Z41.172672 E0.077581
G1 X130.621723 Y123.806447 Z41.175506 E0.077553
G1 X130.729619 Y123.877992 Z41.178341 E0.077525
G1 X130.835567 Y123.952311 Z41.181175 E0.077497
G1 X130.939496 Y124.029351 Z41.18401 E0.077469
G1 X131.041335 Y124.109057 Z41.186844 E0.077442
G1 X131.141017 Y124.191372 Z41.189678 E0.077414
G1 X131.238474 Y124.276239 Z41.192513 E0.077386
G1 X131.333642 Y124.363596 Z41.195347 E0.077358
G1 X131.426457 Y124.453383 Z41.198181 E0.07733
G1 F76 X131.516856 Y124.545536 Z41.201016 E0.077303
G1 X131.60478 Y124.63999 Z41.20385 E0.077275
G1 X131.690171 Y124.736679 Z41.206684 E0.077247
G1 X131.77297 Y124.835535 Z41.209519 E0.077219
G1 X131.853124 Y124.936489 Z41.212353 E0.077191
G1 X131.93058 Y125.039469 Z41.215188 E0.077164
G1 X132.005286 Y125.144405 Z41.218022 E0.077136
G1 X132.077193 Y125.251221 Z41.220856 E0.077108
G1 X132.146253 Y125.359845 Z41.223691 E0.07708
G1 X132.212423 Y125.470199 Z41.226525 E0.077052
G1 X132.275657 Y125.582208 Z41.229359 E0.077025
G1 X132.335915 Y125.695793 Z41.232194 E0.076997
G1 X132.393158 Y125.810875 Z41.235028 E0.076969
G1 X132.447349 Y125.927374 Z41.237863 E0.076941
G1 X132.498452 Y126.04521 Z41.240697 E0.076913
G1 X132.546436 Y126.1643 Z41.243531 E0.076886
G1 X132.591269 Y126.284562 Z41.246366 E0.076858
G1 X132.632922 Y126.405912 Z41.2492 E0.07683
G1 X132.671371 Y126.528268 Z41.252034 E0.076802
G1 X132.706589 Y126.651543 Z41.254869 E0.076774
G1 X132.738557 Y126.775653 Z41.257703 E0.076747
G1 X132.767254 Y126.900512 Z41.260538 E0.076719
G1 X132.792703 Y127.026026 Z41.263372 E0.076691
G1 X132.81499 Y127.152094 Z41.266206 E0.076664
G1 X132.833963 Y127.278661 Z41.269041 E0.076639
G1 X132.84961 Y127.40564 Z41.271875 E0.076614
G1 X132.861924 Y127.532944 Z41.274709 E0.076589
G1 X132.870897 Y127.660485 Z41.277544 E0.076564
G1 X132.876527 Y127.788176 Z41.280378 E0.076539
G1 X132.878811 Y127.915928 Z41.283212 E0.076514
G1 X132.877749 Y128.043655 Z41.286047 E0.076489
G1 X132.873346 Y128.171269 Z41.288881 E0.076464
G1 X132.865605 Y128.298682 Z41.291716 E0.07644
G1 X132.854535 Y128.425807 Z41.29455 E0.076415
G1 X132.840145 Y128.552558 Z41.297384 E0.07639
G1 X132.822447 Y128.678847 Z41.300219 E0.076365
G1 X132.801456 Y128.804589 Z41.303053 E0.07634
G1 X132.777188 Y128.929697 Z41.305887 E0.076315
G1 X132.749661 Y129.054086 Z41.308722 E0.07629
G1 X132.718898 Y129.177671 Z41.311556 E0.076265
G1 X132.684921 Y129.300368 Z41.314391 E0.07624
G1 X132.647755 Y129.422094 Z41.317225 E0.076215
G1 X132.607428 Y129.542766 Z41.320059 E0.07619
G1 X132.56397 Y129.662302 Z41.322894 E0.076165
G1 X132.517412 Y129.78062 Z41.325728 E0.07614
G1 X132.467789 Y129.89764 Z41.328562 E0.076116
G1 X132.415137 Y130.013283 Z41.331397 E0.076091
G1 X132.359493 Y130.12747 Z41.334231 E0.076066
G1 X132.300898 Y130.240125 Z41.337066 E0.076041
G1 X132.239393 Y130.35117 Z41.3399 E0.076016
G1 X132.175024 Y130.460531 Z41.342734 E0.075991
G1 X132.107836 Y130.568134 Z41.345569 E0.075966
G1 X132.037876 Y130.673907 Z41.348403 E0.075941
G1 X131.965195 Y130.777777 Z41.351237 E0.075916
G1 X131.889844 Y130.879676 Z41.354072 E0.075891
G1 X131.811877 Y130.979534 Z41.356906 E0.075866
G1 X131.731349 Y131.077284 Z41.35974 E0.075841
G1 X131.648316 Y131.172861 Z41.362575 E0.075817
G1 X131.562838 Y131.266201 Z41.365409 E0.075792
G1 X131.474974 Y131.357241 Z41.368244 E0.075767
G1 X131.384787 Y131.44592 Z41.371078 E0.075742
G1 X131.292339 Y131.53218 Z41.373912 E0.075717
G1 X131.197695 Y131.615961 Z41.376747 E0.075692
G1 X131.100923 Y131.697209 Z41.379581 E0.075667
G1 X131.002089 Y131.77587 Z41.382415 E0.075642
G1 X130.901262 Y131.851892 Z41.38525 E0.075617
G1 X130.798514 Y131.925223 Z41.388084 E0.075592
G1 X130.693916 Y131.995816 Z41.390919 E0.075567
G1 X130.58754 Y132.063623 Z41.393753 E0.075542
G1 X130.479461 Y132.128601 Z41.396587 E0.075518
G1 X130.369755 Y132.190707 Z41.399422 E0.075493
G1 X130.258496 Y132.249899 Z41.402256 E0.075468
G1 X130.145764 Y132.30614 Z41.40509 E0.075443
G1 X130.031635 Y132.359393 Z41.407925 E0.075418
G1 X129.916189 Y132.409622 Z41.410759 E0.075393
G1 X129.799507 Y132.456796 Z41.413594 E0.075368
G1 X129.681668 Y132.500885 Z41.416428 E0.075343
G1 X129.562755 Y132.54186 Z41.419262 E0.075318
G1 X129.44285 Y132.579694 Z41.422097 E0.075293
G1 X129.322035 Y132.614366 Z41.424931 E0.075268
G1 X129.200394 Y132.645851 Z41.427765 E0.075243
G1 X129.078011 Y132.674132 Z41.4306 E0.075219
G1 X128.95497 Y132.699191 Z41.433434 E0.075194
G1 X128.831357 Y132.721013 Z41.436269 E0.075169
G1 X128.70724 Y132.739479 Z41.439103 E0.075144
G1 X128.582718 Y132.754618 Z41.441937 E0.075117
G1 X128.457888 Y132.766488 Z41.444772 E0.07509
G1 X128.332836 Y132.775081 Z41.447606 E0.075062
G1 X128.207649 Y132.780396 Z41.45044 E0.075034
G1 X128.082411 Y132.78243 Z41.453275 E0.075007
G1 X127.957209 Y132.781185 Z41.456109 E0.074979
G1 X127.832129 Y132.776664 Z41.458943 E0.074951
G1 X127.707256 Y132.768873 Z41.461778 E0.074924
G1 X127.582676 Y132.757819 Z41.464612 E0.074896
G1 X127.458474 Y132.743513 Z41.467447 E0.074869
G1 X127.334734 Y132.725965 Z41.470281 E0.074841
G1 X127.211542 Y132.705192 Z41.473115 E0.074813
G1 X127.088982 Y132.68121 Z41.47595 E0.074786
G1 X126.967136 Y132.654036 Z41.478784 E0.074758
G1 X126.846089 Y132.623693 Z41.481618 E0.07473
G1 X126.725922 Y132.590204 Z41.484453 E0.074703
G1 X126.606717 Y132.553593 Z41.487287 E0.074675
G1 X126.488555 Y132.513889 Z41.490122 E0.074648
G1 X126.371516 Y132.47112 Z41.492956 E0.07462
G1 X126.255681 Y132.425319 Z41.49579 E0.074592
G1 X126.141127 Y132.376518 Z41.498625 E0.074565
G1 X126.027931 Y132.324754 Z41.501459 E0.074537
G1 X125.916172 Y132.270065 Z41.504293 E0.074509
G1 X125.805923 Y132.212489 Z41.507128 E0.074482
G1 X125.69726 Y132.15207 Z41.509962 E0.074454
G1 X125.590256 Y132.088849 Z41.512797 E0.074427
G1 X125.484983 Y132.022873 Z41.515631 E0.074399
G1 X125.381512 Y131.954188 Z41.518465 E0.074371
G1 X125.279912 Y131.882845 Z41.5213 E0.074344
G1 X125.180252 Y131.808894 Z41.524134 E0.074316
G1 X125.082599 Y131.732387 Z41.526968 E0.074288
G1 X124.987019 Y131.653379 Z41.529803 E0.074261
G1 X124.893574 Y131.571926 Z41.532637 E0.074233
G1 X124.802328 Y131.488085 Z41.535471 E0.074206
G1 X124.713341 Y131.401916 Z41.538306 E0.074178
G1 X124.626674 Y131.31348 Z41.54114 E0.07415
G1 X124.542383 Y131.222839 Z41.543975 E0.074123
G1 X124.460525 Y131.130057 Z41.546809 E0.074095
G1 X124.381153 Y131.035198 Z41.549643 E0.074067
G1 X124.304322 Y130.93833 Z41.552478 E0.07404
G1 X124.23008 Y130.839521 Z41.555312 E0.074012
G1 X124.158478 Y130.738839 Z41.558146 E0.073984
G1 X124.089562 Y130.636356 Z41.560981 E0.073957
G1 X124.023377 Y130.532142 Z41.563815 E0.073929
G1 X123.959968 Y130.42627 Z41.56665 E0.073902
G1 X123.899375 Y130.318815 Z41.569484 E0.073874
G1 X123.841638 Y130.209851 Z41.572318 E0.073846
G1 X123.786794 Y130.099454 Z41.575153 E0.073819
G1 X123.734879 Y129.987701 Z41.577987 E0.073791
G1 X123.685926 Y129.874669 Z41.580821 E0.073763
G1 X123.639966 Y129.760437 Z41.583656 E0.073736
G1 X123.597029 Y129.645085 Z41.58649 E0.073708
G1 X123.557142 Y129.528691 Z41.589325 E0.073681
G1 X123.52033 Y129.411337 Z41.592159 E0.073653
G1 X123.486616 Y129.293103 Z41.594993 E0.073625
G1 X123.45602 Y129.174072 Z41.597828 E0.073598
G1 X123.428562 Y129.054326 Z41.600662 E0.07357
G1 X123.404257 Y128.933947 Z41.603496 E0.073542
G1 X123.383121 Y128.813019 Z41.606331 E0.073515
G1 X123.365165 Y128.691624 Z41.609165 E0.073487
G1 X123.350399 Y128.569847 Z41.612 E0.07346
;===== END GCODE - Bambu Lab A1 ===============================
M400 ; esperar a que terminen los movimientos pendientes
G91 ; coordenadas relativas
G1 E-2 F2100 ; retraer
G1 Z20 F1200 ; separar la boquilla de la pieza
G90 ; coordenadas absolutas
G1 X128.0 Y250.0 F6000 ; adelantar la cama para sacar la pieza
M104 S0 ; apagar boquilla
M140 S0 ; apagar cama
M106 S0 ; apagar ventilador
M84 ; desactivar motores
;===== FIN DEL END GCODE ======================================