;===== RECETA ==================================================
; Este archivo se generó con el comando de abajo. Volvé a correrlo
; para reproducirlo, o cambiale un número para variarlo.
; python -m lamparas.bowls zigzag --perfil ../../gcodes/reference/hongis.dxf
;     --perfil-desde 200 --perfil-hasta 241 --perfil-limitar --sin-base --boquilla 0.8
;     --altura-capa 0.8 --ancho-linea 1.0475 --velocidad 480 --material PETG --temperatura
;     245 --p mascara=ninguna --p amplitud=0 --p dientes=0 --segmentos 200 --nombre hongo2
;===============================================================
; Time to print!!!!!
; GCode created with FullControl - tell us what you're printing!
; info@fullcontrol.xyz or tag FullControlXYZ on Twitter/Instagram/LinkedIn/Reddit/TikTok
M83 ; relative extrusion
;===== START GCODE - Bambu Lab A1 =============================
; OJO: secuencia mínima escrita a mano, NO es la de Bambu Studio.
; Si algo no te cierra, reemplazá este bloque por el Machine start
; G-code que exporta Bambu Studio para tu A1.
G90 ; coordenadas absolutas
M83 ; extrusión relativa
M104 S245 ; empezar a calentar la boquilla
M140 S80 ; empezar a calentar la cama
M190 S80 ; esperar temperatura de cama
M109 S245 ; esperar temperatura de boquilla
G28 ; homing de todos los ejes
G29 ; nivelación automática de cama
G92 E0
; --- líneas de purga en el borde frontal de la cama ---
G1 Z0.8 F1200
G1 X20 Y5 F6000
G1 X200.0 Y5 E62.712 F1000 ; primera línea de purga
G1 Y5.8 F6000
G1 X20 Y5.8 E62.712 F1000 ; segunda línea de purga
G1 E-0.4 F2100 ; retracción corta
G1 Z2.8 F1200 ; levantar para no arrastrar
G92 E0
M106 S102 ; ventilador de capa
;===== FIN DEL START GCODE ====================================
M104 S245 ; temperatura de impresion
G0 F6000 X209.110985 Y128 Z0.8
G1 F480 X209.070961 Y130.547758 E0.147958
G1 X208.950931 Y133.093001 E0.147958
G1 X208.751011 Y135.633218 E0.147958
G1 X208.471401 Y138.165902 E0.147958
G1 X208.112374 Y140.688554 E0.147958
G1 X207.674286 Y143.198683 E0.147958
G1 X207.15757 Y145.693813 E0.147958
G1 X206.562734 Y148.171482 E0.147958
G1 X205.890367 Y150.629243 E0.147958
G1 X205.141131 Y153.064673 E0.147958
G1 X204.315766 Y155.475366 E0.147958
G1 X203.415086 Y157.858945 E0.147958
G1 X202.439982 Y160.213057 E0.147958
G1 X201.391413 Y162.535378 E0.147958
G1 X200.270417 Y164.823617 E0.147958
G1 X199.078098 Y167.075515 E0.147958
G1 X197.815634 Y169.288851 E0.147958
G1 X196.48427 Y171.461439 E0.147958
G1 X195.08532 Y173.591136 E0.147958
G1 X193.620165 Y175.675841 E0.147958
G1 X192.090251 Y177.713495 E0.147958
G1 X190.497088 Y179.702088 E0.147958
G1 X188.842248 Y181.639657 E0.147958
G1 X187.127363 Y183.52429 E0.147958
G1 X185.354127 Y185.354127 E0.147958
G1 X183.52429 Y187.127363 E0.147958
G1 X181.639657 Y188.842248 E0.147958
G1 X179.702088 Y190.497088 E0.147958
G1 X177.713495 Y192.090251 E0.147958
G1 X175.675841 Y193.620165 E0.147958
G1 X173.591136 Y195.08532 E0.147958
G1 X171.461439 Y196.48427 E0.147958
G1 X169.288851 Y197.815634 E0.147958
G1 X167.075515 Y199.078098 E0.147958
G1 X164.823617 Y200.270417 E0.147958
G1 X162.535378 Y201.391413 E0.147958
G1 X160.213057 Y202.439982 E0.147958
G1 X157.858945 Y203.415086 E0.147958
G1 X155.475366 Y204.315766 E0.147958
G1 X153.064673 Y205.141131 E0.147958
G1 X150.629243 Y205.890367 E0.147958
G1 X148.171482 Y206.562734 E0.147958
G1 X145.693813 Y207.15757 E0.147958
G1 X143.198683 Y207.674286 E0.147958
G1 X140.688554 Y208.112374 E0.147958
G1 X138.165902 Y208.471401 E0.147958
G1 X135.633218 Y208.751011 E0.147958
G1 X133.093001 Y208.950931 E0.147958
G1 X130.547758 Y209.070961 E0.147958
G1 X128 Y209.110985 E0.147958
G1 X125.452242 Y209.070961 E0.147958
G1 X122.906999 Y208.950931 E0.147958
G1 X120.366782 Y208.751011 E0.147958
G1 X117.834098 Y208.471401 E0.147958
G1 X115.311446 Y208.112374 E0.147958
G1 X112.801317 Y207.674286 E0.147958
G1 X110.306187 Y207.15757 E0.147958
G1 X107.828518 Y206.562734 E0.147958
G1 X105.370757 Y205.890367 E0.147958
G1 X102.935327 Y205.141131 E0.147958
G1 X100.524634 Y204.315766 E0.147958
G1 X98.141055 Y203.415086 E0.147958
G1 X95.786943 Y202.439982 E0.147958
G1 X93.464622 Y201.391413 E0.147958
G1 X91.176383 Y200.270417 E0.147958
G1 X88.924485 Y199.078098 E0.147958
G1 X86.711149 Y197.815634 E0.147958
G1 X84.538561 Y196.48427 E0.147958
G1 X82.408864 Y195.08532 E0.147958
G1 X80.324159 Y193.620165 E0.147958
G1 X78.286505 Y192.090251 E0.147958
G1 X76.297912 Y190.497088 E0.147958
G1 X74.360343 Y188.842248 E0.147958
G1 X72.47571 Y187.127363 E0.147958
G1 X70.645873 Y185.354127 E0.147958
G1 X68.872637 Y183.52429 E0.147958
G1 X67.157752 Y181.639657 E0.147958
G1 X65.502912 Y179.702088 E0.147958
G1 X63.909749 Y177.713495 E0.147958
G1 X62.379835 Y175.675841 E0.147958
G1 X60.91468 Y173.591136 E0.147958
G1 X59.51573 Y171.461439 E0.147958
G1 X58.184366 Y169.288851 E0.147958
G1 X56.921902 Y167.075515 E0.147958
G1 X55.729583 Y164.823617 E0.147958
G1 X54.608587 Y162.535378 E0.147958
G1 X53.560018 Y160.213057 E0.147958
G1 X52.584914 Y157.858945 E0.147958
G1 X51.684234 Y155.475366 E0.147958
G1 X50.858869 Y153.064673 E0.147958
G1 X50.109633 Y150.629243 E0.147958
G1 X49.437266 Y148.171482 E0.147958
G1 X48.84243 Y145.693813 E0.147958
G1 X48.325714 Y143.198683 E0.147958
G1 X47.887626 Y140.688554 E0.147958
G1 X47.528599 Y138.165902 E0.147958
G1 X47.248989 Y135.633218 E0.147958
G1 X47.049069 Y133.093001 E0.147958
G1 X46.929039 Y130.547758 E0.147958
G1 X46.889015 Y128 E0.147958
G1 X46.929039 Y125.452242 E0.147958
G1 X47.049069 Y122.906999 E0.147958
G1 X47.248989 Y120.366782 E0.147958
G1 X47.528599 Y117.834098 E0.147958
G1 X47.887626 Y115.311446 E0.147958
G1 X48.325714 Y112.801317 E0.147958
G1 X48.84243 Y110.306187 E0.147958
G1 X49.437266 Y107.828518 E0.147958
G1 X50.109633 Y105.370757 E0.147958
G1 X50.858869 Y102.935327 E0.147958
G1 X51.684234 Y100.524634 E0.147958
G1 X52.584914 Y98.141055 E0.147958
G1 X53.560018 Y95.786943 E0.147958
G1 X54.608587 Y93.464622 E0.147958
G1 X55.729583 Y91.176383 E0.147958
G1 X56.921902 Y88.924485 E0.147958
G1 X58.184366 Y86.711149 E0.147958
G1 X59.51573 Y84.538561 E0.147958
G1 X60.91468 Y82.408864 E0.147958
G1 X62.379835 Y80.324159 E0.147958
G1 X63.909749 Y78.286505 E0.147958
G1 X65.502912 Y76.297912 E0.147958
G1 X67.157752 Y74.360343 E0.147958
G1 X68.872637 Y72.47571 E0.147958
G1 X70.645873 Y70.645873 E0.147958
G1 X72.47571 Y68.872637 E0.147958
G1 X74.360343 Y67.157752 E0.147958
G1 X76.297912 Y65.502912 E0.147958
G1 X78.286505 Y63.909749 E0.147958
G1 X80.324159 Y62.379835 E0.147958
G1 X82.408864 Y60.91468 E0.147958
G1 X84.538561 Y59.51573 E0.147958
G1 X86.711149 Y58.184366 E0.147958
G1 X88.924485 Y56.921902 E0.147958
G1 X91.176383 Y55.729583 E0.147958
G1 X93.464622 Y54.608587 E0.147958
G1 X95.786943 Y53.560018 E0.147958
G1 X98.141055 Y52.584914 E0.147958
G1 X100.524634 Y51.684234 E0.147958
G1 X102.935327 Y50.858869 E0.147958
G1 X105.370757 Y50.109633 E0.147958
G1 X107.828518 Y49.437266 E0.147958
G1 X110.306187 Y48.84243 E0.147958
G1 X112.801317 Y48.325714 E0.147958
G1 X115.311446 Y47.887626 E0.147958
G1 X117.834098 Y47.528599 E0.147958
G1 X120.366782 Y47.248989 E0.147958
G1 X122.906999 Y47.049069 E0.147958
G1 X125.452242 Y46.929039 E0.147958
G1 X128 Y46.889015 E0.147958
G1 X130.547758 Y46.929039 E0.147958
G1 X133.093001 Y47.049069 E0.147958
G1 X135.633218 Y47.248989 E0.147958
G1 X138.165902 Y47.528599 E0.147958
G1 X140.688554 Y47.887626 E0.147958
G1 X143.198683 Y48.325714 E0.147958
G1 X145.693813 Y48.84243 E0.147958
G1 X148.171482 Y49.437266 E0.147958
G1 X150.629243 Y50.109633 E0.147958
G1 X153.064673 Y50.858869 E0.147958
G1 X155.475366 Y51.684234 E0.147958
G1 X157.858945 Y52.584914 E0.147958
G1 X160.213057 Y53.560018 E0.147958
G1 X162.535378 Y54.608587 E0.147958
G1 X164.823617 Y55.729583 E0.147958
G1 X167.075515 Y56.921902 E0.147958
G1 X169.288851 Y58.184366 E0.147958
G1 X171.461439 Y59.51573 E0.147958
G1 X173.591136 Y60.91468 E0.147958
G1 X175.675841 Y62.379835 E0.147958
G1 X177.713495 Y63.909749 E0.147958
G1 X179.702088 Y65.502912 E0.147958
G1 X181.639657 Y67.157752 E0.147958
G1 X183.52429 Y68.872637 E0.147958
G1 X185.354127 Y70.645873 E0.147958
G1 X187.127363 Y72.47571 E0.147958
G1 X188.842248 Y74.360343 E0.147958
G1 X190.497088 Y76.297912 E0.147958
G1 X192.090251 Y78.286505 E0.147958
G1 X193.620165 Y80.324159 E0.147958
G1 X195.08532 Y82.408864 E0.147958
G1 X196.48427 Y84.538561 E0.147958
G1 X197.815634 Y86.711149 E0.147958
G1 X199.078098 Y88.924485 E0.147958
G1 X200.270417 Y91.176383 E0.147958
G1 X201.391413 Y93.464622 E0.147958
G1 X202.439982 Y95.786943 E0.147958
G1 X203.415086 Y98.141055 E0.147958
G1 X204.315766 Y100.524634 E0.147958
G1 X205.141131 Y102.935327 E0.147958
G1 X205.890367 Y105.370757 E0.147958
G1 X206.562734 Y107.828518 E0.147958
G1 X207.15757 Y110.306187 E0.147958
G1 X207.674286 Y112.801317 E0.147958
G1 X208.112374 Y115.311446 E0.147958
G1 X208.471401 Y117.834098 E0.147958
G1 X208.751011 Y120.366782 E0.147958
G1 X208.950931 Y122.906999 E0.147958
G1 X209.070961 Y125.452242 E0.147958
G1 X209.110985 Y128 E0.147958
G1 X208.904505 Z0.933333 E0.026829
G1 X208.864273 Y130.541262 Z0.934587 E0.277426
G1 X208.744238 Y133.079997 Z0.93584 E0.277425
G1 X208.54452 Y135.613699 Z0.937093 E0.277424
G1 X208.265316 Y138.139867 Z0.938346 E0.277423
G1 X207.906902 Y140.65601 Z0.939599 E0.277422
G1 X207.469607 Y143.159638 Z0.940853 E0.277421
G1 X206.953877 Y145.648282 Z0.942106 E0.27742
G1 X206.360233 Y148.119488 Z0.943359 E0.277418
G1 X205.689263 Y150.570817 Z0.944612 E0.277417
G1 X204.941629 Y152.999851 Z0.945865 E0.277416
G1 X204.11807 Y155.404191 Z0.947119 E0.277415
G1 X203.219399 Y157.781467 Z0.948372 E0.277414
G1 X202.246503 Y160.129331 Z0.949625 E0.277412
G1 X201.200344 Y162.445467 Z0.950878 E0.277411
G1 X200.081955 Y164.72759 Z0.952132 E0.27741
G1 X198.892439 Y166.973448 Z0.953385 E0.277409
G1 X197.632971 Y169.180824 Z0.954638 E0.277408
G1 X196.304795 Y171.347541 Z0.955891 E0.277406
G1 X194.909223 Y173.471461 Z0.957144 E0.277405
G1 X193.447631 Y175.550488 Z0.958398 E0.277404
G1 X191.921464 Y177.58257 Z0.959651 E0.277403
G1 X190.332227 Y179.565703 Z0.960904 E0.277402
G1 X188.68149 Y181.49793 Z0.962157 E0.2774
G1 X186.970882 Y183.377344 Z0.96341 E0.277399
G1 X185.202092 Y185.202092 Z0.964664 E0.277398
G1 X183.376865 Y186.970372 Z0.965917 E0.277397
G1 X181.497005 Y188.680441 Z0.96717 E0.277396
G1 X179.564366 Y190.330611 Z0.968423 E0.277394
G1 X177.580856 Y191.919254 Z0.969677 E0.277393
G1 X175.548433 Y193.444804 Z0.97093 E0.277392
G1 X173.469103 Y194.905754 Z0.972183 E0.277391
G1 X171.344919 Y196.300664 Z0.973436 E0.27739
G1 X169.177978 Y197.628158 Z0.974689 E0.277388
G1 X166.970417 Y198.886926 Z0.975943 E0.277387
G1 X164.724417 Y200.075726 Z0.977196 E0.277386
G1 X162.442193 Y201.193387 Z0.978449 E0.277385
G1 X160.126 Y202.238805 Z0.979702 E0.277384
G1 X157.778121 Y203.210949 Z0.980955 E0.277382
G1 X155.400876 Y204.108862 Z0.982209 E0.277381
G1 X152.996611 Y204.931657 Z0.983462 E0.27738
G1 X150.567697 Y205.678522 Z0.984715 E0.277379
G1 X148.116533 Y206.348723 Z0.985968 E0.277378
G1 X145.645538 Y206.941597 Z0.987222 E0.277376
G1 X143.15715 Y207.45656 Z0.988475 E0.277375
G1 X140.653825 Y207.893106 Z0.989728 E0.277374
G1 X138.138034 Y208.250803 Z0.990981 E0.277373
G1 X135.61226 Y208.529299 Z0.992234 E0.277372
G1 X133.078995 Y208.728321 Z0.993488 E0.27737
G1 X130.54074 Y208.847672 Z0.994741 E0.277369
G1 X128 Y208.887236 Z0.995994 E0.277368
G1 X125.459282 Y208.846973 Z0.997247 E0.277367
G1 X122.921092 Y208.726926 Z0.9985 E0.277366
G1 X120.387937 Y208.527211 Z0.999754 E0.277364
G1 X117.862316 Y208.248029 Z1.001007 E0.277363
G1 X115.346722 Y207.889654 Z1.00226 E0.277362
G1 X112.843636 Y207.45244 Z1.003513 E0.277361
G1 X110.35553 Y206.936821 Z1.004767 E0.27736
G1 X107.884858 Y206.343306 Z1.00602 E0.277358
G1 X105.434058 Y205.672481 Z1.007273 E0.277357
G1 X103.00555 Y204.925008 Z1.008526 E0.277356
G1 X100.601728 Y204.101627 Z1.009779 E0.277355
G1 X98.224967 Y203.20315 Z1.011033 E0.277354
G1 X95.87761 Y202.230465 Z1.012286 E0.277352
G1 X93.561974 Y201.184532 Z1.013539 E0.277351
G1 X91.280344 Y200.066383 Z1.014792 E0.27735
G1 X89.034971 Y198.877124 Z1.016045 E0.277349
G1 X86.828072 Y197.617929 Z1.017299 E0.277348
G1 X84.661823 Y196.29004 Z1.018552 E0.277346
G1 X82.538362 Y194.894769 Z1.019805 E0.277345
G1 X80.459785 Y193.433493 Z1.021058 E0.277344
G1 X78.428141 Y191.907655 Z1.022312 E0.277343
G1 X76.445437 Y190.318761 Z1.023565 E0.277342
G1 X74.513628 Y188.668381 Z1.024818 E0.27734
G1 X72.634619 Y186.958142 Z1.026071 E0.277339
G1 X70.810266 Y185.189734 Z1.027324 E0.277338
G1 X69.042367 Y183.364902 Z1.028578 E0.277337
G1 X67.332668 Y181.485448 Z1.029831 E0.277336
G1 X65.682854 Y179.553226 Z1.031084 E0.277334
G1 X64.094554 Y177.570145 Z1.032337 E0.277333
G1 X62.569335 Y175.538161 Z1.03359 E0.277332
G1 X61.1087 Y173.45928 Z1.034844 E0.277331
G1 X59.714092 Y171.335555 Z1.036097 E0.27733
G1 X58.386885 Y169.169082 Z1.03735 E0.277328
G1 X57.128389 Y166.961998 Z1.038603 E0.277327
G1 X55.939845 Y164.716483 Z1.039857 E0.277326
G1 X54.822426 Y162.434752 Z1.04111 E0.277325
G1 X53.777234 Y160.119059 Z1.042363 E0.277324
G1 X52.805299 Y157.771688 Z1.043616 E0.277322
G1 X51.907581 Y155.394957 Z1.044869 E0.277321
G1 X51.084964 Y152.99121 Z1.046123 E0.27732
G1 X50.33826 Y150.562821 Z1.047376 E0.277319
G1 X49.668204 Y148.112187 Z1.048629 E0.277318
G1 X49.075458 Y145.641725 Z1.049882 E0.277316
G1 X48.560606 Y143.153875 Z1.051135 E0.277315
G1 X48.124155 Y140.651091 Z1.052389 E0.277314
G1 X47.766535 Y138.135844 Z1.053642 E0.277313
G1 X47.488099 Y135.610615 Z1.054895 E0.277312
G1 X47.289121 Y133.077898 Z1.056148 E0.27731
G1 X47.169795 Y130.540192 Z1.057402 E0.277309
G1 X47.13024 Y128 Z1.058655 E0.277308
G1 X47.170494 Y125.45983 Z1.059908 E0.277307
G1 X47.290516 Y122.92219 Z1.061161 E0.277306
G1 X47.490187 Y120.389582 Z1.062414 E0.277304
G1 X47.76931 Y117.864507 Z1.063668 E0.277303
G1 X48.127607 Y115.349456 Z1.064921 E0.277302
G1 X48.564726 Y112.846911 Z1.066174 E0.277301
G1 X49.080234 Y110.359342 Z1.067427 E0.2773
G1 X49.673621 Y107.889204 Z1.06868 E0.277298
G1 X50.344301 Y105.438934 Z1.069934 E0.277297
G1 X51.091612 Y103.01095 Z1.071187 E0.277296
G1 X51.914816 Y100.607648 Z1.07244 E0.277295
G1 X52.813099 Y98.2314 Z1.073693 E0.277294
G1 X53.785574 Y95.88455 Z1.074947 E0.277292
G1 X54.831281 Y93.569414 Z1.0762 E0.277291
G1 X55.949188 Y91.288278 Z1.077453 E0.27729
G1 X57.13819 Y89.04339 Z1.078706 E0.277289
G1 X58.397113 Y86.836968 Z1.079959 E0.277288
G1 X59.724715 Y84.671187 Z1.081213 E0.277286
G1 X61.119685 Y82.548185 Z1.082466 E0.277285
G1 X62.580645 Y80.470057 Z1.083719 E0.277284
G1 X64.106154 Y78.438853 Z1.084972 E0.277283
G1 X65.694704 Y76.456577 Z1.086225 E0.277282
G1 X67.344728 Y74.525185 Z1.087479 E0.27728
G1 X69.054597 Y72.646582 Z1.088732 E0.277279
G1 X70.822623 Y70.822623 Z1.089985 E0.277278
G1 X72.647061 Y69.055107 Z1.091238 E0.277277
G1 X74.526109 Y67.345777 Z1.092492 E0.277276
G1 X76.457913 Y65.69632 Z1.093745 E0.277275
G1 X78.440566 Y64.108363 Z1.094998 E0.277273
G1 X80.472111 Y62.583473 Z1.096251 E0.277272
G1 X82.550543 Y61.123154 Z1.097504 E0.277271
G1 X84.673809 Y59.728847 Z1.098758 E0.27727
G1 X86.839814 Y58.401927 Z1.100011 E0.277269
G1 X89.046421 Y57.143703 Z1.101264 E0.277267
G1 X91.291451 Y55.955416 Z1.102517 E0.277266
G1 X93.572688 Y54.838239 Z1.10377 E0.277265
G1 X95.887882 Y53.793273 Z1.105024 E0.277264
G1 X98.234745 Y52.821548 Z1.106277 E0.277263
G1 X100.610963 Y51.924024 Z1.10753 E0.277261
G1 X103.01419 Y51.101585 Z1.108783 E0.27726
G1 X105.442054 Y50.355042 Z1.110037 E0.277259
G1 X107.892159 Y49.685131 Z1.11129 E0.277258
G1 X110.362087 Y49.092513 Z1.112543 E0.277257
G1 X112.8494 Y48.577772 Z1.113796 E0.277255
G1 X115.351643 Y48.141416 Z1.115049 E0.277254
G1 X117.866347 Y47.783874 Z1.116303 E0.277253
G1 X120.391029 Y47.505498 Z1.117556 E0.277252
G1 X122.923199 Y47.306562 Z1.118809 E0.277251
G1 X125.460357 Y47.187263 Z1.120062 E0.277249
G1 X128 Y47.147716 Z1.121315 E0.277248
G1 X130.539621 Y47.187961 Z1.122569 E0.277247
G1 X133.076713 Y47.307957 Z1.123822 E0.277246
G1 X135.608773 Y47.507585 Z1.125075 E0.277245
G1 X138.133303 Y47.786648 Z1.126328 E0.277243
G1 X140.64781 Y48.144868 Z1.127582 E0.277242
G1 X143.149814 Y48.581892 Z1.128835 E0.277241
G1 X145.636846 Y49.097289 Z1.130088 E0.27724
G1 X148.10645 Y49.690548 Z1.131341 E0.277239
G1 X150.55619 Y50.361083 Z1.132594 E0.277237
G1 X152.98365 Y51.108233 Z1.133848 E0.277236
G1 X155.386432 Y51.931258 Z1.135101 E0.277235
G1 X157.762167 Y52.829347 Z1.136354 E0.277234
G1 X160.108509 Y53.801613 Z1.137607 E0.277233
G1 X162.423145 Y54.847094 Z1.13886 E0.277231
G1 X164.703789 Y55.964759 Z1.140114 E0.27723
G1 X166.948191 Y57.153504 Z1.141367 E0.277229
G1 X169.154136 Y58.412156 Z1.14262 E0.277228
G1 X171.319449 Y59.739471 Z1.143873 E0.277227
G1 X173.441992 Y61.134139 Z1.145127 E0.277225
G1 X175.519671 Y62.594784 Z1.14638 E0.277224
G1 X177.550436 Y64.119962 Z1.147633 E0.277223
G1 X179.532284 Y65.708169 Z1.148886 E0.277222
G1 X181.463258 Y67.357837 Z1.150139 E0.277221
G1 X183.341455 Y69.067337 Z1.151393 E0.277219
G1 X185.165019 Y70.834981 Z1.152646 E0.277218
G1 X186.932154 Y72.659024 Z1.153899 E0.277217
G1 X188.641114 Y74.537666 Z1.155152 E0.277216
G1 X190.290215 Y76.469053 Z1.156405 E0.277215
G1 X191.877828 Y78.451277 Z1.157659 E0.277213
G1 X193.402389 Y80.482383 Z1.158912 E0.277212
G1 X194.862392 Y82.560365 Z1.160165 E0.277211
G1 X196.256398 Y84.683173 Z1.161418 E0.27721
G1 X197.583031 Y86.84871 Z1.162672 E0.277209
G1 X198.840983 Y89.05484 Z1.163925 E0.277207
G1 X200.029013 Y91.299385 Z1.165178 E0.277206
G1 X201.145948 Y93.580129 Z1.166431 E0.277205
G1 X202.190689 Y95.894822 Z1.167684 E0.277204
G1 X203.162203 Y98.241179 Z1.168938 E0.277203
G1 X204.059534 Y100.616883 Z1.170191 E0.277201
G1 X204.881795 Y103.019591 Z1.171444 E0.2772
G1 X205.628176 Y105.44693 Z1.172697 E0.277199
G1 X206.297942 Y107.896505 Z1.17395 E0.277198
G1 X206.890432 Y110.365899 Z1.175204 E0.277197
G1 X207.405061 Y112.852674 Z1.176457 E0.277195
G1 X207.841323 Y115.354377 Z1.17771 E0.277194
G1 X208.198788 Y117.868537 Z1.178963 E0.277193
G1 X208.477103 Y120.392674 Z1.180217 E0.277192
G1 X208.675994 Y122.924297 Z1.18147 E0.277191
G1 X208.795267 Y125.460906 Z1.182723 E0.277189
G1 X208.834803 Y128 Z1.183976 E0.277188
G1 X208.527114 E0.0467
G1 X208.486729 Y130.529397 Z1.185719 E0.383951
G1 X208.366914 Y133.056258 Z1.187461 E0.383948
G1 X208.167787 Y135.578087 Z1.189204 E0.383945
G1 X207.889549 Y138.092397 Z1.190946 E0.383942
G1 X207.532474 Y140.596706 Z1.192689 E0.383939
G1 X207.096917 Y143.088544 Z1.194431 E0.383936
G1 X206.583308 Y145.56545 Z1.196174 E0.383933
G1 X205.992155 Y148.024982 Z1.197917 E0.38393
G1 X205.324043 Y150.464711 Z1.199659 E0.383927
G1 X204.579632 Y152.882231 Z1.201402 E0.383923
G1 X203.759659 Y155.275156 Z1.203144 E0.38392
G1 X202.864934 Y157.641124 Z1.204887 E0.383917
G1 X201.896342 Y159.977803 Z1.206629 E0.383914
G1 X200.854839 Y162.282885 Z1.208372 E0.383911
G1 X199.741453 Y164.554096 Z1.210114 E0.383908
G1 X198.557286 Y166.789196 Z1.211857 E0.383905
G1 X197.303507 Y168.98598 Z1.2136 E0.383902
G1 X195.981355 Y171.14228 Z1.215342 E0.383898
G1 X194.592135 Y173.255968 Z1.217085 E0.383895
G1 X193.13722 Y175.32496 Z1.218827 E0.383892
G1 X191.618045 Y177.347214 Z1.22057 E0.383889
G1 X190.036113 Y179.320736 Z1.222312 E0.383886
G1 X188.392984 Y181.243578 Z1.224055 E0.383883
G1 X186.690283 Y183.113844 Z1.225797 E0.38388
G1 X184.929689 Y184.929689 Z1.22754 E0.383877
G1 X183.112941 Y186.689321 Z1.229283 E0.383873
G1 X181.241833 Y188.391005 Z1.231025 E0.38387
G1 X179.318213 Y190.033063 Z1.232768 E0.383867
G1 X177.34398 Y191.613876 Z1.23451 E0.383864
G1 X175.321083 Y193.131883 Z1.236253 E0.383861
G1 X173.25152 Y194.585589 Z1.237995 E0.383858
G1 X171.137332 Y195.973559 Z1.239738 E0.383854
G1 X168.980608 Y197.294424 Z1.24148 E0.383851
G1 X166.783477 Y198.546882 Z1.243223 E0.383848
G1 X164.548107 Y199.729699 Z1.244965 E0.383845
G1 X162.276707 Y200.841709 Z1.246708 E0.383842
G1 X159.971516 Y201.881815 Z1.248451 E0.383839
G1 X157.634812 Y202.84899 Z1.250193 E0.383836
G1 X155.2689 Y203.742283 Z1.251936 E0.383832
G1 X152.876116 Y204.560813 Z1.253678 E0.383829
G1 X150.458823 Y205.303774 Z1.255421 E0.383826
G1 X148.019405 Y205.970434 Z1.257163 E0.383823
G1 X145.560271 Y206.560136 Z1.258906 E0.38382
G1 X143.083847 Y207.072298 Z1.260648 E0.383816
G1 X140.592579 Y207.506416 Z1.262391 E0.383813
G1 X138.088925 Y207.862066 Z1.264134 E0.38381
G1 X135.575356 Y208.138895 Z1.265876 E0.383807
G1 X133.054353 Y208.336633 Z1.267619 E0.383804
G1 X130.528403 Y208.455086 Z1.269361 E0.383801
G1 X128 Y208.494139 Z1.271104 E0.383797
G1 X125.471639 Y208.453753 Z1.272846 E0.383794
G1 X122.945815 Y208.33397 Z1.274589 E0.383791
G1 X120.425021 Y208.13491 Z1.276331 E0.383788
G1 X117.911744 Y207.856771 Z1.278074 E0.383785
G1 X115.408464 Y207.499828 Z1.279817 E0.383781
G1 X112.917652 Y207.064434 Z1.281559 E0.383778
G1 X110.441766 Y206.551022 Z1.283302 E0.383775
G1 X107.983249 Y205.960098 Z1.285044 E0.383772
G1 X105.544526 Y205.292248 Z1.286787 E0.383769
G1 X103.128005 Y204.548131 Z1.288529 E0.383766
G1 X100.736069 Y203.728483 Z1.290272 E0.383762
G1 X98.371078 Y202.834114 Z1.292014 E0.383759
G1 X96.035367 Y201.865909 Z1.293757 E0.383756
G1 X93.731239 Y200.824824 Z1.2955 E0.383753
G1 X91.460969 Y199.711887 Z1.297242 E0.38375
G1 X89.226795 Y198.528198 Z1.298985 E0.383747
G1 X87.030922 Y197.274927 Z1.300727 E0.383743
G1 X84.875518 Y195.953311 Z1.30247 E0.38374
G1 X82.762707 Y194.564656 Z1.304212 E0.383737
G1 X80.694574 Y193.110332 Z1.305955 E0.383734
G1 X78.673161 Y191.591778 Z1.307697 E0.383731
G1 X76.70046 Y190.010492 Z1.30944 E0.383727
G1 X74.778417 Y188.368036 Z1.311182 E0.383724
G1 X72.90893 Y186.666031 Z1.312925 E0.383721
G1 X71.093841 Y184.906159 Z1.314668 E0.383718
G1 X69.334942 Y183.090157 Z1.31641 E0.383715
G1 X67.633966 Y181.219818 Z1.318153 E0.383712
G1 X65.992592 Y179.296989 Z1.319895 E0.383708
G1 X64.412439 Y177.323568 Z1.321638 E0.383705
G1 X62.895064 Y175.301505 Z1.32338 E0.383702
G1 X61.441965 Y173.232794 Z1.325123 E0.383699
G1 X60.054574 Y171.119478 Z1.326865 E0.383696
G1 X58.73426 Y168.963644 Z1.328608 E0.383692
G1 X57.482324 Y166.76742 Z1.330351 E0.383689
G1 X56.3 Y164.532975 Z1.332093 E0.383686
G1 X55.188455 Y162.262512 Z1.333836 E0.383683
G1 X54.148784 Y159.958275 Z1.335578 E0.38368
G1 X53.182012 Y157.622537 Z1.337321 E0.383677
G1 X52.289091 Y155.257604 Z1.339063 E0.383673
G1 X51.470902 Y152.865811 Z1.340806 E0.38367
G1 X50.728251 Y150.449518 Z1.342548 E0.383667
G1 X50.06187 Y148.011111 Z1.344291 E0.383664
G1 X49.472415 Y145.552995 Z1.346034 E0.383661
G1 X48.960466 Y143.077598 Z1.347776 E0.383657
G1 X48.526527 Y140.587362 Z1.349519 E0.383654
G1 X48.171025 Y138.084745 Z1.351261 E0.383651
G1 X47.894311 Y135.572217 Z1.353004 E0.383648
G1 X47.696655 Y133.052258 Z1.354746 E0.383645
G1 X47.578251 Y130.527355 Z1.356489 E0.383642
G1 X47.539215 Y128 Z1.358231 E0.383638
G1 X47.579585 Y125.472687 Z1.359974 E0.383635
G1 X47.699318 Y122.947909 Z1.361716 E0.383632
G1 X47.898296 Y120.42816 Z1.363459 E0.383629
G1 X48.17632 Y117.915924 Z1.365202 E0.383626
G1 X48.533116 Y115.413682 Z1.366944 E0.383622
G1 X48.968329 Y112.923902 Z1.368687 E0.383619
G1 X49.481529 Y110.449042 Z1.370429 E0.383616
G1 X50.072208 Y107.991544 Z1.372172 E0.383613
G1 X50.739782 Y105.553832 Z1.373914 E0.38361
G1 X51.483591 Y103.138312 Z1.375657 E0.383607
G1 X52.302899 Y100.747367 Z1.377399 E0.383603
G1 X53.196897 Y98.383357 Z1.379142 E0.3836
G1 X54.164702 Y96.048613 Z1.380885 E0.383597
G1 X55.205356 Y93.745441 Z1.382627 E0.383594
G1 X56.317832 Y91.476111 Z1.38437 E0.383591
G1 X57.50103 Y89.242863 Z1.386112 E0.383587
G1 X58.753782 Y87.047901 Z1.387855 E0.383584
G1 X60.074851 Y84.89339 Z1.389597 E0.383581
G1 X61.462931 Y82.781455 Z1.39134 E0.383578
G1 X62.916652 Y80.714179 Z1.393082 E0.383575
G1 X64.434577 Y78.693604 Z1.394825 E0.383572
G1 X66.015208 Y76.72172 Z1.396568 E0.383568
G1 X67.656984 Y74.800475 Z1.39831 E0.383565
G1 X69.358283 Y72.931762 Z1.400053 E0.383562
G1 X71.117426 Y71.117426 Z1.401795 E0.383559
G1 X72.932676 Y69.359256 Z1.403538 E0.383556
G1 X74.802239 Y67.658985 Z1.40528 E0.383552
G1 X76.724272 Y66.018292 Z1.407023 E0.383549
G1 X78.696874 Y64.438794 Z1.408765 E0.383546
G1 X80.7181 Y62.922048 Z1.410508 E0.383543
G1 X82.785954 Y61.469552 Z1.41225 E0.38354
G1 X84.898394 Y60.082736 Z1.413993 E0.383537
G1 X87.053334 Y58.762969 Z1.415736 E0.383533
G1 X89.248648 Y57.511552 Z1.417478 E0.38353
G1 X91.482168 Y56.329719 Z1.419221 E0.383527
G1 X93.751689 Y55.218635 Z1.420963 E0.383524
G1 X96.054972 Y54.179395 Z1.422706 E0.383521
G1 X98.389741 Y53.213023 Z1.424448 E0.383518
G1 X100.753694 Y52.320473 Z1.426191 E0.383514
G1 X103.144496 Y51.502624 Z1.427933 E0.383511
G1 X105.559787 Y50.760281 Z1.429676 E0.383508
G1 X107.997184 Y50.094176 Z1.431419 E0.383505
G1 X110.454281 Y49.504965 Z1.433161 E0.383502
G1 X112.928652 Y48.993229 Z1.434904 E0.383498
G1 X115.417856 Y48.55947 Z1.436646 E0.383495
G1 X117.919436 Y48.204116 Z1.438389 E0.383492
G1 X120.430922 Y47.927517 Z1.440131 E0.383489
G1 X122.949836 Y47.729943 Z1.441874 E0.383486
G1 X125.473692 Y47.611589 Z1.443616 E0.383483
G1 X128 Y47.572569 Z1.445359 E0.383479
G1 X130.526266 Y47.612922 Z1.447102 E0.383476
G1 X133.049996 Y47.732606 Z1.448844 E0.383473
G1 X135.568701 Y47.931502 Z1.450587 E0.38347
G1 X138.079896 Y48.209411 Z1.452329 E0.383467
G1 X140.5811 Y48.566059 Z1.454072 E0.383463
G1 X143.069848 Y49.001092 Z1.455814 E0.38346
G1 X145.543682 Y49.51408 Z1.457557 E0.383457
G1 X148.000161 Y50.104514 Z1.459299 E0.383454
G1 X150.436863 Y50.771812 Z1.461042 E0.383451
G1 X152.851381 Y51.515312 Z1.462785 E0.383448
G1 X155.241335 Y52.334281 Z1.464527 E0.383444
G1 X157.604365 Y53.227909 Z1.46627 E0.383441
G1 X159.93814 Y54.195312 Z1.468012 E0.383438
G1 X162.240358 Y55.235535 Z1.469755 E0.383435
G1 X164.508747 Y56.34755 Z1.471497 E0.383432
G1 X166.741068 Y57.530258 Z1.47324 E0.383428
G1 X168.93512 Y58.782492 Z1.474982 E0.383425
G1 X171.088738 Y60.103013 Z1.476725 E0.383422
G1 X173.199798 Y61.490517 Z1.478467 E0.383419
G1 X175.266216 Y62.943635 Z1.48021 E0.383416
G1 X177.285953 Y64.460932 Z1.481953 E0.383413
G1 X179.257019 Y66.040908 Z1.483695 E0.383409
G1 X181.177468 Y67.682003 Z1.485438 E0.383406
G1 X183.045405 Y69.382597 Z1.48718 E0.383403
G1 X184.858989 Y71.141011 Z1.488923 E0.3834
G1 X186.61643 Y72.955508 Z1.490665 E0.383397
G1 X188.315996 Y74.824297 Z1.492408 E0.383393
G1 X189.956008 Y76.745532 Z1.49415 E0.38339
G1 X191.534852 Y78.717317 Z1.495893 E0.383387
G1 X193.050968 Y80.737705 Z1.497636 E0.383384
G1 X194.502862 Y82.804702 Z1.499378 E0.383381
G1 X195.889102 Y84.916266 Z1.501121 E0.383378
G1 X197.208322 Y87.070313 Z1.502863 E0.383374
G1 X198.459219 Y89.264716 Z1.504606 E0.383371
G1 X199.640562 Y91.49731 Z1.506348 E0.383368
G1 X200.751186 Y93.765891 Z1.508091 E0.383365
G1 X201.789994 Y96.068218 Z1.509833 E0.383362
G1 X202.755965 Y98.40202 Z1.511576 E0.383358
G1 X203.648145 Y100.764992 Z1.513319 E0.383355
G1 X204.465655 Y103.154803 Z1.515061 E0.383352
G1 X205.207689 Y105.569093 Z1.516804 E0.383349
G1 X205.873518 Y108.005479 Z1.518546 E0.383346
G1 X206.462484 Y110.461557 Z1.520289 E0.383343
G1 X206.974008 Y112.934902 Z1.522031 E0.383339
G1 X207.407586 Y115.423074 Z1.523774 E0.383336
G1 X207.762792 Y117.923616 Z1.525516 E0.383333
G1 X208.039277 Y120.434061 Z1.527259 E0.38333
G1 X208.236769 Y122.95193 Z1.529001 E0.383327
G1 X208.355074 Y125.47474 Z1.530744 E0.383323
G1 X208.394077 Y128 Z1.532487 E0.38332
G1 X208.159822 E0.047179
G1 X208.119273 Y130.51785 Z1.534799 E0.507165
G1 X207.999657 Y133.033152 Z1.537111 E0.507159
G1 X207.801096 Y135.543425 Z1.539424 E0.507153
G1 X207.523786 Y138.04619 Z1.541736 E0.507147
G1 X207.168004 Y140.53898 Z1.544048 E0.50714
G1 X206.734102 Y143.019333 Z1.54636 E0.507134
G1 X206.222511 Y145.484803 Z1.548673 E0.507128
G1 X205.633738 Y147.932956 Z1.550985 E0.507121
G1 X204.968364 Y150.361377 Z1.553297 E0.507115
G1 X204.22705 Y152.76767 Z1.55561 E0.507109
G1 X203.410529 Y155.149461 Z1.557922 E0.507102
G1 X202.519607 Y157.5044 Z1.560234 E0.507096
G1 X201.555167 Y159.830163 Z1.562547 E0.50709
G1 X200.518161 Y162.124456 Z1.564859 E0.507083
G1 X199.409615 Y164.385016 Z1.567171 E0.507077
G1 X198.230625 Y166.609613 Z1.569483 E0.507071
G1 X196.982356 Y168.796052 Z1.571796 E0.507065
G1 X195.666042 Y170.942176 Z1.574108 E0.507058
G1 X194.282983 Y173.045869 Z1.57642 E0.507052
G1 X192.834545 Y175.105055 Z1.578733 E0.507046
G1 X191.322161 Y177.117703 Z1.581045 E0.507039
G1 X189.747324 Y179.081829 Z1.583357 E0.507033
G1 X188.111589 Y180.995495 Z1.58567 E0.507027
G1 X186.416573 Y182.856814 Z1.587982 E0.50702
G1 X184.66395 Y184.66395 Z1.590294 E0.507014
G1 X182.85545 Y186.415121 Z1.592607 E0.507008
G1 X180.99286 Y188.108601 Z1.594919 E0.507002
G1 X179.07802 Y189.74272 Z1.597231 E0.506995
G1 X177.11282 Y191.315866 Z1.599543 E0.506989
G1 X175.099201 Y192.826489 Z1.601856 E0.506983
G1 X173.039152 Y194.273099 Z1.604168 E0.506976
G1 X170.934706 Y195.65427 Z1.60648 E0.50697
G1 X168.787941 Y196.968642 Z1.608793 E0.506964
G1 X166.600977 Y198.214917 Z1.611105 E0.506957
G1 X164.375974 Y199.391869 Z1.613417 E0.506951
G1 X162.115128 Y200.498337 Z1.61573 E0.506945
G1 X159.820671 Y201.533232 Z1.618042 E0.506939
G1 X157.494868 Y202.495533 Z1.620354 E0.506932
G1 X155.140016 Y203.384293 Z1.622667 E0.506926
G1 X152.758438 Y204.198637 Z1.624979 E0.50692
G1 X150.352486 Y204.937763 Z1.627291 E0.506913
G1 X147.924536 Y205.600943 Z1.629603 E0.506907
G1 X145.476982 Y206.187524 Z1.631916 E0.506901
G1 X143.012242 Y206.696931 Z1.634228 E0.506894
G1 X140.532749 Y207.128661 Z1.63654 E0.506888
G1 X138.040948 Y207.482291 Z1.638853 E0.506882
G1 X135.539301 Y207.757473 Z1.641165 E0.506876
G1 X133.030275 Y207.953939 Z1.643477 E0.506869
G1 X130.516348 Y208.071496 Z1.64579 E0.506863
G1 X128 Y208.110027 Z1.648102 E0.506857
G1 X125.483715 Y208.069499 Z1.650414 E0.50685
G1 X122.969975 Y207.949954 Z1.652727 E0.506844
G1 X120.461262 Y207.751512 Z1.655039 E0.506838
G1 X117.960052 Y207.474371 Z1.657351 E0.506831
G1 X115.468812 Y207.118806 Z1.659663 E0.506825
G1 X112.990002 Y206.685168 Z1.661976 E0.506819
G1 X110.526066 Y206.173888 Z1.664288 E0.506812
G1 X108.079436 Y205.585474 Z1.6666 E0.506806
G1 X105.652527 Y204.920507 Z1.668913 E0.5068
G1 X103.247732 Y204.179648 Z1.671225 E0.506793
G1 X100.867425 Y203.363627 Z1.673537 E0.506787
G1 X98.513954 Y202.47325 Z1.67585 E0.506781
G1 X96.189642 Y201.5094 Z1.678162 E0.506774
G1 X93.89678 Y200.473031 Z1.680474 E0.506768
G1 X91.637632 Y199.365166 Z1.682786 E0.506762
G1 X89.414424 Y198.186901 Z1.685099 E0.506755
G1 X87.229352 Y196.9394 Z1.687411 E0.506749
G1 X85.084572 Y195.623895 Z1.689723 E0.506743
G1 X82.982197 Y194.241686 Z1.692036 E0.506736
G1 X80.924301 Y192.794141 Z1.694348 E0.50673
G1 X78.912915 Y191.282689 Z1.69666 E0.506723
G1 X76.950022 Y189.708823 Z1.698973 E0.506717
G1 X75.037559 Y188.074098 Z1.701285 E0.506711
G1 X73.177412 Y186.380127 Z1.703597 E0.506704
G1 X71.371415 Y184.628585 Z1.70591 E0.506698
G1 X69.621348 Y182.821203 Z1.708222 E0.506691
G1 X67.928937 Y180.959766 Z1.710534 E0.506685
G1 X66.295851 Y179.046111 Z1.712846 E0.506679
G1 X64.723702 Y177.082128 Z1.715159 E0.506672
G1 X63.214039 Y175.069756 Z1.717471 E0.506666
G1 X61.768349 Y173.010983 Z1.719783 E0.506659
G1 X60.388058 Y170.907843 Z1.722096 E0.506653
G1 X59.074526 Y168.762412 Z1.724408 E0.506647
G1 X57.829047 Y166.576808 Z1.72672 E0.50664
G1 X56.652851 Y164.353188 Z1.729033 E0.506634
G1 X55.547096 Y162.093749 Z1.731345 E0.506627
G1 X54.51287 Y159.800721 Z1.733657 E0.506621
G1 X53.551193 Y157.476368 Z1.73597 E0.506614
G1 X52.663012 Y155.122985 Z1.738282 E0.506608
G1 X51.8492 Y152.742895 Z1.740594 E0.506602
G1 X51.110562 Y150.338447 Z1.742906 E0.506595
G1 X50.447823 Y147.912015 Z1.745219 E0.506589
G1 X49.861635 Y145.465994 Z1.747531 E0.506582
G1 X49.352574 Y143.002799 Z1.749843 E0.506576
G1 X48.921141 Y140.524861 Z1.752156 E0.506569
G1 X48.567759 Y138.034626 Z1.754468 E0.506563
G1 X48.292777 Y135.534551 Z1.75678 E0.506556
G1 X48.096464 Y133.027104 Z1.759093 E0.50655
G1 X47.97901 Y130.514761 Z1.761405 E0.506543
G1 X47.940529 Y128 Z1.763717 E0.506537
G1 X47.981056 Y125.485303 Z1.766029 E0.50653
G1 X48.100551 Y122.973153 Z1.768342 E0.506524
G1 X48.298893 Y120.466027 Z1.770654 E0.506517
G1 X48.575885 Y117.966401 Z1.772966 E0.506511
G1 X48.93125 Y115.47674 Z1.775279 E0.506504
G1 X49.364636 Y112.999502 Z1.777591 E0.506498
G1 X49.875615 Y110.537131 Z1.779903 E0.506492
G1 X50.463678 Y108.092056 Z1.782216 E0.506485
G1 X51.128244 Y105.66669 Z1.784528 E0.506479
G1 X51.868656 Y103.263427 Z1.78684 E0.506472
G1 X52.68418 Y100.884636 Z1.789153 E0.506466
G1 X53.57401 Y98.532666 Z1.791465 E0.506459
G1 X54.537266 Y96.209836 Z1.793777 E0.506453
G1 X55.572995 Y93.918438 Z1.796089 E0.506446
G1 X56.680173 Y91.660733 Z1.798402 E0.50644
G1 X57.857706 Y89.438948 Z1.800714 E0.506433
G1 X59.104431 Y87.255274 Z1.803026 E0.506427
G1 X60.419114 Y85.111865 Z1.805339 E0.50642
G1 X61.800456 Y83.010837 Z1.807651 E0.506414
G1 X63.247094 Y80.95426 Z1.809963 E0.506407
G1 X64.757597 Y78.944164 Z1.812276 E0.506401
G1 X66.330473 Y76.982531 Z1.814588 E0.506394
G1 X67.964169 Y75.071295 Z1.8169 E0.506388
G1 X69.65707 Y73.212342 Z1.819213 E0.506381
G1 X71.407505 Y71.407505 Z1.821525 E0.506375
G1 X73.213744 Y69.658563 Z1.823837 E0.506368
G1 X75.074004 Y67.967241 Z1.826149 E0.506362
G1 X76.986447 Y66.335207 Z1.828462 E0.506355
G1 X78.949184 Y64.764069 Z1.830774 E0.506349
G1 X80.960278 Y63.255377 Z1.833086 E0.506343
G1 X83.017743 Y61.810619 Z1.835399 E0.506336
G1 X85.119546 Y60.431217 Z1.837711 E0.50633
G1 X87.263613 Y59.118531 Z1.840023 E0.506323
G1 X89.447826 Y57.873857 Z1.842336 E0.506317
G1 X91.67003 Y56.698419 Z1.844648 E0.50631
G1 X93.928029 Y55.593377 Z1.84696 E0.506304
G1 X96.219595 Y54.559818 Z1.849273 E0.506297
G1 X98.542466 Y53.598762 Z1.851585 E0.506291
G1 X100.894348 Y52.711154 Z1.853897 E0.506284
G1 X103.272919 Y51.897869 Z1.856209 E0.506278
G1 X105.675831 Y51.159708 Z1.858522 E0.506271
G1 X108.100714 Y50.497397 Z1.860834 E0.506265
G1 X110.545172 Y49.911587 Z1.863146 E0.506258
G1 X113.006793 Y49.402855 Z1.865459 E0.506252
G1 X115.483147 Y48.971701 Z1.867771 E0.506245
G1 X117.971791 Y48.618549 Z1.870083 E0.506239
G1 X120.470267 Y48.343745 Z1.872396 E0.506232
G1 X122.97611 Y48.147558 Z1.874708 E0.506226
G1 X125.486847 Y48.030179 Z1.87702 E0.506219
G1 X128 Y47.991723 Z1.879332 E0.506213
G1 X130.513089 Y48.032226 Z1.881645 E0.506206
G1 X133.023633 Y48.151645 Z1.883957 E0.5062
G1 X135.529155 Y48.349861 Z1.886269 E0.506194
G1 X138.027183 Y48.626676 Z1.888582 E0.506187
G1 X140.515251 Y48.981814 Z1.890894 E0.506181
G1 X142.990905 Y49.414924 Z1.893206 E0.506174
G1 X145.451701 Y49.925576 Z1.895519 E0.506168
G1 X147.895212 Y50.513264 Z1.897831 E0.506161
G1 X150.319027 Y51.177406 Z1.900143 E0.506155
G1 X152.720753 Y51.917345 Z1.902456 E0.506148
G1 X155.098022 Y52.732348 Z1.904768 E0.506142
G1 X157.448488 Y53.62161 Z1.90708 E0.506135
G1 X159.769832 Y54.58425 Z1.909392 E0.506129
G1 X162.059764 Y55.619317 Z1.911705 E0.506122
G1 X164.316025 Y56.725788 Z1.914017 E0.506116
G1 X166.536389 Y57.902569 Z1.916329 E0.506109
G1 X168.718666 Y59.148496 Z1.918642 E0.506103
G1 X170.860703 Y60.462339 Z1.920954 E0.506096
G1 X172.960388 Y61.842799 Z1.923266 E0.50609
G1 X175.015649 Y63.288511 Z1.925579 E0.506083
G1 X177.024459 Y64.798049 Z1.927891 E0.506077
G1 X178.984837 Y66.36992 Z1.930203 E0.50607
G1 X180.894849 Y68.002571 Z1.932516 E0.506064
G1 X182.752613 Y69.69439 Z1.934828 E0.506057
G1 X184.556295 Y71.443705 Z1.93714 E0.506051
G1 X186.304118 Y73.248789 Z1.939452 E0.506045
G1 X187.994357 Y75.107859 Z1.941765 E0.506038
G1 X189.625347 Y77.019079 Z1.944077 E0.506032
G1 X191.195479 Y78.980562 Z1.946389 E0.506025
G1 X192.703205 Y80.99037 Z1.948702 E0.506019
G1 X194.147039 Y83.046518 Z1.951014 E0.506012
G1 X195.525558 Y85.146978 Z1.953326 E0.506006
G1 X196.837403 Y87.289673 Z1.955639 E0.505999
G1 X198.081281 Y89.47249 Z1.957951 E0.505993
G1 X199.255966 Y91.693272 Z1.960263 E0.505986
G1 X200.360301 Y93.949827 Z1.962575 E0.50598
G1 X201.393198 Y96.239927 Z1.964888 E0.505973
G1 X202.353639 Y98.561312 Z1.9672 E0.505967
G1 X203.240678 Y100.911689 Z1.969512 E0.50596
G1 X204.053442 Y103.288739 Z1.971825 E0.505954
G1 X204.79113 Y105.690114 Z1.974137 E0.505947
G1 X205.453017 Y108.113445 Z1.976449 E0.505941
G1 X206.038451 Y110.556339 Z1.978762 E0.505934
G1 X206.546857 Y113.016386 Z1.981074 E0.505928
G1 X206.977734 Y115.491156 Z1.983386 E0.505921
G1 X207.33066 Y117.978207 Z1.985699 E0.505915
G1 X207.605288 Y120.475085 Z1.988011 E0.505908
G1 X207.801349 Y122.979325 Z1.990323 E0.505902
G1 X207.918651 Y125.488455 Z1.992635 E0.505896
G1 X207.957082 Y128 Z1.994948 E0.505889
G1 X207.786654 E0.042609
G1 X207.745929 Y130.506117 Z1.997818 E0.62664
G1 X207.626507 Y133.009675 Z2.000689 E0.626629
G1 X207.428509 Y135.508205 Z2.003559 E0.626619
G1 X207.152132 Y137.99924 Z2.006429 E0.626608
G1 X206.797653 Y140.480322 Z2.0093 E0.626597
G1 X206.365423 Y142.949004 Z2.01217 E0.626587
G1 X205.855871 Y145.402849 Z2.015041 E0.626576
G1 X205.269504 Y147.839437 Z2.017911 E0.626565
G1 X204.606903 Y150.256363 Z2.020781 E0.626555
G1 X203.868723 Y152.651243 Z2.023652 E0.626544
G1 X203.055697 Y155.021714 Z2.026522 E0.626533
G1 X202.168628 Y157.365437 Z2.029392 E0.626523
G1 X201.208396 Y159.680102 Z2.032263 E0.626512
G1 X200.175949 Y161.963424 Z2.035133 E0.626501
G1 X199.07231 Y164.213151 Z2.038004 E0.626491
G1 X197.898569 Y166.427064 Z2.040874 E0.62648
G1 X196.655888 Y168.602979 Z2.043744 E0.62647
G1 X195.345496 Y170.738751 Z2.046615 E0.626459
G1 X193.968687 Y172.832273 Z2.049485 E0.626448
G1 X192.526823 Y174.881481 Z2.052356 E0.626438
G1 X191.021328 Y176.884353 Z2.055226 E0.626427
G1 X189.453692 Y178.838915 Z2.058096 E0.626416
G1 X187.825462 Y180.74324 Z2.060967 E0.626406
G1 X186.138249 Y182.595449 Z2.063837 E0.626395
G1 X184.393718 Y184.393718 Z2.066708 E0.626384
G1 X182.593593 Y186.136272 Z2.069578 E0.626374
G1 X180.739654 Y187.821395 Z2.072448 E0.626363
G1 X178.83373 Y189.447424 Z2.075319 E0.626352
G1 X176.877706 Y191.012758 Z2.078189 E0.626342
G1 X174.873512 Y192.515854 Z2.08106 E0.626331
G1 X172.823129 Y193.955231 Z2.08393 E0.62632
G1 X170.728581 Y195.32947 Z2.0868 E0.62631
G1 X168.591937 Y196.637217 Z2.089671 E0.626299
G1 X166.415307 Y197.877184 Z2.092541 E0.626289
G1 X164.200841 Y199.04815 Z2.095411 E0.626278
G1 X161.950724 Y200.148961 Z2.098282 E0.626267
G1 X159.667179 Y201.178534 Z2.101152 E0.626257
G1 X157.352461 Y202.135854 Z2.104023 E0.626246
G1 X155.008855 Y203.01998 Z2.106893 E0.626235
G1 X152.638674 Y203.830042 Z2.109763 E0.626225
G1 X150.244259 Y204.565242 Z2.112634 E0.626214
G1 X147.827973 Y205.224857 Z2.115504 E0.626203
G1 X145.392202 Y205.80824 Z2.118375 E0.626193
G1 X142.93935 Y206.314817 Z2.121245 E0.626182
G1 X140.471839 Y206.74409 Z2.124115 E0.626171
G1 X137.992103 Y207.09564 Z2.126986 E0.626161
G1 X135.502591 Y207.369121 Z2.129856 E0.62615
G1 X133.005759 Y207.564266 Z2.132727 E0.626139
G1 X130.504073 Y207.680885 Z2.135597 E0.626129
G1 X128 Y207.718867 Z2.138467 E0.626118
G1 X125.496012 Y207.678175 Z2.141338 E0.626107
G1 X122.994581 Y207.558854 Z2.144208 E0.626097
G1 X120.498175 Y207.361022 Z2.147079 E0.626086
G1 X118.009256 Y207.084879 Z2.149949 E0.626076
G1 X115.530282 Y206.7307 Z2.152819 E0.626065
G1 X113.063698 Y206.298836 Z2.15569 E0.626054
G1 X110.611938 Y205.789717 Z2.15856 E0.626044
G1 X108.177421 Y205.203847 Z2.16143 E0.626033
G1 X105.762549 Y204.541807 Z2.164301 E0.626022
G1 X103.369705 Y203.804254 Z2.167171 E0.626012
G1 X101.001249 Y202.991917 Z2.170042 E0.626001
G1 X98.659517 Y202.105601 Z2.172912 E0.62599
G1 X96.34682 Y201.146183 Z2.175782 E0.62598
G1 X94.065439 Y200.114613 Z2.178653 E0.625969
G1 X91.817624 Y199.011911 Z2.181523 E0.625958
G1 X89.605593 Y197.839167 Z2.184394 E0.625948
G1 X87.431528 Y196.597541 Z2.187264 E0.625937
G1 X85.297571 Y195.288261 Z2.190134 E0.625926
G1 X83.205829 Y193.912621 Z2.193005 E0.625916
G1 X81.158364 Y192.471981 Z2.195875 E0.625905
G1 X79.157194 Y190.967766 Z2.198746 E0.625895
G1 X77.204294 Y189.401461 Z2.201616 E0.625884
G1 X75.301589 Y187.774614 Z2.204486 E0.625873
G1 X73.450954 Y186.088834 Z2.207357 E0.625863
G1 X71.654215 Y184.345785 Z2.210227 E0.625852
G1 X69.913143 Y182.54719 Z2.213098 E0.625841
G1 X68.229454 Y180.694825 Z2.215968 E0.625831
G1 X66.604807 Y178.790521 Z2.218838 E0.62582
G1 X65.040804 Y176.836158 Z2.221709 E0.625809
G1 X63.538987 Y174.833667 Z2.224579 E0.625799
G1 X62.100835 Y172.785026 Z2.227449 E0.625788
G1 X60.727765 Y170.692259 Z2.23032 E0.625777
G1 X59.42113 Y168.55743 Z2.23319 E0.625767
G1 X58.182218 Y166.38265 Z2.236061 E0.625756
G1 X57.012249 Y164.170066 Z2.238931 E0.625745
G1 X55.912375 Y161.921862 Z2.241801 E0.625735
G1 X54.883678 Y159.640258 Z2.244672 E0.625724
G1 X53.927173 Y157.327507 Z2.247542 E0.625714
G1 X53.0438 Y154.985893 Z2.250413 E0.625703
G1 X52.234428 Y152.617727 Z2.253283 E0.625692
G1 X51.499854 Y150.225347 Z2.256153 E0.625682
G1 X50.840801 Y147.811115 Z2.259024 E0.625671
G1 X50.257915 Y145.377415 Z2.261894 E0.62566
G1 X49.75177 Y142.926648 Z2.264765 E0.62565
G1 X49.322862 Y140.461234 Z2.267635 E0.625639
G1 X48.971613 Y137.983607 Z2.270505 E0.625628
G1 X48.698366 Y135.496211 Z2.273376 E0.625618
G1 X48.503388 Y133.001503 Z2.276246 E0.625607
G1 X48.386869 Y130.501943 Z2.279116 E0.625596
G1 X48.348921 Y128 Z2.281987 E0.625586
G1 X48.389579 Y125.498142 Z2.284857 E0.625575
G1 X48.5088 Y122.998838 Z2.287728 E0.625564
G1 X48.706464 Y120.504554 Z2.290598 E0.625554
G1 X48.982374 Y118.017752 Z2.293468 E0.625543
G1 X49.336262 Y115.540888 Z2.296339 E0.625532
G1 X49.767767 Y113.076403 Z2.299209 E0.625522
G1 X50.276462 Y110.626731 Z2.30208 E0.625511
G1 X50.861842 Y108.194287 Z2.30495 E0.6255
G1 X51.523327 Y105.781473 Z2.30782 E0.62549
G1 X52.260262 Y103.390667 Z2.310691 E0.625479
G1 X53.071923 Y101.024232 Z2.313561 E0.625468
G1 X53.9575 Y98.6845 Z2.316432 E0.625457
G1 X54.916116 Y96.373779 Z2.319302 E0.625447
G1 X55.946823 Y94.094348 Z2.322172 E0.625436
G1 X57.048601 Y91.848456 Z2.325043 E0.625425
G1 X58.220361 Y89.638319 Z2.327913 E0.625414
G1 X59.46095 Y87.466119 Z2.330784 E0.625404
G1 X60.769134 Y85.333995 Z2.333654 E0.625393
G1 X62.143621 Y83.244051 Z2.336524 E0.625382
G1 X63.583051 Y81.198347 Z2.339395 E0.625371
G1 X65.086002 Y79.198901 Z2.342265 E0.62536
G1 X66.650989 Y77.247685 Z2.345135 E0.625349
G1 X68.27647 Y75.346626 Z2.348006 E0.625338
G1 X69.960834 Y73.497595 Z2.350876 E0.625328
G1 X71.702415 Y71.702415 Z2.353747 E0.625317
G1 X73.499494 Y69.962856 Z2.356617 E0.625306
G1 X75.350294 Y68.280631 Z2.359487 E0.625295
G1 X77.25299 Y66.657402 Z2.362358 E0.625284
G1 X79.205703 Y65.094771 Z2.365228 E0.625273
G1 X81.2065 Y63.594273 Z2.368099 E0.625262
G1 X83.253407 Y62.157387 Z2.370969 E0.625251
G1 X85.3444 Y60.78553 Z2.373839 E0.62524
G1 X87.477415 Y59.480051 Z2.37671 E0.625229
G1 X89.650347 Y58.242241 Z2.37958 E0.625218
G1 X91.861051 Y57.07332 Z2.382451 E0.625207
G1 X94.107342 Y55.974435 Z2.385321 E0.625196
G1 X96.387 Y54.946668 Z2.388191 E0.625185
G1 X98.697776 Y53.991031 Z2.391062 E0.625174
G1 X101.037388 Y53.108464 Z2.393932 E0.625163
G1 X103.403527 Y52.299839 Z2.396803 E0.625152
G1 X105.793856 Y51.565952 Z2.399673 E0.625141
G1 X108.206016 Y50.907522 Z2.402543 E0.62513
G1 X110.637624 Y50.325194 Z2.405414 E0.625119
G1 X113.08628 Y49.819542 Z2.408284 E0.625108
G1 X115.549567 Y49.39106 Z2.411154 E0.625097
G1 X118.025054 Y49.040174 Z2.414025 E0.625086
G1 X120.510298 Y48.767226 Z2.416895 E0.625075
G1 X123.002844 Y48.572481 Z2.419766 E0.625064
G1 X125.500233 Y48.456126 Z2.422636 E0.625052
G1 X128 Y48.418274 Z2.425506 E0.625041
G1 X130.499678 Y48.45896 Z2.428377 E0.62503
G1 X132.9968 Y48.578144 Z2.431247 E0.625019
G1 X135.488901 Y48.775706 Z2.434118 E0.625008
G1 X137.973522 Y49.051445 Z2.436988 E0.624997
G1 X140.448212 Y49.405085 Z2.439858 E0.624985
G1 X142.910528 Y49.836275 Z2.442729 E0.624974
G1 X145.358042 Y50.344586 Z2.445599 E0.624963
G1 X147.788337 Y50.929514 Z2.44847 E0.624952
G1 X150.199018 Y51.59048 Z2.45134 E0.624941
G1 X152.587704 Y52.326827 Z2.45421 E0.624929
G1 X154.952041 Y53.137827 Z2.457081 E0.624918
G1 X157.289695 Y54.022676 Z2.459951 E0.624907
G1 X159.59836 Y54.980499 Z2.462822 E0.624896
G1 X161.875759 Y56.010348 Z2.465692 E0.624885
G1 X164.119646 Y57.111204 Z2.468562 E0.624873
G1 X166.327807 Y58.281978 Z2.471433 E0.624862
G1 X168.498065 Y59.521512 Z2.474303 E0.624851
G1 X170.628279 Y60.82858 Z2.477173 E0.62484
G1 X172.716349 Y62.201891 Z2.480044 E0.624829
G1 X174.760215 Y63.640086 Z2.482914 E0.624818
G1 X176.757861 Y65.141744 Z2.485785 E0.624806
G1 X178.707319 Y66.705381 Z2.488655 E0.624795
G1 X180.606666 Y68.32945 Z2.491525 E0.624784
G1 X182.454029 Y70.012349 Z2.494396 E0.624773
G1 X184.247588 Y71.752412 Z2.497266 E0.624762
G1 X185.985573 Y73.547922 Z2.500137 E0.62475
G1 X187.666273 Y75.397105 Z2.503007 E0.624739
G1 X189.28803 Y77.298133 Z2.505877 E0.624728
G1 X190.849245 Y79.249128 Z2.508748 E0.624717
G1 X192.348382 Y81.248164 Z2.511618 E0.624706
G1 X193.783961 Y83.293266 Z2.514489 E0.624694
G1 X195.15457 Y85.382414 Z2.517359 E0.624683
G1 X196.458857 Y87.513545 Z2.520229 E0.624672
G1 X197.695538 Y89.684554 Z2.5231 E0.624661
G1 X198.863395 Y91.893297 Z2.52597 E0.62465
G1 X199.961277 Y94.137593 Z2.528841 E0.624638
G1 X200.988104 Y96.415227 Z2.531711 E0.624627
G1 X201.942865 Y98.723949 Z2.534581 E0.624616
G1 X202.824621 Y101.061479 Z2.537452 E0.624605
G1 X203.632503 Y103.42551 Z2.540322 E0.624594
G1 X204.365717 Y105.813708 Z2.543192 E0.624582
G1 X205.023543 Y108.223715 Z2.546063 E0.624571
G1 X205.605334 Y110.653153 Z2.548933 E0.62456
G1 X206.110518 Y113.099622 Z2.551804 E0.624549
G1 X206.538599 Y115.560708 Z2.554674 E0.624538
G1 X206.889158 Y118.033982 Z2.557544 E0.624526
G1 X207.161852 Y120.517002 Z2.560415 E0.624515
G1 X207.356415 Y123.007318 Z2.563285 E0.624504
G1 X207.472656 Y125.502471 Z2.566156 E0.624493
G1 X207.510465 Y128 Z2.569026 E0.624482
G1 X207.405297 E0.031137
G1 X207.364357 Y130.494125 Z2.572425 E0.738527
G1 X207.245099 Y132.985679 Z2.575824 E0.738511
G1 X207.047641 Y135.472202 Z2.579223 E0.738495
G1 X206.772184 Y137.951241 Z2.582623 E0.738478
G1 X206.419002 Y140.42035 Z2.586022 E0.738462
G1 X205.988447 Y142.877092 Z2.589421 E0.738446
G1 X205.480948 Y145.319044 Z2.59282 E0.738429
G1 X204.897008 Y147.743796 Z2.596219 E0.738413
G1 X204.237208 Y150.148956 Z2.599618 E0.738396
G1 X203.502202 Y152.532152 Z2.603018 E0.73838
G1 X202.692718 Y154.891033 Z2.606417 E0.738364
G1 X201.809559 Y157.223272 Z2.609816 E0.738347
G1 X200.853599 Y159.526568 Z2.613215 E0.738331
G1 X199.825786 Y161.798649 Z2.616614 E0.738315
G1 X198.727137 Y164.037276 Z2.620013 E0.738298
G1 X197.558738 Y166.24024 Z2.623413 E0.738282
G1 X196.321746 Y168.405368 Z2.626812 E0.738266
G1 X195.017386 Y170.530526 Z2.630211 E0.738249
G1 X193.646946 Y172.613619 Z2.63361 E0.738233
G1 X192.211783 Y174.652591 Z2.637009 E0.738217
G1 X190.713316 Y176.645434 Z2.640408 E0.7382
G1 X189.153026 Y178.590183 Z2.643807 E0.738184
G1 X187.532456 Y180.48492 Z2.647207 E0.738168
G1 X185.853207 Y182.327778 Z2.650606 E0.738151
G1 X184.11694 Y184.11694 Z2.654005 E0.738135
G1 X182.32537 Y185.850643 Z2.657404 E0.738118
G1 X180.480268 Y187.52718 Z2.660803 E0.738102
G1 X178.583458 Y189.144897 Z2.664202 E0.738086
G1 X176.636813 Y190.702201 Z2.667602 E0.738069
G1 X174.642256 Y192.197558 Z2.671001 E0.738053
G1 X172.601759 Y193.629495 Z2.6744 E0.738037
G1 X170.517336 Y194.996601 Z2.677799 E0.73802
G1 X168.391047 Y196.29753 Z2.681198 E0.738004
G1 X166.224992 Y197.531002 Z2.684597 E0.737988
G1 X164.02131 Y198.695802 Z2.687997 E0.737971
G1 X161.782179 Y199.790784 Z2.691396 E0.737955
G1 X159.509808 Y200.81487 Z2.694795 E0.737939
G1 X157.206442 Y201.767052 Z2.698194 E0.737922
G1 X154.874356 Y202.646394 Z2.701593 E0.737906
G1 X152.515851 Y203.452032 Z2.704992 E0.737889
G1 X150.133258 Y204.183174 Z2.708391 E0.737873
G1 X147.728928 Y204.839102 Z2.711791 E0.737857
G1 X145.305235 Y205.419171 Z2.71519 E0.73784
G1 X142.864572 Y205.922813 Z2.718589 E0.737824
G1 X140.409347 Y206.349533 Z2.721988 E0.737808
G1 X137.941985 Y206.698915 Z2.725387 E0.737791
G1 X135.464921 Y206.970617 Z2.728786 E0.737775
G1 X132.9806 Y207.164373 Z2.732186 E0.737759
G1 X130.491474 Y207.279997 Z2.735585 E0.737742
G1 X128 Y207.317378 Z2.738984 E0.737726
G1 X125.508636 Y207.276482 Z2.742383 E0.73771
G1 X123.019841 Y207.157354 Z2.745782 E0.737693
G1 X120.536072 Y206.960113 Z2.749181 E0.737677
G1 X118.059778 Y206.684959 Z2.752581 E0.737661
G1 X115.593404 Y206.332166 Z2.75598 E0.737644
G1 X113.139382 Y205.902086 Z2.759379 E0.737628
G1 X110.700135 Y205.395147 Z2.762778 E0.737611
G1 X108.278068 Y204.811852 Z2.766177 E0.737595
G1 X105.875572 Y204.152781 Z2.769576 E0.737579
G1 X103.495016 Y203.418586 Z2.772975 E0.737562
G1 X101.138748 Y202.609997 Z2.776375 E0.737546
G1 X98.809093 Y201.727815 Z2.779774 E0.73753
G1 X96.508349 Y200.772912 Z2.783173 E0.737513
G1 X94.238784 Y199.746235 Z2.786572 E0.737497
G1 X92.002638 Y198.648801 Z2.789971 E0.737481
G1 X89.802115 Y197.481695 Z2.79337 E0.737464
G1 X87.639386 Y196.246071 Z2.79677 E0.737448
G1 X85.516583 Y194.943154 Z2.800169 E0.737432
G1 X83.435799 Y193.574231 Z2.803568 E0.737415
G1 X81.399086 Y192.140656 Z2.806967 E0.737399
G1 X79.408451 Y190.643847 Z2.810366 E0.737383
G1 X77.465858 Y189.085284 Z2.813765 E0.737366
G1 X75.573222 Y187.466507 Z2.817165 E0.73735
G1 X73.732407 Y185.789117 Z2.820564 E0.737333
G1 X71.945228 Y184.054772 Z2.823963 E0.737317
G1 X70.213446 Y182.265186 Z2.827362 E0.737301
G1 X68.538769 Y180.422127 Z2.830761 E0.737284
G1 X66.922845 Y178.527417 Z2.83416 E0.737268
G1 X65.367268 Y176.582927 Z2.837559 E0.737252
G1 X63.873569 Y174.590579 Z2.840959 E0.737235
G1 X62.443221 Y172.552341 Z2.844358 E0.737219
G1 X61.077631 Y170.470227 Z2.847757 E0.737203
G1 X59.778145 Y168.346293 Z2.851156 E0.737186
G1 X58.546041 Y166.182637 Z2.854555 E0.73717
G1 X57.382534 Y163.981396 Z2.857954 E0.737154
G1 X56.288767 Y161.744745 Z2.861354 E0.737137
G1 X55.265818 Y159.474891 Z2.864753 E0.737121
G1 X54.314692 Y157.174077 Z2.868152 E0.737104
G1 X53.436326 Y154.844574 Z2.871551 E0.737088
G1 X52.631583 Y152.488683 Z2.87495 E0.737072
G1 X51.901253 Y150.10873 Z2.878349 E0.737055
G1 X51.246054 Y147.707064 Z2.881749 E0.737039
G1 X50.66663 Y145.286056 Z2.885148 E0.737023
G1 X50.163548 Y142.848097 Z2.888547 E0.737006
G1 X49.737303 Y140.395594 Z2.891946 E0.73699
G1 X49.38831 Y137.930966 Z2.895345 E0.736974
G1 X49.116912 Y135.456647 Z2.898744 E0.736957
G1 X48.923371 Y132.97508 Z2.902143 E0.736941
G1 X48.807878 Y130.488713 Z2.905543 E0.736925
G1 X48.77054 Y128 Z2.908942 E0.736908
G1 X48.811392 Y125.511398 Z2.912341 E0.736892
G1 X48.930391 Y123.025362 Z2.91574 E0.736876
G1 X49.127415 Y120.544346 Z2.919139 E0.736859
G1 X49.402266 Y118.070797 Z2.922538 E0.736843
G1 X49.75467 Y115.607157 Z2.925938 E0.736826
G1 X50.184275 Y113.155857 Z2.929337 E0.73681
G1 X50.690654 Y110.719314 Z2.932736 E0.736794
G1 X51.273304 Y108.299933 Z2.936135 E0.736777
G1 X51.931647 Y105.9001 Z2.939534 E0.736761
G1 X52.665029 Y103.522184 Z2.942933 E0.736745
G1 X53.472723 Y101.168529 Z2.946333 E0.736728
G1 X54.35393 Y98.841458 Z2.949732 E0.736712
G1 X55.307775 Y96.543265 Z2.953131 E0.736696
G1 X56.333316 Y94.276218 Z2.95653 E0.736679
G1 X57.429535 Y92.042552 Z2.959929 E0.736663
G1 X58.595349 Y89.84447 Z2.963328 E0.736647
G1 X59.829604 Y87.68414 Z2.966727 E0.73663
G1 X61.131078 Y85.563692 Z2.970127 E0.736614
G1 X62.498485 Y83.485216 Z2.973526 E0.736597
G1 X63.930471 Y81.450763 Z2.976925 E0.736581
G1 X65.425622 Y79.462337 Z2.980324 E0.736565
G1 X66.982458 Y77.5219 Z2.983723 E0.736548
G1 X68.599441 Y75.631363 Z2.987122 E0.736532
G1 X70.274972 Y73.792591 Z2.990522 E0.736516
G1 X72.007395 Y72.007395 Z2.993921 E0.736499
G1 X73.794998 Y70.277536 Z2.99732 E0.736483
G1 X75.636014 Y68.604717 Z3.000719 E0.736467
G1 X77.528625 Y66.990588 Z3.004118 E0.73645
G1 X79.470959 Y65.436737 Z3.007517 E0.736434
G1 X81.461098 Y63.944697 Z3.010916 E0.736418
G1 X83.497076 Y62.515936 Z3.014316 E0.736401
G1 X85.576882 Y61.151863 Z3.017715 E0.736385
G1 X87.698461 Y59.85382 Z3.021114 E0.736369
G1 X89.859718 Y58.623084 Z3.024513 E0.736352
G1 X92.058518 Y57.460869 Z3.027912 E0.736336
G1 X94.292689 Y56.368318 Z3.031311 E0.736319
G1 X96.560025 Y55.346505 Z3.034711 E0.736303
G1 X98.858288 Y54.396437 Z3.03811 E0.736287
G1 X101.185207 Y53.519047 Z3.041509 E0.73627
G1 X103.538485 Y52.715198 Z3.044908 E0.736254
G1 X105.915799 Y51.98568 Z3.048307 E0.736238
G1 X108.314801 Y51.33121 Z3.051706 E0.736221
G1 X110.733123 Y50.752431 Z3.055106 E0.736205
G1 X113.168377 Y50.249909 Z3.058505 E0.736189
G1 X115.61816 Y49.824138 Z3.061904 E0.736172
G1 X118.080053 Y49.475535 Z3.065303 E0.736156
G1 X120.551627 Y49.20444 Z3.068702 E0.73614
G1 X123.030441 Y49.011116 Z3.072101 E0.736123
G1 X125.514049 Y48.895752 Z3.0755 E0.736107
G1 X128 Y48.858458 Z3.0789 E0.736091
G1 X130.485841 Y48.899267 Z3.082299 E0.736074
G1 X132.969118 Y49.018136 Z3.085698 E0.736058
G1 X135.447381 Y49.214943 Z3.089097 E0.736041
G1 X137.918184 Y49.489491 Z3.092496 E0.736025
G1 X140.379089 Y49.841506 Z3.095895 E0.736009
G1 X142.827669 Y50.270636 Z3.099295 E0.735992
G1 X145.261507 Y50.776455 Z3.102694 E0.735976
G1 X147.678203 Y51.358461 Z3.106093 E0.73596
G1 X150.075371 Y52.016075 Z3.109492 E0.735943
G1 X152.450647 Y52.748646 Z3.112891 E0.735927
G1 X154.801689 Y53.555446 Z3.11629 E0.735911
G1 X157.126176 Y54.435676 Z3.11969 E0.735894
G1 X159.421817 Y55.388466 Z3.123089 E0.735878
G1 X161.686346 Y56.41287 Z3.126488 E0.735862
G1 X163.917532 Y57.507875 Z3.129887 E0.735845
G1 X166.113172 Y58.672397 Z3.133286 E0.735829
G1 X168.271103 Y59.905284 Z3.136685 E0.735812
G1 X170.389196 Y61.205316 Z3.140084 E0.735796
G1 X172.465362 Y62.571207 Z3.143484 E0.73578
G1 X174.497555 Y64.001606 Z3.146883 E0.735763
G1 X176.483771 Y65.495099 Z3.150282 E0.735747
G1 X178.422052 Y67.05021 Z3.153681 E0.735731
G1 X180.310487 Y68.665399 Z3.15708 E0.735714
G1 X182.147215 Y70.339072 Z3.160479 E0.735698
G1 X183.930426 Y72.069574 Z3.163879 E0.735682
G1 X185.658362 Y73.855194 Z3.167278 E0.735665
G1 X187.329321 Y75.694168 Z3.170677 E0.735649
G1 X188.941655 Y77.584679 Z3.174076 E0.735632
G1 X190.493777 Y79.524858 Z3.177475 E0.735616
G1 X191.984157 Y81.512789 Z3.180874 E0.7356
G1 X193.411328 Y83.546508 Z3.184274 E0.735583
G1 X194.773883 Y85.624005 Z3.187673 E0.735567
G1 X196.070481 Y87.74323 Z3.191072 E0.735551
G1 X197.299845 Y89.902088 Z3.194471 E0.735534
G1 X198.460766 Y92.098447 Z3.19787 E0.735518
G1 X199.5521 Y94.330137 Z3.201269 E0.735501
G1 X200.572774 Y96.594956 Z3.204668 E0.735485
G1 X201.521783 Y98.890667 Z3.208068 E0.735469
G1 X202.398194 Y101.215002 Z3.211467 E0.735452
G1 X203.201145 Y103.565667 Z3.214866 E0.735436
G1 X203.929848 Y105.94034 Z3.218265 E0.73542
G1 X204.583587 Y108.336677 Z3.221664 E0.735403
G1 X205.161719 Y110.752312 Z3.225063 E0.735387
G1 X205.663677 Y113.184861 Z3.228463 E0.73537
G1 X206.08897 Y115.631922 Z3.231862 E0.735354
G1 X206.437182 Y118.09108 Z3.235261 E0.735338
G1 X206.707971 Y120.559906 Z3.23866 E0.735321
G1 X206.901075 Y123.035965 Z3.242059 E0.735305
G1 X207.016306 Y125.516813 Z3.245458 E0.735289
G1 X207.053553 Y128 Z3.248858 E0.735272
G1 X207.018197 E0.010468
G1 X206.977095 Y130.481955 Z3.252255 E0.734925
G1 X206.858056 Y132.961328 Z3.255652 E0.734906
G1 X206.661202 Y135.435673 Z3.259049 E0.734886
G1 X206.386732 Y137.902547 Z3.262446 E0.734866
G1 X206.034919 Y140.359517 Z3.265844 E0.734847
G1 X205.606116 Y142.804158 Z3.269241 E0.734827
G1 X205.100751 Y145.23406 Z3.272638 E0.734807
G1 X204.519325 Y147.646823 Z3.276035 E0.734788
G1 X203.862416 Y150.040069 Z3.279433 E0.734768
G1 X203.130678 Y152.411437 Z3.28283 E0.734749
G1 X202.324836 Y154.758587 Z3.286227 E0.734729
G1 X201.445689 Y157.079205 Z3.289624 E0.734709
G1 X200.494109 Y159.371002 Z3.293022 E0.73469
G1 X199.471038 Y161.631718 Z3.296419 E0.73467
G1 X198.377491 Y163.859123 Z3.299816 E0.73465
G1 X197.21455 Y166.051021 Z3.303213 E0.734631
G1 X195.983367 Y168.205251 Z3.306611 E0.734611
G1 X194.68516 Y170.319689 Z3.310008 E0.734591
G1 X193.321213 Y172.392251 Z3.313405 E0.734572
G1 X191.892878 Y174.420893 Z3.316802 E0.734552
G1 X190.401565 Y176.403616 Z3.3202 E0.734532
G1 X188.848752 Y178.338465 Z3.323597 E0.734513
G1 X187.235972 Y180.223534 Z3.326994 E0.734493
G1 X185.564822 Y182.056966 Z3.330391 E0.734473
G1 X183.836952 Y183.836952 Z3.333788 E0.734454
G1 X182.054073 Y185.561741 Z3.337186 E0.734434
G1 X180.217945 Y187.229632 Z3.340583 E0.734414
G1 X178.330384 Y188.838983 Z3.34398 E0.734395
G1 X176.393255 Y190.388209 Z3.347377 E0.734375
G1 X174.408473 Y191.875783 Z3.350775 E0.734355
G1 X172.377999 Y193.300242 Z3.354172 E0.734336
G1 X170.303839 Y194.660183 Z3.357569 E0.734316
G1 X168.188042 Y195.954268 Z3.360966 E0.734297
G1 X166.032698 Y197.181221 Z3.364364 E0.734277
G1 X163.839938 Y198.339838 Z3.367761 E0.734257
G1 X161.611925 Y199.428977 Z3.371158 E0.734238
G1 X159.350862 Y200.447568 Z3.374555 E0.734218
G1 X157.058982 Y201.39461 Z3.377953 E0.734198
G1 X154.738547 Y202.26917 Z3.38135 E0.734179
G1 X152.391849 Y203.070392 Z3.384747 E0.734159
G1 X150.021205 Y203.797486 Z3.388144 E0.734139
G1 X147.628957 Y204.449741 Z3.391542 E0.73412
G1 X145.217466 Y205.026516 Z3.394939 E0.7341
G1 X142.789113 Y205.527246 Z3.398336 E0.73408
G1 X140.346295 Y205.951442 Z3.401733 E0.734061
G1 X137.891425 Y206.298688 Z3.40513 E0.734041
G1 X135.426924 Y206.568645 Z3.408528 E0.734021
G1 X132.955225 Y206.761053 Z3.411925 E0.734002
G1 X130.47877 Y206.875725 Z3.415322 E0.733982
G1 X128 Y206.912551 Z3.418719 E0.733962
G1 X125.521363 Y206.871501 Z3.422117 E0.733943
G1 X123.045305 Y206.752618 Z3.425514 E0.733923
G1 X120.574269 Y206.556024 Z3.428911 E0.733903
G1 X118.110694 Y206.281917 Z3.432308 E0.733884
G1 X115.65701 Y205.930572 Z3.435706 E0.733864
G1 X113.215638 Y205.50234 Z3.439103 E0.733845
G1 X110.788987 Y204.997647 Z3.4425 E0.733825
G1 X108.37945 Y204.416996 Z3.445897 E0.733805
G1 X105.989405 Y203.760963 Z3.449295 E0.733786
G1 X103.62121 Y203.030201 Z3.452692 E0.733766
G1 X101.2772 Y202.225434 Z3.456089 E0.733746
G1 X98.959686 Y201.34746 Z3.459486 E0.733727
G1 X96.670956 Y200.39715 Z3.462884 E0.733707
G1 X94.413265 Y199.375445 Z3.466281 E0.733687
G1 X92.18884 Y198.283358 Z3.469678 E0.733668
G1 X89.999875 Y197.12197 Z3.473075 E0.733648
G1 X87.848528 Y195.892431 Z3.476472 E0.733628
G1 X85.73692 Y194.595958 Z3.47987 E0.733609
G1 X83.667132 Y193.233834 Z3.483267 E0.733589
G1 X81.641205 Y191.807407 Z3.486664 E0.733569
G1 X79.661137 Y190.318087 Z3.490061 E0.73355
G1 X77.728877 Y188.767349 Z3.493459 E0.73353
G1 X75.846332 Y187.156724 Z3.496856 E0.73351
G1 X74.015355 Y185.487808 Z3.500253 E0.733491
G1 X72.237752 Y183.762248 Z3.50365 E0.733471
G1 X70.515273 Y181.981752 Z3.507048 E0.733451
G1 X68.849615 Y180.148079 Z3.510445 E0.733432
G1 X67.24242 Y178.263042 Z3.513842 E0.733412
G1 X65.695269 Y176.328503 Z3.517239 E0.733393
G1 X64.209687 Y174.346375 Z3.520637 E0.733373
G1 X62.787137 Y172.318616 Z3.524034 E0.733353
G1 X61.429018 Y170.24723 Z3.527431 E0.733334
G1 X60.136668 Y168.134263 Z3.530828 E0.733314
G1 X58.911358 Y165.981802 Z3.534225 E0.733294
G1 X57.754295 Y163.791974 Z3.537623 E0.733275
G1 X56.666616 Y161.566943 Z3.54102 E0.733255
G1 X55.64939 Y159.308905 Z3.544417 E0.733235
G1 X54.703619 Y157.02009 Z3.547814 E0.733216
G1 X53.830232 Y154.70276 Z3.551212 E0.733196
G1 X53.030085 Y152.359202 Z3.554609 E0.733176
G1 X52.303967 Y149.991731 Z3.558006 E0.733157
G1 X51.652588 Y147.602684 Z3.561403 E0.733137
G1 X51.076587 Y145.19442 Z3.564801 E0.733117
G1 X50.57653 Y142.769317 Z3.568198 E0.733098
G1 X50.152905 Y140.329769 Z3.571595 E0.733078
G1 X49.806127 Y137.878183 Z3.574992 E0.733058
G1 X49.536533 Y135.416981 Z3.57839 E0.733039
G1 X49.344386 Y132.948592 Z3.581787 E0.733019
G1 X49.229871 Y130.475451 Z3.585184 E0.732999
G1 X49.193096 Y128 Z3.588581 E0.73298
G1 X49.234095 Y125.524682 Z3.591979 E0.73296
G1 X49.352821 Y123.051939 Z3.595376 E0.732941
G1 X49.549155 Y120.584212 Z3.598773 E0.732921
G1 X49.822898 Y118.123935 Z3.60217 E0.732901
G1 X50.173775 Y115.673537 Z3.605567 E0.732882
G1 X50.601437 Y113.235434 Z3.608965 E0.732862
G1 X51.105456 Y110.812033 Z3.612362 E0.732842
G1 X51.685333 Y108.405724 Z3.615759 E0.732823
G1 X52.34049 Y106.01888 Z3.619156 E0.732803
G1 X53.070276 Y103.653857 Z3.622554 E0.732783
G1 X53.873968 Y101.312986 Z3.625951 E0.732764
G1 X54.750769 Y98.998578 Z3.629348 E0.732744
G1 X55.699809 Y96.712913 Z3.632745 E0.732724
G1 X56.720148 Y94.458248 Z3.636143 E0.732705
G1 X57.810775 Y92.236803 Z3.63954 E0.732685
G1 X58.970609 Y90.050771 Z3.642937 E0.732665
G1 X60.198504 Y87.902307 Z3.646334 E0.732646
G1 X61.493243 Y85.793529 Z3.649732 E0.732626
G1 X62.853545 Y83.726515 Z3.653129 E0.732606
G1 X64.278064 Y81.703304 Z3.656526 E0.732587
G1 X65.765391 Y79.725889 Z3.659923 E0.732567
G1 X67.314054 Y77.79622 Z3.663321 E0.732547
G1 X68.922523 Y75.916198 Z3.666718 E0.732528
G1 X70.589206 Y74.087676 Z3.670115 E0.732508
G1 X72.312456 Y72.312456 Z3.673512 E0.732489
G1 X74.090569 Y70.592287 Z3.676909 E0.732469
G1 X75.921787 Y68.928863 Z3.680307 E0.732449
G1 X77.804301 Y67.323823 Z3.683704 E0.73243
G1 X79.736249 Y65.778747 Z3.687101 E0.73241
G1 X81.715723 Y64.295158 Z3.690498 E0.73239
G1 X83.740767 Y62.874516 Z3.693896 E0.732371
G1 X85.809379 Y61.518219 Z3.697293 E0.732351
G1 X87.919516 Y60.227603 Z3.70069 E0.732331
G1 X90.069094 Y59.003938 Z3.704087 E0.732312
G1 X92.255989 Y57.848428 Z3.707485 E0.732292
G1 X94.47804 Y56.762209 Z3.710882 E0.732272
G1 X96.733053 Y55.746349 Z3.714279 E0.732253
G1 X99.018801 Y54.801848 Z3.717676 E0.732233
G1 X101.333027 Y53.929633 Z3.721074 E0.732213
G1 X103.673445 Y53.130562 Z3.724471 E0.732194
G1 X106.037744 Y52.405419 Z3.727868 E0.732174
G1 X108.42359 Y51.754916 Z3.731265 E0.732154
G1 X110.828626 Y51.179691 Z3.734663 E0.732135
G1 X113.25048 Y50.680307 Z3.73806 E0.732115
G1 X115.686758 Y50.257253 Z3.741457 E0.732095
G1 X118.135058 Y49.910942 Z3.744854 E0.732076
G1 X120.592961 Y49.641712 Z3.748251 E0.732056
G1 X123.058042 Y49.449826 Z3.751649 E0.732037
G1 X125.527867 Y49.335467 Z3.755046 E0.732017
G1 X128 Y49.298744 Z3.758443 E0.731997
G1 X130.472 Y49.33969 Z3.76184 E0.731978
G1 X132.941427 Y49.458261 Z3.765238 E0.731958
G1 X135.405846 Y49.654334 Z3.768635 E0.731938
G1 X137.862824 Y49.927712 Z3.772032 E0.731919
G1 X140.309936 Y50.278122 Z3.775429 E0.731899
G1 X142.744769 Y50.705213 Z3.778827 E0.731879
G1 X145.164921 Y51.20856 Z3.782224 E0.73186
G1 X147.568003 Y51.787661 Z3.785621 E0.73184
G1 X149.951645 Y52.441943 Z3.789018 E0.73182
G1 X152.313496 Y53.170753 Z3.792416 E0.731801
G1 X154.651227 Y53.97337 Z3.795813 E0.731781
G1 X156.962531 Y54.848998 Z3.79921 E0.731761
G1 X159.245129 Y55.796768 Z3.802607 E0.731742
G1 X161.49677 Y56.815741 Z3.806004 E0.731722
G1 X163.715234 Y57.904907 Z3.809402 E0.731702
G1 X165.898332 Y59.063189 Z3.812799 E0.731683
G1 X168.043914 Y60.28944 Z3.816196 E0.731663
G1 X170.149862 Y61.582444 Z3.819593 E0.731643
G1 X172.214102 Y62.940924 Z3.822991 E0.731624
G1 X174.234598 Y64.363535 Z3.826388 E0.731604
G1 X176.209359 Y65.848869 Z3.829785 E0.731585
G1 X178.136438 Y67.395458 Z3.833182 E0.731565
G1 X180.013936 Y69.001771 Z3.83658 E0.731545
G1 X181.840003 Y70.66622 Z3.839977 E0.731526
G1 X183.61284 Y72.38716 Z3.843374 E0.731506
G1 X185.330699 Y74.16289 Z3.846771 E0.731486
G1 X186.991889 Y75.991653 Z3.850169 E0.731467
G1 X188.594774 Y77.871643 Z3.853566 E0.731447
G1 X190.137774 Y79.801002 Z3.856963 E0.731427
G1 X191.619371 Y81.777821 Z3.86036 E0.731408
G1 X193.038105 Y83.80015 Z3.863758 E0.731388
G1 X194.392579 Y85.865988 Z3.867155 E0.731368
G1 X195.681461 Y87.973296 Z3.870552 E0.731349
G1 X196.903482 Y90.11999 Z3.873949 E0.731329
G1 X198.057439 Y92.303952 Z3.877346 E0.731309
G1 X199.142198 Y94.523023 Z3.880744 E0.73129
G1 X200.156692 Y96.775011 Z3.884141 E0.73127
G1 X201.099923 Y99.057693 Z3.887538 E0.73125
G1 X201.970965 Y101.368814 Z3.890935 E0.731231
G1 X202.768961 Y103.706092 Z3.894333 E0.731211
G1 X203.493128 Y106.067219 Z3.89773 E0.731191
G1 X204.142755 Y108.449863 Z3.901127 E0.731172
G1 X204.717206 Y110.851673 Z3.904524 E0.731152
G1 X205.215917 Y113.270276 Z3.907922 E0.731133
G1 X205.6384 Y115.703285 Z3.911319 E0.731113
G1 X205.984243 Y118.148299 Z3.914716 E0.731093
G1 X206.253109 Y120.602903 Z3.918113 E0.731074
G1 X206.444735 Y123.064676 Z3.921511 E0.731054
G1 X206.558938 Y125.531186 Z3.924908 E0.731034
G1 X206.595608 Y128 Z3.928305 E0.731015
G1 X206.554719 Y130.468682 Z3.931693 E0.730995
G1 X206.436311 Y132.934794 Z3.935082 E0.730975
G1 X206.240504 Y135.395905 Z3.93847 E0.730956
G1 X205.967495 Y137.849585 Z3.941859 E0.730936
G1 X205.617558 Y140.293413 Z3.945247 E0.730917
G1 X205.191043 Y142.724979 Z3.948636 E0.730897
G1 X204.688374 Y145.141883 Z3.952024 E0.730877
G1 X204.110052 Y147.54174 Z3.955413 E0.730858
G1 X203.456652 Y149.922184 Z3.958801 E0.730838
G1 X202.728822 Y152.280866 Z3.962189 E0.730819
G1 X201.927284 Y154.61546 Z3.965578 E0.730799
G1 X201.052834 Y156.923663 Z3.968966 E0.730779
G1 X200.106339 Y159.203199 Z3.972355 E0.73076
G1 X199.088736 Y161.45182 Z3.975743 E0.73074
G1 X198.001033 Y163.667308 Z3.979132 E0.730721
G1 X196.844301 Y165.847475 Z3.98252 E0.730701
G1 X195.619689 Y167.990173 Z3.985909 E0.730681
G1 X194.328412 Y170.09329 Z3.989297 E0.730662
G1 X192.971748 Y172.154755 Z3.992685 E0.730642
G1 X191.55104 Y174.172533 Z3.996074 E0.730622
G1 X190.067693 Y176.144638 Z3.999462 E0.730602
G1 X188.523169 Y178.06912 Z4.002851 E0.730583
G1 X186.918997 Y179.944083 Z4.006239 E0.730563
G1 X185.256768 Y181.767684 Z4.009628 E0.730543
G1 X183.538125 Y183.538125 Z4.013016 E0.730523
G1 X181.764767 Y185.253662 Z4.016404 E0.730503
G1 X179.938448 Y186.912605 Z4.019793 E0.730484
G1 X178.060968 Y188.513315 Z4.023181 E0.730464
G1 X176.134184 Y190.054216 Z4.02657 E0.730444
G1 X174.160003 Y191.533794 Z4.029958 E0.730424
G1 X172.140378 Y192.950593 Z4.033347 E0.730404
G1 X170.077302 Y194.303218 Z4.036735 E0.730384
G1 X167.972814 Y195.590338 Z4.040124 E0.730364
G1 X165.828992 Y196.810681 Z4.043512 E0.730344
G1 X163.647952 Y197.963046 Z4.0469 E0.730324
G1 X161.431853 Y199.046304 Z4.050289 E0.730304
G1 X159.182883 Y200.05939 Z4.053677 E0.730284
G1 X156.903263 Y201.001309 Z4.057066 E0.730264
G1 X154.595245 Y201.871135 Z4.060454 E0.730244
G1 X152.261107 Y202.668008 Z4.063843 E0.730224
G1 X149.903152 Y203.391145 Z4.067231 E0.730204
G1 X147.523713 Y204.039842 Z4.070619 E0.730184
G1 X145.125138 Y204.613462 Z4.074008 E0.730164
G1 X142.709795 Y205.111445 Z4.077396 E0.730144
G1 X140.280069 Y205.533303 Z4.080785 E0.730123
G1 X137.838358 Y205.878619 Z4.084173 E0.730103
G1 X135.387072 Y206.147054 Z4.087562 E0.730083
G1 X132.928632 Y206.338355 Z4.09095 E0.730063
G1 X130.465464 Y206.452336 Z4.094339 E0.730043
G1 X128 Y206.48889 Z4.097727 E0.730022
G1 X125.534673 Y206.447985 Z4.101115 E0.730002
G1 X123.071915 Y206.329662 Z4.104504 E0.729982
G1 X120.614159 Y206.134038 Z4.107892 E0.729962
G1 X118.163828 Y205.861318 Z4.111281 E0.729941
G1 X115.723341 Y205.511776 Z4.114669 E0.729921
G1 X113.295105 Y205.08576 Z4.118058 E0.729901
G1 X110.881516 Y204.583696 Z4.121446 E0.72988
G1 X108.484956 Y204.00608 Z4.124834 E0.72986
G1 X106.10779 Y203.353481 Z4.128223 E0.729839
G1 X103.752362 Y202.626555 Z4.131611 E0.729819
G1 X101.420995 Y201.826026 Z4.135 E0.729798
G1 X99.115989 Y200.952685 Z4.138388 E0.729778
G1 X96.839615 Y200.0074 Z4.141777 E0.729758
G1 X94.594122 Y198.991105 Z4.145165 E0.729737
G1 X92.381725 Y197.904801 Z4.148554 E0.729717
G1 X90.204602 Y196.749573 Z4.151942 E0.729696
G1 X88.064901 Y195.526564 Z4.15533 E0.729675
G1 X85.964731 Y194.236985 Z4.158719 E0.729655
G1 X83.906162 Y192.882113 Z4.162107 E0.729634
G1 X81.891222 Y191.463288 Z4.165496 E0.729614
G1 X79.921899 Y189.981914 Z4.168884 E0.729593
G1 X78.000133 Y188.439456 Z4.172273 E0.729573
G1 X76.127818 Y186.837441 Z4.175661 E0.729552
G1 X74.306799 Y185.177452 Z4.179049 E0.729531
G1 X72.538869 Y183.461131 Z4.182438 E0.729511
G1 X70.825772 Y181.690174 Z4.185826 E0.72949
G1 X69.169193 Y179.866333 Z4.189215 E0.72947
G1 X67.570765 Y177.991411 Z4.192603 E0.729449
G1 X66.032062 Y176.06726 Z4.195992 E0.729429
G1 X64.554599 Y174.095782 Z4.19938 E0.729408
G1 X63.139831 Y172.078925 Z4.202769 E0.729388
G1 X61.78915 Y170.018683 Z4.206157 E0.729367
G1 X60.503885 Y167.917091 Z4.209545 E0.729346
G1 X59.285302 Y165.776225 Z4.212934 E0.729326
G1 X58.134599 Y163.5982 Z4.216322 E0.729305
G1 X57.052907 Y161.385168 Z4.219711 E0.729285
G1 X56.041291 Y159.139314 Z4.223099 E0.729264
G1 X55.100744 Y156.862857 Z4.226488 E0.729244
G1 X54.232192 Y154.558045 Z4.229876 E0.729223
G1 X53.436486 Y152.227154 Z4.233264 E0.729202
G1 X52.714408 Y149.872486 Z4.236653 E0.729182
G1 X52.066668 Y147.496366 Z4.240041 E0.729161
G1 X51.493898 Y145.10114 Z4.24343 E0.729141
G1 X50.996661 Y142.689172 Z4.246818 E0.72912
G1 X50.575443 Y140.262845 Z4.250207 E0.7291
G1 X50.230656 Y137.824553 Z4.253595 E0.729079
G1 X49.962635 Y135.376703 Z4.256984 E0.729059
G1 X49.771641 Y132.921711 Z4.260372 E0.729038
G1 X49.657857 Y130.462001 Z4.26376 E0.729017
G1 X49.621392 Y128 Z4.267149 E0.728997
G1 X49.662277 Y125.538138 Z4.270537 E0.728976
G1 X49.780467 Y123.078844 Z4.273926 E0.728956
G1 X49.975842 Y120.624546 Z4.277314 E0.728935
G1 X50.248204 Y118.177664 Z4.280703 E0.728915
G1 X50.597281 Y115.740614 Z4.284091 E0.728894
G1 X51.022723 Y113.315799 Z4.28748 E0.728873
G1 X51.524106 Y110.905612 Z4.290868 E0.728853
G1 X52.100932 Y108.512432 Z4.294256 E0.728832
G1 X52.752626 Y106.138617 Z4.297645 E0.728812
G1 X53.478541 Y103.78651 Z4.301033 E0.728791
G1 X54.277958 Y101.458432 Z4.304422 E0.728771
G1 X55.150082 Y99.156677 Z4.30781 E0.72875
G1 X56.094048 Y96.883516 Z4.311199 E0.728729
G1 X57.108923 Y94.641191 Z4.314587 E0.728709
G1 X58.193699 Y92.431913 Z4.317975 E0.728688
G1 X59.347302 Y90.25786 Z4.321364 E0.728668
G1 X60.56859 Y88.121175 Z4.324752 E0.728647
G1 X61.856354 Y86.023966 Z4.328141 E0.728627
G1 X63.20932 Y83.968299 Z4.331529 E0.728606
G1 X64.626148 Y81.956202 Z4.334918 E0.728586
G1 X66.105437 Y79.989656 Z4.338306 E0.728565
G1 X67.645723 Y78.0706 Z4.341695 E0.728544
G1 X69.245483 Y76.200926 Z4.345083 E0.728524
G1 X70.903135 Y74.382475 Z4.348471 E0.728503
G1 X72.617039 Y72.617039 Z4.35186 E0.728483
G1 X74.385502 Y70.906359 Z4.355248 E0.728462
G1 X76.206774 Y69.252117 Z4.358637 E0.728442
G1 X78.079056 Y67.655945 Z4.362025 E0.728421
G1 X80.000497 Y66.119413 Z4.365414 E0.7284
G1 X81.969197 Y64.644035 Z4.368802 E0.72838
G1 X83.983212 Y63.231264 Z4.37219 E0.728359
G1 X86.040552 Y61.88249 Z4.375579 E0.728339
G1 X88.139183 Y60.59904 Z4.378967 E0.728318
G1 X90.277032 Y59.382177 Z4.382356 E0.728298
G1 X92.451988 Y58.233099 Z4.385744 E0.728277
G1 X94.661902 Y57.152935 Z4.389133 E0.728257
G1 X96.90459 Y56.142748 Z4.392521 E0.728236
G1 X99.177839 Y55.20353 Z4.39591 E0.728215
G1 X101.479402 Y54.336205 Z4.399298 E0.728195
G1 X103.807007 Y53.541624 Z4.402686 E0.728174
G1 X106.158356 Y52.820568 Z4.406075 E0.728154
G1 X108.531126 Y52.173744 Z4.409463 E0.728133
G1 X110.922976 Y51.601785 Z4.412852 E0.728113
G1 X113.331542 Y51.105252 Z4.41624 E0.728092
G1 X115.754449 Y50.684632 Z4.419629 E0.728071
G1 X118.189303 Y50.340334 Z4.423017 E0.728051
G1 X120.633701 Y50.072694 Z4.426405 E0.72803
G1 X123.08523 Y49.881972 Z4.429794 E0.72801
G1 X125.541471 Y49.768351 Z4.433182 E0.727989
G1 X128 Y49.731941 Z4.436571 E0.727969
G1 X130.45839 Y49.772771 Z4.439959 E0.727948
G1 X132.914214 Y49.890798 Z4.443348 E0.727928
G1 X135.365051 Y50.085901 Z4.446736 E0.727907
G1 X137.808481 Y50.357882 Z4.450125 E0.727886
G1 X140.242093 Y50.706469 Z4.453513 E0.727866
G1 X142.663486 Y51.131314 Z4.456901 E0.727845
G1 X145.070272 Y51.631993 Z4.46029 E0.727825
G1 X147.460076 Y52.208008 Z4.463678 E0.727804
G1 X149.830541 Y52.858786 Z4.467067 E0.727784
G1 X152.179328 Y53.58368 Z4.470455 E0.727763
G1 X154.504121 Y54.381971 Z4.473844 E0.727742
G1 X156.802627 Y55.252868 Z4.477232 E0.727722
G1 X159.07258 Y56.195505 Z4.48062 E0.727701
G1 X161.311739 Y57.20895 Z4.484009 E0.727681
G1 X163.517899 Y58.292199 Z4.487397 E0.72766
G1 X165.688883 Y59.444177 Z4.490786 E0.72764
G1 X167.822551 Y60.663744 Z4.494174 E0.727619
G1 X169.916799 Y61.949694 Z4.497563 E0.727598
G1 X171.969563 Y63.300753 Z4.500951 E0.727578
G1 X173.978819 Y64.715584 Z4.50434 E0.727557
G1 X175.942588 Y66.192788 Z4.507728 E0.727537
G1 X177.858933 Y67.730903 Z4.511116 E0.727516
G1 X179.725967 Y69.328407 Z4.514505 E0.727496
G1 X181.541849 Y70.983722 Z4.517893 E0.727475
G1 X183.30479 Y72.69521 Z4.521282 E0.727455
G1 X185.013055 Y74.461178 Z4.52467 E0.727434
G1 X186.664959 Y76.279882 Z4.528059 E0.727413
G1 X188.258876 Y78.149523 Z4.531447 E0.727393
G1 X189.793236 Y80.068253 Z4.534836 E0.727372
G1 X191.266528 Y82.034177 Z4.538224 E0.727352
G1 X192.677303 Y84.04535 Z4.541612 E0.727331
G1 X194.024171 Y86.099787 Z4.545001 E0.727311
G1 X195.305806 Y88.195457 Z4.548389 E0.72729
G1 X196.520948 Y90.33029 Z4.551778 E0.727269
G1 X197.668401 Y92.502176 Z4.555166 E0.727249
G1 X198.747037 Y94.708971 Z4.558555 E0.727228
G1 X199.755795 Y96.948495 Z4.561943 E0.727208
G1 X200.693684 Y99.218535 Z4.565331 E0.727187
G1 X201.559781 Y101.516849 Z4.56872 E0.727167
G1 X202.353237 Y103.841169 Z4.572108 E0.727146
G1 X203.073272 Y106.189198 Z4.575497 E0.727126
G1 X203.71918 Y108.558619 Z4.578885 E0.727105
G1 X204.290328 Y110.947091 Z4.582274 E0.727084
G1 X204.786157 Y113.352257 Z4.585662 E0.727064
G1 X205.20618 Y115.771742 Z4.589051 E0.727043
G1 X205.549989 Y118.203158 Z4.592439 E0.727023
G1 X205.817248 Y120.644104 Z4.595827 E0.727002
G1 X206.007697 Y123.092172 Z4.599216 E0.726982
G1 X206.121154 Y125.544944 Z4.602604 E0.726961
G1 X206.15751 Y128 Z4.605993 E0.72694
G1 X206.116759 Y130.454918 Z4.609343 E0.716393
G1 X205.998921 Y132.907276 Z4.612693 E0.716373
G1 X205.804116 Y135.354654 Z4.616043 E0.716352
G1 X205.53254 Y137.794638 Z4.619392 E0.716332
G1 X205.184467 Y140.224819 Z4.622742 E0.716312
G1 X204.760243 Y142.642799 Z4.626092 E0.716292
G1 X204.260292 Y145.046195 Z4.629442 E0.716272
G1 X203.685111 Y147.432634 Z4.632792 E0.716252
G1 X203.035272 Y149.799762 Z4.636142 E0.716232
G1 X202.311421 Y152.145244 Z4.639492 E0.716212
G1 X201.514275 Y154.466768 Z4.642842 E0.716192
G1 X200.644627 Y156.762042 Z4.646192 E0.716172
G1 X199.703337 Y159.028805 Z4.649542 E0.716152
G1 X198.69134 Y161.26482 Z4.652892 E0.716132
G1 X197.609637 Y163.467882 Z4.656242 E0.716112
G1 X196.459301 Y165.635819 Z4.659592 E0.716092
G1 X195.241469 Y167.766494 Z4.662942 E0.716072
G1 X193.957348 Y169.857806 Z4.666291 E0.716052
G1 X192.608209 Y171.907693 Z4.669641 E0.716032
G1 X191.195386 Y173.914136 Z4.672991 E0.716012
G1 X189.720278 Y175.875155 Z4.676341 E0.715992
G1 X188.184344 Y177.788819 Z4.679691 E0.715972
G1 X186.589102 Y179.653242 Z4.683041 E0.715952
G1 X184.936131 Y181.466586 Z4.686391 E0.715932
G1 X183.227065 Y183.227065 Z4.689741 E0.715912
G1 X181.463593 Y184.932944 Z4.693091 E0.715892
G1 X179.647459 Y186.582543 Z4.696441 E0.715872
G1 X177.780459 Y188.174238 Z4.699791 E0.715852
G1 X175.864437 Y189.706461 Z4.703141 E0.715832
G1 X173.901287 Y191.177702 Z4.706491 E0.715812
G1 X171.89295 Y192.586514 Z4.709841 E0.715791
G1 X169.841408 Y193.93151 Z4.71319 E0.715771
G1 X167.748691 Y195.211366 Z4.71654 E0.715751
G1 X165.616864 Y196.424822 Z4.71989 E0.715731
G1 X163.448035 Y197.570685 Z4.72324 E0.715711
G1 X161.244344 Y198.647828 Z4.72659 E0.715691
G1 X159.00797 Y199.655192 Z4.72994 E0.715671
G1 X156.741121 Y200.591786 Z4.73329 E0.715651
G1 X154.446036 Y201.45669 Z4.73664 E0.715631
G1 X152.12498 Y202.249054 Z4.73999 E0.715611
G1 X149.780247 Y202.968102 Z4.74334 E0.715591
G1 X147.414151 Y203.613127 Z4.74669 E0.715571
G1 X145.029029 Y204.183496 Z4.75004 E0.715551
G1 X142.627235 Y204.678652 Z4.75339 E0.715531
G1 X140.211141 Y205.098109 Z4.75674 E0.715511
G1 X137.783131 Y205.441458 Z4.76009 E0.715491
G1 X135.345603 Y205.708365 Z4.763439 E0.715471
G1 X132.900963 Y205.89857 Z4.766789 E0.715451
G1 X130.451622 Y206.01189 Z4.770139 E0.715431
G1 X128 Y206.048217 Z4.773489 E0.715411
G1 X125.548515 Y206.007521 Z4.776839 E0.715391
G1 X123.099586 Y205.889844 Z4.780189 E0.715371
G1 X120.655631 Y205.695308 Z4.783539 E0.715351
G1 X118.21906 Y205.424109 Z4.786889 E0.715331
G1 X115.792279 Y205.07652 Z4.790239 E0.715311
G1 X113.37768 Y204.652886 Z4.793589 E0.715291
G1 X110.977647 Y204.153631 Z4.796939 E0.715271
G1 X108.594546 Y203.579252 Z4.800289 E0.715251
G1 X106.23073 Y202.930319 Z4.803639 E0.71523
G1 X103.888529 Y202.207477 Z4.806989 E0.71521
G1 X101.570254 Y201.411444 Z4.810338 E0.71519
G1 X99.278191 Y200.543009 Z4.813688 E0.71517
G1 X97.014601 Y199.603033 Z4.817038 E0.71515
G1 X94.781715 Y198.592449 Z4.820388 E0.71513
G1 X92.581736 Y197.512257 Z4.823738 E0.71511
G1 X90.416833 Y196.363527 Z4.827088 E0.71509
G1 X88.289141 Y195.147396 Z4.830438 E0.71507
G1 X86.200756 Y193.865069 Z4.833788 E0.71505
G1 X84.153738 Y192.517815 Z4.837138 E0.71503
G1 X82.150105 Y191.106966 Z4.840488 E0.71501
G1 X80.191836 Y189.633913 Z4.843838 E0.71499
G1 X78.28086 Y188.100116 Z4.847188 E0.71497
G1 X76.419056 Y186.507096 Z4.850538 E0.71495
G1 X74.60826 Y184.856428 Z4.853888 E0.71493
G1 X72.850256 Y183.149744 Z4.857237 E0.714909
G1 X71.146776 Y181.388731 Z4.860587 E0.714889
G1 X69.499503 Y179.575126 Z4.863937 E0.714869
G1 X67.910058 Y177.710723 Z4.867287 E0.714849
G1 X66.380003 Y175.797369 Z4.870637 E0.714829
G1 X64.910845 Y173.836954 Z4.873987 E0.714808
G1 X63.504029 Y171.831417 Z4.877337 E0.714788
G1 X62.160941 Y169.782737 Z4.880687 E0.714768
G1 X60.882908 Y167.692938 Z4.884037 E0.714748
G1 X59.671188 Y165.564083 Z4.887387 E0.714727
G1 X58.526967 Y163.398279 Z4.890737 E0.714707
G1 X57.45137 Y161.197665 Z4.894087 E0.714687
G1 X56.445457 Y158.964416 Z4.897437 E0.714666
G1 X55.510214 Y156.700737 Z4.900787 E0.714646
G1 X54.646565 Y154.408862 Z4.904137 E0.714625
G1 X53.855362 Y152.091053 Z4.907486 E0.714605
G1 X53.137374 Y149.749603 Z4.910836 E0.714585
G1 X52.493306 Y147.386824 Z4.914186 E0.714564
G1 X51.923788 Y145.005048 Z4.917536 E0.714544
G1 X51.429379 Y142.606627 Z4.920886 E0.714523
G1 X51.010565 Y140.193929 Z4.924236 E0.714503
G1 X50.667762 Y137.769334 Z4.927586 E0.714482
G1 X50.401293 Y135.335237 Z4.930936 E0.714462
G1 X50.211419 Y132.894043 Z4.934286 E0.714441
G1 X50.098321 Y130.448159 Z4.937636 E0.71442
G1 X50.062107 Y128 Z4.940986 E0.7144
G1 X50.10281 Y125.551982 Z4.944336 E0.714379
G1 X50.220393 Y123.106522 Z4.947686 E0.714359
G1 X50.414728 Y120.666032 Z4.951036 E0.714338
G1 X50.685616 Y118.232922 Z4.954385 E0.714317
G1 X51.032786 Y115.809591 Z4.957735 E0.714297
G1 X51.455891 Y113.39843 Z4.961085 E0.714276
G1 X51.95451 Y111.001819 Z4.964435 E0.714255
G1 X52.528157 Y108.622124 Z4.967785 E0.714234
G1 X53.17625 Y106.261691 Z4.971135 E0.714214
G1 X53.898145 Y103.922848 Z4.974485 E0.714193
G1 X54.693126 Y101.607901 Z4.977835 E0.714172
G1 X55.560404 Y99.319135 Z4.981185 E0.714151
G1 X56.499118 Y97.058805 Z4.984535 E0.71413
G1 X57.508348 Y94.829146 Z4.987885 E0.71411
G1 X58.587084 Y92.632353 Z4.991235 E0.714089
G1 X59.734259 Y90.470591 Z4.994585 E0.714068
G1 X60.948734 Y88.345992 Z4.997935 E0.714047
G1 X62.229307 Y86.260649 Z5.001284 E0.714026
G1 X63.574712 Y84.216619 Z5.004634 E0.714005
G1 X64.983623 Y82.215922 Z5.007984 E0.713984
G1 X66.454642 Y80.260526 Z5.011334 E0.713963
G1 X67.98631 Y78.352358 Z5.014684 E0.713942
G1 X69.577112 Y76.493296 Z5.018034 E0.713921
G1 X71.225476 Y74.685173 Z5.021384 E0.7139
G1 X72.929771 Y72.929771 Z5.024734 E0.713879
G1 X74.688312 Y71.228818 Z5.028084 E0.713858
G1 X76.499359 Y69.58399 Z5.031434 E0.713837
G1 X78.361124 Y67.996907 Z5.034784 E0.713816
G1 X80.271766 Y66.469131 Z5.038134 E0.713795
G1 X82.229395 Y65.002167 Z5.041484 E0.713774
G1 X84.232078 Y63.597459 Z5.044834 E0.713753
G1 X86.277836 Y62.25639 Z5.048184 E0.713732
G1 X88.364647 Y60.980278 Z5.051533 E0.713711
G1 X90.490449 Y59.770381 Z5.054883 E0.71369
G1 X92.653143 Y58.627887 Z5.058233 E0.713669
G1 X94.850591 Y57.55392 Z5.061583 E0.713648
G1 X97.080623 Y56.549536 Z5.064933 E0.713627
G1 X99.341037 Y55.615723 Z5.068283 E0.713606
G1 X101.6296 Y54.753397 Z5.071633 E0.713585
G1 X103.944052 Y53.963406 Z5.074983 E0.713564
G1 X106.282108 Y53.246524 Z5.078333 E0.713543
G1 X108.641458 Y52.603455 Z5.081683 E0.713522
G1 X111.019773 Y52.034829 Z5.085033 E0.713501
G1 X113.414704 Y51.541203 Z5.088383 E0.71348
G1 X115.823889 Y51.12306 Z5.091733 E0.713459
G1 X118.244947 Y50.780807 Z5.095083 E0.713438
G1 X120.67549 Y50.514778 Z5.098432 E0.713417
G1 X123.113118 Y50.325232 Z5.101782 E0.713396
G1 X125.555425 Y50.21235 Z5.105132 E0.713375
G1 X128 Y50.17624 Z5.108482 E0.713354
G1 X130.444431 Y50.216932 Z5.111832 E0.713333
G1 X132.886306 Y50.334382 Z5.115182 E0.713312
G1 X135.323216 Y50.52847 Z5.118532 E0.713291
G1 X137.752754 Y50.799 Z5.121882 E0.71327
G1 X140.172525 Y51.145699 Z5.125232 E0.713249
G1 X142.580141 Y51.568222 Z5.128582 E0.713228
G1 X144.973227 Y52.066147 Z5.131932 E0.713207
G1 X147.349422 Y52.638978 Z5.135282 E0.713186
G1 X149.706381 Y53.286145 Z5.138632 E0.713165
G1 X152.041781 Y54.007006 Z5.141982 E0.713144
G1 X154.353318 Y54.800844 Z5.145332 E0.713123
G1 X156.638711 Y55.666872 Z5.148681 E0.713102
G1 X158.895708 Y56.604232 Z5.152031 E0.713081
G1 X161.122082 Y57.611993 Z5.155381 E0.71306
G1 X163.315638 Y58.689157 Z5.158731 E0.713039
G1 X165.474214 Y59.834657 Z5.162081 E0.713018
G1 X167.595681 Y61.047359 Z5.165431 E0.712997
G1 X169.677948 Y62.326062 Z5.168781 E0.712976
G1 X171.718962 Y63.6695 Z5.172131 E0.712955
G1 X173.716712 Y65.076344 Z5.175481 E0.712934
G1 X175.669229 Y66.545201 Z5.178831 E0.712913
G1 X177.574588 Y68.074618 Z5.182181 E0.712892
G1 X179.430912 Y69.663082 Z5.185531 E0.712871
G1 X181.236371 Y71.309023 Z5.188881 E0.71285
G1 X182.989188 Y73.010812 Z5.192231 E0.712829
G1 X184.687636 Y74.766767 Z5.19558 E0.712808
G1 X186.33004 Y76.575152 Z5.19893 E0.712787
G1 X187.914785 Y78.434179 Z5.20228 E0.712766
G1 X189.44031 Y80.34201 Z5.20563 E0.712745
G1 X190.905112 Y82.296761 Z5.20898 E0.712724
G1 X192.30775 Y84.296498 Z5.21233 E0.712703
G1 X193.646843 Y86.339247 Z5.21568 E0.712682
G1 X194.921073 Y88.422988 Z5.21903 E0.712661
G1 X196.129187 Y90.545663 Z5.22238 E0.71264
G1 X197.269996 Y92.705174 Z5.22573 E0.712619
G1 X198.342379 Y94.899389 Z5.22908 E0.712598
G1 X199.345281 Y97.12614 Z5.23243 E0.712577
G1 X200.277716 Y99.383228 Z5.23578 E0.712556
G1 X201.138769 Y101.668423 Z5.23913 E0.712535
G1 X201.927595 Y103.979468 Z5.242479 E0.712514
G1 X202.643418 Y106.314082 Z5.245829 E0.712492
G1 X203.285537 Y108.66996 Z5.249179 E0.712471
G1 X203.853322 Y111.044774 Z5.252529 E0.71245
G1 X204.346218 Y113.43618 Z5.255879 E0.712429
G1 X204.763742 Y115.841818 Z5.259229 E0.712408
G1 X205.105488 Y118.259312 Z5.262579 E0.712387
G1 X205.371121 Y120.686276 Z5.265929 E0.712366
G1 X205.560385 Y123.120314 Z5.269279 E0.712345
G1 X205.673097 Y125.559025 Z5.272629 E0.712324
G1 X205.709151 Y128 Z5.275979 E0.712303
G1 X205.668549 Y130.440832 Z5.27928 E0.701915
G1 X205.551301 Y132.879114 Z5.282581 E0.701895
G1 X205.357529 Y135.312439 Z5.285882 E0.701874
G1 X205.087427 Y137.738407 Z5.289183 E0.701854
G1 X204.741268 Y140.154623 Z5.292485 E0.701834
G1 X204.319396 Y142.558703 Z5.295786 E0.701813
G1 X203.822232 Y144.948277 Z5.299087 E0.701793
G1 X203.250272 Y147.320986 Z5.302388 E0.701772
G1 X202.604085 Y149.67449 Z5.305689 E0.701752
G1 X201.884312 Y152.006468 Z5.308991 E0.701732
G1 X201.091668 Y154.31462 Z5.312292 E0.701711
G1 X200.226939 Y156.596668 Z5.315593 E0.701691
G1 X199.290983 Y158.850363 Z5.318894 E0.70167
G1 X198.284728 Y161.073483 Z5.322195 E0.70165
G1 X197.209171 Y163.263834 Z5.325496 E0.70163
G1 X196.065378 Y165.419258 Z5.328798 E0.701609
G1 X194.85448 Y167.537629 Z5.332099 E0.701589
G1 X193.577677 Y169.616859 Z5.3354 E0.701568
G1 X192.236233 Y171.654899 Z5.338701 E0.701548
G1 X190.831475 Y173.649739 Z5.342002 E0.701528
G1 X189.364794 Y175.599414 Z5.345303 E0.701507
G1 X187.83764 Y177.502001 Z5.348605 E0.701487
G1 X186.251524 Y179.355627 Z5.351906 E0.701466
G1 X184.608015 Y181.158464 Z5.355207 E0.701446
G1 X182.908737 Y182.908737 Z5.358508 E0.701426
G1 X181.155372 Y184.604721 Z5.361809 E0.701405
G1 X179.349652 Y186.244747 Z5.36511 E0.701385
G1 X177.493362 Y187.827197 Z5.368412 E0.701364
G1 X175.588338 Y189.350516 Z5.371713 E0.701344
G1 X173.636462 Y190.813201 Z5.375014 E0.701324
G1 X171.639663 Y192.213814 Z5.378315 E0.701303
G1 X169.599915 Y193.550977 Z5.381616 E0.701283
G1 X167.519232 Y194.823372 Z5.384917 E0.701262
G1 X165.39967 Y196.029748 Z5.388219 E0.701242
G1 X163.243324 Y197.168919 Z5.39152 E0.701222
G1 X161.052324 Y198.239764 Z5.394821 E0.701201
G1 X158.828833 Y199.24123 Z5.398122 E0.701181
G1 X156.575049 Y200.172334 Z5.401423 E0.70116
G1 X154.293195 Y201.03216 Z5.404725 E0.70114
G1 X151.985528 Y201.819864 Z5.408026 E0.70112
G1 X149.654324 Y202.534673 Z5.411327 E0.701099
G1 X147.301887 Y203.175885 Z5.414628 E0.701079
G1 X144.930538 Y203.742873 Z5.417929 E0.701058
G1 X142.542619 Y204.235081 Z5.42123 E0.701038
G1 X140.140488 Y204.652027 Z5.424532 E0.701018
G1 X137.726516 Y204.993305 Z5.427833 E0.700997
G1 X135.303086 Y205.258582 Z5.431134 E0.700977
G1 X132.87259 Y205.447601 Z5.434435 E0.700956
G1 X130.437427 Y205.560179 Z5.437736 E0.700936
G1 X128 Y205.59621 Z5.441037 E0.700916
G1 X125.562715 Y205.555663 Z5.444339 E0.700895
G1 X123.127977 Y205.438583 Z5.44764 E0.700875
G1 X120.698189 Y205.245089 Z5.450941 E0.700854
G1 X118.275748 Y204.975377 Z5.454242 E0.700834
G1 X115.863045 Y204.629717 Z5.457543 E0.700813
G1 X113.46246 Y204.208455 Z5.460844 E0.700793
G1 X111.07636 Y203.712011 Z5.464146 E0.700773
G1 X108.707101 Y203.14088 Z5.467447 E0.700752
G1 X106.357019 Y202.495629 Z5.470748 E0.700732
G1 X104.028432 Y201.776899 Z5.474049 E0.700711
G1 X101.723638 Y200.985404 Z5.47735 E0.700691
G1 X99.444908 Y200.121929 Z5.480651 E0.700671
G1 X97.194491 Y199.187331 Z5.483953 E0.70065
G1 X94.974605 Y198.182536 Z5.487254 E0.70063
G1 X92.78744 Y197.10854 Z5.490555 E0.700609
G1 X90.635152 Y195.966407 Z5.493856 E0.700589
G1 X88.519862 Y194.757267 Z5.497157 E0.700569
G1 X86.443657 Y193.482318 Z5.500459 E0.700548
G1 X84.408583 Y192.142822 Z5.50376 E0.700528
G1 X82.416646 Y190.740104 Z5.507061 E0.700507
G1 X80.469809 Y189.275553 Z5.510362 E0.700487
G1 X78.56999 Y187.750618 Z5.513663 E0.700467
G1 X76.719062 Y186.166806 Z5.516964 E0.700446
G1 X74.918849 Y184.525684 Z5.520266 E0.700426
G1 X73.171124 Y182.828876 Z5.523567 E0.700405
G1 X71.477609 Y181.078058 Z5.526868 E0.700385
G1 X69.839972 Y179.274962 Z5.530169 E0.700365
G1 X68.259825 Y177.421371 Z5.53347 E0.700344
G1 X66.738725 Y175.519116 Z5.536771 E0.700324
G1 X65.27817 Y173.570077 Z5.540073 E0.700303
G1 X63.879597 Y171.576181 Z5.543374 E0.700283
G1 X62.544383 Y169.539398 Z5.546675 E0.700263
G1 X61.273841 Y167.46174 Z5.549976 E0.700242
G1 X60.069223 Y165.345261 Z5.553277 E0.700222
G1 X58.931712 Y163.19205 Z5.556578 E0.700201
G1 X57.862428 Y161.004236 Z5.55988 E0.700181
G1 X56.862422 Y158.783979 Z5.563181 E0.700161
G1 X55.932676 Y156.533472 Z5.566482 E0.70014
G1 X55.074104 Y154.254938 Z5.569783 E0.70012
G1 X54.287549 Y151.950627 Z5.573084 E0.700099
G1 X53.573784 Y149.622815 Z5.576385 E0.700079
G1 X52.933507 Y147.273799 Z5.579687 E0.700059
G1 X52.367348 Y144.905901 Z5.582988 E0.700038
G1 X51.87586 Y142.521456 Z5.586289 E0.700018
G1 X51.459523 Y140.122821 Z5.58959 E0.699997
G1 X51.118745 Y137.712361 Z5.592891 E0.699977
G1 X50.853858 Y135.292458 Z5.596193 E0.699957
G1 X50.665117 Y132.865498 Z5.599494 E0.699936
G1 X50.552706 Y130.433879 Z5.602795 E0.699916
G1 X50.516731 Y128 Z5.606096 E0.699895
G1 X50.557222 Y125.566263 Z5.609397 E0.699875
G1 X50.674135 Y123.135069 Z5.612698 E0.699855
G1 X50.867351 Y120.708818 Z5.616 E0.699834
G1 X51.136673 Y118.289904 Z5.619301 E0.699814
G1 X51.481833 Y115.880713 Z5.622602 E0.699793
G1 X51.902485 Y113.483623 Z5.625903 E0.699773
G1 X52.39821 Y111.100998 Z5.629204 E0.699753
G1 X52.968513 Y108.735188 Z5.632505 E0.699732
G1 X53.612828 Y106.388529 Z5.635807 E0.699712
G1 X54.330514 Y104.063333 Z5.639108 E0.699691
G1 X55.12086 Y101.761895 Z5.642409 E0.699671
G1 X55.98308 Y99.486484 Z5.64571 E0.699651
G1 X56.916321 Y97.239345 Z5.649011 E0.69963
G1 X57.919656 Y95.022693 Z5.652312 E0.69961
G1 X58.992091 Y92.838714 Z5.655614 E0.699589
G1 X60.132564 Y90.689561 Z5.658915 E0.699569
G1 X61.339946 Y88.577354 Z5.662216 E0.699548
G1 X62.613041 Y86.504174 Z5.665517 E0.699528
G1 X63.950589 Y84.472065 Z5.668818 E0.699508
G1 X65.351267 Y82.483031 Z5.672119 E0.699487
G1 X66.813688 Y80.539031 Z5.675421 E0.699467
G1 X68.336405 Y78.641981 Z5.678722 E0.699446
G1 X69.917912 Y76.793752 Z5.682023 E0.699426
G1 X71.556646 Y74.996162 Z5.685324 E0.699406
G1 X73.250985 Y73.250985 Z5.688625 E0.699385
G1 X74.999254 Y71.559938 Z5.691926 E0.699365
G1 X76.799726 Y69.924689 Z5.695228 E0.699344
G1 X78.650619 Y68.346846 Z5.698529 E0.699324
G1 X80.550105 Y66.827964 Z5.70183 E0.699304
G1 X82.496306 Y65.369538 Z5.705131 E0.699283
G1 X84.487299 Y63.973005 Z5.708432 E0.699263
G1 X86.521116 Y62.639738 Z5.711734 E0.699242
G1 X88.595748 Y61.371049 Z5.715035 E0.699222
G1 X90.709146 Y60.168188 Z5.718336 E0.699202
G1 X92.85922 Y59.032337 Z5.721637 E0.699181
G1 X95.043848 Y57.964612 Z5.724938 E0.699161
G1 X97.260871 Y56.966065 Z5.728239 E0.699141
G1 X99.5081 Y56.037675 Z5.731541 E0.69912
G1 X101.783315 Y55.180356 Z5.734842 E0.6991
G1 X104.084269 Y54.39495 Z5.738143 E0.699079
G1 X106.408691 Y53.682226 Z5.741444 E0.699059
G1 X108.754284 Y53.042884 Z5.744745 E0.699039
G1 X111.118733 Y52.477551 Z5.748046 E0.699018
G1 X113.499703 Y51.986781 Z5.751348 E0.698998
G1 X115.894844 Y51.571053 Z5.754649 E0.698977
G1 X118.301791 Y51.230773 Z5.75795 E0.698957
G1 X120.718169 Y50.966273 Z5.761251 E0.698937
G1 X123.141592 Y50.777809 Z5.764552 E0.698916
G1 X125.569667 Y50.665563 Z5.767853 E0.698896
G1 X128 Y50.629641 Z5.771155 E0.698875
G1 X130.430191 Y50.670074 Z5.774456 E0.698855
G1 X132.857842 Y50.786818 Z5.777757 E0.698835
G1 X135.280557 Y50.979754 Z5.781058 E0.698814
G1 X137.695946 Y51.248685 Z5.784359 E0.698794
G1 X140.101626 Y51.593343 Z5.78766 E0.698774
G1 X142.495222 Y52.013383 Z5.790962 E0.698753
G1 X144.874375 Y52.508385 Z5.794263 E0.698733
G1 X147.236736 Y53.077858 Z5.797564 E0.698712
G1 X149.579976 Y53.721235 Z5.800865 E0.698692
G1 X151.901783 Y54.437876 Z5.804166 E0.698672
G1 X154.199867 Y55.227071 Z5.807468 E0.698651
G1 X156.471961 Y56.088035 Z5.810769 E0.698631
G1 X158.715825 Y57.019915 Z5.81407 E0.69861
G1 X160.929247 Y58.021788 Z5.817371 E0.69859
G1 X163.110043 Y59.092661 Z5.820672 E0.69857
G1 X165.256063 Y60.231473 Z5.823973 E0.698549
G1 X167.365192 Y61.437095 Z5.827275 E0.698529
G1 X169.435351 Y62.708335 Z5.830576 E0.698509
G1 X171.464498 Y64.043934 Z5.833877 E0.698488
G1 X173.450634 Y65.44257 Z5.837178 E0.698468
G1 X175.3918 Y66.902859 Z5.840479 E0.698447
G1 X177.286085 Y68.423357 Z5.84378 E0.698427
G1 X179.131622 Y70.00256 Z5.847082 E0.698407
G1 X180.926591 Y71.638905 Z5.850383 E0.698386
G1 X182.669225 Y73.330775 Z5.853684 E0.698366
G1 X184.357807 Y75.076496 Z5.856985 E0.698346
G1 X185.990674 Y76.874343 Z5.860286 E0.698325
G1 X187.566217 Y78.722539 Z5.863587 E0.698305
G1 X189.082886 Y80.619257 Z5.866889 E0.698285
G1 X190.539186 Y82.562622 Z5.87019 E0.698264
G1 X191.933684 Y84.550713 Z5.873491 E0.698244
G1 X193.265007 Y86.581567 Z5.876792 E0.698223
G1 X194.531846 Y88.653176 Z5.880093 E0.698203
G1 X195.732954 Y90.763493 Z5.883394 E0.698183
G1 X196.86715 Y92.910434 Z5.886696 E0.698162
G1 X197.933318 Y95.091879 Z5.889997 E0.698142
G1 X198.930409 Y97.305671 Z5.893298 E0.698122
G1 X199.857445 Y99.549625 Z5.896599 E0.698101
G1 X200.713514 Y101.821524 Z5.8999 E0.698081
G1 X201.497775 Y104.119125 Z5.903202 E0.69806
G1 X202.209459 Y106.440159 Z5.906503 E0.69804
G1 X202.847868 Y108.782334 Z5.909804 E0.69802
G1 X203.412376 Y111.143337 Z5.913105 E0.697999
G1 X203.90243 Y113.520837 Z5.916406 E0.697979
G1 X204.317551 Y115.912487 Z5.919707 E0.697959
G1 X204.657333 Y118.315927 Z5.923009 E0.697938
G1 X204.921447 Y120.728782 Z5.92631 E0.697918
G1 X205.109635 Y123.148673 Z5.929611 E0.697898
G1 X205.221715 Y125.57321 Z5.932912 E0.697877
G1 X205.257583 Y128 Z5.936213 E0.697857
G1 X205.217207 Y130.426648 Z5.939516 E0.697836
G1 X205.10063 Y132.85076 Z5.942819 E0.697816
G1 X204.907973 Y135.269944 Z5.946121 E0.697796
G1 X204.639431 Y137.681812 Z5.949424 E0.697775
G1 X204.295273 Y140.083984 Z5.952727 E0.697755
G1 X203.875842 Y142.474091 Z5.95603 E0.697735
G1 X203.381558 Y144.849775 Z5.959332 E0.697714
G1 X202.812912 Y147.208691 Z5.962635 E0.697694
G1 X202.170471 Y149.548514 Z5.965938 E0.697673
G1 X201.454871 Y151.866934 Z5.969241 E0.697653
G1 X200.666824 Y154.161667 Z5.972543 E0.697633
G1 X199.807112 Y156.430447 Z5.975846 E0.697612
G1 X198.876587 Y158.671038 Z5.979149 E0.697592
G1 X197.876172 Y160.881231 Z5.982452 E0.697571
G1 X196.806857 Y163.058845 Z5.985754 E0.697551
G1 X195.669703 Y165.201734 Z5.989057 E0.697531
G1 X194.465836 Y167.307786 Z5.99236 E0.69751
G1 X193.196447 Y169.374923 Z5.995663 E0.69749
G1 X191.862792 Y171.401109 Z5.998965 E0.69747
G1 X190.466193 Y173.384346 Z6.002268 E0.697449
G1 X189.00803 Y175.322679 Z6.005571 E0.697429
G1 X187.489747 Y177.214199 Z6.008874 E0.697408
G1 X185.912845 Y179.05704 Z6.012176 E0.697388
G1 X184.278883 Y180.849389 Z6.015479 E0.697368
G1 X182.589478 Y182.589478 Z6.018782 E0.697347
G1 X180.8463 Y184.275594 Z6.022085 E0.697327
G1 X179.051072 Y185.906075 Z6.025387 E0.697307
G1 X177.20557 Y187.479317 Z6.02869 E0.697286
G1 X175.311617 Y188.993769 Z6.031993 E0.697266
G1 X173.371085 Y190.44794 Z6.035296 E0.697245
G1 X171.385891 Y191.8404 Z6.038598 E0.697225
G1 X169.357999 Y193.169778 Z6.041901 E0.697205
G1 X167.28941 Y194.434765 Z6.045204 E0.697184
G1 X165.18217 Y195.634116 Z6.048506 E0.697164
G1 X163.03836 Y196.766653 Z6.051809 E0.697144
G1 X160.860097 Y197.831261 Z6.055112 E0.697123
G1 X158.649534 Y198.826893 Z6.058415 E0.697103
G1 X156.408853 Y199.752572 Z6.061717 E0.697082
G1 X154.140268 Y200.607387 Z6.06502 E0.697062
G1 X151.846019 Y201.3905 Z6.068323 E0.697042
G1 X149.528372 Y202.101141 Z6.071626 E0.697021
G1 X147.189614 Y202.738614 Z6.074928 E0.697001
G1 X144.832057 Y203.302293 Z6.078231 E0.69698
G1 X142.458026 Y203.791628 Z6.081534 E0.69696
G1 X140.069867 Y204.206138 Z6.084837 E0.69694
G1 X137.669935 Y204.545421 Z6.088139 E0.696919
G1 X135.260602 Y204.809144 Z6.091442 E0.696899
G1 X132.844244 Y204.997053 Z6.094745 E0.696879
G1 X130.423247 Y205.108966 Z6.098048 E0.696858
G1 X128 Y205.144777 Z6.10135 E0.696838
G1 X125.576895 Y205.104455 Z6.104653 E0.696817
G1 X123.156323 Y204.988046 Z6.107956 E0.696797
G1 X120.740672 Y204.795667 Z6.111259 E0.696777
G1 X118.332327 Y204.527514 Z6.114561 E0.696756
G1 X115.933663 Y204.183855 Z6.117864 E0.696736
G1 X113.547047 Y203.765034 Z6.121167 E0.696716
G1 X111.174833 Y203.271468 Z6.12447 E0.696695
G1 X108.819363 Y202.70365 Z6.127772 E0.696675
G1 X106.482958 Y202.062143 Z6.131075 E0.696654
G1 X104.167925 Y201.347586 Z6.134378 E0.696634
G1 X101.876545 Y200.560687 Z6.137681 E0.696614
G1 X99.61108 Y199.702227 Z6.140983 E0.696593
G1 X97.373763 Y198.773058 Z6.144286 E0.696573
G1 X95.1668 Y197.774101 Z6.147589 E0.696553
G1 X92.992368 Y196.706346 Z6.150892 E0.696532
G1 X90.852611 Y195.57085 Z6.154194 E0.696512
G1 X88.749638 Y194.368738 Z6.157497 E0.696491
G1 X86.685522 Y193.101201 Z6.1608 E0.696471
G1 X84.662298 Y191.769492 Z6.164102 E0.696451
G1 X82.68196 Y190.37493 Z6.167405 E0.69643
G1 X80.746461 Y188.918895 Z6.170708 E0.69641
G1 X78.857707 Y187.402828 Z6.174011 E0.696389
G1 X77.01756 Y185.828227 Z6.177313 E0.696369
G1 X75.227833 Y184.19665 Z6.180616 E0.696349
G1 X73.490288 Y182.509712 Z6.183919 E0.696328
G1 X71.806639 Y180.769079 Z6.187222 E0.696308
G1 X70.178542 Y178.976472 Z6.190524 E0.696288
G1 X68.607603 Y177.133664 Z6.193827 E0.696267
G1 X67.095366 Y175.242477 Z6.19713 E0.696247
G1 X65.643322 Y173.304778 Z6.200433 E0.696226
G1 X64.2529 Y171.322485 Z6.203735 E0.696206
G1 X62.925468 Y169.297554 Z6.207038 E0.696186
G1 X61.662333 Y167.231987 Z6.210341 E0.696165
G1 X60.464737 Y165.127825 Z6.213644 E0.696145
G1 X59.333859 Y162.987147 Z6.216946 E0.696125
G1 X58.27081 Y160.812066 Z6.220249 E0.696104
G1 X57.276636 Y158.604733 Z6.223552 E0.696084
G1 X56.352313 Y156.367326 Z6.226855 E0.696063
G1 X55.49875 Y154.102056 Z6.230157 E0.696043
G1 X54.716786 Y151.81116 Z6.23346 E0.696023
G1 X54.007187 Y149.4969 Z6.236763 E0.696002
G1 X53.370649 Y147.161561 Z6.240066 E0.695982
G1 X52.807797 Y144.807449 Z6.243368 E0.695962
G1 X52.319181 Y142.436888 Z6.246671 E0.695941
G1 X51.90528 Y140.05222 Z6.249974 E0.695921
G1 X51.566497 Y137.655797 Z6.253277 E0.6959
G1 X51.303162 Y135.249986 Z6.256579 E0.69588
G1 X51.115532 Y132.837161 Z6.259882 E0.69586
G1 X51.003786 Y130.419704 Z6.263185 E0.695839
G1 X50.96803 Y128 Z6.266487 E0.695819
G1 X51.008296 Y125.580438 Z6.26979 E0.695799
G1 X51.124538 Y123.163406 Z6.273093 E0.695778
G1 X51.316639 Y120.751288 Z6.276396 E0.695758
G1 X51.584403 Y118.346465 Z6.279698 E0.695737
G1 X51.927563 Y115.95131 Z6.283001 E0.695717
G1 X52.345775 Y113.568185 Z6.286304 E0.695697
G1 X52.838622 Y111.199441 Z6.289607 E0.695676
G1 X53.405613 Y108.847417 Z6.292909 E0.695656
G1 X54.046184 Y106.51443 Z6.296212 E0.695635
G1 X54.7597 Y104.202784 Z6.299515 E0.695615
G1 X55.545451 Y101.914757 Z6.302818 E0.695595
G1 X56.402658 Y99.652607 Z6.30612 E0.695574
G1 X57.330471 Y97.418564 Z6.309423 E0.695554
G1 X58.327969 Y95.214831 Z6.312726 E0.695534
G1 X59.394166 Y93.043581 Z6.316029 E0.695513
G1 X60.528003 Y90.906956 Z6.319331 E0.695493
G1 X61.728359 Y88.807061 Z6.322634 E0.695472
G1 X62.994045 Y86.745966 Z6.325937 E0.695452
G1 X64.323808 Y84.725705 Z6.32924 E0.695432
G1 X65.716332 Y82.748266 Z6.332542 E0.695411
G1 X67.170239 Y80.815601 Z6.335845 E0.695391
G1 X68.684091 Y78.929613 Z6.339148 E0.695371
G1 X70.256391 Y77.09216 Z6.342451 E0.69535
G1 X71.885582 Y75.305054 Z6.345753 E0.69533
G1 X73.570055 Y73.570055 Z6.349056 E0.695309
G1 X75.308143 Y71.888871 Z6.352359 E0.695289
G1 X77.098128 Y70.26316 Z6.355662 E0.695269
G1 X78.938241 Y68.694522 Z6.358964 E0.695248
G1 X80.826663 Y67.184501 Z6.362267 E0.695228
G1 X82.761528 Y65.734585 Z6.36557 E0.695208
G1 X84.740922 Y64.3462 Z6.368873 E0.695187
G1 X86.762891 Y63.020714 Z6.372175 E0.695167
G1 X88.825436 Y61.75943 Z6.375478 E0.695146
G1 X90.92652 Y60.56359 Z6.378781 E0.695126
G1 X93.064067 Y59.43437 Z6.382083 E0.695106
G1 X95.235964 Y58.37288 Z6.385386 E0.695085
G1 X97.440068 Y57.380164 Z6.388689 E0.695065
G1 X99.674201 Y56.457198 Z6.391992 E0.695044
G1 X101.936156 Y55.604888 Z6.395294 E0.695024
G1 X104.223699 Y54.824071 Z6.398597 E0.695004
G1 X106.534573 Y54.115514 Z6.4019 E0.694983
G1 X108.866493 Y53.479912 Z6.405203 E0.694963
G1 X111.217159 Y52.917887 Z6.408505 E0.694943
G1 X113.58425 Y52.429989 Z6.411808 E0.694922
G1 X115.965427 Y52.016697 Z6.415111 E0.694902
G1 X118.358341 Y51.678414 Z6.418414 E0.694881
G1 X120.76063 Y51.415468 Z6.421716 E0.694861
G1 X123.169922 Y51.228116 Z6.425019 E0.694841
G1 X125.58384 Y51.116537 Z6.428322 E0.69482
G1 X128 Y51.080837 Z6.431625 E0.6948
G1 X130.416018 Y51.121047 Z6.434927 E0.69478
G1 X132.829511 Y51.237122 Z6.43823 E0.694759
G1 X135.238096 Y51.428945 Z6.441533 E0.694739
G1 X137.639396 Y51.696321 Z6.444836 E0.694718
G1 X140.031043 Y52.038981 Z6.448138 E0.694698
G1 X142.410677 Y52.456583 Z6.451441 E0.694678
G1 X144.775951 Y52.948712 Z6.454744 E0.694657
G1 X147.124529 Y53.514876 Z6.458047 E0.694637
G1 X149.454098 Y54.154512 Z6.461349 E0.694617
G1 X151.762357 Y54.866986 Z6.464652 E0.694596
G1 X154.047031 Y55.651589 Z6.467955 E0.694576
G1 X156.305866 Y56.507543 Z6.471258 E0.694555
G1 X158.536635 Y57.433999 Z6.47456 E0.694535
G1 X160.737138 Y58.43004 Z6.477863 E0.694515
G1 X162.905205 Y59.494677 Z6.481166 E0.694494
G1 X165.038699 Y60.626856 Z6.484468 E0.694474
G1 X167.135516 Y61.825457 Z6.487771 E0.694453
G1 X169.193589 Y63.089291 Z6.491074 E0.694433
G1 X171.210889 Y64.417108 Z6.494377 E0.694413
G1 X173.185427 Y65.807595 Z6.497679 E0.694392
G1 X175.115259 Y67.259374 Z6.500982 E0.694372
G1 X176.998482 Y68.77101 Z6.504285 E0.694352
G1 X178.833239 Y70.341008 Z6.507588 E0.694331
G1 X180.617724 Y71.967815 Z6.51089 E0.694311
G1 X182.350179 Y73.649821 Z6.514193 E0.69429
G1 X184.028896 Y75.385364 Z6.517496 E0.69427
G1 X185.652222 Y77.172729 Z6.520799 E0.69425
G1 X187.218559 Y79.010147 Z6.524101 E0.694229
G1 X188.726364 Y80.895803 Z6.527404 E0.694209
G1 X190.174153 Y82.827834 Z6.530707 E0.694189
G1 X191.5605 Y84.804329 Z6.53401 E0.694168
G1 X192.88404 Y86.823336 Z6.537312 E0.694148
G1 X194.143472 Y88.88286 Z6.540615 E0.694127
G1 X195.337554 Y90.980867 Z6.543918 E0.694107
G1 X196.465105 Y93.115287 Z6.547221 E0.694087
G1 X197.525025 Y95.284007 Z6.550523 E0.694066
G1 X198.516271 Y97.484884 Z6.553826 E0.694046
G1 X199.43787 Y99.715746 Z6.557129 E0.694025
G1 X200.288916 Y101.974389 Z6.560432 E0.694005
G1 X201.068572 Y104.258582 Z6.563734 E0.693984
G1 X201.776064 Y106.566072 Z6.567037 E0.693964
G1 X202.410708 Y108.894577 Z6.57034 E0.693943
G1 X202.971882 Y111.241799 Z6.573643 E0.693922
G1 X203.459037 Y113.605419 Z6.576945 E0.693902
G1 X203.871696 Y115.983104 Z6.580248 E0.693881
G1 X204.209456 Y118.372507 Z6.583551 E0.693861
G1 X204.471979 Y120.77127 Z6.586854 E0.69384
G1 X204.659017 Y123.177023 Z6.590156 E0.693819
G1 X204.770394 Y125.587393 Z6.593459 E0.693799
G1 X204.806003 Y128 Z6.596762 E0.693778
G1 X204.765829 Y130.412463 Z6.600044 E0.693757
G1 X204.6499 Y132.822403 Z6.603325 E0.693737
G1 X204.458328 Y135.22744 Z6.606607 E0.693716
G1 X204.191311 Y137.625201 Z6.609889 E0.693696
G1 X203.84912 Y140.01332 Z6.613171 E0.693675
G1 X203.432098 Y142.389442 Z6.616452 E0.693654
G1 X202.94066 Y144.751222 Z6.619734 E0.693634
G1 X202.375297 Y147.09633 Z6.623016 E0.693613
G1 X201.736565 Y149.422452 Z6.626298 E0.693592
G1 X201.025097 Y151.727292 Z6.629579 E0.693571
G1 X200.241608 Y154.008579 Z6.632861 E0.693551
G1 X199.386873 Y156.264063 Z6.636143 E0.69353
G1 X198.461742 Y158.491518 Z6.639425 E0.693509
G1 X197.46713 Y160.68875 Z6.642707 E0.693488
G1 X196.404023 Y162.853591 Z6.645988 E0.693468
G1 X195.273466 Y164.983901 Z6.64927 E0.693447
G1 X194.076589 Y167.077586 Z6.652552 E0.693426
G1 X192.814576 Y169.132581 Z6.655834 E0.693405
G1 X191.488676 Y171.14686 Z6.659115 E0.693384
G1 X190.100203 Y173.118438 Z6.662397 E0.693363
G1 X188.650529 Y175.045373 Z6.665679 E0.693342
G1 X187.141082 Y176.925758 Z6.668961 E0.693321
G1 X185.573361 Y178.757746 Z6.672243 E0.6933
G1 X183.94892 Y180.539533 Z6.675524 E0.693279
G1 X182.269363 Y182.269363 Z6.678806 E0.693258
G1 X180.536352 Y183.945533 Z6.682088 E0.693237
G1 X178.751601 Y185.566391 Z6.68537 E0.693216
G1 X176.916868 Y187.130336 Z6.688651 E0.693195
G1 X175.033971 Y188.63583 Z6.691933 E0.693174
G1 X173.104772 Y190.081393 Z6.695215 E0.693153
G1 X171.13118 Y191.465604 Z6.698497 E0.693132
G1 X169.115143 Y192.787099 Z6.701778 E0.693111
G1 X167.058655 Y194.044579 Z6.70506 E0.69309
G1 X164.963745 Y195.236802 Z6.708342 E0.693069
G1 X162.832481 Y196.362593 Z6.711624 E0.693048
G1 X160.666973 Y197.420852 Z6.714906 E0.693027
G1 X158.469361 Y198.410538 Z6.718187 E0.693005
G1 X156.241814 Y199.330679 Z6.721469 E0.692984
G1 X153.986532 Y200.18037 Z6.724751 E0.692963
G1 X151.705744 Y200.958779 Z6.728033 E0.692942
G1 X149.401702 Y201.66514 Z6.731314 E0.692921
G1 X147.07668 Y202.298762 Z6.734596 E0.692899
G1 X144.732974 Y202.859023 Z6.737878 E0.692878
G1 X142.372899 Y203.345375 Z6.74116 E0.692857
G1 X139.998784 Y203.757343 Z6.744442 E0.692836
G1 X137.612974 Y204.094524 Z6.747723 E0.692815
G1 X135.217823 Y204.356591 Z6.751005 E0.692793
G1 X132.815696 Y204.543289 Z6.754287 E0.692772
G1 X130.408963 Y204.654439 Z6.757569 E0.692751
G1 X128 Y204.689936 Z6.76085 E0.69273
G1 X125.591185 Y204.649748 Z6.764132 E0.692709
G1 X123.184894 Y204.533922 Z6.767414 E0.692687
G1 X120.783502 Y204.342575 Z6.770696 E0.692666
G1 X118.389379 Y204.075901 Z6.773977 E0.692645
G1 X116.004886 Y203.734167 Z6.777259 E0.692624
G1 X113.632377 Y203.317717 Z6.780541 E0.692603
G1 X111.274192 Y202.826964 Z6.783823 E0.692581
G1 X108.932657 Y202.262399 Z6.787105 E0.69256
G1 X106.610082 Y201.624582 Z6.790386 E0.692539
G1 X104.308757 Y200.914147 Z6.793668 E0.692518
G1 X102.030954 Y200.131801 Z6.79695 E0.692497
G1 X99.778917 Y199.278319 Z6.800232 E0.692475
G1 X97.554868 Y198.354548 Z6.803513 E0.692454
G1 X95.361 Y197.361405 Z6.806795 E0.692433
G1 X93.199477 Y196.299873 Z6.810077 E0.692412
G1 X91.072428 Y195.171004 Z6.813359 E0.692391
G1 X88.981952 Y193.975916 Z6.816641 E0.69237
G1 X86.930109 Y192.715793 Z6.819922 E0.692348
G1 X84.918921 Y191.391883 Z6.823204 E0.692327
G1 X82.950371 Y190.005495 Z6.826486 E0.692306
G1 X81.026398 Y188.558002 Z6.829768 E0.692285
G1 X79.1489 Y187.050836 Z6.833049 E0.692264
G1 X77.319725 Y185.485488 Z6.836331 E0.692242
G1 X75.540676 Y183.863506 Z6.839613 E0.692221
G1 X73.813506 Y182.186494 Z6.842895 E0.6922
G1 X72.139915 Y180.456111 Z6.846176 E0.692179
G1 X70.521552 Y178.674068 Z6.849458 E0.692158
G1 X68.960012 Y176.842126 Z6.85274 E0.692136
G1 X67.45683 Y174.962096 Z6.856022 E0.692115
G1 X66.013488 Y173.035837 Z6.859304 E0.692094
G1 X64.631405 Y171.065253 Z6.862585 E0.692073
G1 X63.311943 Y169.05229 Z6.865867 E0.692052
G1 X62.056398 Y166.998937 Z6.869149 E0.69203
G1 X60.866007 Y164.907225 Z6.872431 E0.692009
G1 X59.741941 Y162.779218 Z6.875712 E0.691988
G1 X58.685303 Y160.61702 Z6.878994 E0.691967
G1 X57.697134 Y158.422767 Z6.882276 E0.691946
G1 X56.778404 Y156.198625 Z6.885558 E0.691924
G1 X55.930015 Y153.946791 Z6.88884 E0.691903
G1 X55.1528 Y151.66949 Z6.892121 E0.691882
G1 X54.447523 Y149.36897 Z6.895403 E0.691861
G1 X53.814873 Y147.047503 Z6.898685 E0.69184
G1 X53.255473 Y144.707381 Z6.901967 E0.691818
G1 X52.769868 Y142.350915 Z6.905248 E0.691797
G1 X52.358534 Y139.980431 Z6.90853 E0.691776
G1 X52.021872 Y137.59827 Z6.911812 E0.691755
G1 X51.760209 Y135.206782 Z6.915094 E0.691734
G1 X51.573801 Y132.808329 Z6.918375 E0.691712
G1 X51.462824 Y130.405278 Z6.921657 E0.691691
G1 X51.427386 Y128 Z6.924939 E0.69167
G1 X51.467515 Y125.59487 Z6.928221 E0.691649
G1 X51.583168 Y123.19226 Z6.931503 E0.691628
G1 X51.774226 Y120.794543 Z6.934784 E0.691607
G1 X52.040495 Y118.404083 Z6.938066 E0.691585
G1 X52.381709 Y116.023239 Z6.941348 E0.691564
G1 X52.797526 Y113.654361 Z6.94463 E0.691543
G1 X53.287531 Y111.299785 Z6.947911 E0.691522
G1 X53.851237 Y108.961833 Z6.951193 E0.691501
G1 X54.488081 Y106.642813 Z6.954475 E0.691479
G1 X55.197432 Y104.345012 Z6.957757 E0.691458
G1 X55.978584 Y102.070695 Z6.961039 E0.691437
G1 X56.830763 Y99.822106 Z6.96432 E0.691416
G1 X57.753124 Y97.601462 Z6.967602 E0.691395
G1 X58.74475 Y95.410953 Z6.970884 E0.691373
G1 X59.804661 Y93.252739 Z6.974166 E0.691352
G1 X60.931805 Y91.128948 Z6.977447 E0.691331
G1 X62.125067 Y89.041673 Z6.980729 E0.69131
G1 X63.383264 Y86.992972 Z6.984011 E0.691289
G1 X64.705151 Y84.984865 Z6.987293 E0.691267
G1 X66.089419 Y83.01933 Z6.990574 E0.691246
G1 X67.5347 Y81.098305 Z6.993856 E0.691225
G1 X69.039561 Y79.223683 Z6.997138 E0.691204
G1 X70.602516 Y77.397311 Z7.00042 E0.691183
G1 X72.222018 Y75.620988 Z7.003702 E0.691161
G1 X73.896464 Y73.896464 Z7.006983 E0.69114
G1 X75.6242 Y72.225438 Z7.010265 E0.691119
G1 X77.403518 Y70.609556 Z7.013547 E0.691098
G1 X79.232657 Y69.050409 Z7.016829 E0.691077
G1 X81.10981 Y67.549532 Z7.02011 E0.691055
G1 X83.033122 Y66.108402 Z7.023392 E0.691034
G1 X85.000692 Y64.728439 Z7.026674 E0.691013
G1 X87.010574 Y63.411 Z7.029956 E0.690992
G1 X89.060784 Y62.157381 Z7.033238 E0.690971
G1 X91.149295 Y60.968817 Z7.036519 E0.690949
G1 X93.274044 Y59.846475 Z7.039801 E0.690928
G1 X95.432933 Y58.791459 Z7.043083 E0.690907
G1 X97.623827 Y57.804806 Z7.046365 E0.690886
G1 X99.844564 Y56.887486 Z7.049646 E0.690865
G1 X102.09295 Y56.0404 Z7.052928 E0.690844
G1 X104.366764 Y55.264379 Z7.05621 E0.690822
G1 X106.663761 Y54.560185 Z7.059492 E0.690801
G1 X108.981673 Y53.928509 Z7.062773 E0.69078
G1 X111.318211 Y53.369968 Z7.066055 E0.690759
G1 X113.671069 Y52.885111 Z7.069337 E0.690738
G1 X116.037922 Y52.47441 Z7.072619 E0.690716
G1 X118.416435 Y52.138268 Z7.075901 E0.690695
G1 X120.804259 Y51.87701 Z7.079182 E0.690674
G1 X123.199038 Y51.69089 Z7.082464 E0.690653
G1 X125.598407 Y51.580087 Z7.085746 E0.690632
G1 X128 Y51.544707 Z7.089028 E0.69061
G1 X130.401445 Y51.584778 Z7.092309 E0.690589
G1 X132.800373 Y51.700257 Z7.095591 E0.690568
G1 X135.194416 Y51.891026 Z7.098873 E0.690547
G1 X137.581213 Y52.156891 Z7.102155 E0.690526
G1 X139.958408 Y52.497586 Z7.105437 E0.690504
G1 X142.323655 Y52.912769 Z7.108718 E0.690483
G1 X144.674623 Y53.402027 Z7.112 E0.690462
G1 X147.00899 Y53.964872 Z7.115282 E0.690441
G1 X149.324455 Y54.600744 Z7.118564 E0.69042
G1 X151.618734 Y55.309011 Z7.121845 E0.690398
G1 X153.889564 Y56.088969 Z7.125127 E0.690377
G1 X156.134705 Y56.939846 Z7.128409 E0.690356
G1 X158.351944 Y57.860795 Z7.131691 E0.690335
G1 X160.539094 Y58.850906 Z7.134972 E0.690314
G1 X162.693998 Y59.909195 Z7.138254 E0.690292
G1 X164.814532 Y61.034615 Z7.141536 E0.690271
G1 X166.898606 Y62.22605 Z7.144818 E0.69025
G1 X168.944164 Y63.482321 Z7.1481 E0.690229
G1 X170.949191 Y64.802185 Z7.151381 E0.690208
G1 X172.91171 Y66.184334 Z7.154663 E0.690186
G1 X174.829788 Y67.627401 Z7.157945 E0.690165
G1 X176.701534 Y69.129959 Z7.161227 E0.690144
G1 X178.525103 Y70.69052 Z7.164508 E0.690123
G1 X180.2987 Y72.307541 Z7.16779 E0.690102
G1 X182.020577 Y73.979423 Z7.171072 E0.69008
G1 X183.689038 Y75.704512 Z7.174354 E0.690059
G1 X185.30244 Y77.481104 Z7.177636 E0.690038
G1 X186.859194 Y79.30744 Z7.180917 E0.690017
G1 X188.357766 Y81.181717 Z7.184199 E0.689996
G1 X189.796683 Y83.102082 Z7.187481 E0.689975
G1 X191.174527 Y85.066636 Z7.190763 E0.689953
G1 X192.489943 Y87.073438 Z7.194044 E0.689932
G1 X193.741635 Y89.120505 Z7.197326 E0.689911
G1 X194.928374 Y91.205815 Z7.200608 E0.68989
G1 X196.048992 Y93.327307 Z7.20389 E0.689869
G1 X197.102386 Y95.482885 Z7.207171 E0.689847
G1 X198.087522 Y97.670421 Z7.210453 E0.689826
G1 X199.003431 Y99.887753 Z7.213735 E0.689805
G1 X199.849215 Y102.132691 Z7.217017 E0.689784
G1 X200.624042 Y104.403018 Z7.220299 E0.689763
G1 X201.327152 Y106.696493 Z7.22358 E0.689741
G1 X201.957856 Y109.01085 Z7.226862 E0.68972
G1 X202.515536 Y111.343804 Z7.230144 E0.689699
G1 X202.999646 Y113.693052 Z7.233426 E0.689678
G1 X203.409713 Y116.056275 Z7.236707 E0.689657
G1 X203.745336 Y118.431139 Z7.239989 E0.689635
G1 X204.00619 Y120.8153 Z7.243271 E0.689614
G1 X204.19202 Y123.206404 Z7.246553 E0.689593
G1 X204.302649 Y125.602093 Z7.249835 E0.689572
G1 X204.337972 Y128 Z7.253116 E0.689551
G1 X204.297981 Y130.397761 Z7.256368 E0.679139
G1 X204.182697 Y132.793009 Z7.259619 E0.679119
G1 X203.992239 Y135.183381 Z7.262871 E0.679098
G1 X203.726799 Y137.566519 Z7.266122 E0.679077
G1 X203.386645 Y139.940072 Z7.269373 E0.679057
G1 X202.972116 Y142.301696 Z7.272625 E0.679036
G1 X202.483626 Y144.649063 Z7.275876 E0.679015
G1 X201.921661 Y146.979857 Z7.279128 E0.678995
G1 X201.286781 Y149.291778 Z7.282379 E0.678974
G1 X200.579617 Y151.582547 Z7.285631 E0.678953
G1 X199.80087 Y153.849904 Z7.288882 E0.678933
G1 X198.951314 Y156.091612 Z7.292133 E0.678912
G1 X198.031791 Y158.305462 Z7.295385 E0.678891
G1 X197.043214 Y160.48927 Z7.298636 E0.678871
G1 X195.986561 Y162.640883 Z7.301888 E0.67885
G1 X194.86288 Y164.75818 Z7.305139 E0.678829
G1 X193.673284 Y166.839072 Z7.308391 E0.678809
G1 X192.418951 Y168.881509 Z7.311642 E0.678788
G1 X191.101122 Y170.883478 Z7.314893 E0.678767
G1 X189.721102 Y172.843006 Z7.318145 E0.678746
G1 X188.280257 Y174.75816 Z7.321396 E0.678726
G1 X186.780012 Y176.627055 Z7.324648 E0.678705
G1 X185.221851 Y178.447847 Z7.327899 E0.678684
G1 X183.607315 Y180.218745 Z7.331151 E0.678664
G1 X181.938002 Y181.938002 Z7.334402 E0.678643
G1 X180.215562 Y183.603926 Z7.337653 E0.678622
G1 X178.441698 Y185.214875 Z7.340905 E0.678602
G1 X176.618164 Y186.769264 Z7.344156 E0.678581
G1 X174.746761 Y188.265562 Z7.347408 E0.67856
G1 X172.829341 Y189.702295 Z7.350659 E0.67854
G1 X170.867798 Y191.078049 Z7.353911 E0.678519
G1 X168.86407 Y192.391471 Z7.357162 E0.678498
G1 X166.820138 Y193.641268 Z7.360413 E0.678478
G1 X164.738021 Y194.826211 Z7.363665 E0.678457
G1 X162.619775 Y195.945134 Z7.366916 E0.678436
G1 X160.467494 Y196.996937 Z7.370168 E0.678416
G1 X158.283304 Y197.980587 Z7.373419 E0.678395
G1 X156.069362 Y198.895116 Z7.376671 E0.678374
G1 X153.827855 Y199.739626 Z7.379922 E0.678354
G1 X151.560996 Y200.513288 Z7.383173 E0.678333
G1 X149.271021 Y201.215333 Z7.386425 E0.678312
G1 X146.960194 Y201.845082 Z7.389676 E0.678291
G1 X144.630799 Y202.401917 Z7.392928 E0.678271
G1 X142.285134 Y202.885295 Z7.396179 E0.67825
G1 X139.925516 Y203.294743 Z7.399431 E0.678229
G1 X137.554273 Y203.62986 Z7.402682 E0.678208
G1 X135.173747 Y203.890315 Z7.405933 E0.678187
G1 X132.786287 Y204.075857 Z7.409185 E0.678166
G1 X130.394251 Y204.186311 Z7.412436 E0.678146
G1 X128 Y204.221574 Z7.415688 E0.678125
G1 X125.605896 Y204.181616 Z7.418939 E0.678104
G1 X123.214303 Y204.06648 Z7.422191 E0.678083
G1 X120.82758 Y203.876282 Z7.425442 E0.678062
G1 X118.448083 Y203.611209 Z7.428693 E0.678041
G1 X116.07816 Y203.271534 Z7.431945 E0.67802
G1 X113.720149 Y202.8576 Z7.435196 E0.677999
G1 X111.376376 Y202.369817 Z7.438448 E0.677978
G1 X109.049154 Y201.808673 Z7.441699 E0.677957
G1 X106.740777 Y201.174726 Z7.444951 E0.677936
G1 X104.453527 Y200.468594 Z7.448202 E0.677915
G1 X102.189656 Y199.69099 Z7.451453 E0.677894
G1 X99.951396 Y198.842686 Z7.454705 E0.677873
G1 X97.740956 Y197.924524 Z7.457956 E0.677852
G1 X95.560515 Y196.937414 Z7.461208 E0.677831
G1 X93.412223 Y195.882335 Z7.464459 E0.677809
G1 X91.298201 Y194.760324 Z7.467711 E0.677788
G1 X89.220533 Y193.572498 Z7.470962 E0.677767
G1 X87.181264 Y192.320036 Z7.474213 E0.677746
G1 X85.182405 Y191.004178 Z7.477465 E0.677725
G1 X83.225925 Y189.626227 Z7.480716 E0.677703
G1 X81.313753 Y188.187547 Z7.483968 E0.677682
G1 X79.447776 Y186.689556 Z7.487219 E0.677661
G1 X77.629835 Y185.133737 Z7.490471 E0.67764
G1 X75.861717 Y183.521633 Z7.493722 E0.677618
G1 X74.145162 Y181.854838 Z7.496973 E0.677597
G1 X72.481862 Y180.135002 Z7.500225 E0.677576
G1 X70.873454 Y178.363825 Z7.503476 E0.677554
G1 X69.321524 Y176.543057 Z7.506728 E0.677533
G1 X67.827607 Y174.674492 Z7.509979 E0.677512
G1 X66.393166 Y172.759985 Z7.513231 E0.67749
G1 X65.019612 Y170.801427 Z7.516482 E0.677469
G1 X63.708297 Y168.800755 Z7.519733 E0.677447
G1 X62.460512 Y166.759945 Z7.522985 E0.677426
G1 X61.277483 Y164.681014 Z7.526236 E0.677405
G1 X60.160382 Y162.566012 Z7.529488 E0.677383
G1 X59.110302 Y160.417031 Z7.532739 E0.677362
G1 X58.128273 Y158.236196 Z7.535991 E0.67734
G1 X57.215259 Y156.025661 Z7.539242 E0.677319
G1 X56.372158 Y153.78761 Z7.542493 E0.677297
G1 X55.599795 Y151.524253 Z7.545745 E0.677275
G1 X54.898936 Y149.237822 Z7.548996 E0.677254
G1 X54.270266 Y146.930578 Z7.552248 E0.677232
G1 X53.714398 Y144.604799 Z7.555499 E0.677211
G1 X53.231873 Y142.262783 Z7.558751 E0.677189
G1 X52.823165 Y139.906841 Z7.562002 E0.677167
G1 X52.48867 Y137.539299 Z7.565253 E0.677146
G1 X52.228716 Y135.162495 Z7.568505 E0.677124
G1 X52.043552 Y132.778775 Z7.571756 E0.677102
G1 X51.933359 Y130.390491 Z7.575008 E0.677081
G1 X51.898238 Y128 Z7.578259 E0.677059
G1 X51.938221 Y125.609662 Z7.581511 E0.677038
G1 X52.053263 Y123.221836 Z7.584762 E0.677016
G1 X52.243246 Y120.838878 Z7.588013 E0.676994
G1 X52.507977 Y118.46314 Z7.591265 E0.676973
G1 X52.84719 Y116.096964 Z7.594516 E0.676951
G1 X53.260546 Y113.742687 Z7.597768 E0.676929
G1 X53.747633 Y111.402629 Z7.601019 E0.676908
G1 X54.307964 Y109.079101 Z7.604271 E0.676886
G1 X54.940982 Y106.774393 Z7.607522 E0.676864
G1 X55.646058 Y104.490779 Z7.610773 E0.676843
G1 X56.422492 Y102.230511 Z7.614025 E0.676821
G1 X57.269512 Y99.995819 Z7.617276 E0.676799
G1 X58.186278 Y97.788905 Z7.620528 E0.676778
G1 X59.171881 Y95.611946 Z7.623779 E0.676756
G1 X60.225345 Y93.467088 Z7.627031 E0.676735
G1 X61.345624 Y91.356447 Z7.630282 E0.676713
G1 X62.531609 Y89.282102 Z7.633533 E0.676691
G1 X63.782126 Y87.246098 Z7.636785 E0.67667
G1 X65.095937 Y85.250443 Z7.640036 E0.676648
G1 X66.47174 Y83.297103 Z7.643288 E0.676626
G1 X67.908175 Y81.388002 Z7.646539 E0.676605
G1 X69.403819 Y79.525023 Z7.649791 E0.676583
G1 X70.957193 Y77.710001 Z7.653042 E0.676561
G1 X72.566761 Y75.944723 Z7.656293 E0.67654
G1 X74.230929 Y74.230929 Z7.659545 E0.676518
G1 X75.948054 Y72.570307 Z7.662796 E0.676496
G1 X77.716435 Y70.964492 Z7.666048 E0.676475
G1 X79.534327 Y69.415065 Z7.669299 E0.676453
G1 X81.39993 Y67.923551 Z7.672551 E0.676432
G1 X83.311401 Y66.49142 Z7.675802 E0.67641
G1 X85.26685 Y65.12008 Z7.679053 E0.676388
G1 X87.264346 Y63.81088 Z7.682305 E0.676367
G1 X89.301914 Y62.56511 Z7.685556 E0.676345
G1 X91.37754 Y61.383993 Z7.688808 E0.676323
G1 X93.489175 Y60.268692 Z7.692059 E0.676302
G1 X95.634731 Y59.220303 Z7.695311 E0.67628
G1 X97.81209 Y58.239857 Z7.698562 E0.676258
G1 X100.019101 Y57.328316 Z7.701813 E0.676237
G1 X102.253583 Y56.486575 Z7.705065 E0.676215
G1 X104.51333 Y55.715462 Z7.708316 E0.676194
G1 X106.79611 Y55.015732 Z7.711568 E0.676172
G1 X109.099669 Y54.388071 Z7.714819 E0.67615
G1 X111.421732 Y53.833094 Z7.718071 E0.676129
G1 X113.760007 Y53.351344 Z7.721322 E0.676107
G1 X116.112185 Y52.943293 Z7.724573 E0.676085
G1 X118.475944 Y52.609337 Z7.727825 E0.676064
G1 X120.848951 Y52.349801 Z7.731076 E0.676042
G1 X123.228862 Y52.164938 Z7.734328 E0.67602
G1 X125.61333 Y52.054924 Z7.737579 E0.675999
G1 X128 Y52.019864 Z7.740831 E0.675977
G1 X130.386517 Y52.059787 Z7.744082 E0.675955
G1 X132.770527 Y52.174649 Z7.747333 E0.675934
G1 X135.149676 Y52.364331 Z7.750585 E0.675912
G1 X137.521617 Y52.628643 Z7.753836 E0.675891
G1 X139.884009 Y52.967318 Z7.757088 E0.675869
G1 X142.234523 Y53.380017 Z7.760339 E0.675847
G1 X144.570839 Y53.866329 Z7.763591 E0.675826
G1 X146.890652 Y54.425768 Z7.766842 E0.675804
G1 X149.191674 Y55.057778 Z7.770093 E0.675782
G1 X151.471636 Y55.761731 Z7.773345 E0.675761
G1 X153.72829 Y56.536927 Z7.776596 E0.675739
G1 X155.959408 Y57.382596 Z7.779848 E0.675717
G1 X158.162792 Y58.2979 Z7.783099 E0.675696
G1 X160.336269 Y59.281931 Z7.786351 E0.675674
G1 X162.477695 Y60.333714 Z7.789602 E0.675652
G1 X164.58496 Y61.452205 Z7.792853 E0.675631
G1 X166.655986 Y62.636297 Z7.796105 E0.675609
G1 X168.688732 Y63.884818 Z7.799356 E0.675588
G1 X170.681193 Y65.196531 Z7.802608 E0.675566
G1 X172.631408 Y66.570137 Z7.805859 E0.675544
G1 X174.537453 Y68.004278 Z7.809111 E0.675523
G1 X176.39745 Y69.497533 Z7.812362 E0.675501
G1 X178.209567 Y71.048426 Z7.815614 E0.675479
G1 X179.972018 Y72.655422 Z7.818865 E0.675458
G1 X181.683069 Y74.316931 Z7.822116 E0.675436
G1 X183.341032 Y76.031312 Z7.825368 E0.675414
G1 X184.944276 Y77.796868 Z7.828619 E0.675393
G1 X186.491221 Y79.611853 Z7.831871 E0.675371
G1 X187.980346 Y81.474475 Z7.835122 E0.67535
G1 X189.410183 Y83.38289 Z7.838374 E0.675328
G1 X190.779326 Y85.335214 Z7.841625 E0.675306
G1 X192.086428 Y87.329516 Z7.844876 E0.675285
G1 X193.330202 Y89.363826 Z7.848128 E0.675263
G1 X194.509426 Y91.436134 Z7.851379 E0.675241
G1 X195.622939 Y93.544392 Z7.854631 E0.67522
G1 X196.669647 Y95.686517 Z7.857882 E0.675198
G1 X197.648521 Y97.860394 Z7.861134 E0.675176
G1 X198.5586 Y100.063874 Z7.864385 E0.675155
G1 X199.39899 Y102.294782 Z7.867636 E0.675133
G1 X200.168866 Y104.550914 Z7.870888 E0.675111
G1 X200.867472 Y106.830042 Z7.874139 E0.67509
G1 X201.494125 Y109.129916 Z7.877391 E0.675068
G1 X202.04821 Y111.448264 Z7.880642 E0.675047
G1 X202.529185 Y113.782798 Z7.883894 E0.675025
G1 X202.93658 Y116.131212 Z7.887145 E0.675003
G1 X203.269997 Y118.491188 Z7.890396 E0.674982
G1 X203.529113 Y120.860397 Z7.893648 E0.67496
G1 X203.713677 Y123.236499 Z7.896899 E0.674938
G1 X203.823511 Y125.61715 Z7.900151 E0.674917
G1 X203.858511 Y128 Z7.903402 E0.674895
G1 X203.818684 Y130.382698 Z7.906605 E0.664793
G1 X203.704039 Y132.762894 Z7.909808 E0.664772
G1 X203.514691 Y135.13824 Z7.913011 E0.664751
G1 X203.250835 Y137.506391 Z7.916214 E0.66473
G1 X202.912733 Y139.865011 Z7.919416 E0.664709
G1 X202.500726 Y142.211773 Z7.922619 E0.664688
G1 X202.015223 Y144.544362 Z7.925822 E0.664667
G1 X201.456709 Y146.860477 Z7.929025 E0.664646
G1 X200.82574 Y149.157833 Z7.932228 E0.664625
G1 X200.122942 Y151.434164 Z7.935431 E0.664604
G1 X199.349014 Y153.687226 Z7.938634 E0.664583
G1 X198.504725 Y155.914795 Z7.941836 E0.664562
G1 X197.590911 Y158.114676 Z7.945039 E0.664541
G1 X196.608479 Y160.2847 Z7.948242 E0.66452
G1 X195.558403 Y162.422726 Z7.951445 E0.664499
G1 X194.441723 Y164.526646 Z7.954648 E0.664478
G1 X193.259546 Y166.594388 Z7.957851 E0.664457
G1 X192.013042 Y168.623912 Z7.961054 E0.664436
G1 X190.703446 Y170.613218 Z7.964257 E0.664415
G1 X189.332054 Y172.560345 Z7.967459 E0.664394
G1 X187.900222 Y174.463375 Z7.970662 E0.664373
G1 X186.409369 Y176.320432 Z7.973865 E0.664352
G1 X184.860969 Y178.129687 Z7.977068 E0.664331
G1 X183.256553 Y179.889357 Z7.980271 E0.66431
G1 X181.597709 Y181.597709 Z7.983474 E0.664289
G1 X179.886076 Y183.253059 Z7.986677 E0.664268
G1 X178.123349 Y184.853779 Z7.989879 E0.664247
G1 X176.311268 Y186.398291 Z7.993082 E0.664226
G1 X174.451626 Y187.885075 Z7.996285 E0.664205
G1 X172.546261 Y189.312668 Z7.999488 E0.664184
G1 X170.597056 Y190.679664 Z8.002691 E0.664163
G1 X168.605937 Y191.984718 Z8.005894 E0.664142
G1 X166.574872 Y193.226546 Z8.009097 E0.664121
G1 X164.505868 Y194.403927 Z8.012299 E0.6641
G1 X162.400969 Y195.515703 Z8.015502 E0.664079
G1 X160.262254 Y196.56078 Z8.018705 E0.664058
G1 X158.091837 Y197.538132 Z8.021908 E0.664037
G1 X155.891861 Y198.446799 Z8.025111 E0.664016
G1 X153.664499 Y199.285888 Z8.028314 E0.663995
G1 X151.411951 Y200.054575 Z8.031517 E0.663974
G1 X149.136441 Y200.752107 Z8.03472 E0.663953
G1 X146.840217 Y201.377799 Z8.037922 E0.663932
G1 X144.525545 Y201.931038 Z8.041125 E0.663911
G1 X142.194712 Y202.411284 Z8.044328 E0.66389
G1 X139.850018 Y202.818066 Z8.047531 E0.663869
G1 X137.493778 Y203.150989 Z8.050734 E0.663848
G1 X135.128318 Y203.409728 Z8.053937 E0.663827
G1 X132.755973 Y203.594032 Z8.05714 E0.663806
G1 X130.379085 Y203.703725 Z8.060342 E0.663785
G1 X128 Y203.738702 Z8.063545 E0.663764
G1 X125.621065 Y203.698935 Z8.066748 E0.663743
G1 X123.244628 Y203.584466 Z8.069951 E0.663722
G1 X120.873035 Y203.395414 Z8.073154 E0.663701
G1 X118.508625 Y203.131971 Z8.076357 E0.66368
G1 X116.153731 Y202.7944 Z8.07956 E0.663659
G1 X113.810676 Y202.383039 Z8.082763 E0.663638
G1 X111.481773 Y201.8983 Z8.085965 E0.663617
G1 X109.169318 Y201.340664 Z8.089168 E0.663596
G1 X106.875592 Y200.710688 Z8.092371 E0.663575
G1 X104.602859 Y200.008997 Z8.095574 E0.663554
G1 X102.353358 Y199.236289 Z8.098777 E0.663533
G1 X100.129309 Y198.393329 Z8.10198 E0.663512
G1 X97.932905 Y197.480956 Z8.105183 E0.663491
G1 X95.766312 Y196.500073 Z8.108385 E0.66347
G1 X93.631666 Y195.451653 Z8.111588 E0.66345
G1 X91.531072 Y194.336734 Z8.114791 E0.663429
G1 X89.4666 Y193.156422 Z8.117994 E0.663408
G1 X87.440285 Y191.911884 Z8.121197 E0.663387
G1 X85.454125 Y190.604354 Z8.1244 E0.663366
G1 X83.510077 Y189.235126 Z8.127603 E0.663345
G1 X81.610057 Y187.805555 Z8.130805 E0.663324
G1 X79.755937 Y186.317055 Z8.134008 E0.663303
G1 X77.949544 Y184.771099 Z8.137211 E0.663282
G1 X76.192658 Y183.169216 Z8.140414 E0.663261
G1 X74.487009 Y181.512991 Z8.143617 E0.66324
G1 X72.834277 Y179.804062 Z8.14682 E0.663219
G1 X71.236091 Y178.044118 Z8.150023 E0.663198
G1 X69.694023 Y176.234899 Z8.153226 E0.663177
G1 X68.209592 Y174.378194 Z8.156428 E0.663156
G1 X66.784259 Y172.475839 Z8.159631 E0.663135
G1 X65.419428 Y170.529713 Z8.162834 E0.663114
G1 X64.11644 Y168.54174 Z8.166037 E0.663093
G1 X62.876578 Y166.513884 Z8.16924 E0.663072
G1 X61.701062 Y164.44815 Z8.172443 E0.663051
G1 X60.591048 Y162.346577 Z8.175646 E0.66303
G1 X59.547626 Y160.211242 Z8.178848 E0.663009
G1 X58.571823 Y158.044255 Z8.182051 E0.662988
G1 X57.664596 Y155.847756 Z8.185254 E0.662967
G1 X56.826838 Y153.623915 Z8.188457 E0.662946
G1 X56.05937 Y151.374928 Z8.19166 E0.662925
G1 X55.362945 Y149.103015 Z8.194863 E0.662904
G1 X54.738246 Y146.810421 Z8.198066 E0.662883
G1 X54.185885 Y144.499409 Z8.201269 E0.662862
G1 X53.706402 Y142.172262 Z8.204471 E0.662841
G1 X53.300266 Y139.831276 Z8.207674 E0.66282
G1 X52.967872 Y137.478762 Z8.210877 E0.662799
G1 X52.709545 Y135.117043 Z8.21408 E0.662778
G1 X52.525535 Y132.748451 Z8.217283 E0.662757
G1 X52.416018 Y130.375322 Z8.220486 E0.662736
G1 X52.381098 Y128 Z8.223689 E0.662715
G1 X52.420804 Y125.624828 Z8.226891 E0.662694
G1 X52.535093 Y123.25215 Z8.230094 E0.662673
G1 X52.723847 Y120.884308 Z8.233297 E0.662652
G1 X52.986875 Y118.523639 Z8.2365 E0.662631
G1 X53.323913 Y116.17247 Z8.239703 E0.66261
G1 X53.734624 Y113.833122 Z8.242906 E0.662589
G1 X54.218597 Y111.507903 Z8.246109 E0.662568
G1 X54.77535 Y109.199106 Z8.249311 E0.662547
G1 X55.40433 Y106.909008 Z8.252514 E0.662526
G1 X56.104911 Y104.639869 Z8.255717 E0.662505
G1 X56.876397 Y102.393927 Z8.25892 E0.662484
G1 X57.718023 Y100.173397 Z8.262123 E0.662463
G1 X58.628953 Y97.980467 Z8.265326 E0.662442
G1 X59.608283 Y95.817301 Z8.268529 E0.662421
G1 X60.655043 Y93.686031 Z8.271732 E0.6624
G1 X61.768197 Y91.588758 Z8.274934 E0.662379
G1 X62.946641 Y89.527551 Z8.278137 E0.662358
G1 X64.189209 Y87.50444 Z8.28134 E0.662337
G1 X65.494669 Y85.521421 Z8.284543 E0.662316
G1 X66.86173 Y83.580447 Z8.287746 E0.662295
G1 X68.289038 Y81.68343 Z8.290949 E0.662274
G1 X69.775182 Y79.832241 Z8.294152 E0.662253
G1 X71.31869 Y78.028704 Z8.297354 E0.662232
G1 X72.918038 Y76.274594 Z8.300557 E0.662212
G1 X74.571641 Y74.571641 Z8.30376 E0.662191
G1 X76.277866 Y72.921521 Z8.306963 E0.66217
G1 X78.035024 Y71.325859 Z8.310166 E0.662149
G1 X79.841379 Y69.786227 Z8.313369 E0.662128
G1 X81.695145 Y68.30414 Z8.316572 E0.662107
G1 X83.594489 Y66.881058 Z8.319775 E0.662086
G1 X85.537536 Y65.518381 Z8.322977 E0.662065
G1 X87.522363 Y64.21745 Z8.32618 E0.662044
G1 X89.54701 Y62.979545 Z8.329383 E0.662023
G1 X91.609476 Y61.805883 Z8.332586 E0.662002
G1 X93.707724 Y60.697618 Z8.335789 E0.661981
G1 X95.83968 Y59.655841 Z8.338992 E0.66196
G1 X98.003239 Y58.681576 Z8.342195 E0.661939
G1 X100.196264 Y57.775779 Z8.345397 E0.661919
G1 X102.416588 Y56.939339 Z8.3486 E0.661898
G1 X104.662018 Y56.173078 Z8.351803 E0.661877
G1 X106.930338 Y55.477747 Z8.355006 E0.661856
G1 X109.219307 Y54.854029 Z8.358209 E0.661835
G1 X111.526665 Y54.302535 Z8.361412 E0.661814
G1 X113.850134 Y53.823804 Z8.364615 E0.661793
G1 X116.18742 Y53.418303 Z8.367817 E0.661772
G1 X118.536215 Y53.086428 Z8.37102 E0.661751
G1 X120.894201 Y52.828503 Z8.374223 E0.66173
G1 X123.259051 Y52.644777 Z8.377426 E0.661709
G1 X125.62843 Y52.535426 Z8.380629 E0.661689
G1 X128 Y52.500555 Z8.383832 E0.661668
G1 X130.37142 Y52.540193 Z8.387035 E0.661647
G1 X132.74035 Y52.654296 Z8.390238 E0.661626
G1 X135.104452 Y52.842746 Z8.39344 E0.661605
G1 X137.461394 Y53.105353 Z8.396643 E0.661584
G1 X139.80885 Y53.441854 Z8.399846 E0.661563
G1 X142.144504 Y53.851911 Z8.403049 E0.661542
G1 X144.466053 Y54.335115 Z8.406252 E0.661521
G1 X146.771205 Y54.890985 Z8.409455 E0.6615
G1 X149.057686 Y55.518968 Z8.412658 E0.66148
G1 X151.323243 Y56.218438 Z8.41586 E0.661459
G1 X153.56564 Y56.988703 Z8.419063 E0.661438
G1 X155.782666 Y57.828995 Z8.422266 E0.661417
G1 X157.972135 Y58.738484 Z8.425469 E0.661396
G1 X160.131887 Y59.716265 Z8.428672 E0.661375
G1 X162.259793 Y60.76137 Z8.431875 E0.661354
G1 X164.353756 Y61.872764 Z8.435078 E0.661333
G1 X166.41171 Y63.049345 Z8.438281 E0.661312
G1 X168.431628 Y64.289949 Z8.441483 E0.661292
G1 X170.411518 Y65.593346 Z8.444686 E0.661271
G1 X172.349429 Y66.958247 Z8.447889 E0.66125
G1 X174.243452 Y68.383301 Z8.451092 E0.661229
G1 X176.09172 Y69.867097 Z8.454295 E0.661208
G1 X177.892411 Y71.408168 Z8.457498 E0.661187
G1 X179.643752 Y73.00499 Z8.460701 E0.661166
G1 X181.344018 Y74.655982 Z8.463903 E0.661145
G1 X182.991534 Y76.359512 Z8.467106 E0.661124
G1 X184.584677 Y78.113897 Z8.470309 E0.661103
G1 X186.121879 Y79.9174 Z8.473512 E0.661083
G1 X187.601627 Y81.768239 Z8.476715 E0.661062
G1 X189.022462 Y83.664586 Z8.479918 E0.661041
G1 X190.382988 Y85.604565 Z8.483121 E0.66102
G1 X191.681866 Y87.586259 Z8.486323 E0.660999
G1 X192.917816 Y89.60771 Z8.489526 E0.660978
G1 X194.089625 Y91.666921 Z8.492729 E0.660957
G1 X195.196139 Y93.761857 Z8.495932 E0.660936
G1 X196.23627 Y95.890449 Z8.499135 E0.660915
G1 X197.208996 Y98.050593 Z8.502338 E0.660894
G1 X198.113363 Y100.240156 Z8.505541 E0.660874
G1 X198.94848 Y102.456975 Z8.508744 E0.660853
G1 X199.713529 Y104.698862 Z8.511946 E0.660832
G1 X200.40776 Y106.963601 Z8.515149 E0.660811
G1 X201.030491 Y109.248957 Z8.518352 E0.66079
G1 X201.581112 Y111.552673 Z8.521555 E0.660769
G1 X202.059085 Y113.872474 Z8.524758 E0.660748
G1 X202.463943 Y116.20607 Z8.527961 E0.660727
G1 X202.79529 Y118.551158 Z8.531164 E0.660706
G1 X203.052804 Y120.905421 Z8.534366 E0.660686
G1 X203.236237 Y123.266537 Z8.537569 E0.660665
G1 X203.34541 Y125.632175 Z8.540772 E0.660644
G1 X203.380223 Y128 Z8.543975 E0.660623
G1 X203.34064 Y130.367675 Z8.547183 E0.660602
G1 X203.226709 Y132.732863 Z8.550392 E0.660581
G1 X203.038549 Y135.093231 Z8.5536 E0.66056
G1 X202.776348 Y137.44645 Z8.556809 E0.660539
G1 X202.440371 Y139.790197 Z8.560017 E0.660518
G1 X202.030954 Y142.12216 Z8.563226 E0.660497
G1 X201.548505 Y144.440039 Z8.566434 E0.660476
G1 X200.993506 Y146.741547 Z8.569643 E0.660455
G1 X200.366508 Y149.024414 Z8.572851 E0.660434
G1 X199.668135 Y151.286389 Z8.576059 E0.660414
G1 X198.899081 Y153.52524 Z8.579268 E0.660393
G1 X198.060108 Y155.738759 Z8.582476 E0.660372
G1 X197.15205 Y157.924764 Z8.585685 E0.660351
G1 X196.175807 Y160.0811 Z8.588893 E0.66033
G1 X195.132347 Y162.205639 Z8.592102 E0.660309
G1 X194.022703 Y164.296288 Z8.59531 E0.660288
G1 X192.847974 Y166.350985 Z8.598519 E0.660267
G1 X191.609326 Y168.367706 Z8.601727 E0.660246
G1 X190.307982 Y170.344461 Z8.604935 E0.660225
G1 X188.945233 Y172.279304 Z8.608144 E0.660204
G1 X187.522426 Y174.170327 Z8.611352 E0.660183
G1 X186.04097 Y176.015666 Z8.614561 E0.660162
G1 X184.50233 Y177.813505 Z8.617769 E0.660141
G1 X182.908029 Y179.562071 Z8.620978 E0.66012
G1 X181.259642 Y181.259642 Z8.624186 E0.6601
G1 X179.558801 Y182.904546 Z8.627394 E0.660079
G1 X177.807186 Y184.495163 Z8.630603 E0.660058
G1 X176.006531 Y186.029928 Z8.633811 E0.660037
G1 X174.158615 Y187.507328 Z8.63702 E0.660016
G1 X172.265264 Y188.925909 Z8.640228 E0.659995
G1 X170.32835 Y190.284276 Z8.643437 E0.659974
G1 X168.349787 Y191.581091 Z8.646645 E0.659953
G1 X166.331531 Y192.815079 Z8.649854 E0.659932
G1 X164.275575 Y193.985026 Z8.653062 E0.659911
G1 X162.183951 Y195.089782 Z8.65627 E0.65989
G1 X160.058725 Y196.128259 Z8.659479 E0.659869
G1 X157.901997 Y197.099439 Z8.662687 E0.659848
G1 X155.715897 Y198.002366 Z8.665896 E0.659827
G1 X153.502585 Y198.836154 Z8.669104 E0.659806
G1 X151.264245 Y199.599985 Z8.672313 E0.659786
G1 X149.00309 Y200.293108 Z8.675521 E0.659765
G1 X146.72135 Y200.914845 Z8.678729 E0.659744
G1 X144.421281 Y201.464587 Z8.681938 E0.659723
G1 X142.105152 Y201.941795 Z8.685146 E0.659702
G1 X139.77525 Y202.346004 Z8.688355 E0.659681
G1 X137.433876 Y202.676818 Z8.691563 E0.65966
G1 X135.083341 Y202.933917 Z8.694772 E0.659639
G1 X132.725964 Y203.117051 Z8.69798 E0.659618
G1 X130.364074 Y203.226044 Z8.701189 E0.659597
G1 X128 Y203.260793 Z8.704397 E0.659576
G1 X125.636076 Y203.221269 Z8.707605 E0.659555
G1 X123.274636 Y203.107516 Z8.710814 E0.659534
G1 X120.918008 Y202.919649 Z8.714022 E0.659513
G1 X118.568519 Y202.65786 Z8.717231 E0.659492
G1 X116.228486 Y202.322412 Z8.720439 E0.659472
G1 X113.900219 Y201.91364 Z8.723648 E0.659451
G1 X111.586014 Y201.431952 Z8.726856 E0.65943
G1 X109.288154 Y200.877829 Z8.730064 E0.659409
G1 X107.008906 Y200.251821 Z8.733273 E0.659388
G1 X104.750517 Y199.554551 Z8.736481 E0.659367
G1 X102.515216 Y198.786712 Z8.73969 E0.659346
G1 X100.305206 Y197.949066 Z8.742898 E0.659325
G1 X98.122667 Y197.042443 Z8.746107 E0.659304
G1 X95.969751 Y196.067744 Z8.749315 E0.659283
G1 X93.848581 Y195.025934 Z8.752524 E0.659262
G1 X91.761248 Y193.918046 Z8.755732 E0.659241
G1 X89.709809 Y192.745176 Z8.75894 E0.65922
G1 X87.696288 Y191.508488 Z8.762149 E0.659199
G1 X85.722668 Y190.209205 Z8.765357 E0.659178
G1 X83.790895 Y188.848613 Z8.768566 E0.659158
G1 X81.902873 Y187.428059 Z8.771774 E0.659137
G1 X80.060461 Y185.948948 Z8.774983 E0.659116
G1 X78.265475 Y184.412745 Z8.778191 E0.659095
G1 X76.519684 Y182.820968 Z8.7814 E0.659074
G1 X74.824807 Y181.175193 Z8.784608 E0.659053
G1 X73.182514 Y179.477046 Z8.787816 E0.659032
G1 X71.594422 Y177.728206 Z8.791025 E0.659011
G1 X70.062094 Y175.930404 Z8.794233 E0.65899
G1 X68.58704 Y174.085416 Z8.797442 E0.658969
G1 X67.170712 Y172.195065 Z8.80065 E0.658948
G1 X65.814502 Y170.261221 Z8.803859 E0.658927
G1 X64.519747 Y168.285794 Z8.807067 E0.658906
G1 X63.287719 Y166.270736 Z8.810275 E0.658885
G1 X62.119631 Y164.218039 Z8.813484 E0.658864
G1 X61.016631 Y162.129731 Z8.816692 E0.658844
G1 X59.979804 Y160.007875 Z8.819901 E0.658823
G1 X59.010168 Y157.854566 Z8.823109 E0.658802
G1 X58.108677 Y155.671932 Z8.826318 E0.658781
G1 X57.276215 Y153.462129 Z8.829526 E0.65876
G1 X56.5136 Y151.22734 Z8.832735 E0.658739
G1 X55.821579 Y148.96977 Z8.835943 E0.658718
G1 X55.200832 Y146.691649 Z8.839151 E0.658697
G1 X54.651966 Y144.395228 Z8.84236 E0.658676
G1 X54.175519 Y142.082773 Z8.845568 E0.658655
G1 X53.771955 Y139.756567 Z8.848777 E0.658634
G1 X53.441669 Y137.418908 Z8.851985 E0.658613
G1 X53.184982 Y135.072101 Z8.855194 E0.658592
G1 X53.002143 Y132.718465 Z8.858402 E0.658571
G1 X52.893327 Y130.360322 Z8.86161 E0.65855
G1 X52.858636 Y128 Z8.864819 E0.65853
G1 X52.898101 Y125.639828 Z8.868027 E0.658509
G1 X53.011678 Y123.282135 Z8.871236 E0.658488
G1 X53.19925 Y120.929247 Z8.874444 E0.658467
G1 X53.460627 Y118.583487 Z8.877653 E0.658446
G1 X53.795547 Y116.247169 Z8.880861 E0.658425
G1 X54.203674 Y113.922598 Z8.88407 E0.658404
G1 X54.684601 Y111.612067 Z8.887278 E0.658383
G1 X55.237849 Y109.317855 Z8.890486 E0.658362
G1 X55.862867 Y107.042225 Z8.893695 E0.658341
G1 X56.559033 Y104.787423 Z8.896903 E0.65832
G1 X57.325657 Y102.555671 Z8.900112 E0.658299
G1 X58.161977 Y100.349171 Z8.90332 E0.658278
G1 X59.067164 Y98.170098 Z8.906529 E0.658257
G1 X60.040319 Y96.020602 Z8.909737 E0.658236
G1 X61.080478 Y93.902801 Z8.912946 E0.658216
G1 X62.186611 Y91.818783 Z8.916154 E0.658195
G1 X63.357622 Y89.770604 Z8.919362 E0.658174
G1 X64.59235 Y87.760282 Z8.922571 E0.658153
G1 X65.889573 Y85.789798 Z8.925779 E0.658132
G1 X67.248008 Y83.861094 Z8.928988 E0.658111
G1 X68.666309 Y81.976072 Z8.932196 E0.65809
G1 X70.143074 Y80.136588 Z8.935405 E0.658069
G1 X71.676841 Y78.344455 Z8.938613 E0.658048
G1 X73.266092 Y76.601439 Z8.941821 E0.658027
G1 X74.909257 Y74.909257 Z8.94503 E0.658006
G1 X76.60471 Y73.269575 Z8.948238 E0.657985
G1 X78.350774 Y71.684007 Z8.951447 E0.657964
G1 X80.145723 Y70.154117 Z8.954655 E0.657943
G1 X81.987784 Y68.681408 Z8.957864 E0.657923
G1 X83.875134 Y67.267332 Z8.961072 E0.657902
G1 X85.805909 Y65.91328 Z8.964281 E0.657881
G1 X87.7782 Y64.620584 Z8.967489 E0.65786
G1 X89.790058 Y63.390517 Z8.970697 E0.657839
G1 X91.839496 Y62.224288 Z8.973906 E0.657818
G1 X93.924489 Y61.123043 Z8.977114 E0.657797
G1 X96.042976 Y60.087867 Z8.980323 E0.657776
G1 X98.192865 Y59.119775 Z8.983531 E0.657755
G1 X100.372032 Y58.219719 Z8.98674 E0.657734
G1 X102.578326 Y57.388584 Z8.989948 E0.657713
G1 X104.809566 Y56.627184 Z8.993156 E0.657692
G1 X107.06355 Y55.936267 Z8.996365 E0.657671
G1 X109.338052 Y55.316509 Z8.999573 E0.65765
G1 X111.630825 Y54.768519 Z9.002782 E0.657629
G1 X113.939606 Y54.292833 Z9.00599 E0.657609
G1 X116.262116 Y53.889914 Z9.009199 E0.657588
G1 X118.596061 Y53.560157 Z9.012407 E0.657567
G1 X120.939138 Y53.303882 Z9.015616 E0.657546
G1 X123.289034 Y53.121337 Z9.018824 E0.657525
G1 X125.643429 Y53.012697 Z9.022032 E0.657504
G1 X128 Y52.978066 Z9.025241 E0.657483
G1 X130.356421 Y53.017472 Z9.028449 E0.657462
G1 X132.710366 Y53.130872 Z9.031658 E0.657441
G1 X135.059513 Y53.31815 Z9.034866 E0.65742
G1 X137.401544 Y53.579115 Z9.038075 E0.657399
G1 X139.734148 Y53.913506 Z9.041283 E0.657378
G1 X142.055023 Y54.320991 Z9.044491 E0.657357
G1 X144.361876 Y54.801176 Z9.0477 E0.657336
G1 X146.652434 Y55.353566 Z9.050908 E0.657315
G1 X148.924438 Y55.977611 Z9.054117 E0.657294
G1 X151.175647 Y56.672692 Z9.057325 E0.657273
G1 X153.403841 Y57.438118 Z9.060534 E0.657252
G1 X155.606821 Y58.273128 Z9.063742 E0.657231
G1 X157.782411 Y59.176909 Z9.066951 E0.65721
G1 X159.928468 Y60.148552 Z9.070159 E0.657188
G1 X162.042877 Y61.187092 Z9.073367 E0.657167
G1 X164.123554 Y62.291499 Z9.076576 E0.657146
G1 X166.168448 Y63.460679 Z9.079784 E0.657125
G1 X168.175543 Y64.693474 Z9.082993 E0.657103
G1 X170.142857 Y65.988669 Z9.086201 E0.657082
G1 X172.068447 Y67.344986 Z9.08941 E0.657061
G1 X173.950423 Y68.761071 Z9.092618 E0.657039
G1 X175.786931 Y70.235524 Z9.095827 E0.657018
G1 X177.576159 Y71.766885 Z9.099035 E0.656996
G1 X179.316347 Y73.35364 Z9.102243 E0.656975
G1 X181.00578 Y74.99422 Z9.105452 E0.656953
G1 X182.642781 Y76.687013 Z9.10866 E0.656932
G1 X184.225749 Y78.430334 Z9.111869 E0.65691
G1 X185.753127 Y80.222458 Z9.115077 E0.656889
G1 X187.223411 Y82.061614 Z9.118286 E0.656867
G1 X188.635154 Y83.945982 Z9.121494 E0.656846
G1 X189.986966 Y85.873702 Z9.124702 E0.656824
G1 X191.277508 Y87.842873 Z9.127911 E0.656802
G1 X192.505512 Y89.851546 Z9.131119 E0.656781
G1 X193.669778 Y91.897734 Z9.134328 E0.656759
G1 X194.769161 Y93.979413 Z9.137536 E0.656737
G1 X195.80258 Y96.094528 Z9.140745 E0.656715
G1 X196.76902 Y98.240988 Z9.143953 E0.656694
G1 X197.667527 Y100.416675 Z9.147162 E0.656672
G1 X198.497209 Y102.619443 Z9.15037 E0.65665
G1 X199.257265 Y104.847111 Z9.153578 E0.656628
G1 X199.946951 Y107.097478 Z9.156787 E0.656606
G1 X200.56559 Y109.368323 Z9.159995 E0.656584
G1 X201.112576 Y111.657403 Z9.163204 E0.656562
G1 X201.587375 Y113.962457 Z9.166412 E0.65654
G1 X201.989507 Y116.281213 Z9.169621 E0.656518
G1 X202.318592 Y118.611378 Z9.172829 E0.656496
G1 X202.574314 Y120.950652 Z9.176037 E0.656474
G1 X202.756425 Y123.296724 Z9.179246 E0.656452
G1 X202.864751 Y125.64728 Z9.182454 E0.65643
G1 X202.899189 Y128 Z9.185663 E0.656408
G1 X202.859744 Y130.352562 Z9.188819 E0.646752
G1 X202.746416 Y132.702646 Z9.191975 E0.64673
G1 X202.559332 Y135.047932 Z9.19513 E0.646708
G1 X202.298682 Y137.386106 Z9.198286 E0.646687
G1 X201.964727 Y139.714862 Z9.201442 E0.646665
G1 X201.557803 Y142.031901 Z9.204598 E0.646644
G1 X201.078316 Y144.334939 Z9.207754 E0.646622
G1 X200.526726 Y146.621698 Z9.21091 E0.6466
G1 X199.9036 Y148.889927 Z9.214065 E0.646579
G1 X199.209557 Y151.137388 Z9.217221 E0.646557
G1 X198.445288 Y153.361864 Z9.220377 E0.646535
G1 X197.611552 Y155.561163 Z9.223533 E0.646514
G1 X196.709176 Y157.733115 Z9.226689 E0.646492
G1 X195.739054 Y159.875579 Z9.229845 E0.64647
G1 X194.70215 Y161.986443 Z9.233001 E0.646448
G1 X193.599491 Y164.063625 Z9.236156 E0.646427
G1 X192.432169 Y166.105079 Z9.239312 E0.646405
G1 X191.201341 Y168.108791 Z9.242468 E0.646383
G1 X189.908225 Y170.072786 Z9.245624 E0.646361
G1 X188.554103 Y171.995131 Z9.24878 E0.64634
G1 X187.140313 Y173.873929 Z9.251936 E0.646318
G1 X185.668257 Y175.707331 Z9.255092 E0.646296
G1 X184.139389 Y177.493529 Z9.258247 E0.646274
G1 X182.555224 Y179.230765 Z9.261403 E0.646253
G1 X180.917327 Y180.917327 Z9.264559 E0.646231
G1 X179.227319 Y182.551554 Z9.267715 E0.646209
G1 X177.486871 Y184.131836 Z9.270871 E0.646188
G1 X175.697704 Y185.656619 Z9.274027 E0.646166
G1 X173.861587 Y187.124401 Z9.277183 E0.646144
G1 X171.980335 Y188.533738 Z9.280338 E0.646122
G1 X170.055808 Y189.883242 Z9.283494 E0.646101
G1 X168.089907 Y191.171586 Z9.28665 E0.646079
G1 X166.084577 Y192.397502 Z9.289806 E0.646057
G1 X164.041797 Y193.559785 Z9.292962 E0.646035
G1 X161.963587 Y194.657293 Z9.296118 E0.646014
G1 X159.852 Y195.688946 Z9.299274 E0.645992
G1 X157.709122 Y196.653731 Z9.302429 E0.64597
G1 X155.53707 Y197.5507 Z9.305585 E0.645948
G1 X153.337989 Y198.378973 Z9.308741 E0.645927
G1 X151.114052 Y199.137736 Z9.311897 E0.645905
G1 X148.867454 Y199.826247 Z9.315053 E0.645883
G1 X146.600414 Y200.443829 Z9.318209 E0.645861
G1 X144.315171 Y200.989879 Z9.321365 E0.64584
G1 X142.013981 Y201.463862 Z9.32452 E0.645818
G1 X139.699117 Y201.865316 Z9.327676 E0.645796
G1 X137.372863 Y202.193849 Z9.330832 E0.645775
G1 X135.037516 Y202.449141 Z9.333988 E0.645753
G1 X132.695381 Y202.630946 Z9.337144 E0.645731
G1 X130.348771 Y202.73909 Z9.3403 E0.645709
G1 X128 Y202.77347 Z9.343455 E0.645688
G1 X125.651388 Y202.734058 Z9.346611 E0.645666
G1 X123.305251 Y202.620897 Z9.349767 E0.645644
G1 X120.963906 Y202.434105 Z9.352923 E0.645622
G1 X118.629661 Y202.173869 Z9.356079 E0.645601
G1 X116.304821 Y201.840453 Z9.359235 E0.645579
G1 X113.991679 Y201.434191 Z9.362391 E0.645557
G1 X111.692517 Y200.955487 Z9.365546 E0.645535
G1 X109.409602 Y200.404819 Z9.368702 E0.645514
G1 X107.145187 Y199.782736 Z9.371858 E0.645492
G1 X104.901506 Y199.089856 Z9.375014 E0.64547
G1 X102.68077 Y198.326867 Z9.37817 E0.645448
G1 X100.48517 Y197.494529 Z9.381326 E0.645427
G1 X98.31687 Y196.593665 Z9.384482 E0.645405
G1 X96.17801 Y195.625171 Z9.387637 E0.645383
G1 X94.070697 Y194.590007 Z9.390793 E0.645362
G1 X91.997009 Y193.489197 Z9.393949 E0.64534
G1 X89.95899 Y192.323834 Z9.397105 E0.645318
G1 X87.95865 Y191.095072 Z9.400261 E0.645296
G1 X85.997958 Y189.804127 Z9.403417 E0.645275
G1 X84.078849 Y188.452278 Z9.406573 E0.645253
G1 X82.203212 Y187.040863 Z9.409728 E0.645231
G1 X80.372896 Y185.571279 Z9.412884 E0.645209
G1 X78.589705 Y184.044979 Z9.41604 E0.645188
G1 X76.855393 Y182.463474 Z9.419196 E0.645166
G1 X75.171671 Y180.828329 Z9.422352 E0.645144
G1 X73.540196 Y179.14116 Z9.425508 E0.645122
G1 X71.962574 Y177.403637 Z9.428664 E0.645101
G1 X70.440359 Y175.617476 Z9.431819 E0.645079
G1 X68.975049 Y173.784445 Z9.434975 E0.645057
G1 X67.568087 Y171.906355 Z9.438131 E0.645035
G1 X66.220856 Y169.985063 Z9.441287 E0.645014
G1 X64.934683 Y168.022467 Z9.444443 E0.644992
G1 X63.710833 Y166.020508 Z9.447599 E0.64497
G1 X62.550508 Y163.981163 Z9.450755 E0.644949
G1 X61.454851 Y161.906447 Z9.45391 E0.644927
G1 X60.424937 Y159.798411 Z9.457066 E0.644905
G1 X59.46178 Y157.659136 Z9.460222 E0.644883
G1 X58.566323 Y155.490737 Z9.463378 E0.644862
G1 X57.739448 Y153.295355 Z9.466534 E0.64484
G1 X56.981965 Y151.075158 Z9.46969 E0.644818
G1 X56.294618 Y148.832339 Z9.472845 E0.644796
G1 X55.678078 Y146.569113 Z9.476001 E0.644775
G1 X55.132952 Y144.287715 Z9.479157 E0.644753
G1 X54.65977 Y141.990397 Z9.482313 E0.644731
G1 X54.258996 Y139.679428 Z9.485469 E0.644709
G1 X53.931021 Y137.357088 Z9.488625 E0.644688
G1 X53.676162 Y135.025671 Z9.491781 E0.644666
G1 X53.494667 Y132.687478 Z9.494936 E0.644644
G1 X53.38671 Y130.344817 Z9.498092 E0.644622
G1 X53.352392 Y128 Z9.501248 E0.644601
G1 X53.391742 Y125.655341 Z9.504404 E0.644579
G1 X53.504716 Y123.313154 Z9.50756 E0.644557
G1 X53.691199 Y120.97575 Z9.510716 E0.644536
G1 X53.951 Y118.645436 Z9.513872 E0.644514
G1 X54.283859 Y116.32451 Z9.517027 E0.644492
G1 X54.689442 Y114.015263 Z9.520183 E0.64447
G1 X55.167344 Y111.719973 Z9.523339 E0.644449
G1 X55.717089 Y109.440903 Z9.526495 E0.644427
G1 X56.338129 Y107.180302 Z9.529651 E0.644405
G1 X57.029846 Y104.940399 Z9.532807 E0.644383
G1 X57.791554 Y102.723404 Z9.535963 E0.644362
G1 X58.622495 Y100.531502 Z9.539118 E0.64434
G1 X59.521845 Y98.366856 Z9.542274 E0.644318
G1 X60.488712 Y96.231599 Z9.54543 E0.644296
G1 X61.522137 Y94.127837 Z9.548586 E0.644275
G1 X62.621096 Y92.057643 Z9.551742 E0.644253
G1 X63.7845 Y90.023059 Z9.554898 E0.644231
G1 X65.011196 Y88.02609 Z9.558054 E0.644209
G1 X66.29997 Y86.068703 Z9.561209 E0.644188
G1 X67.649546 Y84.152829 Z9.564365 E0.644166
G1 X69.058587 Y82.280354 Z9.567521 E0.644144
G1 X70.5257 Y80.453124 Z9.570677 E0.644123
G1 X72.049431 Y78.672939 Z9.573833 E0.644101
G1 X73.628275 Y76.941552 Z9.576989 E0.644079
G1 X75.260669 Y75.260669 Z9.580145 E0.644057
G1 X76.944998 Y73.631945 Z9.5833 E0.644036
G1 X78.679597 Y72.056984 Z9.586456 E0.644014
G1 X80.462751 Y70.537337 Z9.589612 E0.643992
G1 X82.292696 Y69.074499 Z9.592768 E0.64397
G1 X84.167625 Y67.669911 Z9.595924 E0.643949
G1 X86.085682 Y66.324954 Z9.59908 E0.643927
G1 X88.044973 Y65.040952 Z9.602235 E0.643905
G1 X90.043561 Y63.819167 Z9.605391 E0.643883
G1 X92.079472 Y62.660802 Z9.608547 E0.643862
G1 X94.150693 Y61.566995 Z9.611703 E0.64384
G1 X96.255179 Y60.538821 Z9.614859 E0.643818
G1 X98.390849 Y59.57729 Z9.618015 E0.643796
G1 X100.555596 Y58.683347 Z9.621171 E0.643775
G1 X102.747279 Y57.857869 Z9.624326 E0.643753
G1 X104.963735 Y57.101667 Z9.627482 E0.643731
G1 X107.202775 Y56.415482 Z9.630638 E0.64371
G1 X109.462187 Y55.799986 Z9.633794 E0.643688
G1 X111.739741 Y55.255782 Z9.63695 E0.643666
G1 X114.033187 Y54.783403 Z9.640106 E0.643644
G1 X116.340262 Y54.383309 Z9.643262 E0.643623
G1 X118.658687 Y54.05589 Z9.646417 E0.643601
G1 X120.986173 Y53.801465 Z9.649573 E0.643579
G1 X123.320425 Y53.620281 Z9.652729 E0.643557
G1 X125.659136 Y53.51251 Z9.655885 E0.643536
G1 X128 Y53.478254 Z9.659041 E0.643514
G1 X130.340706 Y53.517542 Z9.662197 E0.643492
G1 X132.678943 Y53.63033 Z9.665353 E0.64347
G1 X135.012405 Y53.816502 Z9.668508 E0.643449
G1 X137.338789 Y54.075869 Z9.671664 E0.643427
G1 X139.655801 Y54.408171 Z9.67482 E0.643405
G1 X141.961153 Y54.813074 Z9.677976 E0.643383
G1 X144.252572 Y55.290175 Z9.681132 E0.643362
G1 X146.527797 Y55.838996 Z9.684288 E0.64334
G1 X148.784584 Y56.458993 Z9.687444 E0.643318
G1 X151.020707 Y57.149548 Z9.690599 E0.643297
G1 X153.233962 Y57.909975 Z9.693755 E0.643275
G1 X155.422165 Y58.739518 Z9.696911 E0.643253
G1 X157.583158 Y59.637355 Z9.700067 E0.643231
G1 X159.714811 Y60.602595 Z9.703223 E0.64321
G1 X161.815023 Y61.634281 Z9.706379 E0.643188
G1 X163.881722 Y62.73139 Z9.709535 E0.643166
G1 X165.912872 Y63.892835 Z9.71269 E0.643144
G1 X167.90647 Y65.117465 Z9.715846 E0.643123
G1 X169.860552 Y66.404068 Z9.719002 E0.643101
G1 X171.773192 Y67.75137 Z9.722158 E0.643079
G1 X173.642505 Y69.158038 Z9.725314 E0.643057
G1 X175.466649 Y70.622678 Z9.72847 E0.643036
G1 X177.243828 Y72.143842 Z9.731625 E0.643014
G1 X178.97229 Y73.720024 Z9.734781 E0.642992
G1 X180.650333 Y75.349667 Z9.737937 E0.64297
G1 X182.276306 Y77.031156 Z9.741093 E0.642949
G1 X183.848605 Y78.762831 Z9.744249 E0.642927
G1 X185.365685 Y80.542978 Z9.747405 E0.642905
G1 X186.82605 Y82.369838 Z9.750561 E0.642884
G1 X188.228265 Y84.241604 Z9.753716 E0.642862
G1 X189.570948 Y86.156427 Z9.756872 E0.64284
G1 X190.85278 Y88.112413 Z9.760028 E0.642818
G1 X192.072498 Y90.10763 Z9.763184 E0.642797
G1 X193.228905 Y92.140106 Z9.76634 E0.642775
G1 X194.320862 Y94.207833 Z9.769496 E0.642753
G1 X195.347296 Y96.308768 Z9.772652 E0.642731
G1 X196.3072 Y98.440835 Z9.775807 E0.64271
G1 X197.19963 Y100.601928 Z9.778963 E0.642688
G1 X198.02371 Y102.789913 Z9.782119 E0.642666
G1 X198.778631 Y105.002629 Z9.785275 E0.642644
G1 X199.463654 Y107.237889 Z9.788431 E0.642623
G1 X200.078106 Y109.493488 Z9.791587 E0.642601
G1 X200.621387 Y111.767197 Z9.794743 E0.642579
G1 X201.092965 Y114.056771 Z9.797898 E0.642558
G1 X201.492379 Y116.359951 Z9.801054 E0.642536
G1 X201.81924 Y118.674461 Z9.80421 E0.642514
G1 X202.073231 Y120.998018 Z9.807366 E0.642492
G1 X202.254106 Y123.328328 Z9.810522 E0.642471
G1 X202.361691 Y125.66309 Z9.813678 E0.642449
G1 X202.395885 Y128 Z9.816834 E0.642427
G1 X202.35668 Y130.336753 Z9.819963 E0.636959
G1 X202.244099 Y132.671043 Z9.823092 E0.636938
G1 X202.058259 Y135.000567 Z9.826221 E0.636917
G1 X201.799346 Y137.323026 Z9.82935 E0.636895
G1 X201.467622 Y139.636128 Z9.832479 E0.636874
G1 X201.063419 Y141.937593 Z9.835608 E0.636852
G1 X200.58714 Y144.225148 Z9.838737 E0.636831
G1 X200.039261 Y146.496539 Z9.841866 E0.63681
G1 X199.420328 Y148.749523 Z9.844995 E0.636788
G1 X198.730956 Y150.981881 Z9.848125 E0.636767
G1 X197.97183 Y153.191409 Z9.851254 E0.636746
G1 X197.143703 Y155.375929 Z9.854383 E0.636724
G1 X196.247397 Y157.533286 Z9.857512 E0.636703
G1 X195.283802 Y159.661354 Z9.860641 E0.636682
G1 X194.253872 Y161.758034 Z9.86377 E0.63666
G1 X193.15863 Y163.82126 Z9.866899 E0.636639
G1 X191.999161 Y165.848998 Z9.870028 E0.636618
G1 X190.776611 Y167.839249 Z9.873157 E0.636596
G1 X189.492193 Y169.790051 Z9.876286 E0.636575
G1 X188.147177 Y171.699482 Z9.879416 E0.636554
G1 X186.742895 Y173.56566 Z9.882545 E0.636532
G1 X185.280737 Y175.386747 Z9.885674 E0.636511
G1 X183.762151 Y177.160949 Z9.888803 E0.63649
G1 X182.188638 Y178.886518 Z9.891932 E0.636468
G1 X180.561754 Y180.561754 Z9.895061 E0.636447
G1 X178.883109 Y182.185008 Z9.89819 E0.636426
G1 X177.154363 Y183.75468 Z9.901319 E0.636404
G1 X175.377224 Y185.269226 Z9.904448 E0.636383
G1 X173.553451 Y186.727155 Z9.907577 E0.636362
G1 X171.684846 Y188.127033 Z9.910707 E0.63634
G1 X169.773256 Y189.46748 Z9.913836 E0.636319
G1 X167.82057 Y190.747178 Z9.916965 E0.636298
G1 X165.828718 Y191.964869 Z9.920094 E0.636276
G1 X163.799668 Y193.119355 Z9.923223 E0.636255
G1 X161.735426 Y194.209501 Z9.926352 E0.636234
G1 X159.63803 Y195.234236 Z9.929481 E0.636213
G1 X157.509553 Y196.192553 Z9.93261 E0.636191
G1 X155.352097 Y197.08351 Z9.935739 E0.63617
G1 X153.167792 Y197.906233 Z9.938868 E0.636149
G1 X150.958798 Y198.659913 Z9.941998 E0.636127
G1 X148.727294 Y199.343813 Z9.945127 E0.636106
G1 X146.475485 Y199.957262 Z9.948256 E0.636085
G1 X144.205594 Y200.499661 Z9.951385 E0.636064
G1 X141.919863 Y200.970476 Z9.954514 E0.636042
G1 X139.620548 Y201.36925 Z9.957643 E0.636021
G1 X137.309918 Y201.695592 Z9.960772 E0.636
G1 X134.990256 Y201.949186 Z9.963901 E0.635978
G1 X132.663851 Y202.129787 Z9.96703 E0.635957
G1 X130.332999 Y202.237223 Z9.970159 E0.635936
G1 X128 Y202.271391 Z9.973289 E0.635915
G1 X125.667157 Y202.232261 Z9.976418 E0.635893
G1 X123.336773 Y202.119878 Z9.979547 E0.635872
G1 X121.011145 Y201.934358 Z9.982676 E0.635851
G1 X118.692571 Y201.675888 Z9.985805 E0.63583
G1 X116.383336 Y201.34473 Z9.988934 E0.635808
G1 X114.085719 Y200.941214 Z9.992063 E0.635787
G1 X111.801987 Y200.465744 Z9.995192 E0.635766
G1 X109.534393 Y199.918792 Z9.998321 E0.635745
G1 X107.285172 Y199.300904 Z10.00145 E0.635724
G1 X105.056545 Y198.612694 Z10.00458 E0.635702
G1 X102.850708 Y197.854846 Z10.007709 E0.635681
G1 X100.669836 Y197.028115 Z10.010838 E0.63566
G1 X98.516081 Y196.133318 Z10.013967 E0.635639
G1 X96.391565 Y195.171344 Z10.017096 E0.635617
G1 X94.298384 Y194.143146 Z10.020225 E0.635596
G1 X92.238601 Y193.049743 Z10.023354 E0.635575
G1 X90.214247 Y191.892219 Z10.026483 E0.635554
G1 X88.227317 Y190.67172 Z10.029612 E0.635532
G1 X86.279769 Y189.389456 Z10.032741 E0.635511
G1 X84.373522 Y188.046695 Z10.035871 E0.63549
G1 X82.510456 Y186.644767 Z10.039 E0.635469
G1 X80.692405 Y185.185058 Z10.042129 E0.635448
G1 X78.921162 Y183.669015 Z10.045258 E0.635426
G1 X77.19847 Y182.098135 Z10.048387 E0.635405
G1 X75.526026 Y180.473974 Z10.051516 E0.635384
G1 X73.905478 Y178.798138 Z10.054645 E0.635363
G1 X72.338421 Y177.072283 Z10.057774 E0.635342
G1 X70.826398 Y175.298117 Z10.060903 E0.63532
G1 X69.370899 Y173.477393 Z10.064032 E0.635299
G1 X67.973354 Y171.611911 Z10.067161 E0.635278
G1 X66.63514 Y169.703516 Z10.070291 E0.635257
G1 X65.357573 Y167.754093 Z10.07342 E0.635235
G1 X64.14191 Y165.765569 Z10.076549 E0.635214
G1 X62.989347 Y163.739909 Z10.079678 E0.635193
G1 X61.901016 Y161.679115 Z10.082807 E0.635172
G1 X60.877988 Y159.585222 Z10.085936 E0.635151
G1 X59.921267 Y157.460299 Z10.089065 E0.635129
G1 X59.031793 Y155.306445 Z10.092194 E0.635108
G1 X58.210441 Y153.125787 Z10.095323 E0.635087
G1 X57.458014 Y150.920481 Z10.098452 E0.635066
G1 X56.775253 Y148.692702 Z10.101582 E0.635044
G1 X56.162825 Y146.444652 Z10.104711 E0.635023
G1 X55.62133 Y144.17855 Z10.10784 E0.635002
G1 X55.151298 Y141.896633 Z10.110969 E0.634981
G1 X54.753189 Y139.601155 Z10.114098 E0.63496
G1 X54.427389 Y137.294382 Z10.117227 E0.634938
G1 X54.174216 Y134.978591 Z10.120356 E0.634917
G1 X53.993915 Y132.656068 Z10.123485 E0.634896
G1 X53.886659 Y130.329106 Z10.126614 E0.634875
G1 X53.852549 Y128 Z10.129743 E0.634854
G1 X53.891613 Y125.67105 Z10.132873 E0.634832
G1 X54.003808 Y123.344554 Z10.136002 E0.634811
G1 X54.189019 Y121.022808 Z10.139131 E0.63479
G1 X54.447058 Y118.708103 Z10.14226 E0.634769
G1 X54.777665 Y116.402721 Z10.145389 E0.634747
G1 X55.18051 Y114.108939 Z10.148518 E0.634726
G1 X55.655189 Y111.829019 Z10.151647 E0.634705
G1 X56.20123 Y109.565209 Z10.154776 E0.634684
G1 X56.818089 Y107.319743 Z10.157905 E0.634663
G1 X57.505152 Y105.094835 Z10.161034 E0.634641
G1 X58.261737 Y102.892681 Z10.164164 E0.63462
G1 X59.087093 Y100.71545 Z10.167293 E0.634599
G1 X59.9804 Y98.565291 Z10.170422 E0.634578
G1 X60.940773 Y96.444323 Z10.173551 E0.634556
G1 X61.967258 Y94.354638 Z10.17668 E0.634535
G1 X63.058839 Y92.298295 Z10.179809 E0.634514
G1 X64.214435 Y90.277322 Z10.182938 E0.634493
G1 X65.432899 Y88.293711 Z10.186067 E0.634472
G1 X66.713027 Y86.349416 Z10.189196 E0.63445
G1 X68.05355 Y84.446354 Z10.192325 E0.634429
G1 X69.453141 Y82.586401 Z10.195455 E0.634408
G1 X70.910415 Y80.771388 Z10.198584 E0.634387
G1 X72.423931 Y79.003104 Z10.201713 E0.634366
G1 X73.992191 Y77.283291 Z10.204842 E0.634344
G1 X75.613643 Y75.613643 Z10.207971 E0.634323
G1 X77.286684 Y73.995804 Z10.2111 E0.634302
G1 X79.00966 Y72.431367 Z10.214229 E0.634281
G1 X80.780866 Y70.921872 Z10.217358 E0.634259
G1 X82.598552 Y69.468806 Z10.220487 E0.634238
G1 X84.460921 Y68.073599 Z10.223616 E0.634217
G1 X86.366131 Y66.737623 Z10.226746 E0.634196
G1 X88.312301 Y65.462193 Z10.229875 E0.634175
G1 X90.297506 Y64.248564 Z10.233004 E0.634153
G1 X92.319785 Y63.097929 Z10.236133 E0.634132
G1 X94.377139 Y62.01142 Z10.239262 E0.634111
G1 X96.467536 Y60.990104 Z10.242391 E0.63409
G1 X98.588912 Y60.034985 Z10.24552 E0.634068
G1 X100.739169 Y59.147001 Z10.248649 E0.634047
G1 X102.916185 Y58.327024 Z10.251778 E0.634026
G1 X105.117809 Y57.575859 Z10.254907 E0.634005
G1 X107.341868 Y56.894242 Z10.258037 E0.633984
G1 X109.586163 Y56.282841 Z10.261166 E0.633962
G1 X111.84848 Y55.742255 Z10.264295 E0.633941
G1 X114.126585 Y55.273013 Z10.267424 E0.63392
G1 X116.418228 Y54.875572 Z10.270553 E0.633899
G1 X118.721148 Y54.550321 Z10.273682 E0.633878
G1 X121.03307 Y54.297575 Z10.276811 E0.633856
G1 X123.351712 Y54.11758 Z10.27994 E0.633835
G1 X125.674787 Y54.010507 Z10.283069 E0.633814
G1 X128 Y53.976458 Z10.286198 E0.633793
G1 X130.325058 Y54.015461 Z10.289328 E0.633771
G1 X132.647665 Y54.127473 Z10.292457 E0.63375
G1 X134.965531 Y54.312378 Z10.295586 E0.633729
G1 X137.276368 Y54.56999 Z10.298715 E0.633708
G1 X139.577895 Y54.900049 Z10.301844 E0.633687
G1 X141.867842 Y55.302224 Z10.304973 E0.633665
G1 X144.143951 Y55.776114 Z10.308102 E0.633644
G1 X146.403976 Y56.321246 Z10.311231 E0.633623
G1 X148.645687 Y56.937078 Z10.31436 E0.633602
G1 X150.866875 Y57.622997 Z10.317489 E0.63358
G1 X153.065347 Y58.378321 Z10.320619 E0.633559
G1 X155.238936 Y59.202301 Z10.323748 E0.633538
G1 X157.385499 Y60.094118 Z10.326877 E0.633517
G1 X159.502919 Y61.052889 Z10.330006 E0.633496
G1 X161.589109 Y62.077662 Z10.333135 E0.633474
G1 X163.642011 Y63.167422 Z10.336264 E0.633453
G1 X165.659603 Y64.321089 Z10.339393 E0.633432
G1 X167.639896 Y65.537519 Z10.342522 E0.633411
G1 X169.580937 Y66.81551 Z10.345651 E0.633389
G1 X171.480814 Y68.153794 Z10.34878 E0.633368
G1 X173.337654 Y69.551048 Z10.35191 E0.633347
G1 X175.149629 Y71.005889 Z10.355039 E0.633326
G1 X176.914953 Y72.516877 Z10.358168 E0.633305
G1 X178.631887 Y74.082516 Z10.361297 E0.633283
G1 X180.29874 Y75.70126 Z10.364426 E0.633262
G1 X181.91387 Y77.371506 Z10.367555 E0.633241
G1 X183.475688 Y79.091602 Z10.370684 E0.63322
G1 X184.982654 Y80.859849 Z10.373813 E0.633199
G1 X186.433287 Y82.674497 Z10.376942 E0.633177
G1 X187.826157 Y84.533753 Z10.380071 E0.633156
G1 X189.159894 Y86.435779 Z10.383201 E0.633135
G1 X190.433187 Y88.378695 Z10.38633 E0.633114
G1 X191.644782 Y90.360581 Z10.389459 E0.633092
G1 X192.793488 Y92.379478 Z10.392588 E0.633071
G1 X193.878176 Y94.433393 Z10.395717 E0.63305
G1 X194.89778 Y96.520294 Z10.398846 E0.633029
G1 X195.851297 Y98.638122 Z10.401975 E0.633008
G1 X196.737791 Y100.784783 Z10.405104 E0.632986
G1 X197.556392 Y102.958158 Z10.408233 E0.632965
G1 X198.306297 Y105.156099 Z10.411362 E0.632944
G1 X198.986769 Y107.376437 Z10.414492 E0.632923
G1 X199.597143 Y109.616978 Z10.417621 E0.632901
G1 X200.13682 Y111.87551 Z10.42075 E0.63288
G1 X200.605273 Y114.149803 Z10.423879 E0.632859
G1 X201.002044 Y116.437612 Z10.427008 E0.632838
G1 X201.326747 Y118.736678 Z10.430137 E0.632817
G1 X201.579065 Y121.044731 Z10.433266 E0.632795
G1 X201.758756 Y123.359492 Z10.436395 E0.632774
G1 X201.865645 Y125.678679 Z10.439524 E0.632753
G1 X201.899633 Y128 Z10.442653 E0.632732
G1 X201.860686 Y130.321166 Z10.445789 E0.632711
G1 X201.748852 Y132.639884 Z10.448925 E0.632689
G1 X201.564247 Y134.953869 Z10.452061 E0.632668
G1 X201.307057 Y137.260835 Z10.455196 E0.632647
G1 X200.977542 Y139.558507 Z10.458332 E0.632625
G1 X200.576031 Y141.844618 Z10.461468 E0.632604
G1 X200.102925 Y144.116913 Z10.464603 E0.632583
G1 X199.558697 Y146.373151 Z10.467739 E0.632562
G1 X198.943888 Y148.611105 Z10.470875 E0.63254
G1 X198.259109 Y150.828568 Z10.47401 E0.632519
G1 X197.505041 Y153.023355 Z10.477146 E0.632498
G1 X196.682433 Y155.193299 Z10.480282 E0.632477
G1 X195.792101 Y157.336262 Z10.483418 E0.632455
G1 X194.834928 Y159.45013 Z10.486553 E0.632434
G1 X193.811864 Y161.53282 Z10.489689 E0.632413
G1 X192.723922 Y163.582277 Z10.492825 E0.632392
G1 X191.572181 Y165.596483 Z10.49596 E0.63237
G1 X190.357781 Y167.573451 Z10.499096 E0.632349
G1 X189.081925 Y169.511234 Z10.502232 E0.632328
G1 X187.745877 Y171.40792 Z10.505368 E0.632307
G1 X186.350958 Y173.261642 Z10.508503 E0.632285
G1 X184.898549 Y175.070573 Z10.511639 E0.632264
G1 X183.390088 Y176.832931 Z10.514775 E0.632243
G1 X181.827066 Y178.54698 Z10.51791 E0.632221
G1 X180.211031 Y180.211031 Z10.521046 E0.6322
G1 X178.54358 Y181.823445 Z10.524182 E0.632179
G1 X176.826362 Y183.382636 Z10.527317 E0.632158
G1 X175.061075 Y184.887068 Z10.530453 E0.632136
G1 X173.249465 Y186.335259 Z10.533589 E0.632115
G1 X171.393323 Y187.725785 Z10.536725 E0.632094
G1 X169.494483 Y189.057277 Z10.53986 E0.632073
G1 X167.554822 Y190.328426 Z10.542996 E0.632051
G1 X165.576257 Y191.53798 Z10.546132 E0.63203
G1 X163.560742 Y192.68475 Z10.549267 E0.632009
G1 X161.510271 Y193.767609 Z10.552403 E0.631988
G1 X159.426868 Y194.785493 Z10.555539 E0.631966
G1 X157.312591 Y195.737401 Z10.558675 E0.631945
G1 X155.16953 Y196.622398 Z10.56181 E0.631924
G1 X152.9998 Y197.439616 Z10.564946 E0.631903
G1 X150.805546 Y198.188253 Z10.568082 E0.631881
G1 X148.588933 Y198.867574 Z10.571217 E0.63186
G1 X146.352152 Y199.476914 Z10.574353 E0.631839
G1 X144.097411 Y200.015676 Z10.577489 E0.631817
G1 X141.826935 Y200.483333 Z10.580624 E0.631796
G1 X139.542967 Y200.879428 Z10.58376 E0.631775
G1 X137.247762 Y201.203576 Z10.586896 E0.631754
G1 X134.943585 Y201.455461 Z10.590032 E0.631732
G1 X132.632711 Y201.63484 Z10.593167 E0.631711
G1 X130.317421 Y201.741541 Z10.596303 E0.63169
G1 X128 Y201.775462 Z10.599439 E0.631669
G1 X125.682735 Y201.736576 Z10.602574 E0.631647
G1 X123.367912 Y201.624926 Z10.60571 E0.631626
G1 X121.057817 Y201.440627 Z10.608846 E0.631605
G1 X118.754728 Y201.183865 Z10.611982 E0.631584
G1 X116.460917 Y200.8549 Z10.615117 E0.631562
G1 X114.178649 Y200.45406 Z10.618253 E0.631541
G1 X111.910174 Y199.981745 Z10.621389 E0.63152
G1 X109.657729 Y199.438427 Z10.624524 E0.631499
G1 X107.423538 Y198.824647 Z10.62766 E0.631477
G1 X105.209803 Y198.141016 Z10.630796 E0.631456
G1 X103.018707 Y197.388211 Z10.633931 E0.631435
G1 X100.852411 Y196.566982 Z10.637067 E0.631413
G1 X98.713052 Y195.678143 Z10.640203 E0.631392
G1 X96.602739 Y194.722575 Z10.643339 E0.631371
G1 X94.523553 Y193.701227 Z10.646474 E0.63135
G1 X92.477542 Y192.615111 Z10.64961 E0.631328
G1 X90.466725 Y191.465302 Z10.652746 E0.631307
G1 X88.493083 Y190.25294 Z10.655881 E0.631286
G1 X86.558561 Y188.979226 Z10.659017 E0.631265
G1 X84.665066 Y187.64542 Z10.662153 E0.631243
G1 X82.814467 Y186.252838 Z10.665289 E0.631222
G1 X81.008588 Y184.802859 Z10.668424 E0.631201
G1 X79.249205 Y183.296922 Z10.67156 E0.631179
G1 X77.538051 Y181.736518 Z10.674696 E0.631158
G1 X75.87681 Y180.12319 Z10.677831 E0.631137
G1 X74.26712 Y178.458533 Z10.680967 E0.631115
G1 X72.710565 Y176.744194 Z10.684103 E0.631094
G1 X71.208687 Y174.98186 Z10.687238 E0.631072
G1 X69.762956 Y173.173282 Z10.690374 E0.631051
G1 X68.374794 Y171.320248 Z10.69351 E0.63103
G1 X67.045567 Y169.42459 Z10.696646 E0.631008
G1 X65.776584 Y167.48818 Z10.699781 E0.630987
G1 X64.569092 Y165.512934 Z10.702917 E0.630965
G1 X63.424284 Y163.5008 Z10.706053 E0.630944
G1 X62.343287 Y161.453766 Z10.709188 E0.630922
G1 X61.327156 Y159.373859 Z10.712324 E0.630901
G1 X60.37689 Y157.263133 Z10.71546 E0.630879
G1 X59.493424 Y155.123672 Z10.718596 E0.630857
G1 X58.677623 Y152.957591 Z10.721731 E0.630836
G1 X57.930289 Y150.767029 Z10.724867 E0.630814
G1 X57.252165 Y148.554146 Z10.728003 E0.630793
G1 X56.643906 Y146.321131 Z10.731138 E0.630771
G1 X56.106106 Y144.070189 Z10.734274 E0.630749
G1 X55.639291 Y141.803544 Z10.73741 E0.630728
G1 X55.243917 Y139.523431 Z10.740545 E0.630706
G1 X54.92037 Y137.232104 Z10.743681 E0.630684
G1 X54.668968 Y134.931823 Z10.746817 E0.630663
G1 X54.489958 Y132.62486 Z10.749953 E0.630641
G1 X54.383502 Y130.313492 Z10.753088 E0.630619
G1 X54.349703 Y128 Z10.756224 E0.630597
G1 X54.388587 Y125.686668 Z10.75936 E0.630575
G1 X54.500112 Y123.375779 Z10.762495 E0.630554
G1 X54.684163 Y121.069613 Z10.765631 E0.630532
G1 X54.940563 Y118.770447 Z10.768767 E0.63051
G1 X55.269045 Y116.480548 Z10.771903 E0.630488
G1 X55.669278 Y114.202177 Z10.775038 E0.630466
G1 X56.140863 Y111.93758 Z10.778174 E0.630444
G1 X56.68333 Y109.688991 Z10.78131 E0.630423
G1 X57.296137 Y107.458629 Z10.784445 E0.630401
G1 X57.97868 Y105.248694 Z10.787581 E0.630379
G1 X58.730283 Y103.061367 Z10.790717 E0.630357
G1 X59.550192 Y100.898804 Z10.793852 E0.630335
G1 X60.437594 Y98.763136 Z10.796988 E0.630313
G1 X61.391607 Y96.65647 Z10.800124 E0.630291
G1 X62.411287 Y94.580881 Z10.80326 E0.630269
G1 X63.495621 Y92.538417 Z10.806395 E0.630247
G1 X64.643544 Y90.531096 Z10.809531 E0.630225
G1 X65.853911 Y88.560893 Z10.812667 E0.630203
G1 X67.125523 Y86.629748 Z10.815802 E0.630181
G1 X68.457119 Y84.739564 Z10.818938 E0.630159
G1 X69.847381 Y82.892205 Z10.822074 E0.630137
G1 X71.294934 Y81.08949 Z10.82521 E0.630114
G1 X72.798347 Y79.333196 Z10.828345 E0.630092
G1 X74.356136 Y77.625059 Z10.831481 E0.63007
G1 X75.966754 Y75.966754 Z10.834617 E0.630048
G1 X77.628607 Y74.359915 Z10.837752 E0.630026
G1 X79.340052 Y72.806124 Z10.840888 E0.630004
G1 X81.099397 Y71.30691 Z10.844024 E0.629981
G1 X82.904901 Y69.863749 Z10.847159 E0.629959
G1 X84.75478 Y68.478061 Z10.850295 E0.629937
G1 X86.647205 Y67.15121 Z10.853431 E0.629915
G1 X88.580306 Y65.884501 Z10.856567 E0.629893
G1 X90.552171 Y64.67918 Z10.859702 E0.62987
G1 X92.560853 Y63.536431 Z10.862838 E0.629848
G1 X94.604367 Y62.457379 Z10.865974 E0.629826
G1 X96.680692 Y61.443084 Z10.869109 E0.629804
G1 X98.787779 Y60.494541 Z10.872245 E0.629782
G1 X100.923546 Y59.612683 Z10.875381 E0.62976
G1 X103.085882 Y58.798374 Z10.878517 E0.629737
G1 X105.272652 Y58.052415 Z10.881652 E0.629715
G1 X107.481696 Y57.375536 Z10.884788 E0.629693
G1 X109.710834 Y56.7684 Z10.887924 E0.629671
G1 X111.957862 Y56.231601 Z10.891059 E0.629649
G1 X114.220564 Y55.765665 Z10.894195 E0.629626
G1 X116.496704 Y55.371045 Z10.897331 E0.629604
G1 X118.784035 Y55.048128 Z10.900467 E0.629582
G1 X121.0803 Y54.797225 Z10.903602 E0.62956
G1 X123.383232 Y54.61858 Z10.906738 E0.629538
G1 X125.690558 Y54.512364 Z10.909874 E0.629515
G1 X128 Y54.478676 Z10.913009 E0.629493
G1 X130.309279 Y54.517545 Z10.916145 E0.629471
G1 X132.616117 Y54.628927 Z10.919281 E0.629449
G1 X134.918236 Y54.812707 Z10.922416 E0.629427
G1 X137.213366 Y55.068699 Z10.925552 E0.629404
G1 X139.499242 Y55.396645 Z10.928688 E0.629382
G1 X141.773608 Y55.796217 Z10.931824 E0.62936
G1 X144.034222 Y56.267014 Z10.934959 E0.629338
G1 X146.278853 Y56.808567 Z10.938095 E0.629316
G1 X148.505287 Y57.420338 Z10.941231 E0.629294
G1 X150.711329 Y58.101716 Z10.944366 E0.629271
G1 X152.894803 Y58.852026 Z10.947502 E0.629249
G1 X155.053555 Y59.67052 Z10.950638 E0.629227
G1 X157.185457 Y60.556388 Z10.953774 E0.629205
G1 X159.288407 Y61.50875 Z10.956909 E0.629183
G1 X161.360332 Y62.526662 Z10.960045 E0.62916
G1 X163.399189 Y63.609114 Z10.963181 E0.629138
G1 X165.402969 Y64.755033 Z10.966316 E0.629116
G1 X167.369697 Y65.963285 Z10.969452 E0.629094
G1 X169.297434 Y67.232672 Z10.972588 E0.629072
G1 X171.18428 Y68.561937 Z10.975723 E0.629049
G1 X173.028377 Y69.949766 Z10.978859 E0.629027
G1 X174.827908 Y71.394783 Z10.981995 E0.629005
G1 X176.5811 Y72.895558 Z10.985131 E0.628983
G1 X178.286227 Y74.450608 Z10.988266 E0.628961
G1 X179.941608 Y76.058392 Z10.991402 E0.628938
G1 X181.545614 Y77.717322 Z10.994538 E0.628916
G1 X183.096665 Y79.425756 Z10.997673 E0.628894
G1 X184.593235 Y81.182005 Z11.000809 E0.628872
G1 X186.03385 Y82.984331 Z11.003945 E0.62885
G1 X187.417093 Y84.830955 Z11.007081 E0.628827
G1 X188.741603 Y86.720049 Z11.010216 E0.628805
G1 X190.006077 Y88.649747 Z11.013352 E0.628783
G1 X191.209271 Y90.618141 Z11.016488 E0.628761
G1 X192.350003 Y92.623287 Z11.019623 E0.628739
G1 X193.42715 Y94.663202 Z11.022759 E0.628717
G1 X194.439654 Y96.735872 Z11.025895 E0.628694
G1 X195.386522 Y98.839248 Z11.02903 E0.628672
G1 X196.266822 Y100.971253 Z11.032166 E0.62865
G1 X197.079691 Y103.129781 Z11.035302 E0.628628
G1 X197.824332 Y105.312699 Z11.038438 E0.628606
G1 X198.500014 Y107.517852 Z11.041573 E0.628583
G1 X199.106076 Y109.743063 Z11.044709 E0.628561
G1 X199.641924 Y111.986133 Z11.047845 E0.628539
G1 X200.107035 Y114.244847 Z11.05098 E0.628517
G1 X200.500954 Y116.516977 Z11.054116 E0.628495
G1 X200.823298 Y118.800278 Z11.057252 E0.628472
G1 X201.073754 Y121.092496 Z11.060388 E0.62845
G1 X201.25208 Y123.39137 Z11.063523 E0.628428
G1 X201.358104 Y125.694629 Z11.066659 E0.628406
G1 X201.391728 Y128 Z11.069795 E0.628384
G1 X201.352967 Y130.30521 Z11.072878 E0.619124
G1 X201.241819 Y132.607985 Z11.075961 E0.619102
G1 X201.058402 Y134.906052 Z11.079044 E0.619081
G1 X200.802899 Y137.197145 Z11.082127 E0.619059
G1 X200.475569 Y139.479002 Z11.08521 E0.619038
G1 X200.076739 Y141.749373 Z11.088293 E0.619016
G1 X199.606808 Y144.006018 Z11.091376 E0.618995
G1 X199.066245 Y146.24671 Z11.094459 E0.618973
G1 X198.455588 Y148.46924 Z11.097542 E0.618952
G1 X197.775444 Y150.671416 Z11.100626 E0.61893
G1 X197.02649 Y152.851066 Z11.103709 E0.618909
G1 X196.209469 Y155.006039 Z11.106792 E0.618887
G1 X195.325193 Y157.134213 Z11.109875 E0.618866
G1 X194.374539 Y159.233487 Z11.112958 E0.618844
G1 X193.358448 Y161.301793 Z11.116041 E0.618823
G1 X192.27793 Y163.337091 Z11.119124 E0.618801
G1 X191.134055 Y165.337376 Z11.122207 E0.61878
G1 X189.927955 Y167.300675 Z11.12529 E0.618758
G1 X188.660825 Y169.225054 Z11.128373 E0.618737
G1 X187.333921 Y171.108617 Z11.131457 E0.618715
G1 X185.948555 Y172.949507 Z11.13454 E0.618694
G1 X184.506099 Y174.745911 Z11.137623 E0.618672
G1 X183.007981 Y176.496058 Z11.140706 E0.618651
G1 X181.455682 Y178.198227 Z11.143789 E0.618629
G1 X179.850738 Y179.850738 Z11.146872 E0.618608
G1 X178.194737 Y181.451966 Z11.149955 E0.618586
G1 X176.489317 Y183.000334 Z11.153038 E0.618565
G1 X174.736164 Y184.494318 Z11.156121 E0.618543
G1 X172.937011 Y185.932446 Z11.159204 E0.618522
G1 X171.093637 Y187.313303 Z11.162288 E0.6185
G1 X169.207865 Y188.635532 Z11.165371 E0.618479
G1 X167.281558 Y189.897831 Z11.168454 E0.618457
G1 X165.31662 Y191.098958 Z11.171537 E0.618436
G1 X163.314992 Y192.237732 Z11.17462 E0.618414
G1 X161.278654 Y193.313035 Z11.177703 E0.618393
G1 X159.209615 Y194.323809 Z11.180786 E0.618371
G1 X157.109922 Y195.269061 Z11.183869 E0.61835
G1 X154.981648 Y196.147863 Z11.186952 E0.618328
G1 X152.826895 Y196.959352 Z11.190035 E0.618307
G1 X150.647791 Y197.702733 Z11.193118 E0.618285
G1 X148.446489 Y198.377276 Z11.196202 E0.618264
G1 X146.225162 Y198.98232 Z11.199285 E0.618242
G1 X143.986005 Y199.517274 Z11.202368 E0.618221
G1 X141.731227 Y199.981614 Z11.205451 E0.618199
G1 X139.463056 Y200.374886 Z11.208534 E0.618178
G1 X137.18373 Y200.696709 Z11.211617 E0.618156
G1 X134.8955 Y200.946768 Z11.2147 E0.618135
G1 X132.600624 Y201.124823 Z11.217783 E0.618113
G1 X130.301368 Y201.230702 Z11.220866 E0.618092
G1 X128 Y201.264306 Z11.223949 E0.61807
G1 X125.698793 Y201.225608 Z11.227033 E0.618049
G1 X123.400016 Y201.114649 Z11.230116 E0.618027
G1 X121.105939 Y200.931545 Z11.233199 E0.618006
G1 X118.818825 Y200.676482 Z11.236282 E0.617984
G1 X116.540931 Y200.349716 Z11.239365 E0.617963
G1 X114.274503 Y199.951574 Z11.242448 E0.617941
G1 X112.021778 Y199.482455 Z11.245531 E0.61792
G1 X109.784978 Y198.942826 Z11.248614 E0.617898
G1 X107.566309 Y198.333226 Z11.251697 E0.617877
G1 X105.367959 Y197.654259 Z11.25478 E0.617855
G1 X103.192097 Y196.906601 Z11.257863 E0.617834
G1 X101.040868 Y196.090996 Z11.260947 E0.617812
G1 X98.916393 Y195.208251 Z11.26403 E0.617791
G1 X96.820767 Y194.259244 Z11.267113 E0.617769
G1 X94.756055 Y193.244915 Z11.270196 E0.617748
G1 X92.724295 Y192.16627 Z11.273279 E0.617726
G1 X90.727487 Y191.024377 Z11.276362 E0.617705
G1 X88.767601 Y189.820369 Z11.279445 E0.617683
G1 X86.846567 Y188.555437 Z11.282528 E0.617662
G1 X84.96628 Y187.230834 Z11.285611 E0.61764
G1 X83.128591 Y185.847872 Z11.288694 E0.617619
G1 X81.335311 Y184.407919 Z11.291778 E0.617597
G1 X79.588207 Y182.9124 Z11.294861 E0.617576
G1 X77.889 Y181.362795 Z11.297944 E0.617554
G1 X76.239363 Y179.760637 Z11.301027 E0.617533
G1 X74.64092 Y178.107511 Z11.30411 E0.617511
G1 X73.095246 Y176.405052 Z11.307193 E0.61749
G1 X71.603863 Y174.654942 Z11.310276 E0.617468
G1 X70.168237 Y172.858913 Z11.313359 E0.617447
G1 X68.789783 Y171.018741 Z11.316442 E0.617425
G1 X67.469856 Y169.136243 Z11.319525 E0.617404
G1 X66.209755 Y167.213282 Z11.322608 E0.617382
G1 X65.010719 Y165.251757 Z11.325692 E0.617361
G1 X63.873928 Y163.253606 Z11.328775 E0.617339
G1 X62.800499 Y161.220805 Z11.331858 E0.617318
G1 X61.791486 Y159.155362 Z11.334941 E0.617296
G1 X60.847881 Y157.059317 Z11.338024 E0.617275
G1 X59.970611 Y154.934741 Z11.341107 E0.617253
G1 X59.160536 Y152.783732 Z11.34419 E0.617232
G1 X58.418452 Y150.608415 Z11.347273 E0.61721
G1 X57.745086 Y148.410939 Z11.350356 E0.617189
G1 X57.141098 Y146.193474 Z11.353439 E0.617167
G1 X56.607079 Y143.958209 Z11.356523 E0.617146
G1 X56.143551 Y141.707351 Z11.359606 E0.617124
G1 X55.750966 Y139.443123 Z11.362689 E0.617103
G1 X55.429708 Y137.16776 Z11.365772 E0.617081
G1 X55.180088 Y134.883508 Z11.368855 E0.61706
G1 X55.002347 Y132.592623 Z11.371938 E0.617038
G1 X54.896657 Y130.297365 Z11.375021 E0.617017
G1 X54.863115 Y128 Z11.378104 E0.616995
G1 X54.901751 Y125.702795 Z11.381187 E0.616974
G1 X55.012521 Y123.408017 Z11.38427 E0.616952
G1 X55.195311 Y121.117931 Z11.387354 E0.616931
G1 X55.449935 Y118.834795 Z11.390437 E0.616909
G1 X55.776137 Y116.560864 Z11.39352 E0.616888
G1 X56.17359 Y114.29838 Z11.396603 E0.616866
G1 X56.641898 Y112.049574 Z11.399686 E0.616845
G1 X57.180592 Y109.816667 Z11.402769 E0.616823
G1 X57.789137 Y107.601859 Z11.405852 E0.616802
G1 X58.466926 Y105.407335 Z11.408935 E0.61678
G1 X59.213287 Y103.23526 Z11.412018 E0.616759
G1 X60.027478 Y101.087775 Z11.415101 E0.616737
G1 X60.908691 Y98.966998 Z11.418184 E0.616716
G1 X61.856051 Y96.87502 Z11.421268 E0.616694
G1 X62.868619 Y94.813904 Z11.424351 E0.616673
G1 X63.945391 Y92.785681 Z11.427434 E0.616651
G1 X65.0853 Y90.79235 Z11.430517 E0.61663
G1 X66.287217 Y88.835877 Z11.4336 E0.616608
G1 X67.549951 Y86.918189 Z11.436683 E0.616587
G1 X68.872252 Y85.041176 Z11.439766 E0.616565
G1 X70.252811 Y83.206689 Z11.442849 E0.616544
G1 X71.690261 Y81.416533 Z11.445932 E0.616522
G1 X73.18318 Y79.672473 Z11.449015 E0.616501
G1 X74.730091 Y77.976226 Z11.452099 E0.616479
G1 X76.329463 Y76.329463 Z11.455182 E0.616458
G1 X77.979715 Y74.733807 Z11.458265 E0.616436
G1 X79.679214 Y73.190827 Z11.461348 E0.616415
G1 X81.426281 Y71.702044 Z11.464431 E0.616393
G1 X83.219188 Y70.268926 Z11.467514 E0.616372
G1 X85.056163 Y68.892879 Z11.470597 E0.61635
G1 X86.935388 Y67.575258 Z11.47368 E0.616329
G1 X88.855006 Y66.317359 Z11.476763 E0.616307
G1 X90.81312 Y65.120419 Z11.479846 E0.616286
G1 X92.807794 Y63.985616 Z11.482929 E0.616264
G1 X94.837061 Y62.914067 Z11.486013 E0.616242
G1 X96.898913 Y61.906825 Z11.489096 E0.616221
G1 X98.991312 Y60.964877 Z11.492179 E0.616199
G1 X101.112192 Y60.089148 Z11.495262 E0.616178
G1 X103.259457 Y59.280498 Z11.498345 E0.616156
G1 X105.430987 Y58.539721 Z11.501428 E0.616135
G1 X107.624638 Y57.867542 Z11.504511 E0.616113
G1 X109.838243 Y57.264625 Z11.507594 E0.616091
G1 X112.069615 Y56.731555 Z11.510677 E0.61607
G1 X114.316552 Y56.268854 Z11.51376 E0.616048
G1 X116.576835 Y55.876973 Z11.516844 E0.616027
G1 X118.848232 Y55.556293 Z11.519927 E0.616005
G1 X121.1285 Y55.307127 Z11.52301 E0.615983
G1 X123.41539 Y55.129718 Z11.526093 E0.615962
G1 X125.706644 Y55.024235 Z11.529176 E0.61594
G1 X128 Y54.990776 Z11.532259 E0.615918
G1 X130.293195 Y55.029368 Z11.535342 E0.615897
G1 X132.583965 Y55.139968 Z11.538425 E0.615875
G1 X134.87005 Y55.322462 Z11.541508 E0.615853
G1 X137.149195 Y55.576665 Z11.544591 E0.615832
G1 X139.41915 Y55.902324 Z11.547675 E0.61581
G1 X141.677676 Y56.299111 Z11.550758 E0.615788
G1 X143.922545 Y56.766628 Z11.553841 E0.615767
G1 X146.151543 Y57.304408 Z11.556924 E0.615745
G1 X148.362471 Y57.911916 Z11.560007 E0.615723
G1 X150.553148 Y58.588547 Z11.56309 E0.615702
G1 X152.721414 Y59.33363 Z11.566173 E0.61568
G1 X154.86513 Y60.146427 Z11.569256 E0.615658
G1 X156.982182 Y61.026128 Z11.572339 E0.615636
G1 X159.070484 Y61.97186 Z11.575422 E0.615615
G1 X161.127977 Y62.982685 Z11.578505 E0.615593
G1 X163.152632 Y64.0576 Z11.581589 E0.615571
G1 X165.142454 Y65.195541 Z11.584672 E0.615549
G1 X167.09548 Y66.395382 Z11.587755 E0.615528
G1 X169.009785 Y67.655934 Z11.590838 E0.615506
G1 X170.883484 Y68.975947 Z11.593921 E0.615484
G1 X172.714732 Y70.354115 Z11.597004 E0.615462
G1 X174.501723 Y71.789073 Z11.600087 E0.615441
G1 X176.242698 Y73.279401 Z11.60317 E0.615419
G1 X177.935941 Y74.823624 Z11.606253 E0.615397
G1 X179.579782 Y76.420218 Z11.609336 E0.615375
G1 X181.172605 Y78.0676 Z11.61242 E0.615353
G1 X182.712842 Y79.764141 Z11.615503 E0.615332
G1 X184.198976 Y81.508163 Z11.618586 E0.61531
G1 X185.629546 Y83.297942 Z11.621669 E0.615288
G1 X187.003142 Y85.131708 Z11.624752 E0.615266
G1 X188.318413 Y87.007649 Z11.627835 E0.615244
G1 X189.574062 Y88.923912 Z11.630918 E0.615222
G1 X190.768858 Y90.878601 Z11.634001 E0.615201
G1 X191.901626 Y92.869784 Z11.637084 E0.615179
G1 X192.971252 Y94.895494 Z11.640167 E0.615157
G1 X193.976685 Y96.953728 Z11.64325 E0.615135
G1 X194.916939 Y99.042455 Z11.646334 E0.615113
G1 X195.791088 Y101.159609 Z11.649417 E0.615091
G1 X196.598276 Y103.303101 Z11.6525 E0.615069
G1 X197.337711 Y105.470812 Z11.655583 E0.615048
G1 X198.008667 Y107.660602 Z11.658666 E0.615026
G1 X198.610488 Y109.870308 Z11.661749 E0.615004
G1 X199.142584 Y112.097748 Z11.664832 E0.614982
G1 X199.604436 Y114.340723 Z11.667915 E0.61496
G1 X199.995592 Y116.597018 Z11.670998 E0.614938
G1 X200.315672 Y118.864406 Z11.674081 E0.614916
G1 X200.564365 Y121.140648 Z11.677165 E0.614894
G1 X200.74143 Y123.423497 Z11.680248 E0.614873
G1 X200.846698 Y125.7107 Z11.683331 E0.614851
G1 X200.880069 Y128 Z11.686414 E0.614829
G1 X200.841532 Y130.289137 Z11.689479 E0.614807
G1 X200.731114 Y132.575854 Z11.692545 E0.614785
G1 X200.54893 Y134.857893 Z11.69561 E0.614764
G1 X200.295163 Y137.133003 Z11.698675 E0.614742
G1 X199.970071 Y139.398939 Z11.701741 E0.61472
G1 X199.573978 Y141.653466 Z11.704806 E0.614698
G1 X199.10728 Y143.89436 Z11.707872 E0.614677
G1 X198.570443 Y146.11941 Z11.710937 E0.614655
G1 X197.964002 Y148.326422 Z11.714002 E0.614633
G1 X197.288561 Y150.513218 Z11.717068 E0.614611
G1 X196.544789 Y152.677643 Z11.720133 E0.61459
G1 X195.733427 Y154.817561 Z11.723199 E0.614568
G1 X194.855281 Y156.930863 Z11.726264 E0.614546
G1 X193.91122 Y159.015466 Z11.729329 E0.614525
G1 X192.902182 Y161.069313 Z11.732395 E0.614503
G1 X191.829166 Y163.090381 Z11.73546 E0.614481
G1 X190.693237 Y165.076677 Z11.738526 E0.614459
G1 X189.49552 Y167.026244 Z11.741591 E0.614438
G1 X188.2372 Y168.937159 Z11.744656 E0.614416
G1 X186.919525 Y170.807541 Z11.747722 E0.614394
G1 X185.543799 Y172.635546 Z11.750787 E0.614372
G1 X184.111383 Y174.419373 Z11.753852 E0.614351
G1 X182.623695 Y176.157265 Z11.756918 E0.614329
G1 X181.082207 Y177.84751 Z11.759983 E0.614307
G1 X179.488444 Y179.488444 Z11.763049 E0.614285
G1 X177.843983 Y181.07845 Z11.766114 E0.614264
G1 X176.150449 Y182.615964 Z11.769179 E0.614242
G1 X174.409519 Y184.099471 Z11.772245 E0.61422
G1 X172.622912 Y185.527512 Z11.77531 E0.614198
G1 X170.792396 Y186.898681 Z11.778376 E0.614177
G1 X168.91978 Y188.211628 Z11.781441 E0.614155
G1 X167.006915 Y189.465063 Z11.784506 E0.614133
G1 X165.055692 Y190.657753 Z11.787572 E0.614112
G1 X163.068038 Y191.788525 Z11.790637 E0.61409
G1 X161.045919 Y192.856267 Z11.793703 E0.614068
G1 X158.991331 Y193.859931 Z11.796768 E0.614046
G1 X156.906305 Y194.798529 Z11.799833 E0.614025
G1 X154.7929 Y195.671142 Z11.802899 E0.614003
G1 X152.653205 Y196.476911 Z11.805964 E0.613981
G1 X150.489332 Y197.215047 Z11.80903 E0.613959
G1 X148.303419 Y197.884827 Z11.812095 E0.613938
G1 X146.097624 Y198.485593 Z11.81516 E0.613916
G1 X143.874126 Y199.016758 Z11.818226 E0.613894
G1 X141.63512 Y199.477803 Z11.821291 E0.613872
G1 X139.382817 Y199.868278 Z11.824357 E0.613851
G1 X137.11944 Y200.187802 Z11.827422 E0.613829
G1 X134.847224 Y200.436065 Z11.830487 E0.613807
G1 X132.568412 Y200.612827 Z11.833553 E0.613786
G1 X130.285253 Y200.717919 Z11.836618 E0.613764
G1 X128 Y200.751242 Z11.839683 E0.613742
G1 X125.714909 Y200.712769 Z11.842749 E0.61372
G1 X123.432235 Y200.602541 Z11.845814 E0.613699
G1 X121.154231 Y200.420674 Z11.84888 E0.613677
G1 X118.883143 Y200.167352 Z11.851945 E0.613655
G1 X116.621214 Y199.84283 Z11.85501 E0.613633
G1 X114.370673 Y199.447432 Z11.858076 E0.613612
G1 X112.133743 Y198.981555 Z11.861141 E0.61359
G1 X109.912628 Y198.445663 Z11.864207 E0.613568
G1 X107.70952 Y197.84029 Z11.867272 E0.613546
G1 X105.526592 Y197.166039 Z11.870337 E0.613525
G1 X103.365996 Y196.423578 Z11.873403 E0.613503
G1 X101.229863 Y195.613647 Z11.876468 E0.613481
G1 X99.1203 Y194.737049 Z11.879534 E0.613459
G1 X97.039386 Y193.794654 Z11.882599 E0.613438
G1 X94.989173 Y192.787396 Z11.885664 E0.613416
G1 X92.971682 Y191.716274 Z11.88873 E0.613394
G1 X90.988901 Y190.58235 Z11.891795 E0.613373
G1 X89.042785 Y189.386747 Z11.894861 E0.613351
G1 X87.135252 Y188.13065 Z11.897926 E0.613329
G1 X85.268182 Y186.815302 Z11.900991 E0.613307
G1 X83.443413 Y185.442006 Z11.904057 E0.613286
G1 X81.662745 Y184.01212 Z11.907122 E0.613264
G1 X79.92793 Y182.52706 Z11.910188 E0.613242
G1 X78.240678 Y180.988296 Z11.913253 E0.61322
G1 X76.602651 Y179.397349 Z11.916318 E0.613199
G1 X75.01546 Y177.755794 Z11.919384 E0.613177
G1 X73.480671 Y176.065254 Z11.922449 E0.613155
G1 X71.999792 Y174.327401 Z11.925515 E0.613133
G1 X70.574281 Y172.543953 Z11.92858 E0.613112
G1 X69.205543 Y170.716674 Z11.931645 E0.61309
G1 X67.894922 Y168.847369 Z11.934711 E0.613068
G1 X66.643709 Y166.937886 Z11.937776 E0.613047
G1 X65.453134 Y164.990114 Z11.940841 E0.613025
G1 X64.324367 Y163.005975 Z11.943907 E0.613003
G1 X63.258519 Y160.987432 Z11.946972 E0.612981
G1 X62.256636 Y158.936479 Z11.950038 E0.61296
G1 X61.319702 Y156.855141 Z11.953103 E0.612938
G1 X60.448639 Y154.745476 Z11.956168 E0.612916
G1 X59.6443 Y152.609566 Z11.959234 E0.612894
G1 X58.907474 Y150.449522 Z11.962299 E0.612873
G1 X58.238885 Y148.267477 Z11.965365 E0.612851
G1 X57.639187 Y146.065586 Z11.96843 E0.612829
G1 X57.108966 Y143.846023 Z11.971495 E0.612807
G1 X56.648742 Y141.61098 Z11.974561 E0.612786
G1 X56.258963 Y139.362664 Z11.977626 E0.612764
G1 X55.940009 Y137.103294 Z11.980692 E0.612742
G1 X55.69219 Y134.8351 Z11.983757 E0.61272
G1 X55.515746 Y132.560323 Z11.986822 E0.612699
G1 X55.410844 Y130.281206 Z11.989888 E0.612677
G1 X55.377585 Y128 Z11.992953 E0.612655
G1 X55.415995 Y125.718956 Z11.996019 E0.612634
G1 X55.526031 Y123.440324 Z11.999084 E0.612612
G1 X55.707581 Y121.166354 Z12.002149 E0.61259
G1 X55.960459 Y118.89929 Z12.005215 E0.612568
G1 X56.284411 Y116.641367 Z12.00828 E0.612547
G1 X56.679113 Y114.394813 Z12.011346 E0.612525
G1 X57.144169 Y112.161845 Z12.014411 E0.612503
G1 X57.679116 Y109.944666 Z12.017476 E0.612481
G1 X58.283421 Y107.745462 Z12.020542 E0.61246
G1 X58.956483 Y105.566401 Z12.023607 E0.612438
G1 X59.697633 Y103.409635 Z12.026672 E0.612416
G1 X60.506133 Y101.277288 Z12.029738 E0.612394
G1 X61.381183 Y99.171463 Z12.032803 E0.612373
G1 X62.321913 Y97.094238 Z12.035869 E0.612351
G1 X63.32739 Y95.047659 Z12.038934 E0.612329
G1 X64.396618 Y93.033745 Z12.041999 E0.612307
G1 X65.528537 Y91.05448 Z12.045065 E0.612286
G1 X66.722025 Y89.111814 Z12.04813 E0.612264
G1 X67.9759 Y87.207664 Z12.051196 E0.612242
G1 X69.288921 Y85.343904 Z12.054261 E0.612221
G1 X70.659788 Y83.522372 Z12.057326 E0.612199
G1 X72.087143 Y81.744862 Z12.060392 E0.612177
G1 X73.569574 Y80.013125 Z12.063457 E0.612155
G1 X75.105615 Y78.328866 Z12.066523 E0.612134
G1 X76.693745 Y76.693745 Z12.069588 E0.612112
G1 X78.332394 Y75.109371 Z12.072653 E0.61209
G1 X80.01994 Y73.577305 Z12.075719 E0.612068
G1 X81.754716 Y72.099055 Z12.078784 E0.612047
G1 X83.535006 Y70.676075 Z12.08185 E0.612025
G1 X85.359049 Y69.309766 Z12.084915 E0.612003
G1 X87.225043 Y68.001472 Z12.08798 E0.611981
G1 X89.131143 Y66.752481 Z12.091046 E0.61196
G1 X91.075465 Y65.56402 Z12.094111 E0.611938
G1 X93.056087 Y64.437259 Z12.097177 E0.611916
G1 X95.071054 Y63.373304 Z12.100242 E0.611895
G1 X97.118373 Y62.373202 Z12.103307 E0.611873
G1 X99.196022 Y61.437934 Z12.106373 E0.611851
G1 X101.301948 Y60.568419 Z12.109438 E0.611829
G1 X103.434072 Y59.765511 Z12.112504 E0.611808
G1 X105.590287 Y59.029996 Z12.115569 E0.611786
G1 X107.768464 Y58.362597 Z12.118634 E0.611764
G1 X109.966452 Y57.763967 Z12.1217 E0.611742
G1 X112.182079 Y57.234691 Z12.124765 E0.611721
G1 X114.413159 Y56.775287 Z12.12783 E0.611699
G1 X116.657489 Y56.386204 Z12.130896 E0.611677
G1 X118.912852 Y56.067821 Z12.133961 E0.611655
G1 X121.177023 Y55.820446 Z12.137027 E0.611634
G1 X123.447766 Y55.644319 Z12.140092 E0.611612
G1 X125.72284 Y55.539608 Z12.143157 E0.61159
G1 X128 Y55.506412 Z12.146223 E0.611568
G1 X130.276998 Y55.544758 Z12.149288 E0.611547
G1 X132.551586 Y55.654604 Z12.152354 E0.611525
G1 X134.821522 Y55.835836 Z12.155419 E0.611503
G1 X137.084564 Y56.08827 Z12.158484 E0.611482
G1 X139.33848 Y56.411652 Z12.16155 E0.61146
G1 X141.581047 Y56.805658 Z12.164615 E0.611438
G1 X143.810052 Y57.269894 Z12.167681 E0.611416
G1 X146.023296 Y57.803896 Z12.170746 E0.611395
G1 X148.218597 Y58.407133 Z12.173811 E0.611373
G1 X150.393789 Y59.079005 Z12.176877 E0.611351
G1 X152.546727 Y59.818843 Z12.179942 E0.611329
G1 X154.675288 Y60.625914 Z12.183008 E0.611308
G1 X156.777373 Y61.499414 Z12.186073 E0.611286
G1 X158.85091 Y62.438479 Z12.189138 E0.611264
G1 X160.893854 Y63.442176 Z12.192204 E0.611242
G1 X162.904192 Y64.50951 Z12.195269 E0.611221
G1 X164.879942 Y65.639424 Z12.198335 E0.611199
G1 X166.819157 Y66.830797 Z12.2014 E0.611177
G1 X168.719924 Y68.082451 Z12.204465 E0.611155
G1 X170.580373 Y69.393145 Z12.207531 E0.611134
G1 X172.398669 Y70.761581 Z12.210596 E0.611112
G1 X174.17302 Y72.186406 Z12.213662 E0.61109
G1 X175.90168 Y73.666209 Z12.216727 E0.611069
G1 X177.582946 Y75.199526 Z12.219792 E0.611047
G1 X179.21516 Y76.78484 Z12.222858 E0.611025
G1 X180.796718 Y78.420582 Z12.225923 E0.611003
G1 X182.32606 Y80.105135 Z12.228988 E0.610982
G1 X183.801682 Y81.836834 Z12.232054 E0.61096
G1 X185.222132 Y83.613965 Z12.235119 E0.610938
G1 X186.586011 Y85.434772 Z12.238185 E0.610916
G1 X187.891977 Y87.297454 Z12.24125 E0.610895
G1 X189.138747 Y89.200172 Z12.244315 E0.610873
G1 X190.325093 Y91.141043 Z12.247381 E0.610851
G1 X191.449849 Y93.11815 Z12.250446 E0.610829
G1 X192.51191 Y95.12954 Z12.253512 E0.610808
G1 X193.510232 Y97.173225 Z12.256577 E0.610786
G1 X194.443834 Y99.247185 Z12.259642 E0.610764
G1 X195.3118 Y101.349373 Z12.262708 E0.610743
G1 X196.113266 Y103.477715 Z12.265773 E0.610721
G1 X196.847458 Y105.630105 Z12.268839 E0.610699
G1 X197.513655 Y107.804416 Z12.271904 E0.610677
G1 X198.111205 Y109.998502 Z12.274969 E0.610655
G1 X198.639524 Y112.210196 Z12.278035 E0.610633
G1 X199.098094 Y114.437313 Z12.2811 E0.610612
G1 X199.486464 Y116.677656 Z12.284166 E0.61059
G1 X199.804253 Y118.929013 Z12.287231 E0.610568
G1 X200.051159 Y121.18916 Z12.290296 E0.610546
G1 X200.226944 Y123.455866 Z12.293362 E0.610524
G1 X200.331439 Y125.726893 Z12.296427 E0.610502
G1 X200.364547 Y128 Z12.299493 E0.61048
G1 X200.32626 Y130.272944 Z12.302533 E0.602093
G1 X200.216593 Y132.543483 Z12.305574 E0.602071
G1 X200.035663 Y134.809375 Z12.308615 E0.60205
G1 X199.783658 Y137.068385 Z12.311656 E0.602028
G1 X199.460832 Y139.318284 Z12.314697 E0.602006
G1 X199.067508 Y141.556852 Z12.317738 E0.601985
G1 X198.604079 Y143.781882 Z12.320778 E0.601963
G1 X198.071009 Y145.991177 Z12.323819 E0.601942
G1 X197.468816 Y148.182557 Z12.32686 E0.60192
G1 X196.798111 Y150.353861 Z12.329901 E0.601898
G1 X196.05956 Y152.502949 Z12.332942 E0.601877
G1 X195.253899 Y154.627702 Z12.335983 E0.601855
G1 X194.381927 Y156.726025 Z12.339024 E0.601833
G1 X193.444508 Y158.795848 Z12.342064 E0.601812
G1 X192.442571 Y160.83513 Z12.345105 E0.60179
G1 X191.377103 Y162.841857 Z12.348146 E0.601768
G1 X190.249169 Y164.814056 Z12.351187 E0.601747
G1 X189.059886 Y166.749782 Z12.354228 E0.601725
G1 X187.810432 Y168.647128 Z12.357269 E0.601703
G1 X186.502045 Y170.504224 Z12.360309 E0.601681
G1 X185.13602 Y172.31924 Z12.36335 E0.601659
G1 X183.713705 Y174.090386 Z12.366391 E0.601638
G1 X182.236508 Y175.815914 Z12.369432 E0.601616
G1 X180.705895 Y177.49413 Z12.372473 E0.601594
G1 X179.123381 Y179.123381 Z12.375514 E0.601572
G1 X177.49053 Y180.702062 Z12.378555 E0.60155
G1 X175.808959 Y182.22862 Z12.381595 E0.601528
G1 X174.080331 Y183.701551 Z12.384636 E0.601506
G1 X172.306348 Y185.1194 Z12.387677 E0.601485
G1 X170.488769 Y186.480774 Z12.390718 E0.601463
G1 X168.629394 Y187.784337 Z12.393759 E0.601441
G1 X166.730059 Y189.028808 Z12.3968 E0.601419
G1 X164.792642 Y190.212961 Z12.39984 E0.601397
G1 X162.819059 Y191.335633 Z12.402881 E0.601375
G1 X160.811258 Y192.39572 Z12.405922 E0.601353
G1 X158.77122 Y193.392171 Z12.408963 E0.601331
G1 X156.700965 Y194.324016 Z12.412004 E0.601309
G1 X154.602538 Y195.190341 Z12.415045 E0.601286
G1 X152.478013 Y195.990296 Z12.418086 E0.601264
G1 X150.329488 Y196.723096 Z12.421126 E0.601242
G1 X148.159084 Y197.388024 Z12.424167 E0.60122
G1 X145.968946 Y197.984424 Z12.427208 E0.601198
G1 X143.761234 Y198.511708 Z12.430249 E0.601176
G1 X141.538131 Y198.969369 Z12.43329 E0.601154
G1 X139.301832 Y199.35696 Z12.436331 E0.601132
G1 X137.054545 Y199.674104 Z12.439371 E0.601109
G1 X134.798488 Y199.920494 Z12.442412 E0.601087
G1 X132.535889 Y200.09589 Z12.445453 E0.601065
G1 X130.26898 Y200.200127 Z12.448494 E0.601043
G1 X128 Y200.233105 Z12.451535 E0.601021
G1 X125.731187 Y200.194798 Z12.454576 E0.600999
G1 X123.464781 Y200.085249 Z12.457617 E0.600976
G1 X121.203017 Y199.904571 Z12.460657 E0.600954
G1 X118.948128 Y199.652948 Z12.463698 E0.600932
G1 X116.702338 Y199.330632 Z12.466739 E0.60091
G1 X114.467863 Y198.937948 Z12.46978 E0.600888
G1 X112.246907 Y198.475289 Z12.472821 E0.600866
G1 X110.04166 Y197.943115 Z12.475862 E0.600843
G1 X107.854299 Y197.341957 Z12.478902 E0.600821
G1 X105.68698 Y196.672415 Z12.481943 E0.600799
G1 X103.54184 Y195.935152 Z12.484984 E0.600777
G1 X101.420996 Y195.130902 Z12.488025 E0.600755
G1 X99.326537 Y194.260464 Z12.491066 E0.600732
G1 X97.260529 Y193.324702 Z12.494107 E0.60071
G1 X95.225009 Y192.324543 Z12.497148 E0.600688
G1 X93.221982 Y191.260979 Z12.500188 E0.600666
G1 X91.253425 Y190.135065 Z12.503229 E0.600644
G1 X89.321276 Y188.947917 Z12.50627 E0.600622
G1 X87.427439 Y187.70071 Z12.509311 E0.600599
G1 X85.573782 Y186.39468 Z12.512352 E0.600577
G1 X83.762129 Y185.03112 Z12.515393 E0.600555
G1 X81.994266 Y183.611379 Z12.518433 E0.600533
G1 X80.271934 Y182.136864 Z12.521474 E0.600511
G1 X78.59683 Y180.609033 Z12.524515 E0.600488
G1 X76.970602 Y179.029398 Z12.527556 E0.600466
G1 X75.394853 Y177.399521 Z12.530597 E0.600444
G1 X73.871134 Y175.721015 Z12.533638 E0.600422
G1 X72.400944 Y173.99554 Z12.536679 E0.6004
G1 X70.98573 Y172.224801 Z12.539719 E0.600378
G1 X69.626885 Y170.410551 Z12.54276 E0.600355
G1 X68.325745 Y168.554581 Z12.545801 E0.600333
G1 X67.083592 Y166.658728 Z12.548842 E0.600311
G1 X65.901644 Y164.724865 Z12.551883 E0.600289
G1 X64.781066 Y162.754903 Z12.554924 E0.600267
G1 X63.722958 Y160.750789 Z12.557964 E0.600245
G1 X62.72836 Y158.714502 Z12.561005 E0.600222
G1 X61.798248 Y156.648056 Z12.564046 E0.6002
G1 X60.933536 Y154.553492 Z12.567087 E0.600178
G1 X60.135071 Y152.432878 Z12.570128 E0.600156
G1 X59.403639 Y150.288309 Z12.573169 E0.600134
G1 X58.739954 Y148.121904 Z12.57621 E0.600111
G1 X58.144667 Y145.935801 Z12.57925 E0.600089
G1 X57.618361 Y143.73216 Z12.582291 E0.600067
G1 X57.161549 Y141.513157 Z12.585332 E0.600045
G1 X56.774678 Y139.280983 Z12.588373 E0.600023
G1 X56.458123 Y137.037841 Z12.591414 E0.600001
G1 X56.212193 Y134.785946 Z12.594455 E0.599978
G1 X56.037125 Y132.52752 Z12.597495 E0.599956
G1 X55.933086 Y130.264794 Z12.600536 E0.599934
G1 X55.900173 Y128 Z12.603577 E0.599912
G1 X55.938414 Y125.735373 Z12.606618 E0.59989
G1 X56.047766 Y123.473149 Z12.609659 E0.599867
G1 X56.228116 Y121.215559 Z12.6127 E0.599845
G1 X56.47928 Y118.964832 Z12.615741 E0.599823
G1 X56.801005 Y116.723187 Z12.618781 E0.599801
G1 X57.192969 Y114.492836 Z12.621822 E0.599779
G1 X57.65478 Y112.27598 Z12.624863 E0.599757
G1 X58.185976 Y110.074805 Z12.627904 E0.599734
G1 X58.786029 Y107.891483 Z12.630945 E0.599712
G1 X59.454341 Y105.728165 Z12.633986 E0.59969
G1 X60.190247 Y103.586987 Z12.637026 E0.599668
G1 X60.993017 Y101.470059 Z12.640067 E0.599646
G1 X61.861853 Y99.379468 Z12.643108 E0.599624
G1 X62.795892 Y97.317276 Z12.646149 E0.599601
G1 X63.794209 Y95.285516 Z12.64919 E0.599579
G1 X64.855814 Y93.28619 Z12.652231 E0.599557
G1 X65.979653 Y91.321269 Z12.655272 E0.599535
G1 X67.164614 Y89.39269 Z12.658312 E0.599513
G1 X68.409522 Y87.502353 Z12.661353 E0.59949
G1 X69.713144 Y85.652121 Z12.664394 E0.599468
G1 X71.074191 Y83.843816 Z12.667435 E0.599446
G1 X72.491313 Y82.079221 Z12.670476 E0.599424
G1 X73.963109 Y80.360073 Z12.673517 E0.599402
G1 X75.488123 Y78.688065 Z12.676557 E0.59938
G1 X77.064844 Y77.064844 Z12.679598 E0.599357
G1 X78.691714 Y75.492009 Z12.682639 E0.599335
G1 X80.367124 Y73.971107 Z12.68568 E0.599313
G1 X82.089415 Y72.503636 Z12.688721 E0.599291
G1 X83.856886 Y71.09104 Z12.691762 E0.599269
G1 X85.667788 Y69.734709 Z12.694803 E0.599247
G1 X87.520332 Y68.435977 Z12.697843 E0.599224
G1 X89.412686 Y67.196122 Z12.700884 E0.599202
G1 X91.342979 Y66.016363 Z12.703925 E0.59918
G1 X93.309304 Y64.897859 Z12.706966 E0.599158
G1 X95.309718 Y63.84171 Z12.710007 E0.599136
G1 X97.342245 Y62.848954 Z12.713048 E0.599113
G1 X99.404875 Y61.920565 Z12.716088 E0.599091
G1 X101.495571 Y61.057455 Z12.719129 E0.599069
G1 X103.612269 Y60.26047 Z12.72217 E0.599047
G1 X105.752876 Y59.530394 Z12.725211 E0.599025
G1 X107.91528 Y58.86794 Z12.728252 E0.599003
G1 X110.097344 Y58.273758 Z12.731293 E0.59898
G1 X112.296913 Y57.748429 Z12.734334 E0.598958
G1 X114.511817 Y57.292467 Z12.737374 E0.598936
G1 X116.739867 Y56.906315 Z12.740415 E0.598914
G1 X118.978863 Y56.590351 Z12.743456 E0.598892
G1 X121.226597 Y56.34488 Z12.746497 E0.598869
G1 X123.480848 Y56.17014 Z12.749538 E0.598847
G1 X125.739392 Y56.066298 Z12.752579 E0.598825
G1 X128 Y56.033451 Z12.755619 E0.598803
G1 X130.26044 Y56.071627 Z12.75866 E0.598781
G1 X132.518482 Y56.180781 Z12.761701 E0.598759
G1 X134.771898 Y56.360803 Z12.764742 E0.598736
G1 X137.018464 Y56.611507 Z12.767783 E0.598714
G1 X139.255964 Y56.932643 Z12.770824 E0.598692
G1 X141.48219 Y57.323887 Z12.773865 E0.59867
G1 X143.694946 Y57.784848 Z12.776905 E0.598648
G1 X145.89205 Y58.315067 Z12.779946 E0.598626
G1 X148.071334 Y58.914015 Z12.782987 E0.598603
G1 X150.23065 Y59.581096 Z12.786028 E0.598581
G1 X152.367867 Y60.315646 Z12.789069 E0.598559
G1 X154.480878 Y61.116936 Z12.79211 E0.598537
G1 X156.567601 Y61.984169 Z12.79515 E0.598515
G1 X158.625977 Y62.916486 Z12.798191 E0.598492
G1 X160.653977 Y63.912961 Z12.801232 E0.59847
G1 X162.649603 Y64.972606 Z12.804273 E0.598448
G1 X164.610887 Y66.094371 Z12.807314 E0.598426
G1 X166.535896 Y67.277144 Z12.810355 E0.598404
G1 X168.422734 Y68.519754 Z12.813396 E0.598382
G1 X170.26954 Y69.820969 Z12.816436 E0.598359
G1 X172.074497 Y71.179501 Z12.819477 E0.598337
G1 X173.835825 Y72.594006 Z12.822518 E0.598315
G1 X175.551789 Y74.063083 Z12.825559 E0.598293
G1 X177.2207 Y75.585278 Z12.8286 E0.598271
G1 X178.840914 Y77.159086 Z12.831641 E0.598248
G1 X180.410835 Y78.78295 Z12.834681 E0.598226
G1 X181.928919 Y80.455262 Z12.837722 E0.598204
G1 X183.393671 Y82.17437 Z12.840763 E0.598182
G1 X184.803649 Y83.938573 Z12.843804 E0.59816
G1 X186.157466 Y85.746127 Z12.846845 E0.598138
G1 X187.453791 Y87.595246 Z12.849886 E0.598115
G1 X188.691347 Y89.4841 Z12.852927 E0.598093
G1 X189.868919 Y91.410823 Z12.855967 E0.598071
G1 X190.985348 Y93.373512 Z12.859008 E0.598049
G1 X192.039538 Y95.370226 Z12.862049 E0.598027
G1 X193.030453 Y97.398992 Z12.86509 E0.598005
G1 X193.957119 Y99.457806 Z12.868131 E0.597982
G1 X194.818626 Y101.544634 Z12.871172 E0.59796
G1 X195.614131 Y103.657415 Z12.874212 E0.597938
G1 X196.342851 Y105.794062 Z12.877253 E0.597916
G1 X197.004074 Y107.952463 Z12.880294 E0.597894
G1 X197.597151 Y110.130489 Z12.883335 E0.597871
G1 X198.121502 Y112.325987 Z12.886376 E0.597849
G1 X198.576616 Y114.53679 Z12.889417 E0.597827
G1 X198.962047 Y116.760716 Z12.892458 E0.597805
G1 X199.277422 Y118.995568 Z12.895498 E0.597783
G1 X199.522433 Y121.23914 Z12.898539 E0.597761
G1 X199.696844 Y123.489217 Z12.90158 E0.597738
G1 X199.800489 Y125.743579 Z12.904621 E0.597716
G1 X199.83327 Y128 Z12.907662 E0.597694
G1 X199.79519 Y130.256255 Z12.910669 E0.59103
G1 X199.686262 Y132.510117 Z12.913676 E0.591008
G1 X199.506599 Y134.759364 Z12.916683 E0.590987
G1 X199.256383 Y137.001775 Z12.91969 E0.590965
G1 X198.935866 Y139.235137 Z12.922697 E0.590943
G1 X198.54537 Y141.457249 Z12.925704 E0.590922
G1 X198.085285 Y143.665917 Z12.928711 E0.5909
G1 X197.556071 Y145.858964 Z12.931718 E0.590878
G1 X196.958254 Y148.034225 Z12.934725 E0.590856
G1 X196.292431 Y150.189556 Z12.937732 E0.590835
G1 X195.559262 Y152.322831 Z12.940739 E0.590813
G1 X194.759476 Y154.431946 Z12.943746 E0.590791
G1 X193.893867 Y156.514823 Z12.946753 E0.59077
G1 X192.963295 Y158.569406 Z12.94976 E0.590748
G1 X191.968683 Y160.593672 Z12.952768 E0.590726
G1 X190.911016 Y162.585624 Z12.955775 E0.590705
G1 X189.791344 Y164.543299 Z12.958782 E0.590683
G1 X188.610775 Y166.464768 Z12.961789 E0.590661
G1 X187.37048 Y168.348137 Z12.964796 E0.59064
G1 X186.071686 Y170.19155 Z12.967803 E0.590618
G1 X184.71568 Y171.993191 Z12.97081 E0.590596
G1 X183.303803 Y173.751285 Z12.973817 E0.590575
G1 X181.837455 Y175.464101 Z12.976824 E0.590553
G1 X180.318084 Y177.129951 Z12.979831 E0.590531
G1 X178.747195 Y178.747195 Z12.982838 E0.590509
G1 X177.126342 Y180.314241 Z12.985845 E0.590488
G1 X175.457128 Y181.829546 Z12.988852 E0.590466
G1 X173.741204 Y183.291617 Z12.991859 E0.590444
G1 X171.980266 Y184.699017 Z12.994866 E0.590423
G1 X170.176056 Y186.050361 Z12.997873 E0.590401
G1 X168.330357 Y187.344318 Z13.00088 E0.590379
G1 X166.444994 Y188.579617 Z13.003887 E0.590358
G1 X164.52183 Y189.755042 Z13.006894 E0.590336
G1 X162.562766 Y190.869438 Z13.009902 E0.590314
G1 X160.569738 Y191.92171 Z13.012909 E0.590293
G1 X158.544715 Y192.910824 Z13.015916 E0.590271
G1 X156.489698 Y193.835808 Z13.018923 E0.590249
G1 X154.406717 Y194.695754 Z13.02193 E0.590228
G1 X152.29783 Y195.489818 Z13.024937 E0.590206
G1 X150.165119 Y196.217223 Z13.027944 E0.590184
G1 X148.010692 Y196.877254 Z13.030951 E0.590162
G1 X145.836676 Y197.469265 Z13.033958 E0.590141
G1 X143.645217 Y197.992677 Z13.036965 E0.590119
G1 X141.43848 Y198.446979 Z13.039972 E0.590097
G1 X139.218643 Y198.831724 Z13.042979 E0.590076
G1 X136.987898 Y199.14654 Z13.045986 E0.590054
G1 X134.748448 Y199.391121 Z13.048993 E0.590032
G1 X132.502503 Y199.565232 Z13.052 E0.590011
G1 X130.25228 Y199.668707 Z13.055007 E0.589989
G1 X128 Y199.701448 Z13.058014 E0.589967
G1 X125.747886 Y199.663429 Z13.061021 E0.589945
G1 X123.498161 Y199.554688 Z13.064029 E0.589924
G1 X121.253044 Y199.375341 Z13.067036 E0.589902
G1 X119.014751 Y199.12557 Z13.070043 E0.58988
G1 X116.78549 Y198.805628 Z13.07305 E0.589858
G1 X114.567461 Y198.415835 Z13.076057 E0.589837
G1 X112.362851 Y197.956582 Z13.079064 E0.589815
G1 X110.173836 Y197.428326 Z13.082071 E0.589793
G1 X108.002574 Y196.83159 Z13.085078 E0.589771
G1 X105.851208 Y196.166972 Z13.088085 E0.589749
G1 X103.721859 Y195.435132 Z13.091092 E0.589728
G1 X101.616625 Y194.636799 Z13.094099 E0.589706
G1 X99.537583 Y193.772764 Z13.097106 E0.589684
G1 X97.486784 Y192.843886 Z13.100113 E0.589662
G1 X95.466247 Y191.851085 Z13.10312 E0.58964
G1 X93.477968 Y190.795343 Z13.106127 E0.589619
G1 X91.523905 Y189.677709 Z13.109134 E0.589597
G1 X89.605982 Y188.499292 Z13.112141 E0.589575
G1 X87.72609 Y187.261259 Z13.115148 E0.589553
G1 X85.886082 Y185.964836 Z13.118155 E0.589531
G1 X84.08777 Y184.611306 Z13.121163 E0.589509
G1 X82.332926 Y183.20201 Z13.12417 E0.589488
G1 X80.623281 Y181.738339 Z13.127177 E0.589466
G1 X78.960516 Y180.221746 Z13.130184 E0.589444
G1 X77.34627 Y178.65373 Z13.133191 E0.589422
G1 X75.78213 Y177.035844 Z13.136198 E0.5894
G1 X74.269638 Y175.369686 Z13.139205 E0.589378
G1 X72.810281 Y173.656906 Z13.142212 E0.589356
G1 X71.405498 Y171.899196 Z13.145219 E0.589335
G1 X70.056671 Y170.098292 Z13.148226 E0.589313
G1 X68.765126 Y168.255979 Z13.151233 E0.589291
G1 X67.532133 Y166.374075 Z13.15424 E0.589269
G1 X66.358904 Y164.454443 Z13.157247 E0.589247
G1 X65.246592 Y162.498978 Z13.160254 E0.589225
G1 X64.196291 Y160.509614 Z13.163261 E0.589203
G1 X63.209034 Y158.488314 Z13.166268 E0.589181
G1 X62.285792 Y156.437077 Z13.169275 E0.589159
G1 X61.427468 Y154.35793 Z13.172282 E0.589137
G1 X60.634905 Y152.252927 Z13.175289 E0.589115
G1 X59.90888 Y150.124146 Z13.178297 E0.589093
G1 X59.250104 Y147.973691 Z13.181304 E0.589071
G1 X58.659223 Y145.803685 Z13.184311 E0.589049
G1 X58.136818 Y143.616271 Z13.187318 E0.589027
G1 X57.683398 Y141.413609 Z13.190325 E0.589005
G1 X57.299402 Y139.197875 Z13.193332 E0.588984
G1 X56.985206 Y136.971255 Z13.196339 E0.588962
G1 X56.741114 Y134.735948 Z13.199346 E0.58894
G1 X56.567362 Y132.494161 Z13.202353 E0.588918
G1 X56.464115 Y130.248106 Z13.20536 E0.588896
G1 X56.431476 Y128 Z13.208367 E0.588874
G1 X56.469466 Y125.752062 Z13.211374 E0.588852
G1 X56.578043 Y123.506511 Z13.214381 E0.58883
G1 X56.757094 Y121.265563 Z13.217388 E0.588807
G1 X57.006438 Y119.031427 Z13.220395 E0.588785
G1 X57.325822 Y116.80631 Z13.223402 E0.588763
G1 X57.714927 Y114.592405 Z13.226409 E0.588741
G1 X58.173364 Y112.391898 Z13.229416 E0.588719
G1 X58.700674 Y110.206957 Z13.232423 E0.588697
G1 X59.296332 Y108.039739 Z13.235431 E0.588675
G1 X59.959746 Y105.892381 Z13.238438 E0.588653
G1 X60.690256 Y103.767001 Z13.241445 E0.588631
G1 X61.487135 Y101.665694 Z13.244452 E0.588609
G1 X62.349592 Y99.590531 Z13.247459 E0.588587
G1 X63.276771 Y97.54356 Z13.250466 E0.588565
G1 X64.267753 Y95.526798 Z13.253473 E0.588543
G1 X65.321555 Y93.542233 Z13.25648 E0.588521
G1 X66.437131 Y91.591821 Z13.259487 E0.588499
G1 X67.613378 Y89.677484 Z13.262494 E0.588477
G1 X68.849128 Y87.801109 Z13.265501 E0.588455
G1 X70.143159 Y85.964544 Z13.268508 E0.588433
G1 X71.494188 Y84.169599 Z13.271515 E0.588411
G1 X72.900879 Y82.418043 Z13.274522 E0.588389
G1 X74.361839 Y80.7116 Z13.277529 E0.588367
G1 X75.875622 Y79.051951 Z13.280536 E0.588345
G1 X77.44073 Y77.44073 Z13.283543 E0.588323
G1 X79.055615 Y75.879524 Z13.28655 E0.588301
G1 X80.71868 Y74.36987 Z13.289557 E0.588279
G1 X82.42828 Y72.913254 Z13.292565 E0.588257
G1 X84.182724 Y71.511108 Z13.295572 E0.588235
G1 X85.980278 Y70.164814 Z13.298579 E0.588213
G1 X87.819164 Y68.875695 Z13.301586 E0.588191
G1 X89.697564 Y67.645018 Z13.304593 E0.588169
G1 X91.613622 Y66.473995 Z13.3076 E0.588147
G1 X93.565445 Y65.363777 Z13.310607 E0.588125
G1 X95.551103 Y64.315453 Z13.313614 E0.588103
G1 X97.568634 Y63.330055 Z13.316621 E0.588081
G1 X99.616045 Y62.40855 Z13.319628 E0.588059
G1 X101.691313 Y61.551843 Z13.322635 E0.588037
G1 X103.792389 Y60.760774 Z13.325642 E0.588015
G1 X105.917196 Y60.036119 Z13.328649 E0.587993
G1 X108.063637 Y59.378587 Z13.331656 E0.587971
G1 X110.22959 Y58.788824 Z13.334663 E0.587949
G1 X112.412919 Y58.267406 Z13.33767 E0.587927
G1 X114.611465 Y57.814842 Z13.340677 E0.587904
G1 X116.823059 Y57.431574 Z13.343684 E0.587882
G1 X119.045518 Y57.117975 Z13.346692 E0.58786
G1 X121.276646 Y56.874349 Z13.349699 E0.587838
G1 X123.514243 Y56.700931 Z13.352706 E0.587816
G1 X125.756098 Y56.597887 Z13.355713 E0.587794
G1 X128 Y56.565314 Z13.35872 E0.587772
G1 X130.243734 Y56.603238 Z13.361727 E0.58775
G1 X132.485085 Y56.711617 Z13.364734 E0.587728
G1 X134.721842 Y56.890338 Z13.367741 E0.587706
G1 X136.951798 Y57.13922 Z13.370748 E0.587684
G1 X139.172753 Y57.458012 Z13.373755 E0.587662
G1 X141.382516 Y57.846394 Z13.376762 E0.58764
G1 X143.578907 Y58.303978 Z13.379769 E0.587618
G1 X145.759759 Y58.830307 Z13.382776 E0.587596
G1 X147.922921 Y59.424856 Z13.385783 E0.587574
G1 X150.06626 Y60.087033 Z13.38879 E0.587552
G1 X152.187663 Y60.816181 Z13.391797 E0.58753
G1 X154.285037 Y61.611574 Z13.394804 E0.587508
G1 X156.356315 Y62.472422 Z13.397811 E0.587486
G1 X158.399454 Y63.397871 Z13.400818 E0.587464
G1 X160.412441 Y64.387003 Z13.403826 E0.587442
G1 X162.39329 Y65.438838 Z13.406833 E0.58742
G1 X164.34005 Y66.552331 Z13.40984 E0.587398
G1 X166.250802 Y67.72638 Z13.412847 E0.587376
G1 X168.123663 Y68.959823 Z13.415854 E0.587354
G1 X169.956788 Y70.251436 Z13.418861 E0.587332
G1 X171.748371 Y71.599941 Z13.421868 E0.58731
G1 X173.496646 Y73.004003 Z13.424875 E0.587288
G1 X175.199892 Y74.462232 Z13.427882 E0.587266
G1 X176.856431 Y75.973185 Z13.430889 E0.587244
G1 X178.464632 Y77.535368 Z13.433896 E0.587222
G1 X180.022912 Y79.147234 Z13.436903 E0.5872
G1 X181.529737 Y80.807189 Z13.43991 E0.587178
G1 X182.983623 Y82.513592 Z13.442917 E0.587156
G1 X184.383139 Y84.264754 Z13.445924 E0.587134
G1 X185.726909 Y86.058946 Z13.448931 E0.587112
G1 X187.013611 Y87.894392 Z13.451938 E0.58709
G1 X188.241979 Y89.769278 Z13.454945 E0.587068
G1 X189.410805 Y91.681751 Z13.457952 E0.587046
G1 X190.51894 Y93.629922 Z13.46096 E0.587024
G1 X191.565296 Y95.611864 Z13.463967 E0.587002
G1 X192.548845 Y97.625619 Z13.466974 E0.586979
G1 X193.46862 Y99.669198 Z13.469981 E0.586957
G1 X194.323718 Y101.740582 Z13.472988 E0.586935
G1 X195.113301 Y103.837725 Z13.475995 E0.586913
G1 X195.836594 Y105.958554 Z13.479002 E0.586891
G1 X196.492889 Y108.100976 Z13.482009 E0.586869
G1 X197.081543 Y110.262875 Z13.485016 E0.586847
G1 X197.601979 Y112.442114 Z13.488023 E0.586825
G1 X198.053691 Y114.636544 Z13.49103 E0.586803
G1 X198.436236 Y116.843996 Z13.494037 E0.586781
G1 X198.749243 Y119.062292 Z13.497044 E0.586759
G1 X198.992408 Y121.289242 Z13.500051 E0.586737
G1 X199.165496 Y123.522647 Z13.503058 E0.586715
G1 X199.268341 Y125.760302 Z13.506065 E0.586693
G1 X199.300849 Y128 Z13.509072 E0.586671
G1 X199.263008 Y130.23953 Z13.51206 E0.586649
G1 X199.154844 Y132.476683 Z13.515048 E0.586627
G1 X198.97647 Y134.709252 Z13.518036 E0.586605
G1 X198.728066 Y136.935033 Z13.521023 E0.586584
G1 X198.409883 Y139.15183 Z13.524011 E0.586562
G1 X198.02224 Y141.357457 Z13.526999 E0.58654
G1 X197.565525 Y143.549737 Z13.529987 E0.586518
G1 X197.040193 Y145.726509 Z13.532974 E0.586496
G1 X196.446769 Y147.885625 Z13.535962 E0.586474
G1 X195.785843 Y150.024955 Z13.53895 E0.586452
G1 X195.058072 Y152.142391 Z13.541938 E0.58643
G1 X194.264179 Y154.235844 Z13.544925 E0.586408
G1 X193.404953 Y156.30325 Z13.547913 E0.586387
G1 X192.481246 Y158.342571 Z13.550901 E0.586365
G1 X191.493976 Y160.351797 Z13.553889 E0.586343
G1 X190.44412 Y162.328946 Z13.556876 E0.586321
G1 X189.33272 Y164.27207 Z13.559864 E0.586299
G1 X188.160878 Y166.179254 Z13.562852 E0.586277
G1 X186.929753 Y168.048619 Z13.56584 E0.586255
G1 X185.640565 Y169.878322 Z13.568827 E0.586233
G1 X184.294592 Y171.666562 Z13.571815 E0.586212
G1 X182.893165 Y173.411575 Z13.574803 E0.58619
G1 X181.437671 Y175.111645 Z13.577791 E0.586168
G1 X179.929552 Y176.765095 Z13.580778 E0.586146
G1 X178.370299 Y178.370299 Z13.583766 E0.586124
G1 X176.761454 Y179.925674 Z13.586754 E0.586102
G1 X175.104609 Y181.429692 Z13.589742 E0.58608
G1 X173.401404 Y182.880869 Z13.592729 E0.586058
G1 X171.653521 Y184.27778 Z13.595717 E0.586036
G1 X169.86269 Y185.619049 Z13.598705 E0.586015
G1 X168.03068 Y186.903357 Z13.601693 E0.585993
G1 X166.159303 Y188.12944 Z13.60468 E0.585971
G1 X164.250408 Y189.296093 Z13.607668 E0.585949
G1 X162.305883 Y190.402169 Z13.610656 E0.585927
G1 X160.327648 Y191.446582 Z13.613644 E0.585905
G1 X158.317659 Y192.428304 Z13.616631 E0.585883
G1 X156.277901 Y193.346373 Z13.619619 E0.585861
G1 X154.210389 Y194.199886 Z13.622607 E0.58584
G1 X152.117166 Y194.988006 Z13.625595 E0.585818
G1 X150.0003 Y195.709961 Z13.628582 E0.585796
G1 X147.861881 Y196.365042 Z13.63157 E0.585774
G1 X145.704021 Y196.952609 Z13.634558 E0.585752
G1 X143.528851 Y197.472086 Z13.637546 E0.58573
G1 X141.338519 Y197.922966 Z13.640533 E0.585708
G1 X139.135188 Y198.30481 Z13.643521 E0.585686
G1 X136.921033 Y198.617244 Z13.646509 E0.585664
G1 X134.698239 Y198.859968 Z13.649497 E0.585643
G1 X132.469002 Y199.032745 Z13.652485 E0.585621
G1 X130.23552 Y199.135411 Z13.655472 E0.585599
G1 X128 Y199.16787 Z13.65846 E0.585577
G1 X125.764647 Y199.130095 Z13.661448 E0.585555
G1 X123.531666 Y199.022128 Z13.664436 E0.585533
G1 X121.303263 Y198.844081 Z13.667423 E0.585511
G1 X119.081634 Y198.596136 Z13.670411 E0.585489
G1 X116.868973 Y198.278541 Z13.673399 E0.585468
G1 X114.667461 Y197.891617 Z13.676387 E0.585446
G1 X112.479271 Y197.435749 Z13.679374 E0.585424
G1 X110.306562 Y196.911392 Z13.682362 E0.585402
G1 X108.151475 Y196.31907 Z13.68535 E0.58538
G1 X106.016137 Y195.659372 Z13.688338 E0.585358
G1 X103.902654 Y194.932954 Z13.691325 E0.585336
G1 X101.813108 Y194.140538 Z13.694313 E0.585314
G1 X99.749562 Y193.282911 Z13.697301 E0.585292
G1 X97.714048 Y192.360924 Z13.700289 E0.585271
G1 X95.708574 Y191.375491 Z13.703276 E0.585249
G1 X93.735117 Y190.32759 Z13.706264 E0.585227
G1 X91.795622 Y189.21826 Z13.709252 E0.585205
G1 X89.892 Y188.0486 Z13.71224 E0.585183
G1 X88.026126 Y186.819769 Z13.715227 E0.585161
G1 X86.199841 Y185.532983 Z13.718215 E0.585139
G1 X84.414942 Y184.189518 Z13.721203 E0.585117
G1 X82.673188 Y182.790703 Z13.724191 E0.585095
G1 X80.976296 Y181.337923 Z13.727178 E0.585074
G1 X79.325935 Y179.832615 Z13.730166 E0.585052
G1 X77.723732 Y178.276268 Z13.733154 E0.58503
G1 X76.171263 Y176.670424 Z13.736142 E0.585008
G1 X74.670057 Y175.016669 Z13.739129 E0.584986
G1 X73.221592 Y173.31664 Z13.742117 E0.584964
G1 X71.827294 Y171.572017 Z13.745105 E0.584942
G1 X70.488533 Y169.784527 Z13.748093 E0.58492
G1 X69.206627 Y167.955935 Z13.75108 E0.584899
G1 X67.982838 Y166.088049 Z13.754068 E0.584877
G1 X66.818367 Y164.182717 Z13.757056 E0.584855
G1 X65.714361 Y162.24182 Z13.760044 E0.584833
G1 X64.671903 Y160.267277 Z13.763031 E0.584811
G1 X63.692018 Y158.261039 Z13.766019 E0.584789
G1 X62.775669 Y156.225088 Z13.769007 E0.584767
G1 X61.923755 Y154.161436 Z13.771995 E0.584745
G1 X61.137111 Y152.072121 Z13.774982 E0.584723
G1 X60.41651 Y149.959207 Z13.77797 E0.584702
G1 X59.762657 Y147.824781 Z13.780958 E0.58468
G1 X59.176192 Y145.67095 Z13.783946 E0.584658
G1 X58.65769 Y143.499843 Z13.786933 E0.584636
G1 X58.207657 Y141.313601 Z13.789921 E0.584614
G1 X57.826532 Y139.114385 Z13.792909 E0.584592
G1 X57.514686 Y136.904366 Z13.795897 E0.58457
G1 X57.272421 Y134.685725 Z13.798884 E0.584548
G1 X57.099971 Y132.460652 Z13.801872 E0.584527
G1 X56.997502 Y130.231343 Z13.80486 E0.584505
G1 X56.965109 Y128 Z13.807848 E0.584483
G1 X57.002818 Y125.768824 Z13.810835 E0.584461
G1 X57.110589 Y123.540016 Z13.813823 E0.584439
G1 X57.288307 Y121.315777 Z13.816811 E0.584417
G1 X57.535794 Y119.098301 Z13.819799 E0.584395
G1 X57.85281 Y116.889777 Z13.822786 E0.584373
G1 X58.239028 Y114.692383 Z13.825774 E0.584351
G1 X58.694061 Y112.508287 Z13.828762 E0.584329
G1 X59.217454 Y110.339644 Z13.83175 E0.584307
G1 X59.808685 Y108.188592 Z13.834737 E0.584285
G1 X60.467166 Y106.057252 Z13.837725 E0.584263
G1 X61.192242 Y103.947727 Z13.840713 E0.584241
G1 X61.983203 Y101.862101 Z13.843701 E0.584219
G1 X62.839253 Y99.802427 Z13.846688 E0.584197
G1 X63.759542 Y97.770735 Z13.849676 E0.584175
G1 X64.743157 Y95.769029 Z13.852664 E0.584153
G1 X65.789122 Y93.799281 Z13.855652 E0.584131
G1 X66.896401 Y91.863432 Z13.858639 E0.584109
G1 X68.063896 Y89.963392 Z13.861627 E0.584087
G1 X69.29046 Y88.101038 Z13.864615 E0.584065
G1 X70.574869 Y86.2782 Z13.867603 E0.584043
G1 X71.915849 Y84.496673 Z13.87059 E0.58402
G1 X73.312074 Y82.758213 Z13.873578 E0.583998
G1 X74.762161 Y81.064531 Z13.876566 E0.583976
G1 X76.264675 Y79.417296 Z13.879554 E0.583954
G1 X77.818132 Y77.818132 Z13.882541 E0.583932
G1 X79.420999 Y76.268618 Z13.885529 E0.583909
G1 X81.071683 Y74.770274 Z13.888517 E0.583887
G1 X82.768553 Y73.324573 Z13.891505 E0.583865
G1 X84.509929 Y71.932939 Z13.894492 E0.583842
G1 X86.294091 Y70.59674 Z13.89748 E0.58382
G1 X88.119273 Y69.317292 Z13.900468 E0.583798
G1 X89.983674 Y68.095856 Z13.903456 E0.583776
G1 X91.885453 Y66.933636 Z13.906443 E0.583753
G1 X93.822726 Y65.831769 Z13.909431 E0.583731
G1 X95.793577 Y64.791336 Z13.912419 E0.583708
G1 X97.79606 Y63.81336 Z13.915407 E0.583686
G1 X99.828196 Y62.898802 Z13.918394 E0.583664
G1 X101.887977 Y62.048559 Z13.921382 E0.583641
G1 X103.973371 Y61.26347 Z13.92437 E0.583619
G1 X106.082317 Y60.544306 Z13.927358 E0.583596
G1 X108.212729 Y59.891766 Z13.930345 E0.583574
G1 X110.362504 Y59.306489 Z13.933333 E0.583551
G1 X112.529519 Y58.789047 Z13.936321 E0.583529
G1 X114.711634 Y58.339945 Z13.939309 E0.583506
G1 X116.906694 Y57.959621 Z13.942297 E0.583484
G1 X119.112533 Y57.648453 Z13.945284 E0.583461
G1 X121.326972 Y57.40674 Z13.948272 E0.583439
G1 X123.547825 Y57.23471 Z13.95126 E0.583416
G1 X125.7729 Y57.132528 Z13.954248 E0.583394
G1 X128 Y57.100289 Z13.957235 E0.583371
G1 X130.226927 Y57.138019 Z13.960223 E0.583348
G1 X132.451485 Y57.245676 Z13.963211 E0.583326
G1 X134.671476 Y57.423158 Z13.966199 E0.583303
G1 X136.88471 Y57.670277 Z13.969186 E0.58328
G1 X139.089004 Y57.986781 Z13.972174 E0.583258
G1 X141.282184 Y58.372353 Z13.975162 E0.583235
G1 X143.462085 Y58.826607 Z13.97815 E0.583212
G1 X145.626558 Y59.349088 Z13.981137 E0.58319
G1 X147.773468 Y59.939277 Z13.984125 E0.583167
G1 X149.900694 Y60.596595 Z13.987113 E0.583144
G1 X152.00614 Y61.32038 Z13.990101 E0.583121
G1 X154.087732 Y62.109911 Z13.993088 E0.583099
G1 X156.143416 Y62.964403 Z13.996076 E0.583076
G1 X158.171166 Y63.883008 Z13.999064 E0.583053
G1 X160.168983 Y64.864815 Z14.002052 E0.58303
G1 X162.134899 Y65.90885 Z14.005039 E0.583007
G1 X164.066974 Y67.014077 Z14.008027 E0.582984
G1 X165.963306 Y68.179402 Z14.011015 E0.582962
G1 X167.822026 Y69.403668 Z14.014003 E0.582939
G1 X169.641302 Y70.685665 Z14.01699 E0.582916
G1 X171.419342 Y72.024121 Z14.019978 E0.582893
G1 X173.154395 Y73.417712 Z14.022966 E0.58287
G1 X174.844752 Y74.865058 Z14.025954 E0.582848
G1 X176.488749 Y76.364727 Z14.028941 E0.582825
G1 X178.084766 Y77.915234 Z14.031929 E0.582802
G1 X179.631232 Y79.515046 Z14.034917 E0.582779
G1 X181.126625 Y81.16258 Z14.037905 E0.582756
G1 X182.569473 Y82.856206 Z14.040892 E0.582734
G1 X183.958357 Y84.594249 Z14.04388 E0.582711
G1 X185.29191 Y86.374991 Z14.046868 E0.582688
G1 X186.56882 Y88.196671 Z14.049856 E0.582665
G1 X187.787832 Y90.057488 Z14.052843 E0.582642
G1 X188.947748 Y91.955602 Z14.055831 E0.58262
G1 X190.047427 Y93.889139 Z14.058819 E0.582597
G1 X191.085788 Y95.856185 Z14.061807 E0.582574
G1 X192.061813 Y97.854799 Z14.064794 E0.582551
G1 X192.974542 Y99.883005 Z14.067782 E0.582528
G1 X193.823079 Y101.938799 Z14.07077 E0.582506
G1 X194.606594 Y104.020151 Z14.073758 E0.582483
G1 X195.324316 Y106.125004 Z14.076745 E0.58246
G1 X195.975544 Y108.251279 Z14.079733 E0.582437
G1 X196.55964 Y110.396876 Z14.082721 E0.582414
G1 X197.076032 Y112.559677 Z14.085709 E0.582391
G1 X197.524217 Y114.737546 Z14.088696 E0.582369
G1 X197.903757 Y116.928333 Z14.091684 E0.582346
G1 X198.214283 Y119.129873 Z14.094672 E0.582323
G1 X198.455494 Y121.339995 Z14.09766 E0.5823
G1 X198.627158 Y123.556516 Z14.100647 E0.582277
G1 X198.72911 Y125.777248 Z14.103635 E0.582255
G1 X198.761256 Y128 Z14.106623 E0.582232
G1 X198.723617 Y130.222579 Z14.109558 E0.568349
G1 X198.616189 Y132.442794 Z14.112494 E0.568327
G1 X198.439081 Y134.658454 Z14.115429 E0.568305
G1 X198.192474 Y136.867372 Z14.118365 E0.568283
G1 X197.876618 Y139.067369 Z14.1213 E0.568261
G1 X197.491828 Y141.256275 Z14.124236 E0.568239
G1 X197.038491 Y143.431931 Z14.127171 E0.568217
G1 X196.517058 Y145.59219 Z14.130107 E0.568195
G1 X195.92805 Y147.734923 Z14.133042 E0.568174
G1 X195.272052 Y149.858015 Z14.135978 E0.568152
G1 X194.549718 Y151.959373 Z14.138913 E0.56813
G1 X193.761766 Y154.036925 Z14.141848 E0.568108
G1 X192.908977 Y156.088623 Z14.144784 E0.568086
G1 X191.992199 Y158.112443 Z14.147719 E0.568064
G1 X191.012342 Y160.106392 Z14.150655 E0.568042
G1 X189.970376 Y162.068503 Z14.15359 E0.56802
G1 X188.867336 Y163.996842 Z14.156526 E0.567999
G1 X187.704314 Y165.88951 Z14.159461 E0.567977
G1 X186.482463 Y167.744641 Z14.162397 E0.567955
G1 X185.202992 Y169.560407 Z14.165332 E0.567933
G1 X183.86717 Y171.335019 Z14.168268 E0.567911
G1 X182.476319 Y173.06673 Z14.171203 E0.567889
G1 X181.031815 Y174.753834 Z14.174139 E0.567867
G1 X179.535088 Y176.394669 Z14.177074 E0.567845
G1 X177.98762 Y177.98762 Z14.18001 E0.567824
G1 X176.390941 Y179.531118 Z14.182945 E0.567802
G1 X174.74663 Y181.023644 Z14.18588 E0.56778
G1 X173.056314 Y182.463728 Z14.188816 E0.567758
G1 X171.321666 Y183.849955 Z14.191751 E0.567736
G1 X169.544399 Y185.180959 Z14.194687 E0.567714
G1 X167.726271 Y186.455433 Z14.197622 E0.567692
G1 X165.86908 Y187.672121 Z14.200558 E0.56767
G1 X163.974661 Y188.829829 Z14.203493 E0.567649
G1 X162.044886 Y189.927418 Z14.206429 E0.567627
G1 X160.081663 Y190.96381 Z14.209364 E0.567605
G1 X158.086932 Y191.937986 Z14.2123 E0.567583
G1 X156.062664 Y192.84899 Z14.215235 E0.567561
G1 X154.010858 Y193.695929 Z14.218171 E0.567539
G1 X151.933542 Y194.47797 Z14.221106 E0.567517
G1 X149.832767 Y195.194348 Z14.224041 E0.567495
G1 X147.710609 Y195.84436 Z14.226977 E0.567474
G1 X145.569162 Y196.42737 Z14.229912 E0.567452
G1 X143.410543 Y196.942808 Z14.232848 E0.56743
G1 X141.236883 Y197.390171 Z14.235783 E0.567408
G1 X139.050327 Y197.769021 Z14.238719 E0.567386
G1 X136.853035 Y198.078992 Z14.241654 E0.567364
G1 X134.647176 Y198.319781 Z14.24459 E0.567342
G1 X132.434928 Y198.491158 Z14.247525 E0.56732
G1 X130.218473 Y198.592957 Z14.250461 E0.567299
G1 X128 Y198.625084 Z14.253396 E0.567277
G1 X125.781698 Y198.587513 Z14.256332 E0.567255
G1 X123.565756 Y198.480285 Z14.259267 E0.567233
G1 X121.354361 Y198.303513 Z14.262203 E0.567211
G1 X119.149695 Y198.057376 Z14.265138 E0.567189
G1 X116.953933 Y197.742122 Z14.268073 E0.567167
G1 X114.769241 Y197.358068 Z14.271009 E0.567145
G1 X112.597774 Y196.905598 Z14.273944 E0.567124
G1 X110.441674 Y196.385164 Z14.27688 E0.567102
G1 X108.303068 Y195.797284 Z14.279815 E0.56708
G1 X106.184065 Y195.142545 Z14.282751 E0.567058
G1 X104.086754 Y194.421596 Z14.285686 E0.567036
G1 X102.013203 Y193.635156 Z14.288622 E0.567014
G1 X99.965458 Y192.784005 Z14.291557 E0.566992
G1 X97.945536 Y191.868987 Z14.294493 E0.56697
G1 X95.955429 Y190.891011 Z14.297428 E0.566949
G1 X93.997099 Y189.851048 Z14.300364 E0.566927
G1 X92.072475 Y188.750127 Z14.303299 E0.566905
G1 X90.183455 Y187.58934 Z14.306235 E0.566883
G1 X88.331899 Y186.369837 Z14.30917 E0.566861
G1 X86.519633 Y185.092827 Z14.312105 E0.566839
G1 X84.748441 Y183.759573 Z14.315041 E0.566817
G1 X83.020069 Y182.371397 Z14.317976 E0.566795
G1 X81.336218 Y180.929671 Z14.320912 E0.566774
G1 X79.698547 Y179.435823 Z14.323847 E0.566752
G1 X78.108668 Y177.891332 Z14.326783 E0.56673
G1 X76.568147 Y176.297724 Z14.329718 E0.566708
G1 X75.078501 Y174.656578 Z14.332654 E0.566686
G1 X73.641194 Y172.969515 Z14.335589 E0.566664
G1 X72.257642 Y171.238205 Z14.338525 E0.566642
G1 X70.929206 Y169.464359 Z14.34146 E0.566621
G1 X69.657193 Y167.649731 Z14.344396 E0.566599
G1 X68.442853 Y165.796115 Z14.347331 E0.566577
G1 X67.28738 Y163.905343 Z14.350266 E0.566555
G1 X66.191911 Y161.979285 Z14.353202 E0.566533
G1 X65.157521 Y160.019843 Z14.356137 E0.566511
G1 X64.185226 Y158.028953 Z14.359073 E0.566489
G1 X63.275982 Y156.008584 Z14.362008 E0.566467
G1 X62.430681 Y153.96073 Z14.364944 E0.566446
G1 X61.650152 Y151.887415 Z14.367879 E0.566424
G1 X60.93516 Y149.790688 Z14.370815 E0.566402
G1 X60.286405 Y147.672618 Z14.37375 E0.56638
G1 X59.704524 Y145.535298 Z14.376686 E0.566358
G1 X59.190084 Y143.380838 Z14.379621 E0.566336
G1 X58.743589 Y141.211367 Z14.382557 E0.566314
G1 X58.365474 Y139.029025 Z14.385492 E0.566292
G1 X58.056106 Y136.835969 Z14.388428 E0.566271
G1 X57.815786 Y134.634362 Z14.391363 E0.566249
G1 X57.644746 Y132.426377 Z14.394298 E0.566227
G1 X57.543148 Y130.214196 Z14.397234 E0.566205
G1 X57.511088 Y128 Z14.400169 E0.566183
G1 X57.548592 Y125.785975 Z14.403105 E0.566161
G1 X57.655618 Y123.574307 Z14.40604 E0.566139
G1 X57.832054 Y121.367176 Z14.408976 E0.566117
G1 X58.077722 Y119.166762 Z14.411911 E0.566096
G1 X58.392373 Y116.975235 Z14.414847 E0.566074
G1 X58.775692 Y114.794757 Z14.417782 E0.566052
G1 X59.227294 Y112.627479 Z14.420718 E0.56603
G1 X59.74673 Y110.475539 Z14.423653 E0.566008
G1 X60.333481 Y108.341059 Z14.426589 E0.565986
G1 X60.986962 Y106.226144 Z14.429524 E0.565964
G1 X61.706525 Y104.13288 Z14.432459 E0.565942
G1 X62.491453 Y102.063332 Z14.435395 E0.565921
G1 X63.340968 Y100.019538 Z14.43833 E0.565899
G1 X64.254225 Y98.003515 Z14.441266 E0.565877
G1 X65.230319 Y96.01725 Z14.444201 E0.565855
G1 X66.268281 Y94.0627 Z14.447137 E0.565833
G1 X67.367082 Y92.141792 Z14.450072 E0.565811
G1 X68.525634 Y90.25642 Z14.453008 E0.565789
G1 X69.742788 Y88.40844 Z14.455943 E0.565767
G1 X71.017339 Y86.599673 Z14.458879 E0.565746
G1 X72.348024 Y84.831902 Z14.461814 E0.565724
G1 X73.733526 Y83.106868 Z14.46475 E0.565702
G1 X75.172473 Y81.42627 Z14.467685 E0.56568
G1 X76.663442 Y79.791763 Z14.470621 E0.565658
G1 X78.204956 Y78.204956 Z14.473556 E0.565636
G1 X79.795492 Y76.667413 Z14.476491 E0.565614
G1 X81.433474 Y75.180645 Z14.479427 E0.565592
G1 X83.117284 Y73.746116 Z14.482362 E0.565571
G1 X84.845256 Y72.365239 Z14.485298 E0.565549
G1 X86.615681 Y71.039372 Z14.488233 E0.565527
G1 X88.426809 Y69.769818 Z14.491169 E0.565505
G1 X90.27685 Y68.557826 Z14.494104 E0.565483
G1 X92.163974 Y67.404589 Z14.49704 E0.565461
G1 X94.086317 Y66.311239 Z14.499975 E0.565439
G1 X96.041978 Y65.278851 Z14.502911 E0.565417
G1 X98.029026 Y64.308438 Z14.505846 E0.565396
G1 X100.045497 Y63.400955 Z14.508782 E0.565374
G1 X102.089398 Y62.55729 Z14.511717 E0.565352
G1 X104.158711 Y61.778273 Z14.514652 E0.56533
G1 X106.251392 Y61.064667 Z14.517588 E0.565308
G1 X108.365373 Y60.41717 Z14.520523 E0.565286
G1 X110.498567 Y59.836418 Z14.523459 E0.565264
G1 X112.648867 Y59.322977 Z14.526394 E0.565242
G1 X114.814149 Y58.877349 Z14.52933 E0.565221
G1 X116.992277 Y58.49997 Z14.532265 E0.565199
G1 X119.181098 Y58.191205 Z14.535201 E0.565177
G1 X121.378453 Y57.951354 Z14.538136 E0.565155
G1 X123.582173 Y57.780649 Z14.541072 E0.565133
G1 X125.790081 Y57.679253 Z14.544007 E0.565111
G1 X128 Y57.64726 Z14.546943 E0.565089
G1 X130.209747 Y57.684697 Z14.549878 E0.565067
G1 X132.417143 Y57.791521 Z14.552814 E0.565046
G1 X134.620009 Y57.967622 Z14.555749 E0.565024
G1 X136.816171 Y58.21282 Z14.558684 E0.565002
G1 X139.003463 Y58.526869 Z14.56162 E0.56498
G1 X141.179727 Y58.909452 Z14.564555 E0.564958
G1 X143.342816 Y59.360187 Z14.567491 E0.564936
G1 X145.490597 Y59.878624 Z14.570426 E0.564914
G1 X147.62095 Y60.464246 Z14.573362 E0.564892
G1 X149.731776 Y61.11647 Z14.576297 E0.564871
G1 X151.820993 Y61.834647 Z14.579233 E0.564849
G1 X153.886538 Y62.618067 Z14.582168 E0.564827
G1 X155.926378 Y63.465949 Z14.585104 E0.564805
G1 X157.9385 Y64.377449 Z14.588039 E0.564783
G1 X159.920921 Y65.351664 Z14.590975 E0.564761
G1 X161.871688 Y66.387628 Z14.59391 E0.564739
G1 X163.788877 Y67.484314 Z14.596846 E0.564717
G1 X165.670599 Y68.640634 Z14.599781 E0.564695
G1 X167.514998 Y69.855446 Z14.602716 E0.564673
G1 X169.320259 Y71.127543 Z14.605652 E0.564651
G1 X171.084602 Y72.455665 Z14.608587 E0.564629
G1 X172.806291 Y73.838498 Z14.611523 E0.564608
G1 X174.483629 Y75.274673 Z14.614458 E0.564586
G1 X176.114964 Y76.762767 Z14.617394 E0.564564
G1 X177.698691 Y78.301309 Z14.620329 E0.564542
G1 X179.233246 Y79.888779 Z14.623265 E0.56452
G1 X180.717123 Y81.523604 Z14.6262 E0.564498
G1 X182.148861 Y83.204166 Z14.629136 E0.564476
G1 X183.527051 Y84.928804 Z14.632071 E0.564454
G1 X184.850337 Y86.695813 Z14.635007 E0.564432
G1 X186.117417 Y88.503444 Z14.637942 E0.56441
G1 X187.327046 Y90.349912 Z14.640877 E0.564388
G1 X188.47803 Y92.233393 Z14.643813 E0.564366
G1 X189.569243 Y94.152022 Z14.646748 E0.564344
G1 X190.599611 Y96.103905 Z14.649684 E0.564322
G1 X191.568122 Y98.087112 Z14.652619 E0.5643
G1 X192.473827 Y100.099684 Z14.655555 E0.564278
G1 X193.315835 Y102.139632 Z14.65849 E0.564256
G1 X194.09332 Y104.204941 Z14.661426 E0.564234
G1 X194.805517 Y106.293572 Z14.664361 E0.564212
G1 X195.451732 Y108.40346 Z14.667297 E0.56419
G1 X196.031332 Y110.532523 Z14.670232 E0.564168
G1 X196.543751 Y112.678656 Z14.673168 E0.564146
G1 X196.988487 Y114.839742 Z14.676103 E0.564124
G1 X197.365108 Y117.013646 Z14.679039 E0.564102
G1 X197.673247 Y119.198222 Z14.681974 E0.564079
G1 X197.912601 Y121.391313 Z14.684909 E0.564057
G1 X198.082943 Y123.590755 Z14.687845 E0.564035
G1 X198.184111 Y125.794375 Z14.69078 E0.564013
G1 X198.216011 Y128 Z14.693716 E0.563991
G1 X198.178629 Y130.205452 Z14.696637 E0.563969
G1 X198.071995 Y132.408556 Z14.699558 E0.563947
G1 X197.896218 Y134.607138 Z14.702479 E0.563925
G1 X197.651474 Y136.799027 Z14.705401 E0.563903
G1 X197.338015 Y138.982063 Z14.708322 E0.563881
G1 X196.956154 Y141.15409 Z14.711243 E0.563859
G1 X196.506275 Y143.312967 Z14.714164 E0.563837
G1 X195.988825 Y145.456563 Z14.717085 E0.563815
G1 X195.404321 Y147.582766 Z14.720007 E0.563793
G1 X194.753345 Y149.689477 Z14.722928 E0.563771
G1 X194.036542 Y151.774618 Z14.725849 E0.563749
G1 X193.254626 Y153.836134 Z14.72877 E0.563727
G1 X192.408376 Y155.871993 Z14.731691 E0.563705
G1 X191.49863 Y157.880187 Z14.734613 E0.563683
G1 X190.526293 Y159.858737 Z14.737534 E0.563661
G1 X189.492328 Y161.805693 Z14.740455 E0.563639
G1 X188.39776 Y163.719136 Z14.743376 E0.563617
G1 X187.243671 Y165.597177 Z14.746297 E0.563595
G1 X186.031209 Y167.437969 Z14.749219 E0.563573
G1 X184.761574 Y169.239697 Z14.75214 E0.563551
G1 X183.436023 Y171.000587 Z14.755061 E0.563529
G1 X182.05587 Y172.718905 Z14.757982 E0.563506
G1 X180.62248 Y174.392957 Z14.760903 E0.563484
G1 X179.137272 Y176.021095 Z14.763825 E0.563462
G1 X177.601717 Y177.601717 Z14.766746 E0.56344
G1 X176.017332 Y179.133265 Z14.769667 E0.563418
G1 X174.385686 Y180.614233 Z14.772588 E0.563396
G1 X172.708392 Y182.043163 Z14.775509 E0.563374
G1 X170.98711 Y183.418648 Z14.778431 E0.563352
G1 X169.223541 Y184.739337 Z14.781352 E0.56333
G1 X167.419429 Y186.003928 Z14.784273 E0.563308
G1 X165.576558 Y187.21118 Z14.787194 E0.563286
G1 X163.696749 Y188.359906 Z14.790115 E0.563264
G1 X161.78186 Y189.448975 Z14.793037 E0.563242
G1 X159.833784 Y190.477318 Z14.795958 E0.563219
G1 X157.854445 Y191.443926 Z14.798879 E0.563197
G1 X155.8458 Y192.347848 Z14.8018 E0.563175
G1 X153.809834 Y193.188198 Z14.804721 E0.563153
G1 X151.748556 Y193.964152 Z14.807643 E0.563131
G1 X149.664004 Y194.674949 Z14.810564 E0.563109
G1 X147.558237 Y195.319892 Z14.813485 E0.563087
G1 X145.433333 Y195.898351 Z14.816406 E0.563065
G1 X143.291393 Y196.409759 Z14.819327 E0.563043
G1 X141.13453 Y196.853617 Z14.822249 E0.563021
G1 X138.964874 Y197.229493 Z14.82517 E0.562999
G1 X136.784569 Y197.53702 Z14.828091 E0.562977
G1 X134.595765 Y197.775901 Z14.831012 E0.562955
G1 X132.400623 Y197.945906 Z14.833933 E0.562932
G1 X130.201312 Y198.046871 Z14.836855 E0.56291
G1 X128 Y198.078704 Z14.839776 E0.562888
G1 X125.798861 Y198.041377 Z14.842697 E0.562866
G1 X123.600067 Y197.934933 Z14.845618 E0.562844
G1 X121.405787 Y197.759482 Z14.848539 E0.562822
G1 X119.218187 Y197.515204 Z14.851461 E0.5628
G1 X117.039425 Y197.202344 Z14.854382 E0.562778
G1 X114.871651 Y196.821217 Z14.857303 E0.562756
G1 X112.717002 Y196.372204 Z14.860224 E0.562734
G1 X110.577604 Y195.855754 Z14.863145 E0.562712
G1 X108.455567 Y195.272381 Z14.866067 E0.56269
G1 X106.352984 Y194.622666 Z14.868988 E0.562668
G1 X104.271928 Y193.907257 Z14.871909 E0.562645
G1 X102.214451 Y193.126863 Z14.87483 E0.562623
G1 X100.182582 Y192.28226 Z14.877751 E0.562601
G1 X98.178324 Y191.374288 Z14.880673 E0.562579
G1 X96.203652 Y190.403846 Z14.883594 E0.562557
G1 X94.260514 Y189.371897 Z14.886515 E0.562535
G1 X92.350824 Y188.279465 Z14.889436 E0.562513
G1 X90.476463 Y187.127632 Z14.892357 E0.562491
G1 X88.63928 Y185.91754 Z14.895279 E0.562469
G1 X86.841084 Y184.650388 Z14.8982 E0.562447
G1 X85.083647 Y183.32743 Z14.901121 E0.562425
G1 X83.368699 Y181.949976 Z14.904042 E0.562403
G1 X81.69793 Y180.51939 Z14.906963 E0.562381
G1 X80.072985 Y179.037088 Z14.909885 E0.562358
G1 X78.495464 Y177.504536 Z14.912806 E0.562336
G1 X76.96692 Y175.923252 Z14.915727 E0.562314
G1 X75.488858 Y174.2948 Z14.918648 E0.562292
G1 X74.062732 Y172.620789 Z14.921569 E0.56227
G1 X72.689945 Y170.902876 Z14.924491 E0.562248
G1 X71.371849 Y169.14276 Z14.927412 E0.562226
G1 X70.10974 Y167.34218 Z14.930333 E0.562204
G1 X68.904859 Y165.502917 Z14.933254 E0.562182
G1 X67.758389 Y163.626789 Z14.936175 E0.56216
G1 X66.671459 Y161.715651 Z14.939097 E0.562138
G1 X65.645136 Y159.77139 Z14.942018 E0.562116
G1 X64.680428 Y157.795929 Z14.944939 E0.562094
G1 X63.778282 Y155.791219 Z14.94786 E0.562071
G1 X62.939584 Y153.759241 Z14.950781 E0.562049
G1 X62.165156 Y151.702002 Z14.953703 E0.562027
G1 X61.455758 Y149.621535 Z14.956624 E0.562005
G1 X60.812084 Y147.519894 Z14.959545 E0.561983
G1 X60.234765 Y145.399155 Z14.962466 E0.561961
G1 X59.724365 Y143.261413 Z14.965387 E0.561939
G1 X59.281382 Y141.108777 Z14.968309 E0.561917
G1 X58.906249 Y138.943375 Z14.97123 E0.561895
G1 X58.59933 Y136.767344 Z14.974151 E0.561873
G1 X58.360922 Y134.582831 Z14.977072 E0.561851
G1 X58.191257 Y132.391994 Z14.979993 E0.561829
G1 X58.090494 Y130.196995 Z14.982915 E0.561807
G1 X58.05873 Y128 Z14.985836 E0.561784
G1 X58.095989 Y125.803178 Z14.988757 E0.561762
G1 X58.20223 Y123.608696 Z14.991678 E0.56174
G1 X58.377341 Y121.418721 Z14.994599 E0.561718
G1 X58.621146 Y119.235412 Z14.997521 E0.561696
G1 X58.933397 Y117.060925 Z15.000442 E0.561674
G1 X59.313782 Y114.897403 Z15.003363 E0.561652
G1 X59.761919 Y112.746982 Z15.006284 E0.56163
G1 X60.277362 Y110.611782 Z15.009205 E0.561608
G1 X60.859596 Y108.493909 Z15.012127 E0.561586
G1 X61.508041 Y106.395453 Z15.015048 E0.561564
G1 X62.222052 Y104.318481 Z15.017969 E0.561542
G1 X63.000919 Y102.265043 Z15.02089 E0.561519
G1 X63.84387 Y100.237163 Z15.023811 E0.561497
G1 X64.750066 Y98.23684 Z15.026733 E0.561475
G1 X65.718608 Y96.266046 Z15.029654 E0.561453
G1 X66.748537 Y94.326723 Z15.032575 E0.561431
G1 X67.83883 Y92.420783 Z15.035496 E0.561409
G1 X68.988407 Y90.550104 Z15.038417 E0.561387
G1 X70.196128 Y88.716529 Z15.041339 E0.561365
G1 X71.460798 Y86.921865 Z15.04426 E0.561343
G1 X72.781164 Y85.16788 Z15.047181 E0.561321
G1 X74.155919 Y83.456302 Z15.050102 E0.561299
G1 X75.583701 Y81.788816 Z15.053023 E0.561277
G1 X77.063097 Y80.167064 Z15.055945 E0.561255
G1 X78.592644 Y78.592644 Z15.058866 E0.561232
G1 X80.170827 Y77.067104 Z15.061787 E0.56121
G1 X81.796087 Y75.591948 Z15.064708 E0.561188
G1 X83.466814 Y74.168626 Z15.067629 E0.561166
G1 X85.181358 Y72.798539 Z15.070551 E0.561144
G1 X86.938022 Y71.483035 Z15.073472 E0.561122
G1 X88.735069 Y70.223409 Z15.076393 E0.5611
G1 X90.570723 Y69.020897 Z15.079314 E0.561078
G1 X92.44317 Y67.876684 Z15.082235 E0.561056
G1 X94.350558 Y66.791893 Z15.085157 E0.561034
G1 X96.291003 Y65.76759 Z15.088078 E0.561012
G1 X98.262587 Y64.804781 Z15.090999 E0.56099
G1 X100.263362 Y63.904412 Z15.09392 E0.560968
G1 X102.291352 Y63.067366 Z15.096841 E0.560945
G1 X104.344552 Y62.294465 Z15.099763 E0.560923
G1 X106.420934 Y61.586465 Z15.102684 E0.560901
G1 X108.518449 Y60.944061 Z15.105605 E0.560879
G1 X110.635023 Y60.367881 Z15.108526 E0.560857
G1 X112.768568 Y59.858488 Z15.111447 E0.560835
G1 X114.916975 Y59.416381 Z15.114369 E0.560813
G1 X117.078124 Y59.04199 Z15.11729 E0.560791
G1 X119.249881 Y58.735679 Z15.120211 E0.560769
G1 X121.430103 Y58.497746 Z15.123132 E0.560747
G1 X123.616636 Y58.328419 Z15.126053 E0.560725
G1 X125.807322 Y58.22786 Z15.128975 E0.560703
G1 X128 Y58.196163 Z15.131896 E0.560681
G1 X130.192505 Y58.233355 Z15.134817 E0.560658
G1 X132.382674 Y58.339392 Z15.137738 E0.560636
G1 X134.568345 Y58.514165 Z15.140659 E0.560614
G1 X136.747363 Y58.757495 Z15.143581 E0.560592
G1 X138.917576 Y59.069139 Z15.146502 E0.56057
G1 X141.076844 Y59.448781 Z15.149423 E0.560548
G1 X143.223038 Y59.896043 Z15.152344 E0.560526
G1 X145.35404 Y60.410478 Z15.155265 E0.560504
G1 X147.467748 Y60.991572 Z15.158187 E0.560482
G1 X149.562078 Y61.638748 Z15.161108 E0.56046
G1 X151.634965 Y62.35136 Z15.164029 E0.560438
G1 X153.684364 Y63.128702 Z15.16695 E0.560416
G1 X155.708255 Y63.97 Z15.169871 E0.560394
G1 X157.704644 Y64.874419 Z15.172793 E0.560371
G1 X159.671561 Y65.841062 Z15.175714 E0.560349
G1 X161.607068 Y66.86897 Z15.178635 E0.560327
G1 X163.509258 Y67.957124 Z15.181556 E0.560305
G1 X165.376255 Y69.104445 Z15.184477 E0.560283
G1 X167.206222 Y70.309797 Z15.187399 E0.560261
G1 X168.997353 Y71.571984 Z15.19032 E0.560239
G1 X170.747886 Y72.889758 Z15.193241 E0.560217
G1 X172.456095 Y74.261813 Z15.196162 E0.560195
G1 X174.120298 Y75.686791 Z15.199083 E0.560173
G1 X175.738856 Y77.163282 Z15.202005 E0.560151
G1 X177.310176 Y78.689824 Z15.204926 E0.560129
G1 X178.832711 Y80.264907 Z15.207847 E0.560107
G1 X180.304962 Y81.886973 Z15.210768 E0.560084
G1 X181.72548 Y83.554418 Z15.213689 E0.560062
G1 X183.092867 Y85.265592 Z15.216611 E0.56004
G1 X184.405779 Y87.018803 Z15.219532 E0.560018
G1 X185.662923 Y88.812318 Z15.222453 E0.559996
G1 X186.863064 Y90.644364 Z15.225374 E0.559974
G1 X188.005021 Y92.513129 Z15.228295 E0.559952
G1 X189.087673 Y94.416767 Z15.231217 E0.55993
G1 X190.109956 Y96.353397 Z15.234138 E0.559908
G1 X191.070865 Y98.321104 Z15.237059 E0.559886
G1 X191.969458 Y100.317944 Z15.23998 E0.559864
G1 X192.804851 Y102.341944 Z15.242901 E0.559842
G1 X193.576227 Y104.391106 Z15.245823 E0.55982
G1 X194.282828 Y106.463404 Z15.248744 E0.559797
G1 X194.923963 Y108.556791 Z15.251665 E0.559775
G1 X195.499004 Y110.669202 Z15.254586 E0.559753
G1 X196.007388 Y112.798548 Z15.257507 E0.559731
G1 X196.44862 Y114.942727 Z15.260429 E0.559709
G1 X196.822268 Y117.099624 Z15.26335 E0.559687
G1 X197.127971 Y119.267106 Z15.266271 E0.559665
G1 X197.365431 Y121.443036 Z15.269192 E0.559643
G1 X197.534419 Y123.625265 Z15.272113 E0.559621
G1 X197.634774 Y125.811639 Z15.275035 E0.559599
G1 X197.666403 Y128 Z15.277956 E0.559577
G1 X197.629296 Y130.188189 Z15.28086 E0.553563
G1 X197.523478 Y132.374046 Z15.283764 E0.553542
G1 X197.34906 Y134.555416 Z15.286668 E0.55352
G1 X197.106219 Y136.730146 Z15.289572 E0.553498
G1 X196.7952 Y138.896089 Z15.292476 E0.553477
G1 X196.416315 Y141.05111 Z15.29538 E0.553455
G1 X195.969944 Y143.193082 Z15.298284 E0.553433
G1 X195.456532 Y145.319894 Z15.301188 E0.553411
G1 X194.876591 Y147.429446 Z15.304092 E0.55339
G1 X194.230699 Y149.519659 Z15.306996 E0.553368
G1 X193.519498 Y151.588471 Z15.3099 E0.553346
G1 X192.743696 Y153.633843 Z15.312804 E0.553325
G1 X191.904063 Y155.653757 Z15.315708 E0.553303
G1 X191.001432 Y157.646224 Z15.318612 E0.553281
G1 X190.036699 Y159.609277 Z15.321516 E0.553259
G1 X189.010822 Y161.540983 Z15.32442 E0.553238
G1 X187.924817 Y163.439438 Z15.327324 E0.553216
G1 X186.779761 Y165.302771 Z15.330228 E0.553194
G1 X185.576789 Y167.129145 Z15.333132 E0.553173
G1 X184.317091 Y168.916762 Z15.336036 E0.553151
G1 X183.001911 Y170.663856 Z15.33894 E0.553129
G1 X181.632552 Y172.368706 Z15.341844 E0.553107
G1 X180.210374 Y174.029636 Z15.344748 E0.553086
G1 X178.736784 Y175.645011 Z15.347653 E0.553064
G1 X177.213241 Y177.213241 Z15.350557 E0.553042
G1 X175.641253 Y178.732782 Z15.353461 E0.55302
G1 X174.022374 Y180.202137 Z15.356365 E0.552998
G1 X172.358203 Y181.619856 Z15.359269 E0.552976
G1 X170.650384 Y182.984544 Z15.362173 E0.552955
G1 X168.900611 Y184.294862 Z15.365077 E0.552933
G1 X167.110615 Y185.549522 Z15.367981 E0.552911
G1 X165.282164 Y186.747291 Z15.370885 E0.552889
G1 X163.417067 Y187.88699 Z15.373789 E0.552867
G1 X161.517166 Y188.967499 Z15.376693 E0.552845
G1 X159.584338 Y189.987754 Z15.379597 E0.552823
G1 X157.620491 Y190.946748 Z15.382501 E0.552801
G1 X155.62757 Y191.843547 Z15.385405 E0.552779
G1 X153.607543 Y192.677271 Z15.388309 E0.552757
G1 X151.562407 Y193.447102 Z15.391213 E0.552735
G1 X149.494181 Y194.152286 Z15.394117 E0.552713
G1 X147.404908 Y194.792132 Z15.397021 E0.552691
G1 X145.296651 Y195.366009 Z15.399925 E0.552669
G1 X143.171492 Y195.873353 Z15.402829 E0.552647
G1 X141.031531 Y196.313676 Z15.405733 E0.552625
G1 X138.878881 Y196.686548 Z15.408637 E0.552603
G1 X136.715667 Y196.991608 Z15.411541 E0.552581
G1 X134.544026 Y197.22856 Z15.414445 E0.552558
G1 X132.3661 Y197.397175 Z15.417349 E0.552536
G1 X130.18404 Y197.497289 Z15.420253 E0.552514
G1 X128 Y197.528803 Z15.423157 E0.552492
G1 X125.816135 Y197.4917 Z15.426061 E0.55247
G1 X123.634601 Y197.386023 Z15.428965 E0.552448
G1 X121.457551 Y197.211881 Z15.43187 E0.552425
G1 X119.287132 Y196.969452 Z15.434774 E0.552403
G1 X117.125486 Y196.658981 Z15.437678 E0.552381
G1 X114.974745 Y196.280776 Z15.440582 E0.552359
G1 X112.837034 Y195.83521 Z15.443486 E0.552336
G1 X110.714459 Y195.322736 Z15.44639 E0.552314
G1 X108.609114 Y194.743868 Z15.449294 E0.552292
G1 X106.523074 Y194.09918 Z15.452198 E0.552269
G1 X104.458398 Y193.389315 Z15.455102 E0.552247
G1 X102.41712 Y192.614979 Z15.458006 E0.552225
G1 X100.401254 Y191.776938 Z15.46091 E0.552203
G1 X98.412792 Y190.876018 Z15.463814 E0.55218
G1 X96.453689 Y189.913122 Z15.466718 E0.552158
G1 X94.525876 Y188.889206 Z15.469622 E0.552135
G1 X92.631253 Y187.805284 Z15.472526 E0.552113
G1 X90.771688 Y186.662433 Z15.47543 E0.55209
G1 X88.949012 Y185.461784 Z15.478334 E0.552068
G1 X87.165022 Y184.204525 Z15.481238 E0.552046
G1 X85.421482 Y182.891895 Z15.484142 E0.552023
G1 X83.720102 Y181.525202 Z15.487046 E0.552001
G1 X82.062558 Y180.1058 Z15.48995 E0.551978
G1 X80.450483 Y178.635093 Z15.492854 E0.551956
G1 X78.885463 Y177.114537 Z15.495758 E0.551933
G1 X77.369039 Y175.545637 Z15.498662 E0.551911
G1 X75.902704 Y173.929945 Z15.501566 E0.551888
G1 X74.487909 Y172.269051 Z15.50447 E0.551866
G1 X73.126039 Y170.564607 Z15.507374 E0.551843
G1 X71.818432 Y168.818298 Z15.510278 E0.55182
G1 X70.566375 Y167.031851 Z15.513182 E0.551798
G1 X69.371099 Y165.207032 Z15.516087 E0.551775
G1 X68.233777 Y163.345646 Z15.518991 E0.551752
G1 X67.155529 Y161.449531 Z15.521895 E0.55173
G1 X66.137414 Y159.520562 Z15.524799 E0.551707
G1 X65.18043 Y157.560646 Z15.527703 E0.551685
G1 X64.285518 Y155.571719 Z15.530607 E0.551662
G1 X63.453555 Y153.555745 Z15.533511 E0.551639
G1 X62.685358 Y151.514718 Z15.536415 E0.551617
G1 X61.981679 Y149.450653 Z15.539319 E0.551594
G1 X61.343207 Y147.365589 Z15.542223 E0.551571
G1 X60.770567 Y145.261584 Z15.545127 E0.551549
G1 X60.264319 Y143.140718 Z15.548031 E0.551526
G1 X59.824958 Y141.005085 Z15.550935 E0.551504
G1 X59.45291 Y138.856793 Z15.553839 E0.551481
G1 X59.148538 Y136.697962 Z15.556743 E0.551458
G1 X58.912136 Y134.530726 Z15.559647 E0.551436
G1 X58.743933 Y132.357222 Z15.562551 E0.551413
G1 X58.644088 Y130.179597 Z15.565455 E0.551391
G1 X58.612694 Y128 Z15.568359 E0.551368
G1 X58.649778 Y125.820581 Z15.571263 E0.551345
G1 X58.755296 Y123.643493 Z15.574167 E0.551323
G1 X58.92914 Y121.470881 Z15.577071 E0.5513
G1 X59.171131 Y119.304892 Z15.579975 E0.551277
G1 X59.481025 Y117.14766 Z15.582879 E0.551255
G1 X59.858511 Y115.001316 Z15.585783 E0.551232
G1 X60.303211 Y112.867975 Z15.588687 E0.55121
G1 X60.814681 Y110.749742 Z15.591591 E0.551187
G1 X61.39241 Y108.648706 Z15.594495 E0.551164
G1 X62.035823 Y106.56694 Z15.597399 E0.551142
G1 X62.74428 Y104.506495 Z15.600303 E0.551119
G1 X63.517075 Y102.469404 Z15.603208 E0.551096
G1 X64.353441 Y100.457675 Z15.606112 E0.551074
G1 X65.252548 Y98.47329 Z15.609016 E0.551051
G1 X66.213503 Y96.518207 Z15.61192 E0.551029
G1 X67.235352 Y94.594352 Z15.614824 E0.551006
G1 X68.317083 Y92.703621 Z15.617728 E0.550983
G1 X69.457622 Y90.847877 Z15.620632 E0.550961
G1 X70.65584 Y89.028949 Z15.623536 E0.550938
G1 X71.910549 Y87.248628 Z15.62644 E0.550916
G1 X73.220506 Y85.508669 Z15.629344 E0.550893
G1 X74.584415 Y83.810785 Z15.632248 E0.55087
G1 X76.000924 Y82.156648 Z15.635152 E0.550848
G1 X77.468632 Y80.547887 Z15.638056 E0.550825
G1 X78.986086 Y78.986086 Z15.64096 E0.550802
G1 X80.551784 Y77.472782 Z15.643864 E0.55078
G1 X82.164178 Y76.009465 Z15.646768 E0.550757
G1 X83.821672 Y74.597575 Z15.649672 E0.550735
G1 X85.522627 Y73.2385 Z15.652576 E0.550712
G1 X87.26536 Y71.933578 Z15.65548 E0.550689
G1 X89.048149 Y70.684092 Z15.658384 E0.550667
G1 X90.869231 Y69.49127 Z15.661288 E0.550644
G1 X92.726805 Y68.356285 Z15.664192 E0.550621
G1 X94.619036 Y67.280252 Z15.667096 E0.550599
G1 X96.544053 Y66.264229 Z15.67 E0.550576
G1 X98.499954 Y65.309212 Z15.672904 E0.550554
G1 X100.484807 Y64.41614 Z15.675808 E0.550531
G1 X102.496649 Y63.585888 Z15.678712 E0.550508
G1 X104.533494 Y62.819271 Z15.681616 E0.550486
G1 X106.593329 Y62.11704 Z15.68452 E0.550463
G1 X108.67412 Y61.479883 Z15.687425 E0.550441
G1 X110.773811 Y60.908424 Z15.690329 E0.550418
G1 X112.890329 Y60.40322 Z15.693233 E0.550395
G1 X115.021585 Y59.964764 Z15.696137 E0.550373
G1 X117.165472 Y59.593485 Z15.699041 E0.55035
G1 X119.319876 Y59.289743 Z15.701945 E0.550327
G1 X121.482668 Y59.053832 Z15.704849 E0.550305
G1 X123.651714 Y58.88598 Z15.707753 E0.550282
G1 X125.824873 Y58.786345 Z15.710657 E0.55026
G1 X128 Y58.755022 Z15.713561 E0.550237
G1 X130.174948 Y58.792036 Z15.716465 E0.550214
G1 X132.347571 Y58.897343 Z15.719369 E0.550192
G1 X134.515724 Y59.070836 Z15.722273 E0.550169
G1 X136.67727 Y59.312336 Z15.725177 E0.550146
G1 X138.830075 Y59.6216 Z15.728081 E0.550124
G1 X140.972015 Y59.998318 Z15.730985 E0.550101
G1 X143.100977 Y60.442112 Z15.733889 E0.550079
G1 X145.214862 Y60.952538 Z15.736793 E0.550056
G1 X147.311585 Y61.529087 Z15.739697 E0.550033
G1 X149.389079 Y62.171185 Z15.742601 E0.550011
G1 X151.445293 Y62.878193 Z15.745505 E0.549988
G1 X153.478202 Y63.649408 Z15.748409 E0.549966
G1 X155.4858 Y64.484063 Z15.751313 E0.549943
G1 X157.466109 Y65.38133 Z15.754217 E0.54992
G1 X159.417177 Y66.340318 Z15.757121 E0.549898
G1 X161.337081 Y67.360075 Z15.760025 E0.549875
G1 X163.223928 Y68.43959 Z15.762929 E0.549852
G1 X165.07586 Y69.577793 Z15.765833 E0.54983
G1 X166.891051 Y70.773556 Z15.768737 E0.549807
G1 X168.667713 Y72.025695 Z15.771642 E0.549785
G1 X170.404097 Y73.332967 Z15.774546 E0.549762
G1 X172.098492 Y74.694081 Z15.77745 E0.549739
G1 X173.749229 Y76.107686 Z15.780354 E0.549717
G1 X175.354683 Y77.572385 Z15.783258 E0.549694
G1 X176.913273 Y79.086727 Z15.786162 E0.549671
G1 X178.423465 Y80.649215 Z15.789066 E0.549649
G1 X179.883773 Y82.258301 Z15.79197 E0.549626
G1 X181.29276 Y83.912395 Z15.794874 E0.549604
G1 X182.649039 Y85.60986 Z15.797778 E0.549581
G1 X183.951276 Y87.349018 Z15.800682 E0.549558
G1 X185.198192 Y89.128149 Z15.803586 E0.549536
G1 X186.388559 Y90.945494 Z15.80649 E0.549513
G1 X187.521207 Y92.799256 Z15.809394 E0.549491
G1 X188.595025 Y94.687603 Z15.812298 E0.549468
G1 X189.608956 Y96.608669 Z15.815202 E0.549445
G1 X190.562006 Y98.560555 Z15.818106 E0.549423
G1 X191.453238 Y100.541332 Z15.82101 E0.5494
G1 X192.281779 Y102.549043 Z15.823914 E0.549377
G1 X193.046815 Y104.581706 Z15.826818 E0.549355
G1 X193.747598 Y106.637311 Z15.829722 E0.549332
G1 X194.38344 Y108.713828 Z15.832626 E0.54931
G1 X194.95372 Y110.809207 Z15.83553 E0.549287
G1 X195.45788 Y112.921377 Z15.838434 E0.549264
G1 X195.895429 Y115.048254 Z15.841338 E0.549242
G1 X196.265939 Y117.187737 Z15.844242 E0.549219
G1 X196.569051 Y119.337714 Z15.847146 E0.549196
G1 X196.804472 Y121.496063 Z15.85005 E0.549174
G1 X196.971973 Y123.660651 Z15.852954 E0.549151
G1 X197.071397 Y125.829344 Z15.855859 E0.549129
G1 X197.10265 Y128 Z15.858763 E0.549106
G1 X197.065753 Y130.170479 Z15.861619 E0.540106
G1 X196.960703 Y132.33864 Z15.864476 E0.540084
G1 X196.787607 Y134.502343 Z15.867332 E0.540063
G1 X196.546643 Y136.659455 Z15.870189 E0.540041
G1 X196.238054 Y138.807846 Z15.873045 E0.540019
G1 X195.862149 Y140.945397 Z15.875902 E0.539997
G1 X195.419306 Y143.07 Z15.878758 E0.539975
G1 X194.909967 Y145.179559 Z15.881615 E0.539953
G1 X194.334639 Y147.271994 Z15.884472 E0.539931
G1 X193.693896 Y149.345241 Z15.887328 E0.539909
G1 X192.988375 Y151.397255 Z15.890185 E0.539887
G1 X192.218778 Y153.426013 Z15.893041 E0.539866
G1 X191.38587 Y155.429515 Z15.895898 E0.539844
G1 X190.490478 Y157.405787 Z15.898754 E0.539822
G1 X189.533489 Y159.352879 Z15.901611 E0.5398
G1 X188.515855 Y161.268873 Z15.904467 E0.539778
G1 X187.438583 Y163.15188 Z15.907324 E0.539756
G1 X186.302743 Y165.000046 Z15.910181 E0.539734
G1 X185.109458 Y166.811548 Z15.913037 E0.539712
G1 X183.859913 Y168.584602 Z15.915894 E0.53969
G1 X182.555344 Y170.317462 Z15.91875 E0.539669
G1 X181.197043 Y172.008421 Z15.921607 E0.539647
G1 X179.786355 Y173.655814 Z15.924463 E0.539625
G1 X178.324677 Y175.258017 Z15.92732 E0.539603
G1 X176.813455 Y176.813455 Z15.930176 E0.539581
G1 X175.254184 Y178.320595 Z15.933033 E0.539559
G1 X173.648407 Y179.777954 Z15.93589 E0.539537
G1 X171.997712 Y181.184098 Z15.938746 E0.539515
G1 X170.303733 Y182.537644 Z15.941603 E0.539493
G1 X168.568144 Y183.83726 Z15.944459 E0.539472
G1 X166.792662 Y185.081668 Z15.947316 E0.53945
G1 X164.979041 Y186.269645 Z15.950172 E0.539428
G1 X163.129075 Y187.400022 Z15.953029 E0.539406
G1 X161.244592 Y188.471689 Z15.955885 E0.539384
G1 X159.327455 Y189.483593 Z15.958742 E0.539362
G1 X157.379558 Y190.43474 Z15.961599 E0.53934
G1 X155.402827 Y191.324197 Z15.964455 E0.539318
G1 X153.399213 Y192.15109 Z15.967312 E0.539297
G1 X151.370697 Y192.914609 Z15.970168 E0.539275
G1 X149.319283 Y193.614006 Z15.973025 E0.539253
G1 X147.246996 Y194.248596 Z15.975881 E0.539231
G1 X145.155884 Y194.817757 Z15.978738 E0.539209
G1 X143.048011 Y195.320933 Z15.981594 E0.539187
G1 X140.92546 Y195.757633 Z15.984451 E0.539165
G1 X138.790325 Y196.127432 Z15.987307 E0.539143
G1 X136.644716 Y196.42997 Z15.990164 E0.539121
G1 X134.490749 Y196.664953 Z15.993021 E0.5391
G1 X132.330552 Y196.832156 Z15.995877 E0.539078
G1 X130.166257 Y196.931419 Z15.998734 E0.539056
G1 X128 Y196.962649 Z16.00159 E0.539034
G1 X125.833919 Y196.925821 Z16.004447 E0.539012
G1 X123.670151 Y196.820978 Z16.007303 E0.53899
G1 X121.510832 Y196.648228 Z16.01016 E0.538968
G1 X119.358092 Y196.407746 Z16.013016 E0.538946
G1 X117.214055 Y196.099777 Z16.015873 E0.538924
G1 X115.080836 Y195.724628 Z16.01873 E0.538903
G1 X112.96054 Y195.282677 Z16.021586 E0.538881
G1 X110.855257 Y194.774364 Z16.024443 E0.538859
G1 X108.767065 Y194.200197 Z16.027299 E0.538837
G1 X106.698022 Y193.560747 Z16.030156 E0.538815
G1 X104.650169 Y192.856651 Z16.033012 E0.538793
G1 X102.625525 Y192.088609 Z16.035869 E0.538771
G1 X100.626086 Y191.257384 Z16.038725 E0.538749
G1 X98.653823 Y190.363801 Z16.041582 E0.538728
G1 X96.71068 Y189.408748 Z16.044439 E0.538706
G1 X94.798573 Y188.393171 Z16.047295 E0.538684
G1 X92.919386 Y187.318079 Z16.050152 E0.538662
G1 X91.074971 Y186.184536 Z16.053008 E0.53864
G1 X89.267144 Y184.993666 Z16.055865 E0.538618
G1 X87.497688 Y183.74665 Z16.058721 E0.538596
G1 X85.768345 Y182.444721 Z16.061578 E0.538574
G1 X84.080819 Y181.08917 Z16.064434 E0.538552
G1 X82.436771 Y179.681339 Z16.067291 E0.538531
G1 X80.83782 Y178.222621 Z16.070148 E0.538509
G1 X79.285541 Y176.714459 Z16.073004 E0.538487
G1 X77.781462 Y175.158346 Z16.075861 E0.538465
G1 X76.327066 Y173.55582 Z16.078717 E0.538443
G1 X74.923781 Y171.908467 Z16.081574 E0.538421
G1 X73.572988 Y170.217918 Z16.08443 E0.538399
G1 X72.276016 Y168.485844 Z16.087287 E0.538377
G1 X71.034141 Y166.713958 Z16.090143 E0.538355
G1 X69.848583 Y164.904012 Z16.093 E0.538333
G1 X68.720508 Y163.057794 Z16.095857 E0.538311
G1 X67.651027 Y161.177129 Z16.098713 E0.53829
G1 X66.641189 Y159.263876 Z16.10157 E0.538268
G1 X65.691985 Y157.319927 Z16.104426 E0.538246
G1 X64.804346 Y155.347202 Z16.107283 E0.538224
G1 X63.979144 Y153.34765 Z16.110139 E0.538202
G1 X63.217187 Y151.323248 Z16.112996 E0.53818
G1 X62.519223 Y149.275994 Z16.115852 E0.538158
G1 X61.885939 Y147.20791 Z16.118709 E0.538136
G1 X61.317951 Y145.12104 Z16.121566 E0.538114
G1 X60.815814 Y143.017445 Z16.124422 E0.538092
G1 X60.380018 Y140.899201 Z16.127279 E0.53807
G1 X60.010988 Y138.768402 Z16.130135 E0.538048
G1 X59.709083 Y136.627149 Z16.132992 E0.538026
G1 X59.474595 Y134.477558 Z16.135848 E0.538004
G1 X59.307752 Y132.32175 Z16.138705 E0.537982
G1 X59.208713 Y130.161853 Z16.141561 E0.53796
G1 X59.177568 Y128 Z16.144418 E0.537938
G1 X59.214342 Y125.838324 Z16.147275 E0.537916
G1 X59.318994 Y123.678957 Z16.150131 E0.537894
G1 X59.491415 Y121.524032 Z16.152988 E0.537872
G1 X59.731429 Y119.375674 Z16.155844 E0.53785
G1 X60.038795 Y117.236003 Z16.158701 E0.537828
G1 X60.413206 Y115.107129 Z16.161557 E0.537806
G1 X60.854283 Y112.991154 Z16.164414 E0.537784
G1 X61.361586 Y110.890163 Z16.16727 E0.537762
G1 X61.934609 Y108.80623 Z16.170127 E0.53774
G1 X62.572782 Y106.741408 Z16.172984 E0.537718
G1 X63.275468 Y104.697735 Z16.17584 E0.537696
G1 X64.041971 Y102.677225 Z16.178697 E0.537674
G1 X64.87153 Y100.681871 Z16.181553 E0.537652
G1 X65.763318 Y98.713641 Z16.18441 E0.53763
G1 X66.716452 Y96.774472 Z16.187266 E0.537607
G1 X67.729984 Y94.866278 Z16.190123 E0.537585
G1 X68.80291 Y92.990938 Z16.192979 E0.537563
G1 X69.934166 Y91.150301 Z16.195836 E0.537541
G1 X71.122631 Y89.34618 Z16.198693 E0.537519
G1 X72.36713 Y87.580354 Z16.201549 E0.537497
G1 X73.666428 Y85.854562 Z16.204406 E0.537475
G1 X75.019238 Y84.170502 Z16.207262 E0.537453
G1 X76.42422 Y82.529834 Z16.210119 E0.537431
G1 X77.879984 Y80.934172 Z16.212975 E0.537409
G1 X79.385089 Y79.385089 Z16.215832 E0.537387
G1 X80.938044 Y77.884108 Z16.218688 E0.537364
G1 X82.537318 Y76.432709 Z16.221545 E0.537342
G1 X84.181324 Y75.03232 Z16.224402 E0.53732
G1 X85.868437 Y73.684316 Z16.227258 E0.537298
G1 X87.596988 Y72.390025 Z16.230115 E0.537276
G1 X89.365268 Y71.150718 Z16.232971 E0.537254
G1 X91.171528 Y69.967615 Z16.235828 E0.537232
G1 X93.013984 Y68.841878 Z16.238684 E0.537209
G1 X94.890815 Y67.774616 Z16.241541 E0.537187
G1 X96.800165 Y66.766876 Z16.244397 E0.537165
G1 X98.740147 Y65.819647 Z16.247254 E0.537143
G1 X100.708843 Y64.933858 Z16.250111 E0.537121
G1 X102.70431 Y64.110379 Z16.252967 E0.537099
G1 X104.724574 Y63.350016 Z16.255824 E0.537076
G1 X106.76764 Y62.653516 Z16.25868 E0.537054
G1 X108.831491 Y62.02156 Z16.261537 E0.537032
G1 X110.914088 Y61.454766 Z16.264393 E0.53701
G1 X113.013374 Y60.953689 Z16.26725 E0.536988
G1 X115.127276 Y60.518817 Z16.270106 E0.536966
G1 X117.253707 Y60.150574 Z16.272963 E0.536943
G1 X119.390567 Y59.849319 Z16.27582 E0.536921
G1 X121.535747 Y59.615342 Z16.278676 E0.536899
G1 X123.687128 Y59.448869 Z16.281533 E0.536877
G1 X125.842589 Y59.350059 Z16.284389 E0.536855
G1 X128 Y59.319004 Z16.287246 E0.536833
G1 X130.157233 Y59.355729 Z16.290102 E0.53681
G1 X132.312159 Y59.460192 Z16.292959 E0.536788
G1 X134.462652 Y59.632284 Z16.295815 E0.536766
G1 X136.606589 Y59.871831 Z16.298672 E0.536744
G1 X138.741856 Y60.178589 Z16.301528 E0.536722
G1 X140.866346 Y60.55225 Z16.304385 E0.5367
G1 X142.977964 Y60.992442 Z16.307242 E0.536677
G1 X145.074626 Y61.498722 Z16.310098 E0.536655
G1 X147.154265 Y62.070587 Z16.312955 E0.536633
G1 X149.21483 Y62.707467 Z16.315811 E0.536611
G1 X151.254289 Y63.408728 Z16.318668 E0.536589
G1 X153.270631 Y64.173672 Z16.321524 E0.536567
G1 X155.261869 Y65.001539 Z16.324381 E0.536544
G1 X157.226038 Y65.891507 Z16.327237 E0.536522
G1 X159.161204 Y66.842693 Z16.330094 E0.5365
G1 X161.065459 Y67.854153 Z16.332951 E0.536478
G1 X162.936926 Y68.924884 Z16.335807 E0.536456
G1 X164.773761 Y70.053824 Z16.338664 E0.536434
G1 X166.574155 Y71.239855 Z16.34152 E0.536411
G1 X168.336333 Y72.481801 Z16.344377 E0.536389
G1 X170.058559 Y73.778432 Z16.347233 E0.536367
G1 X171.739139 Y75.128464 Z16.35009 E0.536345
G1 X173.376415 Y76.53056 Z16.352946 E0.536323
G1 X174.968778 Y77.983332 Z16.355803 E0.536301
G1 X176.514657 Y79.485343 Z16.35866 E0.536278
G1 X178.012533 Y81.035106 Z16.361516 E0.536256
G1 X179.46093 Y82.631087 Z16.364373 E0.536234
G1 X180.858424 Y84.271709 Z16.367229 E0.536212
G1 X182.203639 Y85.955348 Z16.370086 E0.53619
G1 X183.495252 Y87.680339 Z16.372942 E0.536168
G1 X184.731994 Y89.444977 Z16.375799 E0.536145
G1 X185.912648 Y91.247516 Z16.378655 E0.536123
G1 X187.036053 Y93.086175 Z16.381512 E0.536101
G1 X188.101107 Y94.959137 Z16.384369 E0.536079
G1 X189.106762 Y96.86455 Z16.387225 E0.536057
G1 X190.052031 Y98.800531 Z16.390082 E0.536035
G1 X190.935987 Y100.765167 Z16.392938 E0.536012
G1 X191.757761 Y102.756517 Z16.395795 E0.53599
G1 X192.516549 Y104.772613 Z16.398651 E0.535968
G1 X193.211606 Y106.811465 Z16.401508 E0.535946
G1 X193.842252 Y108.871057 Z16.404364 E0.535924
G1 X194.407871 Y110.949357 Z16.407221 E0.535901
G1 X194.907908 Y113.044311 Z16.410078 E0.535879
G1 X195.341876 Y115.15385 Z16.412934 E0.535857
G1 X195.709353 Y117.275892 Z16.415791 E0.535835
G1 X196.009981 Y119.408341 Z16.418647 E0.535813
G1 X196.243469 Y121.549093 Z16.421504 E0.535791
G1 X196.409592 Y123.696033 Z16.42436 E0.535768
G1 X196.508192 Y125.847043 Z16.427217 E0.535746
G1 X196.539177 Y128 Z16.430073 E0.535724
G1 X196.50254 Y130.152779 Z16.432912 E0.535702
G1 X196.398304 Y132.303257 Z16.43575 E0.53568
G1 X196.22658 Y134.449311 Z16.438589 E0.535658
G1 X195.98754 Y136.588824 Z16.441427 E0.535636
G1 X195.681427 Y138.719685 Z16.444266 E0.535614
G1 X195.308548 Y140.839792 Z16.447104 E0.535592
G1 X194.869277 Y142.947054 Z16.449943 E0.53557
G1 X194.364053 Y145.039393 Z16.452781 E0.535548
G1 X193.79338 Y147.114744 Z16.45562 E0.535526
G1 X193.157825 Y149.171061 Z16.458458 E0.535504
G1 X192.458023 Y151.206316 Z16.461297 E0.535482
G1 X191.694668 Y153.218503 Z16.464136 E0.53546
G1 X190.86852 Y155.205638 Z16.466974 E0.535438
G1 X189.980398 Y157.165762 Z16.469813 E0.535416
G1 X189.031185 Y159.096942 Z16.472651 E0.535394
G1 X188.021821 Y160.997275 Z16.47549 E0.535372
G1 X186.953308 Y162.864889 Z16.478328 E0.53535
G1 X185.826706 Y164.697944 Z16.481167 E0.535328
G1 X184.643131 Y166.494632 Z16.484005 E0.535305
G1 X183.403755 Y168.253184 Z16.486844 E0.535283
G1 X182.109807 Y169.971868 Z16.489682 E0.535261
G1 X180.762567 Y171.648991 Z16.492521 E0.535239
G1 X179.36337 Y173.282902 Z16.495359 E0.535217
G1 X177.9136 Y174.87199 Z16.498198 E0.535195
G1 X176.414693 Y176.414693 Z16.501036 E0.535173
G1 X174.868132 Y177.909491 Z16.503875 E0.535151
G1 X173.275446 Y179.354913 Z16.506713 E0.535129
G1 X171.638212 Y180.749537 Z16.509552 E0.535107
G1 X169.958049 Y182.091991 Z16.51239 E0.535085
G1 X168.236618 Y183.380953 Z16.515229 E0.535063
G1 X166.475622 Y184.615158 Z16.518067 E0.535041
G1 X164.676801 Y185.79339 Z16.520906 E0.535019
G1 X162.841934 Y186.914493 Z16.523744 E0.534997
G1 X160.972835 Y187.977364 Z16.526583 E0.534975
G1 X159.071351 Y188.980959 Z16.529421 E0.534953
G1 X157.139361 Y189.924293 Z16.53226 E0.534931
G1 X155.178774 Y190.80644 Z16.535098 E0.534909
G1 X153.191527 Y191.626535 Z16.537937 E0.534887
G1 X151.179584 Y192.383772 Z16.540775 E0.534865
G1 X149.144932 Y193.07741 Z16.543614 E0.534843
G1 X147.089581 Y193.70677 Z16.546452 E0.534821
G1 X145.015561 Y194.271236 Z16.549291 E0.534799
G1 X142.924921 Y194.770257 Z16.552129 E0.534777
G1 X140.819723 Y195.203344 Z16.554968 E0.534755
G1 X138.702049 Y195.570077 Z16.557806 E0.534733
G1 X136.573987 Y195.870098 Z16.560645 E0.534711
G1 X134.43764 Y196.103118 Z16.563483 E0.534689
G1 X132.295116 Y196.268911 Z16.566322 E0.534667
G1 X130.14853 Y196.367321 Z16.56916 E0.534645
G1 X128 Y196.398254 Z16.571999 E0.534623
G1 X125.851647 Y196.361686 Z16.574837 E0.534601
G1 X123.705592 Y196.25766 Z16.577676 E0.534579
G1 X121.563951 Y196.086282 Z16.580514 E0.534556
G1 X119.428839 Y195.847728 Z16.583353 E0.534534
G1 X117.30236 Y195.542239 Z16.586191 E0.534512
G1 X115.186614 Y195.170122 Z16.58903 E0.53449
G1 X113.083687 Y194.731748 Z16.591868 E0.534468
G1 X110.995653 Y194.227558 Z16.594707 E0.534446
G1 X108.924572 Y193.658052 Z16.597545 E0.534424
G1 X106.872487 Y193.0238 Z16.600384 E0.534402
G1 X104.84142 Y192.325432 Z16.603222 E0.53438
G1 X102.833374 Y191.563642 Z16.606061 E0.534358
G1 X100.850329 Y190.739187 Z16.608899 E0.534336
G1 X98.89424 Y189.852887 Z16.611738 E0.534314
G1 X96.967036 Y188.905622 Z16.614576 E0.534292
G1 X95.070615 Y187.898329 Z16.617415 E0.53427
G1 X93.206846 Y186.83201 Z16.620253 E0.534248
G1 X91.377567 Y185.707721 Z16.623092 E0.534226
G1 X89.584578 Y184.526576 Z16.62593 E0.534204
G1 X87.829648 Y183.289746 Z16.628769 E0.534182
G1 X86.114504 Y181.998456 Z16.631607 E0.53416
G1 X84.440836 Y180.653984 Z16.634446 E0.534138
G1 X82.810292 Y179.257662 Z16.637284 E0.534116
G1 X81.224478 Y177.810872 Z16.640123 E0.534094
G1 X79.684955 Y176.315045 Z16.642961 E0.534072
G1 X78.193237 Y174.771663 Z16.6458 E0.53405
G1 X76.750795 Y173.182252 Z16.648638 E0.534028
G1 X75.359046 Y171.548384 Z16.651477 E0.534006
G1 X74.01936 Y169.871676 Z16.654315 E0.533984
G1 X72.733056 Y168.153786 Z16.657154 E0.533962
G1 X71.501397 Y166.396411 Z16.659992 E0.53394
G1 X70.325595 Y164.601291 Z16.662831 E0.533918
G1 X69.206805 Y162.770199 Z16.665669 E0.533896
G1 X68.146127 Y160.904945 Z16.668508 E0.533874
G1 X67.144604 Y159.007373 Z16.671346 E0.533852
G1 X66.203217 Y157.079359 Z16.674185 E0.53383
G1 X65.322892 Y155.122807 Z16.677023 E0.533807
G1 X64.504492 Y153.13965 Z16.679862 E0.533785
G1 X63.74882 Y151.131848 Z16.6827 E0.533763
G1 X63.056615 Y149.101385 Z16.685539 E0.533741
G1 X62.428557 Y147.050265 Z16.688377 E0.533719
G1 X61.865259 Y144.980515 Z16.691216 E0.533697
G1 X61.367272 Y142.894179 Z16.694054 E0.533675
G1 X60.935083 Y140.793317 Z16.696893 E0.533653
G1 X60.569111 Y138.680004 Z16.699731 E0.533631
G1 X60.269713 Y136.556325 Z16.70257 E0.533609
G1 X60.037179 Y134.424378 Z16.705408 E0.533587
G1 X59.871733 Y132.286267 Z16.708247 E0.533565
G1 X59.773533 Y130.144103 Z16.711085 E0.533543
G1 X59.742669 Y128 Z16.713924 E0.533521
G1 X59.779167 Y125.856074 Z16.716762 E0.533499
G1 X59.882985 Y123.714441 Z16.719601 E0.533477
G1 X60.054015 Y121.577213 Z16.722439 E0.533455
G1 X60.292083 Y119.446501 Z16.725278 E0.533433
G1 X60.596949 Y117.324405 Z16.728116 E0.533411
G1 X60.968305 Y115.21302 Z16.730955 E0.533389
G1 X61.40578 Y113.114428 Z16.733793 E0.533367
G1 X61.908938 Y111.030699 Z16.736632 E0.533345
G1 X62.477275 Y108.963889 Z16.73947 E0.533323
G1 X63.110226 Y106.916034 Z16.742309 E0.533301
G1 X63.80716 Y104.889156 Z16.745147 E0.533279
G1 X64.567385 Y102.885251 Z16.747986 E0.533257
G1 X65.390145 Y100.906296 Z16.750824 E0.533235
G1 X66.274623 Y98.954242 Z16.753663 E0.533213
G1 X67.219942 Y97.031013 Z16.756501 E0.533191
G1 X68.225162 Y95.138505 Z16.75934 E0.533169
G1 X69.289288 Y93.278582 Z16.762178 E0.533147
G1 X70.411264 Y91.453077 Z16.765017 E0.533125
G1 X71.589978 Y89.663789 Z16.767855 E0.533103
G1 X72.824263 Y87.91248 Z16.770694 E0.533081
G1 X74.112895 Y86.200877 Z16.773532 E0.533058
G1 X75.454599 Y84.530664 Z16.776371 E0.533036
G1 X76.848046 Y82.903486 Z16.779209 E0.533014
G1 X78.291857 Y81.320946 Z16.782048 E0.532992
G1 X79.784602 Y79.784602 Z16.784886 E0.53297
G1 X81.324805 Y78.295966 Z16.787725 E0.532948
G1 X82.910942 Y76.856503 Z16.790563 E0.532926
G1 X84.541443 Y75.467629 Z16.793402 E0.532904
G1 X86.214696 Y74.130711 Z16.79624 E0.532882
G1 X87.929047 Y72.847064 Z16.799079 E0.53286
G1 X89.682799 Y71.617951 Z16.801917 E0.532838
G1 X91.47422 Y70.44458 Z16.804756 E0.532816
G1 X93.301537 Y69.328103 Z16.807594 E0.532794
G1 X95.162945 Y68.269619 Z16.810433 E0.532772
G1 X97.056604 Y67.270167 Z16.813271 E0.53275
G1 X98.980645 Y66.330731 Z16.81611 E0.532728
G1 X100.933164 Y65.452232 Z16.818948 E0.532706
G1 X102.912231 Y64.635529 Z16.821787 E0.532684
G1 X104.915893 Y63.881426 Z16.824626 E0.532662
G1 X106.942169 Y63.190659 Z16.827464 E0.53264
G1 X108.989057 Y62.563906 Z16.830303 E0.532618
G1 X111.054537 Y62.001781 Z16.833141 E0.532596
G1 X113.136569 Y61.504834 Z16.83598 E0.532574
G1 X115.233097 Y61.07355 Z16.838818 E0.532552
G1 X117.342049 Y60.708347 Z16.841657 E0.532529
G1 X119.461344 Y60.409581 Z16.844495 E0.532507
G1 X121.58889 Y60.177541 Z16.847334 E0.532485
G1 X123.722586 Y60.01245 Z16.850172 E0.532463
G1 X125.860326 Y59.914466 Z16.853011 E0.532441
G1 X128 Y59.883681 Z16.855849 E0.532419
G1 X130.139496 Y59.920121 Z16.858688 E0.532397
G1 X132.276704 Y60.023743 Z16.861526 E0.532375
G1 X134.409513 Y60.194437 Z16.864365 E0.532353
G1 X136.53582 Y60.43203 Z16.867203 E0.532331
G1 X138.653526 Y60.736283 Z16.870042 E0.532308
G1 X140.760543 Y61.106889 Z16.87288 E0.532286
G1 X142.854793 Y61.543478 Z16.875719 E0.532264
G1 X144.934208 Y62.045615 Z16.878557 E0.532242
G1 X146.996738 Y62.612798 Z16.881396 E0.53222
G1 X149.040351 Y63.244459 Z16.884234 E0.532198
G1 X151.063029 Y63.939972 Z16.887073 E0.532176
G1 X153.06278 Y64.698644 Z16.889911 E0.532153
G1 X155.037631 Y65.519721 Z16.89275 E0.532131
G1 X156.985636 Y66.402389 Z16.895588 E0.532109
G1 X158.904872 Y67.345773 Z16.898427 E0.532087
G1 X160.793451 Y68.348934 Z16.901265 E0.532065
G1 X162.64951 Y69.410878 Z16.904104 E0.532043
G1 X164.471221 Y70.530552 Z16.906942 E0.53202
G1 X166.256788 Y71.706846 Z16.909781 E0.531998
G1 X168.004453 Y72.938594 Z16.912619 E0.531976
G1 X169.712495 Y74.224576 Z16.915458 E0.531954
G1 X171.379228 Y75.563521 Z16.918296 E0.531932
G1 X173.003013 Y76.954101 Z16.921135 E0.531909
G1 X174.582252 Y78.39494 Z16.923973 E0.531887
G1 X176.11539 Y79.88461 Z16.926812 E0.531865
G1 X177.600917 Y81.421638 Z16.92965 E0.531843
G1 X179.037372 Y83.004504 Z16.932489 E0.531821
G1 X180.423341 Y84.63164 Z16.935327 E0.531798
G1 X181.75746 Y86.30144 Z16.938166 E0.531776
G1 X183.038415 Y88.012251 Z16.941004 E0.531754
G1 X184.264949 Y89.76238 Z16.943843 E0.531732
G1 X185.435855 Y91.550098 Z16.946681 E0.531709
G1 X186.549984 Y93.373636 Z16.94952 E0.531687
G1 X187.60624 Y95.231193 Z16.952358 E0.531665
G1 X188.603585 Y97.120931 Z16.955197 E0.531643
G1 X189.54104 Y99.040985 Z16.958035 E0.53162
G1 X190.417682 Y100.989457 Z16.960874 E0.531598
G1 X191.232655 Y102.964421 Z16.963712 E0.531576
G1 X191.985159 Y104.963925 Z16.966551 E0.531554
G1 X192.674457 Y106.985995 Z16.969389 E0.531531
G1 X193.299873 Y109.028633 Z16.972228 E0.531509
G1 X193.860797 Y111.089822 Z16.975066 E0.531487
G1 X194.356679 Y113.167525 Z16.977905 E0.531465
G1 X194.787032 Y115.259692 Z16.980743 E0.531442
G1 X195.151441 Y117.364257 Z16.983582 E0.53142
G1 X195.449552 Y119.47914 Z16.98642 E0.531398
G1 X195.681075 Y121.602255 Z16.989259 E0.531375
G1 X195.845789 Y123.731505 Z16.992097 E0.531353
G1 X195.943536 Y125.864788 Z16.994936 E0.531331
G1 X195.974225 Y128 Z16.997774 E0.531308
G1 X195.937845 Y130.135033 Z17.0006 E0.525483
G1 X195.834424 Y132.26778 Z17.003425 E0.525462
G1 X195.66407 Y134.396138 Z17.00625 E0.52544
G1 X195.426957 Y136.518006 Z17.009076 E0.525418
G1 X195.123323 Y138.63129 Z17.011901 E0.525396
G1 X194.753475 Y140.733906 Z17.014726 E0.525374
G1 X194.317783 Y142.823781 Z17.017552 E0.525352
G1 X193.816682 Y144.898852 Z17.020377 E0.52533
G1 X193.250672 Y146.957073 Z17.023202 E0.525308
G1 X192.620318 Y148.996414 Z17.026028 E0.525286
G1 X191.926246 Y151.014865 Z17.028853 E0.525264
G1 X191.169147 Y153.010435 Z17.031679 E0.525242
G1 X190.349773 Y154.981156 Z17.034504 E0.52522
G1 X189.468939 Y156.925087 Z17.037329 E0.525198
G1 X188.527518 Y158.840311 Z17.040155 E0.525176
G1 X187.526445 Y160.72494 Z17.04298 E0.525154
G1 X186.466712 Y162.577117 Z17.045805 E0.525132
G1 X185.349371 Y164.395018 Z17.048631 E0.52511
G1 X184.175528 Y166.17685 Z17.051456 E0.525088
G1 X182.946348 Y167.920858 Z17.054281 E0.525066
G1 X181.663046 Y169.625325 Z17.057107 E0.525044
G1 X180.326895 Y171.288572 Z17.059932 E0.525022
G1 X178.939218 Y172.908961 Z17.062757 E0.525
G1 X177.501387 Y174.484897 Z17.065583 E0.524978
G1 X176.014827 Y176.014827 Z17.068408 E0.524956
G1 X174.481008 Y177.497246 Z17.071233 E0.524935
G1 X172.901448 Y178.930696 Z17.074059 E0.524913
G1 X171.27771 Y180.313765 Z17.076884 E0.524891
G1 X169.611399 Y181.645092 Z17.07971 E0.524869
G1 X167.904164 Y182.92337 Z17.082535 E0.524847
G1 X166.157692 Y184.147339 Z17.08536 E0.524825
G1 X164.373711 Y185.315798 Z17.088186 E0.524803
G1 X162.553985 Y186.427597 Z17.091011 E0.524781
G1 X160.700311 Y187.481645 Z17.093836 E0.524759
G1 X158.814522 Y188.476905 Z17.096662 E0.524737
G1 X156.898482 Y189.412401 Z17.099487 E0.524715
G1 X154.954085 Y190.287214 Z17.102312 E0.524693
G1 X152.98325 Y191.100487 Z17.105138 E0.524671
G1 X150.987926 Y191.851421 Z17.107963 E0.524649
G1 X148.970084 Y192.539281 Z17.110788 E0.524627
G1 X146.931716 Y193.163394 Z17.113614 E0.524605
G1 X144.874836 Y193.723148 Z17.116439 E0.524583
G1 X142.801476 Y194.217997 Z17.119265 E0.524561
G1 X140.713683 Y194.647459 Z17.12209 E0.524539
G1 X138.613518 Y195.011113 Z17.124915 E0.524517
G1 X136.503055 Y195.308608 Z17.127741 E0.524495
G1 X134.384377 Y195.539655 Z17.130566 E0.524473
G1 X132.259577 Y195.704032 Z17.133391 E0.524451
G1 X130.130751 Y195.801582 Z17.136217 E0.52443
G1 X128 Y195.832214 Z17.139042 E0.524408
G1 X125.869428 Y195.795904 Z17.141867 E0.524386
G1 X123.741137 Y195.692693 Z17.144693 E0.524364
G1 X121.617227 Y195.522689 Z17.147518 E0.524342
G1 X119.499793 Y195.286066 Z17.150343 E0.52432
G1 X117.390925 Y194.983061 Z17.153169 E0.524298
G1 X115.292704 Y194.61398 Z17.155994 E0.524276
G1 X113.207198 Y194.179192 Z17.158819 E0.524254
G1 X111.136465 Y193.679132 Z17.161645 E0.524232
G1 X109.082547 Y193.1143 Z17.16447 E0.52421
G1 X107.04747 Y192.485257 Z17.167296 E0.524188
G1 X105.03324 Y191.79263 Z17.170121 E0.524166
G1 X103.041843 Y191.037108 Z17.172946 E0.524144
G1 X101.075243 Y190.219442 Z17.175772 E0.524122
G1 X99.135378 Y189.340444 Z17.178597 E0.5241
G1 X97.224161 Y188.400985 Z17.181422 E0.524078
G1 X95.343474 Y187.402 Z17.184248 E0.524056
G1 X93.495172 Y186.344478 Z17.187073 E0.524034
G1 X91.681076 Y185.229467 Z17.189898 E0.524012
G1 X89.902972 Y184.058074 Z17.192724 E0.52399
G1 X88.162614 Y182.831458 Z17.195549 E0.523968
G1 X86.461714 Y181.550835 Z17.198374 E0.523946
G1 X84.801949 Y180.217474 Z17.2012 E0.523925
G1 X83.184952 Y178.832694 Z17.204025 E0.523903
G1 X81.612316 Y177.397866 Z17.206851 E0.523881
G1 X80.08559 Y175.91441 Z17.209676 E0.523859
G1 X78.606275 Y174.383795 Z17.212501 E0.523837
G1 X77.175828 Y172.807535 Z17.215327 E0.523815
G1 X75.795657 Y171.187189 Z17.218152 E0.523793
G1 X74.467118 Y169.52436 Z17.220977 E0.523771
G1 X73.19152 Y167.820692 Z17.223803 E0.523749
G1 X71.970115 Y166.07787 Z17.226628 E0.523727
G1 X70.804106 Y164.297618 Z17.229453 E0.523705
G1 X69.694638 Y162.481695 Z17.232279 E0.523683
G1 X68.6428 Y160.631897 Z17.235104 E0.523661
G1 X67.649628 Y158.750051 Z17.237929 E0.523639
G1 X66.716094 Y156.838017 Z17.240755 E0.523617
G1 X65.843117 Y154.897685 Z17.24358 E0.523595
G1 X65.031552 Y152.930972 Z17.246405 E0.523573
G1 X64.282194 Y150.939822 Z17.249231 E0.523551
G1 X63.595779 Y148.9262 Z17.252056 E0.523529
G1 X62.972978 Y146.892096 Z17.254882 E0.523507
G1 X62.414401 Y144.83952 Z17.257707 E0.523485
G1 X61.920593 Y142.770497 Z17.260532 E0.523463
G1 X61.492037 Y140.687072 Z17.263358 E0.523441
G1 X61.129149 Y138.591302 Z17.266183 E0.52342
G1 X60.832283 Y136.485256 Z17.269008 E0.523398
G1 X60.601726 Y134.371013 Z17.271834 E0.523376
G1 X60.437699 Y132.25066 Z17.274659 E0.523354
G1 X60.340359 Y130.12629 Z17.277484 E0.523332
G1 X60.309797 Y128 Z17.28031 E0.52331
G1 X60.346037 Y125.873889 Z17.283135 E0.523288
G1 X60.449037 Y123.750054 Z17.28596 E0.523266
G1 X60.618691 Y121.630591 Z17.288786 E0.523244
G1 X60.854826 Y119.517592 Z17.291611 E0.523222
G1 X61.157202 Y117.413141 Z17.294437 E0.5232
G1 X61.525516 Y115.319314 Z17.297262 E0.523178
G1 X61.959399 Y113.238177 Z17.300087 E0.523156
G1 X62.458417 Y111.171782 Z17.302913 E0.523134
G1 X63.022072 Y109.122167 Z17.305738 E0.523112
G1 X63.649803 Y107.091354 Z17.308563 E0.52309
G1 X64.340985 Y105.081344 Z17.311389 E0.523068
G1 X65.09493 Y103.094121 Z17.314214 E0.523046
G1 X65.910889 Y101.131642 Z17.317039 E0.523024
G1 X66.788052 Y99.195844 Z17.319865 E0.523002
G1 X67.725547 Y97.288632 Z17.32269 E0.52298
G1 X68.722445 Y95.411889 Z17.325515 E0.522958
G1 X69.777757 Y93.567462 Z17.328341 E0.522936
G1 X70.890437 Y91.757169 Z17.331166 E0.522914
G1 X72.059381 Y89.982794 Z17.333992 E0.522893
G1 X73.283431 Y88.246086 Z17.336817 E0.522871
G1 X74.561375 Y86.548754 Z17.339642 E0.522849
G1 X75.891947 Y84.89247 Z17.342468 E0.522827
G1 X77.27383 Y83.278866 Z17.345293 E0.522805
G1 X78.705656 Y81.70953 Z17.348118 E0.522783
G1 X80.186007 Y80.186007 Z17.350944 E0.522761
G1 X81.713418 Y78.709797 Z17.353769 E0.522739
G1 X83.286379 Y77.282352 Z17.356594 E0.522717
G1 X84.903333 Y75.905078 Z17.35942 E0.522695
G1 X86.56268 Y74.579329 Z17.362245 E0.522673
G1 X88.26278 Y73.306409 Z17.36507 E0.522651
G1 X90.001952 Y72.08757 Z17.367896 E0.522629
G1 X91.778475 Y70.92401 Z17.370721 E0.522607
G1 X93.590594 Y69.816872 Z17.373546 E0.522585
G1 X95.436518 Y68.767246 Z17.376372 E0.522563
G1 X97.314421 Y67.77616 Z17.379197 E0.522541
G1 X99.222448 Y66.84459 Z17.382023 E0.522519
G1 X101.158714 Y65.973448 Z17.384848 E0.522497
G1 X103.121305 Y65.16359 Z17.387673 E0.522475
G1 X105.108283 Y64.41581 Z17.390499 E0.522453
G1 X107.117684 Y63.73084 Z17.393324 E0.522431
G1 X109.147524 Y63.109351 Z17.396149 E0.522409
G1 X111.195797 Y62.551951 Z17.398975 E0.522388
G1 X113.260481 Y62.059184 Z17.4018 E0.522366
G1 X115.339538 Y61.631533 Z17.404625 E0.522344
G1 X117.430913 Y61.269412 Z17.407451 E0.522322
G1 X119.532543 Y60.973174 Z17.410276 E0.5223
G1 X121.642352 Y60.743106 Z17.413101 E0.522278
G1 X123.758257 Y60.57943 Z17.415927 E0.522256
G1 X125.878171 Y60.4823 Z17.418752 E0.522234
G1 X128 Y60.451808 Z17.421578 E0.522212
G1 X130.121651 Y60.487978 Z17.424403 E0.52219
G1 X132.241029 Y60.590768 Z17.427228 E0.522168
G1 X134.356045 Y60.760072 Z17.430054 E0.522146
G1 X136.464609 Y60.995717 Z17.432879 E0.522124
G1 X138.564644 Y61.297464 Z17.435704 E0.522102
G1 X140.654076 Y61.665011 Z17.43853 E0.52208
G1 X142.730845 Y62.09799 Z17.441355 E0.522058
G1 X144.792902 Y62.595966 Z17.44418 E0.522036
G1 X146.838213 Y63.158445 Z17.447006 E0.522014
G1 X148.864763 Y63.784864 Z17.449831 E0.521992
G1 X150.870551 Y64.4746 Z17.452656 E0.52197
G1 X152.853601 Y65.226968 Z17.455482 E0.521948
G1 X154.811958 Y66.04122 Z17.458307 E0.521926
G1 X156.743691 Y66.916547 Z17.461132 E0.521904
G1 X158.646896 Y67.85208 Z17.463958 E0.521883
G1 X160.519697 Y68.84689 Z17.466783 E0.521861
G1 X162.360249 Y69.899992 Z17.469609 E0.521839
G1 X164.166738 Y71.01034 Z17.472434 E0.521817
G1 X165.937384 Y72.176835 Z17.475259 E0.521795
G1 X167.670442 Y73.39832 Z17.478085 E0.521773
G1 X169.364207 Y74.673586 Z17.48091 E0.521751
G1 X171.017009 Y76.001369 Z17.483735 E0.521729
G1 X172.627221 Y77.380354 Z17.486561 E0.521707
G1 X174.193257 Y78.809177 Z17.489386 E0.521685
G1 X175.713576 Y80.286424 Z17.492211 E0.521663
G1 X177.186682 Y81.810631 Z17.495037 E0.521641
G1 X178.611124 Y83.380292 Z17.497862 E0.521619
G1 X179.985501 Y84.993854 Z17.500687 E0.521597
G1 X181.30846 Y86.649719 Z17.503513 E0.521575
G1 X182.578702 Y88.346252 Z17.506338 E0.521553
G1 X183.794976 Y90.081774 Z17.509164 E0.521531
G1 X184.956087 Y91.854568 Z17.511989 E0.521509
G1 X186.060893 Y93.662884 Z17.514814 E0.521487
G1 X187.108309 Y95.504932 Z17.51764 E0.521465
G1 X188.097307 Y97.378893 Z17.520465 E0.521443
G1 X189.026915 Y99.282914 Z17.52329 E0.521421
G1 X189.896221 Y101.215113 Z17.526116 E0.521399
G1 X190.704372 Y103.173583 Z17.528941 E0.521377
G1 X191.450575 Y105.156387 Z17.531766 E0.521356
G1 X192.1341 Y107.161568 Z17.534592 E0.521334
G1 X192.754277 Y109.187143 Z17.537417 E0.521312
G1 X193.3105 Y111.231114 Z17.540242 E0.52129
G1 X193.802225 Y113.29146 Z17.543068 E0.521268
G1 X194.228972 Y115.366148 Z17.545893 E0.521246
G1 X194.590326 Y117.453129 Z17.548718 E0.521224
G1 X194.885934 Y119.550341 Z17.551544 E0.521202
G1 X195.1155 Y121.655717 Z17.554369 E0.52118
G1 X195.278814 Y123.767176 Z17.557195 E0.521158
G1 X195.37572 Y125.882633 Z17.56002 E0.521136
G1 X195.40613 Y128 Z17.562845 E0.521114
G1 X195.37004 Y130.117189 Z17.565647 E0.521092
G1 X195.267471 Y132.232111 Z17.56845 E0.52107
G1 X195.098528 Y134.342678 Z17.571252 E0.521048
G1 X194.863373 Y136.446808 Z17.574054 E0.521026
G1 X194.562252 Y138.542425 Z17.576856 E0.521004
G1 X194.19547 Y140.627461 Z17.579658 E0.520982
G1 X193.763395 Y142.69986 Z17.58246 E0.52096
G1 X193.266458 Y144.757578 Z17.585262 E0.520938
G1 X192.705155 Y146.798585 Z17.588064 E0.520916
G1 X192.080046 Y148.820869 Z17.590866 E0.520894
G1 X191.391747 Y150.822433 Z17.593669 E0.520872
G1 X190.640943 Y152.801304 Z17.596471 E0.52085
G1 X189.828385 Y154.755531 Z17.599273 E0.520828
G1 X188.954882 Y156.68319 Z17.602075 E0.520806
G1 X188.021299 Y158.58238 Z17.604877 E0.520784
G1 X187.028565 Y160.451228 Z17.607679 E0.520762
G1 X185.977662 Y162.287894 Z17.610481 E0.52074
G1 X184.869633 Y164.090567 Z17.613283 E0.520718
G1 X183.705568 Y165.857465 Z17.616086 E0.520696
G1 X182.486628 Y167.586853 Z17.618888 E0.520673
G1 X181.214023 Y169.277028 Z17.62169 E0.520651
G1 X179.889013 Y170.926325 Z17.624492 E0.520629
G1 X178.512909 Y172.53312 Z17.627294 E0.520607
G1 X177.087074 Y174.095831 Z17.630096 E0.520585
G1 X175.61292 Y175.61292 Z17.632898 E0.520563
G1 X174.091898 Y177.082886 Z17.6357 E0.52054
G1 X172.525518 Y178.504287 Z17.638503 E0.520518
G1 X170.915334 Y179.875727 Z17.641305 E0.520496
G1 X169.262936 Y181.195856 Z17.644107 E0.520474
G1 X167.56996 Y182.463377 Z17.646909 E0.520451
G1 X165.838079 Y183.677043 Z17.649711 E0.520429
G1 X164.069007 Y184.83566 Z17.652513 E0.520407
G1 X162.264488 Y185.938085 Z17.655315 E0.520384
G1 X160.426307 Y186.983234 Z17.658117 E0.520362
G1 X158.556285 Y187.970087 Z17.660919 E0.52034
G1 X156.65627 Y188.897673 Z17.663722 E0.520317
G1 X154.728138 Y189.765083 Z17.666524 E0.520295
G1 X152.773796 Y190.571467 Z17.669326 E0.520273
G1 X150.795175 Y191.316033 Z17.672128 E0.52025
G1 X148.794227 Y191.998051 Z17.67493 E0.520228
G1 X146.772928 Y192.616843 Z17.677732 E0.520205
G1 X144.733278 Y193.171816 Z17.680534 E0.520183
G1 X142.677291 Y193.662426 Z17.683336 E0.520161
G1 X140.606998 Y194.088196 Z17.686139 E0.520138
G1 X138.524442 Y194.44871 Z17.688941 E0.520116
G1 X136.43168 Y194.743619 Z17.691743 E0.520093
G1 X134.330778 Y194.972637 Z17.694545 E0.520071
G1 X132.22381 Y195.135534 Z17.697347 E0.520048
G1 X130.112856 Y195.232162 Z17.700149 E0.520026
G1 X128 Y195.262435 Z17.702951 E0.520003
G1 X125.887328 Y195.226327 Z17.705753 E0.51998
G1 X123.776923 Y195.123881 Z17.708556 E0.519958
G1 X121.67087 Y194.955204 Z17.711358 E0.519935
G1 X119.571245 Y194.720466 Z17.71416 E0.519913
G1 X117.480121 Y194.419901 Z17.716962 E0.51989
G1 X115.399562 Y194.053809 Z17.719764 E0.519868
G1 X113.331619 Y193.622565 Z17.722566 E0.519845
G1 X111.278331 Y193.1266 Z17.725368 E0.519822
G1 X109.241724 Y192.566408 Z17.72817 E0.5198
G1 X107.223806 Y191.942549 Z17.730973 E0.519777
G1 X105.226567 Y191.255643 Z17.733775 E0.519754
G1 X103.251976 Y190.506373 Z17.736577 E0.519732
G1 X101.301979 Y189.695485 Z17.739379 E0.519709
G1 X99.3785 Y188.823785 Z17.742181 E0.519686
G1 X97.483432 Y187.892137 Z17.744983 E0.519664
G1 X95.618645 Y186.901466 Z17.747785 E0.519641
G1 X93.785976 Y185.852755 Z17.750587 E0.519618
G1 X91.987231 Y184.747044 Z17.753389 E0.519596
G1 X90.224181 Y183.58543 Z17.756192 E0.519573
G1 X88.498563 Y182.369063 Z17.758994 E0.51955
G1 X86.812078 Y181.099149 Z17.761796 E0.519528
G1 X85.166386 Y179.776945 Z17.764598 E0.519505
G1 X83.563108 Y178.40376 Z17.7674 E0.519482
G1 X82.003821 Y176.980956 Z17.770202 E0.51946
G1 X80.490062 Y175.509938 Z17.773004 E0.519437
G1 X79.023319 Y173.992165 Z17.775806 E0.519414
G1 X77.605036 Y172.429137 Z17.778609 E0.519392
G1 X76.236609 Y170.822401 Z17.781411 E0.519369
G1 X74.919383 Y169.173547 Z17.784213 E0.519346
G1 X73.654655 Y167.484204 Z17.787015 E0.519324
G1 X72.443667 Y165.756045 Z17.789817 E0.519301
G1 X71.28761 Y163.990777 Z17.792619 E0.519278
G1 X70.18762 Y162.190146 Z17.795421 E0.519256
G1 X69.144777 Y160.355932 Z17.798223 E0.519233
G1 X68.160107 Y158.489949 Z17.801026 E0.51921
G1 X67.234574 Y156.594039 Z17.803828 E0.519188
G1 X66.369088 Y154.670077 Z17.80663 E0.519165
G1 X65.564498 Y152.719964 Z17.809432 E0.519142
G1 X64.821592 Y150.745627 Z17.812234 E0.51912
G1 X64.141097 Y148.749015 Z17.815036 E0.519097
G1 X63.523681 Y146.732102 Z17.817838 E0.519074
G1 X62.969946 Y144.69688 Z17.82064 E0.519052
G1 X62.480434 Y142.645358 Z17.823442 E0.519029
G1 X62.055622 Y140.579563 Z17.826245 E0.519006
G1 X61.695923 Y138.501534 Z17.829047 E0.518984
G1 X61.401688 Y136.413323 Z17.831849 E0.518961
G1 X61.1732 Y134.316992 Z17.834651 E0.518938
G1 X61.010679 Y132.214611 Z17.837453 E0.518916
G1 X60.91428 Y130.108254 Z17.840255 E0.518893
G1 X60.884093 Y128 Z17.843057 E0.51887
G1 X60.920141 Y125.891931 Z17.845859 E0.518848
G1 X61.022383 Y123.786125 Z17.848662 E0.518825
G1 X61.190712 Y121.684663 Z17.851464 E0.518802
G1 X61.424956 Y119.589616 Z17.854266 E0.51878
G1 X61.724879 Y117.503052 Z17.857068 E0.518757
G1 X62.090179 Y115.427029 Z17.85987 E0.518734
G1 X62.520489 Y113.363595 Z17.862672 E0.518712
G1 X63.015379 Y111.314785 Z17.865474 E0.518689
G1 X63.574356 Y109.28262 Z17.868276 E0.518666
G1 X64.196861 Y107.269104 Z17.871079 E0.518644
G1 X64.882276 Y105.276221 Z17.873881 E0.518621
G1 X65.629918 Y103.305937 Z17.876683 E0.518598
G1 X66.439043 Y101.360195 Z17.879485 E0.518576
G1 X67.308849 Y99.440912 Z17.882287 E0.518553
G1 X68.238471 Y97.54998 Z17.885089 E0.51853
G1 X69.226987 Y95.689263 Z17.887891 E0.518508
G1 X70.273416 Y93.860594 Z17.890693 E0.518485
G1 X71.376721 Y92.065774 Z17.893495 E0.518462
G1 X72.535807 Y90.306574 Z17.896298 E0.51844
G1 X73.749526 Y88.584724 Z17.8991 E0.518417
G1 X75.016676 Y86.901921 Z17.901902 E0.518394
G1 X76.336001 Y85.259823 Z17.904704 E0.518372
G1 X77.706194 Y83.660046 Z17.907506 E0.518349
G1 X79.1259 Y82.104165 Z17.910308 E0.518326
G1 X80.593712 Y80.593712 Z17.91311 E0.518304
G1 X82.108179 Y79.130174 Z17.915912 E0.518281
G1 X83.667801 Y77.714991 Z17.918715 E0.518258
G1 X85.271035 Y76.349554 Z17.921517 E0.518236
G1 X86.916296 Y75.035208 Z17.924319 E0.518213
G1 X88.601956 Y73.773244 Z17.927121 E0.51819
G1 X90.326348 Y72.564904 Z17.929923 E0.518168
G1 X92.087767 Y71.411375 Z17.932725 E0.518145
G1 X93.884471 Y70.313791 Z17.935527 E0.518122
G1 X95.714685 Y69.27323 Z17.938329 E0.5181
G1 X97.576599 Y68.290714 Z17.941132 E0.518077
G1 X99.468374 Y67.367208 Z17.943934 E0.518054
G1 X101.388139 Y66.503617 Z17.946736 E0.518032
G1 X103.333997 Y65.700789 Z17.949538 E0.518009
G1 X105.304027 Y64.95951 Z17.95234 E0.517986
G1 X107.296282 Y64.280507 Z17.955142 E0.517964
G1 X109.308793 Y63.664445 Z17.957944 E0.517941
G1 X111.339574 Y63.111925 Z17.960746 E0.517918
G1 X113.386618 Y62.623488 Z17.963549 E0.517896
G1 X115.447904 Y62.19961 Z17.966351 E0.517873
G1 X117.521397 Y61.840703 Z17.969153 E0.51785
G1 X119.605049 Y61.547116 Z17.971955 E0.517828
G1 X121.696802 Y61.319134 Z17.974757 E0.517805
G1 X123.794593 Y61.156974 Z17.977559 E0.517782
G1 X125.896351 Y61.060793 Z17.980361 E0.51776
G1 X128 Y61.030678 Z17.983163 E0.517737
G1 X130.103465 Y61.066653 Z17.985965 E0.517714
G1 X132.20467 Y61.168678 Z17.988768 E0.517692
G1 X134.301542 Y61.336646 Z17.99157 E0.517669
G1 X136.392012 Y61.570385 Z17.994372 E0.517646
G1 X138.474017 Y61.869659 Z17.997174 E0.517624
G1 X140.545504 Y62.234167 Z17.999976 E0.517601
G1 X142.604428 Y62.663543 Z18.002778 E0.517578
G1 X144.648761 Y63.157359 Z18.00558 E0.517556
G1 X146.676484 Y63.71512 Z18.008382 E0.517533
G1 X148.685599 Y64.336272 Z18.011185 E0.51751
G1 X150.674125 Y65.020194 Z18.013987 E0.517488
G1 X152.640101 Y65.766209 Z18.016789 E0.517465
G1 X154.581589 Y66.573572 Z18.019591 E0.517443
G1 X156.496675 Y67.441483 Z18.022393 E0.51742
G1 X158.383472 Y68.369079 Z18.025195 E0.517397
G1 X160.240119 Y69.35544 Z18.027997 E0.517375
G1 X162.064789 Y70.399588 Z18.030799 E0.517352
G1 X163.855682 Y71.500486 Z18.033602 E0.517329
G1 X165.611034 Y72.657044 Z18.036404 E0.517307
G1 X167.329116 Y73.868116 Z18.039206 E0.517284
G1 X169.008236 Y75.132501 Z18.042008 E0.517261
G1 X170.646741 Y76.448946 Z18.04481 E0.517239
G1 X172.243016 Y77.816149 Z18.047612 E0.517216
G1 X173.795491 Y79.232756 Z18.050414 E0.517193
G1 X175.302637 Y80.697363 Z18.053216 E0.517171
G1 X176.76297 Y82.208523 Z18.056018 E0.517148
G1 X178.175055 Y83.764739 Z18.058821 E0.517125
G1 X179.5375 Y85.364472 Z18.061623 E0.517103
G1 X180.848968 Y87.006139 Z18.064425 E0.51708
G1 X182.108166 Y88.688116 Z18.067227 E0.517057
G1 X183.313859 Y90.408741 Z18.070029 E0.517035
G1 X184.464859 Y92.166311 Z18.072831 E0.517012
G1 X185.560037 Y93.959089 Z18.075633 E0.516989
G1 X186.598317 Y95.785303 Z18.078435 E0.516967
G1 X187.578678 Y97.643147 Z18.081238 E0.516944
G1 X188.500158 Y99.530786 Z18.08404 E0.516921
G1 X189.361854 Y101.446355 Z18.086842 E0.516899
G1 X190.16292 Y103.387959 Z18.089644 E0.516876
G1 X190.902571 Y105.353681 Z18.092446 E0.516853
G1 X191.580082 Y107.341579 Z18.095248 E0.516831
G1 X192.194791 Y109.349689 Z18.09805 E0.516808
G1 X192.746095 Y111.376028 Z18.100852 E0.516785
G1 X193.233458 Y113.418595 Z18.103655 E0.516763
G1 X193.656402 Y115.475371 Z18.106457 E0.51674
G1 X194.014517 Y117.544328 Z18.109259 E0.516717
G1 X194.307455 Y119.62342 Z18.112061 E0.516695
G1 X194.534932 Y121.710597 Z18.114863 E0.516672
G1 X194.69673 Y123.803797 Z18.117665 E0.516649
G1 X194.792695 Y125.900955 Z18.120467 E0.516627
G1 X194.822738 Y128 Z18.123269 E0.516604
G1 X194.786877 Y130.098862 Z18.126031 E0.504986
G1 X194.685111 Y132.195472 Z18.128793 E0.504964
G1 X194.517546 Y134.287759 Z18.131555 E0.504942
G1 X194.284353 Y136.373661 Z18.134317 E0.504921
G1 X193.985769 Y138.451119 Z18.137079 E0.504899
G1 X193.622093 Y140.518084 Z18.139841 E0.504877
G1 X193.19369 Y142.572516 Z18.142603 E0.504855
G1 X192.700988 Y144.61239 Z18.145365 E0.504833
G1 X192.144479 Y146.635694 Z18.148127 E0.504811
G1 X191.524718 Y148.640432 Z18.150889 E0.50479
G1 X190.842322 Y150.624628 Z18.153651 E0.504768
G1 X190.09797 Y152.586325 Z18.156413 E0.504746
G1 X189.292401 Y154.52359 Z18.159175 E0.504724
G1 X188.426416 Y156.434513 Z18.161936 E0.504702
G1 X187.500875 Y158.31721 Z18.164698 E0.50468
G1 X186.516696 Y160.169826 Z18.16746 E0.504659
G1 X185.474856 Y161.990535 Z18.170222 E0.504637
G1 X184.376387 Y163.777543 Z18.172984 E0.504615
G1 X183.222379 Y165.52909 Z18.175746 E0.504593
G1 X182.013975 Y167.24345 Z18.178508 E0.504571
G1 X180.752373 Y168.918935 Z18.18127 E0.504549
G1 X179.438821 Y170.553894 Z18.184032 E0.504527
G1 X178.074622 Y172.146717 Z18.186794 E0.504506
G1 X176.661124 Y173.695837 Z18.189556 E0.504484
G1 X175.199729 Y175.199729 Z18.192318 E0.504462
G1 X173.691881 Y176.656911 Z18.19508 E0.50444
G1 X172.139074 Y178.065951 Z18.197842 E0.504418
G1 X170.542842 Y179.425462 Z18.200604 E0.504396
G1 X168.904766 Y180.734106 Z18.203366 E0.504375
G1 X167.226465 Y181.990597 Z18.206127 E0.504353
G1 X165.509599 Y183.193699 Z18.208889 E0.504331
G1 X163.755866 Y184.34223 Z18.211651 E0.504309
G1 X161.967 Y185.43506 Z18.214413 E0.504287
G1 X160.144768 Y186.471116 Z18.217175 E0.504265
G1 X158.290973 Y187.449381 Z18.219937 E0.504244
G1 X156.407445 Y188.368894 Z18.222699 E0.504222
G1 X154.496048 Y189.228753 Z18.225461 E0.5042
G1 X152.558668 Y190.028115 Z18.228223 E0.504178
G1 X150.597221 Y190.766195 Z18.230985 E0.504156
G1 X148.613644 Y191.442271 Z18.233747 E0.504134
G1 X146.609896 Y192.055682 Z18.236509 E0.504113
G1 X144.587957 Y192.605826 Z18.239271 E0.504091
G1 X142.549823 Y193.092167 Z18.242033 E0.504069
G1 X140.497508 Y193.514231 Z18.244795 E0.504047
G1 X138.433037 Y193.871606 Z18.247557 E0.504025
G1 X136.35845 Y194.163945 Z18.250318 E0.504003
G1 X134.275794 Y194.390965 Z18.25308 E0.503982
G1 X132.187125 Y194.552449 Z18.255842 E0.50396
G1 X130.094505 Y194.648242 Z18.258604 E0.503938
G1 X128 Y194.678255 Z18.261366 E0.503916
G1 X125.905676 Y194.642465 Z18.264128 E0.503894
G1 X123.813601 Y194.540913 Z18.26689 E0.503872
G1 X121.725838 Y194.373701 Z18.269652 E0.50385
G1 X119.644449 Y194.140994 Z18.272414 E0.503829
G1 X117.571488 Y193.843036 Z18.275176 E0.503807
G1 X115.508998 Y193.480127 Z18.277938 E0.503785
G1 X113.459014 Y193.052632 Z18.2807 E0.503763
G1 X111.423558 Y192.560978 Z18.283462 E0.503741
G1 X109.404638 Y192.005654 Z18.286224 E0.503719
G1 X107.404245 Y191.387216 Z18.288986 E0.503697
G1 X105.424354 Y190.706269 Z18.291748 E0.503675
G1 X103.466916 Y189.963498 Z18.294509 E0.503653
G1 X101.533859 Y189.159643 Z18.297271 E0.503631
G1 X99.627089 Y188.295505 Z18.300033 E0.503609
G1 X97.748486 Y187.37194 Z18.302795 E0.503587
G1 X95.8999 Y186.389865 Z18.305557 E0.503565
G1 X94.083154 Y185.350255 Z18.308319 E0.503543
G1 X92.30004 Y184.254135 Z18.311081 E0.503521
G1 X90.552317 Y183.102592 Z18.313843 E0.503499
G1 X88.841703 Y181.896772 Z18.316605 E0.503476
G1 X87.169882 Y180.637871 Z18.319367 E0.503454
G1 X85.538501 Y179.327135 Z18.322129 E0.503432
G1 X83.949166 Y177.965863 Z18.324891 E0.50341
G1 X82.403442 Y176.555403 Z18.327653 E0.503388
G1 X80.90285 Y175.09715 Z18.330415 E0.503366
G1 X79.448877 Y173.592539 Z18.333177 E0.503344
G1 X78.042945 Y172.043068 Z18.335938 E0.503321
G1 X76.686437 Y170.450271 Z18.3387 E0.503299
G1 X75.380687 Y168.815723 Z18.341462 E0.503277
G1 X74.126979 Y167.141041 Z18.344224 E0.503255
G1 X72.926545 Y165.427881 Z18.346986 E0.503232
G1 X71.780567 Y163.677937 Z18.349748 E0.50321
G1 X70.690176 Y161.892936 Z18.35251 E0.503188
G1 X69.656442 Y160.074643 Z18.355272 E0.503166
G1 X68.680375 Y158.224858 Z18.358034 E0.503143
G1 X67.762935 Y156.345411 Z18.360796 E0.503121
G1 X66.90502 Y154.438159 Z18.363558 E0.503099
G1 X66.107472 Y152.504986 Z18.36632 E0.503076
G1 X65.371072 Y150.547801 Z18.369082 E0.503054
G1 X64.696545 Y148.568539 Z18.371844 E0.503032
G1 X64.084559 Y146.569152 Z18.374606 E0.503009
G1 X63.535702 Y144.551619 Z18.377368 E0.502987
G1 X63.050509 Y142.517931 Z18.380129 E0.502964
G1 X62.629455 Y140.470098 Z18.382891 E0.502942
G1 X62.272948 Y138.410142 Z18.385653 E0.502919
G1 X61.981335 Y136.340097 Z18.388415 E0.502897
G1 X61.754898 Y134.262006 Z18.391177 E0.502875
G1 X61.593864 Y132.17792 Z18.393939 E0.502852
G1 X61.49838 Y130.089898 Z18.396701 E0.50283
G1 X61.468532 Y128 Z18.399463 E0.502807
G1 X61.504341 Y125.91029 Z18.402225 E0.502785
G1 X61.605768 Y123.822829 Z18.404987 E0.502762
G1 X61.772707 Y121.739678 Z18.407749 E0.502739
G1 X62.004986 Y119.662891 Z18.410511 E0.502717
G1 X62.302374 Y117.594518 Z18.413273 E0.502694
G1 X62.664578 Y115.536602 Z18.416035 E0.502672
G1 X63.091225 Y113.49117 Z18.418797 E0.502649
G1 X63.581888 Y111.46024 Z18.421559 E0.502627
G1 X64.136077 Y109.445815 Z18.42432 E0.502604
G1 X64.75324 Y107.449882 Z18.427082 E0.502581
G1 X65.432761 Y105.474408 Z18.429844 E0.502559
G1 X66.173965 Y103.521341 Z18.432606 E0.502536
G1 X66.976125 Y101.592611 Z18.435368 E0.502513
G1 X67.838434 Y99.690116 Z18.43813 E0.502491
G1 X68.760036 Y97.815731 Z18.440892 E0.502468
G1 X69.740014 Y95.971302 Z18.443654 E0.502445
G1 X70.777397 Y94.158647 Z18.446416 E0.502422
G1 X71.871155 Y92.379552 Z18.449178 E0.5024
G1 X73.020205 Y90.63577 Z18.45194 E0.502377
G1 X74.223407 Y88.929018 Z18.454702 E0.502354
G1 X75.479569 Y87.260977 Z18.457464 E0.502331
G1 X76.787446 Y85.633291 Z18.460226 E0.502309
G1 X78.145743 Y84.04756 Z18.462988 E0.502286
G1 X79.553116 Y82.505347 Z18.465749 E0.502263
G1 X81.00817 Y81.00817 Z18.468511 E0.502241
G1 X82.509466 Y79.557502 Z18.471273 E0.502218
G1 X84.055518 Y78.154769 Z18.474035 E0.502195
G1 X85.644796 Y76.801353 Z18.476797 E0.502172
G1 X87.275728 Y75.498585 Z18.479559 E0.50215
G1 X88.9467 Y74.247745 Z18.482321 E0.502127
G1 X90.656061 Y73.050062 Z18.485083 E0.502104
G1 X92.402119 Y71.906715 Z18.487845 E0.502081
G1 X94.183148 Y70.818827 Z18.490607 E0.502059
G1 X95.997388 Y69.787466 Z18.493369 E0.502036
G1 X97.843045 Y68.813644 Z18.496131 E0.502013
G1 X99.718295 Y67.898318 Z18.498893 E0.50199
G1 X101.621285 Y67.042386 Z18.501655 E0.501968
G1 X103.550133 Y66.246686 Z18.504417 E0.501945
G1 X105.502935 Y65.511999 Z18.507179 E0.501922
G1 X107.477762 Y64.839045 Z18.50994 E0.5019
G1 X109.472661 Y64.22848 Z18.512702 E0.501877
G1 X111.485663 Y63.680904 Z18.515464 E0.501854
G1 X113.51478 Y63.196849 Z18.518226 E0.501831
G1 X115.558007 Y62.776789 Z18.520988 E0.501809
G1 X117.613328 Y62.421132 Z18.52375 E0.501786
G1 X119.678712 Y62.130222 Z18.526512 E0.501763
G1 X121.752121 Y61.904342 Z18.529274 E0.50174
G1 X123.831507 Y61.743708 Z18.532036 E0.501718
G1 X125.914819 Y61.648473 Z18.534798 E0.501695
G1 X128 Y61.618724 Z18.53756 E0.501672
G1 X130.084992 Y61.654486 Z18.540322 E0.501649
G1 X132.167737 Y61.755717 Z18.543084 E0.501627
G1 X134.246181 Y61.922312 Z18.545846 E0.501604
G1 X136.318272 Y62.154099 Z18.548608 E0.501581
G1 X138.381966 Y62.450844 Z18.55137 E0.501558
G1 X140.435229 Y62.812249 Z18.554131 E0.501536
G1 X142.476033 Y63.237951 Z18.556893 E0.501513
G1 X144.502367 Y63.727524 Z18.559655 E0.50149
G1 X146.512232 Y64.28048 Z18.562417 E0.501468
G1 X148.503646 Y64.896266 Z18.565179 E0.501445
G1 X150.474646 Y65.574269 Z18.567941 E0.501422
G1 X152.423288 Y66.313815 Z18.570703 E0.501399
G1 X154.347652 Y67.114169 Z18.573465 E0.501377
G1 X156.24584 Y67.974534 Z18.576227 E0.501354
G1 X158.115982 Y68.894056 Z18.578989 E0.501331
G1 X159.956235 Y69.871824 Z18.581751 E0.501308
G1 X161.764786 Y70.906865 Z18.584513 E0.501286
G1 X163.539852 Y71.998155 Z18.587275 E0.501263
G1 X165.279684 Y73.14461 Z18.590037 E0.50124
G1 X166.98257 Y74.345095 Z18.592799 E0.501217
G1 X168.646832 Y75.59842 Z18.595561 E0.501195
G1 X170.270831 Y76.903342 Z18.598322 E0.501172
G1 X171.852969 Y78.258571 Z18.601084 E0.501149
G1 X173.391687 Y79.662763 Z18.603846 E0.501127
G1 X174.885471 Y81.114529 Z18.606608 E0.501104
G1 X176.332851 Y82.612432 Z18.60937 E0.501081
G1 X177.732403 Y84.154989 Z18.612132 E0.501058
G1 X179.08275 Y85.740674 Z18.614894 E0.501036
G1 X180.382564 Y87.367918 Z18.617656 E0.501013
G1 X181.630567 Y89.035112 Z18.620418 E0.50099
G1 X182.825532 Y90.740607 Z18.62318 E0.500967
G1 X183.966285 Y92.482715 Z18.625942 E0.500945
G1 X185.051705 Y94.259716 Z18.628704 E0.500922
G1 X186.080725 Y96.069851 Z18.631466 E0.500899
G1 X187.052335 Y97.911332 Z18.634228 E0.500876
G1 X187.965583 Y99.782339 Z18.63699 E0.500854
G1 X188.81957 Y101.681022 Z18.639751 E0.500831
G1 X189.613462 Y103.605505 Z18.642513 E0.500808
G1 X190.346478 Y105.553887 Z18.645275 E0.500786
G1 X191.017902 Y107.524242 Z18.648037 E0.500763
G1 X191.627077 Y109.514625 Z18.650799 E0.50074
G1 X192.173407 Y111.52307 Z18.653561 E0.500717
G1 X192.656358 Y113.547592 Z18.656323 E0.500695
G1 X193.07546 Y115.586192 Z18.659085 E0.500672
G1 X193.430305 Y117.636858 Z18.661847 E0.500649
G1 X193.720549 Y119.697564 Z18.664609 E0.500626
G1 X193.945911 Y121.766276 Z18.667371 E0.500604
G1 X194.106174 Y123.840952 Z18.670133 E0.500581
G1 X194.201187 Y125.919544 Z18.672895 E0.500558
G1 X194.230861 Y128 Z18.675657 E0.500535
G1 X194.195235 Y130.080269 Z18.678362 E0.490232
G1 X194.094288 Y132.1583 Z18.681067 E0.49021
G1 X193.928126 Y134.232043 Z18.683772 E0.490188
G1 X193.696918 Y136.299451 Z18.686477 E0.490166
G1 X193.400898 Y138.358485 Z18.689183 E0.490144
G1 X193.040364 Y140.407113 Z18.691888 E0.490123
G1 X192.615679 Y142.443315 Z18.694593 E0.490101
G1 X192.127265 Y144.465083 Z18.697298 E0.490079
G1 X191.575612 Y146.470423 Z18.700003 E0.490057
G1 X190.961269 Y148.457356 Z18.702709 E0.490035
G1 X190.284848 Y150.423925 Z18.705414 E0.490014
G1 X189.547022 Y152.36819 Z18.708119 E0.489992
G1 X188.748525 Y154.288234 Z18.710824 E0.48997
G1 X187.89015 Y156.182165 Z18.71353 E0.489948
G1 X186.972749 Y158.048116 Z18.716235 E0.489926
G1 X185.997233 Y159.884249 Z18.71894 E0.489905
G1 X184.96457 Y161.688753 Z18.721645 E0.489883
G1 X183.875785 Y163.459851 Z18.72435 E0.489861
G1 X182.731956 Y165.195799 Z18.727056 E0.489839
G1 X181.534217 Y166.894885 Z18.729761 E0.489817
G1 X180.283755 Y168.555437 Z18.732466 E0.489796
G1 X178.981808 Y170.17582 Z18.735171 E0.489774
G1 X177.629667 Y171.754437 Z18.737876 E0.489752
G1 X176.22867 Y173.289736 Z18.740582 E0.48973
G1 X174.780204 Y174.780204 Z18.743287 E0.489708
G1 X173.285702 Y176.224374 Z18.745992 E0.489686
G1 X171.746643 Y177.620826 Z18.748697 E0.489665
G1 X170.164551 Y178.968186 Z18.751402 E0.489643
G1 X168.54099 Y180.265129 Z18.754108 E0.489621
G1 X166.877566 Y181.510379 Z18.756813 E0.489599
G1 X165.175924 Y182.702712 Z18.759518 E0.489577
G1 X163.437748 Y183.840955 Z18.762223 E0.489556
G1 X161.664755 Y184.923992 Z18.764928 E0.489534
G1 X159.858698 Y185.950756 Z18.767634 E0.489512
G1 X158.021363 Y186.920242 Z18.770339 E0.48949
G1 X156.154565 Y187.831496 Z18.773044 E0.489468
G1 X154.260149 Y188.683625 Z18.775749 E0.489447
G1 X152.339988 Y189.475793 Z18.778454 E0.489425
G1 X150.395978 Y190.207223 Z18.78116 E0.489403
G1 X148.430041 Y190.8772 Z18.783865 E0.489381
G1 X146.444117 Y191.485068 Z18.78657 E0.489359
G1 X144.440169 Y192.030231 Z18.789275 E0.489338
G1 X142.420176 Y192.512159 Z18.79198 E0.489316
G1 X140.386133 Y192.930381 Z18.794686 E0.489294
G1 X138.340047 Y193.284489 Z18.797391 E0.489272
G1 X136.28394 Y193.57414 Z18.800096 E0.48925
G1 X134.219842 Y193.799055 Z18.802801 E0.489228
G1 X132.14979 Y193.959016 Z18.805506 E0.489207
G1 X130.075827 Y194.053873 Z18.808212 E0.489185
G1 X128 Y194.083536 Z18.810917 E0.489163
G1 X125.924359 Y194.047982 Z18.813622 E0.489141
G1 X123.85095 Y193.947254 Z18.816327 E0.489119
G1 X121.781822 Y193.781454 Z18.819032 E0.489098
G1 X119.719014 Y193.550754 Z18.821738 E0.489076
G1 X117.664562 Y193.255387 Z18.824443 E0.489054
G1 X115.620493 Y192.895649 Z18.827148 E0.489032
G1 X113.588823 Y192.471901 Z18.829853 E0.48901
G1 X111.571555 Y191.984569 Z18.832558 E0.488989
G1 X109.57068 Y191.434137 Z18.835264 E0.488967
G1 X107.58817 Y190.821154 Z18.837969 E0.488945
G1 X105.62598 Y190.146233 Z18.840674 E0.488923
G1 X103.686044 Y189.410043 Z18.843379 E0.488901
G1 X101.770276 Y188.613316 Z18.846084 E0.48888
G1 X99.880563 Y187.756846 Z18.84879 E0.488858
G1 X98.018768 Y186.841481 Z18.851495 E0.488836
G1 X96.186726 Y185.868131 Z18.8542 E0.488814
G1 X94.386242 Y184.837762 Z18.856905 E0.488792
G1 X92.619089 Y183.751394 Z18.85961 E0.48877
G1 X90.88701 Y182.610106 Z18.862316 E0.488749
G1 X89.19171 Y181.415028 Z18.865021 E0.488727
G1 X87.534859 Y180.167345 Z18.867726 E0.488705
G1 X85.918089 Y178.868292 Z18.870431 E0.488683
G1 X84.34299 Y177.519157 Z18.873136 E0.488661
G1 X82.811115 Y176.121275 Z18.875842 E0.48864
G1 X81.323971 Y174.676029 Z18.878547 E0.488618
G1 X79.883021 Y173.184851 Z18.881252 E0.488596
G1 X78.489684 Y171.649215 Z18.883957 E0.488574
G1 X77.145329 Y170.070642 Z18.886662 E0.488552
G1 X75.851281 Y168.450693 Z18.889368 E0.488531
G1 X74.60881 Y166.79097 Z18.892073 E0.488509
G1 X73.419138 Y165.093115 Z18.894778 E0.488487
G1 X72.283435 Y163.358807 Z18.897483 E0.488465
G1 X71.202817 Y161.58976 Z18.900188 E0.488443
G1 X70.178346 Y159.787724 Z18.902894 E0.488421
G1 X69.211026 Y157.954478 Z18.905599 E0.4884
G1 X68.301808 Y156.091837 Z18.908304 E0.488378
G1 X67.451584 Y154.20164 Z18.911009 E0.488356
G1 X66.661187 Y152.285754 Z18.913715 E0.488334
G1 X65.931392 Y150.346074 Z18.91642 E0.488312
G1 X65.262914 Y148.384515 Z18.919125 E0.488291
G1 X64.656408 Y146.403015 Z18.92183 E0.488269
G1 X64.112465 Y144.403531 Z18.924535 E0.488247
G1 X63.631618 Y142.388038 Z18.927241 E0.488225
G1 X63.214335 Y140.358527 Z18.929946 E0.488203
G1 X62.861022 Y138.317001 Z18.932651 E0.488182
G1 X62.572023 Y136.265476 Z18.935356 E0.48816
G1 X62.347616 Y134.205977 Z18.938061 E0.488138
G1 X62.188018 Y132.140539 Z18.940767 E0.488116
G1 X62.09338 Y130.071199 Z18.943472 E0.488094
G1 X62.063789 Y128 Z18.946177 E0.488073
G1 X62.09927 Y125.928986 Z18.948882 E0.488051
G1 X62.199781 Y123.860201 Z18.951587 E0.488029
G1 X62.365217 Y121.795686 Z18.954293 E0.488007
G1 X62.595409 Y119.737479 Z18.956998 E0.487985
G1 X62.890125 Y117.687609 Z18.959703 E0.487963
G1 X63.249067 Y115.648099 Z18.962408 E0.487942
G1 X63.671876 Y113.620961 Z18.965113 E0.48792
G1 X64.15813 Y111.608194 Z18.967819 E0.487898
G1 X64.707345 Y109.611784 Z18.970524 E0.487876
G1 X65.318969 Y107.633698 Z18.973229 E0.487854
G1 X65.992395 Y105.675889 Z18.975934 E0.487833
G1 X66.726952 Y103.740284 Z18.978639 E0.487811
G1 X67.52191 Y101.828794 Z18.981345 E0.487789
G1 X68.376479 Y99.943301 Z18.98405 E0.487767
G1 X69.289811 Y98.085665 Z18.986755 E0.487745
G1 X70.261001 Y96.257717 Z18.98946 E0.487723
G1 X71.289083 Y94.461257 Z18.992165 E0.487701
G1 X72.373038 Y92.698056 Z18.994871 E0.48768
G1 X73.51179 Y90.969851 Z18.997576 E0.487658
G1 X74.704211 Y89.278343 Z19.000281 E0.487636
G1 X75.94912 Y87.625199 Z19.002986 E0.487614
G1 X77.245283 Y86.012046 Z19.005691 E0.487592
G1 X78.591418 Y84.440475 Z19.008397 E0.48757
G1 X79.986191 Y82.912032 Z19.011102 E0.487548
G1 X81.428221 Y81.428221 Z19.013807 E0.487527
G1 X82.916081 Y79.990502 Z19.016512 E0.487505
G1 X84.448297 Y78.60029 Z19.019217 E0.487483
G1 X86.023355 Y77.258952 Z19.021923 E0.487461
G1 X87.639695 Y75.967808 Z19.024628 E0.487439
G1 X89.295719 Y74.728128 Z19.027333 E0.487417
G1 X90.989791 Y73.541132 Z19.030038 E0.487395
G1 X92.720234 Y72.407985 Z19.032743 E0.487373
G1 X94.485337 Y71.3298 Z19.035449 E0.487351
G1 X96.283355 Y70.307637 Z19.038154 E0.487329
G1 X98.11251 Y69.342499 Z19.040859 E0.487308
G1 X99.970995 Y68.435333 Z19.043564 E0.487286
G1 X101.856973 Y67.587029 Z19.046269 E0.487264
G1 X103.768581 Y66.798421 Z19.048975 E0.487242
G1 X105.70393 Y66.070282 Z19.05168 E0.48722
G1 X107.661107 Y65.403323 Z19.054385 E0.487198
G1 X109.638179 Y64.798197 Z19.05709 E0.487176
G1 X111.633193 Y64.255496 Z19.059795 E0.487154
G1 X113.644179 Y63.775749 Z19.062501 E0.487132
G1 X115.669151 Y63.359424 Z19.065206 E0.48711
G1 X117.706108 Y63.006927 Z19.067911 E0.487088
G1 X119.753041 Y62.718601 Z19.070616 E0.487066
G1 X121.807928 Y62.494725 Z19.073321 E0.487044
G1 X123.868741 Y62.335512 Z19.076027 E0.487022
G1 X125.933444 Y62.241114 Z19.078732 E0.487
G1 X128 Y62.211617 Z19.081437 E0.486978
G1 X130.06637 Y62.247046 Z19.084142 E0.486956
G1 X132.130514 Y62.34736 Z19.086847 E0.486934
G1 X134.190396 Y62.512453 Z19.089553 E0.486912
G1 X136.243982 Y62.74216 Z19.092258 E0.486891
G1 X138.289248 Y63.036245 Z19.094963 E0.486869
G1 X140.324175 Y63.394413 Z19.097668 E0.486847
G1 X142.346756 Y63.816303 Z19.100373 E0.486825
G1 X144.354997 Y64.301494 Z19.103079 E0.486803
G1 X146.346916 Y64.849502 Z19.105784 E0.486781
G1 X148.32055 Y65.459779 Z19.108489 E0.486759
G1 X150.273951 Y66.13172 Z19.111194 E0.486737
G1 X152.205195 Y66.864656 Z19.1139 E0.486715
G1 X154.112377 Y67.657856 Z19.116605 E0.486693
G1 X155.993618 Y68.510533 Z19.11931 E0.486671
G1 X157.847064 Y69.421839 Z19.122015 E0.486648
G1 X159.670888 Y70.390869 Z19.12472 E0.486626
G1 X161.463292 Y71.416663 Z19.127426 E0.486604
G1 X163.222512 Y72.498203 Z19.130131 E0.486582
G1 X164.946811 Y73.634418 Z19.132836 E0.48656
G1 X166.634494 Y74.824181 Z19.135541 E0.486538
G1 X168.283897 Y76.066313 Z19.138246 E0.486516
G1 X169.893398 Y77.359581 Z19.140952 E0.486494
G1 X171.46141 Y78.702707 Z19.143657 E0.486472
G1 X172.986391 Y80.094359 Z19.146362 E0.48645
G1 X174.46684 Y81.53316 Z19.149067 E0.486428
G1 X175.901299 Y83.017686 Z19.151772 E0.486406
G1 X177.288357 Y84.546468 Z19.154478 E0.486384
G1 X178.62665 Y86.117993 Z19.157183 E0.486362
G1 X179.914861 Y87.730706 Z19.159888 E0.48634
G1 X181.151724 Y89.383012 Z19.162593 E0.486318
G1 X182.336022 Y91.073278 Z19.165298 E0.486296
G1 X183.466592 Y92.79983 Z19.168004 E0.486274
G1 X184.542323 Y94.560963 Z19.170709 E0.486252
G1 X185.562159 Y96.354935 Z19.173414 E0.48623
G1 X186.525097 Y98.179974 Z19.176119 E0.486208
G1 X187.430193 Y100.034274 Z19.178824 E0.486186
G1 X188.276559 Y101.916004 Z19.18153 E0.486164
G1 X189.063366 Y103.823303 Z19.184235 E0.486142
G1 X189.789841 Y105.754289 Z19.18694 E0.486119
G1 X190.455273 Y107.707052 Z19.189645 E0.486097
G1 X191.059012 Y109.679663 Z19.19235 E0.486075
G1 X191.600467 Y111.670175 Z19.195056 E0.486053
G1 X192.07911 Y113.676622 Z19.197761 E0.486031
G1 X192.494473 Y115.697021 Z19.200466 E0.486009
G1 X192.846154 Y117.729378 Z19.203171 E0.485987
G1 X193.133809 Y119.771686 Z19.205876 E0.485965
G1 X193.357162 Y121.821929 Z19.208582 E0.485943
G1 X193.515998 Y123.878083 Z19.211287 E0.485921
G1 X193.610165 Y125.938117 Z19.213992 E0.485899
G1 X193.639578 Y128 Z19.216697 E0.485877
G1 X193.604227 Y130.061696 Z19.219388 E0.485855
G1 X193.504139 Y132.121171 Z19.222079 E0.485833
G1 X193.339418 Y134.176393 Z19.224771 E0.485811
G1 X193.110232 Y136.225335 Z19.227462 E0.485789
G1 X192.816814 Y138.265975 Z19.230153 E0.485767
G1 X192.459458 Y140.296299 Z19.232844 E0.485745
G1 X192.038524 Y142.314306 Z19.235535 E0.485723
G1 X191.554432 Y144.318005 Z19.238226 E0.485701
G1 X191.007665 Y146.305419 Z19.240917 E0.48568
G1 X190.39877 Y148.274589 Z19.243609 E0.485658
G1 X189.728352 Y150.223574 Z19.2463 E0.485636
G1 X188.997079 Y152.150452 Z19.248991 E0.485614
G1 X188.205677 Y154.053323 Z19.251682 E0.485592
G1 X187.354934 Y155.930312 Z19.254373 E0.48557
G1 X186.445694 Y157.779568 Z19.257064 E0.485548
G1 X185.478859 Y159.59927 Z19.259755 E0.485526
G1 X184.455389 Y161.387624 Z19.262446 E0.485504
G1 X183.3763 Y163.142869 Z19.265138 E0.485482
G1 X182.24266 Y164.863274 Z19.267829 E0.48546
G1 X181.055594 Y166.547146 Z19.27052 E0.485438
G1 X179.816279 Y168.192826 Z19.273211 E0.485416
G1 X178.52594 Y169.798693 Z19.275902 E0.485394
G1 X177.185858 Y171.363167 Z19.278593 E0.485373
G1 X175.797358 Y172.884706 Z19.281284 E0.485351
G1 X174.361815 Y174.361815 Z19.283976 E0.485329
G1 X172.88065 Y175.793038 Z19.286667 E0.485307
G1 X171.355329 Y177.176968 Z19.289358 E0.485285
G1 X169.787362 Y178.512243 Z19.292049 E0.485263
G1 X168.178298 Y179.79755 Z19.29474 E0.485241
G1 X166.529731 Y181.031625 Z19.297431 E0.485219
G1 X164.84329 Y182.213255 Z19.300122 E0.485197
G1 X163.120643 Y183.341278 Z19.302813 E0.485175
G1 X161.363493 Y184.414586 Z19.305505 E0.485153
G1 X159.573578 Y185.432125 Z19.308196 E0.485131
G1 X157.752667 Y186.392896 Z19.310887 E0.485109
G1 X155.902559 Y187.295956 Z19.313578 E0.485087
G1 X154.025083 Y188.140418 Z19.316269 E0.485065
G1 X152.122094 Y188.925455 Z19.31896 E0.485044
G1 X150.195473 Y189.650298 Z19.321651 E0.485022
G1 X148.247123 Y190.314236 Z19.324343 E0.485
G1 X146.278968 Y190.91662 Z19.327034 E0.484978
G1 X144.292953 Y191.456861 Z19.329725 E0.484956
G1 X142.291039 Y191.934431 Z19.332416 E0.484934
G1 X140.275203 Y192.348866 Z19.335107 E0.484912
G1 X138.247435 Y192.699761 Z19.337798 E0.48489
G1 X136.209739 Y192.986775 Z19.340489 E0.484868
G1 X134.164125 Y193.209633 Z19.34318 E0.484846
G1 X132.112613 Y193.368119 Z19.345872 E0.484824
G1 X130.057229 Y193.462082 Z19.348563 E0.484802
G1 X128 Y193.491437 Z19.351254 E0.48478
G1 X125.942957 Y193.45616 Z19.353945 E0.484758
G1 X123.888131 Y193.356291 Z19.356636 E0.484737
G1 X121.837548 Y193.191935 Z19.359327 E0.484715
G1 X119.793232 Y192.96326 Z19.362018 E0.484693
G1 X117.757199 Y192.670497 Z19.364709 E0.484671
G1 X115.731459 Y192.313942 Z19.367401 E0.484649
G1 X113.71801 Y191.893951 Z19.370092 E0.484627
G1 X111.718836 Y191.410945 Z19.372783 E0.484605
G1 X109.735911 Y190.865407 Z19.375474 E0.484583
G1 X107.771189 Y190.25788 Z19.378165 E0.484561
G1 X105.826607 Y189.58897 Z19.380856 E0.484539
G1 X103.904082 Y188.859341 Z19.383547 E0.484517
G1 X102.005511 Y188.069721 Z19.386239 E0.484495
G1 X100.132763 Y187.220892 Z19.38893 E0.484473
G1 X98.287686 Y186.3137 Z19.391621 E0.484451
G1 X96.472097 Y185.349043 Z19.394312 E0.484429
G1 X94.687785 Y184.327879 Z19.397003 E0.484408
G1 X92.936509 Y183.251221 Z19.399694 E0.484386
G1 X91.219993 Y182.120136 Z19.402385 E0.484364
G1 X89.539929 Y180.935746 Z19.405076 E0.484342
G1 X87.897971 Y179.699225 Z19.407768 E0.48432
G1 X86.295735 Y178.411796 Z19.410459 E0.484298
G1 X84.7348 Y177.074736 Z19.41315 E0.484276
G1 X83.216703 Y175.689368 Z19.415841 E0.484254
G1 X81.742936 Y174.257064 Z19.418532 E0.484232
G1 X80.314952 Y172.779241 Z19.421223 E0.48421
G1 X78.934154 Y171.257362 Z19.423914 E0.484188
G1 X77.601901 Y169.692933 Z19.426606 E0.484166
G1 X76.319504 Y168.087502 Z19.429297 E0.484144
G1 X75.088223 Y166.442656 Z19.431988 E0.484122
G1 X73.909269 Y164.760023 Z19.434679 E0.484101
G1 X72.783801 Y163.041265 Z19.43737 E0.484079
G1 X71.712925 Y161.288084 Z19.440061 E0.484057
G1 X70.697691 Y159.502211 Z19.442752 E0.484035
G1 X69.739098 Y157.685412 Z19.445443 E0.484013
G1 X68.838086 Y155.839484 Z19.448135 E0.483991
G1 X67.995538 Y153.966249 Z19.450826 E0.483969
G1 X67.212282 Y152.06756 Z19.453517 E0.483947
G1 X66.489085 Y150.145292 Z19.456208 E0.483925
G1 X65.826654 Y148.201345 Z19.458899 E0.483903
G1 X65.225638 Y146.237638 Z19.46159 E0.483881
G1 X64.686625 Y144.256112 Z19.464281 E0.483859
G1 X64.210141 Y142.258723 Z19.466973 E0.483837
G1 X63.796651 Y140.247444 Z19.469664 E0.483815
G1 X63.446556 Y138.224261 Z19.472355 E0.483794
G1 X63.160197 Y136.191172 Z19.475046 E0.483772
G1 X62.93785 Y134.150184 Z19.477737 E0.48375
G1 X62.779729 Y132.103312 Z19.480428 E0.483728
G1 X62.685985 Y130.052576 Z19.483119 E0.483706
G1 X62.656703 Y128 Z19.48581 E0.483684
G1 X62.691907 Y125.947611 Z19.488502 E0.483662
G1 X62.791557 Y123.897433 Z19.491193 E0.48364
G1 X62.955548 Y121.851489 Z19.493884 E0.483618
G1 X63.183712 Y119.811799 Z19.496575 E0.483596
G1 X63.475819 Y117.780374 Z19.499266 E0.483574
G1 X63.831575 Y115.759218 Z19.501957 E0.483552
G1 X64.250622 Y113.750326 Z19.504648 E0.48353
G1 X64.732541 Y111.755677 Z19.50734 E0.483508
G1 X65.276851 Y109.777241 Z19.510031 E0.483486
G1 X65.88301 Y107.816966 Z19.512722 E0.483465
G1 X66.550413 Y105.876787 Z19.515413 E0.483443
G1 X67.278396 Y103.958616 Z19.518104 E0.483421
G1 X68.066236 Y102.064344 Z19.520795 E0.483399
G1 X68.913149 Y100.195838 Z19.523486 E0.483377
G1 X69.818294 Y98.35494 Z19.526177 E0.483355
G1 X70.780774 Y96.543464 Z19.528869 E0.483333
G1 X71.799632 Y94.763195 Z19.53156 E0.483311
G1 X72.873858 Y93.015887 Z19.534251 E0.483289
G1 X74.002388 Y91.303261 Z19.536942 E0.483267
G1 X75.184102 Y89.627004 Z19.539633 E0.483245
G1 X76.417829 Y87.988767 Z19.542324 E0.483223
G1 X77.702348 Y86.390163 Z19.545015 E0.483201
G1 X79.036386 Y84.832767 Z19.547707 E0.483179
G1 X80.418622 Y83.318112 Z19.550398 E0.483158
G1 X81.847687 Y81.847687 Z19.553089 E0.483136
G1 X83.322168 Y80.422941 Z19.55578 E0.483114
G1 X84.840605 Y79.045275 Z19.558471 E0.483092
G1 X86.401495 Y77.716045 Z19.561162 E0.48307
G1 X88.003294 Y76.436558 Z19.563853 E0.483048
G1 X89.644419 Y75.208071 Z19.566544 E0.483026
G1 X91.323245 Y74.031793 Z19.569236 E0.483004
G1 X93.038112 Y72.90888 Z19.571927 E0.482982
G1 X94.787326 Y71.840435 Z19.574618 E0.48296
G1 X96.569156 Y70.827508 Z19.577309 E0.482938
G1 X98.381842 Y69.871092 Z19.58 E0.482916
G1 X100.223591 Y68.972127 Z19.582691 E0.482894
G1 X102.092584 Y68.131495 Z19.585382 E0.482872
G1 X103.986974 Y67.35002 Z19.588073 E0.48285
G1 X105.904889 Y66.628467 Z19.590765 E0.482829
G1 X107.844433 Y65.967544 Z19.593456 E0.482807
G1 X109.803692 Y65.367896 Z19.596147 E0.482785
G1 X111.780729 Y64.830111 Z19.598838 E0.482763
G1 X113.773593 Y64.354714 Z19.601529 E0.482741
G1 X115.780315 Y63.942167 Z19.60422 E0.482719
G1 X117.798913 Y63.592872 Z19.606911 E0.482697
G1 X119.827395 Y63.307169 Z19.609603 E0.482675
G1 X121.863757 Y63.085333 Z19.612294 E0.482653
G1 X123.90599 Y62.927577 Z19.614985 E0.482631
G1 X125.952078 Y62.834052 Z19.617676 E0.482609
G1 X128 Y62.804844 Z19.620367 E0.482587
G1 X130.047736 Y62.839975 Z19.623058 E0.482565
G1 X132.093266 Y62.939405 Z19.625749 E0.482543
G1 X134.13457 Y63.103031 Z19.62844 E0.482522
G1 X136.169634 Y63.330685 Z19.631132 E0.4825
G1 X138.196452 Y63.622136 Z19.633823 E0.482478
G1 X140.213023 Y63.977091 Z19.636514 E0.482456
G1 X142.217359 Y64.395194 Z19.639205 E0.482434
G1 X144.207482 Y64.876027 Z19.641896 E0.482412
G1 X146.181429 Y65.419109 Z19.644587 E0.48239
G1 X148.137256 Y66.0239 Z19.647278 E0.482368
G1 X150.073032 Y66.689795 Z19.64997 E0.482346
G1 X151.98685 Y67.416134 Z19.652661 E0.482324
G1 X153.876822 Y68.202192 Z19.655352 E0.482302
G1 X155.741087 Y69.04719 Z19.658043 E0.48228
G1 X157.577805 Y69.950288 Z19.660734 E0.482258
G1 X159.385168 Y70.910592 Z19.663425 E0.482236
G1 X161.161388 Y71.927156 Z19.666116 E0.482214
G1 X162.90472 Y72.998962 Z19.668807 E0.482192
G1 X164.613448 Y74.124947 Z19.671499 E0.48217
G1 X166.285889 Y75.303995 Z19.67419 E0.482148
G1 X167.920394 Y76.534938 Z19.676881 E0.482126
G1 X169.515355 Y77.816556 Z19.679572 E0.482104
G1 X171.069202 Y79.14758 Z19.682263 E0.482082
G1 X172.580399 Y80.526697 Z19.684954 E0.48206
G1 X174.04746 Y81.95254 Z19.687645 E0.482038
G1 X175.468944 Y83.423694 Z19.690337 E0.482016
G1 X176.843454 Y84.938703 Z19.693028 E0.481994
G1 X178.169637 Y86.496066 Z19.695719 E0.481972
G1 X179.446189 Y88.094245 Z19.69841 E0.48195
G1 X180.671855 Y89.731657 Z19.701101 E0.481927
G1 X181.84543 Y91.406684 Z19.703792 E0.481905
G1 X182.965749 Y93.117675 Z19.706483 E0.481883
G1 X184.031722 Y94.862932 Z19.709174 E0.481861
G1 X185.042303 Y96.640729 Z19.711866 E0.481839
G1 X185.996499 Y98.449308 Z19.714557 E0.481816
G1 X186.893373 Y100.286882 Z19.717248 E0.481794
G1 X187.732047 Y102.151635 Z19.719939 E0.481772
G1 X188.511697 Y104.041724 Z19.72263 E0.48175
G1 X189.231556 Y105.955283 Z19.725321 E0.481728
G1 X189.890914 Y107.890423 Z19.728012 E0.481705
G1 X190.489135 Y109.845228 Z19.730704 E0.481683
G1 X191.025634 Y111.817768 Z19.733395 E0.481661
G1 X191.499887 Y113.806094 Z19.736086 E0.481638
G1 X191.911431 Y115.808242 Z19.738777 E0.481616
G1 X192.259868 Y117.822237 Z19.741468 E0.481594
G1 X192.544858 Y119.846088 Z19.744159 E0.481571
G1 X192.766117 Y121.877799 Z19.74685 E0.481549
G1 X192.923437 Y123.915364 Z19.749541 E0.481526
G1 X193.016675 Y125.956769 Z19.752233 E0.481504
G1 X193.045742 Y128 Z19.754924 E0.481482
G1 X193.010655 Y130.043042 Z19.757582 E0.473066
G1 X192.911415 Y132.08388 Z19.76024 E0.473044
G1 X192.748128 Y134.1205 Z19.762898 E0.473022
G1 X192.52096 Y136.150893 Z19.765556 E0.473001
G1 X192.230128 Y138.173053 Z19.768214 E0.472979
G1 X191.875938 Y140.184987 Z19.770872 E0.472957
G1 X191.458745 Y142.18471 Z19.77353 E0.472935
G1 X190.978968 Y144.170251 Z19.776188 E0.472913
G1 X190.437085 Y146.13965 Z19.778846 E0.472891
G1 X189.833637 Y148.090967 Z19.781504 E0.47287
G1 X189.169225 Y150.022276 Z19.784162 E0.472848
G1 X188.444506 Y151.931673 Z19.78682 E0.472826
G1 X187.660197 Y153.817273 Z19.789478 E0.472804
G1 X186.817086 Y155.67722 Z19.792136 E0.472782
G1 X185.916011 Y157.509681 Z19.794794 E0.47276
G1 X184.957865 Y159.312851 Z19.797452 E0.472738
G1 X183.943601 Y161.084953 Z19.80011 E0.472716
G1 X182.874223 Y162.824241 Z19.802768 E0.472694
G1 X181.750793 Y164.529001 Z19.805427 E0.472672
G1 X180.574417 Y166.19755 Z19.808085 E0.47265
G1 X179.346264 Y167.828245 Z19.810743 E0.472628
G1 X178.067556 Y169.419484 Z19.813401 E0.472606
G1 X176.739558 Y170.969701 Z19.816059 E0.472584
G1 X175.363586 Y172.477368 Z19.818717 E0.472562
G1 X173.941003 Y173.941003 Z19.821375 E0.47254
G1 X172.473216 Y175.359165 Z19.824033 E0.472518
G1 X170.961678 Y176.730458 Z19.826691 E0.472496
G1 X169.407878 Y178.053526 Z19.829349 E0.472474
G1 X167.813359 Y179.327074 Z19.832007 E0.472452
G1 X166.179701 Y180.54985 Z19.834665 E0.472429
G1 X164.508519 Y181.720654 Z19.837323 E0.472407
G1 X162.801465 Y182.838335 Z19.839981 E0.472385
G1 X161.060229 Y183.901794 Z19.842639 E0.472363
G1 X159.28653 Y184.909987 Z19.845297 E0.472341
G1 X157.482124 Y185.861925 Z19.847955 E0.472319
G1 X155.648792 Y186.756674 Z19.850613 E0.472296
G1 X153.788347 Y187.593355 Z19.853271 E0.472274
G1 X151.902629 Y188.371149 Z19.855929 E0.472252
G1 X149.993499 Y189.089293 Z19.858587 E0.47223
G1 X148.062844 Y189.747084 Z19.861245 E0.472208
G1 X146.112571 Y190.34388 Z19.863903 E0.472186
G1 X144.144608 Y190.879096 Z19.866562 E0.472164
G1 X142.160897 Y191.352211 Z19.86922 E0.472141
G1 X140.163398 Y191.762763 Z19.871878 E0.472119
G1 X138.154082 Y192.110353 Z19.874536 E0.472097
G1 X136.134935 Y192.394644 Z19.877194 E0.472075
G1 X134.10795 Y192.615361 Z19.879852 E0.472053
G1 X132.075127 Y192.772292 Z19.88251 E0.472031
G1 X130.038474 Y192.865289 Z19.885168 E0.472008
G1 X128 Y192.894266 Z19.887826 E0.471986
G1 X125.961718 Y192.8592 Z19.890484 E0.471964
G1 X123.925638 Y192.760132 Z19.893142 E0.471942
G1 X121.89377 Y192.597165 Z19.8958 E0.47192
G1 X119.868119 Y192.370467 Z19.898458 E0.471898
G1 X117.850683 Y192.080267 Z19.901116 E0.471876
G1 X115.843452 Y191.726858 Z19.903774 E0.471853
G1 X113.848406 Y191.310593 Z19.906432 E0.471831
G1 X111.867512 Y190.831891 Z19.90909 E0.471809
G1 X109.902725 Y190.291228 Z19.911748 E0.471787
G1 X107.955982 Y189.689145 Z19.914406 E0.471765
G1 X106.029201 Y189.026241 Z19.917064 E0.471743
G1 X104.124283 Y188.303177 Z19.919722 E0.47172
G1 X102.243106 Y187.520671 Z19.92238 E0.471698
G1 X100.387523 Y186.679501 Z19.925038 E0.471676
G1 X98.559363 Y185.780504 Z19.927696 E0.471654
G1 X96.760428 Y184.82457 Z19.930355 E0.471632
G1 X94.992491 Y183.81265 Z19.933013 E0.47161
G1 X93.257292 Y182.745747 Z19.935671 E0.471588
G1 X91.556542 Y181.62492 Z19.938329 E0.471565
G1 X89.891916 Y180.451278 Z19.940987 E0.471543
G1 X88.265052 Y179.225986 Z19.943645 E0.471521
G1 X86.677554 Y177.950257 Z19.946303 E0.471499
G1 X85.130983 Y176.625355 Z19.948961 E0.471477
G1 X83.626862 Y175.252593 Z19.951619 E0.471455
G1 X82.166671 Y173.833329 Z19.954277 E0.471432
G1 X80.751848 Y172.368968 Z19.956935 E0.47141
G1 X79.383784 Y170.86096 Z19.959593 E0.471388
G1 X78.063825 Y169.310796 Z19.962251 E0.471366
G1 X76.793269 Y167.720012 Z19.964909 E0.471344
G1 X75.573365 Y166.09018 Z19.967567 E0.471322
G1 X74.405312 Y164.422912 Z19.970225 E0.4713
G1 X73.290259 Y162.719858 Z19.972883 E0.471277
G1 X72.229299 Y160.9827 Z19.975541 E0.471255
G1 X71.223477 Y159.213158 Z19.978199 E0.471233
G1 X70.273777 Y157.41298 Z19.980857 E0.471211
G1 X69.381134 Y155.583945 Z19.983515 E0.471189
G1 X68.546422 Y153.727861 Z19.986173 E0.471167
G1 X67.770459 Y151.846562 Z19.988831 E0.471144
G1 X67.054006 Y149.941908 Z19.99149 E0.471122
G1 X66.397764 Y148.01578 Z19.994148 E0.4711
G1 X65.802375 Y146.07008 Z19.996806 E0.471078
G1 X65.268422 Y144.106732 Z19.999464 E0.471056
G1 X64.796424 Y142.127673 Z20.002122 E0.471034
G1 X64.386842 Y140.134859 Z20.00478 E0.471012
G1 X64.040075 Y138.130257 Z20.007438 E0.470989
G1 X63.756458 Y136.115847 Z20.010096 E0.470967
G1 X63.536266 Y134.093617 Z20.012754 E0.470945
G1 X63.37971 Y132.065564 Z20.015412 E0.470923
G1 X63.286938 Y130.03369 Z20.01807 E0.470901
G1 X63.258037 Y128 Z20.020728 E0.470879
G1 X63.293027 Y125.966501 Z20.023386 E0.470856
G1 X63.39187 Y123.935201 Z20.026044 E0.470834
G1 X63.554461 Y121.908103 Z20.028702 E0.470812
G1 X63.780634 Y119.887207 Z20.03136 E0.47079
G1 X64.07016 Y117.874508 Z20.034018 E0.470768
G1 X64.422747 Y115.87199 Z20.036676 E0.470746
G1 X64.838042 Y113.88163 Z20.039334 E0.470724
G1 X65.315627 Y111.905389 Z20.041992 E0.470701
G1 X65.855027 Y109.945216 Z20.04465 E0.470679
G1 X66.455704 Y108.003046 Z20.047308 E0.470657
G1 X67.117057 Y106.080792 Z20.049966 E0.470635
G1 X67.838431 Y104.18035 Z20.052624 E0.470613
G1 X68.619105 Y102.303592 Z20.055283 E0.470591
G1 X69.458306 Y100.45237 Z20.057941 E0.470568
G1 X70.355199 Y98.628507 Z20.060599 E0.470546
G1 X71.308893 Y96.8338 Z20.063257 E0.470524
G1 X72.318443 Y95.070019 Z20.065915 E0.470502
G1 X73.382846 Y93.3389 Z20.068573 E0.47048
G1 X74.501047 Y91.642149 Z20.071231 E0.470458
G1 X75.671938 Y89.981437 Z20.073889 E0.470436
G1 X76.894357 Y88.3584 Z20.076547 E0.470413
G1 X78.167094 Y86.774635 Z20.079205 E0.470391
G1 X79.488889 Y85.231702 Z20.081863 E0.470369
G1 X80.858431 Y83.73112 Z20.084521 E0.470347
G1 X82.274366 Y82.274366 Z20.087179 E0.470325
G1 X83.735291 Y80.862872 Z20.089837 E0.470303
G1 X85.23976 Y79.498028 Z20.092495 E0.47028
G1 X86.786285 Y78.181177 Z20.095153 E0.470258
G1 X88.373335 Y76.913612 Z20.097811 E0.470236
G1 X89.999341 Y75.696581 Z20.100469 E0.470214
G1 X91.662695 Y74.531279 Z20.103127 E0.470192
G1 X93.36175 Y73.418852 Z20.105785 E0.47017
G1 X95.094828 Y72.360393 Z20.108443 E0.470148
G1 X96.860214 Y71.35694 Z20.111101 E0.470125
G1 X98.656164 Y70.40948 Z20.113759 E0.470103
G1 X100.480903 Y69.518942 Z20.116418 E0.470081
G1 X102.332626 Y68.686198 Z20.119076 E0.470059
G1 X104.209504 Y67.912066 Z20.121734 E0.470037
G1 X106.109683 Y67.197305 Z20.124392 E0.470015
G1 X108.031284 Y66.542613 Z20.12705 E0.469992
G1 X109.972411 Y65.948631 Z20.129708 E0.46997
G1 X111.931144 Y65.415939 Z20.132366 E0.469948
G1 X113.905551 Y64.945059 Z20.135024 E0.469926
G1 X115.89368 Y64.536447 Z20.137682 E0.469904
G1 X117.893568 Y64.190502 Z20.14034 E0.469882
G1 X119.903242 Y63.90756 Z20.142998 E0.46986
G1 X121.920716 Y63.687893 Z20.145656 E0.469837
G1 X123.943999 Y63.531712 Z20.148314 E0.469815
G1 X125.971094 Y63.439166 Z20.150972 E0.469793
G1 X128 Y63.410339 Z20.15363 E0.469771
G1 X130.028715 Y63.445255 Z20.156288 E0.469749
G1 X132.055236 Y63.543872 Z20.158946 E0.469727
G1 X134.077564 Y63.706088 Z20.161604 E0.469704
G1 X136.093704 Y63.931736 Z20.164262 E0.469682
G1 X138.101666 Y64.220588 Z20.16692 E0.46966
G1 X140.099471 Y64.572352 Z20.169578 E0.469638
G1 X142.085147 Y64.986676 Z20.172236 E0.469616
G1 X144.056735 Y65.463145 Z20.174894 E0.469594
G1 X146.012292 Y66.001283 Z20.177553 E0.469572
G1 X147.94989 Y66.600552 Z20.180211 E0.469549
G1 X149.867617 Y67.260356 Z20.182869 E0.469527
G1 X151.763584 Y67.980038 Z20.185527 E0.469505
G1 X153.635921 Y68.758882 Z20.188185 E0.469483
G1 X155.482783 Y69.596114 Z20.190843 E0.469461
G1 X157.302349 Y70.490902 Z20.193501 E0.469439
G1 X159.092827 Y71.442357 Z20.196159 E0.469416
G1 X160.852453 Y72.449536 Z20.198817 E0.469394
G1 X162.579492 Y73.511439 Z20.201475 E0.469372
G1 X164.272244 Y74.627014 Z20.204133 E0.46935
G1 X165.929041 Y75.795153 Z20.206791 E0.469328
G1 X167.548253 Y77.0147 Z20.209449 E0.469306
G1 X169.128283 Y78.284446 Z20.212107 E0.469284
G1 X170.667578 Y79.603133 Z20.214765 E0.469261
G1 X172.164621 Y80.969455 Z20.217423 E0.469239
G1 X173.61794 Y82.38206 Z20.220081 E0.469217
G1 X175.026104 Y83.839549 Z20.222739 E0.469195
G1 X176.387728 Y85.34048 Z20.225397 E0.469173
G1 X177.701472 Y86.883366 Z20.228055 E0.469151
G1 X178.966045 Y88.466683 Z20.230713 E0.469128
G1 X180.180204 Y90.088863 Z20.233371 E0.469106
G1 X181.342754 Y91.748302 Z20.236029 E0.469084
G1 X182.452554 Y93.443358 Z20.238687 E0.469062
G1 X183.508514 Y95.172356 Z20.241346 E0.46904
G1 X184.509596 Y96.933587 Z20.244004 E0.469018
G1 X185.454817 Y98.725308 Z20.246662 E0.468996
G1 X186.343251 Y100.54575 Z20.24932 E0.468973
G1 X187.174025 Y102.393113 Z20.251978 E0.468951
G1 X187.946326 Y104.26557 Z20.254636 E0.468929
G1 X188.659397 Y106.161273 Z20.257294 E0.468907
G1 X189.312539 Y108.078348 Z20.259952 E0.468885
G1 X189.905114 Y110.014902 Z20.26261 E0.468863
G1 X190.436543 Y111.969021 Z20.265268 E0.46884
G1 X190.906307 Y113.938775 Z20.267926 E0.468818
G1 X191.313948 Y115.922219 Z20.270584 E0.468796
G1 X191.65907 Y117.917394 Z20.273242 E0.468774
G1 X191.941338 Y119.92233 Z20.2759 E0.468752
G1 X192.16048 Y121.935049 Z20.278558 E0.46873
G1 X192.316286 Y123.953562 Z20.281216 E0.468708
G1 X192.408607 Y125.975878 Z20.283874 E0.468685
G1 X192.437358 Y128 Z20.286532 E0.468663
G1 X192.402553 Y130.023932 Z20.28916 E0.46324
G1 X192.304196 Y132.045677 Z20.291787 E0.463218
G1 X192.14239 Y134.063241 Z20.294414 E0.463197
G1 X191.917301 Y136.074633 Z20.297042 E0.463175
G1 X191.629158 Y138.077869 Z20.299669 E0.463153
G1 X191.278249 Y140.070972 Z20.302297 E0.463132
G1 X190.864929 Y142.051976 Z20.304924 E0.46311
G1 X190.389609 Y144.018929 Z20.307552 E0.463088
G1 X189.852765 Y145.96989 Z20.310179 E0.463067
G1 X189.254933 Y147.902934 Z20.312806 E0.463045
G1 X188.596709 Y149.816157 Z20.315434 E0.463024
G1 X187.878746 Y151.707673 Z20.318061 E0.463002
G1 X187.10176 Y153.575615 Z20.320689 E0.46298
G1 X186.266523 Y155.418145 Z20.323316 E0.462959
G1 X185.373865 Y157.233444 Z20.325943 E0.462937
G1 X184.424671 Y159.019725 Z20.328571 E0.462915
G1 X183.419884 Y160.775228 Z20.331198 E0.462894
G1 X182.360501 Y162.498223 Z20.333826 E0.462872
G1 X181.247571 Y164.187012 Z20.336453 E0.46285
G1 X180.082199 Y165.839933 Z20.33908 E0.462829
G1 X178.865538 Y167.455355 Z20.341708 E0.462807
G1 X177.598794 Y169.03169 Z20.344335 E0.462785
G1 X176.283222 Y170.567386 Z20.346963 E0.462764
G1 X174.920126 Y172.060931 Z20.34959 E0.462742
G1 X173.510855 Y173.510855 Z20.352217 E0.46272
G1 X172.056804 Y174.915731 Z20.354845 E0.462699
G1 X170.559413 Y176.274178 Z20.357472 E0.462677
G1 X169.020162 Y177.584858 Z20.3601 E0.462655
G1 X167.440574 Y178.846481 Z20.362727 E0.462634
G1 X165.822212 Y180.057809 Z20.365354 E0.462612
G1 X164.166678 Y181.21765 Z20.367982 E0.46259
G1 X162.475608 Y182.324866 Z20.370609 E0.462569
G1 X160.750675 Y183.378367 Z20.373237 E0.462547
G1 X158.993584 Y184.377121 Z20.375864 E0.462525
G1 X157.206073 Y185.320145 Z20.378492 E0.462504
G1 X155.389907 Y186.206515 Z20.381119 E0.462482
G1 X153.546881 Y187.035359 Z20.383746 E0.46246
G1 X151.678818 Y187.805867 Z20.386374 E0.462438
G1 X149.787563 Y188.517284 Z20.389001 E0.462417
G1 X147.874985 Y189.168913 Z20.391629 E0.462395
G1 X145.942973 Y189.760118 Z20.394256 E0.462373
G1 X143.993436 Y190.290319 Z20.396883 E0.462352
G1 X142.028299 Y190.759001 Z20.399511 E0.46233
G1 X140.049502 Y191.165704 Z20.402138 E0.462308
G1 X138.059001 Y191.510033 Z20.404766 E0.462286
G1 X136.05876 Y191.791655 Z20.407393 E0.462265
G1 X134.050755 Y192.010299 Z20.41002 E0.462243
G1 X132.036967 Y192.165754 Z20.412648 E0.462221
G1 X130.019385 Y192.257874 Z20.415275 E0.462199
G1 X128 Y192.286573 Z20.417903 E0.462178
G1 X125.980805 Y192.251829 Z20.42053 E0.462156
G1 X123.963793 Y192.15368 Z20.423157 E0.462134
G1 X121.950953 Y191.99223 Z20.425785 E0.462112
G1 X119.944273 Y191.767645 Z20.428412 E0.462091
G1 X117.945732 Y191.480153 Z20.43104 E0.462069
G1 X115.9573 Y191.130043 Z20.433667 E0.462047
G1 X113.98094 Y190.717668 Z20.436295 E0.462025
G1 X112.018601 Y190.243439 Z20.438922 E0.462004
G1 X110.072218 Y189.70783 Z20.441549 E0.461982
G1 X108.143711 Y189.111374 Z20.444177 E0.46196
G1 X106.234981 Y188.454667 Z20.446804 E0.461938
G1 X104.347909 Y187.738363 Z20.449432 E0.461916
G1 X102.484356 Y186.963174 Z20.452059 E0.461895
G1 X100.646159 Y186.129871 Z20.454686 E0.461873
G1 X98.835129 Y185.239282 Z20.457314 E0.461851
G1 X97.053051 Y184.292292 Z20.459941 E0.461829
G1 X95.30168 Y183.289839 Z20.462569 E0.461808
G1 X93.582745 Y182.232916 Z20.465196 E0.461786
G1 X91.897936 Y181.122574 Z20.467823 E0.461764
G1 X90.248913 Y179.959914 Z20.470451 E0.461742
G1 X88.6373 Y178.746087 Z20.473078 E0.46172
G1 X87.064684 Y177.482297 Z20.475706 E0.461699
G1 X85.532613 Y176.169796 Z20.478333 E0.461677
G1 X84.042595 Y174.809882 Z20.48096 E0.461655
G1 X82.596097 Y173.403903 Z20.483588 E0.461633
G1 X81.194544 Y171.953249 Z20.486215 E0.461611
G1 X79.839313 Y170.459357 Z20.488843 E0.461589
G1 X78.531737 Y168.923706 Z20.49147 E0.461568
G1 X77.273101 Y167.347816 Z20.494097 E0.461546
G1 X76.064644 Y165.733244 Z20.496725 E0.461524
G1 X74.907554 Y164.081589 Z20.499352 E0.461502
G1 X73.802966 Y162.394484 Z20.50198 E0.46148
G1 X72.751967 Y160.673595 Z20.504607 E0.461458
G1 X71.755591 Y158.920626 Z20.507235 E0.461437
G1 X70.814813 Y157.137308 Z20.509862 E0.461415
G1 X69.930556 Y155.325406 Z20.512489 E0.461393
G1 X69.103689 Y153.48671 Z20.515117 E0.461371
G1 X68.33502 Y151.623037 Z20.517744 E0.461349
G1 X67.625305 Y149.736228 Z20.520372 E0.461327
G1 X66.975236 Y147.828148 Z20.522999 E0.461305
G1 X66.385451 Y145.900681 Z20.525626 E0.461284
G1 X65.856525 Y143.955733 Z20.528254 E0.461262
G1 X65.388974 Y141.995222 Z20.530881 E0.46124
G1 X64.983255 Y140.021087 Z20.533509 E0.461218
G1 X64.639761 Y138.035276 Z20.536136 E0.461196
G1 X64.358827 Y136.03975 Z20.538763 E0.461174
G1 X64.140722 Y134.036479 Z20.541391 E0.461152
G1 X63.985657 Y132.027441 Z20.544018 E0.461131
G1 X63.893778 Y130.014619 Z20.546646 E0.461109
G1 X63.86517 Y128 Z20.549273 E0.461087
G1 X63.899856 Y125.985572 Z20.5519 E0.461065
G1 X63.997794 Y123.973323 Z20.554528 E0.461043
G1 X64.158883 Y121.965238 Z20.557155 E0.461021
G1 X64.382958 Y119.963299 Z20.559783 E0.460999
G1 X64.669791 Y117.96948 Z20.56241 E0.460978
G1 X65.019094 Y115.98575 Z20.565038 E0.460956
G1 X65.430515 Y114.014063 Z20.567665 E0.460934
G1 X65.903643 Y112.056365 Z20.570292 E0.460912
G1 X66.438005 Y110.114587 Z20.57292 E0.46089
G1 X67.033068 Y108.190643 Z20.575547 E0.460868
G1 X67.688239 Y106.28643 Z20.578175 E0.460846
G1 X68.402866 Y104.403825 Z20.580802 E0.460825
G1 X69.176238 Y102.544685 Z20.583429 E0.460803
G1 X70.007586 Y100.710841 Z20.586057 E0.460781
G1 X70.896084 Y98.904101 Z20.588684 E0.460759
G1 X71.840849 Y97.126246 Z20.591312 E0.460737
G1 X72.840946 Y95.379026 Z20.593939 E0.460715
G1 X73.89538 Y93.664164 Z20.596566 E0.460693
G1 X75.003107 Y91.983349 Z20.599194 E0.460672
G1 X76.163028 Y90.338235 Z20.601821 E0.46065
G1 X77.373993 Y88.730444 Z20.604449 E0.460628
G1 X78.634803 Y87.161558 Z20.607076 E0.460606
G1 X79.944209 Y85.633121 Z20.609703 E0.460584
G1 X81.300914 Y84.146639 Z20.612331 E0.460562
G1 X82.703574 Y82.703574 Z20.614958 E0.46054
G1 X84.150802 Y81.305347 Z20.617586 E0.460519
G1 X85.641164 Y79.953332 Z20.620213 E0.460497
G1 X87.173186 Y78.648859 Z20.622841 E0.460475
G1 X88.745352 Y77.393212 Z20.625468 E0.460453
G1 X90.356106 Y76.187625 Z20.628095 E0.460431
G1 X92.003856 Y75.033283 Z20.630723 E0.460409
G1 X93.686972 Y73.93132 Z20.63335 E0.460387
G1 X95.403789 Y72.882818 Z20.635978 E0.460366
G1 X97.152611 Y71.888808 Z20.638605 E0.460344
G1 X98.931708 Y70.950264 Z20.641232 E0.460322
G1 X100.739321 Y70.068109 Z20.64386 E0.4603
G1 X102.573665 Y69.243206 Z20.646487 E0.460278
G1 X104.432926 Y68.476366 Z20.649115 E0.460256
G1 X106.315267 Y67.768338 Z20.651742 E0.460234
G1 X108.218829 Y67.119816 Z20.654369 E0.460213
G1 X110.141731 Y66.531435 Z20.656997 E0.460191
G1 X112.082073 Y66.003769 Z20.659624 E0.460169
G1 X114.03794 Y65.537334 Z20.662252 E0.460147
G1 X116.007399 Y65.132583 Z20.664879 E0.460125
G1 X117.988505 Y64.789911 Z20.667506 E0.460103
G1 X119.979303 Y64.509649 Z20.670134 E0.460081
G1 X121.977827 Y64.292068 Z20.672761 E0.46006
G1 X123.982104 Y64.137378 Z20.675389 E0.460038
G1 X125.990156 Y64.045724 Z20.678016 E0.460016
G1 X128 Y64.017191 Z20.680643 E0.459994
G1 X130.009653 Y64.051801 Z20.683271 E0.459972
G1 X132.017132 Y64.149515 Z20.685898 E0.45995
G1 X134.020456 Y64.31023 Z20.688526 E0.459928
G1 X136.017648 Y64.53378 Z20.691153 E0.459906
G1 X138.006738 Y64.81994 Z20.693781 E0.459885
G1 X139.985765 Y65.168422 Z20.696408 E0.459863
G1 X141.952775 Y65.578874 Z20.699035 E0.459841
G1 X143.905829 Y66.050888 Z20.701663 E0.459819
G1 X145.843 Y66.58399 Z20.70429 E0.459797
G1 X147.76238 Y67.177649 Z20.706918 E0.459775
G1 X149.662075 Y67.831273 Z20.709545 E0.459753
G1 X151.540212 Y68.544211 Z20.712172 E0.459732
G1 X153.39494 Y69.315756 Z20.7148 E0.45971
G1 X155.224431 Y70.145138 Z20.717427 E0.459688
G1 X157.026883 Y71.031535 Z20.720055 E0.459666
G1 X158.800518 Y71.974066 Z20.722682 E0.459644
G1 X160.543589 Y72.971796 Z20.725309 E0.459622
G1 X162.254379 Y74.023735 Z20.727937 E0.4596
G1 X163.931203 Y75.12884 Z20.730564 E0.459579
G1 X165.572409 Y76.286015 Z20.733192 E0.459557
G1 X167.176382 Y77.494113 Z20.735819 E0.459535
G1 X168.741541 Y78.751937 Z20.738446 E0.459513
G1 X170.266346 Y80.058242 Z20.741074 E0.459491
G1 X171.749295 Y81.411732 Z20.743701 E0.459469
G1 X173.188931 Y82.811069 Z20.746329 E0.459447
G1 X174.583835 Y84.254867 Z20.748956 E0.459426
G1 X175.932636 Y85.741697 Z20.751584 E0.459404
G1 X177.234007 Y87.270088 Z20.754211 E0.459382
G1 X178.486668 Y88.838526 Z20.756838 E0.45936
G1 X179.689387 Y90.445462 Z20.759466 E0.459338
G1 X180.840984 Y92.089305 Z20.762093 E0.459316
G1 X181.940325 Y93.768429 Z20.764721 E0.459294
G1 X182.986331 Y95.481174 Z20.767348 E0.459273
G1 X183.977976 Y97.225848 Z20.769975 E0.459251
G1 X184.914284 Y99.000724 Z20.772603 E0.459229
G1 X185.794339 Y100.804049 Z20.77523 E0.459207
G1 X186.617276 Y102.63404 Z20.777858 E0.459185
G1 X187.382289 Y104.488889 Z20.780485 E0.459163
G1 X188.088629 Y106.366763 Z20.783112 E0.459141
G1 X188.735603 Y108.265806 Z20.78574 E0.45912
G1 X189.32258 Y110.184144 Z20.788367 E0.459098
G1 X189.848986 Y112.11988 Z20.790995 E0.459076
G1 X190.314307 Y114.071102 Z20.793622 E0.459054
G1 X190.718089 Y116.035885 Z20.796249 E0.459032
G1 X191.05994 Y118.012287 Z20.798877 E0.45901
G1 X191.339529 Y119.998357 Z20.801504 E0.458988
G1 X191.556586 Y121.992134 Z20.804132 E0.458967
G1 X191.710902 Y123.99165 Z20.806759 E0.458945
G1 X191.802331 Y125.994931 Z20.809386 E0.458923
G1 X191.830788 Y128 Z20.812014 E0.458901
G1 X191.796267 Y130.004878 Z20.814629 E0.458879
G1 X191.698792 Y132.007588 Z20.817245 E0.458857
G1 X191.538466 Y134.006153 Z20.81986 E0.458836
G1 X191.315453 Y135.998602 Z20.822475 E0.458814
G1 X191.029979 Y137.982968 Z20.825091 E0.458792
G1 X190.682332 Y139.957294 Z20.827706 E0.45877
G1 X190.272861 Y141.919634 Z20.830321 E0.458749
G1 X189.801975 Y143.86805 Z20.832937 E0.458727
G1 X189.270146 Y145.800623 Z20.835552 E0.458705
G1 X188.677904 Y147.715446 Z20.838168 E0.458683
G1 X188.025838 Y149.610631 Z20.840783 E0.458662
G1 X187.314599 Y151.484311 Z20.843398 E0.45864
G1 X186.544893 Y153.334637 Z20.846014 E0.458618
G1 X185.717486 Y155.159787 Z20.848629 E0.458596
G1 X184.833199 Y156.957962 Z20.851244 E0.458575
G1 X183.892912 Y158.727388 Z20.85386 E0.458553
G1 X182.897557 Y160.466325 Z20.856475 E0.458531
G1 X181.848121 Y162.173057 Z20.859091 E0.458509
G1 X180.745645 Y163.845903 Z20.861706 E0.458488
G1 X179.591223 Y165.483217 Z20.864321 E0.458466
G1 X178.385998 Y167.083386 Z20.866937 E0.458444
G1 X177.131165 Y168.644834 Z20.869552 E0.458422
G1 X175.827966 Y170.166024 Z20.872167 E0.458401
G1 X174.477693 Y171.645459 Z20.874783 E0.458379
G1 X173.081682 Y173.081682 Z20.877398 E0.458357
G1 X171.641315 Y174.473281 Z20.880014 E0.458335
G1 X170.158018 Y175.818885 Z20.882629 E0.458314
G1 X168.633259 Y177.117173 Z20.885244 E0.458292
G1 X167.068547 Y178.366867 Z20.88786 E0.45827
G1 X165.465428 Y179.566738 Z20.890475 E0.458248
G1 X163.82549 Y180.715607 Z20.89309 E0.458226
G1 X162.150353 Y181.812346 Z20.895706 E0.458205
G1 X160.441675 Y182.855876 Z20.898321 E0.458183
G1 X158.701144 Y183.845174 Z20.900937 E0.458161
G1 X156.930482 Y184.779267 Z20.903552 E0.458139
G1 X155.131438 Y185.65724 Z20.906167 E0.458118
G1 X153.30579 Y186.478231 Z20.908783 E0.458096
G1 X151.455344 Y187.241436 Z20.911398 E0.458074
G1 X149.581926 Y187.946106 Z20.914013 E0.458052
G1 X147.687389 Y188.591553 Z20.916629 E0.458031
G1 X145.773603 Y189.177144 Z20.919244 E0.458009
G1 X143.84246 Y189.702308 Z20.921859 E0.457987
G1 X141.895866 Y190.166531 Z20.924475 E0.457965
G1 X139.935744 Y190.569363 Z20.92709 E0.457944
G1 X137.96403 Y190.91041 Z20.929706 E0.457922
G1 X135.98267 Y191.189343 Z20.932321 E0.4579
G1 X133.993621 Y191.405891 Z20.934936 E0.457878
G1 X131.998847 Y191.559848 Z20.937552 E0.457857
G1 X130.000315 Y191.651067 Z20.940167 E0.457835
G1 X128 Y191.679464 Z20.942782 E0.457813
G1 X125.999875 Y191.645017 Z20.945398 E0.457791
G1 X124.001913 Y191.547766 Z20.948013 E0.45777
G1 X122.008088 Y191.387813 Z20.950629 E0.457748
G1 X120.020364 Y191.165322 Z20.953244 E0.457726
G1 X118.040704 Y190.880518 Z20.955859 E0.457704
G1 X116.071061 Y190.533688 Z20.958475 E0.457683
G1 X114.113377 Y190.125181 Z20.96109 E0.457661
G1 X112.169583 Y189.655405 Z20.963705 E0.457639
G1 X110.241595 Y189.12483 Z20.966321 E0.457617
G1 X108.331316 Y188.533985 Z20.968936 E0.457596
G1 X106.440628 Y187.88346 Z20.971552 E0.457574
G1 X104.571395 Y187.173901 Z20.974167 E0.457552
G1 X102.725461 Y186.406014 Z20.976782 E0.45753
G1 X100.904644 Y185.580563 Z20.979398 E0.457508
G1 X99.110738 Y184.698368 Z20.982013 E0.457487
G1 X97.345513 Y183.760305 Z20.984628 E0.457465
G1 X95.610706 Y182.767305 Z20.987244 E0.457443
G1 X93.908027 Y181.720353 Z20.989859 E0.457421
G1 X92.239153 Y180.620488 Z20.992474 E0.4574
G1 X90.605729 Y179.468799 Z20.99509 E0.457378
G1 X89.009361 Y178.266428 Z20.997705 E0.457356
G1 X87.451623 Y177.014567 Z21.000321 E0.457334
G1 X85.934048 Y175.714456 Z21.002936 E0.457313
G1 X84.45813 Y174.367382 Z21.005551 E0.457291
G1 X83.025321 Y172.974679 Z21.008167 E0.457269
G1 X81.63703 Y171.537727 Z21.010782 E0.457247
G1 X80.294625 Y170.057946 Z21.013397 E0.457226
G1 X78.999424 Y168.536802 Z21.016013 E0.457204
G1 X77.752714 Y166.97579 Z21.018628 E0.457182
G1 X76.555708 Y165.376466 Z21.021244 E0.45716
G1 X75.409584 Y163.74041 Z21.023859 E0.457138
G1 X74.315468 Y162.06924 Z21.026474 E0.457116
G1 X73.274434 Y160.364609 Z21.02909 E0.457095
G1 X72.287505 Y158.628203 Z21.031705 E0.457073
G1 X71.35565 Y156.861738 Z21.03432 E0.457051
G1 X70.479784 Y155.066959 Z21.036936 E0.457029
G1 X69.660776 Y153.245637 Z21.039551 E0.457007
G1 X68.899418 Y151.399576 Z21.042167 E0.456985
G1 X68.196455 Y149.530601 Z21.044782 E0.456963
G1 X67.552577 Y147.640558 Z21.047397 E0.456941
G1 X66.968412 Y145.731316 Z21.050013 E0.456919
G1 X66.444531 Y143.804758 Z21.052628 E0.456897
G1 X65.981446 Y141.862789 Z21.055243 E0.456875
G1 X65.579612 Y139.907326 Z21.057859 E0.456853
G1 X65.239424 Y137.940299 Z21.060474 E0.456831
G1 X64.961204 Y135.963652 Z21.06309 E0.456809
G1 X64.74522 Y133.979337 Z21.065705 E0.456787
G1 X64.591678 Y131.989313 Z21.06832 E0.456765
G1 X64.500725 Y129.995545 Z21.070936 E0.456743
G1 X64.472444 Y128 Z21.073551 E0.456721
G1 X64.506858 Y126.004648 Z21.076166 E0.456699
G1 X64.603932 Y124.011457 Z21.078782 E0.456677
G1 X64.763565 Y122.022397 Z21.081397 E0.456655
G1 X64.985586 Y120.039428 Z21.084012 E0.456633
G1 X65.269771 Y118.064508 Z21.086628 E0.456611
G1 X65.615833 Y116.099584 Z21.089243 E0.456588
G1 X66.023424 Y114.146594 Z21.091859 E0.456566
G1 X66.492136 Y112.207465 Z21.094474 E0.456544
G1 X67.021501 Y110.284108 Z21.097089 E0.456522
G1 X67.610999 Y108.378424 Z21.099705 E0.4565
G1 X68.260038 Y106.49229 Z21.10232 E0.456478
G1 X68.967968 Y104.627565 Z21.104935 E0.456455
G1 X69.734083 Y102.786086 Z21.107551 E0.456433
G1 X70.557623 Y100.969669 Z21.110166 E0.456411
G1 X71.437768 Y99.180103 Z21.112782 E0.456389
G1 X72.373645 Y97.419153 Z21.115397 E0.456366
G1 X73.364325 Y95.688552 Z21.118012 E0.456344
G1 X74.408834 Y93.990012 Z21.120628 E0.456322
G1 X75.506129 Y92.325202 Z21.123243 E0.456299
G1 X76.655119 Y90.695761 Z21.125858 E0.456277
G1 X77.854666 Y89.103292 Z21.128474 E0.456255
G1 X79.10358 Y87.549364 Z21.131089 E0.456232
G1 X80.400625 Y86.035506 Z21.133705 E0.45621
G1 X81.744515 Y84.563209 Z21.13632 E0.456188
G1 X83.133921 Y83.133921 Z21.138935 E0.456165
G1 X84.567474 Y81.749058 Z21.141551 E0.456143
G1 X86.043748 Y80.409973 Z21.144166 E0.45612
G1 X87.56128 Y79.117985 Z21.146781 E0.456098
G1 X89.118569 Y77.874361 Z21.149397 E0.456076
G1 X90.714075 Y76.680326 Z21.152012 E0.456053
G1 X92.346218 Y75.537053 Z21.154628 E0.456031
G1 X94.013385 Y74.445664 Z21.157243 E0.456008
G1 X95.713928 Y73.407234 Z21.159858 E0.455986
G1 X97.446171 Y72.422791 Z21.162474 E0.455963
G1 X99.208393 Y71.493291 Z21.165089 E0.455941
G1 X100.998854 Y70.619645 Z21.167704 E0.455918
G1 X102.815784 Y69.802711 Z21.17032 E0.455896
G1 X104.657386 Y69.043288 Z21.172935 E0.455873
G1 X106.521842 Y68.342122 Z21.17555 E0.455851
G1 X108.407309 Y67.699897 Z21.178166 E0.455828
G1 X110.311925 Y67.117246 Z21.180781 E0.455805
G1 X112.23381 Y66.594743 Z21.183397 E0.455783
G1 X114.171062 Y66.132889 Z21.186012 E0.45576
G1 X116.121769 Y65.732134 Z21.188627 E0.455738
G1 X118.084004 Y65.392866 Z21.191243 E0.455715
G1 X120.055829 Y65.115415 Z21.193858 E0.455692
G1 X122.035298 Y64.900049 Z21.196473 E0.45567
G1 X124.020457 Y64.746973 Z21.199089 E0.455647
G1 X126.009345 Y64.656332 Z21.201704 E0.455624
G1 X128 Y64.628211 Z21.20432 E0.455602
G1 X129.990457 Y64.662629 Z21.206935 E0.455579
G1 X131.978752 Y64.759548 Z21.20955 E0.455556
G1 X133.962923 Y64.918865 Z21.212166 E0.455534
G1 X135.941012 Y65.140417 Z21.214781 E0.455511
G1 X137.911068 Y65.423979 Z21.217396 E0.455488
G1 X139.871148 Y65.769265 Z21.220012 E0.455466
G1 X141.819317 Y66.175928 Z21.222627 E0.455443
G1 X143.753656 Y66.643561 Z21.225243 E0.45542
G1 X145.672256 Y67.171696 Z21.227858 E0.455398
G1 X147.573225 Y67.759806 Z21.230473 E0.455375
G1 X149.45469 Y68.407305 Z21.233089 E0.455353
G1 X151.314796 Y69.113547 Z21.235704 E0.45533
G1 X153.151709 Y69.877831 Z21.238319 E0.455307
G1 X154.963618 Y70.699395 Z21.240935 E0.455285
G1 X156.748738 Y71.577424 Z21.24355 E0.455262
G1 X158.505311 Y72.511045 Z21.246165 E0.455239
G1 X160.231605 Y73.499332 Z21.248781 E0.455217
G1 X161.92592 Y74.541304 Z21.251396 E0.455194
G1 X163.586587 Y75.635927 Z21.254012 E0.455171
G1 X165.211971 Y76.782115 Z21.256627 E0.455149
G1 X166.800471 Y77.978734 Z21.259242 E0.455126
G1 X168.350524 Y79.224596 Z21.261858 E0.455103
G1 X169.860602 Y80.518467 Z21.264473 E0.455081
G1 X171.329221 Y81.859066 Z21.267088 E0.455058
G1 X172.754935 Y83.245065 Z21.269704 E0.455035
G1 X174.136342 Y84.675091 Z21.272319 E0.455013
G1 X175.472081 Y86.14773 Z21.274935 E0.45499
G1 X176.760841 Y87.661524 Z21.27755 E0.454968
G1 X178.001354 Y89.214974 Z21.280165 E0.454945
G1 X179.1924 Y90.806545 Z21.282781 E0.454922
G1 X180.332809 Y92.43466 Z21.285396 E0.4549
G1 X181.42146 Y94.097711 Z21.288011 E0.454877
G1 X182.457285 Y95.794051 Z21.290627 E0.454854
G1 X183.439266 Y97.522005 Z21.293242 E0.454832
G1 X184.366441 Y99.279864 Z21.295858 E0.454809
G1 X185.237898 Y101.06589 Z21.298473 E0.454786
G1 X186.052785 Y102.878317 Z21.301088 E0.454764
G1 X186.810301 Y104.715354 Z21.303704 E0.454741
G1 X187.509707 Y106.575187 Z21.306319 E0.454718
G1 X188.150316 Y108.455978 Z21.308934 E0.454696
G1 X188.731503 Y110.355867 Z21.31155 E0.454673
G1 X189.2527 Y112.27298 Z21.314165 E0.45465
G1 X189.713399 Y114.205421 Z21.316781 E0.454628
G1 X190.113151 Y116.151283 Z21.319396 E0.454605
G1 X190.451568 Y118.108643 Z21.322011 E0.454583
G1 X190.728321 Y120.07557 Z21.324627 E0.45456
G1 X190.943145 Y122.050121 Z21.327242 E0.454537
G1 X191.095833 Y124.030347 Z21.329857 E0.454515
G1 X191.18624 Y126.014292 Z21.332473 E0.454492
G1 X191.214284 Y128 Z21.335088 E0.454469
G1 X191.180014 Y129.985512 Z21.337645 E0.442191
G1 X191.083398 Y131.968871 Z21.340201 E0.442169
G1 X190.92454 Y133.94812 Z21.342758 E0.442148
G1 X190.7036 Y135.921307 Z21.345314 E0.442126
G1 X190.420804 Y137.886484 Z21.347871 E0.442104
G1 X190.076437 Y139.841714 Z21.350427 E0.442083
G1 X189.670843 Y141.785067 Z21.352984 E0.442061
G1 X189.204431 Y143.714627 Z21.35554 E0.44204
G1 X188.677665 Y145.628491 Z21.358097 E0.442018
G1 X188.091071 Y147.524773 Z21.360654 E0.441997
G1 X187.445234 Y149.401601 Z21.36321 E0.441975
G1 X186.740798 Y151.257127 Z21.365767 E0.441954
G1 X185.978463 Y153.089521 Z21.368323 E0.441932
G1 X185.158987 Y154.896978 Z21.37088 E0.441911
G1 X184.283185 Y156.677715 Z21.373436 E0.441889
G1 X183.351925 Y158.429978 Z21.375993 E0.441868
G1 X182.366133 Y160.152041 Z21.378549 E0.441846
G1 X181.326787 Y161.842208 Z21.381106 E0.441824
G1 X180.234917 Y163.498813 Z21.383663 E0.441803
G1 X179.091606 Y165.120225 Z21.386219 E0.441781
G1 X177.897988 Y166.704847 Z21.388776 E0.44176
G1 X176.655245 Y168.251119 Z21.391332 E0.441738
G1 X175.364609 Y169.75752 Z21.393889 E0.441717
G1 X174.027357 Y171.222565 Z21.396445 E0.441695
G1 X172.644815 Y172.644815 Z21.399002 E0.441674
G1 X171.21835 Y174.022868 Z21.401558 E0.441652
G1 X169.749374 Y175.35537 Z21.404115 E0.441631
G1 X168.239343 Y176.64101 Z21.406671 E0.441609
G1 X166.689749 Y177.878523 Z21.409228 E0.441587
G1 X165.102125 Y179.066695 Z21.411785 E0.441566
G1 X163.478043 Y180.204355 Z21.414341 E0.441544
G1 X161.819109 Y181.290388 Z21.416898 E0.441523
G1 X160.126962 Y182.323726 Z21.419454 E0.441501
G1 X158.403276 Y183.303354 Z21.422011 E0.44148
G1 X156.649756 Y184.228312 Z21.424567 E0.441458
G1 X154.868134 Y185.097691 Z21.427124 E0.441437
G1 X153.060171 Y185.910639 Z21.42968 E0.441415
G1 X151.227655 Y186.66636 Z21.432237 E0.441394
G1 X149.372396 Y187.364112 Z21.434793 E0.441372
G1 X147.496226 Y188.003214 Z21.43735 E0.441351
G1 X145.601 Y188.583041 Z21.439907 E0.441329
G1 X143.68859 Y189.103025 Z21.442463 E0.441307
G1 X141.760885 Y189.56266 Z21.44502 E0.441286
G1 X139.819788 Y189.961497 Z21.447576 E0.441264
G1 X137.867216 Y190.29915 Z21.450133 E0.441243
G1 X135.905098 Y190.575291 Z21.452689 E0.441221
G1 X133.93537 Y190.789654 Z21.455246 E0.4412
G1 X131.959977 Y190.942032 Z21.457802 E0.441178
G1 X129.980869 Y191.032282 Z21.460359 E0.441157
G1 X128 Y191.060321 Z21.462916 E0.441135
G1 X126.019324 Y191.026126 Z21.465472 E0.441114
G1 X124.040796 Y190.929739 Z21.468029 E0.441092
G1 X122.066369 Y190.77126 Z21.470585 E0.441071
G1 X120.09799 Y190.550851 Z21.473142 E0.441049
G1 X118.137601 Y190.268737 Z21.475698 E0.441027
G1 X116.187136 Y189.925201 Z21.478255 E0.441006
G1 X114.248519 Y189.520588 Z21.480811 E0.440984
G1 X112.323662 Y189.055305 Z21.483368 E0.440963
G1 X110.414463 Y188.529815 Z21.485924 E0.440941
G1 X108.522805 Y187.944643 Z21.488481 E0.44092
G1 X106.650552 Y187.300374 Z21.491038 E0.440898
G1 X104.79955 Y186.597647 Z21.493594 E0.440877
G1 X102.971625 Y185.837163 Z21.496151 E0.440855
G1 X101.168577 Y185.019677 Z21.498707 E0.440834
G1 X99.392183 Y184.146003 Z21.501264 E0.440812
G1 X97.644194 Y183.217006 Z21.50382 E0.44079
G1 X95.926332 Y182.233611 Z21.506377 E0.440769
G1 X94.24029 Y181.196791 Z21.508933 E0.440747
G1 X92.587727 Y180.107577 Z21.51149 E0.440726
G1 X90.970272 Y178.967048 Z21.514046 E0.440704
G1 X89.389518 Y177.776333 Z21.516603 E0.440683
G1 X87.84702 Y176.536615 Z21.51916 E0.440661
G1 X86.344298 Y175.249119 Z21.521716 E0.44064
G1 X84.88283 Y173.915123 Z21.524273 E0.440618
G1 X83.464054 Y172.535946 Z21.526829 E0.440597
G1 X82.089366 Y171.112955 Z21.529386 E0.440575
G1 X80.76012 Y169.647557 Z21.531942 E0.440554
G1 X79.477621 Y168.141203 Z21.534499 E0.440532
G1 X78.243131 Y166.595384 Z21.537055 E0.44051
G1 X77.057864 Y165.011628 Z21.539612 E0.440489
G1 X75.922984 Y163.391503 Z21.542168 E0.440467
G1 X74.839607 Y161.736611 Z21.544725 E0.440446
G1 X73.808797 Y160.048588 Z21.547282 E0.440424
G1 X72.831565 Y158.329104 Z21.549838 E0.440403
G1 X71.90887 Y156.579858 Z21.552395 E0.440381
G1 X71.041619 Y154.80258 Z21.554951 E0.44036
G1 X70.230661 Y152.999025 Z21.557508 E0.440338
G1 X69.476792 Y151.170977 Z21.560064 E0.440317
G1 X68.780748 Y149.320242 Z21.562621 E0.440295
G1 X68.143213 Y147.448649 Z21.565177 E0.440274
G1 X67.564809 Y145.558046 Z21.567734 E0.440252
G1 X67.046101 Y143.650301 Z21.570291 E0.44023
G1 X66.587595 Y141.727299 Z21.572847 E0.440209
G1 X66.189739 Y139.790938 Z21.575404 E0.440187
G1 X65.852917 Y137.843131 Z21.57796 E0.440166
G1 X65.577458 Y135.885801 Z21.580517 E0.440144
G1 X65.363626 Y133.920881 Z21.583073 E0.440123
G1 X65.211627 Y131.95031 Z21.58563 E0.440101
G1 X65.121605 Y129.976033 Z21.588186 E0.44008
G1 X65.093642 Y128 Z21.590743 E0.440058
G1 X65.127761 Y126.02416 Z21.593299 E0.440037
G1 X65.22392 Y124.050464 Z21.595856 E0.440015
G1 X65.38202 Y122.080858 Z21.598413 E0.439994
G1 X65.601898 Y120.117287 Z21.600969 E0.439972
G1 X65.883331 Y118.161686 Z21.603526 E0.43995
G1 X66.226035 Y116.215986 Z21.606082 E0.439929
G1 X66.629667 Y114.282105 Z21.608639 E0.439907
G1 X67.093821 Y112.361951 Z21.611195 E0.439886
G1 X67.618035 Y110.457417 Z21.613752 E0.439864
G1 X68.201784 Y108.570382 Z21.616308 E0.439843
G1 X68.844487 Y106.702705 Z21.618865 E0.439821
G1 X69.545504 Y104.856228 Z21.621421 E0.4398
G1 X70.304137 Y103.032771 Z21.623978 E0.439778
G1 X71.119633 Y101.234131 Z21.626535 E0.439757
G1 X71.99118 Y99.462081 Z21.629091 E0.439735
G1 X72.917913 Y97.718366 Z21.631648 E0.439713
G1 X73.898912 Y96.004706 Z21.634204 E0.439692
G1 X74.933204 Y94.322787 Z21.636761 E0.43967
G1 X76.019763 Y92.674267 Z21.639317 E0.439649
G1 X77.157511 Y91.06077 Z21.641874 E0.439627
G1 X78.345321 Y89.483883 Z21.64443 E0.439606
G1 X79.582016 Y87.94516 Z21.646987 E0.439584
G1 X80.86637 Y86.446115 Z21.649543 E0.439563
G1 X82.197111 Y84.988225 Z21.6521 E0.439541
G1 X83.572922 Y83.572922 Z21.654657 E0.43952
G1 X84.99244 Y82.201601 Z21.657213 E0.439498
G1 X86.454261 Y80.875609 Z21.65977 E0.439477
G1 X87.956937 Y79.596251 Z21.662326 E0.439455
G1 X89.498981 Y78.364786 Z21.664883 E0.439433
G1 X91.078869 Y77.182423 Z21.667439 E0.439412
G1 X92.695037 Y76.050324 Z21.669996 E0.43939
G1 X94.345888 Y74.969605 Z21.672552 E0.439369
G1 X96.029794 Y73.941334 Z21.675109 E0.439347
G1 X97.745083 Y72.966511 Z21.677666 E0.439326
G1 X99.49006 Y72.046093 Z21.680222 E0.439304
G1 X101.263 Y71.180983 Z21.682779 E0.439282
G1 X103.06215 Y70.372029 Z21.685335 E0.439261
G1 X104.885733 Y69.620025 Z21.687892 E0.439239
G1 X106.731945 Y68.925705 Z21.690448 E0.439217
G1 X108.598965 Y68.289754 Z21.693005 E0.439196
G1 X110.484949 Y67.7128 Z21.695561 E0.439174
G1 X112.388032 Y67.195397 Z21.698118 E0.439152
G1 X114.306332 Y66.73805 Z21.700674 E0.439131
G1 X116.237955 Y66.341203 Z21.703231 E0.439109
G1 X118.180995 Y66.005242 Z21.705788 E0.439087
G1 X120.133532 Y65.730494 Z21.708344 E0.439065
G1 X122.093639 Y65.517222 Z21.710901 E0.439044
G1 X124.05938 Y65.365634 Z21.713457 E0.439022
G1 X126.028815 Y65.275883 Z21.716014 E0.439
G1 X128 Y65.248039 Z21.71857 E0.438978
G1 X129.970989 Y65.282123 Z21.721127 E0.438956
G1 X131.939836 Y65.378096 Z21.723683 E0.438935
G1 X133.9046 Y65.535858 Z21.72624 E0.438913
G1 X135.863341 Y65.755245 Z21.728796 E0.438891
G1 X137.814128 Y66.036036 Z21.731353 E0.438869
G1 X139.755035 Y66.377949 Z21.73391 E0.438847
G1 X141.684146 Y66.780651 Z21.736466 E0.438825
G1 X143.59956 Y67.243726 Z21.739023 E0.438803
G1 X145.499388 Y67.766711 Z21.741579 E0.438781
G1 X147.381758 Y68.349084 Z21.744136 E0.43876
G1 X149.244812 Y68.990264 Z21.746692 E0.438738
G1 X151.086715 Y69.689613 Z21.749249 E0.438716
G1 X152.905652 Y70.446435 Z21.751805 E0.438694
G1 X154.699827 Y71.259979 Z21.754362 E0.438672
G1 X156.467469 Y72.129445 Z21.756919 E0.43865
G1 X158.206841 Y73.053959 Z21.759475 E0.438628
G1 X159.91623 Y74.032603 Z21.762032 E0.438606
G1 X161.59395 Y75.064405 Z21.764588 E0.438584
G1 X163.23835 Y76.148343 Z21.767145 E0.438562
G1 X164.84781 Y77.28334 Z21.769701 E0.43854
G1 X166.420746 Y78.468273 Z21.772258 E0.438518
G1 X167.955608 Y79.701967 Z21.774814 E0.438496
G1 X169.450878 Y80.983208 Z21.777371 E0.438473
G1 X170.905091 Y82.310719 Z21.779927 E0.438451
G1 X172.316818 Y83.683182 Z21.782484 E0.438429
G1 X173.684668 Y85.099241 Z21.785041 E0.438407
G1 X175.007298 Y86.557493 Z21.787597 E0.438385
G1 X176.283405 Y88.056494 Z21.790154 E0.438363
G1 X177.511735 Y89.594761 Z21.79271 E0.438341
G1 X178.691081 Y91.170774 Z21.795267 E0.438318
G1 X179.820273 Y92.782979 Z21.797823 E0.438296
G1 X180.898213 Y94.429773 Z21.80038 E0.438274
G1 X181.923841 Y96.109529 Z21.802936 E0.438252
G1 X182.896152 Y97.820585 Z21.805493 E0.43823
G1 X183.81419 Y99.56125 Z21.808049 E0.438207
G1 X184.677056 Y101.329802 Z21.810606 E0.438185
G1 X185.483904 Y103.124494 Z21.813163 E0.438163
G1 X186.233941 Y104.943552 Z21.815719 E0.438141
G1 X186.926423 Y106.785182 Z21.818276 E0.438118
G1 X187.560683 Y108.647561 Z21.820832 E0.438096
G1 X188.136103 Y110.528847 Z21.823389 E0.438074
G1 X188.652119 Y112.427183 Z21.825945 E0.438051
G1 X189.10823 Y114.340692 Z21.828502 E0.438029
G1 X189.50399 Y116.267487 Z21.831058 E0.438007
G1 X189.839015 Y118.205662 Z21.833615 E0.437984
G1 X190.11298 Y120.153306 Z21.836171 E0.437962
G1 X190.32561 Y122.108495 Z21.838728 E0.43794
G1 X190.476712 Y124.069298 Z21.841285 E0.437917
G1 X190.566145 Y126.03378 Z21.843841 E0.437895
G1 X190.593826 Y128 Z21.846398 E0.437872
G1 X190.559792 Y129.966021 Z21.848908 E0.429922
G1 X190.464026 Y131.929903 Z21.851418 E0.4299
G1 X190.306628 Y133.88971 Z21.853928 E0.429878
G1 X190.08776 Y135.843508 Z21.856439 E0.429857
G1 X189.807643 Y137.789369 Z21.858949 E0.429835
G1 X189.46656 Y139.725373 Z21.861459 E0.429814
G1 X189.064854 Y141.649612 Z21.863969 E0.429792
G1 X188.602928 Y143.560187 Z21.86648 E0.42977
G1 X188.081243 Y145.455215 Z21.86899 E0.429749
G1 X187.500321 Y147.332826 Z21.8715 E0.429727
G1 X186.86074 Y149.19117 Z21.87401 E0.429705
G1 X186.163137 Y151.028415 Z21.876521 E0.429684
G1 X185.408208 Y152.84275 Z21.879031 E0.429662
G1 X184.596702 Y154.632386 Z21.881541 E0.429641
G1 X183.729426 Y156.395561 Z21.884052 E0.429619
G1 X182.807241 Y158.130536 Z21.886562 E0.429597
G1 X181.831064 Y159.835602 Z21.889072 E0.429576
G1 X180.801863 Y161.509081 Z21.891582 E0.429554
G1 X179.720658 Y163.149323 Z21.894093 E0.429532
G1 X178.588523 Y164.754713 Z21.896603 E0.429511
G1 X177.406579 Y166.323671 Z21.899113 E0.429489
G1 X176.175999 Y167.854652 Z21.901623 E0.429468
G1 X174.898 Y169.346149 Z21.904134 E0.429446
G1 X173.573849 Y170.796693 Z21.906644 E0.429424
G1 X172.204858 Y172.204858 Z21.909154 E0.429403
G1 X170.792382 Y173.569259 Z21.911664 E0.429381
G1 X169.33782 Y174.888553 Z21.914175 E0.429359
G1 X167.84261 Y176.161442 Z21.916685 E0.429338
G1 X166.308233 Y177.386676 Z21.919195 E0.429316
G1 X164.736206 Y178.56305 Z21.921705 E0.429295
G1 X163.128086 Y179.689408 Z21.924216 E0.429273
G1 X161.485461 Y180.764644 Z21.926726 E0.429251
G1 X159.809958 Y181.787702 Z21.929236 E0.42923
G1 X158.103232 Y182.757576 Z21.931746 E0.429208
G1 X156.366972 Y183.673317 Z21.934257 E0.429186
G1 X154.602893 Y184.534024 Z21.936767 E0.429165
G1 X152.812739 Y185.338856 Z21.939277 E0.429143
G1 X150.998279 Y186.087022 Z21.941787 E0.429122
G1 X149.161307 Y186.77779 Z21.944298 E0.4291
G1 X147.303637 Y187.410485 Z21.946808 E0.429078
G1 X145.427105 Y187.984488 Z21.949318 E0.429057
G1 X143.533564 Y188.499238 Z21.951828 E0.429035
G1 X141.624885 Y188.954234 Z21.954339 E0.429013
G1 X139.702954 Y189.349032 Z21.956849 E0.428992
G1 X137.769667 Y189.683248 Z21.959359 E0.42897
G1 X135.826934 Y189.95656 Z21.961869 E0.428949
G1 X133.876673 Y190.168704 Z21.96438 E0.428927
G1 X131.920809 Y190.319476 Z21.96689 E0.428905
G1 X129.961273 Y190.408733 Z21.9694 E0.428884
G1 X128 Y190.436395 Z21.97191 E0.428862
G1 X126.038924 Y190.402439 Z21.974421 E0.42884
G1 X124.079982 Y190.306906 Z21.976931 E0.428819
G1 X122.125105 Y190.149896 Z21.979441 E0.428797
G1 X120.176223 Y189.93157 Z21.981951 E0.428776
G1 X118.235259 Y189.65215 Z21.984462 E0.428754
G1 X116.304126 Y189.311917 Z21.986972 E0.428732
G1 X114.38473 Y188.911215 Z21.989482 E0.428711
G1 X112.478964 Y188.450443 Z21.991992 E0.428689
G1 X110.588707 Y187.930063 Z21.994503 E0.428667
G1 X108.715823 Y187.350595 Z21.997013 E0.428646
G1 X106.862158 Y186.712616 Z21.999523 E0.428624
G1 X105.029539 Y186.016762 Z22.002033 E0.428602
G1 X103.219774 Y185.263725 Z22.004544 E0.428581
G1 X101.434645 Y184.454254 Z22.007054 E0.428559
G1 X99.675912 Y183.589153 Z22.009564 E0.428538
G1 X97.945307 Y182.669283 Z22.012075 E0.428516
G1 X96.244536 Y181.695556 Z22.014585 E0.428494
G1 X94.575275 Y180.668939 Z22.017095 E0.428473
G1 X92.939166 Y179.59045 Z22.019605 E0.428451
G1 X91.337822 Y178.461159 Z22.022116 E0.428429
G1 X89.772819 Y177.282184 Z22.024626 E0.428408
G1 X88.245698 Y176.054696 Z22.027136 E0.428386
G1 X86.757962 Y174.779909 Z22.029646 E0.428365
G1 X85.311076 Y173.459087 Z22.032157 E0.428343
G1 X83.906462 Y172.093538 Z22.034667 E0.428321
G1 X82.545503 Y170.684613 Z22.037177 E0.4283
G1 X81.229538 Y169.233709 Z22.039687 E0.428278
G1 X79.95986 Y167.74226 Z22.042198 E0.428256
G1 X78.737719 Y166.211742 Z22.044708 E0.428235
G1 X77.564314 Y164.643671 Z22.047218 E0.428213
G1 X76.4408 Y163.039596 Z22.049728 E0.428192
G1 X75.368279 Y161.401106 Z22.052239 E0.42817
G1 X74.347806 Y159.729819 Z22.054749 E0.428148
G1 X73.380382 Y158.027389 Z22.057259 E0.428127
G1 X72.466955 Y156.2955 Z22.059769 E0.428105
G1 X71.608423 Y154.535862 Z22.06228 E0.428083
G1 X70.805627 Y152.750215 Z22.06479 E0.428062
G1 X70.059354 Y150.940325 Z22.0673 E0.42804
G1 X69.370333 Y149.107979 Z22.06981 E0.428019
G1 X68.739241 Y147.254988 Z22.072321 E0.427997
G1 X68.166692 Y145.383183 Z22.074831 E0.427975
G1 X67.653247 Y143.494413 Z22.077341 E0.427954
G1 X67.199406 Y141.590543 Z22.079851 E0.427932
G1 X66.805611 Y139.673454 Z22.082362 E0.42791
G1 X66.472244 Y137.745039 Z22.084872 E0.427889
G1 X66.199629 Y135.807202 Z22.087382 E0.427867
G1 X65.988029 Y133.861857 Z22.089892 E0.427846
G1 X65.837645 Y131.910924 Z22.092403 E0.427824
G1 X65.74862 Y129.956328 Z22.094913 E0.427802
G1 X65.721036 Y128 Z22.097423 E0.427781
G1 X65.754914 Y126.043869 Z22.099933 E0.427759
G1 X65.850214 Y124.089867 Z22.102444 E0.427737
G1 X66.006836 Y122.139921 Z22.104954 E0.427716
G1 X66.22462 Y120.195955 Z22.107464 E0.427694
G1 X66.503343 Y118.259886 Z22.109974 E0.427673
G1 X66.842725 Y116.333626 Z22.112485 E0.427651
G1 X67.242425 Y114.419073 Z22.114995 E0.427629
G1 X67.702042 Y112.518116 Z22.117505 E0.427608
G1 X68.221117 Y110.632629 Z22.120015 E0.427586
G1 X68.799131 Y108.764472 Z22.122526 E0.427564
G1 X69.435508 Y106.915485 Z22.125036 E0.427543
G1 X70.129614 Y105.087493 Z22.127546 E0.427521
G1 X70.880759 Y103.282297 Z22.130056 E0.4275
G1 X71.688194 Y101.501676 Z22.132567 E0.427478
G1 X72.551119 Y99.747384 Z22.135077 E0.427456
G1 X73.468675 Y98.02115 Z22.137587 E0.427435
G1 X74.439951 Y96.324675 Z22.140098 E0.427413
G1 X75.463984 Y94.659631 Z22.142608 E0.427391
G1 X76.539758 Y93.027656 Z22.145118 E0.42737
G1 X77.666206 Y91.430358 Z22.147628 E0.427348
G1 X78.84221 Y89.86931 Z22.150139 E0.427327
G1 X80.066607 Y88.346049 Z22.152649 E0.427305
G1 X81.338182 Y86.862073 Z22.155159 E0.427283
G1 X82.655675 Y85.418845 Z22.157669 E0.427262
G1 X84.017783 Y84.017783 Z22.16018 E0.42724
G1 X85.423155 Y82.660266 Z22.16269 E0.427218
G1 X86.870402 Y81.347629 Z22.1652 E0.427197
G1 X88.358091 Y80.081163 Z22.16771 E0.427175
G1 X89.884748 Y78.862114 Z22.170221 E0.427154
G1 X91.448865 Y77.691679 Z22.172731 E0.427132
G1 X93.048893 Y76.571008 Z22.175241 E0.42711
G1 X94.68325 Y75.501203 Z22.177751 E0.427089
G1 X96.35032 Y74.483313 Z22.180262 E0.427067
G1 X98.048454 Y73.518339 Z22.182772 E0.427045
G1 X99.775973 Y72.607227 Z22.185282 E0.427024
G1 X101.531169 Y71.750871 Z22.187792 E0.427002
G1 X103.312308 Y70.95011 Z22.190303 E0.426981
G1 X105.11763 Y70.205729 Z22.192813 E0.426959
G1 X106.945349 Y69.518457 Z22.195323 E0.426937
G1 X108.793661 Y68.888966 Z22.197833 E0.426916
G1 X110.660739 Y68.317872 Z22.200344 E0.426894
G1 X112.544739 Y67.805732 Z22.202854 E0.426872
G1 X114.4438 Y67.353045 Z22.205364 E0.426851
G1 X116.356046 Y66.960253 Z22.207874 E0.426829
G1 X118.279588 Y66.627737 Z22.210385 E0.426807
G1 X120.212529 Y66.355819 Z22.212895 E0.426786
G1 X122.152958 Y66.144761 Z22.215405 E0.426764
G1 X124.098961 Y65.994765 Z22.217915 E0.426743
G1 X126.048617 Y65.905973 Z22.220426 E0.426721
G1 X128 Y65.878467 Z22.222936 E0.426699
G1 X129.951186 Y65.912268 Z22.225446 E0.426678
G1 X131.900248 Y66.007335 Z22.227956 E0.426656
G1 X133.845264 Y66.163569 Z22.230467 E0.426634
G1 X135.784314 Y66.380809 Z22.232977 E0.426613
G1 X137.715486 Y66.658836 Z22.235487 E0.426591
G1 X139.636875 Y66.997367 Z22.237997 E0.42657
G1 X141.546585 Y67.396064 Z22.240508 E0.426548
G1 X143.442733 Y67.854527 Z22.243018 E0.426526
G1 X145.323449 Y68.372297 Z22.245528 E0.426505
G1 X147.18688 Y68.948857 Z22.248038 E0.426483
G1 X149.031187 Y69.583632 Z22.250549 E0.426461
G1 X150.854552 Y70.27599 Z22.253059 E0.42644
G1 X152.65518 Y71.025242 Z22.255569 E0.426418
G1 X154.431294 Y71.830642 Z22.258079 E0.426397
G1 X156.181144 Y72.691391 Z22.26059 E0.426375
G1 X157.903007 Y73.606632 Z22.2631 E0.426353
G1 X159.595186 Y74.575459 Z22.26561 E0.426332
G1 X161.256014 Y75.596908 Z22.268121 E0.42631
G1 X162.883855 Y76.669966 Z22.270631 E0.426288
G1 X164.477107 Y77.79357 Z22.273141 E0.426267
G1 X166.0342 Y78.966605 Z22.275651 E0.426245
G1 X167.553601 Y80.18791 Z22.278162 E0.426224
G1 X169.033816 Y81.456272 Z22.280672 E0.426202
G1 X170.473386 Y82.770437 Z22.283182 E0.42618
G1 X171.870897 Y84.129103 Z22.285692 E0.426159
G1 X173.224972 Y85.530924 Z22.288203 E0.426137
G1 X174.53428 Y86.974513 Z22.290713 E0.426115
G1 X175.797534 Y88.458441 Z22.293223 E0.426094
G1 X177.013491 Y89.981239 Z22.295733 E0.426072
G1 X178.180957 Y91.541401 Z22.298244 E0.426051
G1 X179.298784 Y93.137382 Z22.300754 E0.426029
G1 X180.365874 Y94.767606 Z22.303264 E0.426007
G1 X181.381179 Y96.430459 Z22.305774 E0.425986
G1 X182.343702 Y98.124297 Z22.308285 E0.425964
G1 X183.252497 Y99.847447 Z22.310795 E0.425942
G1 X184.106675 Y101.598203 Z22.313305 E0.425921
G1 X184.905398 Y103.374835 Z22.315815 E0.425899
G1 X185.647883 Y105.175588 Z22.318326 E0.425877
G1 X186.333404 Y106.998682 Z22.320836 E0.425856
G1 X186.96129 Y108.842315 Z22.323346 E0.425834
G1 X187.530927 Y110.704667 Z22.325856 E0.425813
G1 X188.041759 Y112.583896 Z22.328367 E0.425791
G1 X188.493285 Y114.478149 Z22.330877 E0.425769
G1 X188.885068 Y116.385552 Z22.333387 E0.425748
G1 X189.216728 Y118.304223 Z22.335897 E0.425726
G1 X189.487944 Y120.232266 Z22.338408 E0.425704
G1 X189.698453 Y122.167779 Z22.340918 E0.425683
G1 X189.848055 Y124.10885 Z22.343428 E0.425661
G1 X189.936607 Y126.053564 Z22.345938 E0.425639
G1 X189.96403 Y128 Z22.348449 E0.425618
G1 X189.930326 Y129.946239 Z22.350937 E0.425596
G1 X189.835511 Y131.890361 Z22.353426 E0.425574
G1 X189.679683 Y133.830447 Z22.355914 E0.425553
G1 X189.463004 Y135.764583 Z22.358402 E0.425531
G1 X189.185693 Y137.690862 Z22.360891 E0.42551
G1 X188.848029 Y139.607382 Z22.363379 E0.425488
G1 X188.450353 Y141.512255 Z22.365868 E0.425467
G1 X187.993063 Y143.4036 Z22.368356 E0.425445
G1 X187.476613 Y145.279554 Z22.370845 E0.425424
G1 X186.901522 Y147.138265 Z22.373333 E0.425402
G1 X186.268362 Y148.977901 Z22.375822 E0.425381
G1 X185.577766 Y150.79665 Z22.37831 E0.425359
G1 X184.830419 Y152.592718 Z22.380798 E0.425338
G1 X184.027066 Y154.364336 Z22.383287 E0.425316
G1 X183.168505 Y156.109757 Z22.385775 E0.425295
G1 X182.255589 Y157.827262 Z22.388264 E0.425273
G1 X181.289222 Y159.515158 Z22.390752 E0.425252
G1 X180.270364 Y161.171782 Z22.393241 E0.42523
G1 X179.200028 Y162.795503 Z22.395729 E0.425209
G1 X178.079273 Y164.384722 Z22.398217 E0.425187
G1 X176.909213 Y165.937874 Z22.400706 E0.425166
G1 X175.691005 Y167.453431 Z22.403194 E0.425144
G1 X174.425858 Y168.9299 Z22.405683 E0.425123
G1 X173.115025 Y170.365828 Z22.408171 E0.425101
G1 X171.759803 Y171.759803 Z22.41066 E0.42508
G1 X170.361533 Y173.11045 Z22.413148 E0.425058
G1 X168.921601 Y174.416445 Z22.415637 E0.425036
G1 X167.441432 Y175.676501 Z22.418125 E0.425015
G1 X165.922491 Y176.889381 Z22.420613 E0.424993
G1 X164.366281 Y178.053892 Z22.423102 E0.424972
G1 X162.774342 Y179.16889 Z22.42559 E0.42495
G1 X161.148247 Y180.233279 Z22.428079 E0.424929
G1 X159.489606 Y181.246015 Z22.430567 E0.424907
G1 X157.800056 Y182.206101 Z22.433056 E0.424885
G1 X156.081271 Y183.112597 Z22.435544 E0.424864
G1 X154.334948 Y183.964613 Z22.438032 E0.424842
G1 X152.562815 Y184.761316 Z22.440521 E0.424821
G1 X150.766622 Y185.501923 Z22.443009 E0.424799
G1 X148.948145 Y186.18571 Z22.445498 E0.424778
G1 X147.10918 Y186.812009 Z22.447986 E0.424756
G1 X145.251544 Y187.380205 Z22.450475 E0.424734
G1 X143.377073 Y187.889744 Z22.452963 E0.424713
G1 X141.487617 Y188.340129 Z22.455452 E0.424691
G1 X139.585043 Y188.730922 Z22.45794 E0.42467
G1 X137.67123 Y189.061744 Z22.460428 E0.424648
G1 X135.748068 Y189.332275 Z22.462917 E0.424626
G1 X133.817456 Y189.542253 Z22.465405 E0.424605
G1 X131.881299 Y189.691478 Z22.467894 E0.424583
G1 X129.941509 Y189.779809 Z22.470382 E0.424562
G1 X128 Y189.807162 Z22.472871 E0.42454
G1 X126.058689 Y189.773518 Z22.475359 E0.424518
G1 X124.119491 Y189.678917 Z22.477847 E0.424497
G1 X122.184321 Y189.523459 Z22.480336 E0.424475
G1 X120.255086 Y189.307304 Z22.482824 E0.424454
G1 X118.333691 Y189.03067 Z22.485313 E0.424432
G1 X116.422031 Y188.693837 Z22.487801 E0.42441
G1 X114.521991 Y188.297144 Z22.49029 E0.424389
G1 X112.635446 Y187.840988 Z22.492778 E0.424367
G1 X110.764254 Y187.325825 Z22.495267 E0.424346
G1 X108.910263 Y186.752171 Z22.497755 E0.424324
G1 X107.075298 Y186.120595 Z22.500243 E0.424302
G1 X105.26117 Y185.431729 Z22.502732 E0.424281
G1 X103.469666 Y184.686258 Z22.50522 E0.424259
G1 X101.702552 Y183.884922 Z22.507709 E0.424237
G1 X99.961569 Y183.028519 Z22.510197 E0.424216
G1 X98.248433 Y182.117899 Z22.512686 E0.424194
G1 X96.564832 Y181.153967 Z22.515174 E0.424173
G1 X94.912423 Y180.137679 Z22.517663 E0.424151
G1 X93.292835 Y179.070043 Z22.520151 E0.424129
G1 X91.707662 Y177.952118 Z22.522639 E0.424108
G1 X90.158465 Y176.785013 Z22.525128 E0.424086
G1 X88.646769 Y175.569884 Z22.527616 E0.424064
G1 X87.174063 Y174.307935 Z22.530105 E0.424043
G1 X85.741795 Y173.000417 Z22.532593 E0.424021
G1 X84.351376 Y171.648624 Z22.535082 E0.424
G1 X83.004172 Y170.253895 Z22.53757 E0.423978
G1 X81.701508 Y168.817611 Z22.540058 E0.423956
G1 X80.444667 Y167.341193 Z22.542547 E0.423935
G1 X79.234883 Y165.826102 Z22.545035 E0.423913
G1 X78.073345 Y164.273838 Z22.547524 E0.423892
G1 X76.961195 Y162.685936 Z22.550012 E0.42387
G1 X75.899526 Y161.063966 Z22.552501 E0.423848
G1 X74.889379 Y159.409534 Z22.554989 E0.423827
G1 X73.931747 Y157.724274 Z22.557478 E0.423805
G1 X73.027568 Y156.009853 Z22.559966 E0.423783
G1 X72.177731 Y154.267966 Z22.562454 E0.423762
G1 X71.383068 Y152.500334 Z22.564943 E0.42374
G1 X70.644357 Y150.708705 Z22.567431 E0.423719
G1 X69.962322 Y148.89485 Z22.56992 E0.423697
G1 X69.337631 Y147.060559 Z22.572408 E0.423675
G1 X68.770893 Y145.207646 Z22.574897 E0.423654
G1 X68.262662 Y143.337941 Z22.577385 E0.423632
G1 X67.813434 Y141.453291 Z22.579873 E0.42361
G1 X67.423646 Y139.555557 Z22.582362 E0.423589
G1 X67.093677 Y137.646614 Z22.58485 E0.423567
G1 X66.823846 Y135.728346 Z22.587339 E0.423546
G1 X66.614413 Y133.802646 Z22.589827 E0.423524
G1 X66.465578 Y131.871418 Z22.592316 E0.423502
G1 X66.377484 Y129.936566 Z22.594804 E0.423481
G1 X66.350209 Y128 Z22.597293 E0.423459
G1 X66.383775 Y126.063632 Z22.599781 E0.423438
G1 X66.478143 Y124.129373 Z22.602269 E0.423416
G1 X66.633213 Y122.199131 Z22.604758 E0.423394
G1 X66.848826 Y120.27481 Z22.607246 E0.423373
G1 X67.124764 Y118.35831 Z22.609735 E0.423351
G1 X67.460746 Y116.45152 Z22.612223 E0.423329
G1 X67.856437 Y114.556321 Z22.614712 E0.423308
G1 X68.311439 Y112.674582 Z22.6172 E0.423286
G1 X68.825297 Y110.80816 Z22.619688 E0.423265
G1 X69.397498 Y108.958893 Z22.622177 E0.423243
G1 X70.027472 Y107.128606 Z22.624665 E0.423221
G1 X70.714591 Y105.319102 Z22.627154 E0.4232
G1 X71.45817 Y103.532165 Z22.629642 E0.423178
G1 X72.257472 Y101.769557 Z22.632131 E0.423156
G1 X73.1117 Y100.033014 Z22.634619 E0.423135
G1 X74.020006 Y98.324247 Z22.637108 E0.423113
G1 X74.981489 Y96.64494 Z22.639596 E0.423092
G1 X75.995194 Y94.996747 Z22.642084 E0.42307
G1 X77.060116 Y93.38129 Z22.644573 E0.423048
G1 X78.175198 Y91.800162 Z22.647061 E0.423027
G1 X79.339335 Y90.254919 Z22.64955 E0.423005
G1 X80.551373 Y88.747082 Z22.652038 E0.422984
G1 X81.81011 Y87.278135 Z22.654527 E0.422962
G1 X83.114301 Y85.849523 Z22.657015 E0.42294
G1 X84.462654 Y84.462654 Z22.659504 E0.422919
G1 X85.853833 Y83.11889 Z22.661992 E0.422897
G1 X87.28646 Y81.819554 Z22.66448 E0.422875
G1 X88.759119 Y80.565923 Z22.666969 E0.422854
G1 X90.270352 Y79.35923 Z22.669457 E0.422832
G1 X91.818662 Y78.200661 Z22.671946 E0.422811
G1 X93.40252 Y77.091354 Z22.674434 E0.422789
G1 X95.020357 Y76.032399 Z22.676923 E0.422767
G1 X96.670575 Y75.024835 Z22.679411 E0.422746
G1 X98.35154 Y74.069652 Z22.681899 E0.422724
G1 X100.061592 Y73.167787 Z22.684388 E0.422703
G1 X101.79904 Y72.320125 Z22.686876 E0.422681
G1 X103.562165 Y71.527496 Z22.689365 E0.422659
G1 X105.349227 Y70.790677 Z22.691853 E0.422638
G1 X107.158458 Y70.11039 Z22.694342 E0.422616
G1 X108.988071 Y69.4873 Z22.69683 E0.422594
G1 X110.836259 Y68.922016 Z22.699319 E0.422573
G1 X112.701195 Y68.415089 Z22.701807 E0.422551
G1 X114.581038 Y67.967015 Z22.704295 E0.42253
G1 X116.473931 Y67.57823 Z22.706784 E0.422508
G1 X118.378004 Y67.249111 Z22.709272 E0.422486
G1 X120.291378 Y66.979976 Z22.711761 E0.422465
G1 X122.212163 Y66.771085 Z22.714249 E0.422443
G1 X124.138464 Y66.622639 Z22.716738 E0.422421
G1 X126.068378 Y66.534777 Z22.719226 E0.4224
G1 X128 Y66.50758 Z22.721714 E0.422378
G1 X129.931425 Y66.541069 Z22.724203 E0.422357
G1 X131.860746 Y66.635204 Z22.726691 E0.422335
G1 X133.786059 Y66.789886 Z22.72918 E0.422313
G1 X135.705466 Y67.004957 Z22.731668 E0.422292
G1 X137.617072 Y67.280197 Z22.734157 E0.42227
G1 X139.518992 Y67.61533 Z22.736645 E0.422249
G1 X141.40935 Y68.010018 Z22.739134 E0.422227
G1 X143.286281 Y68.463866 Z22.741622 E0.422205
G1 X145.147935 Y68.97642 Z22.74411 E0.422184
G1 X146.992477 Y69.547167 Z22.746599 E0.422162
G1 X148.818087 Y70.17554 Z22.749087 E0.42214
G1 X150.622966 Y70.860911 Z22.751576 E0.422119
G1 X152.405335 Y71.602599 Z22.754064 E0.422097
G1 X154.163437 Y72.399865 Z22.756553 E0.422076
G1 X155.895541 Y73.251918 Z22.759041 E0.422054
G1 X157.599939 Y74.157912 Z22.76153 E0.422032
G1 X159.274952 Y75.116945 Z22.764018 E0.422011
G1 X160.91893 Y76.128067 Z22.766506 E0.421989
G1 X162.530254 Y77.190274 Z22.768995 E0.421967
G1 X164.107337 Y78.302514 Z22.771483 E0.421946
G1 X165.648627 Y79.463682 Z22.773972 E0.421924
G1 X167.152606 Y80.672629 Z22.77646 E0.421903
G1 X168.617794 Y81.928156 Z22.778949 E0.421881
G1 X170.042749 Y83.22902 Z22.781437 E0.421859
G1 X171.426068 Y84.573932 Z22.783925 E0.421838
G1 X172.766391 Y85.961561 Z22.786414 E0.421816
G1 X174.0624 Y87.390532 Z22.788902 E0.421795
G1 X175.31282 Y88.859431 Z22.791391 E0.421773
G1 X176.516422 Y90.366805 Z22.793879 E0.421751
G1 X177.672023 Y91.911163 Z22.796368 E0.42173
G1 X178.778488 Y93.490976 Z22.798856 E0.421708
G1 X179.834729 Y95.104681 Z22.801345 E0.421686
G1 X180.839709 Y96.750683 Z22.803833 E0.421665
G1 X181.792443 Y98.427354 Z22.806321 E0.421643
G1 X182.691994 Y100.133037 Z22.80881 E0.421622
G1 X183.537481 Y101.866045 Z22.811298 E0.4216
G1 X184.328076 Y103.624665 Z22.813787 E0.421578
G1 X185.063003 Y105.407159 Z22.816275 E0.421557
G1 X185.741543 Y107.211766 Z22.818764 E0.421535
G1 X186.363031 Y109.036702 Z22.821252 E0.421514
G1 X186.926862 Y110.880164 Z22.82374 E0.421492
G1 X187.432484 Y112.740332 Z22.826229 E0.42147
G1 X187.879403 Y114.615368 Z22.828717 E0.421449
G1 X188.267186 Y116.503419 Z22.831206 E0.421427
G1 X188.595456 Y118.402623 Z22.833694 E0.421405
G1 X188.863894 Y120.311102 Z22.836183 E0.421384
G1 X189.072242 Y122.226973 Z22.838671 E0.421362
G1 X189.2203 Y124.148345 Z22.84116 E0.421341
G1 X189.307929 Y126.073321 Z22.843648 E0.421319
G1 X189.335049 Y128 Z22.846136 E0.421297
G1 X189.301655 Y129.926482 Z22.848611 E0.415351
G1 X189.20777 Y131.850866 Z22.851086 E0.41533
G1 X189.053492 Y133.771254 Z22.853561 E0.415308
G1 X188.838981 Y135.685751 Z22.856036 E0.415287
G1 X188.564453 Y137.592467 Z22.858511 E0.415266
G1 X188.230187 Y139.489523 Z22.860986 E0.415245
G1 X187.836517 Y141.375046 Z22.863461 E0.415224
G1 X187.383839 Y143.247178 Z22.865936 E0.415202
G1 X186.872605 Y145.104073 Z22.868411 E0.415181
G1 X186.303326 Y146.943899 Z22.870886 E0.41516
G1 X185.676569 Y148.764843 Z22.873361 E0.415139
G1 X184.99296 Y150.565109 Z22.875836 E0.415118
G1 X184.253177 Y152.342923 Z22.878311 E0.415096
G1 X183.457957 Y154.096534 Z22.880786 E0.415075
G1 X182.608091 Y155.824212 Z22.883261 E0.415054
G1 X181.704422 Y157.524256 Z22.885736 E0.415033
G1 X180.747849 Y159.194991 Z22.888211 E0.415012
G1 X179.739319 Y160.834771 Z22.890686 E0.41499
G1 X178.679835 Y162.44198 Z22.89316 E0.414969
G1 X177.570446 Y164.015037 Z22.895635 E0.414948
G1 X176.412253 Y165.552393 Z22.89811 E0.414927
G1 X175.206404 Y167.052533 Z22.900585 E0.414906
G1 X173.954092 Y168.513982 Z22.90306 E0.414884
G1 X172.65656 Y169.935301 Z22.905535 E0.414863
G1 X171.315091 Y171.315091 Z22.90801 E0.414842
G1 X169.931015 Y172.651996 Z22.910485 E0.414821
G1 X168.505701 Y173.9447 Z22.91296 E0.4148
G1 X167.040561 Y175.191932 Z22.915435 E0.414778
G1 X165.537044 Y176.392465 Z22.91791 E0.414757
G1 X163.996638 Y177.545121 Z22.920385 E0.414736
G1 X162.420866 Y178.648766 Z22.92286 E0.414715
G1 X160.811288 Y179.702317 Z22.925335 E0.414694
G1 X159.169495 Y180.704738 Z22.92781 E0.414672
G1 X157.497111 Y181.655045 Z22.930285 E0.414651
G1 X155.795789 Y182.552307 Z22.93276 E0.41463
G1 X154.067211 Y183.395644 Z22.935235 E0.414609
G1 X152.313086 Y184.184227 Z22.93771 E0.414588
G1 X150.535148 Y184.917286 Z22.940185 E0.414566
G1 X148.735152 Y185.594101 Z22.942659 E0.414545
G1 X146.914875 Y186.214 Z22.945134 E0.414524
G1 X145.076118 Y186.776385 Z22.947609 E0.414503
G1 X143.220699 Y187.28071 Z22.950084 E0.414481
G1 X141.350451 Y187.726484 Z22.952559 E0.41446
G1 X139.46722 Y188.113271 Z22.955034 E0.414439
G1 X137.572866 Y188.440697 Z22.957509 E0.414417
G1 X135.66926 Y188.708444 Z22.959984 E0.414396
G1 X133.758281 Y188.916254 Z22.962459 E0.414375
G1 X131.841816 Y189.063921 Z22.964934 E0.414354
G1 X129.921757 Y189.151306 Z22.967409 E0.414332
G1 X128 Y189.178336 Z22.969884 E0.414311
G1 X126.078441 Y189.144991 Z22.972359 E0.414289
G1 X124.158977 Y189.051309 Z22.974834 E0.414268
G1 X122.243502 Y188.897389 Z22.977309 E0.414247
G1 X120.333905 Y188.683389 Z22.979784 E0.414225
G1 X118.432071 Y188.409528 Z22.982259 E0.414204
G1 X116.539876 Y188.076076 Z22.984734 E0.414182
G1 X114.659188 Y187.683363 Z22.987209 E0.414161
G1 X112.79186 Y187.231794 Z22.989683 E0.414139
G1 X110.939734 Y186.72182 Z22.992158 E0.414118
G1 X109.104636 Y186.15395 Z22.994633 E0.414096
G1 X107.288375 Y185.528751 Z22.997108 E0.414075
G1 X105.492742 Y184.846845 Z22.999583 E0.414053
G1 X103.719506 Y184.108912 Z23.002058 E0.414032
G1 X101.970415 Y183.315685 Z23.004533 E0.41401
G1 X100.247198 Y182.46794 Z23.007008 E0.413989
G1 X98.551549 Y181.566533 Z23.009483 E0.413967
G1 X96.885138 Y180.612359 Z23.011958 E0.413946
G1 X95.249605 Y179.606365 Z23.014433 E0.413924
G1 X93.646562 Y178.549548 Z23.016908 E0.413903
G1 X92.077588 Y177.442958 Z23.019383 E0.413881
G1 X90.544227 Y176.287692 Z23.021858 E0.413859
G1 X89.047988 Y175.084894 Z23.024333 E0.413838
G1 X87.590352 Y173.835749 Z23.026808 E0.413816
G1 X86.172748 Y172.541499 Z23.029283 E0.413795
G1 X84.79657 Y171.20343 Z23.031758 E0.413773
G1 X83.46317 Y169.822867 Z23.034233 E0.413751
G1 X82.17386 Y168.401177 Z23.036708 E0.413729
G1 X80.929909 Y166.939766 Z23.039182 E0.413708
G1 X79.732538 Y165.440081 Z23.041657 E0.413686
G1 X78.582925 Y163.903607 Z23.044132 E0.413664
G1 X77.482204 Y162.331859 Z23.046607 E0.413643
G1 X76.431458 Y160.726392 Z23.049082 E0.413621
G1 X75.431712 Y159.088799 Z23.051557 E0.413599
G1 X74.483948 Y157.420699 Z23.054032 E0.413577
G1 X73.589094 Y155.723741 Z23.056507 E0.413556
G1 X72.74803 Y153.999604 Z23.058982 E0.413534
G1 X71.961579 Y152.24999 Z23.061457 E0.413512
G1 X71.230511 Y150.476631 Z23.063932 E0.41349
G1 X70.555544 Y148.681277 Z23.066407 E0.413468
G1 X69.937348 Y146.865699 Z23.068882 E0.413447
G1 X69.376516 Y145.031697 Z23.071357 E0.413425
G1 X68.873595 Y143.181081 Z23.073832 E0.413403
G1 X68.429074 Y141.315679 Z23.076307 E0.413381
G1 X68.043388 Y139.437335 Z23.078782 E0.413359
G1 X67.716909 Y137.547904 Z23.081257 E0.413337
G1 X67.449954 Y135.64925 Z23.083732 E0.413315
G1 X67.24278 Y133.743248 Z23.086207 E0.413293
G1 X67.095594 Y131.83178 Z23.088681 E0.413271
G1 X67.008526 Y129.916734 Z23.091156 E0.41325
G1 X66.981657 Y128 Z23.093631 E0.413228
G1 X67.015004 Y126.083469 Z23.096106 E0.413206
G1 X67.108531 Y124.169033 Z23.098581 E0.413184
G1 X67.262137 Y122.258582 Z23.101056 E0.413162
G1 X67.475665 Y120.353998 Z23.103531 E0.41314
G1 X67.748897 Y118.457163 Z23.106006 E0.413118
G1 X68.081559 Y116.569946 Z23.108481 E0.413096
G1 X68.473314 Y114.694209 Z23.110956 E0.413074
G1 X68.923771 Y112.831802 Z23.113431 E0.413052
G1 X69.432478 Y110.984562 Z23.115906 E0.41303
G1 X69.998927 Y109.154309 Z23.118381 E0.413008
G1 X70.622554 Y107.342848 Z23.120856 E0.412986
G1 X71.302736 Y105.551965 Z23.123331 E0.412964
G1 X72.038796 Y103.783425 Z23.125806 E0.412942
G1 X72.830003 Y102.03897 Z23.128281 E0.41292
G1 X73.675569 Y100.32032 Z23.130756 E0.412898
G1 X74.574655 Y98.629168 Z23.133231 E0.412876
G1 X75.526366 Y96.96718 Z23.135706 E0.412855
G1 X76.52976 Y95.335992 Z23.13818 E0.412833
G1 X77.583839 Y93.737212 Z23.140655 E0.412811
G1 X78.687558 Y92.172414 Z23.14313 E0.412789
G1 X79.839823 Y90.643137 Z23.145605 E0.412767
G1 X81.039491 Y89.150889 Z23.14808 E0.412745
G1 X82.285374 Y87.697136 Z23.150555 E0.412723
G1 X83.576238 Y86.28331 Z23.15303 E0.412701
G1 X84.910802 Y84.910802 Z23.155505 E0.412679
G1 X86.287747 Y83.580962 Z23.15798 E0.412657
G1 X87.705708 Y82.295098 Z23.160455 E0.412635
G1 X89.163283 Y81.054473 Z23.16293 E0.412613
G1 X90.659027 Y79.860308 Z23.165405 E0.412591
G1 X92.191462 Y78.713775 Z23.16788 E0.412569
G1 X93.75907 Y77.616002 Z23.170355 E0.412547
G1 X95.360302 Y76.568066 Z23.17283 E0.412525
G1 X96.993573 Y75.570996 Z23.175305 E0.412503
G1 X98.657269 Y74.625771 Z23.17778 E0.412481
G1 X100.349744 Y73.733318 Z23.180255 E0.41246
G1 X102.069326 Y72.894512 Z23.18273 E0.412438
G1 X103.814313 Y72.110175 Z23.185204 E0.412416
G1 X105.582982 Y71.381076 Z23.187679 E0.412394
G1 X107.373585 Y70.707927 Z23.190154 E0.412372
G1 X109.184351 Y70.091388 Z23.192629 E0.41235
G1 X111.013493 Y69.532061 Z23.195104 E0.412328
G1 X112.859203 Y69.030491 Z23.197579 E0.412306
G1 X114.719658 Y68.587167 Z23.200054 E0.412284
G1 X116.593021 Y68.202522 Z23.202529 E0.412262
G1 X118.477441 Y67.876927 Z23.205004 E0.41224
G1 X120.371057 Y67.610698 Z23.207479 E0.412218
G1 X122.272 Y67.404092 Z23.209954 E0.412196
G1 X124.178394 Y67.257306 Z23.212429 E0.412174
G1 X126.088355 Y67.170478 Z23.214904 E0.412152
G1 X128 Y67.143688 Z23.217379 E0.41213
G1 X129.911441 Y67.176956 Z23.219854 E0.412108
G1 X131.820792 Y67.270243 Z23.222329 E0.412086
G1 X133.72617 Y67.42345 Z23.224804 E0.412064
G1 X135.625694 Y67.636419 Z23.227279 E0.412043
G1 X137.51749 Y67.908934 Z23.229754 E0.412021
G1 X139.399692 Y68.24072 Z23.232229 E0.411999
G1 X141.270445 Y68.631444 Z23.234703 E0.411977
G1 X143.127902 Y69.080712 Z23.237178 E0.411955
G1 X144.970233 Y69.588076 Z23.239653 E0.411933
G1 X146.79562 Y70.153029 Z23.242128 E0.411911
G1 X148.602265 Y70.775006 Z23.244603 E0.411889
G1 X150.388387 Y71.453389 Z23.247078 E0.411867
G1 X152.152225 Y72.187502 Z23.249553 E0.411845
G1 X153.89204 Y72.976614 Z23.252028 E0.411823
G1 X155.606119 Y73.819941 Z23.254503 E0.411801
G1 X157.292773 Y74.716644 Z23.256978 E0.411779
G1 X158.950339 Y75.665834 Z23.259453 E0.411757
G1 X160.577187 Y76.666568 Z23.261928 E0.411735
G1 X162.171713 Y77.717852 Z23.264403 E0.411713
G1 X163.732346 Y78.818644 Z23.266878 E0.411691
G1 X165.257552 Y79.967853 Z23.269353 E0.411669
G1 X166.745828 Y81.164339 Z23.271828 E0.411648
G1 X168.19571 Y82.406916 Z23.274303 E0.411626
G1 X169.605771 Y83.694354 Z23.276778 E0.411604
G1 X170.974624 Y85.025376 Z23.279253 E0.411582
G1 X172.300922 Y86.398666 Z23.281728 E0.41156
G1 X173.58336 Y87.812862 Z23.284202 E0.411538
G1 X174.820679 Y89.266566 Z23.286677 E0.411516
G1 X176.011662 Y90.758337 Z23.289152 E0.411494
G1 X177.155138 Y92.286702 Z23.291627 E0.411472
G1 X178.249985 Y93.850146 Z23.294102 E0.41145
G1 X179.295126 Y95.447123 Z23.296577 E0.411428
G1 X180.289536 Y97.076054 Z23.299052 E0.411406
G1 X181.232239 Y98.735329 Z23.301527 E0.411384
G1 X182.122311 Y100.423305 Z23.304002 E0.411362
G1 X182.958877 Y102.138315 Z23.306477 E0.41134
G1 X183.741119 Y103.878664 Z23.308952 E0.411318
G1 X184.468271 Y105.64263 Z23.311427 E0.411296
G1 X185.13962 Y107.428471 Z23.313902 E0.411274
G1 X185.754511 Y109.234422 Z23.316377 E0.411253
G1 X186.312341 Y111.058699 Z23.318852 E0.411231
G1 X186.812568 Y112.899499 Z23.321327 E0.411209
G1 X187.254703 Y114.755005 Z23.323802 E0.411187
G1 X187.638317 Y116.623383 Z23.326277 E0.411165
G1 X187.963036 Y118.502788 Z23.328752 E0.411143
G1 X188.228548 Y120.391365 Z23.331227 E0.411121
G1 X188.434595 Y122.287249 Z23.333701 E0.411099
G1 X188.580982 Y124.188568 Z23.336176 E0.411077
G1 X188.66757 Y126.093445 Z23.338651 E0.411055
G1 X188.69428 Y128 Z23.341126 E0.411033
G1 X188.661153 Y129.906354 Z23.343554 E0.403186
G1 X188.568168 Y131.810626 Z23.345982 E0.403165
G1 X188.415422 Y133.710939 Z23.34841 E0.403144
G1 X188.203072 Y135.605417 Z23.350838 E0.403123
G1 X187.931333 Y137.492191 Z23.353265 E0.403102
G1 X187.600481 Y139.3694 Z23.355693 E0.40308
G1 X187.210848 Y141.235193 Z23.358121 E0.403059
G1 X186.762825 Y143.087729 Z23.360549 E0.403038
G1 X186.256859 Y144.925182 Z23.362977 E0.403017
G1 X185.693457 Y146.74574 Z23.365405 E0.402996
G1 X185.07318 Y148.547609 Z23.367832 E0.402975
G1 X184.396646 Y150.329012 Z23.37026 E0.402954
G1 X183.664529 Y152.088193 Z23.372688 E0.402933
G1 X182.877557 Y153.823418 Z23.375116 E0.402911
G1 X182.036512 Y155.532978 Z23.377544 E0.40289
G1 X181.142231 Y157.215189 Z23.379972 E0.402869
G1 X180.195601 Y158.868392 Z23.382399 E0.402848
G1 X179.197562 Y160.490961 Z23.384827 E0.402827
G1 X178.149104 Y162.081296 Z23.387255 E0.402806
G1 X177.051267 Y163.637832 Z23.389683 E0.402785
G1 X175.90514 Y165.159036 Z23.392111 E0.402764
G1 X174.711859 Y166.643411 Z23.394539 E0.402743
G1 X173.472606 Y168.089495 Z23.396966 E0.402721
G1 X172.188609 Y169.495866 Z23.399394 E0.4027
G1 X170.861141 Y170.861141 Z23.401822 E0.402679
G1 X169.491514 Y172.183975 Z23.40425 E0.402658
G1 X168.081086 Y173.463068 Z23.406678 E0.402637
G1 X166.631253 Y174.697163 Z23.409106 E0.402616
G1 X165.143449 Y175.885046 Z23.411533 E0.402595
G1 X163.619147 Y177.025549 Z23.413961 E0.402574
G1 X162.059854 Y178.117553 Z23.416389 E0.402552
G1 X160.467114 Y179.159985 Z23.418817 E0.402531
G1 X158.842501 Y180.151821 Z23.421245 E0.40251
G1 X157.187622 Y181.092088 Z23.423672 E0.402489
G1 X155.504114 Y181.979863 Z23.4261 E0.402468
G1 X153.79364 Y182.814276 Z23.428528 E0.402447
G1 X152.057892 Y183.594509 Z23.430956 E0.402426
G1 X150.298585 Y184.319797 Z23.433384 E0.402405
G1 X148.517458 Y184.989432 Z23.435812 E0.402384
G1 X146.71627 Y185.602756 Z23.438239 E0.402362
G1 X144.896802 Y186.159172 Z23.440667 E0.402341
G1 X143.06085 Y186.658137 Z23.443095 E0.40232
G1 X141.210228 Y187.099163 Z23.445523 E0.402299
G1 X139.346764 Y187.481821 Z23.447951 E0.402278
G1 X137.472299 Y187.805741 Z23.450379 E0.402257
G1 X135.588683 Y188.070609 Z23.452806 E0.402236
G1 X133.697776 Y188.276169 Z23.455234 E0.402215
G1 X131.801444 Y188.422226 Z23.457662 E0.402193
G1 X129.901561 Y188.50864 Z23.46009 E0.402172
G1 X128 Y188.535333 Z23.462518 E0.402151
G1 X126.098639 Y188.502285 Z23.464946 E0.40213
G1 X124.199354 Y188.409535 Z23.467373 E0.402109
G1 X122.304019 Y188.25718 Z23.469801 E0.402088
G1 X120.414505 Y188.045378 Z23.472229 E0.402067
G1 X118.532674 Y187.774343 Z23.474657 E0.402046
G1 X116.660384 Y187.44435 Z23.477085 E0.402025
G1 X114.799481 Y187.055729 Z23.479513 E0.402003
G1 X112.951799 Y186.608872 Z23.48194 E0.401982
G1 X111.119163 Y186.104223 Z23.484368 E0.401961
G1 X109.303377 Y185.542289 Z23.486796 E0.40194
G1 X107.506232 Y184.923629 Z23.489224 E0.401919
G1 X105.729501 Y184.248861 Z23.491652 E0.401898
G1 X103.974933 Y183.518654 Z23.49408 E0.401877
G1 X102.244258 Y182.733737 Z23.496507 E0.401856
G1 X100.539182 Y181.89489 Z23.498935 E0.401834
G1 X98.861384 Y181.002945 Z23.501363 E0.401813
G1 X97.212518 Y180.058789 Z23.503791 E0.401792
G1 X95.594207 Y179.063359 Z23.506219 E0.401771
G1 X94.008045 Y178.017642 Z23.508646 E0.40175
G1 X92.455595 Y176.922677 Z23.511074 E0.401729
G1 X90.938384 Y175.779548 Z23.513502 E0.401708
G1 X89.457906 Y174.589388 Z23.51593 E0.401687
G1 X88.015618 Y173.353378 Z23.518358 E0.401666
G1 X86.61294 Y172.072742 Z23.520786 E0.401644
G1 X85.251252 Y170.748748 Z23.523213 E0.401623
G1 X83.931893 Y169.382707 Z23.525641 E0.401602
G1 X82.65616 Y167.975973 Z23.528069 E0.401581
G1 X81.425308 Y166.529936 Z23.530497 E0.40156
G1 X80.240547 Y165.046029 Z23.532925 E0.401539
G1 X79.103041 Y163.52572 Z23.535353 E0.401518
G1 X78.013909 Y161.970513 Z23.53778 E0.401497
G1 X76.974218 Y160.381946 Z23.540208 E0.401475
G1 X75.984991 Y158.761591 Z23.542636 E0.401454
G1 X75.047198 Y157.111049 Z23.545064 E0.401433
G1 X74.161759 Y155.431954 Z23.547492 E0.401412
G1 X73.329543 Y153.725964 Z23.54992 E0.401391
G1 X72.551365 Y151.994767 Z23.552347 E0.40137
G1 X71.827988 Y150.240073 Z23.554775 E0.401349
G1 X71.160119 Y148.463616 Z23.557203 E0.401328
G1 X70.548411 Y146.667153 Z23.559631 E0.401307
G1 X69.993463 Y144.852457 Z23.562059 E0.401285
G1 X69.495817 Y143.021321 Z23.564487 E0.401264
G1 X69.055956 Y141.175555 Z23.566914 E0.401243
G1 X68.67431 Y139.316981 Z23.569342 E0.401222
G1 X68.351249 Y137.447434 Z23.57177 E0.401201
G1 X68.087084 Y135.568761 Z23.574198 E0.40118
G1 X67.882072 Y133.682817 Z23.576626 E0.401159
G1 X67.736408 Y131.791464 Z23.579054 E0.401138
G1 X67.650229 Y129.896568 Z23.581481 E0.401116
G1 X67.623614 Y128 Z23.583909 E0.401095
G1 X67.656584 Y126.103632 Z23.586337 E0.401074
G1 X67.749098 Y124.209335 Z23.588765 E0.401053
G1 X67.901061 Y122.318978 Z23.591193 E0.401032
G1 X68.112315 Y120.434426 Z23.59362 E0.401011
G1 X68.382647 Y118.557539 Z23.596048 E0.40099
G1 X68.711782 Y116.690167 Z23.598476 E0.400969
G1 X69.09939 Y114.834154 Z23.600904 E0.400948
G1 X69.545082 Y112.991328 Z23.603332 E0.400926
G1 X70.048412 Y111.163507 Z23.60576 E0.400905
G1 X70.608878 Y109.352494 Z23.608187 E0.400884
G1 X71.225921 Y107.560074 Z23.610615 E0.400863
G1 X71.898924 Y105.788013 Z23.613043 E0.400842
G1 X72.62722 Y104.038058 Z23.615471 E0.400821
G1 X73.410082 Y102.311935 Z23.617899 E0.4008
G1 X74.246733 Y100.611343 Z23.620327 E0.400779
G1 X75.136341 Y98.937958 Z23.622754 E0.400757
G1 X76.078023 Y97.293429 Z23.625182 E0.400736
G1 X77.070845 Y95.679375 Z23.62761 E0.400715
G1 X78.11382 Y94.097387 Z23.630038 E0.400694
G1 X79.205914 Y92.549021 Z23.632466 E0.400673
G1 X80.346045 Y91.035803 Z23.634894 E0.400652
G1 X81.533082 Y89.559222 Z23.637321 E0.400631
G1 X82.765849 Y88.120732 Z23.639749 E0.40061
G1 X84.043125 Y86.721747 Z23.642177 E0.400589
G1 X85.363644 Y85.363644 Z23.644605 E0.400567
G1 X86.726099 Y84.04776 Z23.647033 E0.400546
G1 X88.129141 Y82.775388 Z23.649461 E0.400525
G1 X89.57138 Y81.547779 Z23.651888 E0.400504
G1 X91.051391 Y80.36614 Z23.654316 E0.400483
G1 X92.567707 Y79.231632 Z23.656744 E0.400462
G1 X94.118829 Y78.14537 Z23.659172 E0.400441
G1 X95.703222 Y77.108421 Z23.6616 E0.40042
G1 X97.31932 Y76.121803 Z23.664028 E0.400398
G1 X98.965524 Y75.186484 Z23.666455 E0.400377
G1 X100.640207 Y74.303382 Z23.668883 E0.400356
G1 X102.341712 Y73.473363 Z23.671311 E0.400335
G1 X104.068359 Y72.697239 Z23.673739 E0.400314
G1 X105.818439 Y71.975773 Z23.676167 E0.400293
G1 X107.590225 Y71.309669 Z23.678595 E0.400272
G1 X109.381965 Y70.699579 Z23.681022 E0.400251
G1 X111.191888 Y70.146099 Z23.68345 E0.40023
G1 X113.018207 Y69.64977 Z23.685878 E0.400208
G1 X114.859118 Y69.211075 Z23.688306 E0.400187
G1 X116.712803 Y68.830442 Z23.690734 E0.400166
G1 X118.577431 Y68.508239 Z23.693161 E0.400145
G1 X120.45116 Y68.244778 Z23.695589 E0.400124
G1 X122.332141 Y68.040314 Z23.698017 E0.400103
G1 X124.218517 Y67.895041 Z23.700445 E0.400082
G1 X126.108425 Y67.809097 Z23.702873 E0.400061
G1 X128 Y67.782561 Z23.705301 E0.400039
G1 X129.891376 Y67.815452 Z23.707728 E0.400018
G1 X131.780685 Y67.907732 Z23.710156 E0.399997
G1 X133.666064 Y68.059303 Z23.712584 E0.399976
G1 X135.545653 Y68.270009 Z23.715012 E0.399955
G1 X137.417596 Y68.539637 Z23.71744 E0.399934
G1 X139.280049 Y68.867913 Z23.719868 E0.399913
G1 X141.131173 Y69.254509 Z23.722295 E0.399892
G1 X142.969144 Y69.699035 Z23.724723 E0.399871
G1 X144.792148 Y70.201048 Z23.727151 E0.399849
G1 X146.598389 Y70.760046 Z23.729579 E0.399828
G1 X148.386085 Y71.375471 Z23.732007 E0.399807
G1 X150.153475 Y72.04671 Z23.734435 E0.399786
G1 X151.898816 Y72.773094 Z23.736862 E0.399765
G1 X153.620389 Y73.553902 Z23.73929 E0.399744
G1 X155.316497 Y74.388356 Z23.741718 E0.399723
G1 X156.985469 Y75.275628 Z23.744146 E0.399702
G1 X158.625661 Y76.214836 Z23.746574 E0.39968
G1 X160.235457 Y77.205048 Z23.749002 E0.399659
G1 X161.813272 Y78.245281 Z23.751429 E0.399638
G1 X163.357552 Y79.334505 Z23.753857 E0.399617
G1 X164.866777 Y80.471638 Z23.756285 E0.399596
G1 X166.339461 Y81.655553 Z23.758713 E0.399575
G1 X167.774155 Y82.885077 Z23.761141 E0.399554
G1 X169.169446 Y84.158992 Z23.763569 E0.399533
G1 X170.523963 Y85.476037 Z23.765996 E0.399511
G1 X171.836373 Y86.834906 Z23.768424 E0.39949
G1 X173.105385 Y88.234254 Z23.770852 E0.399469
G1 X174.329751 Y89.672697 Z23.77328 E0.399448
G1 X175.508268 Y91.14881 Z23.775708 E0.399427
G1 X176.639777 Y92.661133 Z23.778135 E0.399406
G1 X177.723168 Y94.20817 Z23.780563 E0.399385
G1 X178.757375 Y95.78839 Z23.782991 E0.399364
G1 X179.741384 Y97.400231 Z23.785419 E0.399343
G1 X180.674229 Y99.042097 Z23.787847 E0.399321
G1 X181.554995 Y100.712367 Z23.790275 E0.3993
G1 X182.382818 Y102.409388 Z23.792702 E0.399279
G1 X183.156886 Y104.131484 Z23.79513 E0.399258
G1 X183.876442 Y105.876952 Z23.797558 E0.399237
G1 X184.540781 Y107.644066 Z23.799986 E0.399216
G1 X185.149254 Y109.431082 Z23.802414 E0.399195
G1 X185.701265 Y111.236233 Z23.804842 E0.399174
G1 X186.196277 Y113.057736 Z23.807269 E0.399152
G1 X186.633806 Y114.893792 Z23.809697 E0.399131
G1 X187.013427 Y116.742587 Z23.812125 E0.39911
G1 X187.334771 Y118.602295 Z23.814553 E0.399089
G1 X187.597528 Y120.471081 Z23.816981 E0.399068
G1 X187.801445 Y122.347099 Z23.819409 E0.399047
G1 X187.946326 Y124.228497 Z23.821836 E0.399026
G1 X188.032034 Y126.113417 Z23.824264 E0.399005
G1 X188.058492 Y128 Z23.826692 E0.398984
G1 X188.025679 Y129.886383 Z23.82912 E0.398962
G1 X187.933635 Y131.770705 Z23.831548 E0.398941
G1 X187.782456 Y133.651106 Z23.833976 E0.39892
G1 X187.572297 Y135.525731 Z23.836403 E0.398899
G1 X187.303373 Y137.392732 Z23.838831 E0.398878
G1 X186.975955 Y139.250265 Z23.841259 E0.398857
G1 X186.590372 Y141.0965 Z23.843687 E0.398836
G1 X186.147012 Y142.929615 Z23.846115 E0.398815
G1 X185.646316 Y144.747803 Z23.848543 E0.398793
G1 X185.088787 Y146.549271 Z23.85097 E0.398772
G1 X184.474979 Y148.332244 Z23.853398 E0.398751
G1 X183.805505 Y150.094963 Z23.855826 E0.39873
G1 X183.081032 Y151.835691 Z23.858254 E0.398709
G1 X182.302279 Y153.552713 Z23.860682 E0.398688
G1 X181.470021 Y155.244337 Z23.863109 E0.398667
G1 X180.585086 Y156.908896 Z23.865537 E0.398646
G1 X179.648352 Y158.54475 Z23.867965 E0.398625
G1 X178.660749 Y160.150289 Z23.870393 E0.398603
G1 X177.623257 Y161.72393 Z23.872821 E0.398582
G1 X176.536904 Y163.264125 Z23.875249 E0.398561
G1 X175.40277 Y164.769357 Z23.877676 E0.39854
G1 X174.221976 Y166.238144 Z23.880104 E0.398519
G1 X172.995695 Y167.669041 Z23.882532 E0.398498
G1 X171.72514 Y169.06064 Z23.88496 E0.398477
G1 X170.411571 Y170.411571 Z23.887388 E0.398456
G1 X169.056287 Y171.720506 Z23.889816 E0.398434
G1 X167.660632 Y172.986157 Z23.892243 E0.398413
G1 X166.225986 Y174.20728 Z23.894671 E0.398392
G1 X164.75377 Y175.382675 Z23.897099 E0.398371
G1 X163.24544 Y176.511186 Z23.899527 E0.39835
G1 X161.702488 Y177.591706 Z23.901955 E0.398329
G1 X160.126442 Y178.623172 Z23.904383 E0.398308
G1 X158.518859 Y179.604572 Z23.90681 E0.398287
G1 X156.881329 Y180.534943 Z23.909238 E0.398266
G1 X155.215473 Y181.413372 Z23.911666 E0.398244
G1 X153.522935 Y182.238998 Z23.914094 E0.398223
G1 X151.805391 Y183.011012 Z23.916522 E0.398202
G1 X150.064536 Y183.728657 Z23.91895 E0.398181
G1 X148.302092 Y184.391231 Z23.921377 E0.39816
G1 X146.519801 Y184.998086 Z23.923805 E0.398139
G1 X144.719422 Y185.548629 Z23.926233 E0.398118
G1 X142.902736 Y186.042323 Z23.928661 E0.398097
G1 X141.071535 Y186.478687 Z23.931089 E0.398075
G1 X139.22763 Y186.857295 Z23.933517 E0.398054
G1 X137.37284 Y187.177781 Z23.935944 E0.398033
G1 X135.508997 Y187.439835 Z23.938372 E0.398012
G1 X133.637943 Y187.643203 Z23.9408 E0.397991
G1 X131.761523 Y187.787692 Z23.943228 E0.39797
G1 X129.88159 Y187.873166 Z23.945656 E0.397949
G1 X128 Y187.899545 Z23.948083 E0.397928
G1 X126.11861 Y187.866811 Z23.950511 E0.397907
G1 X124.239276 Y187.775002 Z23.952939 E0.397885
G1 X122.363852 Y187.624214 Z23.955367 E0.397864
G1 X120.49419 Y187.414604 Z23.957795 E0.397843
G1 X118.632133 Y187.146383 Z23.960223 E0.397822
G1 X116.779519 Y186.819824 Z23.96265 E0.397801
G1 X114.938173 Y186.435254 Z23.965078 E0.39778
G1 X113.109913 Y185.993058 Z23.967506 E0.397759
G1 X111.296542 Y185.493681 Z23.969934 E0.397738
G1 X109.499846 Y184.937619 Z23.972362 E0.397716
G1 X107.721598 Y184.325429 Z23.97479 E0.397695
G1 X105.96355 Y183.65772 Z23.977217 E0.397674
G1 X104.227435 Y182.935157 Z23.979645 E0.397653
G1 X102.514963 Y182.158459 Z23.982073 E0.397632
G1 X100.827824 Y181.328399 Z23.984501 E0.397611
G1 X99.167677 Y180.4458 Z23.986929 E0.39759
G1 X97.53616 Y179.51154 Z23.989357 E0.397569
G1 X95.934879 Y178.526546 Z23.991784 E0.397548
G1 X94.365411 Y177.491795 Z23.994212 E0.397526
G1 X92.829301 Y176.408314 Z23.99664 E0.397505
G1 X91.328063 Y175.277177 Z23.999068 E0.397484
G1 X89.863172 Y174.099506 Z24.001496 E0.397463
G1 X88.436072 Y172.876467 Z24.003924 E0.397442
G1 X87.048167 Y171.609273 Z24.006351 E0.397421
G1 X85.700822 Y170.299178 Z24.008779 E0.3974
G1 X84.395362 Y168.947481 Z24.011207 E0.397379
G1 X83.133071 Y167.555519 Z24.013635 E0.397357
G1 X81.915191 Y166.12467 Z24.016063 E0.397336
G1 X80.742918 Y164.65635 Z24.018491 E0.397315
G1 X79.617404 Y163.152013 Z24.020918 E0.397294
G1 X78.539756 Y161.613147 Z24.023346 E0.397273
G1 X77.511031 Y160.041274 Z24.025774 E0.397252
G1 X76.53224 Y158.437948 Z24.028202 E0.397231
G1 X75.604343 Y156.804756 Z24.03063 E0.39721
G1 X74.72825 Y155.143312 Z24.033057 E0.397189
G1 X73.904821 Y153.455259 Z24.035485 E0.397167
G1 X73.134862 Y151.742265 Z24.037913 E0.397146
G1 X72.419128 Y150.006024 Z24.040341 E0.397125
G1 X71.758319 Y148.248251 Z24.042769 E0.397104
G1 X71.153081 Y146.470684 Z24.045197 E0.397083
G1 X70.604006 Y144.675078 Z24.047624 E0.397062
G1 X70.11163 Y142.863207 Z24.050052 E0.397041
G1 X69.676432 Y141.036862 Z24.05248 E0.39702
G1 X69.298836 Y139.197846 Z24.054908 E0.396998
G1 X68.979209 Y137.347975 Z24.057336 E0.396977
G1 X68.717859 Y135.489076 Z24.059764 E0.396956
G1 X68.515038 Y133.622984 Z24.062191 E0.396935
G1 X68.370941 Y131.751542 Z24.064619 E0.396914
G1 X68.285703 Y129.876597 Z24.067047 E0.396893
G1 X68.259402 Y128 Z24.069475 E0.396872
G1 X68.292057 Y126.123602 Z24.071903 E0.396851
G1 X68.383631 Y124.249256 Z24.074331 E0.39683
G1 X68.534027 Y122.378811 Z24.076758 E0.396808
G1 X68.74309 Y120.514111 Z24.079186 E0.396787
G1 X69.010607 Y118.656998 Z24.081614 E0.396766
G1 X69.336308 Y116.809302 Z24.084042 E0.396745
G1 X69.719865 Y114.972846 Z24.08647 E0.396724
G1 X70.160895 Y113.149442 Z24.088898 E0.396703
G1 X70.658955 Y111.340886 Z24.091325 E0.396682
G1 X71.213548 Y109.548963 Z24.093753 E0.396661
G1 X71.824121 Y107.775439 Z24.096181 E0.396639
G1 X72.490065 Y106.022062 Z24.098609 E0.396618
G1 X73.210717 Y104.29056 Z24.101037 E0.396597
G1 X73.98536 Y102.58264 Z24.103465 E0.396576
G1 X74.813224 Y100.899984 Z24.105892 E0.396555
G1 X75.693486 Y99.244251 Z24.10832 E0.396534
G1 X76.625273 Y97.617071 Z24.110748 E0.396513
G1 X77.607658 Y96.020047 Z24.113176 E0.396492
G1 X78.639667 Y94.454752 Z24.115604 E0.396471
G1 X79.720277 Y92.922728 Z24.118031 E0.396449
G1 X80.848416 Y91.425482 Z24.120459 E0.396428
G1 X82.022965 Y89.964489 Z24.122887 E0.396407
G1 X83.242761 Y88.541186 Z24.125315 E0.396386
G1 X84.506594 Y87.156974 Z24.127743 E0.396365
G1 X85.813214 Y85.813214 Z24.130171 E0.396344
G1 X87.161326 Y84.511229 Z24.132598 E0.396323
G1 X88.549595 Y83.252299 Z24.135026 E0.396302
G1 X89.976647 Y82.037661 Z24.137454 E0.39628
G1 X91.441069 Y80.868511 Z24.139882 E0.396259
G1 X92.941413 Y79.745995 Z24.14231 E0.396238
G1 X94.476194 Y78.671218 Z24.144738 E0.396217
G1 X96.043894 Y77.645235 Z24.147165 E0.396196
G1 X97.642962 Y76.669052 Z24.149593 E0.396175
G1 X99.271817 Y75.743629 Z24.152021 E0.396154
G1 X100.928848 Y74.869873 Z24.154449 E0.396133
G1 X102.612417 Y74.048641 Z24.156877 E0.396112
G1 X104.32086 Y73.280737 Z24.159305 E0.39609
G1 X106.052488 Y72.566913 Z24.161732 E0.396069
G1 X107.80559 Y71.907869 Z24.16416 E0.396048
G1 X109.578434 Y71.304249 Z24.166588 E0.396027
G1 X111.369267 Y70.756642 Z24.169016 E0.396006
G1 X113.176321 Y70.265583 Z24.171444 E0.395985
G1 X114.997811 Y69.831551 Z24.173872 E0.395964
G1 X116.831938 Y69.454968 Z24.176299 E0.395943
G1 X118.67689 Y69.136199 Z24.178727 E0.395921
G1 X120.530845 Y68.875552 Z24.181155 E0.3959
G1 X122.391974 Y68.67328 Z24.183583 E0.395879
G1 X124.258438 Y68.529574 Z24.186011 E0.395858
G1 X126.128395 Y68.444571 Z24.188439 E0.395837
G1 X128 Y68.418349 Z24.190866 E0.395816
G1 X129.871405 Y68.450926 Z24.193294 E0.395795
G1 X131.740764 Y68.542265 Z24.195722 E0.395774
G1 X133.606231 Y68.692269 Z24.19815 E0.395753
G1 X135.465967 Y68.900783 Z24.200578 E0.395731
G1 X137.318137 Y69.167597 Z24.203005 E0.39571
G1 X139.160914 Y69.492439 Z24.205433 E0.395689
G1 X140.99248 Y69.874984 Z24.207861 E0.395668
G1 X142.81103 Y70.314848 Z24.210289 E0.395647
G1 X144.614769 Y70.811591 Z24.212717 E0.395626
G1 X146.401919 Y71.364716 Z24.215145 E0.395605
G1 X148.17072 Y71.973671 Z24.217572 E0.395584
G1 X149.919426 Y72.63785 Z24.22 E0.395562
G1 X151.646315 Y73.356591 Z24.222428 E0.395541
G1 X153.349684 Y74.129179 Z24.224856 E0.39552
G1 X155.027856 Y74.954847 Z24.227284 E0.395499
G1 X156.679176 Y75.832772 Z24.229712 E0.395478
G1 X158.302019 Y76.762085 Z24.232139 E0.395457
G1 X159.894785 Y77.741861 Z24.234567 E0.395436
G1 X161.455906 Y78.771129 Z24.236995 E0.395415
G1 X162.983845 Y79.848868 Z24.239423 E0.395394
G1 X164.477098 Y80.974008 Z24.241851 E0.395372
G1 X165.934195 Y82.145436 Z24.244279 E0.395351
G1 X167.353701 Y83.361989 Z24.246706 E0.39533
G1 X168.73422 Y84.622462 Z24.249134 E0.395309
G1 X170.074394 Y85.925606 Z24.251562 E0.395288
G1 X171.372904 Y87.270132 Z24.25399 E0.395267
G1 X172.628473 Y88.654708 Z24.256418 E0.395246
G1 X173.839868 Y90.077963 Z24.258846 E0.395225
G1 X175.005897 Y91.538489 Z24.261273 E0.395203
G1 X176.125414 Y93.03484 Z24.263701 E0.395182
G1 X177.19732 Y94.565536 Z24.266129 E0.395161
G1 X178.220562 Y96.129062 Z24.268557 E0.39514
G1 X179.194135 Y97.723873 Z24.270985 E0.395119
G1 X180.117084 Y99.34839 Z24.273413 E0.395098
G1 X180.988504 Y101.001009 Z24.27584 E0.395077
G1 X181.80754 Y102.680094 Z24.278268 E0.395056
G1 X182.573389 Y104.383986 Z24.280696 E0.395035
G1 X183.285302 Y106.111001 Z24.283124 E0.395013
G1 X183.942581 Y107.859432 Z24.285552 E0.394992
G1 X184.544584 Y109.627551 Z24.28798 E0.394971
G1 X185.090722 Y111.413612 Z24.290407 E0.39495
G1 X185.580463 Y113.21585 Z24.292835 E0.394929
G1 X186.01333 Y115.032484 Z24.295263 E0.394908
G1 X186.388901 Y116.861721 Z24.297691 E0.394887
G1 X186.706811 Y118.701755 Z24.300119 E0.394866
G1 X186.966754 Y120.550767 Z24.302546 E0.394844
G1 X187.168479 Y122.406932 Z24.304974 E0.394823
G1 X187.311793 Y124.268418 Z24.307402 E0.394802
G1 X187.39656 Y126.133388 Z24.30983 E0.394781
G1 X187.422704 Y128 Z24.312258 E0.39476
G1 X187.390206 Y129.866412 Z24.314686 E0.394739
G1 X187.299102 Y131.730783 Z24.317113 E0.394718
G1 X187.14949 Y133.591273 Z24.319541 E0.394697
G1 X186.941523 Y135.446046 Z24.321969 E0.394676
G1 X186.675413 Y137.293273 Z24.324397 E0.394654
G1 X186.351429 Y139.13113 Z24.326825 E0.394633
G1 X185.969897 Y140.957807 Z24.329253 E0.394612
G1 X185.531198 Y142.771501 Z24.33168 E0.394591
G1 X185.035773 Y144.570424 Z24.334108 E0.39457
G1 X184.484117 Y146.352802 Z24.336536 E0.394549
G1 X183.876779 Y148.116878 Z24.338964 E0.394528
G1 X183.214365 Y149.860914 Z24.341392 E0.394507
G1 X182.497535 Y151.583189 Z24.34382 E0.394485
G1 X181.727001 Y153.282008 Z24.346247 E0.394464
G1 X180.903531 Y154.955695 Z24.348675 E0.394443
G1 X180.027941 Y156.602603 Z24.351103 E0.394422
G1 X179.101103 Y158.221108 Z24.353531 E0.394401
G1 X178.123936 Y159.809617 Z24.355959 E0.39438
G1 X177.097409 Y161.366565 Z24.358387 E0.394359
G1 X176.022541 Y162.890419 Z24.360814 E0.394338
G1 X174.900399 Y164.379678 Z24.363242 E0.394317
G1 X173.732094 Y165.832878 Z24.36567 E0.394295
G1 X172.518784 Y167.248587 Z24.368098 E0.394274
G1 X171.261671 Y168.625413 Z24.370526 E0.394253
G1 X169.962001 Y169.962001 Z24.372954 E0.394232
G1 X168.621061 Y171.257036 Z24.375381 E0.394211
G1 X167.240178 Y172.509245 Z24.377809 E0.39419
G1 X165.82072 Y173.717397 Z24.380237 E0.394169
G1 X164.364091 Y174.880304 Z24.382665 E0.394148
G1 X162.871733 Y175.996823 Z24.385093 E0.394126
G1 X161.345123 Y177.065858 Z24.38752 E0.394105
G1 X159.78577 Y178.086359 Z24.389948 E0.394084
G1 X158.195217 Y179.057323 Z24.392376 E0.394063
G1 X156.575036 Y179.977798 Z24.394804 E0.394042
G1 X154.926831 Y180.846881 Z24.397232 E0.394021
G1 X153.25223 Y181.663721 Z24.39966 E0.394
G1 X151.552889 Y182.427515 Z24.402087 E0.393979
G1 X149.830487 Y183.137517 Z24.404515 E0.393958
G1 X148.086727 Y183.793031 Z24.406943 E0.393936
G1 X146.323332 Y184.393416 Z24.409371 E0.393915
G1 X144.542043 Y184.938087 Z24.411799 E0.393894
G1 X142.744622 Y185.42651 Z24.414227 E0.393873
G1 X140.932842 Y185.858211 Z24.416654 E0.393852
G1 X139.108495 Y186.232769 Z24.419082 E0.393831
G1 X137.273381 Y186.549821 Z24.42151 E0.39381
G1 X135.429312 Y186.809061 Z24.423938 E0.393789
G1 X133.57811 Y187.010237 Z24.426366 E0.393767
G1 X131.721601 Y187.153159 Z24.428794 E0.393746
G1 X129.861619 Y187.237692 Z24.431221 E0.393725
G1 X128 Y187.263758 Z24.433649 E0.393704
G1 X126.13858 Y187.231337 Z24.436077 E0.393683
G1 X124.279197 Y187.140469 Z24.438505 E0.393662
G1 X122.423685 Y186.991248 Z24.440933 E0.393641
G1 X120.573875 Y186.78383 Z24.443361 E0.39362
G1 X118.731592 Y186.518423 Z24.445788 E0.393599
G1 X116.898653 Y186.195298 Z24.448216 E0.393577
G1 X115.076866 Y185.814778 Z24.450644 E0.393556
G1 X113.268027 Y185.377245 Z24.453072 E0.393535
G1 X111.473921 Y184.883138 Z24.4555 E0.393514
G1 X109.696315 Y184.332949 Z24.457928 E0.393493
G1 X107.936963 Y183.727229 Z24.460355 E0.393472
G1 X106.197599 Y183.06658 Z24.462783 E0.393451
G1 X104.479936 Y182.35166 Z24.465211 E0.39343
G1 X102.785669 Y181.583182 Z24.467639 E0.393408
G1 X101.116465 Y180.761908 Z24.470067 E0.393387
G1 X99.47397 Y179.888655 Z24.472494 E0.393366
G1 X97.859803 Y178.964291 Z24.474922 E0.393345
G1 X96.275551 Y177.989732 Z24.47735 E0.393324
G1 X94.722777 Y176.965947 Z24.479778 E0.393303
G1 X93.203008 Y175.893951 Z24.482206 E0.393282
G1 X91.717741 Y174.774806 Z24.484634 E0.393261
G1 X90.268439 Y173.609623 Z24.487061 E0.39324
G1 X88.856526 Y172.399556 Z24.489489 E0.393218
G1 X87.483393 Y171.145804 Z24.491917 E0.393197
G1 X86.150391 Y169.849609 Z24.494345 E0.393176
G1 X84.858831 Y168.512254 Z24.496773 E0.393155
G1 X83.609982 Y167.135065 Z24.499201 E0.393134
G1 X82.405074 Y165.719404 Z24.501628 E0.393113
G1 X81.245289 Y164.266672 Z24.504056 E0.393092
G1 X80.131767 Y162.778307 Z24.506484 E0.393071
G1 X79.065604 Y161.255781 Z24.508912 E0.393049
G1 X78.047845 Y159.700602 Z24.51134 E0.393028
G1 X77.079489 Y158.114306 Z24.513768 E0.393007
G1 X76.161488 Y156.498463 Z24.516195 E0.392986
G1 X75.294741 Y154.854671 Z24.518623 E0.392965
G1 X74.480099 Y153.184554 Z24.521051 E0.392944
G1 X73.718359 Y151.489763 Z24.523479 E0.392923
G1 X73.010268 Y149.771975 Z24.525907 E0.392902
G1 X72.356519 Y148.032886 Z24.528335 E0.392881
G1 X71.757751 Y146.274214 Z24.530762 E0.392859
G1 X71.214549 Y144.497699 Z24.53319 E0.392838
G1 X70.727443 Y142.705093 Z24.535618 E0.392817
G1 X70.296908 Y140.898169 Z24.538046 E0.392796
G1 X69.923362 Y139.078711 Z24.540474 E0.392775
G1 X69.607169 Y137.248516 Z24.542902 E0.392754
G1 X69.348633 Y135.409391 Z24.545329 E0.392733
G1 X69.148004 Y133.563152 Z24.547757 E0.392712
G1 X69.005474 Y131.711621 Z24.550185 E0.39269
G1 X68.921177 Y129.856627 Z24.552613 E0.392669
G1 X68.895189 Y128 Z24.555041 E0.392648
G1 X68.927531 Y126.143573 Z24.557468 E0.392627
G1 X69.018165 Y124.289177 Z24.559896 E0.392606
G1 X69.166993 Y122.438643 Z24.562324 E0.392585
G1 X69.373864 Y120.593797 Z24.564752 E0.392564
G1 X69.638567 Y118.756457 Z24.56718 E0.392543
G1 X69.960834 Y116.928437 Z24.569608 E0.392521
G1 X70.340341 Y115.111539 Z24.572035 E0.3925
G1 X70.776708 Y113.307556 Z24.574463 E0.392479
G1 X71.269498 Y111.518266 Z24.576891 E0.392458
G1 X71.818218 Y109.745433 Z24.579319 E0.392437
G1 X72.422321 Y107.990804 Z24.581747 E0.392416
G1 X73.081205 Y106.256111 Z24.584175 E0.392395
G1 X73.794214 Y104.543062 Z24.586602 E0.392374
G1 X74.560638 Y102.853345 Z24.58903 E0.392353
G1 X75.379715 Y101.188626 Z24.591458 E0.392331
G1 X76.250631 Y99.550544 Z24.593886 E0.39231
G1 X77.172522 Y97.940713 Z24.596314 E0.392289
G1 X78.144471 Y96.360719 Z24.598742 E0.392268
G1 X79.165515 Y94.812118 Z24.601169 E0.392247
G1 X80.23464 Y93.296435 Z24.603597 E0.392226
G1 X81.350787 Y91.815161 Z24.606025 E0.392205
G1 X82.512848 Y90.369755 Z24.608453 E0.392184
G1 X83.719672 Y88.96164 Z24.610881 E0.392162
G1 X84.970064 Y87.5922 Z24.613309 E0.392141
G1 X86.262784 Y86.262784 Z24.615736 E0.39212
G1 X87.596552 Y84.974698 Z24.618164 E0.392099
G1 X88.970049 Y83.72921 Z24.620592 E0.392078
G1 X90.381913 Y82.527544 Z24.62302 E0.392057
G1 X91.830748 Y81.370881 Z24.625448 E0.392036
G1 X93.31512 Y80.260358 Z24.627876 E0.392015
G1 X94.83356 Y79.197066 Z24.630303 E0.391994
G1 X96.384566 Y78.182048 Z24.632731 E0.391972
G1 X97.966604 Y77.216302 Z24.635159 E0.391951
G1 X99.57811 Y76.300774 Z24.637587 E0.39193
G1 X101.21749 Y75.436364 Z24.640015 E0.391909
G1 X102.883123 Y74.623918 Z24.642442 E0.391888
G1 X104.573362 Y73.864234 Z24.64487 E0.391867
G1 X106.286537 Y73.158054 Z24.647298 E0.391846
G1 X108.020956 Y72.506069 Z24.649726 E0.391825
G1 X109.774903 Y71.908919 Z24.652154 E0.391803
G1 X111.546646 Y71.367185 Z24.654582 E0.391782
G1 X113.334435 Y70.881396 Z24.657009 E0.391761
G1 X115.136504 Y70.452027 Z24.659437 E0.39174
G1 X116.951073 Y70.079494 Z24.661865 E0.391719
G1 X118.776349 Y69.764159 Z24.664293 E0.391698
G1 X120.610531 Y69.506327 Z24.666721 E0.391677
G1 X122.451807 Y69.306246 Z24.669149 E0.391656
G1 X124.298359 Y69.164107 Z24.671576 E0.391635
G1 X126.148366 Y69.080045 Z24.674004 E0.391613
G1 X128 Y69.054136 Z24.676432 E0.391592
G1 X129.851434 Y69.0864 Z24.67886 E0.391571
G1 X131.700842 Y69.176798 Z24.681288 E0.39155
G1 X133.546398 Y69.325235 Z24.683716 E0.391529
G1 X135.386282 Y69.531557 Z24.686143 E0.391508
G1 X137.218678 Y69.795557 Z24.688571 E0.391487
G1 X139.041779 Y70.116965 Z24.690999 E0.391466
G1 X140.853788 Y70.49546 Z24.693427 E0.391444
G1 X142.652916 Y70.930661 Z24.695855 E0.391423
G1 X144.43739 Y71.422134 Z24.698283 E0.391402
G1 X146.20545 Y71.969386 Z24.70071 E0.391381
G1 X147.955354 Y72.571871 Z24.703138 E0.39136
G1 X149.685377 Y73.22899 Z24.705566 E0.391339
G1 X151.393813 Y73.940088 Z24.707994 E0.391318
G1 X153.078979 Y74.704457 Z24.710422 E0.391297
G1 X154.739214 Y75.521338 Z24.71285 E0.391276
G1 X156.372883 Y76.389917 Z24.715277 E0.391254
G1 X157.978376 Y77.309334 Z24.717705 E0.391233
G1 X159.554113 Y78.278674 Z24.720133 E0.391212
G1 X161.09854 Y79.296977 Z24.722561 E0.391191
G1 X162.610139 Y80.363231 Z24.724989 E0.39117
G1 X164.087419 Y81.476379 Z24.727416 E0.391149
G1 X165.528928 Y82.635318 Z24.729844 E0.391128
G1 X166.933247 Y83.8389 Z24.732272 E0.391107
G1 X168.298993 Y85.085931 Z24.7347 E0.391085
G1 X169.624824 Y86.375176 Z24.737128 E0.391064
G1 X170.909434 Y87.705359 Z24.739556 E0.391043
G1 X172.151562 Y89.075162 Z24.741983 E0.391022
G1 X173.349985 Y90.48323 Z24.744411 E0.391001
G1 X174.503526 Y91.928168 Z24.746839 E0.39098
G1 X175.611051 Y93.408547 Z24.749267 E0.390959
G1 X176.671472 Y94.922901 Z24.751695 E0.390938
G1 X177.683749 Y96.469734 Z24.754123 E0.390917
G1 X178.646886 Y98.047515 Z24.75655 E0.390895
G1 X179.55994 Y99.654683 Z24.758978 E0.390874
G1 X180.422013 Y101.28965 Z24.761406 E0.390853
G1 X181.232262 Y102.950799 Z24.763834 E0.390832
G1 X181.989892 Y104.636487 Z24.766262 E0.390811
G1 X182.694161 Y106.34505 Z24.76869 E0.39079
G1 X183.344381 Y108.074797 Z24.771117 E0.390769
G1 X183.939914 Y109.82402 Z24.773545 E0.390748
G1 X184.480179 Y111.590991 Z24.775973 E0.390726
G1 X184.96465 Y113.373964 Z24.778401 E0.390705
G1 X185.392854 Y115.171177 Z24.780829 E0.390684
G1 X185.764375 Y116.980856 Z24.783257 E0.390663
G1 X186.078851 Y118.801214 Z24.785684 E0.390642
G1 X186.33598 Y120.630452 Z24.788112 E0.390621
G1 X186.535513 Y122.466765 Z24.79054 E0.3906
G1 X186.67726 Y124.30834 Z24.792968 E0.390579
G1 X186.761086 Y126.153358 Z24.795396 E0.390558
G1 X186.786917 Y128 Z24.797824 E0.390536
G1 X186.754732 Y129.846442 Z24.800251 E0.390515
G1 X186.664569 Y131.690862 Z24.802679 E0.390494
G1 X186.516524 Y133.53144 Z24.805107 E0.390473
G1 X186.310749 Y135.366361 Z24.807535 E0.390452
G1 X186.047453 Y137.193813 Z24.809963 E0.390431
G1 X185.726903 Y139.011996 Z24.81239 E0.39041
G1 X185.349421 Y140.819114 Z24.814818 E0.390389
G1 X184.915385 Y142.613387 Z24.817246 E0.390367
G1 X184.425231 Y144.393045 Z24.819674 E0.390346
G1 X183.879447 Y146.156333 Z24.822102 E0.390325
G1 X183.278578 Y147.901513 Z24.82453 E0.390304
G1 X182.623225 Y149.626865 Z24.826957 E0.390283
G1 X181.914038 Y151.330687 Z24.829385 E0.390262
G1 X181.151723 Y153.011302 Z24.831813 E0.390241
G1 X180.33704 Y154.667054 Z24.834241 E0.39022
G1 X179.470796 Y156.29631 Z24.836669 E0.390199
G1 X178.553854 Y157.897466 Z24.839097 E0.390177
G1 X177.587122 Y159.468945 Z24.841524 E0.390156
G1 X176.571561 Y161.009199 Z24.843952 E0.390135
G1 X175.508178 Y162.516712 Z24.84638 E0.390114
G1 X174.398028 Y163.99 Z24.848808 E0.390093
G1 X173.242211 Y165.427612 Z24.851236 E0.390072
G1 X172.041872 Y166.828133 Z24.853664 E0.390051
G1 X170.798202 Y168.190187 Z24.856091 E0.39003
G1 X169.512431 Y169.512431 Z24.858519 E0.390008
G1 X168.185834 Y170.793567 Z24.860947 E0.389987
G1 X166.819724 Y172.032334 Z24.863375 E0.389966
G1 X165.415454 Y173.227514 Z24.865803 E0.389945
G1 X163.974413 Y174.377933 Z24.868231 E0.389924
G1 X162.498027 Y175.48246 Z24.870658 E0.389903
G1 X160.987757 Y176.540011 Z24.873086 E0.389882
G1 X159.445098 Y177.549545 Z24.875514 E0.389861
G1 X157.871574 Y178.510074 Z24.877942 E0.38984
G1 X156.268743 Y179.420653 Z24.88037 E0.389818
G1 X154.638189 Y180.280391 Z24.882798 E0.389797
G1 X152.981525 Y181.088443 Z24.885225 E0.389776
G1 X151.300387 Y181.844018 Z24.887653 E0.389755
G1 X149.596438 Y182.546376 Z24.890081 E0.389734
G1 X147.871362 Y183.19483 Z24.892509 E0.389713
G1 X146.126863 Y183.788746 Z24.894937 E0.389692
G1 X144.364664 Y184.327544 Z24.897364 E0.389671
G1 X142.586508 Y184.810697 Z24.899792 E0.389649
G1 X140.79415 Y185.237735 Z24.90222 E0.389628
G1 X138.98936 Y185.608243 Z24.904648 E0.389607
G1 X137.173922 Y185.921861 Z24.907076 E0.389586
G1 X135.349627 Y186.178286 Z24.909504 E0.389565
G1 X133.518277 Y186.377271 Z24.911931 E0.389544
G1 X131.68168 Y186.518626 Z24.914359 E0.389523
G1 X129.841649 Y186.602218 Z24.916787 E0.389502
G1 X128 Y186.62797 Z24.919215 E0.389481
G1 X126.158551 Y186.595863 Z24.921643 E0.389459
G1 X124.319119 Y186.505936 Z24.924071 E0.389438
G1 X122.483518 Y186.358282 Z24.926498 E0.389417
G1 X120.653561 Y186.153055 Z24.928926 E0.389396
G1 X118.831051 Y185.890463 Z24.931354 E0.389375
G1 X117.017788 Y185.570772 Z24.933782 E0.389354
G1 X115.215559 Y185.194302 Z24.93621 E0.389333
G1 X113.426141 Y184.761432 Z24.938638 E0.389312
G1 X111.6513 Y184.272595 Z24.941065 E0.38929
G1 X109.892784 Y183.728279 Z24.943493 E0.389269
G1 X108.152328 Y183.129028 Z24.945921 E0.389248
G1 X106.431648 Y182.475439 Z24.948349 E0.389227
G1 X104.732438 Y181.768163 Z24.950777 E0.389206
G1 X103.056374 Y181.007904 Z24.953205 E0.389185
G1 X101.405107 Y180.195417 Z24.955632 E0.389164
G1 X99.780264 Y179.33151 Z24.95806 E0.389143
G1 X98.183445 Y178.417041 Z24.960488 E0.389122
G1 X96.616223 Y177.452919 Z24.962916 E0.3891
G1 X95.080142 Y176.4401 Z24.965344 E0.389079
G1 X93.576715 Y175.379588 Z24.967772 E0.389058
G1 X92.10742 Y174.272435 Z24.970199 E0.389037
G1 X90.673705 Y173.11974 Z24.972627 E0.389016
G1 X89.27698 Y171.922644 Z24.975055 E0.388995
G1 X87.91862 Y170.682334 Z24.977483 E0.388974
G1 X86.599961 Y169.400039 Z24.979911 E0.388953
G1 X85.3223 Y168.077028 Z24.982339 E0.388931
G1 X84.086894 Y166.714611 Z24.984766 E0.38891
G1 X82.894956 Y165.314137 Z24.987194 E0.388889
G1 X81.747659 Y163.876993 Z24.989622 E0.388868
G1 X80.64613 Y162.4046 Z24.99205 E0.388847
G1 X79.591451 Y160.898416 Z24.994478 E0.388826
G1 X78.584658 Y159.35993 Z24.996905 E0.388805
G1 X77.626738 Y157.790664 Z24.999333 E0.388784
G1 X76.718633 Y156.19217 Z25.001761 E0.388763
G1 X75.861232 Y154.566029 Z25.004189 E0.388741
G1 X75.055377 Y152.913849 Z25.006617 E0.38872
G1 X74.301856 Y151.237262 Z25.009045 E0.388699
G1 X73.601409 Y149.537926 Z25.011472 E0.388678
G1 X72.95472 Y147.81752 Z25.0139 E0.388657
G1 X72.362421 Y146.077745 Z25.016328 E0.388636
G1 X71.825092 Y144.320319 Z25.018756 E0.388615
G1 X71.343256 Y142.546979 Z25.021184 E0.388594
G1 X70.917384 Y140.759476 Z25.023612 E0.388572
G1 X70.547888 Y138.959576 Z25.026039 E0.388551
G1 X70.235129 Y137.149057 Z25.028467 E0.38853
G1 X69.979407 Y135.329705 Z25.030895 E0.388509
G1 X69.78097 Y133.503319 Z25.033323 E0.388488
G1 X69.640007 Y131.6717 Z25.035751 E0.388467
G1 X69.556651 Y129.836656 Z25.038179 E0.388446
G1 X69.530977 Y128 Z25.040606 E0.388425
G1 X69.563005 Y126.163543 Z25.043034 E0.388404
G1 X69.652698 Y124.329099 Z25.045462 E0.388382
G1 X69.799959 Y122.498476 Z25.04789 E0.388361
G1 X70.004638 Y120.673482 Z25.050318 E0.38834
G1 X70.266527 Y118.855916 Z25.052746 E0.388319
G1 X70.58536 Y117.047572 Z25.055173 E0.388298
G1 X70.960817 Y115.250232 Z25.057601 E0.388277
G1 X71.392521 Y113.46567 Z25.060029 E0.388256
G1 X71.880041 Y111.695645 Z25.062457 E0.388235
G1 X72.422888 Y109.941902 Z25.064885 E0.388213
G1 X73.020522 Y108.20617 Z25.067313 E0.388192
G1 X73.672346 Y106.49016 Z25.06974 E0.388171
G1 X74.377711 Y104.795563 Z25.072168 E0.38815
G1 X75.135916 Y103.12405 Z25.074596 E0.388129
G1 X75.946206 Y101.477267 Z25.077024 E0.388108
G1 X76.807776 Y99.856837 Z25.079452 E0.388087
G1 X77.719771 Y98.264355 Z25.081879 E0.388066
G1 X78.681284 Y96.701391 Z25.084307 E0.388045
G1 X79.691362 Y95.169484 Z25.086735 E0.388023
G1 X80.749003 Y93.670141 Z25.089163 E0.388002
G1 X81.853157 Y92.20484 Z25.091591 E0.387981
G1 X83.002731 Y90.775021 Z25.094019 E0.38796
G1 X84.196583 Y89.382094 Z25.096446 E0.387939
G1 X85.433533 Y88.027427 Z25.098874 E0.387918
G1 X86.712354 Y86.712354 Z25.101302 E0.387897
G1 X88.031779 Y85.438168 Z25.10373 E0.387876
G1 X89.390503 Y84.206122 Z25.106158 E0.387854
G1 X90.787179 Y83.017427 Z25.108586 E0.387833
G1 X92.220427 Y81.873252 Z25.111013 E0.387812
G1 X93.688827 Y80.774721 Z25.113441 E0.387791
G1 X95.190926 Y79.722913 Z25.115869 E0.38777
G1 X96.725238 Y78.718861 Z25.118297 E0.387749
G1 X98.290247 Y77.763551 Z25.120725 E0.387728
G1 X99.884403 Y76.857919 Z25.123153 E0.387707
G1 X101.506131 Y76.002855 Z25.12558 E0.387686
G1 X103.153828 Y75.199196 Z25.128008 E0.387664
G1 X104.825864 Y74.447731 Z25.130436 E0.387643
G1 X106.520586 Y73.749194 Z25.132864 E0.387622
G1 X108.236321 Y73.10427 Z25.135292 E0.387601
G1 X109.971372 Y72.513589 Z25.13772 E0.38758
G1 X111.724025 Y71.977728 Z25.140147 E0.387559
G1 X113.492549 Y71.49721 Z25.142575 E0.387538
G1 X115.275197 Y71.072503 Z25.145003 E0.387517
G1 X117.070207 Y70.70402 Z25.147431 E0.387495
G1 X118.875808 Y70.392119 Z25.149859 E0.387474
G1 X120.690216 Y70.137101 Z25.152287 E0.387453
G1 X122.51164 Y69.939212 Z25.154714 E0.387432
G1 X124.338281 Y69.79864 Z25.157142 E0.387411
G1 X126.168336 Y69.715519 Z25.15957 E0.38739
G1 X128 Y69.689924 Z25.161998 E0.387369
G1 X129.831464 Y69.721874 Z25.164426 E0.387348
G1 X131.660921 Y69.811331 Z25.166853 E0.387327
G1 X133.486565 Y69.958201 Z25.169281 E0.387305
G1 X135.306597 Y70.162332 Z25.171709 E0.387284
G1 X137.119219 Y70.423517 Z25.174137 E0.387263
G1 X138.922645 Y70.741491 Z25.176565 E0.387242
G1 X140.715095 Y71.115936 Z25.178993 E0.387221
G1 X142.494802 Y71.546475 Z25.18142 E0.3872
G1 X144.260011 Y72.032677 Z25.183848 E0.387179
G1 X146.008981 Y72.574056 Z25.186276 E0.387158
G1 X147.739989 Y73.170072 Z25.188704 E0.387136
G1 X149.451328 Y73.820131 Z25.191132 E0.387115
G1 X151.141311 Y74.523585 Z25.19356 E0.387094
G1 X152.808274 Y75.279735 Z25.195987 E0.387073
G1 X154.450572 Y76.087829 Z25.198415 E0.387052
G1 X156.06659 Y76.947062 Z25.200843 E0.387031
G1 X157.654734 Y77.856583 Z25.203271 E0.38701
G1 X159.213441 Y78.815488 Z25.205699 E0.386989
G1 X160.741175 Y79.822824 Z25.208127 E0.386968
G1 X162.236432 Y80.877594 Z25.210554 E0.386946
G1 X163.697741 Y81.97875 Z25.212982 E0.386925
G1 X165.123662 Y83.125201 Z25.21541 E0.386904
G1 X166.512793 Y84.315811 Z25.217838 E0.386883
G1 X167.863767 Y85.5494 Z25.220266 E0.386862
G1 X169.175254 Y86.824746 Z25.222694 E0.386841
G1 X170.445965 Y88.140586 Z25.225121 E0.38682
G1 X171.674651 Y89.495616 Z25.227549 E0.386799
G1 X172.860102 Y90.888496 Z25.229977 E0.386777
G1 X174.001155 Y92.317846 Z25.232405 E0.386756
G1 X175.096688 Y93.782253 Z25.234833 E0.386735
G1 X176.145625 Y95.280267 Z25.237261 E0.386714
G1 X177.146935 Y96.810406 Z25.239688 E0.386693
G1 X178.099637 Y98.371157 Z25.242116 E0.386672
G1 X179.002795 Y99.960976 Z25.244544 E0.386651
G1 X179.855522 Y101.578292 Z25.246972 E0.38663
G1 X180.656984 Y103.221504 Z25.2494 E0.386609
G1 X181.406395 Y104.888989 Z25.251827 E0.386587
G1 X182.103021 Y106.579099 Z25.254255 E0.386566
G1 X182.74618 Y108.290162 Z25.256683 E0.386545
G1 X183.335244 Y110.020489 Z25.259111 E0.386524
G1 X183.869637 Y111.76837 Z25.261539 E0.386503
G1 X184.348837 Y113.532078 Z25.263967 E0.386482
G1 X184.772378 Y115.30987 Z25.266394 E0.386461
G1 X185.139849 Y117.099991 Z25.268822 E0.38644
G1 X185.450891 Y118.900673 Z25.27125 E0.386418
G1 X185.705206 Y120.710137 Z25.273678 E0.386397
G1 X185.902547 Y122.526598 Z25.276106 E0.386376
G1 X186.042727 Y124.348261 Z25.278534 E0.386355
G1 X186.125612 Y126.173329 Z25.280961 E0.386334
G1 X186.151129 Y128 Z25.283389 E0.386313
G1 X186.119258 Y129.826471 Z25.285817 E0.386292
G1 X186.030036 Y131.65094 Z25.288245 E0.386271
G1 X185.883558 Y133.471607 Z25.290673 E0.38625
G1 X185.679975 Y135.286675 Z25.293101 E0.386228
G1 X185.419493 Y137.094354 Z25.295528 E0.386207
G1 X185.102377 Y138.892861 Z25.297956 E0.386186
G1 X184.728945 Y140.680422 Z25.300384 E0.386165
G1 X184.299572 Y142.455273 Z25.302812 E0.386144
G1 X183.814688 Y144.215666 Z25.30524 E0.386123
G1 X183.274777 Y145.959864 Z25.307668 E0.386102
G1 X182.680378 Y147.686147 Z25.310095 E0.386081
G1 X182.032084 Y149.392815 Z25.312523 E0.386059
G1 X181.330541 Y151.078186 Z25.314951 E0.386038
G1 X180.576445 Y152.740597 Z25.317379 E0.386017
G1 X179.770549 Y154.378412 Z25.319807 E0.385996
G1 X178.913651 Y155.990017 Z25.322235 E0.385975
G1 X178.006605 Y157.573824 Z25.324662 E0.385954
G1 X177.050309 Y159.128273 Z25.32709 E0.385933
G1 X176.045714 Y160.651833 Z25.329518 E0.385912
G1 X174.993815 Y162.143005 Z25.331946 E0.385891
G1 X173.895657 Y163.600321 Z25.334374 E0.385869
G1 X172.752328 Y165.022345 Z25.336801 E0.385848
G1 X171.564961 Y166.40768 Z25.339229 E0.385827
G1 X170.334733 Y167.75496 Z25.341657 E0.385806
G1 X169.062862 Y169.062862 Z25.344085 E0.385785
G1 X167.750608 Y170.330098 Z25.346513 E0.385764
G1 X166.39927 Y171.555423 Z25.348941 E0.385743
G1 X165.010187 Y172.737632 Z25.351368 E0.385722
G1 X163.584734 Y173.875562 Z25.353796 E0.3857
G1 X162.12432 Y174.968097 Z25.356224 E0.385679
G1 X160.630391 Y176.014163 Z25.358652 E0.385658
G1 X159.104426 Y177.012732 Z25.36108 E0.385637
G1 X157.547932 Y177.962825 Z25.363508 E0.385616
G1 X155.96245 Y178.863508 Z25.365935 E0.385595
G1 X154.349548 Y179.7139 Z25.368363 E0.385574
G1 X152.71082 Y180.513165 Z25.370791 E0.385553
G1 X151.047885 Y181.260521 Z25.373219 E0.385531
G1 X149.362389 Y181.955236 Z25.375647 E0.38551
G1 X147.655996 Y182.59663 Z25.378075 E0.385489
G1 X145.930393 Y183.184076 Z25.380502 E0.385468
G1 X144.187285 Y183.717001 Z25.38293 E0.385447
G1 X142.428394 Y184.194884 Z25.385358 E0.385426
G1 X140.655457 Y184.617259 Z25.387786 E0.385405
G1 X138.870225 Y184.983717 Z25.390214 E0.385384
G1 X137.074462 Y185.293901 Z25.392642 E0.385363
G1 X135.269941 Y185.547512 Z25.395069 E0.385341
G1 X133.458444 Y185.744305 Z25.397497 E0.38532
G1 X131.641758 Y185.884093 Z25.399925 E0.385299
G1 X129.821678 Y185.966744 Z25.402353 E0.385278
G1 X128 Y185.992182 Z25.404781 E0.385257
G1 X126.178521 Y185.960389 Z25.407209 E0.385236
G1 X124.35904 Y185.871403 Z25.409636 E0.385215
G1 X122.543351 Y185.725316 Z25.412064 E0.385194
G1 X120.733246 Y185.522281 Z25.414492 E0.385172
G1 X118.93051 Y185.262503 Z25.41692 E0.385151
G1 X117.136923 Y184.946246 Z25.419348 E0.38513
G1 X115.354252 Y184.573826 Z25.421775 E0.385109
G1 X113.584255 Y184.145619 Z25.424203 E0.385088
G1 X111.828679 Y183.662052 Z25.426631 E0.385067
G1 X110.089254 Y183.123609 Z25.429059 E0.385046
G1 X108.367694 Y182.530828 Z25.431487 E0.385025
G1 X106.665697 Y181.884299 Z25.433915 E0.385004
G1 X104.98494 Y181.184666 Z25.436342 E0.384982
G1 X103.327079 Y180.432626 Z25.43877 E0.384961
G1 X101.693748 Y179.628926 Z25.441198 E0.38494
G1 X100.086557 Y178.774365 Z25.443626 E0.384919
G1 X98.507087 Y177.869792 Z25.446054 E0.384898
G1 X96.956895 Y176.916106 Z25.448482 E0.384877
G1 X95.437508 Y175.914252 Z25.450909 E0.384856
G1 X93.950421 Y174.865225 Z25.453337 E0.384835
G1 X92.497099 Y173.770065 Z25.455765 E0.384813
G1 X91.078971 Y172.629857 Z25.458193 E0.384792
G1 X89.697434 Y171.445733 Z25.460621 E0.384771
G1 X88.353847 Y170.218865 Z25.463049 E0.38475
G1 X87.049531 Y168.950469 Z25.465476 E0.384729
G1 X85.785769 Y167.641801 Z25.467904 E0.384708
G1 X84.563805 Y166.294157 Z25.470332 E0.384687
G1 X83.384839 Y164.908871 Z25.47276 E0.384666
G1 X82.25003 Y163.487314 Z25.475188 E0.384645
G1 X81.160493 Y162.030894 Z25.477616 E0.384623
G1 X80.117299 Y160.54105 Z25.480043 E0.384602
G1 X79.121471 Y159.019258 Z25.482471 E0.384581
G1 X78.173988 Y157.467022 Z25.484899 E0.38456
G1 X77.275778 Y155.885877 Z25.487327 E0.384539
G1 X76.427723 Y154.277388 Z25.489755 E0.384518
G1 X75.630655 Y152.643143 Z25.492183 E0.384497
G1 X74.885353 Y150.98476 Z25.49461 E0.384476
G1 X74.192549 Y149.303877 Z25.497038 E0.384454
G1 X73.55292 Y147.602155 Z25.499466 E0.384433
G1 X72.967091 Y145.881276 Z25.501894 E0.384412
G1 X72.435635 Y144.14294 Z25.504322 E0.384391
G1 X71.95907 Y142.388865 Z25.506749 E0.38437
G1 X71.53786 Y140.620784 Z25.509177 E0.384349
G1 X71.172414 Y138.840442 Z25.511605 E0.384328
G1 X70.863089 Y137.049598 Z25.514033 E0.384307
G1 X70.610181 Y135.25002 Z25.516461 E0.384286
G1 X70.413936 Y133.443486 Z25.518889 E0.384264
G1 X70.27454 Y131.631778 Z25.521316 E0.384243
G1 X70.192124 Y129.816686 Z25.523744 E0.384222
G1 X70.166765 Y128 Z25.526172 E0.384201
G1 X70.198479 Y126.183514 Z25.5286 E0.38418
G1 X70.287231 Y124.36902 Z25.531028 E0.384159
G1 X70.432925 Y122.558309 Z25.533456 E0.384138
G1 X70.635412 Y120.753167 Z25.535883 E0.384117
G1 X70.894487 Y118.955375 Z25.538311 E0.384095
G1 X71.209886 Y117.166706 Z25.540739 E0.384074
G1 X71.581293 Y115.388925 Z25.543167 E0.384053
G1 X72.008335 Y113.623784 Z25.545595 E0.384032
G1 X72.490584 Y111.873024 Z25.548023 E0.384011
G1 X73.027558 Y110.138371 Z25.55045 E0.38399
G1 X73.618722 Y108.421535 Z25.552878 E0.383969
G1 X74.263486 Y106.724209 Z25.555306 E0.383948
G1 X74.961208 Y105.048065 Z25.557734 E0.383927
G1 X75.711194 Y103.394755 Z25.560162 E0.383905
G1 X76.512697 Y101.765909 Z25.56259 E0.383884
G1 X77.364921 Y100.16313 Z25.565017 E0.383863
G1 X78.26702 Y98.587998 Z25.567445 E0.383842
G1 X79.218098 Y97.042063 Z25.569873 E0.383821
G1 X80.21721 Y95.526849 Z25.572301 E0.3838
G1 X81.263366 Y94.043848 Z25.574729 E0.383779
G1 X82.355528 Y92.594518 Z25.577157 E0.383758
G1 X83.492613 Y91.180288 Z25.579584 E0.383736
G1 X84.673495 Y89.802547 Z25.582012 E0.383715
G1 X85.897002 Y88.462653 Z25.58444 E0.383694
G1 X87.161923 Y87.161923 Z25.586868 E0.383673
G1 X88.467006 Y85.901637 Z25.589296 E0.383652
G1 X89.810957 Y84.683033 Z25.591724 E0.383631
G1 X91.192446 Y83.50731 Z25.594151 E0.38361
G1 X92.610106 Y82.375623 Z25.596579 E0.383589
G1 X94.062533 Y81.289084 Z25.599007 E0.383568
G1 X95.548291 Y80.248761 Z25.601435 E0.383546
G1 X97.06591 Y79.255674 Z25.603863 E0.383525
G1 X98.613889 Y78.3108 Z25.60629 E0.383504
G1 X100.190696 Y77.415064 Z25.608718 E0.383483
G1 X101.794773 Y76.569346 Z25.611146 E0.383462
G1 X103.424533 Y75.774474 Z25.613574 E0.383441
G1 X105.078365 Y75.031228 Z25.616002 E0.38342
G1 X106.754635 Y74.340334 Z25.61843 E0.383399
G1 X108.451686 Y73.70247 Z25.620857 E0.383377
G1 X110.167841 Y73.118259 Z25.623285 E0.383356
G1 X111.901404 Y72.588271 Z25.625713 E0.383335
G1 X113.650663 Y72.113023 Z25.628141 E0.383314
G1 X115.41389 Y71.692978 Z25.630569 E0.383293
G1 X117.189342 Y71.328546 Z25.632997 E0.383272
G1 X118.975267 Y71.020079 Z25.635424 E0.383251
G1 X120.769901 Y70.767875 Z25.637852 E0.38323
G1 X122.571472 Y70.572178 Z25.64028 E0.383209
G1 X124.378202 Y70.433173 Z25.642708 E0.383187
G1 X126.188307 Y70.350993 Z25.645136 E0.383166
G1 X128 Y70.325712 Z25.647564 E0.383145
G1 X129.811493 Y70.357348 Z25.649991 E0.383124
G1 X131.620999 Y70.445864 Z25.652419 E0.383103
G1 X133.426733 Y70.591167 Z25.654847 E0.383082
G1 X135.226911 Y70.793106 Z25.657275 E0.383061
G1 X137.01976 Y71.051477 Z25.659703 E0.38304
G1 X138.80351 Y71.366018 Z25.662131 E0.383018
G1 X140.576402 Y71.736412 Z25.664558 E0.382997
G1 X142.336688 Y72.162288 Z25.666986 E0.382976
G1 X144.082631 Y72.643219 Z25.669414 E0.382955
G1 X145.812512 Y73.178726 Z25.671842 E0.382934
G1 X147.524623 Y73.768272 Z25.67427 E0.382913
G1 X149.217279 Y74.411271 Z25.676698 E0.382892
G1 X150.888809 Y75.107082 Z25.679125 E0.382871
G1 X152.537568 Y75.855013 Z25.681553 E0.38285
G1 X154.161931 Y76.65432 Z25.683981 E0.382828
G1 X155.760297 Y77.504207 Z25.686409 E0.382807
G1 X157.331092 Y78.403832 Z25.688837 E0.382786
G1 X158.872769 Y79.352301 Z25.691264 E0.382765
G1 X160.383809 Y80.348672 Z25.693692 E0.382744
G1 X161.862726 Y81.391957 Z25.69612 E0.382723
G1 X163.308062 Y82.481121 Z25.698548 E0.382702
G1 X164.718396 Y83.615084 Z25.700976 E0.382681
G1 X166.092339 Y84.792723 Z25.703404 E0.382659
G1 X167.42854 Y86.012869 Z25.705831 E0.382638
G1 X168.725684 Y87.274316 Z25.708259 E0.382617
G1 X169.982496 Y88.575812 Z25.710687 E0.382596
G1 X171.197739 Y89.91607 Z25.713115 E0.382575
G1 X172.370219 Y91.293762 Z25.715543 E0.382554
G1 X173.498784 Y92.707525 Z25.717971 E0.382533
G1 X174.582325 Y94.15596 Z25.720398 E0.382512
G1 X175.619777 Y95.637633 Z25.722826 E0.382491
G1 X176.610122 Y97.151078 Z25.725254 E0.382469
G1 X177.552388 Y98.6948 Z25.727682 E0.382448
G1 X178.44565 Y100.267269 Z25.73011 E0.382427
G1 X179.289031 Y101.866933 Z25.732538 E0.382406
G1 X180.081706 Y103.492209 Z25.734965 E0.382385
G1 X180.822898 Y105.141491 Z25.737393 E0.382364
G1 X181.511881 Y106.813148 Z25.739821 E0.382343
G1 X182.14798 Y108.505528 Z25.742249 E0.382322
G1 X182.730574 Y110.216959 Z25.744677 E0.3823
G1 X183.259094 Y111.945749 Z25.747105 E0.382279
G1 X183.733024 Y113.690192 Z25.749532 E0.382258
G1 X184.151903 Y115.448563 Z25.75196 E0.382237
G1 X184.515323 Y117.219126 Z25.754388 E0.382216
G1 X184.822931 Y119.000132 Z25.756816 E0.382195
G1 X185.074431 Y120.789823 Z25.759244 E0.382174
G1 X185.269581 Y122.586431 Z25.761672 E0.382153
G1 X185.408194 Y124.388183 Z25.764099 E0.382132
G1 X185.490139 Y126.1933 Z25.766527 E0.38211
G1 X185.515342 Y128 Z25.768955 E0.382089
G1 X185.483784 Y129.806501 Z25.771383 E0.382068
G1 X185.395503 Y131.611019 Z25.773811 E0.382047
G1 X185.250592 Y133.411774 Z25.776238 E0.382026
G1 X185.0492 Y135.20699 Z25.778666 E0.382005
G1 X184.791533 Y136.994895 Z25.781094 E0.381984
G1 X184.477851 Y138.773726 Z25.783522 E0.381963
G1 X184.108469 Y140.541729 Z25.78595 E0.381941
G1 X183.683759 Y142.297159 Z25.788378 E0.38192
G1 X183.204145 Y144.038287 Z25.790805 E0.381899
G1 X182.670107 Y145.763395 Z25.793233 E0.381878
G1 X182.082178 Y147.470782 Z25.795661 E0.381857
G1 X181.440944 Y149.158766 Z25.798089 E0.381836
G1 X180.747043 Y150.825684 Z25.800517 E0.381815
G1 X180.001168 Y152.469892 Z25.802945 E0.381794
G1 X179.204058 Y154.089771 Z25.805372 E0.381773
G1 X178.356506 Y155.683724 Z25.8078 E0.381751
G1 X177.459356 Y157.250181 Z25.810228 E0.38173
G1 X176.513496 Y158.787601 Z25.812656 E0.381709
G1 X175.519866 Y160.294468 Z25.815084 E0.381688
G1 X174.479452 Y161.769299 Z25.817512 E0.381667
G1 X173.393286 Y163.210642 Z25.819939 E0.381646
G1 X172.262445 Y164.617079 Z25.822367 E0.381625
G1 X171.08805 Y165.987226 Z25.824795 E0.381604
G1 X169.871263 Y167.319733 Z25.827223 E0.381582
G1 X168.613292 Y168.613292 Z25.829651 E0.381561
G1 X167.315381 Y169.866629 Z25.832079 E0.38154
G1 X165.978817 Y171.078511 Z25.834506 E0.381519
G1 X164.604921 Y172.247749 Z25.836934 E0.381498
G1 X163.195055 Y173.373192 Z25.839362 E0.381477
G1 X161.750614 Y174.453734 Z25.84179 E0.381456
G1 X160.273026 Y175.488315 Z25.844218 E0.381435
G1 X158.763754 Y176.475919 Z25.846646 E0.381414
G1 X157.22429 Y177.415576 Z25.849073 E0.381392
G1 X155.656157 Y178.306363 Z25.851501 E0.381371
G1 X154.060906 Y179.147409 Z25.853929 E0.38135
G1 X152.440114 Y179.937887 Z25.856357 E0.381329
G1 X150.795384 Y180.677024 Z25.858785 E0.381308
G1 X149.12834 Y181.364095 Z25.861212 E0.381287
G1 X147.440631 Y181.99843 Z25.86364 E0.381266
G1 X145.733924 Y182.579406 Z25.866068 E0.381245
G1 X144.009906 Y183.106458 Z25.868496 E0.381223
G1 X142.27028 Y183.579071 Z25.870924 E0.381202
G1 X140.516764 Y183.996784 Z25.873352 E0.381181
G1 X138.751091 Y184.359191 Z25.875779 E0.38116
G1 X136.975003 Y184.665941 Z25.878207 E0.381139
G1 X135.190256 Y184.916738 Z25.880635 E0.381118
G1 X133.398611 Y185.111339 Z25.883063 E0.381097
G1 X131.601837 Y185.24956 Z25.885491 E0.381076
G1 X129.801708 Y185.33127 Z25.887919 E0.381055
G1 X128 Y185.356395 Z25.890346 E0.381033
G1 X126.198492 Y185.324915 Z25.892774 E0.381012
G1 X124.398961 Y185.23687 Z25.895202 E0.380991
G1 X122.603184 Y185.09235 Z25.89763 E0.38097
G1 X120.812931 Y184.891507 Z25.900058 E0.380949
G1 X119.02997 Y184.634543 Z25.902486 E0.380928
G1 X117.256057 Y184.321719 Z25.904913 E0.380907
G1 X115.492944 Y183.95335 Z25.907341 E0.380886
G1 X113.742369 Y183.529806 Z25.909769 E0.380864
G1 X112.006058 Y183.051509 Z25.912197 E0.380843
G1 X110.285723 Y182.518939 Z25.914625 E0.380822
G1 X108.583059 Y181.932628 Z25.917053 E0.380801
G1 X106.899746 Y181.293159 Z25.91948 E0.38078
G1 X105.237441 Y180.601169 Z25.921908 E0.380759
G1 X103.597784 Y179.857348 Z25.924336 E0.380738
G1 X101.98239 Y179.062435 Z25.926764 E0.380717
G1 X100.39285 Y178.21722 Z25.929192 E0.380696
G1 X98.830729 Y177.322543 Z25.93162 E0.380674
G1 X97.297567 Y176.379293 Z25.934047 E0.380653
G1 X95.794874 Y175.388404 Z25.936475 E0.380632
G1 X94.324128 Y174.350862 Z25.938903 E0.380611
G1 X92.886777 Y173.267694 Z25.941331 E0.38059
G1 X91.484237 Y172.139975 Z25.943759 E0.380569
G1 X90.117888 Y170.968822 Z25.946186 E0.380548
G1 X88.789073 Y169.755396 Z25.948614 E0.380527
G1 X87.499101 Y168.500899 Z25.951042 E0.380505
G1 X86.249239 Y167.206575 Z25.95347 E0.380484
G1 X85.040716 Y165.873703 Z25.955898 E0.380463
G1 X83.874722 Y164.503605 Z25.958326 E0.380442
G1 X82.752401 Y163.097635 Z25.960753 E0.380421
G1 X81.674856 Y161.657187 Z25.963181 E0.3804
G1 X80.643147 Y160.183684 Z25.965609 E0.380379
G1 X79.658284 Y158.678586 Z25.968037 E0.380358
G1 X78.721237 Y157.143379 Z25.970465 E0.380337
G1 X77.832923 Y155.579584 Z25.972893 E0.380315
G1 X76.994214 Y153.988746 Z25.97532 E0.380294
G1 X76.205933 Y152.372438 Z25.977748 E0.380273
G1 X75.46885 Y150.732258 Z25.980176 E0.380252
G1 X74.78369 Y149.069828 Z25.982604 E0.380231
G1 X74.15112 Y147.38679 Z25.985032 E0.38021
G1 X73.571761 Y145.684807 Z25.98746 E0.380189
G1 X73.046178 Y143.965561 Z25.989887 E0.380168
G1 X72.574883 Y142.230751 Z25.992315 E0.380146
G1 X72.158335 Y140.482091 Z25.994743 E0.380125
G1 X71.796941 Y138.721307 Z25.997171 E0.380104
G1 X71.491049 Y136.950139 Z25.999599 E0.380083
G1 X71.240956 Y135.170335 Z26.002027 E0.380062
G1 X71.046902 Y133.383653 Z26.004454 E0.380041
G1 X70.909073 Y131.591857 Z26.006882 E0.38002
G1 X70.827598 Y129.796715 Z26.00931 E0.379999
G1 X70.802552 Y128 Z26.011738 E0.379978
G1 X70.833953 Y126.203485 Z26.014166 E0.379956
G1 X70.921764 Y124.408942 Z26.016594 E0.379935
G1 X71.065891 Y122.618142 Z26.019021 E0.379914
G1 X71.266187 Y120.832853 Z26.021449 E0.379893
G1 X71.522447 Y119.054834 Z26.023877 E0.379872
G1 X71.834412 Y117.285841 Z26.026305 E0.379851
G1 X72.201769 Y115.527618 Z26.028733 E0.37983
G1 X72.624148 Y113.781898 Z26.03116 E0.379809
G1 X73.101127 Y112.050403 Z26.033588 E0.379787
G1 X73.632228 Y110.33484 Z26.036016 E0.379766
G1 X74.216922 Y108.636901 Z26.038444 E0.379745
G1 X74.854626 Y106.958258 Z26.040872 E0.379724
G1 X75.544705 Y105.300567 Z26.0433 E0.379703
G1 X76.286471 Y103.665461 Z26.045727 E0.379682
G1 X77.079188 Y102.05455 Z26.048155 E0.379661
G1 X77.922066 Y100.469423 Z26.050583 E0.37964
G1 X78.814269 Y98.91164 Z26.053011 E0.379619
G1 X79.754911 Y97.382735 Z26.055439 E0.379597
G1 X80.743058 Y95.884215 Z26.057867 E0.379576
G1 X81.777729 Y94.417554 Z26.060294 E0.379555
G1 X82.857899 Y92.984197 Z26.062722 E0.379534
G1 X83.982496 Y91.585554 Z26.06515 E0.379513
G1 X85.150406 Y90.223001 Z26.067578 E0.379492
G1 X86.360471 Y88.89788 Z26.070006 E0.379471
G1 X87.611493 Y87.611493 Z26.072434 E0.37945
G1 X88.902232 Y86.365106 Z26.074861 E0.379428
G1 X90.23141 Y85.159944 Z26.077289 E0.379407
G1 X91.597712 Y83.997193 Z26.079717 E0.379386
G1 X92.999784 Y82.877994 Z26.082145 E0.379365
G1 X94.43624 Y81.803447 Z26.084573 E0.379344
G1 X95.905657 Y80.774608 Z26.087001 E0.379323
G1 X97.406582 Y79.792488 Z26.089428 E0.379302
G1 X98.937531 Y78.858049 Z26.091856 E0.379281
G1 X100.496989 Y77.972209 Z26.094284 E0.37926
G1 X102.083414 Y77.135837 Z26.096712 E0.379238
G1 X103.695238 Y76.349752 Z26.09914 E0.379217
G1 X105.330867 Y75.614725 Z26.101568 E0.379196
G1 X106.988684 Y74.931475 Z26.103995 E0.379175
G1 X108.667052 Y74.30067 Z26.106423 E0.379154
G1 X110.36431 Y73.722929 Z26.108851 E0.379133
G1 X112.078784 Y73.198813 Z26.111279 E0.379112
G1 X113.808777 Y72.728836 Z26.113707 E0.379091
G1 X115.552582 Y72.313454 Z26.116134 E0.379069
G1 X117.308477 Y71.953072 Z26.118562 E0.379048
G1 X119.074726 Y71.648039 Z26.12099 E0.379027
G1 X120.849587 Y71.398649 Z26.123418 E0.379006
G1 X122.631305 Y71.205144 Z26.125846 E0.378985
G1 X124.418124 Y71.067706 Z26.128274 E0.378964
G1 X126.208278 Y70.986467 Z26.130701 E0.378943
G1 X128 Y70.961499 Z26.133129 E0.378922
G1 X129.791523 Y70.992822 Z26.135557 E0.378901
G1 X131.581078 Y71.080397 Z26.137985 E0.378879
G1 X133.3669 Y71.224133 Z26.140413 E0.378858
G1 X135.147226 Y71.42388 Z26.142841 E0.378837
G1 X136.920301 Y71.679437 Z26.145268 E0.378816
G1 X138.684375 Y71.990544 Z26.147696 E0.378795
G1 X140.437709 Y72.356888 Z26.150124 E0.378774
G1 X142.178574 Y72.778101 Z26.152552 E0.378753
G1 X143.905252 Y73.253762 Z26.15498 E0.378732
G1 X145.616043 Y73.783396 Z26.157408 E0.37871
G1 X147.309258 Y74.366472 Z26.159835 E0.378689
G1 X148.98323 Y75.002412 Z26.162263 E0.378668
G1 X150.636308 Y75.690579 Z26.164691 E0.378647
G1 X152.266863 Y76.430291 Z26.167119 E0.378626
G1 X153.873289 Y77.22081 Z26.169547 E0.378605
G1 X155.454004 Y78.061352 Z26.171975 E0.378584
G1 X157.00745 Y78.951081 Z26.174402 E0.378563
G1 X158.532097 Y79.889114 Z26.17683 E0.378541
G1 X160.026443 Y80.874519 Z26.179258 E0.37852
G1 X161.489019 Y81.90632 Z26.181686 E0.378499
G1 X162.918383 Y82.983492 Z26.184114 E0.378478
G1 X164.313129 Y84.104967 Z26.186542 E0.378457
G1 X165.671885 Y85.269634 Z26.188969 E0.378436
G1 X166.993313 Y86.476339 Z26.191397 E0.378415
G1 X168.276115 Y87.723885 Z26.193825 E0.378394
G1 X169.519027 Y89.011039 Z26.196253 E0.378373
G1 X170.720828 Y90.336524 Z26.198681 E0.378351
G1 X171.880337 Y91.699029 Z26.201108 E0.37833
G1 X172.996414 Y93.097204 Z26.203536 E0.378309
G1 X174.067962 Y94.529666 Z26.205964 E0.378288
G1 X175.09393 Y95.994998 Z26.208392 E0.378267
G1 X176.073309 Y97.49175 Z26.21082 E0.378246
G1 X177.005139 Y99.018442 Z26.213248 E0.378225
G1 X177.888505 Y100.573562 Z26.215675 E0.378204
G1 X178.72254 Y102.155575 Z26.218103 E0.378182
G1 X179.506429 Y103.762914 Z26.220531 E0.378161
G1 X180.239401 Y105.393993 Z26.222959 E0.37814
G1 X180.92074 Y107.047197 Z26.225387 E0.378119
G1 X181.549779 Y108.720893 Z26.227815 E0.378098
G1 X182.125904 Y110.413428 Z26.230242 E0.378077
G1 X182.648551 Y112.123128 Z26.23267 E0.378056
G1 X183.117211 Y113.848306 Z26.235098 E0.378035
G1 X183.531427 Y115.587255 Z26.237526 E0.378014
G1 X183.890796 Y117.33826 Z26.239954 E0.377992
G1 X184.194971 Y119.099591 Z26.242382 E0.377971
G1 X184.443657 Y120.869508 Z26.244809 E0.37795
G1 X184.636615 Y122.646264 Z26.247237 E0.377929
G1 X184.77366 Y124.428104 Z26.249665 E0.377908
G1 X184.854665 Y126.21327 Z26.252093 E0.377887
G1 X184.879554 Y128 Z26.254521 E0.377866
G1 X184.84831 Y129.78653 Z26.256949 E0.377845
G1 X184.76097 Y131.571098 Z26.259376 E0.377823
G1 X184.617626 Y133.351941 Z26.261804 E0.377802
G1 X184.418426 Y135.127305 Z26.264232 E0.377781
G1 X184.163573 Y136.895436 Z26.26666 E0.37776
G1 X183.853325 Y138.654592 Z26.269088 E0.377739
G1 X183.487993 Y140.403036 Z26.271516 E0.377718
G1 X183.067946 Y142.139045 Z26.273943 E0.377697
G1 X182.593602 Y143.860908 Z26.276371 E0.377676
G1 X182.065437 Y145.566925 Z26.278799 E0.377655
G1 X181.483977 Y147.255417 Z26.281227 E0.377633
G1 X180.849803 Y148.924717 Z26.283655 E0.377612
G1 X180.163546 Y150.573182 Z26.286083 E0.377591
G1 X179.42589 Y152.199187 Z26.28851 E0.37757
G1 X178.637567 Y153.801129 Z26.290938 E0.377549
G1 X177.799361 Y155.377431 Z26.293366 E0.377528
G1 X176.912106 Y156.926539 Z26.295794 E0.377507
G1 X175.976683 Y158.446929 Z26.298222 E0.377486
G1 X174.994019 Y159.937102 Z26.300649 E0.377464
G1 X173.965089 Y161.395592 Z26.303077 E0.377443
G1 X172.890916 Y162.820964 Z26.305505 E0.377422
G1 X171.772562 Y164.211813 Z26.307933 E0.377401
G1 X170.611138 Y165.566772 Z26.310361 E0.37738
G1 X169.407794 Y166.884507 Z26.312789 E0.377359
G1 X168.163722 Y168.163722 Z26.315216 E0.377338
G1 X166.880155 Y169.403159 Z26.317644 E0.377317
G1 X165.558363 Y170.6016 Z26.320072 E0.377296
G1 X164.199655 Y171.757866 Z26.3225 E0.377274
G1 X162.805376 Y172.870821 Z26.324928 E0.377253
G1 X161.376907 Y173.939371 Z26.327356 E0.377232
G1 X159.91566 Y174.962468 Z26.329783 E0.377211
G1 X158.423082 Y175.939106 Z26.332211 E0.37719
G1 X156.900648 Y176.868326 Z26.334639 E0.377169
G1 X155.349864 Y177.749218 Z26.337067 E0.377148
G1 X153.772265 Y178.580918 Z26.339495 E0.377127
G1 X152.169409 Y179.362609 Z26.341923 E0.377105
G1 X150.542882 Y180.093527 Z26.34435 E0.377084
G1 X148.894291 Y180.772955 Z26.346778 E0.377063
G1 X147.225266 Y181.400229 Z26.349206 E0.377042
G1 X145.537455 Y181.974736 Z26.351634 E0.377021
G1 X143.832527 Y182.495915 Z26.354062 E0.377
G1 X142.112166 Y182.963257 Z26.35649 E0.376979
G1 X140.378071 Y183.376308 Z26.358917 E0.376958
G1 X138.631956 Y183.734665 Z26.361345 E0.376937
G1 X136.875544 Y184.037981 Z26.363773 E0.376915
G1 X135.110571 Y184.285964 Z26.366201 E0.376894
G1 X133.338778 Y184.478373 Z26.368629 E0.376873
G1 X131.561916 Y184.615027 Z26.371057 E0.376852
G1 X129.781737 Y184.695796 Z26.373484 E0.376831
G1 X128 Y184.720607 Z26.375912 E0.37681
G1 X126.218463 Y184.689441 Z26.37834 E0.376789
G1 X124.438883 Y184.602337 Z26.380768 E0.376768
G1 X122.663017 Y184.459384 Z26.383196 E0.376746
G1 X120.892617 Y184.260733 Z26.385623 E0.376725
G1 X119.129429 Y184.006583 Z26.388051 E0.376704
G1 X117.375192 Y183.697193 Z26.390479 E0.376683
G1 X115.631637 Y183.332874 Z26.392907 E0.376662
G1 X113.900483 Y182.913992 Z26.395335 E0.376641
G1 X112.183437 Y182.440966 Z26.397763 E0.37662
G1 X110.482192 Y181.914269 Z26.40019 E0.376599
G1 X108.798425 Y181.334427 Z26.402618 E0.376578
G1 X107.133795 Y180.702018 Z26.405046 E0.376556
G1 X105.489943 Y180.017672 Z26.407474 E0.376535
G1 X103.868489 Y179.28207 Z26.409902 E0.376514
G1 X102.271031 Y178.495944 Z26.41233 E0.376493
G1 X100.699143 Y177.660075 Z26.414757 E0.376472
G1 X99.154371 Y176.775294 Z26.417185 E0.376451
G1 X97.638239 Y175.842479 Z26.419613 E0.37643
G1 X96.152239 Y174.862557 Z26.422041 E0.376409
G1 X94.697834 Y173.836499 Z26.424469 E0.376387
G1 X93.276456 Y172.765323 Z26.426897 E0.376366
G1 X91.889504 Y171.650092 Z26.429324 E0.376345
G1 X90.538342 Y170.49191 Z26.431752 E0.376324
G1 X89.2243 Y169.291927 Z26.43418 E0.376303
G1 X87.94867 Y168.05133 Z26.436608 E0.376282
G1 X86.712708 Y166.771348 Z26.439036 E0.376261
G1 X85.517628 Y165.453249 Z26.441464 E0.37624
G1 X84.364605 Y164.098338 Z26.443891 E0.376219
G1 X83.254772 Y162.707957 Z26.446319 E0.376197
G1 X82.189219 Y161.28348 Z26.448747 E0.376176
G1 X81.168994 Y159.826319 Z26.451175 E0.376155
G1 X80.195098 Y158.337914 Z26.453603 E0.376134
G1 X79.268486 Y156.819737 Z26.456031 E0.376113
G1 X78.390068 Y155.273291 Z26.458458 E0.376092
G1 X77.560705 Y153.700104 Z26.460886 E0.376071
G1 X76.78121 Y152.101733 Z26.463314 E0.37605
G1 X76.052347 Y150.479757 Z26.465742 E0.376028
G1 X75.37483 Y148.835779 Z26.46817 E0.376007
G1 X74.749321 Y147.171424 Z26.470597 E0.375986
G1 X74.176431 Y145.488338 Z26.473025 E0.375965
G1 X73.656721 Y143.788182 Z26.475453 E0.375944
G1 X73.190696 Y142.072637 Z26.477881 E0.375923
G1 X72.778811 Y140.343398 Z26.480309 E0.375902
G1 X72.421467 Y138.602172 Z26.482737 E0.375881
G1 X72.119009 Y136.85068 Z26.485164 E0.37586
G1 X71.87173 Y135.090649 Z26.487592 E0.375838
G1 X71.679868 Y133.32382 Z26.49002 E0.375817
G1 X71.543606 Y131.551935 Z26.492448 E0.375796
G1 X71.463072 Y129.776745 Z26.494876 E0.375775
G1 X71.43834 Y128 Z26.497304 E0.375754
G1 X71.469427 Y126.223455 Z26.499731 E0.375733
G1 X71.556297 Y124.448863 Z26.502159 E0.375712
G1 X71.698857 Y122.677975 Z26.504587 E0.375691
G1 X71.896961 Y120.912538 Z26.507015 E0.375669
G1 X72.150407 Y119.154293 Z26.509443 E0.375648
G1 X72.458938 Y117.404976 Z26.511871 E0.375627
G1 X72.822244 Y115.66631 Z26.514298 E0.375606
G1 X73.239961 Y113.940012 Z26.516726 E0.375585
G1 X73.711669 Y112.227782 Z26.519154 E0.375564
G1 X74.236898 Y110.531309 Z26.521582 E0.375543
G1 X74.815123 Y108.852266 Z26.52401 E0.375522
G1 X75.445767 Y107.192307 Z26.526438 E0.375501
G1 X76.128202 Y105.553069 Z26.528865 E0.375479
G1 X76.861749 Y103.936166 Z26.531293 E0.375458
G1 X77.645679 Y102.343192 Z26.533721 E0.375437
G1 X78.479211 Y100.775716 Z26.536149 E0.375416
G1 X79.361518 Y99.235282 Z26.538577 E0.375395
G1 X80.291724 Y97.723407 Z26.541005 E0.375374
G1 X81.268905 Y96.241581 Z26.543432 E0.375353
G1 X82.292092 Y94.791261 Z26.54586 E0.375332
G1 X83.36027 Y93.373876 Z26.548288 E0.37531
G1 X84.472379 Y91.99082 Z26.550716 E0.375289
G1 X85.627317 Y90.643455 Z26.553144 E0.375268
G1 X86.823941 Y89.333106 Z26.555571 E0.375247
G1 X88.061063 Y88.061063 Z26.557999 E0.375226
G1 X89.337459 Y86.828575 Z26.560427 E0.375205
G1 X90.651864 Y85.636856 Z26.562855 E0.375184
G1 X92.002978 Y84.487075 Z26.565283 E0.375163
G1 X93.389463 Y83.380365 Z26.567711 E0.375142
G1 X94.809946 Y82.31781 Z26.570138 E0.37512
G1 X96.263023 Y81.300456 Z26.572566 E0.375099
G1 X97.747254 Y80.329301 Z26.574994 E0.375078
G1 X99.261173 Y79.405298 Z26.577422 E0.375057
G1 X100.803282 Y78.529354 Z26.57985 E0.375036
G1 X102.372056 Y77.702328 Z26.582278 E0.375015
G1 X103.965943 Y76.92503 Z26.584705 E0.374994
G1 X105.583369 Y76.198222 Z26.587133 E0.374973
G1 X107.222733 Y75.522615 Z26.589561 E0.374951
G1 X108.882417 Y74.898871 Z26.591989 E0.37493
G1 X110.56078 Y74.327599 Z26.594417 E0.374909
G1 X112.256163 Y73.809356 Z26.596845 E0.374888
G1 X113.966891 Y73.344649 Z26.599272 E0.374867
G1 X115.691275 Y72.93393 Z26.6017 E0.374846
G1 X117.427611 Y72.577598 Z26.604128 E0.374825
G1 X119.174185 Y72.275999 Z26.606556 E0.374804
G1 X120.929272 Y72.029424 Z26.608984 E0.374783
G1 X122.691138 Y71.83811 Z26.611412 E0.374761
G1 X124.458045 Y71.702239 Z26.613839 E0.37474
G1 X126.228248 Y71.621941 Z26.616267 E0.374719
G1 X128 Y71.597287 Z26.618695 E0.374698
G1 X129.771552 Y71.628296 Z26.621123 E0.374677
G1 X131.541156 Y71.71493 Z26.623551 E0.374656
G1 X133.307067 Y71.857099 Z26.625979 E0.374635
G1 X135.067541 Y72.054655 Z26.628406 E0.374614
G1 X136.820842 Y72.307397 Z26.630834 E0.374592
G1 X138.565241 Y72.61507 Z26.633262 E0.374571
G1 X140.299016 Y72.977363 Z26.63569 E0.37455
G1 X142.02046 Y73.393914 Z26.638118 E0.374529
G1 X143.727873 Y73.864305 Z26.640545 E0.374508
G1 X145.419573 Y74.388066 Z26.642973 E0.374487
G1 X147.093893 Y74.964673 Z26.645401 E0.374466
G1 X148.749181 Y75.593552 Z26.647829 E0.374445
G1 X150.383806 Y76.274076 Z26.650257 E0.374424
G1 X151.996158 Y77.005569 Z26.652685 E0.374402
G1 X153.584648 Y77.787301 Z26.655112 E0.374381
G1 X155.147711 Y78.618497 Z26.65754 E0.37436
G1 X156.683807 Y79.49833 Z26.659968 E0.374339
G1 X158.191425 Y80.425927 Z26.662396 E0.374318
G1 X159.669078 Y81.400367 Z26.664824 E0.374297
G1 X161.115312 Y82.420683 Z26.667252 E0.374276
G1 X162.528704 Y83.485862 Z26.669679 E0.374255
G1 X163.907863 Y84.59485 Z26.672107 E0.374233
G1 X165.251431 Y85.746545 Z26.674535 E0.374212
G1 X166.558087 Y86.939808 Z26.676963 E0.374191
G1 X167.826545 Y88.173455 Z26.679391 E0.37417
G1 X169.055557 Y89.446265 Z26.681819 E0.374149
G1 X170.243916 Y90.756978 Z26.684246 E0.374128
G1 X171.390454 Y92.104295 Z26.686674 E0.374107
G1 X172.494043 Y93.486883 Z26.689102 E0.374086
G1 X173.553599 Y94.903373 Z26.69153 E0.374065
G1 X174.568082 Y96.352364 Z26.693958 E0.374043
G1 X175.536496 Y97.832422 Z26.696386 E0.374022
G1 X176.45789 Y99.342084 Z26.698813 E0.374001
G1 X177.33136 Y100.879856 Z26.701241 E0.37398
G1 X178.15605 Y102.444216 Z26.703669 E0.373959
G1 X178.931151 Y104.03362 Z26.706097 E0.373938
G1 X179.655904 Y105.646494 Z26.708525 E0.373917
G1 X180.3296 Y107.281246 Z26.710953 E0.373896
G1 X180.951579 Y108.936258 Z26.71338 E0.373874
G1 X181.521234 Y110.609897 Z26.715808 E0.373853
G1 X182.038008 Y112.300507 Z26.718236 E0.373832
G1 X182.501397 Y114.00642 Z26.720664 E0.373811
G1 X182.910951 Y115.725948 Z26.723092 E0.37379
G1 X183.26627 Y117.457395 Z26.725519 E0.373769
G1 X183.567011 Y119.19905 Z26.727947 E0.373748
G1 X183.812883 Y120.949193 Z26.730375 E0.373727
G1 X184.003649 Y122.706097 Z26.732803 E0.373706
G1 X184.139127 Y124.468025 Z26.735231 E0.373684
G1 X184.219191 Y126.233241 Z26.737659 E0.373663
G1 X184.243766 Y128 Z26.740086 E0.373642
G1 X184.212836 Y129.76656 Z26.742514 E0.373621
G1 X184.126437 Y131.531176 Z26.744942 E0.3736
G1 X183.98466 Y133.292108 Z26.74737 E0.373579
G1 X183.787652 Y135.047619 Z26.749798 E0.373558
G1 X183.535613 Y136.795977 Z26.752226 E0.373537
G1 X183.228799 Y138.535457 Z26.754653 E0.373515
G1 X182.867518 Y140.264343 Z26.757081 E0.373494
G1 X182.452132 Y141.980931 Z26.759509 E0.373473
G1 X181.983059 Y143.683529 Z26.761937 E0.373452
G1 X181.460767 Y145.370456 Z26.764365 E0.373431
G1 X180.885777 Y147.040051 Z26.766793 E0.37341
G1 X180.258663 Y148.690668 Z26.76922 E0.373389
G1 X179.580049 Y150.320681 Z26.771648 E0.373368
G1 X178.850612 Y151.928482 Z26.774076 E0.373347
G1 X178.071076 Y153.512487 Z26.776504 E0.373325
G1 X177.242217 Y155.071138 Z26.778932 E0.373304
G1 X176.364857 Y156.602897 Z26.78136 E0.373283
G1 X175.439869 Y158.106257 Z26.783787 E0.373262
G1 X174.468171 Y159.579736 Z26.786215 E0.373241
G1 X173.450726 Y161.021886 Z26.788643 E0.37322
G1 X172.388545 Y162.431285 Z26.791071 E0.373199
G1 X171.28268 Y163.806547 Z26.793499 E0.373178
G1 X170.134227 Y165.146318 Z26.795927 E0.373156
G1 X168.944325 Y166.44928 Z26.798354 E0.373135
G1 X167.714152 Y167.714152 Z26.800782 E0.373114
G1 X166.444928 Y168.93969 Z26.80321 E0.373093
G1 X165.137909 Y170.124689 Z26.805638 E0.373072
G1 X163.794389 Y171.267983 Z26.808066 E0.373051
G1 X162.415698 Y172.36845 Z26.810493 E0.37303
G1 X161.0032 Y173.425008 Z26.812921 E0.373009
G1 X159.558294 Y174.43662 Z26.815349 E0.372988
G1 X158.08241 Y175.402292 Z26.817777 E0.372966
G1 X156.577005 Y176.321077 Z26.820205 E0.372945
G1 X155.043571 Y177.192073 Z26.822633 E0.372924
G1 X153.483623 Y178.014427 Z26.82506 E0.372903
G1 X151.898704 Y178.787331 Z26.827488 E0.372882
G1 X150.29038 Y179.51003 Z26.829916 E0.372861
G1 X148.660242 Y180.181815 Z26.832344 E0.37284
G1 X147.0099 Y180.802029 Z26.834772 E0.372819
G1 X145.340986 Y181.370066 Z26.8372 E0.372797
G1 X143.655148 Y181.885372 Z26.839627 E0.372776
G1 X141.954052 Y182.347444 Z26.842055 E0.372755
G1 X140.239379 Y182.755832 Z26.844483 E0.372734
G1 X138.512821 Y183.110139 Z26.846911 E0.372713
G1 X136.776085 Y183.410021 Z26.849339 E0.372692
G1 X135.030885 Y183.655189 Z26.851767 E0.372671
G1 X133.278945 Y183.845407 Z26.854194 E0.37265
G1 X131.521994 Y183.980494 Z26.856622 E0.372629
G1 X129.761767 Y184.060322 Z26.85905 E0.372607
G1 X128 Y184.084819 Z26.861478 E0.372586
G1 X126.238433 Y184.053968 Z26.863906 E0.372565
G1 X124.478804 Y183.967803 Z26.866334 E0.372544
G1 X122.72285 Y183.826418 Z26.868761 E0.372523
G1 X120.972302 Y183.629958 Z26.871189 E0.372502
G1 X119.228888 Y183.378623 Z26.873617 E0.372481
G1 X117.494327 Y183.072667 Z26.876045 E0.37246
G1 X115.77033 Y182.712399 Z26.878473 E0.372438
G1 X114.058597 Y182.298179 Z26.880901 E0.372417
G1 X112.360816 Y181.830423 Z26.883328 E0.372396
G1 X110.678661 Y181.309599 Z26.885756 E0.372375
G1 X109.01379 Y180.736227 Z26.888184 E0.372354
G1 X107.367844 Y180.110878 Z26.890612 E0.372333
G1 X105.742445 Y179.434175 Z26.89304 E0.372312
G1 X104.139195 Y178.706792 Z26.895467 E0.372291
G1 X102.559673 Y177.929453 Z26.897895 E0.37227
G1 X101.005436 Y177.10293 Z26.900323 E0.372248
G1 X99.478014 Y176.228045 Z26.902751 E0.372227
G1 X97.978911 Y175.305666 Z26.905179 E0.372206
G1 X96.509605 Y174.336709 Z26.907607 E0.372185
G1 X95.071541 Y173.322136 Z26.910034 E0.372164
G1 X93.666135 Y172.262952 Z26.912462 E0.372143
G1 X92.29477 Y171.160209 Z26.91489 E0.372122
G1 X90.958796 Y170.014999 Z26.917318 E0.372101
G1 X89.659526 Y168.828457 Z26.919746 E0.372079
G1 X88.39824 Y167.60176 Z26.922174 E0.372058
G1 X87.176177 Y166.336121 Z26.924601 E0.372037
G1 X85.994539 Y165.032795 Z26.927029 E0.372016
G1 X84.854488 Y163.693072 Z26.929457 E0.371995
G1 X83.757143 Y162.318278 Z26.931885 E0.371974
G1 X82.703582 Y160.909774 Z26.934313 E0.371953
G1 X81.694842 Y159.468953 Z26.936741 E0.371932
G1 X80.731911 Y157.997241 Z26.939168 E0.371911
G1 X79.815735 Y156.496095 Z26.941596 E0.371889
G1 X78.947213 Y154.966998 Z26.944024 E0.371868
G1 X78.127196 Y153.411463 Z26.946452 E0.371847
G1 X77.356488 Y151.831028 Z26.94888 E0.371826
G1 X76.635845 Y150.227255 Z26.951308 E0.371805
G1 X75.96597 Y148.60173 Z26.953735 E0.371784
G1 X75.347521 Y146.956059 Z26.956163 E0.371763
G1 X74.781101 Y145.291868 Z26.958591 E0.371742
G1 X74.267263 Y143.610803 Z26.961019 E0.37172
G1 X73.806509 Y141.914523 Z26.963447 E0.371699
G1 X73.399287 Y140.204705 Z26.965875 E0.371678
G1 X73.045993 Y138.483038 Z26.968302 E0.371657
G1 X72.746969 Y136.75122 Z26.97073 E0.371636
G1 X72.502504 Y135.010964 Z26.973158 E0.371615
G1 X72.312834 Y133.263987 Z26.975586 E0.371594
G1 X72.178139 Y131.512014 Z26.978014 E0.371573
G1 X72.098546 Y129.756774 Z26.980442 E0.371552
G1 X72.074128 Y128 Z26.982869 E0.37153
G1 X72.104901 Y126.243426 Z26.985297 E0.371509
G1 X72.19083 Y124.488785 Z26.987725 E0.371488
G1 X72.331823 Y122.737808 Z26.990153 E0.371467
G1 X72.527735 Y120.992223 Z26.992581 E0.371446
G1 X72.778367 Y119.253753 Z26.995008 E0.371425
G1 X73.083464 Y117.524111 Z26.997436 E0.371404
G1 X73.44272 Y115.805003 Z26.999864 E0.371383
G1 X73.855774 Y114.098126 Z27.002292 E0.371361
G1 X74.322212 Y112.405161 Z27.00472 E0.37134
G1 X74.841568 Y110.727778 Z27.007148 E0.371319
G1 X75.413323 Y109.067631 Z27.009575 E0.371298
G1 X76.036907 Y107.426356 Z27.012003 E0.371277
G1 X76.711699 Y105.80557 Z27.014431 E0.371256
G1 X77.437027 Y104.206871 Z27.016859 E0.371235
G1 X78.21217 Y102.631833 Z27.019287 E0.371214
G1 X79.036356 Y101.082009 Z27.021715 E0.371192
G1 X79.908767 Y99.558924 Z27.024142 E0.371171
G1 X80.828537 Y98.064079 Z27.02657 E0.37115
G1 X81.794753 Y96.598946 Z27.028998 E0.371129
G1 X82.806455 Y95.164968 Z27.031426 E0.371108
G1 X83.86264 Y93.763555 Z27.033854 E0.371087
G1 X84.962262 Y92.396087 Z27.036282 E0.371066
G1 X86.104229 Y91.063909 Z27.038709 E0.371045
G1 X87.28741 Y89.768333 Z27.041137 E0.371024
G1 X88.510633 Y88.510633 Z27.043565 E0.371002
G1 X89.772685 Y87.292045 Z27.045993 E0.370981
G1 X91.072318 Y86.113767 Z27.048421 E0.37096
G1 X92.408245 Y84.976958 Z27.050849 E0.370939
G1 X93.779142 Y83.882735 Z27.053276 E0.370918
G1 X95.183653 Y82.832173 Z27.055704 E0.370897
G1 X96.620388 Y81.826304 Z27.058132 E0.370876
G1 X98.087927 Y80.866114 Z27.06056 E0.370855
G1 X99.584816 Y79.952547 Z27.062988 E0.370833
G1 X101.109575 Y79.086499 Z27.065416 E0.370812
G1 X102.660697 Y78.268819 Z27.067843 E0.370791
G1 X104.236649 Y77.500308 Z27.070271 E0.37077
G1 X105.835871 Y76.781719 Z27.072699 E0.370749
G1 X107.456783 Y76.113755 Z27.075127 E0.370728
G1 X109.097783 Y75.497071 Z27.077555 E0.370707
G1 X110.757249 Y74.932269 Z27.079982 E0.370686
G1 X112.433542 Y74.419899 Z27.08241 E0.370665
G1 X114.125005 Y73.960462 Z27.084838 E0.370643
G1 X115.829968 Y73.554406 Z27.087266 E0.370622
G1 X117.546746 Y73.202124 Z27.089694 E0.370601
G1 X119.273644 Y72.903959 Z27.092122 E0.37058
G1 X121.008957 Y72.660198 Z27.094549 E0.370559
G1 X122.750971 Y72.471076 Z27.096977 E0.370538
G1 X124.497967 Y72.336772 Z27.099405 E0.370517
G1 X126.248219 Y72.257415 Z27.101833 E0.370496
G1 X128 Y72.233074 Z27.104261 E0.370474
G1 X129.751582 Y72.263769 Z27.106689 E0.370453
G1 X131.501235 Y72.349463 Z27.109116 E0.370432
G1 X133.247234 Y72.490065 Z27.111544 E0.370411
G1 X134.987855 Y72.685429 Z27.113972 E0.37039
G1 X136.721383 Y72.935357 Z27.1164 E0.370369
G1 X138.446106 Y73.239596 Z27.118828 E0.370348
G1 X140.160324 Y73.597839 Z27.121256 E0.370327
G1 X141.862346 Y74.009727 Z27.123683 E0.370306
G1 X143.550494 Y74.474848 Z27.126111 E0.370284
G1 X145.223104 Y74.992736 Z27.128539 E0.370263
G1 X146.878527 Y75.562873 Z27.130967 E0.370242
G1 X148.515132 Y76.184692 Z27.133395 E0.370221
G1 X150.131304 Y76.857573 Z27.135823 E0.3702
G1 X151.725453 Y77.580847 Z27.13825 E0.370179
G1 X153.296006 Y78.353792 Z27.140678 E0.370158
G1 X154.841418 Y79.175642 Z27.143106 E0.370137
G1 X156.360165 Y80.04558 Z27.145534 E0.370115
G1 X157.850753 Y80.962741 Z27.147962 E0.370094
G1 X159.311712 Y81.926215 Z27.15039 E0.370073
G1 X160.741606 Y82.935046 Z27.152817 E0.370052
G1 X162.139026 Y83.988233 Z27.155245 E0.370031
G1 X163.502597 Y85.084732 Z27.157673 E0.37001
G1 X164.830977 Y86.223457 Z27.160101 E0.369989
G1 X166.12286 Y87.403277 Z27.162529 E0.369968
G1 X167.376975 Y88.623025 Z27.164956 E0.369947
G1 X168.592088 Y89.881492 Z27.167384 E0.369925
G1 X169.767005 Y91.177432 Z27.169812 E0.369904
G1 X170.900571 Y92.509561 Z27.17224 E0.369883
G1 X171.991672 Y93.876561 Z27.174668 E0.369862
G1 X173.039236 Y95.27708 Z27.177096 E0.369841
G1 X174.042234 Y96.70973 Z27.179523 E0.36982
G1 X174.999682 Y98.173095 Z27.181951 E0.369799
G1 X175.91064 Y99.665726 Z27.184379 E0.369778
G1 X176.774215 Y101.186149 Z27.186807 E0.369756
G1 X177.589559 Y102.732858 Z27.189235 E0.369735
G1 X178.355873 Y104.304325 Z27.191663 E0.369714
G1 X179.072407 Y105.898996 Z27.19409 E0.369693
G1 X179.738459 Y107.515295 Z27.196518 E0.369672
G1 X180.353379 Y109.151624 Z27.198946 E0.369651
G1 X180.916564 Y110.806366 Z27.201374 E0.36963
G1 X181.427465 Y112.477886 Z27.203802 E0.369609
G1 X181.885584 Y114.164534 Z27.20623 E0.369588
G1 X182.290475 Y115.864641 Z27.208657 E0.369566
G1 X182.641744 Y117.57653 Z27.211085 E0.369545
G1 X182.939051 Y119.298509 Z27.213513 E0.369524
G1 X183.182109 Y121.028879 Z27.215941 E0.369503
G1 X183.370683 Y122.765929 Z27.218369 E0.369482
G1 X183.504594 Y124.507947 Z27.220797 E0.369461
G1 X183.583717 Y126.253211 Z27.223224 E0.36944
G1 X183.607979 Y128 Z27.225652 E0.369419
G1 X183.577362 Y129.746589 Z27.22808 E0.369397
G1 X183.491904 Y131.491255 Z27.230508 E0.369376
G1 X183.351694 Y133.232276 Z27.232936 E0.369355
G1 X183.156878 Y134.967934 Z27.235364 E0.369334
G1 X182.907653 Y136.696518 Z27.237791 E0.369313
G1 X182.604273 Y138.416322 Z27.240219 E0.369292
G1 X182.247042 Y140.12565 Z27.242647 E0.369271
G1 X181.836319 Y141.822817 Z27.245075 E0.36925
G1 X181.372516 Y143.506149 Z27.247503 E0.369229
G1 X180.856097 Y145.173987 Z27.24993 E0.369207
G1 X180.287577 Y146.824686 Z27.252358 E0.369186
G1 X179.667523 Y148.456619 Z27.254786 E0.369165
G1 X178.996552 Y150.068179 Z27.257214 E0.369144
G1 X178.275334 Y151.657776 Z27.259642 E0.369123
G1 X177.504585 Y153.223846 Z27.26207 E0.369102
G1 X176.685072 Y154.764845 Z27.264497 E0.369081
G1 X175.817608 Y156.279255 Z27.266925 E0.36906
G1 X174.903056 Y157.765584 Z27.269353 E0.369038
G1 X173.942323 Y159.222371 Z27.271781 E0.369017
G1 X172.936363 Y160.648179 Z27.274209 E0.368996
G1 X171.886174 Y162.041606 Z27.276637 E0.368975
G1 X170.792797 Y163.40128 Z27.279064 E0.368954
G1 X169.657316 Y164.725864 Z27.281492 E0.368933
G1 X168.480856 Y166.014054 Z27.28392 E0.368912
G1 X167.264583 Y167.264583 Z27.286348 E0.368891
G1 X166.009701 Y168.476221 Z27.288776 E0.36887
G1 X164.717455 Y169.647777 Z27.291204 E0.368848
G1 X163.389122 Y170.7781 Z27.293631 E0.368827
G1 X162.026019 Y171.866079 Z27.296059 E0.368806
G1 X160.629494 Y172.910645 Z27.298487 E0.368785
G1 X159.200929 Y173.910773 Z27.300915 E0.368764
G1 X157.741737 Y174.865479 Z27.303343 E0.368743
G1 X156.253363 Y175.773828 Z27.305771 E0.368722
G1 X154.737278 Y176.634929 Z27.308198 E0.368701
G1 X153.194982 Y177.447936 Z27.310626 E0.368679
G1 X151.627999 Y178.212053 Z27.313054 E0.368658
G1 X150.037879 Y178.926533 Z27.315482 E0.368637
G1 X148.426193 Y179.590674 Z27.31791 E0.368616
G1 X146.794535 Y180.203829 Z27.320338 E0.368595
G1 X145.144517 Y180.765396 Z27.322765 E0.368574
G1 X143.477769 Y181.274829 Z27.325193 E0.368553
G1 X141.795938 Y181.731631 Z27.327621 E0.368532
G1 X140.100686 Y182.135356 Z27.330049 E0.368511
G1 X138.393687 Y182.485613 Z27.332477 E0.368489
G1 X136.676626 Y182.782061 Z27.334904 E0.368468
G1 X134.9512 Y183.024415 Z27.337332 E0.368447
G1 X133.219112 Y183.212441 Z27.33976 E0.368426
G1 X131.482073 Y183.345961 Z27.342188 E0.368405
G1 X129.741796 Y183.424848 Z27.344616 E0.368384
G1 X128 Y183.449032 Z27.347044 E0.368363
G1 X126.258404 Y183.418494 Z27.349471 E0.368342
G1 X124.518726 Y183.33327 Z27.351899 E0.36832
G1 X122.782683 Y183.193452 Z27.354327 E0.368299
G1 X121.051987 Y182.999184 Z27.356755 E0.368278
G1 X119.328347 Y182.750663 Z27.359183 E0.368257
G1 X117.613462 Y182.448141 Z27.361611 E0.368236
G1 X115.909023 Y182.091923 Z27.364038 E0.368215
G1 X114.216711 Y181.682366 Z27.366466 E0.368194
G1 X112.538195 Y181.219881 Z27.368894 E0.368173
G1 X110.87513 Y180.704929 Z27.371322 E0.368152
G1 X109.229155 Y180.138027 Z27.37375 E0.36813
G1 X107.601893 Y179.519737 Z27.376178 E0.368109
G1 X105.994947 Y178.850678 Z27.378605 E0.368088
G1 X104.4099 Y178.131515 Z27.381033 E0.368067
G1 X102.848314 Y177.362962 Z27.383461 E0.368046
G1 X101.311729 Y176.545785 Z27.385889 E0.368025
G1 X99.801656 Y175.680796 Z27.388317 E0.368004
G1 X98.319584 Y174.768853 Z27.390745 E0.367983
G1 X96.866971 Y173.810861 Z27.393172 E0.367961
G1 X95.445248 Y172.807773 Z27.3956 E0.36794
G1 X94.055814 Y171.760581 Z27.398028 E0.367919
G1 X92.700036 Y170.670326 Z27.400456 E0.367898
G1 X91.37925 Y169.538088 Z27.402884 E0.367877
G1 X90.094753 Y168.364988 Z27.405312 E0.367856
G1 X88.84781 Y167.15219 Z27.407739 E0.367835
G1 X87.639646 Y165.900895 Z27.410167 E0.367814
G1 X86.471451 Y164.612341 Z27.412595 E0.367793
G1 X85.34437 Y163.287806 Z27.415023 E0.367771
G1 X84.259513 Y161.928599 Z27.417451 E0.36775
G1 X83.217945 Y160.536067 Z27.419878 E0.367729
G1 X82.220689 Y159.111587 Z27.422306 E0.367708
G1 X81.268724 Y157.656569 Z27.424734 E0.367687
G1 X80.362984 Y156.172453 Z27.427162 E0.367666
G1 X79.504358 Y154.660705 Z27.42959 E0.367645
G1 X78.693687 Y153.122821 Z27.432018 E0.367624
G1 X77.931766 Y151.560323 Z27.434445 E0.367602
G1 X77.219342 Y149.974753 Z27.436873 E0.367581
G1 X76.557111 Y148.367681 Z27.439301 E0.36756
G1 X75.945721 Y146.740693 Z27.441729 E0.367539
G1 X75.385771 Y145.095399 Z27.444157 E0.367518
G1 X74.877806 Y143.433424 Z27.446585 E0.367497
G1 X74.422322 Y141.75641 Z27.449012 E0.367476
G1 X74.019763 Y140.066013 Z27.45144 E0.367455
G1 X73.670519 Y138.363903 Z27.453868 E0.367434
G1 X73.374929 Y136.651761 Z27.456296 E0.367412
G1 X73.133279 Y134.931279 Z27.458724 E0.367391
G1 X72.9458 Y133.204154 Z27.461152 E0.36737
G1 X72.812672 Y131.472092 Z27.463579 E0.367349
G1 X72.73402 Y129.736803 Z27.466007 E0.367328
G1 X72.709915 Y128 Z27.468435 E0.367307
G1 X72.740375 Y126.263396 Z27.470863 E0.367286
G1 X72.825363 Y124.528706 Z27.473291 E0.367265
G1 X72.964789 Y122.797641 Z27.475719 E0.367243
G1 X73.158509 Y121.071909 Z27.478146 E0.367222
G1 X73.406327 Y119.353212 Z27.480574 E0.367201
G1 X73.70799 Y117.643245 Z27.483002 E0.36718
G1 X74.063196 Y115.943696 Z27.48543 E0.367159
G1 X74.471587 Y114.25624 Z27.487858 E0.367138
G1 X74.932755 Y112.58254 Z27.490286 E0.367117
G1 X75.446238 Y110.924248 Z27.492713 E0.367096
G1 X76.011523 Y109.282997 Z27.495141 E0.367075
G1 X76.628048 Y107.660405 Z27.497569 E0.367053
G1 X77.295196 Y106.058072 Z27.499997 E0.367032
G1 X78.012305 Y104.477576 Z27.502425 E0.367011
G1 X78.778661 Y102.920475 Z27.504852 E0.36699
G1 X79.593501 Y101.388302 Z27.50728 E0.366969
G1 X80.456016 Y99.882567 Z27.509708 E0.366948
G1 X81.365351 Y98.404752 Z27.512136 E0.366927
G1 X82.3206 Y96.956312 Z27.514564 E0.366906
G1 X83.320818 Y95.538674 Z27.516992 E0.366884
G1 X84.365011 Y94.153233 Z27.519419 E0.366863
G1 X85.452145 Y92.801353 Z27.521847 E0.366842
G1 X86.58114 Y91.484363 Z27.524275 E0.366821
G1 X87.750879 Y90.20356 Z27.526703 E0.3668
G1 X88.960202 Y88.960202 Z27.529131 E0.366779
G1 X90.207912 Y87.755514 Z27.531559 E0.366758
G1 X91.492772 Y86.590678 Z27.533986 E0.366737
G1 X92.813511 Y85.466841 Z27.536414 E0.366716
G1 X94.16882 Y84.385106 Z27.538842 E0.366694
G1 X95.55736 Y83.346536 Z27.54127 E0.366673
G1 X96.977754 Y82.352151 Z27.543698 E0.366652
G1 X98.428599 Y81.402927 Z27.546126 E0.366631
G1 X99.908458 Y80.499796 Z27.548553 E0.36661
G1 X101.415868 Y79.643644 Z27.550981 E0.366589
G1 X102.949339 Y78.83531 Z27.553409 E0.366568
G1 X104.507354 Y78.075586 Z27.555837 E0.366547
G1 X106.088372 Y77.365216 Z27.558265 E0.366525
G1 X107.690832 Y76.704896 Z27.560693 E0.366504
G1 X109.313148 Y76.095272 Z27.56312 E0.366483
G1 X110.953718 Y75.536939 Z27.565548 E0.366462
G1 X112.610921 Y75.030442 Z27.567976 E0.366441
G1 X114.283119 Y74.576276 Z27.570404 E0.36642
G1 X115.968661 Y74.174882 Z27.572832 E0.366399
G1 X117.665881 Y73.82665 Z27.57526 E0.366378
G1 X119.373103 Y73.531919 Z27.577687 E0.366357
G1 X121.088643 Y73.290972 Z27.580115 E0.366335
G1 X122.810804 Y73.104042 Z27.582543 E0.366314
G1 X124.537888 Y72.971305 Z27.584971 E0.366293
G1 X126.268189 Y72.892889 Z27.587399 E0.366272
G1 X128 Y72.868862 Z27.589827 E0.366251
G1 X129.731611 Y72.899243 Z27.592254 E0.36623
G1 X131.461314 Y72.983996 Z27.594682 E0.366209
G1 X133.187401 Y73.123031 Z27.59711 E0.366188
G1 X134.90817 Y73.316203 Z27.599538 E0.366166
G1 X136.621924 Y73.563317 Z27.601966 E0.366145
G1 X138.326971 Y73.864122 Z27.604393 E0.366124
G1 X140.021631 Y74.218315 Z27.606821 E0.366103
G1 X141.704232 Y74.625541 Z27.609249 E0.366082
G1 X143.373115 Y75.085391 Z27.611677 E0.366061
G1 X145.026635 Y75.597406 Z27.614105 E0.36604
G1 X146.663162 Y76.161074 Z27.616533 E0.366019
G1 X148.281083 Y76.775833 Z27.61896 E0.365998
G1 X149.878803 Y77.44107 Z27.621388 E0.365976
G1 X151.454747 Y78.156124 Z27.623816 E0.365955
G1 X153.007365 Y78.920283 Z27.626244 E0.365934
G1 X154.535125 Y79.732787 Z27.628672 E0.365913
G1 X156.036523 Y80.592829 Z27.6311 E0.365892
G1 X157.51008 Y81.499554 Z27.633527 E0.365871
G1 X158.954346 Y82.452062 Z27.635955 E0.36585
G1 X160.367899 Y83.449409 Z27.638383 E0.365829
G1 X161.749347 Y84.490604 Z27.640811 E0.365807
G1 X163.097331 Y85.574615 Z27.643239 E0.365786
G1 X164.410523 Y86.700368 Z27.645667 E0.365765
G1 X165.687634 Y87.866746 Z27.648094 E0.365744
G1 X166.927405 Y89.072595 Z27.650522 E0.365723
G1 X168.128619 Y90.316719 Z27.65295 E0.365702
G1 X169.290094 Y91.597886 Z27.655378 E0.365681
G1 X170.410688 Y92.914827 Z27.657806 E0.36566
G1 X171.489301 Y94.26624 Z27.660234 E0.365639
G1 X172.524873 Y95.650786 Z27.662661 E0.365617
G1 X173.516387 Y97.067095 Z27.665089 E0.365596
G1 X174.462869 Y98.513767 Z27.667517 E0.365575
G1 X175.363391 Y99.989368 Z27.669945 E0.365554
G1 X176.21707 Y101.492442 Z27.672373 E0.365533
G1 X177.023068 Y103.021499 Z27.674801 E0.365512
G1 X177.780595 Y104.57503 Z27.677228 E0.365491
G1 X178.48891 Y106.151498 Z27.679656 E0.36547
G1 X179.147319 Y107.749344 Z27.682084 E0.365448
G1 X179.755178 Y109.366989 Z27.684512 E0.365427
G1 X180.311894 Y111.002835 Z27.68694 E0.365406
G1 X180.816922 Y112.655266 Z27.689367 E0.365385
G1 X181.269771 Y114.322647 Z27.691795 E0.365364
G1 X181.669999 Y116.003334 Z27.694223 E0.365343
G1 X182.017218 Y117.695665 Z27.696651 E0.365322
G1 X182.311091 Y119.397968 Z27.699079 E0.365301
G1 X182.551334 Y121.108564 Z27.701507 E0.36528
G1 X182.737717 Y122.825762 Z27.703934 E0.365258
G1 X182.870061 Y124.547868 Z27.706362 E0.365237
G1 X182.948243 Y126.273182 Z27.70879 E0.365216
G1 X182.972191 Y128 Z27.711218 E0.365195
G1 X182.941888 Y129.726618 Z27.713646 E0.365174
G1 X182.857371 Y131.451333 Z27.716074 E0.365153
G1 X182.718728 Y133.172443 Z27.718501 E0.365132
G1 X182.526103 Y134.888249 Z27.720929 E0.365111
G1 X182.279693 Y136.597059 Z27.723357 E0.365089
G1 X181.979747 Y138.297187 Z27.725785 E0.365068
G1 X181.626566 Y139.986958 Z27.728213 E0.365047
G1 X181.220506 Y141.664703 Z27.730641 E0.365026
G1 X180.761973 Y143.32877 Z27.733068 E0.365005
G1 X180.251427 Y144.977518 Z27.735496 E0.364984
G1 X179.689376 Y146.609321 Z27.737924 E0.364963
G1 X179.076382 Y148.22257 Z27.740352 E0.364942
G1 X178.413055 Y149.815677 Z27.74278 E0.364921
G1 X177.700056 Y151.387071 Z27.745208 E0.364899
G1 X176.938094 Y152.935204 Z27.747635 E0.364878
G1 X176.127927 Y154.458552 Z27.750063 E0.364857
G1 X175.270359 Y155.955612 Z27.752491 E0.364836
G1 X174.366243 Y157.424912 Z27.754919 E0.364815
G1 X173.416476 Y158.865005 Z27.757347 E0.364794
G1 X172.422 Y160.274473 Z27.759775 E0.364773
G1 X171.383803 Y161.651927 Z27.762202 E0.364752
G1 X170.302914 Y162.996014 Z27.76463 E0.36473
G1 X169.180404 Y164.30541 Z27.767058 E0.364709
G1 X168.017386 Y165.578827 Z27.769486 E0.364688
G1 X166.815013 Y166.815013 Z27.771914 E0.364667
G1 X165.574475 Y168.012752 Z27.774341 E0.364646
G1 X164.297001 Y169.170866 Z27.776769 E0.364625
G1 X162.983856 Y170.288218 Z27.779197 E0.364604
G1 X161.63634 Y171.363709 Z27.781625 E0.364583
G1 X160.255787 Y172.396282 Z27.784053 E0.364562
G1 X158.843563 Y173.384925 Z27.786481 E0.36454
G1 X157.401065 Y174.328666 Z27.788908 E0.364519
G1 X155.929721 Y175.226579 Z27.791336 E0.364498
G1 X154.430985 Y176.077784 Z27.793764 E0.364477
G1 X152.90634 Y176.881445 Z27.796192 E0.364456
G1 X151.357294 Y177.636776 Z27.79862 E0.364435
G1 X149.785377 Y178.343036 Z27.801048 E0.364414
G1 X148.192144 Y178.999534 Z27.803475 E0.364393
G1 X146.579169 Y179.605628 Z27.805903 E0.364371
G1 X144.948047 Y180.160726 Z27.808331 E0.36435
G1 X143.30039 Y180.664287 Z27.810759 E0.364329
G1 X141.637824 Y181.115818 Z27.813187 E0.364308
G1 X139.961993 Y181.51488 Z27.815615 E0.364287
G1 X138.274552 Y181.861087 Z27.818042 E0.364266
G1 X136.577167 Y182.154101 Z27.82047 E0.364245
G1 X134.871515 Y182.393641 Z27.822898 E0.364224
G1 X133.159279 Y182.579475 Z27.825326 E0.364202
G1 X131.442151 Y182.711428 Z27.827754 E0.364181
G1 X129.721825 Y182.789374 Z27.830182 E0.36416
G1 X128 Y182.813244 Z27.832609 E0.364139
G1 X126.278374 Y182.78302 Z27.835037 E0.364118
G1 X124.558647 Y182.698737 Z27.837465 E0.364097
G1 X122.842516 Y182.560487 Z27.839893 E0.364076
G1 X121.131673 Y182.36841 Z27.842321 E0.364055
G1 X119.427806 Y182.122703 Z27.844749 E0.364034
G1 X117.732596 Y181.823615 Z27.847176 E0.364012
G1 X116.047716 Y181.471447 Z27.849604 E0.363991
G1 X114.374825 Y181.066553 Z27.852032 E0.36397
G1 X112.715574 Y180.609338 Z27.85446 E0.363949
G1 X111.0716 Y180.100259 Z27.856888 E0.363928
G1 X109.444521 Y179.539826 Z27.859315 E0.363907
G1 X107.835942 Y178.928597 Z27.861743 E0.363886
G1 X106.247448 Y178.267181 Z27.864171 E0.363865
G1 X104.680605 Y177.556237 Z27.866599 E0.363843
G1 X103.136956 Y176.796471 Z27.869027 E0.363822
G1 X101.618022 Y175.98864 Z27.871455 E0.363801
G1 X100.125298 Y175.133547 Z27.873882 E0.36378
G1 X98.660256 Y174.232039 Z27.87631 E0.363759
G1 X97.224336 Y173.285014 Z27.878738 E0.363738
G1 X95.818954 Y172.29341 Z27.881166 E0.363717
G1 X94.445492 Y171.258211 Z27.883594 E0.363696
G1 X93.105303 Y170.180443 Z27.886022 E0.363675
G1 X91.799703 Y169.061176 Z27.888449 E0.363653
G1 X90.52998 Y167.901519 Z27.890877 E0.363632
G1 X89.29738 Y166.70262 Z27.893305 E0.363611
G1 X88.103116 Y165.465668 Z27.895733 E0.36359
G1 X86.948362 Y164.191887 Z27.898161 E0.363569
G1 X85.834253 Y162.882539 Z27.900589 E0.363548
G1 X84.761884 Y161.538921 Z27.903016 E0.363527
G1 X83.732308 Y160.162361 Z27.905444 E0.363506
G1 X82.746537 Y158.754222 Z27.907872 E0.363484
G1 X81.805537 Y157.315897 Z27.9103 E0.363463
G1 X80.910233 Y155.84881 Z27.912728 E0.363442
G1 X80.061503 Y154.354412 Z27.915156 E0.363421
G1 X79.260178 Y152.83418 Z27.917583 E0.3634
G1 X78.507044 Y151.289617 Z27.920011 E0.363379
G1 X77.802839 Y149.722251 Z27.922439 E0.363358
G1 X77.148251 Y148.133632 Z27.924867 E0.363337
G1 X76.543922 Y146.525328 Z27.927295 E0.363316
G1 X75.990441 Y144.89893 Z27.929723 E0.363294
G1 X75.488349 Y143.256045 Z27.93215 E0.363273
G1 X75.038136 Y141.598296 Z27.934578 E0.363252
G1 X74.640239 Y139.92732 Z27.937006 E0.363231
G1 X74.295045 Y138.244768 Z27.939434 E0.36321
G1 X74.002889 Y136.552302 Z27.941862 E0.363189
G1 X73.764053 Y134.851594 Z27.944289 E0.363168
G1 X73.578766 Y133.144321 Z27.946717 E0.363147
G1 X73.447205 Y131.432171 Z27.949145 E0.363125
G1 X73.369494 Y129.716833 Z27.951573 E0.363104
G1 X73.345703 Y128 Z27.954001 E0.363083
G1 X73.375849 Y126.283367 Z27.956429 E0.363062
G1 X73.459896 Y124.568627 Z27.958856 E0.363041
G1 X73.597755 Y122.857474 Z27.961284 E0.36302
G1 X73.789284 Y121.151594 Z27.963712 E0.362999
G1 X74.034287 Y119.452671 Z27.96614 E0.362978
G1 X74.332516 Y117.76238 Z27.968568 E0.362957
G1 X74.683672 Y116.082389 Z27.970996 E0.362935
G1 X75.087401 Y114.414354 Z27.973423 E0.362914
G1 X75.543298 Y112.759919 Z27.975851 E0.362893
G1 X76.050908 Y111.120717 Z27.978279 E0.362872
G1 X76.609724 Y109.498362 Z27.980707 E0.362851
G1 X77.219188 Y107.894454 Z27.983135 E0.36283
G1 X77.878693 Y106.310574 Z27.985563 E0.362809
G1 X78.587583 Y104.748281 Z27.98799 E0.362788
G1 X79.345151 Y103.209116 Z27.990418 E0.362766
G1 X80.150646 Y101.694595 Z27.992846 E0.362745
G1 X81.003266 Y100.206209 Z27.995274 E0.362724
G1 X81.902164 Y98.745424 Z27.997702 E0.362703
G1 X82.846448 Y97.313678 Z28.00013 E0.362682
G1 X83.835181 Y95.912381 Z28.002557 E0.362661
G1 X84.867382 Y94.542912 Z28.004985 E0.36264
G1 X85.942027 Y93.206619 Z28.007413 E0.362619
G1 X87.058051 Y91.904817 Z28.009841 E0.362598
G1 X88.214348 Y90.638786 Z28.012269 E0.362576
G1 X89.409772 Y89.409772 Z28.014697 E0.362555
G1 X90.643138 Y88.218983 Z28.017124 E0.362534
G1 X91.913226 Y87.06759 Z28.019552 E0.362513
G1 X93.218777 Y85.956724 Z28.02198 E0.362492
G1 X94.558499 Y84.887477 Z28.024408 E0.362471
G1 X95.931066 Y83.860899 Z28.026836 E0.36245
G1 X97.33512 Y82.877999 Z28.029263 E0.362429
G1 X98.769271 Y81.939741 Z28.031691 E0.362407
G1 X100.2321 Y81.047046 Z28.034119 E0.362386
G1 X101.722161 Y80.200789 Z28.036547 E0.362365
G1 X103.237981 Y79.401801 Z28.038975 E0.362344
G1 X104.778059 Y78.650863 Z28.041403 E0.362323
G1 X106.340874 Y77.948713 Z28.04383 E0.362302
G1 X107.924881 Y77.296036 Z28.046258 E0.362281
G1 X109.528513 Y76.693472 Z28.048686 E0.36226
G1 X111.150187 Y76.141608 Z28.051114 E0.362239
G1 X112.7883 Y75.640985 Z28.053542 E0.362217
G1 X114.441233 Y75.192089 Z28.05597 E0.362196
G1 X116.107353 Y74.795358 Z28.058397 E0.362175
G1 X117.785016 Y74.451176 Z28.060825 E0.362154
G1 X119.472563 Y74.159879 Z28.063253 E0.362133
G1 X121.168328 Y73.921746 Z28.065681 E0.362112
G1 X122.870637 Y73.737008 Z28.068109 E0.362091
G1 X124.577809 Y73.605838 Z28.070537 E0.36207
G1 X126.28816 Y73.528363 Z28.072964 E0.362048
G1 X128 Y73.50465 Z28.075392 E0.362027
G1 X129.71164 Y73.534717 Z28.07782 E0.362006
G1 X131.421392 Y73.618529 Z28.080248 E0.361985
G1 X133.127568 Y73.755996 Z28.082676 E0.361964
G1 X134.828485 Y73.946977 Z28.085104 E0.361943
G1 X136.522464 Y74.191277 Z28.087531 E0.361922
G1 X138.207836 Y74.488648 Z28.089959 E0.361901
G1 X139.882938 Y74.838791 Z28.092387 E0.36188
G1 X141.546118 Y75.241354 Z28.094815 E0.361858
G1 X143.195736 Y75.695934 Z28.097243 E0.361837
G1 X144.830166 Y76.202075 Z28.099671 E0.361816
G1 X146.447797 Y76.759274 Z28.102098 E0.361795
G1 X148.047034 Y77.366973 Z28.104526 E0.361774
G1 X149.626301 Y78.024567 Z28.106954 E0.361753
G1 X151.184042 Y78.731402 Z28.109382 E0.361732
G1 X152.718723 Y79.486774 Z28.11181 E0.361711
G1 X154.228832 Y80.289932 Z28.114237 E0.361689
G1 X155.712881 Y81.140078 Z28.116665 E0.361668
G1 X157.169408 Y82.036367 Z28.119093 E0.361647
G1 X158.596981 Y82.97791 Z28.121521 E0.361626
G1 X159.994193 Y83.963772 Z28.123949 E0.361605
G1 X161.359668 Y84.992975 Z28.126377 E0.361584
G1 X162.692064 Y86.064498 Z28.128804 E0.361563
G1 X163.99007 Y87.177279 Z28.131232 E0.361542
G1 X165.252407 Y88.330216 Z28.13366 E0.361521
G1 X166.477836 Y89.522164 Z28.136088 E0.361499
G1 X167.66515 Y90.751945 Z28.138516 E0.361478
G1 X168.813182 Y92.01834 Z28.140944 E0.361457
G1 X169.920805 Y93.320094 Z28.143371 E0.361436
G1 X170.98693 Y94.655919 Z28.145799 E0.361415
G1 X172.01051 Y96.024493 Z28.148227 E0.361394
G1 X172.990539 Y97.424461 Z28.150655 E0.361373
G1 X173.926056 Y98.854439 Z28.153083 E0.361352
G1 X174.816142 Y100.313011 Z28.155511 E0.36133
G1 X175.659925 Y101.798735 Z28.157938 E0.361309
G1 X176.456577 Y103.310141 Z28.160366 E0.361288
G1 X177.205317 Y104.845735 Z28.162794 E0.361267
G1 X177.905413 Y106.403999 Z28.165222 E0.361246
G1 X178.556179 Y107.983393 Z28.16765 E0.361225
G1 X179.156978 Y109.582355 Z28.170078 E0.361204
G1 X179.707224 Y111.199304 Z28.172505 E0.361183
G1 X180.20638 Y112.832645 Z28.174933 E0.361162
G1 X180.653958 Y114.480761 Z28.177361 E0.36114
G1 X181.049524 Y116.142027 Z28.179789 E0.361119
G1 X181.392692 Y117.814799 Z28.182217 E0.361098
G1 X181.683131 Y119.497427 Z28.184645 E0.361077
G1 X181.92056 Y121.188249 Z28.187072 E0.361056
G1 X182.104751 Y122.885595 Z28.1895 E0.361035
G1 X182.235528 Y124.58779 Z28.191928 E0.361014
G1 X182.312769 Y126.293152 Z28.194356 E0.360993
G1 X182.336403 Y128 Z28.196784 E0.360971
G1 X182.306414 Y129.706648 Z28.199211 E0.36095
G1 X182.222838 Y131.411412 Z28.201639 E0.360929
G1 X182.085762 Y133.11261 Z28.204067 E0.360908
G1 X181.895329 Y134.808563 Z28.206495 E0.360887
G1 X181.651733 Y136.4976 Z28.208923 E0.360866
G1 X181.355221 Y138.178053 Z28.211351 E0.360845
G1 X181.00609 Y139.848265 Z28.213778 E0.360824
G1 X180.604693 Y141.506589 Z28.216206 E0.360803
G1 X180.151431 Y143.151391 Z28.218634 E0.360781
G1 X179.646757 Y144.781049 Z28.221062 E0.36076
G1 X179.091176 Y146.393955 Z28.22349 E0.360739
G1 X178.485242 Y147.988521 Z28.225918 E0.360718
G1 X177.829558 Y149.563175 Z28.228345 E0.360697
G1 X177.124778 Y151.116366 Z28.230773 E0.360676
G1 X176.371603 Y152.646563 Z28.233201 E0.360655
G1 X175.570782 Y154.152259 Z28.235629 E0.360634
G1 X174.72311 Y155.63197 Z28.238057 E0.360612
G1 X173.82943 Y157.08424 Z28.240485 E0.360591
G1 X172.890628 Y158.507639 Z28.242912 E0.36057
G1 X171.907637 Y159.900766 Z28.24534 E0.360549
G1 X170.881433 Y161.262249 Z28.247768 E0.360528
G1 X169.813031 Y162.590748 Z28.250196 E0.360507
G1 X168.703493 Y163.884956 Z28.252624 E0.360486
G1 X167.553917 Y165.1436 Z28.255052 E0.360465
G1 X166.365443 Y166.365443 Z28.257479 E0.360444
G1 X165.139248 Y167.549282 Z28.259907 E0.360422
G1 X163.876547 Y168.693955 Z28.262335 E0.360401
G1 X162.57859 Y169.798335 Z28.264763 E0.36038
G1 X161.246661 Y170.861338 Z28.267191 E0.360359
G1 X159.882081 Y171.881919 Z28.269619 E0.360338
G1 X158.486197 Y172.859077 Z28.272046 E0.360317
G1 X157.060393 Y173.791853 Z28.274474 E0.360296
G1 X155.606079 Y174.67933 Z28.276902 E0.360275
G1 X154.124692 Y175.520639 Z28.27933 E0.360253
G1 X152.617699 Y176.314954 Z28.281758 E0.360232
G1 X151.086588 Y177.061498 Z28.284186 E0.360211
G1 X149.532875 Y177.759539 Z28.286613 E0.36019
G1 X147.958095 Y178.408394 Z28.289041 E0.360169
G1 X146.363804 Y179.007428 Z28.291469 E0.360148
G1 X144.751578 Y179.556057 Z28.293897 E0.360127
G1 X143.123011 Y180.053744 Z28.296325 E0.360106
G1 X141.47971 Y180.500005 Z28.298752 E0.360085
G1 X139.8233 Y180.894405 Z28.30118 E0.360063
G1 X138.155417 Y181.236561 Z28.303608 E0.360042
G1 X136.477708 Y181.526141 Z28.306036 E0.360021
G1 X134.79183 Y181.762867 Z28.308464 E0.36
G1 X133.099447 Y181.946509 Z28.310892 E0.359979
G1 X131.40223 Y182.076895 Z28.313319 E0.359958
G1 X129.701855 Y182.153901 Z28.315747 E0.359937
G1 X128 Y182.177456 Z28.318175 E0.359916
G1 X126.298345 Y182.147546 Z28.320603 E0.359894
G1 X124.598569 Y182.064204 Z28.323031 E0.359873
G1 X122.902348 Y181.927521 Z28.325459 E0.359852
G1 X121.211358 Y181.737636 Z28.327886 E0.359831
G1 X119.527265 Y181.494743 Z28.330314 E0.35981
G1 X117.851731 Y181.199089 Z28.332742 E0.359789
G1 X116.186408 Y180.850971 Z28.33517 E0.359768
G1 X114.532939 Y180.45074 Z28.337598 E0.359747
G1 X112.892954 Y179.998795 Z28.340026 E0.359726
G1 X111.268069 Y179.49559 Z28.342453 E0.359704
G1 X109.659886 Y178.941626 Z28.344881 E0.359683
G1 X108.069991 Y178.337457 Z28.347309 E0.359662
G1 X106.49995 Y177.683684 Z28.349737 E0.359641
G1 X104.95131 Y176.980959 Z28.352165 E0.35962
G1 X103.425598 Y176.22998 Z28.354593 E0.359599
G1 X101.924315 Y175.431495 Z28.35702 E0.359578
G1 X100.44894 Y174.586298 Z28.359448 E0.359557
G1 X99.000928 Y173.695226 Z28.361876 E0.359535
G1 X97.581702 Y172.759166 Z28.364304 E0.359514
G1 X96.192661 Y171.779047 Z28.366732 E0.359493
G1 X94.835171 Y170.75584 Z28.36916 E0.359472
G1 X93.510569 Y169.690561 Z28.371587 E0.359451
G1 X92.220157 Y168.584265 Z28.374015 E0.35943
G1 X90.965206 Y167.43805 Z28.376443 E0.359409
G1 X89.746949 Y166.253051 Z28.378871 E0.359388
G1 X88.566585 Y165.030442 Z28.381299 E0.359367
G1 X87.425273 Y163.771434 Z28.383726 E0.359345
G1 X86.324136 Y162.477273 Z28.386154 E0.359324
G1 X85.264255 Y161.149242 Z28.388582 E0.359303
G1 X84.246671 Y159.788654 Z28.39101 E0.359282
G1 X83.272385 Y158.396856 Z28.393438 E0.359261
G1 X82.342351 Y156.975225 Z28.395866 E0.35924
G1 X81.457482 Y155.525168 Z28.398293 E0.359219
G1 X80.618648 Y154.048119 Z28.400721 E0.359198
G1 X79.826669 Y152.545538 Z28.403149 E0.359176
G1 X79.082322 Y151.018912 Z28.405577 E0.359155
G1 X78.386336 Y149.46975 Z28.408005 E0.359134
G1 X77.739392 Y147.899583 Z28.410433 E0.359113
G1 X77.142122 Y146.309963 Z28.41286 E0.359092
G1 X76.595111 Y144.702461 Z28.415288 E0.359071
G1 X76.098892 Y143.078666 Z28.417716 E0.35905
G1 X75.653949 Y141.440182 Z28.420144 E0.359029
G1 X75.260714 Y139.788627 Z28.422572 E0.359008
G1 X74.919571 Y138.125633 Z28.425 E0.358986
G1 X74.630849 Y136.452843 Z28.427427 E0.358965
G1 X74.394827 Y134.771908 Z28.429855 E0.358944
G1 X74.211732 Y133.084488 Z28.432283 E0.358923
G1 X74.081738 Y131.392249 Z28.434711 E0.358902
G1 X74.004968 Y129.696862 Z28.437139 E0.358881
G1 X73.98149 Y128 Z28.439567 E0.35886
G1 X74.011323 Y126.303337 Z28.441994 E0.358839
G1 X74.094429 Y124.608549 Z28.444422 E0.358817
G1 X74.230721 Y122.917307 Z28.44685 E0.358796
G1 X74.420058 Y121.231279 Z28.449278 E0.358775
G1 X74.662247 Y119.55213 Z28.451706 E0.358754
G1 X74.957043 Y117.881515 Z28.454134 E0.358733
G1 X75.304148 Y116.221081 Z28.456561 E0.358712
G1 X75.703214 Y114.572468 Z28.458989 E0.358691
G1 X76.153841 Y112.937298 Z28.461417 E0.35867
G1 X76.655578 Y111.317186 Z28.463845 E0.358649
G1 X77.207924 Y109.713728 Z28.466273 E0.358627
G1 X77.810328 Y108.128503 Z28.4687 E0.358606
G1 X78.46219 Y106.563075 Z28.471128 E0.358585
G1 X79.162861 Y105.018987 Z28.473556 E0.358564
G1 X79.911642 Y103.497758 Z28.475984 E0.358543
G1 X80.707791 Y102.000888 Z28.478412 E0.358522
G1 X81.550515 Y100.529851 Z28.48084 E0.358501
G1 X82.438977 Y99.086096 Z28.483267 E0.35848
G1 X83.372296 Y97.671043 Z28.485695 E0.358458
G1 X84.349544 Y96.286087 Z28.488123 E0.358437
G1 X85.369753 Y94.932591 Z28.490551 E0.358416
G1 X86.43191 Y93.611885 Z28.492979 E0.358395
G1 X87.534963 Y92.325271 Z28.495407 E0.358374
G1 X88.677818 Y91.074013 Z28.497834 E0.358353
G1 X89.859342 Y89.859342 Z28.500262 E0.358332
G1 X91.078365 Y88.682452 Z28.50269 E0.358311
G1 X92.33368 Y87.544501 Z28.505118 E0.35829
G1 X93.624043 Y86.446607 Z28.507546 E0.358268
G1 X94.948178 Y85.389848 Z28.509974 E0.358247
G1 X96.304773 Y84.375262 Z28.512401 E0.358226
G1 X97.692485 Y83.403846 Z28.514829 E0.358205
G1 X99.109943 Y82.476554 Z28.517257 E0.358184
G1 X100.555742 Y81.594295 Z28.519685 E0.358163
G1 X102.028454 Y80.757934 Z28.522113 E0.358142
G1 X103.526622 Y79.968291 Z28.524541 E0.358121
G1 X105.048764 Y79.226141 Z28.526968 E0.358099
G1 X106.593376 Y78.53221 Z28.529396 E0.358078
G1 X108.15893 Y77.887177 Z28.531824 E0.358057
G1 X109.743879 Y77.291672 Z28.534252 E0.358036
G1 X111.346656 Y76.746278 Z28.53668 E0.358015
G1 X112.965679 Y76.251528 Z28.539108 E0.357994
G1 X114.599347 Y75.807902 Z28.541535 E0.357973
G1 X116.246046 Y75.415833 Z28.543963 E0.357952
G1 X117.90415 Y75.075702 Z28.546391 E0.357931
G1 X119.572022 Y74.787839 Z28.548819 E0.357909
G1 X121.248013 Y74.552521 Z28.551247 E0.357888
G1 X122.93047 Y74.369973 Z28.553674 E0.357867
G1 X124.617731 Y74.240372 Z28.556102 E0.357846
G1 X126.30813 Y74.163836 Z28.55853 E0.357825
G1 X128 Y74.140437 Z28.560958 E0.357804
G1 X129.69167 Y74.170191 Z28.563386 E0.357783
G1 X131.381471 Y74.253062 Z28.565814 E0.357762
G1 X133.067735 Y74.388962 Z28.568241 E0.35774
G1 X134.748799 Y74.577752 Z28.570669 E0.357719
G1 X136.423005 Y74.819237 Z28.573097 E0.357698
G1 X138.088702 Y75.113174 Z28.575525 E0.357677
G1 X139.744245 Y75.459267 Z28.577953 E0.357656
G1 X141.388004 Y75.857167 Z28.580381 E0.357635
G1 X143.018357 Y76.306476 Z28.582808 E0.357614
G1 X144.633697 Y76.806745 Z28.585236 E0.357593
G1 X146.232431 Y77.357474 Z28.587664 E0.357572
G1 X147.812984 Y77.958114 Z28.590092 E0.35755
G1 X149.373799 Y78.608065 Z28.59252 E0.357529
G1 X150.913337 Y79.30668 Z28.594948 E0.357508
G1 X152.430082 Y80.053265 Z28.597375 E0.357487
G1 X153.922539 Y80.847077 Z28.599803 E0.357466
G1 X155.389238 Y81.687327 Z28.602231 E0.357445
G1 X156.828736 Y82.57318 Z28.604659 E0.357424
G1 X158.239615 Y83.503758 Z28.607087 E0.357403
G1 X159.620486 Y84.478135 Z28.609515 E0.357381
G1 X160.96999 Y85.495346 Z28.611942 E0.35736
G1 X162.286798 Y86.554381 Z28.61437 E0.357339
G1 X163.569616 Y87.654191 Z28.616798 E0.357318
G1 X164.817181 Y88.793685 Z28.619226 E0.357297
G1 X166.028266 Y89.971734 Z28.621654 E0.357276
G1 X167.20168 Y91.187172 Z28.624082 E0.357255
G1 X168.336271 Y92.438793 Z28.626509 E0.357234
G1 X169.430923 Y93.72536 Z28.628937 E0.357213
G1 X170.48456 Y95.045598 Z28.631365 E0.357191
G1 X171.496147 Y96.398199 Z28.633793 E0.35717
G1 X172.464692 Y97.781827 Z28.636221 E0.357149
G1 X173.389243 Y99.195111 Z28.638648 E0.357128
G1 X174.268893 Y100.636653 Z28.641076 E0.357107
G1 X175.10278 Y102.105028 Z28.643504 E0.357086
G1 X175.890086 Y103.598783 Z28.645932 E0.357065
G1 X176.630039 Y105.116441 Z28.64836 E0.357044
G1 X177.321916 Y106.656501 Z28.650788 E0.357022
G1 X177.965038 Y108.217442 Z28.653215 E0.357001
G1 X178.558778 Y109.79772 Z28.655643 E0.35698
G1 X179.102554 Y111.395774 Z28.658071 E0.356959
G1 X179.595837 Y113.010024 Z28.660499 E0.356938
G1 X180.038145 Y114.638875 Z28.662927 E0.356917
G1 X180.429048 Y116.280719 Z28.665355 E0.356896
G1 X180.768166 Y117.933934 Z28.667782 E0.356875
G1 X181.055171 Y119.596886 Z28.67021 E0.356854
G1 X181.289786 Y121.267934 Z28.672638 E0.356832
G1 X181.471785 Y122.945428 Z28.675066 E0.356811
G1 X181.600995 Y124.627711 Z28.677494 E0.35679
G1 X181.677295 Y126.313123 Z28.679922 E0.356769
G1 X181.700616 Y128 Z28.682349 E0.356748
G1 X181.67094 Y129.686677 Z28.684777 E0.356727
G1 X181.588305 Y131.37149 Z28.687205 E0.356706
G1 X181.452796 Y133.052777 Z28.689633 E0.356685
G1 X181.264555 Y134.728878 Z28.692061 E0.356663
G1 X181.023773 Y136.398141 Z28.694489 E0.356642
G1 X180.730694 Y138.058918 Z28.696916 E0.356621
G1 X180.385614 Y139.709572 Z28.699344 E0.3566
G1 X179.98888 Y141.348476 Z28.701772 E0.356579
G1 X179.540888 Y142.974012 Z28.7042 E0.356558
G1 X179.042087 Y144.584579 Z28.706628 E0.356537
G1 X178.492976 Y146.17859 Z28.709056 E0.356516
G1 X177.894101 Y147.754472 Z28.711483 E0.356494
G1 X177.246061 Y149.310674 Z28.713911 E0.356473
G1 X176.5495 Y150.845661 Z28.716339 E0.356452
G1 X175.805112 Y152.357921 Z28.718767 E0.356431
G1 X175.013637 Y153.845965 Z28.721195 E0.35641
G1 X174.175861 Y155.308328 Z28.723622 E0.356389
G1 X173.292616 Y156.743568 Z28.72605 E0.356368
G1 X172.364781 Y158.150274 Z28.728478 E0.356347
G1 X171.393274 Y159.527059 Z28.730906 E0.356326
G1 X170.379062 Y160.87257 Z28.733334 E0.356304
G1 X169.323148 Y162.185481 Z28.735762 E0.356283
G1 X168.226582 Y163.464502 Z28.738189 E0.356262
G1 X167.090448 Y164.708374 Z28.740617 E0.356241
G1 X165.915873 Y165.915873 Z28.743045 E0.35622
G1 X164.704022 Y167.085813 Z28.745473 E0.356199
G1 X163.456093 Y168.217043 Z28.747901 E0.356178
G1 X162.173323 Y169.308452 Z28.750329 E0.356157
G1 X160.856983 Y170.358967 Z28.752756 E0.356135
G1 X159.508374 Y171.367556 Z28.755184 E0.356114
G1 X158.128832 Y172.33323 Z28.757612 E0.356093
G1 X156.719721 Y173.255039 Z28.76004 E0.356072
G1 X155.282436 Y174.132081 Z28.762468 E0.356051
G1 X153.818399 Y174.963494 Z28.764896 E0.35603
G1 X152.329057 Y175.748463 Z28.767323 E0.356009
G1 X150.815883 Y176.48622 Z28.769751 E0.355988
G1 X149.280373 Y177.176042 Z28.772179 E0.355967
G1 X147.724046 Y177.817253 Z28.774607 E0.355945
G1 X146.148439 Y178.409228 Z28.777035 E0.355924
G1 X144.555109 Y178.951387 Z28.779463 E0.355903
G1 X142.945631 Y179.443201 Z28.78189 E0.355882
G1 X141.321596 Y179.884191 Z28.784318 E0.355861
G1 X139.684607 Y180.273929 Z28.786746 E0.35584
G1 X138.036282 Y180.612034 Z28.789174 E0.355819
G1 X136.378249 Y180.898181 Z28.791602 E0.355798
G1 X134.712144 Y181.132092 Z28.79403 E0.355776
G1 X133.039614 Y181.313544 Z28.796457 E0.355755
G1 X131.362308 Y181.442362 Z28.798885 E0.355734
G1 X129.681884 Y181.518427 Z28.801313 E0.355713
G1 X128 Y181.541669 Z28.803741 E0.355692
G1 X126.318315 Y181.512072 Z28.806169 E0.355671
G1 X124.63849 Y181.429671 Z28.808596 E0.35565
G1 X122.962181 Y181.294555 Z28.811024 E0.355629
G1 X121.291043 Y181.106861 Z28.813452 E0.355608
G1 X119.626724 Y180.866783 Z28.81588 E0.355586
G1 X117.970866 Y180.574563 Z28.818308 E0.355565
G1 X116.325101 Y180.230495 Z28.820736 E0.355544
G1 X114.691053 Y179.834926 Z28.823163 E0.355523
G1 X113.070333 Y179.388252 Z28.825591 E0.355502
G1 X111.464538 Y178.89092 Z28.828019 E0.355481
G1 X109.875252 Y178.343426 Z28.830447 E0.35546
G1 X108.30404 Y177.746316 Z28.832875 E0.355439
G1 X106.752452 Y177.100187 Z28.835303 E0.355417
G1 X105.222016 Y176.405681 Z28.83773 E0.355396
G1 X103.714239 Y175.663489 Z28.840158 E0.355375
G1 X102.230608 Y174.87435 Z28.842586 E0.355354
G1 X100.772583 Y174.039048 Z28.845014 E0.355333
G1 X99.3416 Y173.158413 Z28.847442 E0.355312
G1 X97.939068 Y172.233319 Z28.84987 E0.355291
G1 X96.566367 Y171.264684 Z28.852297 E0.35527
G1 X95.22485 Y170.253469 Z28.854725 E0.355249
G1 X93.915835 Y169.200678 Z28.857153 E0.355227
G1 X92.640611 Y168.107354 Z28.859581 E0.355206
G1 X91.400433 Y166.974581 Z28.862009 E0.355185
G1 X90.196519 Y165.803481 Z28.864437 E0.355164
G1 X89.030054 Y164.595215 Z28.866864 E0.355143
G1 X87.902185 Y163.35098 Z28.869292 E0.355122
G1 X86.814019 Y162.072007 Z28.87172 E0.355101
G1 X85.766626 Y160.759563 Z28.874148 E0.35508
G1 X84.761034 Y159.414947 Z28.876576 E0.355058
G1 X83.798232 Y158.03949 Z28.879004 E0.355037
G1 X82.879164 Y156.634553 Z28.881431 E0.355016
G1 X82.004732 Y155.201526 Z28.883859 E0.354995
G1 X81.175793 Y153.741826 Z28.886287 E0.354974
G1 X80.39316 Y152.256897 Z28.888715 E0.354953
G1 X79.6576 Y150.748207 Z28.891143 E0.354932
G1 X78.969833 Y149.217248 Z28.893571 E0.354911
G1 X78.330532 Y147.665534 Z28.895998 E0.35489
G1 X77.740323 Y146.094597 Z28.898426 E0.354868
G1 X77.199781 Y144.505992 Z28.900854 E0.354847
G1 X76.709435 Y142.901287 Z28.903282 E0.354826
G1 X76.269762 Y141.282068 Z28.90571 E0.354805
G1 X75.88119 Y139.649934 Z28.908137 E0.354784
G1 X75.544097 Y138.006499 Z28.910565 E0.354763
G1 X75.258809 Y136.353384 Z28.912993 E0.354742
G1 X75.025601 Y134.692223 Z28.915421 E0.354721
G1 X74.844698 Y133.024655 Z28.917849 E0.354699
G1 X74.716271 Y131.352328 Z28.920277 E0.354678
G1 X74.640442 Y129.676892 Z28.922704 E0.354657
G1 X74.617278 Y128 Z28.925132 E0.354636
G1 X74.646797 Y126.323308 Z28.92756 E0.354615
G1 X74.728962 Y124.64847 Z28.929988 E0.354594
G1 X74.863687 Y122.97714 Z28.932416 E0.354573
G1 X75.050832 Y121.310965 Z28.934844 E0.354552
G1 X75.290207 Y119.651589 Z28.937271 E0.354531
G1 X75.581569 Y118.000649 Z28.939699 E0.354509
G1 X75.924624 Y116.359774 Z28.942127 E0.354488
G1 X76.319027 Y114.730581 Z28.944555 E0.354467
G1 X76.764384 Y113.114677 Z28.946983 E0.354446
G1 X77.260248 Y111.513655 Z28.949411 E0.354425
G1 X77.806125 Y109.929093 Z28.951838 E0.354404
G1 X78.401469 Y108.362552 Z28.954266 E0.354383
G1 X79.045687 Y106.815577 Z28.956694 E0.354362
G1 X79.738139 Y105.289692 Z28.959122 E0.35434
G1 X80.478133 Y103.7864 Z28.96155 E0.354319
G1 X81.264936 Y102.307181 Z28.963978 E0.354298
G1 X82.097764 Y100.853493 Z28.966405 E0.354277
G1 X82.97579 Y99.426768 Z28.968833 E0.354256
G1 X83.898143 Y98.028409 Z28.971261 E0.354235
G1 X84.863907 Y96.659794 Z28.973689 E0.354214
G1 X85.872124 Y95.322269 Z28.976117 E0.354193
G1 X86.921793 Y94.017152 Z28.978545 E0.354172
G1 X88.011874 Y92.745725 Z28.980972 E0.35415
G1 X89.141287 Y91.509239 Z28.9834 E0.354129
G1 X90.308912 Y90.308912 Z28.985828 E0.354108
G1 X91.513592 Y89.145921 Z28.988256 E0.354087
G1 X92.754134 Y88.021412 Z28.990684 E0.354066
G1 X94.02931 Y86.936489 Z28.993111 E0.354045
G1 X95.337857 Y85.892218 Z28.995539 E0.354024
G1 X96.678479 Y84.889625 Z28.997967 E0.354003
G1 X98.049851 Y83.929694 Z29.000395 E0.353981
G1 X99.450615 Y83.013367 Z29.002823 E0.35396
G1 X100.879385 Y82.141544 Z29.005251 E0.353939
G1 X102.334747 Y81.315079 Z29.007678 E0.353918
G1 X103.815264 Y80.534782 Z29.010106 E0.353897
G1 X105.319469 Y79.801419 Z29.012534 E0.353876
G1 X106.845877 Y79.115707 Z29.014962 E0.353855
G1 X108.392979 Y78.478317 Z29.01739 E0.353834
G1 X109.959244 Y77.889873 Z29.019818 E0.353813
G1 X111.543126 Y77.350948 Z29.022245 E0.353791
G1 X113.143058 Y76.86207 Z29.024673 E0.35377
G1 X114.757461 Y76.423715 Z29.027101 E0.353749
G1 X116.384739 Y76.036309 Z29.029529 E0.353728
G1 X118.023285 Y75.700229 Z29.031957 E0.353707
G1 X119.671481 Y75.415799 Z29.034385 E0.353686
G1 X121.327698 Y75.183295 Z29.036812 E0.353665
G1 X122.990303 Y75.002939 Z29.03924 E0.353644
G1 X124.657652 Y74.874905 Z29.041668 E0.353622
G1 X126.328101 Y74.79931 Z29.044096 E0.353601
G1 X128 Y74.776225 Z29.046524 E0.35358
G1 X129.671699 Y74.805665 Z29.048952 E0.353559
G1 X131.341549 Y74.887595 Z29.051379 E0.353538
G1 X133.007902 Y75.021928 Z29.053807 E0.353517
G1 X134.669114 Y75.208526 Z29.056235 E0.353496
G1 X136.323546 Y75.447197 Z29.058663 E0.353475
G1 X137.969567 Y75.7377 Z29.061091 E0.353454
G1 X139.605553 Y76.079742 Z29.063519 E0.353432
G1 X141.22989 Y76.47298 Z29.065946 E0.353411
G1 X142.840978 Y76.917019 Z29.068374 E0.35339
G1 X144.437228 Y77.411415 Z29.070802 E0.353369
G1 X146.017066 Y77.955675 Z29.07323 E0.353348
G1 X147.578935 Y78.549254 Z29.075658 E0.353327
G1 X149.121297 Y79.191562 Z29.078085 E0.353306
G1 X150.642632 Y79.881958 Z29.080513 E0.353285
G1 X152.14144 Y80.619756 Z29.082941 E0.353263
G1 X153.616246 Y81.404222 Z29.085369 E0.353242
G1 X155.065596 Y82.234576 Z29.087797 E0.353221
G1 X156.488064 Y83.109994 Z29.090225 E0.3532
G1 X157.88225 Y84.029605 Z29.092652 E0.353179
G1 X159.246779 Y84.992498 Z29.09508 E0.353158
G1 X160.580311 Y85.997716 Z29.097508 E0.353137
G1 X161.881532 Y87.044264 Z29.099936 E0.353116
G1 X163.149162 Y88.131102 Z29.102364 E0.353095
G1 X164.381954 Y89.257154 Z29.104792 E0.353073
G1 X165.578696 Y90.421304 Z29.107219 E0.353052
G1 X166.738211 Y91.622398 Z29.109647 E0.353031
G1 X167.85936 Y92.859247 Z29.112075 E0.35301
G1 X168.94104 Y94.130626 Z29.114503 E0.352989
G1 X169.982189 Y95.435276 Z29.116931 E0.352968
G1 X170.981784 Y96.771906 Z29.119359 E0.352947
G1 X171.938844 Y98.139192 Z29.121786 E0.352926
G1 X172.852429 Y99.535783 Z29.124214 E0.352904
G1 X173.721644 Y100.960295 Z29.126642 E0.352883
G1 X174.545635 Y102.411321 Z29.12907 E0.352862
G1 X175.323595 Y103.887424 Z29.131498 E0.352841
G1 X176.054761 Y105.387146 Z29.133926 E0.35282
G1 X176.738419 Y106.909003 Z29.136353 E0.352799
G1 X177.373898 Y108.451491 Z29.138781 E0.352778
G1 X177.960577 Y110.013085 Z29.141209 E0.352757
G1 X178.497884 Y111.592243 Z29.143637 E0.352736
G1 X178.985294 Y113.187403 Z29.146065 E0.352714
G1 X179.422331 Y114.796989 Z29.148493 E0.352693
G1 X179.808572 Y116.419412 Z29.15092 E0.352672
G1 X180.14364 Y118.053069 Z29.153348 E0.352651
G1 X180.427211 Y119.696346 Z29.155776 E0.35263
G1 X180.659012 Y121.34762 Z29.158204 E0.352609
G1 X180.838819 Y123.005261 Z29.160632 E0.352588
G1 X180.966462 Y124.667633 Z29.163059 E0.352567
G1 X181.041821 Y126.333094 Z29.165487 E0.352545
G1 X181.064828 Y128 Z29.167915 E0.352524
G1 X181.035466 Y129.666707 Z29.170343 E0.352503
G1 X180.953771 Y131.331569 Z29.172771 E0.352482
G1 X180.81983 Y132.992944 Z29.175199 E0.352461
G1 X180.633781 Y134.649193 Z29.177626 E0.35244
G1 X180.395813 Y136.298682 Z29.180054 E0.352419
G1 X180.106168 Y137.939783 Z29.182482 E0.352398
G1 X179.765139 Y139.570879 Z29.18491 E0.352377
G1 X179.373066 Y141.190362 Z29.187338 E0.352355
G1 X178.930345 Y142.796633 Z29.189766 E0.352334
G1 X178.437417 Y144.38811 Z29.192193 E0.352313
G1 X177.894775 Y145.963224 Z29.194621 E0.352292
G1 X177.302961 Y147.520423 Z29.197049 E0.352271
G1 X176.662564 Y149.058172 Z29.199477 E0.35225
G1 X175.974223 Y150.574956 Z29.201905 E0.352229
G1 X175.238621 Y152.06928 Z29.204333 E0.352208
G1 X174.456492 Y153.539672 Z29.20676 E0.352186
G1 X173.628612 Y154.984686 Z29.209188 E0.352165
G1 X172.755803 Y156.402896 Z29.211616 E0.352144
G1 X171.838933 Y157.792908 Z29.214044 E0.352123
G1 X170.878911 Y159.153353 Z29.216472 E0.352102
G1 X169.876691 Y160.482891 Z29.2189 E0.352081
G1 X168.833266 Y161.780215 Z29.221327 E0.35206
G1 X167.74967 Y163.044048 Z29.223755 E0.352039
G1 X166.626979 Y164.273147 Z29.226183 E0.352018
G1 X165.466304 Y165.466304 Z29.228611 E0.351996
G1 X164.268795 Y166.622344 Z29.231039 E0.351975
G1 X163.035639 Y167.740132 Z29.233467 E0.351954
G1 X161.768057 Y168.818569 Z29.235894 E0.351933
G1 X160.467304 Y169.856596 Z29.238322 E0.351912
G1 X159.134667 Y170.853193 Z29.24075 E0.351891
G1 X157.771466 Y171.807382 Z29.243178 E0.35187
G1 X156.379049 Y172.718226 Z29.245606 E0.351849
G1 X154.958794 Y173.584832 Z29.248033 E0.351827
G1 X153.512106 Y174.406349 Z29.250461 E0.351806
G1 X152.040416 Y175.181972 Z29.252889 E0.351785
G1 X150.545178 Y175.910942 Z29.255317 E0.351764
G1 X149.027872 Y176.592545 Z29.257745 E0.351743
G1 X147.489997 Y177.226113 Z29.260173 E0.351722
G1 X145.933073 Y177.811027 Z29.2626 E0.351701
G1 X144.35864 Y178.346717 Z29.265028 E0.35168
G1 X142.768252 Y178.832658 Z29.267456 E0.351659
G1 X141.163482 Y179.268378 Z29.269884 E0.351637
G1 X139.545915 Y179.653453 Z29.272312 E0.351616
G1 X137.917148 Y179.987508 Z29.27474 E0.351595
G1 X136.27879 Y180.270221 Z29.277167 E0.351574
G1 X134.632459 Y180.501318 Z29.279595 E0.351553
G1 X132.979781 Y180.680578 Z29.282023 E0.351532
G1 X131.322387 Y180.807829 Z29.284451 E0.351511
G1 X129.661914 Y180.882953 Z29.286879 E0.35149
G1 X128 Y180.905881 Z29.289307 E0.351468
G1 X126.338286 Y180.876598 Z29.291734 E0.351447
G1 X124.678411 Y180.795138 Z29.294162 E0.351426
G1 X123.022014 Y180.661589 Z29.29659 E0.351405
G1 X121.370729 Y180.476087 Z29.299018 E0.351384
G1 X119.726183 Y180.238823 Z29.301446 E0.351363
G1 X118.09 Y179.950037 Z29.303874 E0.351342
G1 X116.463794 Y179.61002 Z29.306301 E0.351321
G1 X114.849167 Y179.219113 Z29.308729 E0.3513
G1 X113.247712 Y178.777709 Z29.311157 E0.351278
G1 X111.661007 Y178.28625 Z29.313585 E0.351257
G1 X110.090617 Y177.745225 Z29.316013 E0.351236
G1 X108.538089 Y177.155176 Z29.318441 E0.351215
G1 X107.004953 Y176.51669 Z29.320868 E0.351194
G1 X105.492721 Y175.830403 Z29.323296 E0.351173
G1 X104.002881 Y175.096999 Z29.325724 E0.351152
G1 X102.536901 Y174.317206 Z29.328152 E0.351131
G1 X101.096225 Y173.491799 Z29.33058 E0.351109
G1 X99.682272 Y172.6216 Z29.333007 E0.351088
G1 X98.296433 Y171.707471 Z29.335435 E0.351067
G1 X96.940074 Y170.750321 Z29.337863 E0.351046
G1 X95.614528 Y169.751098 Z29.340291 E0.351025
G1 X94.321101 Y168.710795 Z29.342719 E0.351004
G1 X93.061065 Y167.630442 Z29.345147 E0.350983
G1 X91.835659 Y166.511111 Z29.347574 E0.350962
G1 X90.646089 Y165.353911 Z29.350002 E0.350941
G1 X89.493523 Y164.159988 Z29.35243 E0.350919
G1 X88.379096 Y162.930526 Z29.354858 E0.350898
G1 X87.303901 Y161.666741 Z29.357286 E0.350877
G1 X86.268997 Y160.369884 Z29.359714 E0.350856
G1 X85.275397 Y159.041241 Z29.362141 E0.350835
G1 X84.32408 Y157.682125 Z29.364569 E0.350814
G1 X83.415977 Y156.293881 Z29.366997 E0.350793
G1 X82.551981 Y154.877884 Z29.369425 E0.350772
G1 X81.732938 Y153.435533 Z29.371853 E0.35075
G1 X80.959651 Y151.968255 Z29.374281 E0.350729
G1 X80.232877 Y150.477502 Z29.376708 E0.350708
G1 X79.55333 Y148.964746 Z29.379136 E0.350687
G1 X78.921672 Y147.431485 Z29.381564 E0.350666
G1 X78.338523 Y145.879232 Z29.383992 E0.350645
G1 X77.804451 Y144.309523 Z29.38642 E0.350624
G1 X77.319978 Y142.723908 Z29.388848 E0.350603
G1 X76.885575 Y141.123954 Z29.391275 E0.350582
G1 X76.501666 Y139.511241 Z29.393703 E0.35056
G1 X76.168623 Y137.887364 Z29.396131 E0.350539
G1 X75.886769 Y136.253925 Z29.398559 E0.350518
G1 X75.656376 Y134.612538 Z29.400987 E0.350497
G1 X75.477664 Y132.964823 Z29.403415 E0.350476
G1 X75.350804 Y131.312407 Z29.405842 E0.350455
G1 X75.275916 Y129.656921 Z29.40827 E0.350434
G1 X75.253066 Y128 Z29.410698 E0.350413
G1 X75.28227 Y126.343279 Z29.413126 E0.350391
G1 X75.363495 Y124.688392 Z29.415554 E0.35037
G1 X75.496653 Y123.036972 Z29.417981 E0.350349
G1 X75.681607 Y121.39065 Z29.420409 E0.350328
G1 X75.918167 Y119.751048 Z29.422837 E0.350307
G1 X76.206095 Y118.119784 Z29.425265 E0.350286
G1 X76.545099 Y116.498467 Z29.427693 E0.350265
G1 X76.93484 Y114.888695 Z29.430121 E0.350244
G1 X77.374926 Y113.292057 Z29.432548 E0.350223
G1 X77.864918 Y111.710124 Z29.434976 E0.350201
G1 X78.404325 Y110.144458 Z29.437404 E0.35018
G1 X78.992609 Y108.596601 Z29.439832 E0.350159
G1 X79.629184 Y107.068079 Z29.44226 E0.350138
G1 X80.313416 Y105.560397 Z29.444688 E0.350117
G1 X81.044624 Y104.075041 Z29.447115 E0.350096
G1 X81.822081 Y102.613474 Z29.449543 E0.350075
G1 X82.645013 Y101.177135 Z29.451971 E0.350054
G1 X83.512604 Y99.76744 Z29.454399 E0.350032
G1 X84.423991 Y98.385775 Z29.456827 E0.350011
G1 X85.37827 Y97.033501 Z29.459255 E0.34999
G1 X86.374494 Y95.711948 Z29.461682 E0.349969
G1 X87.411676 Y94.422418 Z29.46411 E0.349948
G1 X88.488785 Y93.166179 Z29.466538 E0.349927
G1 X89.604756 Y91.944466 Z29.468966 E0.349906
G1 X90.758481 Y90.758481 Z29.471394 E0.349885
G1 X91.948818 Y89.609391 Z29.473822 E0.349864
G1 X93.174588 Y88.498324 Z29.476249 E0.349842
G1 X94.434576 Y87.426372 Z29.478677 E0.349821
G1 X95.727535 Y86.394589 Z29.481105 E0.3498
G1 X97.052186 Y85.403988 Z29.483533 E0.349779
G1 X98.407217 Y84.455542 Z29.485961 E0.349758
G1 X99.791287 Y83.550181 Z29.488389 E0.349737
G1 X101.203027 Y82.688793 Z29.490816 E0.349716
G1 X102.64104 Y81.872224 Z29.493244 E0.349695
G1 X104.103905 Y81.101273 Z29.495672 E0.349673
G1 X105.590175 Y80.376697 Z29.4981 E0.349652
G1 X107.098379 Y79.699204 Z29.500528 E0.349631
G1 X108.627028 Y79.069457 Z29.502955 E0.34961
G1 X110.174609 Y78.488073 Z29.505383 E0.349589
G1 X111.739595 Y77.955618 Z29.507811 E0.349568
G1 X113.320437 Y77.472613 Z29.510239 E0.349547
G1 X114.915575 Y77.039528 Z29.512667 E0.349526
G1 X116.523432 Y76.656785 Z29.515095 E0.349505
G1 X118.14242 Y76.324755 Z29.517522 E0.349483
G1 X119.77094 Y76.043759 Z29.51995 E0.349462
G1 X121.407384 Y75.814069 Z29.522378 E0.349441
G1 X123.050136 Y75.635905 Z29.524806 E0.34942
G1 X124.697574 Y75.509438 Z29.527234 E0.349399
G1 X126.348072 Y75.434784 Z29.529662 E0.349378
G1 X128 Y75.412013 Z29.532089 E0.349357
G1 X129.651729 Y75.441139 Z29.534517 E0.349336
G1 X131.301628 Y75.522128 Z29.536945 E0.349314
G1 X132.948069 Y75.654894 Z29.539373 E0.349293
G1 X134.589429 Y75.8393 Z29.541801 E0.349272
G1 X136.224087 Y76.075157 Z29.544229 E0.349251
G1 X137.850432 Y76.362226 Z29.546656 E0.34923
G1 X139.46686 Y76.700218 Z29.549084 E0.349209
G1 X141.071776 Y77.088793 Z29.551512 E0.349188
G1 X142.663599 Y77.527562 Z29.55394 E0.349167
G1 X144.240758 Y78.016085 Z29.556368 E0.349145
G1 X145.8017 Y78.553875 Z29.558796 E0.349124
G1 X147.344886 Y79.140394 Z29.561223 E0.349103
G1 X148.868796 Y79.775059 Z29.563651 E0.349082
G1 X150.371927 Y80.457236 Z29.566079 E0.349061
G1 X151.852799 Y81.186247 Z29.568507 E0.34904
G1 X153.309953 Y81.961367 Z29.570935 E0.349019
G1 X154.741954 Y82.781825 Z29.573363 E0.348998
G1 X156.147392 Y83.646807 Z29.57579 E0.348977
G1 X157.524884 Y84.555453 Z29.578218 E0.348955
G1 X158.873073 Y85.506861 Z29.580646 E0.348934
G1 X160.190632 Y86.500087 Z29.583074 E0.348913
G1 X161.476265 Y87.534146 Z29.585502 E0.348892
G1 X162.728708 Y88.608013 Z29.58793 E0.348871
G1 X163.946727 Y89.720623 Z29.590357 E0.34885
G1 X165.129126 Y90.870874 Z29.592785 E0.348829
G1 X166.274742 Y92.057625 Z29.595213 E0.348808
G1 X167.382448 Y93.279701 Z29.597641 E0.348786
G1 X168.451157 Y94.535893 Z29.600069 E0.348765
G1 X169.479818 Y95.824955 Z29.602496 E0.348744
G1 X170.467421 Y97.145613 Z29.604924 E0.348723
G1 X171.412996 Y98.496558 Z29.607352 E0.348702
G1 X172.315616 Y99.876455 Z29.60978 E0.348681
G1 X173.174395 Y101.283937 Z29.612208 E0.34866
G1 X173.98849 Y102.717614 Z29.614636 E0.348639
G1 X174.757104 Y104.176066 Z29.617063 E0.348618
G1 X175.479484 Y105.657851 Z29.619491 E0.348596
G1 X176.154922 Y107.161505 Z29.621919 E0.348575
G1 X176.782757 Y108.68554 Z29.624347 E0.348554
G1 X177.362377 Y110.228451 Z29.626775 E0.348533
G1 X177.893214 Y111.788712 Z29.629203 E0.348512
G1 X178.374751 Y113.364782 Z29.63163 E0.348491
G1 X178.806518 Y114.955103 Z29.634058 E0.34847
G1 X179.188096 Y116.558105 Z29.636486 E0.348449
G1 X179.519114 Y118.172203 Z29.638914 E0.348427
G1 X179.799251 Y119.795805 Z29.641342 E0.348406
G1 X180.028237 Y121.427305 Z29.64377 E0.348385
G1 X180.205853 Y123.065094 Z29.646197 E0.348364
G1 X180.331929 Y124.707554 Z29.648625 E0.348343
G1 X180.406347 Y126.353064 Z29.651053 E0.348322
G1 X180.42904 Y128 Z29.653481 E0.348301
G1 X180.399993 Y129.646736 Z29.655909 E0.34828
G1 X180.319238 Y131.291647 Z29.658337 E0.348259
G1 X180.186864 Y132.933111 Z29.660764 E0.348237
G1 X180.003006 Y134.569507 Z29.663192 E0.348216
G1 X179.767853 Y136.199222 Z29.66562 E0.348195
G1 X179.481642 Y137.820648 Z29.668048 E0.348174
G1 X179.144663 Y139.432187 Z29.670476 E0.348153
G1 X178.757253 Y141.032248 Z29.672904 E0.348132
G1 X178.319802 Y142.619254 Z29.675331 E0.348111
G1 X177.832747 Y144.191641 Z29.677759 E0.34809
G1 X177.296575 Y145.747859 Z29.680187 E0.348068
G1 X176.711821 Y147.286374 Z29.682615 E0.348047
G1 X176.079067 Y148.80567 Z29.685043 E0.348026
G1 X175.398945 Y150.30425 Z29.68747 E0.348005
G1 X174.67213 Y151.780638 Z29.689898 E0.347984
G1 X173.899347 Y153.233379 Z29.692326 E0.347963
G1 X173.081362 Y154.661043 Z29.694754 E0.347942
G1 X172.21899 Y156.062224 Z29.697182 E0.347921
G1 X171.313085 Y157.435542 Z29.69961 E0.3479
G1 X170.364548 Y158.779646 Z29.702037 E0.347878
G1 X169.37432 Y160.093212 Z29.704465 E0.347857
G1 X168.343383 Y161.374949 Z29.706893 E0.347836
G1 X167.272759 Y162.623594 Z29.709321 E0.347815
G1 X166.163509 Y163.837921 Z29.711749 E0.347794
G1 X165.016734 Y165.016734 Z29.714177 E0.347773
G1 X163.833568 Y166.158875 Z29.716604 E0.347752
G1 X162.615185 Y167.263221 Z29.719032 E0.347731
G1 X161.362791 Y168.328686 Z29.72146 E0.347709
G1 X160.077625 Y169.354225 Z29.723888 E0.347688
G1 X158.760961 Y170.33883 Z29.726316 E0.347667
G1 X157.4141 Y171.281535 Z29.728744 E0.347646
G1 X156.038377 Y172.181413 Z29.731171 E0.347625
G1 X154.635152 Y173.037582 Z29.733599 E0.347604
G1 X153.205813 Y173.849204 Z29.736027 E0.347583
G1 X151.751774 Y174.615481 Z29.738455 E0.347562
G1 X150.274473 Y175.335664 Z29.740883 E0.347541
G1 X148.77537 Y176.009047 Z29.743311 E0.347519
G1 X147.255948 Y176.634972 Z29.745738 E0.347498
G1 X145.717708 Y177.212827 Z29.748166 E0.347477
G1 X144.162171 Y177.742047 Z29.750594 E0.347456
G1 X142.590873 Y178.222115 Z29.753022 E0.347435
G1 X141.005368 Y178.652565 Z29.75545 E0.347414
G1 X139.407222 Y179.032977 Z29.757878 E0.347393
G1 X137.798013 Y179.362982 Z29.760305 E0.347372
G1 X136.179331 Y179.642261 Z29.762733 E0.34735
G1 X134.552774 Y179.870544 Z29.765161 E0.347329
G1 X132.919948 Y180.047612 Z29.767589 E0.347308
G1 X131.282466 Y180.173296 Z29.770017 E0.347287
G1 X129.641943 Y180.247479 Z29.772444 E0.347266
G1 X128 Y180.270094 Z29.774872 E0.347245
G1 X126.358257 Y180.241124 Z29.7773 E0.347224
G1 X124.718333 Y180.160605 Z29.779728 E0.347203
G1 X123.081847 Y180.028623 Z29.782156 E0.347182
G1 X121.450414 Y179.845313 Z29.784584 E0.34716
G1 X119.825642 Y179.610863 Z29.787011 E0.347139
G1 X118.209135 Y179.325511 Z29.789439 E0.347118
G1 X116.602487 Y178.989544 Z29.791867 E0.347097
G1 X115.007281 Y178.6033 Z29.794295 E0.347076
G1 X113.425091 Y178.167166 Z29.796723 E0.347055
G1 X111.857476 Y177.68158 Z29.799151 E0.347034
G1 X110.305982 Y177.147025 Z29.801578 E0.347013
G1 X108.772138 Y176.564035 Z29.804006 E0.346991
G1 X107.257455 Y175.933193 Z29.806434 E0.34697
G1 X105.763426 Y175.255125 Z29.808862 E0.346949
G1 X104.291522 Y174.530508 Z29.81129 E0.346928
G1 X102.843194 Y173.760061 Z29.813718 E0.346907
G1 X101.419867 Y172.94455 Z29.816145 E0.346886
G1 X100.022944 Y172.084786 Z29.818573 E0.346865
G1 X98.653799 Y171.181623 Z29.821001 E0.346844
G1 X97.313781 Y170.235958 Z29.823429 E0.346823
G1 X96.004207 Y169.248728 Z29.825857 E0.346801
G1 X94.726368 Y168.220912 Z29.828285 E0.34678
G1 X93.481519 Y167.153531 Z29.830712 E0.346759
G1 X92.270886 Y166.047642 Z29.83314 E0.346738
G1 X91.095659 Y164.904341 Z29.835568 E0.346717
G1 X89.956993 Y163.724762 Z29.837996 E0.346696
G1 X88.856007 Y162.510072 Z29.840424 E0.346675
G1 X87.793784 Y161.261474 Z29.842852 E0.346654
G1 X86.771367 Y159.980206 Z29.845279 E0.346632
G1 X85.78976 Y158.667534 Z29.847707 E0.346611
G1 X84.849927 Y157.324759 Z29.850135 E0.34659
G1 X83.95279 Y155.953209 Z29.852563 E0.346569
G1 X83.09923 Y154.554241 Z29.854991 E0.346548
G1 X82.290082 Y153.12924 Z29.857418 E0.346527
G1 X81.526142 Y151.679614 Z29.859846 E0.346506
G1 X80.808155 Y150.206796 Z29.862274 E0.346485
G1 X80.136827 Y148.712245 Z29.864702 E0.346464
G1 X79.512813 Y147.197435 Z29.86713 E0.346442
G1 X78.936723 Y145.663867 Z29.869558 E0.346421
G1 X78.409121 Y144.113053 Z29.871985 E0.3464
G1 X77.93052 Y142.546529 Z29.874413 E0.346379
G1 X77.501388 Y140.96584 Z29.876841 E0.346358
G1 X77.122142 Y139.372549 Z29.879269 E0.346337
G1 X76.793149 Y137.768229 Z29.881697 E0.346316
G1 X76.514729 Y136.154466 Z29.884125 E0.346295
G1 X76.28715 Y134.532852 Z29.886552 E0.346273
G1 X76.11063 Y132.90499 Z29.88898 E0.346252
G1 X75.985337 Y131.272485 Z29.891408 E0.346231
G1 X75.91139 Y129.636951 Z29.893836 E0.34621
G1 X75.888853 Y128 Z29.896264 E0.346189
G1 X75.917744 Y126.363249 Z29.898692 E0.346168
G1 X75.998028 Y124.728313 Z29.901119 E0.346147
G1 X76.129619 Y123.096805 Z29.903547 E0.346126
G1 X76.312381 Y121.470335 Z29.905975 E0.346105
G1 X76.546127 Y119.850507 Z29.908403 E0.346083
G1 X76.830621 Y118.238919 Z29.910831 E0.346062
G1 X77.165575 Y116.63716 Z29.913259 E0.346041
G1 X77.550653 Y115.046809 Z29.915686 E0.34602
G1 X77.985469 Y113.469436 Z29.918114 E0.345999
G1 X78.469588 Y111.906594 Z29.920542 E0.345978
G1 X79.002525 Y110.359824 Z29.92297 E0.345957
G1 X79.58375 Y108.83065 Z29.925398 E0.345936
G1 X80.212681 Y107.320581 Z29.927826 E0.345914
G1 X80.888694 Y105.831102 Z29.930253 E0.345893
G1 X81.611115 Y104.363683 Z29.932681 E0.345872
G1 X82.379226 Y102.919767 Z29.935109 E0.345851
G1 X83.192262 Y101.500778 Z29.937537 E0.34583
G1 X84.049417 Y100.108112 Z29.939965 E0.345809
G1 X84.949838 Y98.74314 Z29.942392 E0.345788
G1 X85.892633 Y97.407207 Z29.94482 E0.345767
G1 X86.876865 Y96.101627 Z29.947248 E0.345746
G1 X87.901559 Y94.827684 Z29.949676 E0.345724
G1 X88.965697 Y93.586633 Z29.952104 E0.345703
G1 X90.068225 Y92.379693 Z29.954532 E0.345682
G1 X91.208051 Y91.208051 Z29.956959 E0.345661
G1 X92.384045 Y90.07286 Z29.959387 E0.34564
G1 X93.595042 Y88.975235 Z29.961815 E0.345619
G1 X94.839842 Y87.916255 Z29.964243 E0.345598
G1 X96.117214 Y86.89696 Z29.966671 E0.345577
G1 X97.425892 Y85.918351 Z29.969099 E0.345555
G1 X98.764582 Y84.981389 Z29.971526 E0.345534
G1 X100.131959 Y84.086994 Z29.973954 E0.345513
G1 X101.526669 Y83.236042 Z29.976382 E0.345492
G1 X102.947333 Y82.429369 Z29.97881 E0.345471
G1 X104.392547 Y81.667764 Z29.981238 E0.34545
G1 X105.86088 Y80.951975 Z29.983666 E0.345429
G1 X107.350881 Y80.282701 Z29.986093 E0.345408
G1 X108.861077 Y79.660598 Z29.988521 E0.345387
G1 X110.389975 Y79.086273 Z29.990949 E0.345365
G1 X111.936064 Y78.560288 Z29.993377 E0.345344
G1 X113.497816 Y78.083156 Z29.995805 E0.345323
G1 X115.073689 Y77.655342 Z29.998233 E0.345302
G1 X116.662125 Y77.277261 Z30.00066 E0.345281
G1 X118.261554 Y76.949281 Z30.003088 E0.34526
G1 X119.870399 Y76.671719 Z30.005516 E0.345239
G1 X121.487069 Y76.444843 Z30.007944 E0.345218
G1 X123.109969 Y76.268871 Z30.010372 E0.345196
G1 X124.737495 Y76.143971 Z30.0128 E0.345175
G1 X126.368042 Y76.070258 Z30.015227 E0.345154
G1 X128 Y76.0478 Z30.017655 E0.345133
G1 X129.631758 Y76.076613 Z30.020083 E0.345112
G1 X131.261706 Y76.156661 Z30.022511 E0.345091
G1 X132.888236 Y76.28786 Z30.024939 E0.34507
G1 X134.509743 Y76.470074 Z30.027366 E0.345049
G1 X136.124628 Y76.703117 Z30.029794 E0.345028
G1 X137.731297 Y76.986752 Z30.032222 E0.345006
G1 X139.328167 Y77.320694 Z30.03465 E0.344985
G1 X140.913662 Y77.704607 Z30.037078 E0.344964
G1 X142.48622 Y78.138105 Z30.039506 E0.344943
G1 X144.044289 Y78.620755 Z30.041933 E0.344922
G1 X145.586335 Y79.152075 Z30.044361 E0.344901
G1 X147.110837 Y79.731535 Z30.046789 E0.34488
G1 X148.616294 Y80.358556 Z30.049217 E0.344859
G1 X150.101221 Y81.032514 Z30.051645 E0.344837
G1 X151.564157 Y81.752738 Z30.054073 E0.344816
G1 X153.00366 Y82.518512 Z30.0565 E0.344795
G1 X154.418312 Y83.329074 Z30.058928 E0.344774
G1 X155.80672 Y84.18362 Z30.061356 E0.344753
G1 X157.167518 Y85.0813 Z30.063784 E0.344732
G1 X158.499366 Y86.021224 Z30.066212 E0.344711
G1 X159.800953 Y87.002458 Z30.06864 E0.34469
G1 X161.070999 Y88.024029 Z30.071067 E0.344669
G1 X162.308254 Y89.084925 Z30.073495 E0.344647
G1 X163.511501 Y90.184093 Z30.075923 E0.344626
G1 X164.679557 Y91.320443 Z30.078351 E0.344605
G1 X165.811273 Y92.492851 Z30.080779 E0.344584
G1 X166.905537 Y93.700155 Z30.083207 E0.344563
G1 X167.961274 Y94.941159 Z30.085634 E0.344542
G1 X168.977447 Y96.214634 Z30.088062 E0.344521
G1 X169.953058 Y97.519319 Z30.09049 E0.3445
G1 X170.887149 Y98.853924 Z30.092918 E0.344478
G1 X171.778803 Y100.217127 Z30.095346 E0.344457
G1 X172.627146 Y101.60758 Z30.097774 E0.344436
G1 X173.431345 Y103.023907 Z30.100201 E0.344415
G1 X174.190613 Y104.464707 Z30.102629 E0.344394
G1 X174.904206 Y105.928556 Z30.105057 E0.344373
G1 X175.571425 Y107.414006 Z30.107485 E0.344352
G1 X176.191617 Y108.919589 Z30.109913 E0.344331
G1 X176.764177 Y110.443816 Z30.11234 E0.34431
G1 X177.288544 Y111.985181 Z30.114768 E0.344288
G1 X177.764208 Y113.542161 Z30.117196 E0.344267
G1 X178.190705 Y115.113217 Z30.119624 E0.344246
G1 X178.56762 Y116.696798 Z30.122052 E0.344225
G1 X178.894588 Y118.291338 Z30.12448 E0.344204
G1 X179.171291 Y119.895264 Z30.126907 E0.344183
G1 X179.397463 Y121.50699 Z30.129335 E0.344162
G1 X179.572887 Y123.124927 Z30.131763 E0.344141
G1 X179.697396 Y124.747476 Z30.134191 E0.344119
G1 X179.770873 Y126.373035 Z30.136619 E0.344098
G1 X179.793253 Y128 Z30.139047 E0.344077
G1 X179.764519 Y129.626766 Z30.141474 E0.344056
G1 X179.684705 Y131.251726 Z30.143902 E0.344035
G1 X179.553898 Y132.873278 Z30.14633 E0.344014
G1 X179.372232 Y134.489822 Z30.148758 E0.343993
G1 X179.139893 Y136.099763 Z30.151186 E0.343972
G1 X178.857116 Y137.701514 Z30.153614 E0.343951
G1 X178.524187 Y139.293494 Z30.156041 E0.343929
G1 X178.14144 Y140.874134 Z30.158469 E0.343908
G1 X177.709259 Y142.441875 Z30.160897 E0.343887
G1 X177.228077 Y143.995172 Z30.163325 E0.343866
G1 X176.698375 Y145.532494 Z30.165753 E0.343845
G1 X176.12068 Y147.052325 Z30.168181 E0.343824
G1 X175.49557 Y148.553169 Z30.170608 E0.343803
G1 X174.823667 Y150.033545 Z30.173036 E0.343782
G1 X174.105639 Y151.491997 Z30.175464 E0.34376
G1 X173.342202 Y152.927086 Z30.177892 E0.343739
G1 X172.534113 Y154.337401 Z30.18032 E0.343718
G1 X171.682177 Y155.721552 Z30.182748 E0.343697
G1 X170.787238 Y157.078177 Z30.185175 E0.343676
G1 X169.850185 Y158.40594 Z30.187603 E0.343655
G1 X168.871949 Y159.703534 Z30.190031 E0.343634
G1 X167.8535 Y160.969683 Z30.192459 E0.343613
G1 X166.795847 Y162.20314 Z30.194887 E0.343592
G1 X165.70004 Y163.402694 Z30.197315 E0.34357
G1 X164.567164 Y164.567164 Z30.199742 E0.343549
G1 X163.398342 Y165.695405 Z30.20217 E0.343528
G1 X162.194731 Y166.786309 Z30.204598 E0.343507
G1 X160.957525 Y167.838804 Z30.207026 E0.343486
G1 X159.687947 Y168.851855 Z30.209454 E0.343465
G1 X158.387254 Y169.824467 Z30.211881 E0.343444
G1 X157.056735 Y170.755687 Z30.214309 E0.343423
G1 X155.697705 Y171.6446 Z30.216737 E0.343401
G1 X154.31151 Y172.490333 Z30.219165 E0.34338
G1 X152.89952 Y173.292059 Z30.221593 E0.343359
G1 X151.463132 Y174.04899 Z30.224021 E0.343338
G1 X150.003768 Y174.760386 Z30.226448 E0.343317
G1 X148.522868 Y175.42555 Z30.228876 E0.343296
G1 X147.021899 Y176.043832 Z30.231304 E0.343275
G1 X145.502343 Y176.614626 Z30.233732 E0.343254
G1 X143.965701 Y177.137377 Z30.23616 E0.343233
G1 X142.413494 Y177.611572 Z30.238588 E0.343211
G1 X140.847254 Y178.036752 Z30.241015 E0.34319
G1 X139.268529 Y178.412501 Z30.243443 E0.343169
G1 X137.678878 Y178.738456 Z30.245871 E0.343148
G1 X136.079872 Y179.014301 Z30.248299 E0.343127
G1 X134.473088 Y179.239769 Z30.250727 E0.343106
G1 X132.860115 Y179.414646 Z30.253155 E0.343085
G1 X131.242544 Y179.538763 Z30.255582 E0.343064
G1 X129.621973 Y179.612005 Z30.25801 E0.343042
G1 X128 Y179.634306 Z30.260438 E0.343021
G1 X126.378227 Y179.60565 Z30.262866 E0.343
G1 X124.758254 Y179.526072 Z30.265294 E0.342979
G1 X123.14168 Y179.395657 Z30.267722 E0.342958
G1 X121.530099 Y179.214539 Z30.270149 E0.342937
G1 X119.925101 Y178.982903 Z30.272577 E0.342916
G1 X118.32827 Y178.700985 Z30.275005 E0.342895
G1 X116.741179 Y178.369068 Z30.277433 E0.342874
G1 X115.165395 Y177.987487 Z30.279861 E0.342852
G1 X113.60247 Y177.556624 Z30.282289 E0.342831
G1 X112.053945 Y177.07691 Z30.284716 E0.34281
G1 X110.521348 Y176.548824 Z30.287144 E0.342789
G1 X109.006187 Y175.972895 Z30.289572 E0.342768
G1 X107.509957 Y175.349696 Z30.292 E0.342747
G1 X106.034131 Y174.679847 Z30.294428 E0.342726
G1 X104.580164 Y173.964017 Z30.296855 E0.342705
G1 X103.149487 Y173.202916 Z30.299283 E0.342683
G1 X101.743509 Y172.397301 Z30.301711 E0.342662
G1 X100.363616 Y171.547973 Z30.304139 E0.342641
G1 X99.011165 Y170.655776 Z30.306567 E0.34262
G1 X97.687487 Y169.721595 Z30.308995 E0.342599
G1 X96.393886 Y168.746357 Z30.311422 E0.342578
G1 X95.131634 Y167.731029 Z30.31385 E0.342557
G1 X93.901973 Y166.67662 Z30.316278 E0.342536
G1 X92.706112 Y165.584173 Z30.318706 E0.342515
G1 X91.545228 Y164.454772 Z30.321134 E0.342493
G1 X90.420462 Y163.289535 Z30.323562 E0.342472
G1 X89.332919 Y162.089618 Z30.325989 E0.342451
G1 X88.283667 Y160.856208 Z30.328417 E0.34243
G1 X87.273738 Y159.590527 Z30.330845 E0.342409
G1 X86.304123 Y158.293828 Z30.333273 E0.342388
G1 X85.375775 Y156.967393 Z30.335701 E0.342367
G1 X84.489604 Y155.612537 Z30.338129 E0.342346
G1 X83.646479 Y154.230599 Z30.340556 E0.342324
G1 X82.847227 Y152.822947 Z30.342984 E0.342303
G1 X82.092632 Y151.390972 Z30.345412 E0.342282
G1 X81.383433 Y149.936091 Z30.34784 E0.342261
G1 X80.720324 Y148.459743 Z30.350268 E0.34224
G1 X80.103953 Y146.963386 Z30.352696 E0.342219
G1 X79.534924 Y145.448501 Z30.355123 E0.342198
G1 X79.013791 Y143.916584 Z30.357551 E0.342177
G1 X78.541063 Y142.369149 Z30.359979 E0.342156
G1 X78.117202 Y140.807726 Z30.362407 E0.342134
G1 X77.742618 Y139.233856 Z30.364835 E0.342113
G1 X77.417675 Y137.649094 Z30.367263 E0.342092
G1 X77.142689 Y136.055007 Z30.36969 E0.342071
G1 X76.917924 Y134.453167 Z30.372118 E0.34205
G1 X76.743596 Y132.845157 Z30.374546 E0.342029
G1 X76.619871 Y131.232564 Z30.376974 E0.342008
G1 X76.546864 Y129.61698 Z30.379402 E0.341987
G1 X76.524641 Y128 Z30.381829 E0.341965
G1 X76.553218 Y126.38322 Z30.384257 E0.341944
G1 X76.632561 Y124.768235 Z30.386685 E0.341923
G1 X76.762585 Y123.156638 Z30.389113 E0.341902
G1 X76.943155 Y121.550021 Z30.391541 E0.341881
G1 X77.174087 Y119.949966 Z30.393969 E0.34186
G1 X77.455147 Y118.358054 Z30.396396 E0.341839
G1 X77.786051 Y116.775853 Z30.398824 E0.341818
G1 X78.166467 Y115.204923 Z30.401252 E0.341797
G1 X78.596012 Y113.646815 Z30.40368 E0.341775
G1 X79.074258 Y112.103063 Z30.406108 E0.341754
G1 X79.600726 Y110.575189 Z30.408536 E0.341733
G1 X80.17489 Y109.064699 Z30.410963 E0.341712
G1 X80.796178 Y107.573082 Z30.413391 E0.341691
G1 X81.463972 Y106.101807 Z30.415819 E0.34167
G1 X82.177606 Y104.652324 Z30.418247 E0.341649
G1 X82.936371 Y103.22606 Z30.420675 E0.341628
G1 X83.739511 Y101.82442 Z30.423103 E0.341606
G1 X84.58623 Y100.448784 Z30.42553 E0.341585
G1 X85.475686 Y99.100506 Z30.427958 E0.341564
G1 X86.406996 Y97.780914 Z30.430386 E0.341543
G1 X87.379236 Y96.491306 Z30.432814 E0.341522
G1 X88.391441 Y95.232951 Z30.435242 E0.341501
G1 X89.442608 Y94.007087 Z30.43767 E0.34148
G1 X90.531694 Y92.814919 Z30.440097 E0.341459
G1 X91.657621 Y91.657621 Z30.442525 E0.341437
G1 X92.819271 Y90.536329 Z30.444953 E0.341416
G1 X94.015496 Y89.452146 Z30.447381 E0.341395
G1 X95.245109 Y88.406138 Z30.449809 E0.341374
G1 X96.506893 Y87.399331 Z30.452237 E0.341353
G1 X97.799599 Y86.432714 Z30.454664 E0.341332
G1 X99.121948 Y85.507237 Z30.457092 E0.341311
G1 X100.472631 Y84.623807 Z30.45952 E0.34129
G1 X101.850311 Y83.783291 Z30.461948 E0.341269
G1 X103.253626 Y82.986514 Z30.464376 E0.341247
G1 X104.681188 Y82.234255 Z30.466803 E0.341226
G1 X106.131585 Y81.527253 Z30.469231 E0.341205
G1 X107.603383 Y80.866198 Z30.471659 E0.341184
G1 X109.095126 Y80.251738 Z30.474087 E0.341163
G1 X110.60534 Y79.684474 Z30.476515 E0.341142
G1 X112.132533 Y79.164958 Z30.478943 E0.341121
G1 X113.675195 Y78.693699 Z30.48137 E0.3411
G1 X115.231803 Y78.271155 Z30.483798 E0.341078
G1 X116.800817 Y77.897737 Z30.486226 E0.341057
G1 X118.380689 Y77.573807 Z30.488654 E0.341036
G1 X119.969858 Y77.299679 Z30.491082 E0.341015
G1 X121.566754 Y77.075618 Z30.49351 E0.340994
G1 X123.169802 Y76.901837 Z30.495937 E0.340973
G1 X124.777417 Y76.778504 Z30.498365 E0.340952
G1 X126.388013 Y76.705732 Z30.500793 E0.340931
G1 X128 Y76.683588 Z30.503221 E0.34091
G1 X129.611788 Y76.712087 Z30.505649 E0.340888
G1 X131.221785 Y76.791194 Z30.508077 E0.340867
G1 X132.828403 Y76.920826 Z30.510504 E0.340846
G1 X134.430058 Y77.100849 Z30.512932 E0.340825
G1 X136.025169 Y77.331077 Z30.51536 E0.340804
G1 X137.612163 Y77.611278 Z30.517788 E0.340783
G1 X139.189474 Y77.94117 Z30.520216 E0.340762
G1 X140.755548 Y78.32042 Z30.522644 E0.340741
G1 X142.308841 Y78.748648 Z30.525071 E0.340719
G1 X143.84782 Y79.225425 Z30.527499 E0.340698
G1 X145.37097 Y79.750276 Z30.529927 E0.340677
G1 X146.876788 Y80.322675 Z30.532355 E0.340656
G1 X148.363792 Y80.942053 Z30.534783 E0.340635
G1 X149.830516 Y81.607792 Z30.537211 E0.340614
G1 X151.275515 Y82.319229 Z30.539638 E0.340593
G1 X152.697367 Y83.075657 Z30.542066 E0.340572
G1 X154.094669 Y83.876324 Z30.544494 E0.340551
G1 X155.466048 Y84.720433 Z30.546922 E0.340529
G1 X156.810153 Y85.607148 Z30.54935 E0.340508
G1 X158.12566 Y86.535587 Z30.551777 E0.340487
G1 X159.411275 Y87.504829 Z30.554205 E0.340466
G1 X160.665733 Y88.513912 Z30.556633 E0.340445
G1 X161.8878 Y89.561836 Z30.559061 E0.340424
G1 X163.076274 Y90.647562 Z30.561489 E0.340403
G1 X164.229987 Y91.770013 Z30.563917 E0.340382
G1 X165.347804 Y92.928078 Z30.566344 E0.34036
G1 X166.428626 Y94.120609 Z30.568772 E0.340339
G1 X167.471392 Y95.346425 Z30.5712 E0.340318
G1 X168.475076 Y96.604312 Z30.573628 E0.340297
G1 X169.438695 Y97.893026 Z30.576056 E0.340276
G1 X170.361301 Y99.211289 Z30.578484 E0.340255
G1 X171.24199 Y100.557799 Z30.580911 E0.340234
G1 X172.079896 Y101.931222 Z30.583339 E0.340213
G1 X172.8742 Y103.3302 Z30.585767 E0.340192
G1 X173.624122 Y104.753349 Z30.588195 E0.34017
G1 X174.328928 Y106.199261 Z30.590623 E0.340149
G1 X174.987928 Y107.666508 Z30.593051 E0.340128
G1 X175.600477 Y109.153638 Z30.595478 E0.340107
G1 X176.165976 Y110.659182 Z30.597906 E0.340086
G1 X176.683874 Y112.18165 Z30.600334 E0.340065
G1 X177.153665 Y113.71954 Z30.602762 E0.340044
G1 X177.574892 Y115.271331 Z30.60519 E0.340023
G1 X177.947144 Y116.83549 Z30.607618 E0.340001
G1 X178.270062 Y118.410473 Z30.610045 E0.33998
G1 X178.543331 Y119.994723 Z30.612473 E0.339959
G1 X178.766689 Y121.586676 Z30.614901 E0.339938
G1 X178.939921 Y123.18476 Z30.617329 E0.339917
G1 X179.062863 Y124.787397 Z30.619757 E0.339896
G1 X179.135399 Y126.393005 Z30.622185 E0.339875
G1 X179.157465 Y128 Z30.624612 E0.339854
G1 X179.129045 Y129.606795 Z30.62704 E0.339833
G1 X179.050172 Y131.211805 Z30.629468 E0.339811
G1 X178.920932 Y132.813445 Z30.631896 E0.33979
G1 X178.741458 Y134.410137 Z30.634324 E0.339769
G1 X178.511933 Y136.000304 Z30.636751 E0.339748
G1 X178.23259 Y137.582379 Z30.639179 E0.339727
G1 X177.903711 Y139.154801 Z30.641607 E0.339706
G1 X177.525627 Y140.71602 Z30.644035 E0.339685
G1 X177.098716 Y142.264496 Z30.646463 E0.339664
G1 X176.623407 Y143.798703 Z30.648891 E0.339642
G1 X176.100174 Y145.317128 Z30.651318 E0.339621
G1 X175.52954 Y146.818276 Z30.653746 E0.3396
G1 X174.912073 Y148.300667 Z30.656174 E0.339579
G1 X174.248389 Y149.76284 Z30.658602 E0.339558
G1 X173.539148 Y151.203355 Z30.66103 E0.339537
G1 X172.785057 Y152.620793 Z30.663458 E0.339516
G1 X171.986864 Y154.013759 Z30.665885 E0.339495
G1 X171.145363 Y155.38088 Z30.668313 E0.339474
G1 X170.26139 Y156.720811 Z30.670741 E0.339452
G1 X169.335822 Y158.032233 Z30.673169 E0.339431
G1 X168.369579 Y159.313855 Z30.675597 E0.33941
G1 X167.363617 Y160.564416 Z30.678025 E0.339389
G1 X166.318936 Y161.782687 Z30.680452 E0.339368
G1 X165.236571 Y162.967468 Z30.68288 E0.339347
G1 X164.117594 Y164.117594 Z30.685308 E0.339326
G1 X162.963115 Y165.231936 Z30.687736 E0.339305
G1 X161.774277 Y166.309398 Z30.690164 E0.339283
G1 X160.552258 Y167.348921 Z30.692592 E0.339262
G1 X159.298268 Y168.349484 Z30.695019 E0.339241
G1 X158.013548 Y169.310104 Z30.697447 E0.33922
G1 X156.699369 Y170.229839 Z30.699875 E0.339199
G1 X155.357033 Y171.107786 Z30.702303 E0.339178
G1 X153.987868 Y171.943084 Z30.704731 E0.339157
G1 X152.593227 Y172.734914 Z30.707159 E0.339136
G1 X151.174491 Y173.482499 Z30.709586 E0.339115
G1 X149.733062 Y174.185108 Z30.712014 E0.339093
G1 X148.270367 Y174.842053 Z30.714442 E0.339072
G1 X146.78785 Y175.452692 Z30.71687 E0.339051
G1 X145.286977 Y176.016426 Z30.719298 E0.33903
G1 X143.769232 Y176.532707 Z30.721725 E0.339009
G1 X142.236115 Y177.00103 Z30.724153 E0.338988
G1 X140.68914 Y177.420939 Z30.726581 E0.338967
G1 X139.129836 Y177.792026 Z30.729009 E0.338946
G1 X137.559743 Y178.11393 Z30.731437 E0.338924
G1 X135.980412 Y178.386341 Z30.733865 E0.338903
G1 X134.393403 Y178.608995 Z30.736292 E0.338882
G1 X132.800282 Y178.78168 Z30.73872 E0.338861
G1 X131.202623 Y178.90423 Z30.741148 E0.33884
G1 X129.602002 Y178.976531 Z30.743576 E0.338819
G1 X128 Y178.998518 Z30.746004 E0.338798
G1 X126.398198 Y178.970176 Z30.748432 E0.338777
G1 X124.798176 Y178.891539 Z30.750859 E0.338756
G1 X123.201513 Y178.762691 Z30.753287 E0.338734
G1 X121.609785 Y178.583764 Z30.755715 E0.338713
G1 X120.024561 Y178.354943 Z30.758143 E0.338692
G1 X118.447405 Y178.076459 Z30.760571 E0.338671
G1 X116.879872 Y177.748592 Z30.762999 E0.33865
G1 X115.323509 Y177.371674 Z30.765426 E0.338629
G1 X113.779849 Y176.946081 Z30.767854 E0.338608
G1 X112.250415 Y176.47224 Z30.770282 E0.338587
G1 X110.736713 Y175.950624 Z30.77271 E0.338565
G1 X109.240236 Y175.381755 Z30.775138 E0.338544
G1 X107.762459 Y174.766199 Z30.777566 E0.338523
G1 X106.304836 Y174.10457 Z30.779993 E0.338502
G1 X104.868805 Y173.397526 Z30.782421 E0.338481
G1 X103.45578 Y172.645771 Z30.784849 E0.33846
G1 X102.067152 Y171.850052 Z30.787277 E0.338439
G1 X100.704288 Y171.01116 Z30.789705 E0.338418
G1 X99.36853 Y170.129928 Z30.792133 E0.338397
G1 X98.061194 Y169.207232 Z30.79456 E0.338375
G1 X96.783565 Y168.243986 Z30.796988 E0.338354
G1 X95.5369 Y167.241147 Z30.799416 E0.338333
G1 X94.322427 Y166.199708 Z30.801844 E0.338312
G1 X93.141339 Y165.120704 Z30.804272 E0.338291
G1 X91.994798 Y164.005202 Z30.806699 E0.33827
G1 X90.883931 Y162.854309 Z30.809127 E0.338249
G1 X89.80983 Y161.669164 Z30.811555 E0.338228
G1 X88.77355 Y160.450942 Z30.813983 E0.338206
G1 X87.776109 Y159.200848 Z30.816411 E0.338185
G1 X86.818486 Y157.920121 Z30.818839 E0.338164
G1 X85.901623 Y156.610028 Z30.821266 E0.338143
G1 X85.026417 Y155.271865 Z30.823694 E0.338122
G1 X84.193728 Y153.906957 Z30.826122 E0.338101
G1 X83.404372 Y152.516654 Z30.82855 E0.33808
G1 X82.659123 Y151.102331 Z30.830978 E0.338059
G1 X81.958711 Y149.665386 Z30.833406 E0.338038
G1 X81.303821 Y148.207241 Z30.835833 E0.338016
G1 X80.695094 Y146.729337 Z30.838261 E0.337995
G1 X80.133124 Y145.233136 Z30.840689 E0.337974
G1 X79.618461 Y143.720115 Z30.843117 E0.337953
G1 X79.151606 Y142.19177 Z30.845545 E0.337932
G1 X78.733015 Y140.649612 Z30.847973 E0.337911
G1 X78.363093 Y139.095163 Z30.8504 E0.33789
G1 X78.042201 Y137.52996 Z30.852828 E0.337869
G1 X77.770649 Y135.955548 Z30.855256 E0.337847
G1 X77.548698 Y134.373482 Z30.857684 E0.337826
G1 X77.376562 Y132.785324 Z30.860112 E0.337805
G1 X77.254404 Y131.192642 Z30.86254 E0.337784
G1 X77.182337 Y129.597009 Z30.864967 E0.337763
G1 X77.160429 Y128 Z30.867395 E0.337742
G1 X77.188692 Y126.40319 Z30.869823 E0.337721
G1 X77.267094 Y124.808156 Z30.872251 E0.3377
G1 X77.395551 Y123.216471 Z30.874679 E0.337679
G1 X77.573929 Y121.629706 Z30.877107 E0.337657
G1 X77.802047 Y120.049425 Z30.879534 E0.337636
G1 X78.079673 Y118.477188 Z30.881962 E0.337615
G1 X78.406527 Y116.914545 Z30.88439 E0.337594
G1 X78.78228 Y115.363037 Z30.886818 E0.337573
G1 X79.206555 Y113.824194 Z30.889246 E0.337552
G1 X79.678928 Y112.299532 Z30.891674 E0.337531
G1 X80.198926 Y110.790554 Z30.894101 E0.33751
G1 X80.76603 Y109.298748 Z30.896529 E0.337488
G1 X81.379675 Y107.825584 Z30.898957 E0.337467
G1 X82.03925 Y106.372513 Z30.901385 E0.337446
G1 X82.744097 Y104.940966 Z30.903813 E0.337425
G1 X83.493516 Y103.532353 Z30.90624 E0.337404
G1 X84.28676 Y102.148062 Z30.908668 E0.337383
G1 X85.123043 Y100.789456 Z30.911096 E0.337362
G1 X86.001534 Y99.457872 Z30.913524 E0.337341
G1 X86.921359 Y98.15462 Z30.915952 E0.33732
G1 X87.881607 Y96.880984 Z30.91838 E0.337298
G1 X88.881324 Y95.638217 Z30.920807 E0.337277
G1 X89.91952 Y94.42754 Z30.923235 E0.337256
G1 X90.995164 Y93.250146 Z30.925663 E0.337235
G1 X92.107191 Y92.107191 Z30.928091 E0.337214
G1 X93.254498 Y90.999798 Z30.930519 E0.337193
G1 X94.435949 Y89.929058 Z30.932947 E0.337172
G1 X95.650375 Y88.896021 Z30.935374 E0.337151
G1 X96.896572 Y87.901702 Z30.937802 E0.337129
G1 X98.173306 Y86.947077 Z30.94023 E0.337108
G1 X99.479314 Y86.033084 Z30.942658 E0.337087
G1 X100.813303 Y85.16062 Z30.945086 E0.337066
G1 X102.173954 Y84.33054 Z30.947514 E0.337045
G1 X103.55992 Y83.543659 Z30.949941 E0.337024
G1 X104.96983 Y82.800746 Z30.952369 E0.337003
G1 X106.40229 Y82.10253 Z30.954797 E0.336982
G1 X107.855884 Y81.449695 Z30.957225 E0.336961
G1 X109.329175 Y80.842879 Z30.959653 E0.336939
G1 X110.820706 Y80.282674 Z30.962081 E0.336918
G1 X112.329002 Y79.769628 Z30.964508 E0.336897
G1 X113.852574 Y79.304242 Z30.966936 E0.336876
G1 X115.389917 Y78.886968 Z30.969364 E0.336855
G1 X116.93951 Y78.518212 Z30.971792 E0.336834
G1 X118.499824 Y78.198333 Z30.97422 E0.336813
G1 X120.069317 Y77.927639 Z30.976648 E0.336792
G1 X121.64644 Y77.706392 Z30.979075 E0.33677
G1 X123.229634 Y77.534803 Z30.981503 E0.336749
G1 X124.817338 Y77.413037 Z30.983931 E0.336728
G1 X126.407983 Y77.341206 Z30.986359 E0.336707
G1 X128 Y77.319376 Z30.988787 E0.336686
G1 X129.591817 Y77.347561 Z30.991214 E0.336665
G1 X131.181864 Y77.425727 Z30.993642 E0.336644
G1 X132.768571 Y77.553792 Z30.99607 E0.336623
G1 X134.350373 Y77.731623 Z30.998498 E0.336602
G1 X135.92571 Y77.959037 Z31.000926 E0.33658
G1 X137.493028 Y78.235804 Z31.003354 E0.336559
G1 X139.050781 Y78.561646 Z31.005781 E0.336538
G1 X140.597434 Y78.936233 Z31.008209 E0.336517
G1 X142.131461 Y79.359191 Z31.010637 E0.336496
G1 X143.651351 Y79.830095 Z31.013065 E0.336475
G1 X145.155604 Y80.348476 Z31.015493 E0.336454
G1 X146.642739 Y80.913815 Z31.017921 E0.336433
G1 X148.11129 Y81.52555 Z31.020348 E0.336411
G1 X149.559811 Y82.183069 Z31.022776 E0.33639
G1 X150.986874 Y82.88572 Z31.025204 E0.336369
G1 X152.391074 Y83.632802 Z31.027632 E0.336348
G1 X153.771027 Y84.423573 Z31.03006 E0.336327
G1 X155.125376 Y85.257247 Z31.032488 E0.336306
G1 X156.452787 Y86.132996 Z31.034915 E0.336285
G1 X157.751953 Y87.04995 Z31.037343 E0.336264
G1 X159.021596 Y88.007199 Z31.039771 E0.336243
G1 X160.260467 Y89.003795 Z31.042199 E0.336221
G1 X161.467346 Y90.038747 Z31.044627 E0.3362
G1 X162.641048 Y91.111031 Z31.047055 E0.336179
G1 X163.780417 Y92.219583 Z31.049482 E0.336158
G1 X164.884334 Y93.363305 Z31.05191 E0.336137
G1 X165.951714 Y94.541063 Z31.054338 E0.336116
G1 X166.981509 Y95.751691 Z31.056766 E0.336095
G1 X167.972706 Y96.993991 Z31.059194 E0.336074
G1 X168.924332 Y98.266732 Z31.061622 E0.336052
G1 X169.835454 Y99.568655 Z31.064049 E0.336031
G1 X170.705176 Y100.898471 Z31.066477 E0.33601
G1 X171.532647 Y102.254864 Z31.068905 E0.335989
G1 X172.317055 Y103.636493 Z31.071333 E0.335968
G1 X173.057631 Y105.04199 Z31.073761 E0.335947
G1 X173.75365 Y106.469967 Z31.076188 E0.335926
G1 X174.404431 Y107.91901 Z31.078616 E0.335905
G1 X175.009336 Y109.387687 Z31.081044 E0.335884
G1 X175.567776 Y110.874547 Z31.083472 E0.335862
G1 X176.079204 Y112.37812 Z31.0859 E0.335841
G1 X176.543122 Y113.896919 Z31.088328 E0.33582
G1 X176.959079 Y115.429445 Z31.090755 E0.335799
G1 X177.326669 Y116.974183 Z31.093183 E0.335778
G1 X177.645536 Y118.529608 Z31.095611 E0.335757
G1 X177.915371 Y120.094182 Z31.098039 E0.335736
G1 X178.135915 Y121.666361 Z31.100467 E0.335715
G1 X178.306955 Y123.244593 Z31.102895 E0.335693
G1 X178.42833 Y124.827318 Z31.105322 E0.335672
G1 X178.499926 Y126.412976 Z31.10775 E0.335651
G1 X178.521678 Y128 Z31.110178 E0.33563
G1 X178.493571 Y129.586824 Z31.112606 E0.335609
G1 X178.415639 Y131.171883 Z31.115034 E0.335588
G1 X178.287966 Y132.753612 Z31.117462 E0.335567
G1 X178.110684 Y134.330452 Z31.119889 E0.335546
G1 X177.883973 Y135.900845 Z31.122317 E0.335525
G1 X177.608064 Y137.463244 Z31.124745 E0.335503
G1 X177.283235 Y139.016108 Z31.127173 E0.335482
G1 X176.909814 Y140.557906 Z31.129601 E0.335461
G1 X176.488174 Y142.087117 Z31.132029 E0.33544
G1 X176.018737 Y143.602233 Z31.134456 E0.335419
G1 X175.501974 Y145.101763 Z31.136884 E0.335398
G1 X174.938399 Y146.584227 Z31.139312 E0.335377
G1 X174.328576 Y148.048165 Z31.14174 E0.335356
G1 X173.673111 Y149.492135 Z31.144168 E0.335334
G1 X172.972658 Y150.914714 Z31.146596 E0.335313
G1 X172.227912 Y152.3145 Z31.149023 E0.335292
G1 X171.439615 Y153.690117 Z31.151451 E0.335271
G1 X170.60855 Y155.040208 Z31.153879 E0.33525
G1 X169.735543 Y156.363445 Z31.156307 E0.335229
G1 X168.821459 Y157.658526 Z31.158735 E0.335208
G1 X167.867208 Y158.924176 Z31.161162 E0.335187
G1 X166.873735 Y160.15915 Z31.16359 E0.335166
G1 X165.842025 Y161.362233 Z31.166018 E0.335144
G1 X164.773102 Y162.532241 Z31.168446 E0.335123
G1 X163.668025 Y163.668025 Z31.170874 E0.335102
G1 X162.527889 Y164.768467 Z31.173302 E0.335081
G1 X161.353824 Y165.832487 Z31.175729 E0.33506
G1 X160.146992 Y166.859038 Z31.178157 E0.335039
G1 X158.908589 Y167.847113 Z31.180585 E0.335018
G1 X157.639841 Y168.795741 Z31.183013 E0.334997
G1 X156.342004 Y169.703992 Z31.185441 E0.334975
G1 X155.016361 Y170.570973 Z31.187869 E0.334954
G1 X153.664225 Y171.395835 Z31.190296 E0.334933
G1 X152.286934 Y172.177769 Z31.192724 E0.334912
G1 X150.885849 Y172.916008 Z31.195152 E0.334891
G1 X149.462357 Y173.609831 Z31.19758 E0.33487
G1 X148.017865 Y174.258556 Z31.200008 E0.334849
G1 X146.553801 Y174.861551 Z31.202436 E0.334828
G1 X145.071612 Y175.418226 Z31.204863 E0.334807
G1 X143.572763 Y175.928037 Z31.207291 E0.334785
G1 X142.058736 Y176.390487 Z31.209719 E0.334764
G1 X140.531026 Y176.805125 Z31.212147 E0.334743
G1 X138.991144 Y177.17155 Z31.214575 E0.334722
G1 X137.440609 Y177.489404 Z31.217003 E0.334701
G1 X135.880953 Y177.758381 Z31.21943 E0.33468
G1 X134.313718 Y177.978221 Z31.221858 E0.334659
G1 X132.740449 Y178.148714 Z31.224286 E0.334638
G1 X131.162701 Y178.269697 Z31.226714 E0.334616
G1 X129.582031 Y178.341057 Z31.229142 E0.334595
G1 X128 Y178.362731 Z31.23157 E0.334574
G1 X126.418168 Y178.334702 Z31.233997 E0.334553
G1 X124.838097 Y178.257006 Z31.236425 E0.334532
G1 X123.261346 Y178.129725 Z31.238853 E0.334511
G1 X121.68947 Y177.95299 Z31.241281 E0.33449
G1 X120.12402 Y177.726983 Z31.243709 E0.334469
G1 X118.566539 Y177.451932 Z31.246136 E0.334448
G1 X117.018565 Y177.128116 Z31.248564 E0.334426
G1 X115.481623 Y176.75586 Z31.250992 E0.334405
G1 X113.957228 Y176.335538 Z31.25342 E0.334384
G1 X112.446884 Y175.86757 Z31.255848 E0.334363
G1 X110.952078 Y175.352424 Z31.258276 E0.334342
G1 X109.474285 Y174.790614 Z31.260703 E0.334321
G1 X108.01496 Y174.182702 Z31.263131 E0.3343
G1 X106.575542 Y173.529292 Z31.265559 E0.334279
G1 X105.157447 Y172.831035 Z31.267987 E0.334257
G1 X103.762073 Y172.088626 Z31.270415 E0.334236
G1 X102.390794 Y171.302803 Z31.272843 E0.334215
G1 X101.04496 Y170.474347 Z31.27527 E0.334194
G1 X99.725896 Y169.604081 Z31.277698 E0.334173
G1 X98.4349 Y168.692869 Z31.280126 E0.334152
G1 X97.173243 Y167.741615 Z31.282554 E0.334131
G1 X95.942167 Y166.751264 Z31.284982 E0.33411
G1 X94.742881 Y165.722797 Z31.28741 E0.334089
G1 X93.576566 Y164.657234 Z31.289837 E0.334067
G1 X92.444368 Y163.555632 Z31.292265 E0.334046
G1 X91.3474 Y162.419082 Z31.294693 E0.334025
G1 X90.286741 Y161.24871 Z31.297121 E0.334004
G1 X89.263433 Y160.045675 Z31.299549 E0.333983
G1 X88.27848 Y158.811169 Z31.301977 E0.333962
G1 X87.332849 Y157.546414 Z31.304404 E0.333941
G1 X86.42747 Y156.252662 Z31.306832 E0.33392
G1 X85.56323 Y154.931193 Z31.30926 E0.333898
G1 X84.740977 Y153.583315 Z31.311688 E0.333877
G1 X83.961517 Y152.210361 Z31.314116 E0.333856
G1 X83.225614 Y150.813689 Z31.316544 E0.333835
G1 X82.533989 Y149.394681 Z31.318971 E0.333814
G1 X81.887318 Y147.954739 Z31.321399 E0.333793
G1 X81.286234 Y146.495288 Z31.323827 E0.333772
G1 X80.731324 Y145.01777 Z31.326255 E0.333751
G1 X80.223131 Y143.523646 Z31.328683 E0.333729
G1 X79.762149 Y142.014391 Z31.33111 E0.333708
G1 X79.348828 Y140.491498 Z31.333538 E0.333687
G1 X78.983569 Y138.95647 Z31.335966 E0.333666
G1 X78.666727 Y137.410825 Z31.338394 E0.333645
G1 X78.398609 Y135.856089 Z31.340822 E0.333624
G1 X78.179473 Y134.293796 Z31.34325 E0.333603
G1 X78.009528 Y132.725491 Z31.345677 E0.333582
G1 X77.888937 Y131.152721 Z31.348105 E0.333561
G1 X77.817811 Y129.577039 Z31.350533 E0.333539
G1 X77.796216 Y128 Z31.352961 E0.333518
G1 X77.824166 Y126.423161 Z31.355389 E0.333497
G1 X77.901627 Y124.848078 Z31.357817 E0.333476
G1 X78.028517 Y123.276304 Z31.360244 E0.333455
G1 X78.204704 Y121.709391 Z31.362672 E0.333434
G1 X78.430007 Y120.148884 Z31.3651 E0.333413
G1 X78.704199 Y118.596323 Z31.367528 E0.333392
G1 X79.027003 Y117.053238 Z31.369956 E0.33337
G1 X79.398093 Y115.521151 Z31.372384 E0.333349
G1 X79.817098 Y114.001573 Z31.374811 E0.333328
G1 X80.283598 Y112.496001 Z31.377239 E0.333307
G1 X80.797126 Y111.00592 Z31.379667 E0.333286
G1 X81.357171 Y109.532798 Z31.382095 E0.333265
G1 X81.963173 Y108.078086 Z31.384523 E0.333244
G1 X82.614528 Y106.643218 Z31.386951 E0.333223
G1 X83.310588 Y105.229607 Z31.389378 E0.333202
G1 X84.050661 Y103.838646 Z31.391806 E0.33318
G1 X84.83401 Y102.471704 Z31.394234 E0.333159
G1 X85.659857 Y101.130128 Z31.396662 E0.333138
G1 X86.527381 Y99.815237 Z31.39909 E0.333117
G1 X87.435722 Y98.528327 Z31.401518 E0.333096
G1 X88.383978 Y97.270663 Z31.403945 E0.333075
G1 X89.371207 Y96.043483 Z31.406373 E0.333054
G1 X90.396431 Y94.847994 Z31.408801 E0.333033
G1 X91.458633 Y93.685372 Z31.411229 E0.333011
G1 X92.55676 Y92.55676 Z31.413657 E0.33299
G1 X93.689725 Y91.463268 Z31.416084 E0.332969
G1 X94.856403 Y90.405969 Z31.418512 E0.332948
G1 X96.055641 Y89.385903 Z31.42094 E0.332927
G1 X97.28625 Y88.404072 Z31.423368 E0.332906
G1 X98.547012 Y87.46144 Z31.425796 E0.332885
G1 X99.836679 Y86.558932 Z31.428224 E0.332864
G1 X101.153975 Y85.697434 Z31.430651 E0.332843
G1 X102.497596 Y84.87779 Z31.433079 E0.332821
G1 X103.866213 Y84.100804 Z31.435507 E0.3328
G1 X105.258471 Y83.367237 Z31.437935 E0.332779
G1 X106.672995 Y82.677808 Z31.440363 E0.332758
G1 X108.108386 Y82.033192 Z31.442791 E0.332737
G1 X109.563224 Y81.434019 Z31.445218 E0.332716
G1 X111.036071 Y80.880874 Z31.447646 E0.332695
G1 X112.525471 Y80.374298 Z31.450074 E0.332674
G1 X114.029954 Y79.914785 Z31.452502 E0.332652
G1 X115.548031 Y79.502781 Z31.45493 E0.332631
G1 X117.078203 Y79.138688 Z31.457358 E0.33261
G1 X118.618959 Y78.822859 Z31.459785 E0.332589
G1 X120.168776 Y78.555599 Z31.462213 E0.332568
G1 X121.726125 Y78.337166 Z31.464641 E0.332547
G1 X123.289467 Y78.167769 Z31.467069 E0.332526
G1 X124.857259 Y78.04757 Z31.469497 E0.332505
G1 X126.427954 Y77.97668 Z31.471925 E0.332484
G1 X128 Y77.955163 Z31.474352 E0.332462
G1 X129.571846 Y77.983035 Z31.47678 E0.332441
G1 X131.141942 Y78.060261 Z31.479208 E0.33242
G1 X132.708738 Y78.186758 Z31.481636 E0.332399
G1 X134.270688 Y78.362397 Z31.484064 E0.332378
G1 X135.826251 Y78.586997 Z31.486492 E0.332357
G1 X137.373893 Y78.860331 Z31.488919 E0.332336
G1 X138.912089 Y79.182122 Z31.491347 E0.332315
G1 X140.43932 Y79.552046 Z31.493775 E0.332293
G1 X141.954082 Y79.969734 Z31.496203 E0.332272
G1 X143.454882 Y80.434765 Z31.498631 E0.332251
G1 X144.940239 Y80.946676 Z31.501059 E0.33223
G1 X146.40869 Y81.504956 Z31.503486 E0.332209
G1 X147.858789 Y82.109047 Z31.505914 E0.332188
G1 X149.289106 Y82.758347 Z31.508342 E0.332167
G1 X150.698232 Y83.452211 Z31.51077 E0.332146
G1 X152.084781 Y84.189947 Z31.513198 E0.332125
G1 X153.447385 Y84.970822 Z31.515625 E0.332103
G1 X154.784704 Y85.79406 Z31.518053 E0.332082
G1 X156.095421 Y86.658843 Z31.520481 E0.332061
G1 X157.378246 Y87.564313 Z31.522909 E0.33204
G1 X158.631917 Y88.50957 Z31.525337 E0.332019
G1 X159.8552 Y89.493678 Z31.527765 E0.331998
G1 X161.046892 Y90.515659 Z31.530192 E0.331977
G1 X162.205821 Y91.5745 Z31.53262 E0.331956
G1 X163.330847 Y92.669153 Z31.535048 E0.331934
G1 X164.420865 Y93.798531 Z31.537476 E0.331913
G1 X165.474803 Y94.961517 Z31.539904 E0.331892
G1 X166.491626 Y96.156958 Z31.542332 E0.331871
G1 X167.470335 Y97.38367 Z31.544759 E0.33185
G1 X168.409969 Y98.640439 Z31.547187 E0.331829
G1 X169.309606 Y99.926021 Z31.549615 E0.331808
G1 X170.168363 Y101.239143 Z31.552043 E0.331787
G1 X170.985398 Y102.578506 Z31.554471 E0.331766
G1 X171.75991 Y103.942786 Z31.556899 E0.331744
G1 X172.49114 Y105.330632 Z31.559326 E0.331723
G1 X173.178372 Y106.740672 Z31.561754 E0.331702
G1 X173.820934 Y108.171511 Z31.564182 E0.331681
G1 X174.418196 Y109.621736 Z31.56661 E0.33166
G1 X174.969576 Y111.089912 Z31.569038 E0.331639
G1 X175.474534 Y112.574589 Z31.571466 E0.331618
G1 X175.93258 Y114.074298 Z31.573893 E0.331597
G1 X176.343266 Y115.587559 Z31.576321 E0.331575
G1 X176.706193 Y117.112876 Z31.578749 E0.331554
G1 X177.021009 Y118.648742 Z31.581177 E0.331533
G1 X177.287411 Y120.193641 Z31.583605 E0.331512
G1 X177.50514 Y121.746046 Z31.586033 E0.331491
G1 X177.673989 Y123.304426 Z31.58846 E0.33147
G1 X177.793797 Y124.86724 Z31.590888 E0.331449
G1 X177.864452 Y126.432946 Z31.593316 E0.331428
G1 X177.88589 Y128 Z31.595744 E0.331407
G1 X177.858097 Y129.566854 Z31.598172 E0.331385
G1 X177.781106 Y131.131962 Z31.600599 E0.331364
G1 X177.655 Y132.693779 Z31.603027 E0.331343
G1 X177.479909 Y134.250766 Z31.605455 E0.331322
G1 X177.256013 Y135.801386 Z31.607883 E0.331301
G1 X176.983538 Y137.34411 Z31.610311 E0.33128
G1 X176.66276 Y138.877415 Z31.612739 E0.331259
G1 X176.294 Y140.399792 Z31.615166 E0.331238
G1 X175.877631 Y141.909738 Z31.617594 E0.331216
G1 X175.414067 Y143.405764 Z31.620022 E0.331195
G1 X174.903773 Y144.886398 Z31.62245 E0.331174
G1 X174.347259 Y146.350178 Z31.624878 E0.331153
G1 X173.745079 Y147.795663 Z31.627306 E0.331132
G1 X173.097833 Y149.22143 Z31.629733 E0.331111
G1 X172.406167 Y150.626072 Z31.632161 E0.33109
G1 X171.670767 Y152.008207 Z31.634589 E0.331069
G1 X170.892366 Y153.366474 Z31.637017 E0.331048
G1 X170.071737 Y154.699536 Z31.639445 E0.331026
G1 X169.209695 Y156.00608 Z31.641873 E0.331005
G1 X168.307096 Y157.28482 Z31.6443 E0.330984
G1 X167.364837 Y158.534498 Z31.646728 E0.330963
G1 X166.383852 Y159.753884 Z31.649156 E0.330942
G1 X165.365113 Y160.941779 Z31.651584 E0.330921
G1 X164.309632 Y162.097014 Z31.654012 E0.3309
G1 X163.218455 Y163.218455 Z31.65644 E0.330879
G1 X162.092662 Y164.304998 Z31.658867 E0.330857
G1 X160.93337 Y165.355575 Z31.661295 E0.330836
G1 X159.741726 Y166.369155 Z31.663723 E0.330815
G1 X158.51891 Y167.344742 Z31.666151 E0.330794
G1 X157.266134 Y168.281378 Z31.668579 E0.330773
G1 X155.984638 Y169.178144 Z31.671007 E0.330752
G1 X154.675689 Y170.03416 Z31.673434 E0.330731
G1 X153.340583 Y170.848586 Z31.675862 E0.33071
G1 X151.980641 Y171.620624 Z31.67829 E0.330689
G1 X150.597208 Y172.349517 Z31.680718 E0.330667
G1 X149.191652 Y173.034553 Z31.683146 E0.330646
G1 X147.765363 Y173.675059 Z31.685573 E0.330625
G1 X146.319752 Y174.270411 Z31.688001 E0.330604
G1 X144.856246 Y174.820025 Z31.690429 E0.330583
G1 X143.376294 Y175.323367 Z31.692857 E0.330562
G1 X141.881357 Y175.779944 Z31.695285 E0.330541
G1 X140.372912 Y176.189312 Z31.697713 E0.33052
G1 X138.852451 Y176.551074 Z31.70014 E0.330498
G1 X137.321474 Y176.864878 Z31.702568 E0.330477
G1 X135.781494 Y177.130421 Z31.704996 E0.330456
G1 X134.234032 Y177.347447 Z31.707424 E0.330435
G1 X132.680616 Y177.515748 Z31.709852 E0.330414
G1 X131.12278 Y177.635164 Z31.71228 E0.330393
G1 X129.562061 Y177.705583 Z31.714707 E0.330372
G1 X128 Y177.726943 Z31.717135 E0.330351
G1 X126.438139 Y177.699228 Z31.719563 E0.33033
G1 X124.878019 Y177.622473 Z31.721991 E0.330308
G1 X123.321179 Y177.496759 Z31.724419 E0.330287
G1 X121.769155 Y177.322216 Z31.726847 E0.330266
G1 X120.223479 Y177.099023 Z31.729274 E0.330245
G1 X118.685674 Y176.827406 Z31.731702 E0.330224
G1 X117.157258 Y176.507641 Z31.73413 E0.330203
G1 X115.639737 Y176.140047 Z31.736558 E0.330182
G1 X114.134607 Y175.724995 Z31.738986 E0.330161
G1 X112.643353 Y175.2629 Z31.741414 E0.330139
G1 X111.167444 Y174.754223 Z31.743841 E0.330118
G1 X109.708334 Y174.199474 Z31.746269 E0.330097
G1 X108.267462 Y173.599205 Z31.748697 E0.330076
G1 X106.846247 Y172.954014 Z31.751125 E0.330055
G1 X105.446088 Y172.264544 Z31.753553 E0.330034
G1 X104.068366 Y171.531481 Z31.755981 E0.330013
G1 X102.714436 Y170.755554 Z31.758408 E0.329992
G1 X101.385632 Y169.937533 Z31.760836 E0.329971
G1 X100.083262 Y169.078233 Z31.763264 E0.329949
G1 X98.808607 Y168.178506 Z31.765692 E0.329928
G1 X97.562922 Y167.239244 Z31.76812 E0.329907
G1 X96.347433 Y166.261381 Z31.770547 E0.329886
G1 X95.163335 Y165.245886 Z31.772975 E0.329865
G1 X94.011792 Y164.193765 Z31.775403 E0.329844
G1 X92.893938 Y163.106062 Z31.777831 E0.329823
G1 X91.81087 Y161.983855 Z31.780259 E0.329802
G1 X90.763653 Y160.828256 Z31.782687 E0.32978
G1 X89.753315 Y159.640409 Z31.785114 E0.329759
G1 X88.78085 Y158.421491 Z31.787542 E0.329738
G1 X87.847212 Y157.172708 Z31.78997 E0.329717
G1 X86.953318 Y155.895296 Z31.792398 E0.329696
G1 X86.100043 Y154.590521 Z31.794826 E0.329675
G1 X85.288226 Y153.259673 Z31.797254 E0.329654
G1 X84.518662 Y151.904068 Z31.799681 E0.329633
G1 X83.792105 Y150.525047 Z31.802109 E0.329612
G1 X83.109267 Y149.123976 Z31.804537 E0.32959
G1 X82.470815 Y147.702238 Z31.806965 E0.329569
G1 X81.877374 Y146.261239 Z31.809393 E0.329548
G1 X81.329525 Y144.802405 Z31.811821 E0.329527
G1 X80.827801 Y143.327177 Z31.814248 E0.329506
G1 X80.372692 Y141.837012 Z31.816676 E0.329485
G1 X79.964641 Y140.333384 Z31.819104 E0.329464
G1 X79.604045 Y138.817778 Z31.821532 E0.329443
G1 X79.291254 Y137.29169 Z31.82396 E0.329421
G1 X79.026569 Y135.756629 Z31.826388 E0.3294
G1 X78.810247 Y134.214111 Z31.828815 E0.329379
G1 X78.642494 Y132.665658 Z31.831243 E0.329358
G1 X78.52347 Y131.112799 Z31.833671 E0.329337
G1 X78.453285 Y129.557068 Z31.836099 E0.329316
G1 X78.432004 Y128 Z31.838527 E0.329295
G1 X78.45964 Y126.443131 Z31.840955 E0.329274
G1 X78.53616 Y124.887999 Z31.843382 E0.329253
G1 X78.661483 Y123.336137 Z31.84581 E0.329231
G1 X78.835478 Y121.789076 Z31.848238 E0.32921
G1 X79.057967 Y120.248344 Z31.850666 E0.329189
G1 X79.328725 Y118.715458 Z31.853094 E0.329168
G1 X79.647478 Y117.191931 Z31.855521 E0.329147
G1 X80.013906 Y115.679265 Z31.857949 E0.329126
G1 X80.427641 Y114.178952 Z31.860377 E0.329105
G1 X80.888268 Y112.69247 Z31.862805 E0.329084
G1 X81.395327 Y111.221285 Z31.865233 E0.329062
G1 X81.948311 Y109.766847 Z31.867661 E0.329041
G1 X82.54667 Y108.330588 Z31.870088 E0.32902
G1 X83.189806 Y106.913923 Z31.872516 E0.328999
G1 X83.877079 Y105.518249 Z31.874944 E0.328978
G1 X84.607805 Y104.144939 Z31.877372 E0.328957
G1 X85.381259 Y102.795347 Z31.8798 E0.328936
G1 X86.19667 Y101.4708 Z31.882228 E0.328915
G1 X87.053229 Y100.172603 Z31.884655 E0.328894
G1 X87.950085 Y98.902034 Z31.887083 E0.328872
G1 X88.886348 Y97.660342 Z31.889511 E0.328851
G1 X89.86109 Y96.448749 Z31.891939 E0.32883
G1 X90.873342 Y95.268448 Z31.894367 E0.328809
G1 X91.922102 Y94.120599 Z31.896795 E0.328788
G1 X93.00633 Y93.00633 Z31.899222 E0.328767
G1 X94.124951 Y91.926737 Z31.90165 E0.328746
G1 X95.276857 Y90.88288 Z31.904078 E0.328725
G1 X96.460907 Y89.875786 Z31.906506 E0.328703
G1 X97.675929 Y88.906443 Z31.908934 E0.328682
G1 X98.920719 Y87.975803 Z31.911362 E0.328661
G1 X100.194045 Y87.08478 Z31.913789 E0.32864
G1 X101.494647 Y86.234247 Z31.916217 E0.328619
G1 X102.821238 Y85.425039 Z31.918645 E0.328598
G1 X104.172506 Y84.657949 Z31.921073 E0.328577
G1 X105.547113 Y83.933728 Z31.923501 E0.328556
G1 X106.943701 Y83.253086 Z31.925929 E0.328535
G1 X108.360888 Y82.616689 Z31.928356 E0.328513
G1 X109.797273 Y82.025159 Z31.930784 E0.328492
G1 X111.251436 Y81.479075 Z31.933212 E0.328471
G1 X112.721941 Y80.978968 Z31.93564 E0.32845
G1 X114.207333 Y80.525328 Z31.938068 E0.328429
G1 X115.706145 Y80.118594 Z31.940495 E0.328408
G1 X117.216896 Y79.759164 Z31.942923 E0.328387
G1 X118.738093 Y79.447385 Z31.945351 E0.328366
G1 X120.268235 Y79.183559 Z31.947779 E0.328344
G1 X121.80581 Y78.96794 Z31.950207 E0.328323
G1 X123.3493 Y78.800735 Z31.952635 E0.328302
G1 X124.897181 Y78.682103 Z31.955062 E0.328281
G1 X126.447924 Y78.612154 Z31.95749 E0.32826
G1 X128 Y78.590951 Z31.959918 E0.328239
G1 X129.551876 Y78.618509 Z31.962346 E0.328218
G1 X131.102021 Y78.694794 Z31.964774 E0.328197
G1 X132.648905 Y78.819724 Z31.967202 E0.328176
G1 X134.191002 Y78.993171 Z31.969629 E0.328154
G1 X135.726792 Y79.214957 Z31.972057 E0.328133
G1 X137.254759 Y79.484857 Z31.974485 E0.328112
G1 X138.773396 Y79.802597 Z31.976913 E0.328091
G1 X140.281206 Y80.167859 Z31.979341 E0.32807
G1 X141.776703 Y80.580276 Z31.981769 E0.328049
G1 X143.258412 Y81.039435 Z31.984196 E0.328028
G1 X144.724873 Y81.544877 Z31.986624 E0.328007
G1 X146.174641 Y82.096096 Z31.989052 E0.327985
G1 X147.606287 Y82.692544 Z31.99148 E0.327964
G1 X149.018401 Y83.333625 Z31.993908 E0.327943
G1 X150.409591 Y84.018702 Z31.996336 E0.327922
G1 X151.778488 Y84.747092 Z31.998763 E0.327901
G1 X153.123743 Y85.518071 Z32.001191 E0.32788
G1 X154.444032 Y86.330873 Z32.003619 E0.327859
G1 X155.738056 Y87.184691 Z32.006047 E0.327838
G1 X157.00454 Y88.078676 Z32.008475 E0.327817
G1 X158.242239 Y89.011941 Z32.010903 E0.327795
G1 X159.449934 Y89.98356 Z32.01333 E0.327774
G1 X160.626438 Y90.99257 Z32.015758 E0.327753
G1 X161.770594 Y92.03797 Z32.018186 E0.327732
G1 X162.881278 Y93.118722 Z32.020614 E0.327711
G1 X163.957396 Y94.233758 Z32.023042 E0.32769
G1 X164.997892 Y95.381971 Z32.025469 E0.327669
G1 X166.001743 Y96.562224 Z32.027897 E0.327648
G1 X166.967964 Y97.773349 Z32.030325 E0.327626
G1 X167.895606 Y99.014146 Z32.032753 E0.327605
G1 X168.783758 Y100.283386 Z32.035181 E0.327584
G1 X169.63155 Y101.579815 Z32.037609 E0.327563
G1 X170.438149 Y102.902149 Z32.040036 E0.327542
G1 X171.202765 Y104.249079 Z32.042464 E0.327521
G1 X171.924649 Y105.619273 Z32.044892 E0.3275
G1 X172.603094 Y107.011377 Z32.04732 E0.327479
G1 X173.237437 Y108.424013 Z32.049748 E0.327458
G1 X173.827055 Y109.855785 Z32.052176 E0.327436
G1 X174.371375 Y111.305278 Z32.054603 E0.327415
G1 X174.869864 Y112.771058 Z32.057031 E0.327394
G1 X175.322037 Y114.251677 Z32.059459 E0.327373
G1 X175.727452 Y115.745673 Z32.061887 E0.327352
G1 X176.085717 Y117.251569 Z32.064315 E0.327331
G1 X176.396483 Y118.767877 Z32.066743 E0.32731
G1 X176.659451 Y120.2931 Z32.06917 E0.327289
G1 X176.874366 Y121.825732 Z32.071598 E0.327267
G1 X177.041023 Y123.364258 Z32.074026 E0.327246
G1 X177.159264 Y124.907161 Z32.076454 E0.327225
G1 X177.228978 Y126.452917 Z32.078882 E0.327204
G1 X177.250102 Y128 Z32.08131 E0.327183
G1 X177.222623 Y129.546883 Z32.083737 E0.327162
G1 X177.146573 Y131.09204 Z32.086165 E0.327141
G1 X177.022034 Y132.633947 Z32.088593 E0.32712
G1 X176.849135 Y134.171081 Z32.091021 E0.327099
G1 X176.628053 Y135.701927 Z32.093449 E0.327077
G1 X176.359012 Y137.224975 Z32.095877 E0.327056
G1 X176.042284 Y138.738723 Z32.098304 E0.327035
G1 X175.678187 Y140.241678 Z32.100732 E0.327014
G1 X175.267088 Y141.732358 Z32.10316 E0.326993
G1 X174.809397 Y143.209295 Z32.105588 E0.326972
G1 X174.305573 Y144.671032 Z32.108016 E0.326951
G1 X173.756119 Y146.116129 Z32.110443 E0.32693
G1 X173.161582 Y147.543162 Z32.112871 E0.326908
G1 X172.522555 Y148.950724 Z32.115299 E0.326887
G1 X171.839676 Y150.33743 Z32.117727 E0.326866
G1 X171.113622 Y151.701914 Z32.120155 E0.326845
G1 X170.345117 Y153.042832 Z32.122583 E0.326824
G1 X169.534924 Y154.358864 Z32.12501 E0.326803
G1 X168.683847 Y155.648714 Z32.127438 E0.326782
G1 X167.792733 Y156.911113 Z32.129866 E0.326761
G1 X166.862466 Y158.144819 Z32.132294 E0.32674
G1 X165.893969 Y159.348617 Z32.134722 E0.326718
G1 X164.888202 Y160.521325 Z32.13715 E0.326697
G1 X163.846163 Y161.661788 Z32.139577 E0.326676
G1 X162.768885 Y162.768885 Z32.142005 E0.326655
G1 X161.657436 Y163.841528 Z32.144433 E0.326634
G1 X160.512916 Y164.878664 Z32.146861 E0.326613
G1 X159.336459 Y165.879272 Z32.149289 E0.326592
G1 X158.129232 Y166.842371 Z32.151717 E0.326571
G1 X156.892428 Y167.767015 Z32.154144 E0.326549
G1 X155.627272 Y168.652297 Z32.156572 E0.326528
G1 X154.335017 Y169.497347 Z32.159 E0.326507
G1 X153.016941 Y170.301337 Z32.161428 E0.326486
G1 X151.674348 Y171.063479 Z32.163856 E0.326465
G1 X150.308566 Y171.783027 Z32.166284 E0.326444
G1 X148.920947 Y172.459275 Z32.168711 E0.326423
G1 X147.512861 Y173.091562 Z32.171139 E0.326402
G1 X146.085703 Y173.67927 Z32.173567 E0.326381
G1 X144.640881 Y174.221825 Z32.175995 E0.326359
G1 X143.179825 Y174.718697 Z32.178423 E0.326338
G1 X141.703978 Y175.169401 Z32.180851 E0.326317
G1 X140.214798 Y175.573499 Z32.183278 E0.326296
G1 X138.713758 Y175.930598 Z32.185706 E0.326275
G1 X137.202339 Y176.240352 Z32.188134 E0.326254
G1 X135.682035 Y176.502461 Z32.190562 E0.326233
G1 X134.154347 Y176.716672 Z32.19299 E0.326212
G1 X132.620783 Y176.882782 Z32.195418 E0.32619
G1 X131.082858 Y177.000631 Z32.197845 E0.326169
G1 X129.54209 Y177.070109 Z32.200273 E0.326148
G1 X128 Y177.091155 Z32.202701 E0.326127
G1 X126.458109 Y177.063755 Z32.205129 E0.326106
G1 X124.91794 Y176.98794 Z32.207557 E0.326085
G1 X123.381012 Y176.863793 Z32.209984 E0.326064
G1 X121.84884 Y176.691441 Z32.212412 E0.326043
G1 X120.322938 Y176.471063 Z32.21484 E0.326021
G1 X118.804809 Y176.20288 Z32.217268 E0.326
G1 X117.29595 Y175.887165 Z32.219696 E0.325979
G1 X115.797851 Y175.524234 Z32.222124 E0.325958
G1 X114.311986 Y175.114452 Z32.224551 E0.325937
G1 X112.839822 Y174.65823 Z32.226979 E0.325916
G1 X111.382809 Y174.156023 Z32.229407 E0.325895
G1 X109.942383 Y173.608334 Z32.231835 E0.325874
G1 X108.519964 Y173.015708 Z32.234263 E0.325853
G1 X107.116952 Y172.378736 Z32.236691 E0.325831
G1 X105.73473 Y171.698053 Z32.239118 E0.32581
G1 X104.374659 Y170.974336 Z32.241546 E0.325789
G1 X103.038078 Y170.208304 Z32.243974 E0.325768
G1 X101.726304 Y169.40072 Z32.246402 E0.325747
G1 X100.440627 Y168.552385 Z32.24883 E0.325726
G1 X99.182313 Y167.664143 Z32.251258 E0.325705
G1 X97.952601 Y166.736874 Z32.253685 E0.325684
G1 X96.752699 Y165.771498 Z32.256113 E0.325662
G1 X95.583789 Y164.768974 Z32.258541 E0.325641
G1 X94.447019 Y163.730296 Z32.260969 E0.32562
G1 X93.343507 Y162.656493 Z32.263397 E0.325599
G1 X92.274339 Y161.548629 Z32.265825 E0.325578
G1 X91.240564 Y160.407802 Z32.268252 E0.325557
G1 X90.243198 Y159.235143 Z32.27068 E0.325536
G1 X89.283221 Y158.031812 Z32.273108 E0.325515
G1 X88.361575 Y156.799001 Z32.275536 E0.325494
G1 X87.479165 Y155.537931 Z32.277964 E0.325472
G1 X86.636857 Y154.249849 Z32.280392 E0.325451
G1 X85.835476 Y152.93603 Z32.282819 E0.32543
G1 X85.075807 Y151.597775 Z32.285247 E0.325409
G1 X84.358596 Y150.236406 Z32.287675 E0.325388
G1 X83.684545 Y148.85327 Z32.290103 E0.325367
G1 X83.054312 Y147.449736 Z32.292531 E0.325346
G1 X82.468515 Y146.02719 Z32.294958 E0.325325
G1 X81.927725 Y144.58704 Z32.297386 E0.325303
G1 X81.432471 Y143.130707 Z32.299814 E0.325282
G1 X80.983235 Y141.659633 Z32.302242 E0.325261
G1 X80.580454 Y140.17527 Z32.30467 E0.32524
G1 X80.224521 Y138.679085 Z32.307098 E0.325219
G1 X79.91578 Y137.172556 Z32.309525 E0.325198
G1 X79.654529 Y135.65717 Z32.311953 E0.325177
G1 X79.441021 Y134.134426 Z32.314381 E0.325156
G1 X79.27546 Y132.605825 Z32.316809 E0.325135
G1 X79.158003 Y131.072878 Z32.319237 E0.325113
G1 X79.088759 Y129.537098 Z32.321665 E0.325092
G1 X79.067792 Y128 Z32.324092 E0.325071
G1 X79.095114 Y126.463102 Z32.32652 E0.32505
G1 X79.170693 Y124.92792 Z32.328948 E0.325029
G1 X79.294449 Y123.39597 Z32.331376 E0.325008
G1 X79.466252 Y121.868762 Z32.333804 E0.324987
G1 X79.685927 Y120.347803 Z32.336232 E0.324966
G1 X79.953251 Y118.834592 Z32.338659 E0.324944
G1 X80.267954 Y117.330624 Z32.341087 E0.324923
G1 X80.629719 Y115.837379 Z32.343515 E0.324902
G1 X81.038184 Y114.356331 Z32.345943 E0.324881
G1 X81.492938 Y112.888939 Z32.348371 E0.32486
G1 X81.993527 Y111.436651 Z32.350799 E0.324839
G1 X82.539452 Y110.000896 Z32.353226 E0.324818
G1 X83.130167 Y108.583089 Z32.355654 E0.324797
G1 X83.765083 Y107.184628 Z32.358082 E0.324776
G1 X84.44357 Y105.80689 Z32.36051 E0.324754
G1 X85.16495 Y104.451232 Z32.362938 E0.324733
G1 X85.928508 Y103.118989 Z32.365366 E0.324712
G1 X86.733483 Y101.811472 Z32.367793 E0.324691
G1 X87.579076 Y100.529969 Z32.370221 E0.32467
G1 X88.464448 Y99.27574 Z32.372649 E0.324649
G1 X89.388719 Y98.050021 Z32.375077 E0.324628
G1 X90.350972 Y96.854016 Z32.377505 E0.324607
G1 X91.350254 Y95.688902 Z32.379932 E0.324585
G1 X92.385571 Y94.555825 Z32.38236 E0.324564
G1 X93.4559 Y93.4559 Z32.384788 E0.324543
G1 X94.560178 Y92.390206 Z32.387216 E0.324522
G1 X95.697311 Y91.359792 Z32.389644 E0.324501
G1 X96.866174 Y90.365669 Z32.392072 E0.32448
G1 X98.065608 Y89.408814 Z32.394499 E0.324459
G1 X99.294425 Y88.490166 Z32.396927 E0.324438
G1 X100.551411 Y87.610627 Z32.399355 E0.324417
G1 X101.835319 Y86.77106 Z32.401783 E0.324395
G1 X103.14488 Y85.972288 Z32.404211 E0.324374
G1 X104.478799 Y85.215093 Z32.406639 E0.324353
G1 X105.835754 Y84.500219 Z32.409066 E0.324332
G1 X107.214406 Y83.828364 Z32.411494 E0.324311
G1 X108.613389 Y83.200186 Z32.413922 E0.32429
G1 X110.031322 Y82.6163 Z32.41635 E0.324269
G1 X111.466802 Y82.077275 Z32.418778 E0.324248
G1 X112.91841 Y81.583638 Z32.421206 E0.324226
G1 X114.384712 Y81.13587 Z32.423633 E0.324205
G1 X115.864259 Y80.734408 Z32.426061 E0.324184
G1 X117.355588 Y80.37964 Z32.428489 E0.324163
G1 X118.857228 Y80.071911 Z32.430917 E0.324142
G1 X120.367694 Y79.811519 Z32.433345 E0.324121
G1 X121.885496 Y79.598715 Z32.435773 E0.3241
G1 X123.409133 Y79.433701 Z32.4382 E0.324079
G1 X124.937102 Y79.316636 Z32.440628 E0.324058
G1 X126.467895 Y79.247628 Z32.443056 E0.324036
G1 X128 Y79.226738 Z32.445484 E0.324015
G1 X129.531905 Y79.253982 Z32.447912 E0.323994
G1 X131.062099 Y79.329327 Z32.45034 E0.323973
G1 X132.589072 Y79.45269 Z32.452767 E0.323952
G1 X134.111317 Y79.623946 Z32.455195 E0.323931
G1 X135.627333 Y79.842917 Z32.457623 E0.32391
G1 X137.135624 Y80.109383 Z32.460051 E0.323889
G1 X138.634703 Y80.423073 Z32.462479 E0.323867
G1 X140.123092 Y80.783673 Z32.464906 E0.323846
G1 X141.599324 Y81.190819 Z32.467334 E0.323825
G1 X143.061943 Y81.644105 Z32.469762 E0.323804
G1 X144.509508 Y82.143077 Z32.47219 E0.323783
G1 X145.940592 Y82.687237 Z32.474618 E0.323762
G1 X147.353785 Y83.276041 Z32.477046 E0.323741
G1 X148.747695 Y83.908903 Z32.479473 E0.32372
G1 X150.120949 Y84.585193 Z32.481901 E0.323699
G1 X151.472195 Y85.304237 Z32.484329 E0.323677
G1 X152.800101 Y86.06532 Z32.486757 E0.323656
G1 X154.10336 Y86.867686 Z32.489185 E0.323635
G1 X155.38069 Y87.710538 Z32.491613 E0.323614
G1 X156.630833 Y88.593039 Z32.49404 E0.323593
G1 X157.85256 Y89.514312 Z32.496468 E0.323572
G1 X159.044668 Y90.473443 Z32.498896 E0.323551
G1 X160.205984 Y91.469481 Z32.501324 E0.32353
G1 X161.335368 Y92.501439 Z32.503752 E0.323508
G1 X162.431708 Y93.568292 Z32.50618 E0.323487
G1 X163.493927 Y94.668984 Z32.508607 E0.323466
G1 X164.52098 Y95.802425 Z32.511035 E0.323445
G1 X165.51186 Y96.96749 Z32.513463 E0.323424
G1 X166.465593 Y98.163027 Z32.515891 E0.323403
G1 X167.381243 Y99.387852 Z32.518319 E0.323382
G1 X168.257911 Y100.640752 Z32.520747 E0.323361
G1 X169.094737 Y101.920487 Z32.523174 E0.32334
G1 X169.8909 Y103.225791 Z32.525602 E0.323318
G1 X170.64562 Y104.555372 Z32.52803 E0.323297
G1 X171.358158 Y105.907915 Z32.530458 E0.323276
G1 X172.027817 Y107.282082 Z32.532886 E0.323255
G1 X172.653939 Y108.676515 Z32.535314 E0.323234
G1 X173.235915 Y110.089834 Z32.537741 E0.323213
G1 X173.773175 Y111.520643 Z32.540169 E0.323192
G1 X174.265194 Y112.967527 Z32.542597 E0.323171
G1 X174.711494 Y114.429057 Z32.545025 E0.323149
G1 X175.111639 Y115.903787 Z32.547453 E0.323128
G1 X175.465241 Y117.390262 Z32.54988 E0.323107
G1 X175.771957 Y118.887012 Z32.552308 E0.323086
G1 X176.031491 Y120.392559 Z32.554736 E0.323065
G1 X176.243592 Y121.905417 Z32.557164 E0.323044
G1 X176.408057 Y123.424091 Z32.559592 E0.323023
G1 X176.524731 Y124.947083 Z32.56202 E0.323002
G1 X176.593504 Y126.472888 Z32.564447 E0.322981
G1 X176.614315 Y128 Z32.566875 E0.322959
G1 X176.587149 Y129.526913 Z32.569303 E0.322938
G1 X176.51204 Y131.052119 Z32.571731 E0.322917
G1 X176.389068 Y132.574114 Z32.574159 E0.322896
G1 X176.218361 Y134.091396 Z32.576587 E0.322875
G1 X176.000093 Y135.602468 Z32.579014 E0.322854
G1 X175.734486 Y137.10584 Z32.581442 E0.322833
G1 X175.421808 Y138.60003 Z32.58387 E0.322812
G1 X175.062374 Y140.083564 Z32.586298 E0.32279
G1 X174.656545 Y141.554979 Z32.588726 E0.322769
G1 X174.204727 Y143.012826 Z32.591154 E0.322748
G1 X173.707373 Y144.455667 Z32.593581 E0.322727
G1 X173.164978 Y145.88208 Z32.596009 E0.322706
G1 X172.578085 Y147.29066 Z32.598437 E0.322685
G1 X171.947278 Y148.680019 Z32.600865 E0.322664
G1 X171.273185 Y150.048789 Z32.603293 E0.322643
G1 X170.556477 Y151.395621 Z32.605721 E0.322622
G1 X169.797868 Y152.71919 Z32.608148 E0.3226
G1 X168.99811 Y154.018192 Z32.610576 E0.322579
G1 X168.158 Y155.291348 Z32.613004 E0.322558
G1 X167.27837 Y156.537407 Z32.615432 E0.322537
G1 X166.360095 Y157.75514 Z32.61786 E0.322516
G1 X165.404086 Y158.943351 Z32.620288 E0.322495
G1 X164.411291 Y160.100871 Z32.622715 E0.322474
G1 X163.382694 Y161.226561 Z32.625143 E0.322453
G1 X162.319315 Y162.319315 Z32.627571 E0.322431
G1 X161.222209 Y163.378059 Z32.629999 E0.32241
G1 X160.092462 Y164.401753 Z32.632427 E0.322389
G1 X158.931193 Y165.38939 Z32.634854 E0.322368
G1 X157.739553 Y166.340001 Z32.637282 E0.322347
G1 X156.518721 Y167.252652 Z32.63971 E0.322326
G1 X155.269907 Y168.126449 Z32.642138 E0.322305
G1 X153.994345 Y168.960533 Z32.644566 E0.322284
G1 X152.693299 Y169.754088 Z32.646994 E0.322263
G1 X151.368055 Y170.506334 Z32.649421 E0.322241
G1 X150.019925 Y171.216536 Z32.651849 E0.32222
G1 X148.650242 Y171.883997 Z32.654277 E0.322199
G1 X147.26036 Y172.508065 Z32.656705 E0.322178
G1 X145.851654 Y173.08813 Z32.659133 E0.322157
G1 X144.425516 Y173.623625 Z32.661561 E0.322136
G1 X142.983356 Y174.114027 Z32.663988 E0.322115
G1 X141.526599 Y174.558858 Z32.666416 E0.322094
G1 X140.056685 Y174.957686 Z32.668844 E0.322072
G1 X138.575065 Y175.310122 Z32.671272 E0.322051
G1 X137.083205 Y175.615826 Z32.6737 E0.32203
G1 X135.582576 Y175.874501 Z32.676128 E0.322009
G1 X134.074662 Y176.085898 Z32.678555 E0.321988
G1 X132.56095 Y176.249816 Z32.680983 E0.321967
G1 X131.042937 Y176.366097 Z32.683411 E0.321946
G1 X129.52212 Y176.434635 Z32.685839 E0.321925
G1 X128 Y176.455368 Z32.688267 E0.321904
G1 X126.47808 Y176.428281 Z32.690695 E0.321882
G1 X124.957861 Y176.353407 Z32.693122 E0.321861
G1 X123.440845 Y176.230827 Z32.69555 E0.32184
G1 X121.928526 Y176.060667 Z32.697978 E0.321819
G1 X120.422397 Y175.843103 Z32.700406 E0.321798
G1 X118.923944 Y175.578354 Z32.702834 E0.321777
G1 X117.434643 Y175.266689 Z32.705262 E0.321756
G1 X115.955965 Y174.908421 Z32.707689 E0.321735
G1 X114.489365 Y174.503909 Z32.710117 E0.321713
G1 X113.036291 Y174.05356 Z32.712545 E0.321692
G1 X111.598175 Y173.557823 Z32.714973 E0.321671
G1 X110.176432 Y173.017193 Z32.717401 E0.32165
G1 X108.772466 Y172.432211 Z32.719828 E0.321629
G1 X107.387657 Y171.803458 Z32.722256 E0.321608
G1 X106.023371 Y171.131562 Z32.724684 E0.321587
G1 X104.680952 Y170.417191 Z32.727112 E0.321566
G1 X103.361721 Y169.661055 Z32.72954 E0.321545
G1 X102.066976 Y168.863907 Z32.731968 E0.321523
G1 X100.797993 Y168.026538 Z32.734395 E0.321502
G1 X99.55602 Y167.14978 Z32.736823 E0.321481
G1 X98.34228 Y166.234503 Z32.739251 E0.32146
G1 X97.157965 Y165.281615 Z32.741679 E0.321439
G1 X96.004243 Y164.292063 Z32.744107 E0.321418
G1 X94.882245 Y163.266827 Z32.746535 E0.321397
G1 X93.793077 Y162.206923 Z32.748962 E0.321376
G1 X92.737808 Y161.113402 Z32.75139 E0.321354
G1 X91.717475 Y159.987348 Z32.753818 E0.321333
G1 X90.733081 Y158.829877 Z32.756246 E0.321312
G1 X89.785592 Y157.642133 Z32.758674 E0.321291
G1 X88.875938 Y156.425295 Z32.761102 E0.32127
G1 X88.005013 Y155.180565 Z32.763529 E0.321249
G1 X87.17367 Y153.909177 Z32.765957 E0.321228
G1 X86.382725 Y152.612388 Z32.768385 E0.321207
G1 X85.632952 Y151.291482 Z32.770813 E0.321186
G1 X84.925087 Y149.947764 Z32.773241 E0.321164
G1 X84.259822 Y148.582565 Z32.775669 E0.321143
G1 X83.637809 Y147.197234 Z32.778096 E0.321122
G1 X83.059655 Y145.793141 Z32.780524 E0.321101
G1 X82.525925 Y144.371674 Z32.782952 E0.32108
G1 X82.037141 Y142.934238 Z32.78538 E0.321059
G1 X81.593778 Y141.482254 Z32.787808 E0.321038
G1 X81.196267 Y140.017156 Z32.790236 E0.321017
G1 X80.844997 Y138.540392 Z32.792663 E0.320995
G1 X80.540306 Y137.053421 Z32.795091 E0.320974
G1 X80.282489 Y135.557711 Z32.797519 E0.320953
G1 X80.071795 Y134.05474 Z32.799947 E0.320932
G1 X79.908426 Y132.545992 Z32.802375 E0.320911
G1 X79.792536 Y131.032957 Z32.804802 E0.32089
G1 X79.724233 Y129.517127 Z32.80723 E0.320869
G1 X79.703579 Y128 Z32.809658 E0.320848
G1 X79.730588 Y126.483073 Z32.812086 E0.320827
G1 X79.805226 Y124.967842 Z32.814514 E0.320805
G1 X79.927415 Y123.455803 Z32.816942 E0.320784
G1 X80.097026 Y121.948447 Z32.819369 E0.320763
G1 X80.313887 Y120.447262 Z32.821797 E0.320742
G1 X80.577777 Y118.953727 Z32.824225 E0.320721
G1 X80.88843 Y117.469316 Z32.826653 E0.3207
G1 X81.245533 Y115.995493 Z32.829081 E0.320679
G1 X81.648726 Y114.53371 Z32.831509 E0.320658
G1 X82.097608 Y113.085409 Z32.833936 E0.320636
G1 X82.591727 Y111.652016 Z32.836364 E0.320615
G1 X83.130592 Y110.234945 Z32.838792 E0.320594
G1 X83.713664 Y108.835591 Z32.84122 E0.320573
G1 X84.340361 Y107.455334 Z32.843648 E0.320552
G1 X85.010061 Y106.095532 Z32.846076 E0.320531
G1 X85.722095 Y104.757525 Z32.848503 E0.32051
G1 X86.475757 Y103.442631 Z32.850931 E0.320489
G1 X87.270296 Y102.152144 Z32.853359 E0.320468
G1 X88.104924 Y100.887334 Z32.855787 E0.320446
G1 X88.978811 Y99.649447 Z32.858215 E0.320425
G1 X89.89109 Y98.439699 Z32.860643 E0.320404
G1 X90.840855 Y97.259282 Z32.86307 E0.320383
G1 X91.827165 Y96.109356 Z32.865498 E0.320362
G1 X92.849041 Y94.991052 Z32.867926 E0.320341
G1 X93.90547 Y93.90547 Z32.870354 E0.32032
G1 X94.995404 Y92.853675 Z32.872782 E0.320299
G1 X96.117765 Y91.836703 Z32.87521 E0.320277
G1 X97.27144 Y90.855552 Z32.877637 E0.320256
G1 X98.455286 Y89.911185 Z32.880065 E0.320235
G1 X99.668132 Y89.004529 Z32.882493 E0.320214
G1 X100.908776 Y88.136475 Z32.884921 E0.320193
G1 X102.175991 Y87.307873 Z32.887349 E0.320172
G1 X103.468523 Y86.519537 Z32.889777 E0.320151
G1 X104.785092 Y85.772238 Z32.892204 E0.32013
G1 X106.124396 Y85.06671 Z32.894632 E0.320109
G1 X107.485111 Y84.403642 Z32.89706 E0.320087
G1 X108.865891 Y83.783683 Z32.899488 E0.320066
G1 X110.265371 Y83.20744 Z32.901916 E0.320045
G1 X111.682167 Y82.675475 Z32.904343 E0.320024
G1 X113.114879 Y82.188308 Z32.906771 E0.320003
G1 X114.562091 Y81.746413 Z32.909199 E0.319982
G1 X116.022372 Y81.350221 Z32.911627 E0.319961
G1 X117.494281 Y81.000116 Z32.914055 E0.31994
G1 X118.976363 Y80.696437 Z32.916483 E0.319918
G1 X120.467154 Y80.439479 Z32.91891 E0.319897
G1 X121.965181 Y80.229489 Z32.921338 E0.319876
G1 X123.468966 Y80.066667 Z32.923766 E0.319855
G1 X124.977024 Y79.951169 Z32.926194 E0.319834
G1 X126.487866 Y79.883102 Z32.928622 E0.319813
G1 X128 Y79.862526 Z32.93105 E0.319792
G1 X129.511935 Y79.889456 Z32.933477 E0.319771
G1 X131.022178 Y79.96386 Z32.935905 E0.31975
G1 X132.529239 Y80.085656 Z32.938333 E0.319728
G1 X134.031632 Y80.25472 Z32.940761 E0.319707
G1 X135.527874 Y80.470877 Z32.943189 E0.319686
G1 X137.016489 Y80.733909 Z32.945617 E0.319665
G1 X138.49601 Y81.043549 Z32.948044 E0.319644
G1 X139.964978 Y81.399486 Z32.950472 E0.319623
G1 X141.421945 Y81.801362 Z32.9529 E0.319602
G1 X142.865474 Y82.248775 Z32.955328 E0.319581
G1 X144.294143 Y82.741278 Z32.957756 E0.319559
G1 X145.706543 Y83.278377 Z32.960184 E0.319538
G1 X147.101284 Y83.859538 Z32.962611 E0.319517
G1 X148.47699 Y84.484181 Z32.965039 E0.319496
G1 X149.832308 Y85.151683 Z32.967467 E0.319475
G1 X151.165901 Y85.861382 Z32.969895 E0.319454
G1 X152.476458 Y86.612569 Z32.972323 E0.319433
G1 X153.762688 Y87.4045 Z32.974751 E0.319412
G1 X155.023324 Y88.236386 Z32.977178 E0.319391
G1 X156.257127 Y89.107402 Z32.979606 E0.319369
G1 X157.462881 Y90.016683 Z32.982034 E0.319348
G1 X158.639401 Y90.963326 Z32.984462 E0.319327
G1 X159.78553 Y91.946393 Z32.98689 E0.319306
G1 X160.900141 Y92.964908 Z32.989317 E0.319285
G1 X161.982138 Y94.017862 Z32.991745 E0.319264
G1 X163.030457 Y95.104211 Z32.994173 E0.319243
G1 X164.044069 Y96.222879 Z32.996601 E0.319222
G1 X165.021978 Y97.372757 Z32.999029 E0.3192
G1 X165.963223 Y98.552706 Z33.001457 E0.319179
G1 X166.86688 Y99.761559 Z33.003884 E0.319158
G1 X167.732063 Y100.998118 Z33.006312 E0.319137
G1 X168.557923 Y102.261159 Z33.00874 E0.319116
G1 X169.343651 Y103.549433 Z33.011168 E0.319095
G1 X170.088475 Y104.861665 Z33.013596 E0.319074
G1 X170.791667 Y106.196556 Z33.016024 E0.319053
G1 X171.452539 Y107.552787 Z33.018451 E0.319032
G1 X172.070442 Y108.929017 Z33.020879 E0.31901
G1 X172.644775 Y110.323883 Z33.023307 E0.318989
G1 X173.174974 Y111.736008 Z33.025735 E0.318968
G1 X173.660524 Y113.163996 Z33.028163 E0.318947
G1 X174.100951 Y114.606436 Z33.030591 E0.318926
G1 X174.495826 Y116.061901 Z33.033018 E0.318905
G1 X174.844765 Y117.528954 Z33.035446 E0.318884
G1 X175.147431 Y119.006146 Z33.037874 E0.318863
G1 X175.403531 Y120.492018 Z33.040302 E0.318841
G1 X175.612818 Y121.985102 Z33.04273 E0.31882
G1 X175.775091 Y123.483924 Z33.045158 E0.318799
G1 X175.890198 Y124.987004 Z33.047585 E0.318778
G1 X175.95803 Y126.492858 Z33.050013 E0.318757
G1 X175.978527 Y128 Z33.052441 E0.318736
G1 X175.951675 Y129.506942 Z33.054869 E0.318715
G1 X175.877507 Y131.012197 Z33.057297 E0.318694
G1 X175.756102 Y132.514281 Z33.059725 E0.318673
G1 X175.587587 Y134.01171 Z33.062152 E0.318651
G1 X175.372133 Y135.503009 Z33.06458 E0.31863
G1 X175.10996 Y136.986705 Z33.067008 E0.318609
G1 X174.801332 Y138.461337 Z33.069436 E0.318588
G1 X174.446561 Y139.92545 Z33.071864 E0.318567
G1 X174.046002 Y141.3776 Z33.074291 E0.318546
G1 X173.600057 Y142.816357 Z33.076719 E0.318525
G1 X173.109172 Y144.240301 Z33.079147 E0.318504
G1 X172.573838 Y145.648031 Z33.081575 E0.318482
G1 X171.994588 Y147.038158 Z33.084003 E0.318461
G1 X171.372 Y148.409314 Z33.086431 E0.31844
G1 X170.706694 Y149.760147 Z33.088858 E0.318419
G1 X169.999332 Y151.089328 Z33.091286 E0.318398
G1 X169.250618 Y152.395548 Z33.093714 E0.318377
G1 X168.461297 Y153.67752 Z33.096142 E0.318356
G1 X167.632152 Y154.933983 Z33.09857 E0.318335
G1 X166.764007 Y156.1637 Z33.100998 E0.318314
G1 X165.857725 Y157.365461 Z33.103425 E0.318292
G1 X164.914203 Y158.538085 Z33.105853 E0.318271
G1 X163.934379 Y159.680417 Z33.108281 E0.31825
G1 X162.919225 Y160.791335 Z33.110709 E0.318229
G1 X161.869746 Y161.869746 Z33.113137 E0.318208
G1 X160.786982 Y162.91459 Z33.115565 E0.318187
G1 X159.672008 Y163.924841 Z33.117992 E0.318166
G1 X158.525927 Y164.899507 Z33.12042 E0.318145
G1 X157.349874 Y165.83763 Z33.122848 E0.318123
G1 X156.145015 Y166.738289 Z33.125276 E0.318102
G1 X154.912541 Y167.600601 Z33.127704 E0.318081
G1 X153.653673 Y168.42372 Z33.130132 E0.31806
G1 X152.369656 Y169.206839 Z33.132559 E0.318039
G1 X151.061762 Y169.949189 Z33.134987 E0.318018
G1 X149.731283 Y170.650045 Z33.137415 E0.317997
G1 X148.379536 Y171.308719 Z33.139843 E0.317976
G1 X147.007858 Y171.924568 Z33.142271 E0.317955
G1 X145.617604 Y172.49699 Z33.144699 E0.317933
G1 X144.21015 Y173.025424 Z33.147126 E0.317912
G1 X142.786886 Y173.509357 Z33.149554 E0.317891
G1 X141.34922 Y173.948315 Z33.151982 E0.31787
G1 X139.898571 Y174.341873 Z33.15441 E0.317849
G1 X138.436372 Y174.689646 Z33.156838 E0.317828
G1 X136.96407 Y174.9913 Z33.159265 E0.317807
G1 X135.483117 Y175.246541 Z33.161693 E0.317786
G1 X133.994976 Y175.455124 Z33.164121 E0.317764
G1 X132.501118 Y175.61685 Z33.166549 E0.317743
G1 X131.003015 Y175.731564 Z33.168977 E0.317722
G1 X129.502149 Y175.799161 Z33.171405 E0.317701
G1 X128 Y175.81958 Z33.173832 E0.31768
G1 X126.498051 Y175.792807 Z33.17626 E0.317659
G1 X124.997783 Y175.718874 Z33.178688 E0.317638
G1 X123.500677 Y175.597861 Z33.181116 E0.317617
G1 X122.008211 Y175.429893 Z33.183544 E0.317595
G1 X120.521856 Y175.215143 Z33.185972 E0.317574
G1 X119.043078 Y174.953828 Z33.188399 E0.317553
G1 X117.573336 Y174.646213 Z33.190827 E0.317532
G1 X116.114079 Y174.292608 Z33.193255 E0.317511
G1 X114.666745 Y173.893366 Z33.195683 E0.31749
G1 X113.232761 Y173.44889 Z33.198111 E0.317469
G1 X111.81354 Y172.959622 Z33.200539 E0.317448
G1 X110.410481 Y172.426053 Z33.202966 E0.317427
G1 X109.024967 Y171.848714 Z33.205394 E0.317405
G1 X107.658362 Y171.22818 Z33.207822 E0.317384
G1 X106.312013 Y170.565071 Z33.21025 E0.317363
G1 X104.987245 Y169.860046 Z33.212678 E0.317342
G1 X103.685363 Y169.113806 Z33.215106 E0.317321
G1 X102.407648 Y168.327094 Z33.217533 E0.3173
G1 X101.155359 Y167.50069 Z33.219961 E0.317279
G1 X99.929727 Y166.635417 Z33.222389 E0.317258
G1 X98.731958 Y165.732132 Z33.224817 E0.317236
G1 X97.563232 Y164.791733 Z33.227245 E0.317215
G1 X96.424696 Y163.815152 Z33.229673 E0.317194
G1 X95.317472 Y162.803357 Z33.2321 E0.317173
G1 X94.242647 Y161.757353 Z33.234528 E0.317152
G1 X93.201277 Y160.678176 Z33.236956 E0.317131
G1 X92.194387 Y159.566894 Z33.239384 E0.31711
G1 X91.222964 Y158.42461 Z33.241812 E0.317089
G1 X90.287963 Y157.252455 Z33.244239 E0.317068
G1 X89.390301 Y156.051588 Z33.246667 E0.317046
G1 X88.530861 Y154.823199 Z33.249095 E0.317025
G1 X87.710483 Y153.568505 Z33.251523 E0.317004
G1 X86.929974 Y152.288746 Z33.253951 E0.316983
G1 X86.190097 Y150.985189 Z33.256379 E0.316962
G1 X85.491578 Y149.659123 Z33.258806 E0.316941
G1 X84.8351 Y148.31186 Z33.261234 E0.31692
G1 X84.221306 Y146.944733 Z33.263662 E0.316899
G1 X83.650796 Y145.559092 Z33.26609 E0.316877
G1 X83.124126 Y144.156309 Z33.268518 E0.316856
G1 X82.641811 Y142.737769 Z33.270946 E0.316835
G1 X82.20432 Y141.304875 Z33.273373 E0.316814
G1 X81.812081 Y139.859042 Z33.275801 E0.316793
G1 X81.465473 Y138.401699 Z33.278229 E0.316772
G1 X81.164832 Y136.934286 Z33.280657 E0.316751
G1 X80.910449 Y135.458252 Z33.283085 E0.31673
G1 X80.70257 Y133.975055 Z33.285513 E0.316709
G1 X80.541392 Y132.486159 Z33.28794 E0.316687
G1 X80.427069 Y130.993035 Z33.290368 E0.316666
G1 X80.359707 Y129.497157 Z33.292796 E0.316645
G1 X80.339367 Y128 Z33.295224 E0.316624
G1 X80.366062 Y126.503043 Z33.297652 E0.316603
G1 X80.439759 Y125.007763 Z33.30008 E0.316582
G1 X80.560381 Y123.515636 Z33.302507 E0.316561
G1 X80.727801 Y122.028132 Z33.304935 E0.31654
G1 X80.941847 Y120.546721 Z33.307363 E0.316518
G1 X81.202303 Y119.072862 Z33.309791 E0.316497
G1 X81.508906 Y117.608009 Z33.312219 E0.316476
G1 X81.861346 Y116.153607 Z33.314647 E0.316455
G1 X82.259269 Y114.711089 Z33.317074 E0.316434
G1 X82.702278 Y113.281878 Z33.319502 E0.316413
G1 X83.189928 Y111.867381 Z33.32193 E0.316392
G1 X83.721732 Y110.468994 Z33.324358 E0.316371
G1 X84.297161 Y109.088093 Z33.326786 E0.31635
G1 X84.915639 Y107.726039 Z33.329213 E0.316328
G1 X85.576552 Y106.384173 Z33.331641 E0.316307
G1 X86.27924 Y105.063818 Z33.334069 E0.316286
G1 X87.023006 Y103.766273 Z33.336497 E0.316265
G1 X87.80711 Y102.492816 Z33.338925 E0.316244
G1 X88.630772 Y101.2447 Z33.341353 E0.316223
G1 X89.493174 Y100.023153 Z33.34378 E0.316202
G1 X90.393461 Y98.829378 Z33.346208 E0.316181
G1 X91.330738 Y97.664548 Z33.348636 E0.316159
G1 X92.304076 Y96.52981 Z33.351064 E0.316138
G1 X93.31251 Y95.426279 Z33.353492 E0.316117
G1 X94.355039 Y94.355039 Z33.35592 E0.316096
G1 X95.430631 Y93.317145 Z33.358347 E0.316075
G1 X96.538219 Y92.313614 Z33.360775 E0.316054
G1 X97.676706 Y91.345435 Z33.363203 E0.316033
G1 X98.844965 Y90.413556 Z33.365631 E0.316012
G1 X100.041839 Y89.518892 Z33.368059 E0.315991
G1 X101.266142 Y88.662322 Z33.370487 E0.315969
G1 X102.516663 Y87.844687 Z33.372914 E0.315948
G1 X103.792165 Y87.066786 Z33.375342 E0.315927
G1 X105.091385 Y86.329383 Z33.37777 E0.315906
G1 X106.413038 Y85.633201 Z33.380198 E0.315885
G1 X107.755816 Y84.97892 Z33.382626 E0.315864
G1 X109.118393 Y84.36718 Z33.385054 E0.315843
G1 X110.49942 Y83.798581 Z33.387481 E0.315822
G1 X111.897532 Y83.273676 Z33.389909 E0.3158
G1 X113.311348 Y82.792978 Z33.392337 E0.315779
G1 X114.73947 Y82.356956 Z33.394765 E0.315758
G1 X116.180486 Y81.966034 Z33.397193 E0.315737
G1 X117.632974 Y81.620591 Z33.399621 E0.315716
G1 X119.095498 Y81.320963 Z33.402048 E0.315695
G1 X120.566613 Y81.067439 Z33.404476 E0.315674
G1 X122.044866 Y80.860263 Z33.406904 E0.315653
G1 X123.528799 Y80.699633 Z33.409332 E0.315632
G1 X125.016945 Y80.585702 Z33.41176 E0.31561
G1 X126.507836 Y80.518576 Z33.414187 E0.315589
G1 X128 Y80.498314 Z33.416615 E0.315568
G1 X129.491964 Y80.52493 Z33.419043 E0.315547
G1 X130.982256 Y80.598393 Z33.421471 E0.315526
G1 X132.469406 Y80.718622 Z33.423899 E0.315505
G1 X133.951946 Y80.885494 Z33.426327 E0.315484
G1 X135.428414 Y81.098837 Z33.428754 E0.315463
G1 X136.897354 Y81.358435 Z33.431182 E0.315441
G1 X138.357318 Y81.664025 Z33.43361 E0.31542
G1 X139.806864 Y82.015299 Z33.436038 E0.315399
G1 X141.244566 Y82.411905 Z33.438466 E0.315378
G1 X142.669005 Y82.853445 Z33.440894 E0.315357
G1 X144.078777 Y83.339478 Z33.443321 E0.315336
G1 X145.472494 Y83.869517 Z33.445749 E0.315315
G1 X146.848782 Y84.443035 Z33.448177 E0.315294
G1 X148.206285 Y85.059459 Z33.450605 E0.315273
G1 X149.543666 Y85.718174 Z33.453033 E0.315251
G1 X150.859608 Y86.418527 Z33.455461 E0.31523
G1 X152.152816 Y87.159818 Z33.457888 E0.315209
G1 X153.422016 Y87.941313 Z33.460316 E0.315188
G1 X154.665959 Y88.762234 Z33.462744 E0.315167
G1 X155.88342 Y89.621765 Z33.465172 E0.315146
G1 X157.073202 Y90.519053 Z33.4676 E0.315125
G1 X158.234135 Y91.453209 Z33.470028 E0.315104
G1 X159.365077 Y92.423304 Z33.472455 E0.315082
G1 X160.464915 Y93.428377 Z33.474883 E0.315061
G1 X161.532568 Y94.467432 Z33.477311 E0.31504
G1 X162.566988 Y95.539438 Z33.479739 E0.315019
G1 X163.567158 Y96.643332 Z33.482167 E0.314998
G1 X164.532095 Y97.778023 Z33.484595 E0.314977
G1 X165.460852 Y98.942385 Z33.487022 E0.314956
G1 X166.352517 Y100.135265 Z33.48945 E0.314935
G1 X167.206216 Y101.355483 Z33.491878 E0.314914
G1 X168.02111 Y102.601831 Z33.494306 E0.314892
G1 X168.796402 Y103.873075 Z33.496734 E0.314871
G1 X169.53133 Y105.167958 Z33.499162 E0.31485
G1 X170.225177 Y106.485198 Z33.501589 E0.314829
G1 X170.877261 Y107.823493 Z33.504017 E0.314808
G1 X171.486945 Y109.181518 Z33.506445 E0.314787
G1 X172.053634 Y110.557932 Z33.508873 E0.314766
G1 X172.576774 Y111.951374 Z33.511301 E0.314745
G1 X173.055854 Y113.360466 Z33.513728 E0.314723
G1 X173.490408 Y114.783815 Z33.516156 E0.314702
G1 X173.880013 Y116.220015 Z33.518584 E0.314681
G1 X174.22429 Y117.667647 Z33.521012 E0.31466
G1 X174.522905 Y119.125281 Z33.52344 E0.314639
G1 X174.775571 Y120.591477 Z33.525868 E0.314618
G1 X174.982043 Y122.064788 Z33.528295 E0.314597
G1 X175.142125 Y123.543757 Z33.530723 E0.314576
G1 X175.255665 Y125.026926 Z33.533151 E0.314555
G1 X175.322556 Y126.512829 Z33.535579 E0.314533
G1 X175.342739 Y128 Z33.538007 E0.314512
G1 X175.316201 Y129.486972 Z33.540435 E0.314491
G1 X175.242974 Y130.972276 Z33.542862 E0.31447
G1 X175.123136 Y132.454448 Z33.54529 E0.314449
G1 X174.956812 Y133.932025 Z33.547718 E0.314428
G1 X174.744173 Y135.40355 Z33.550146 E0.314407
G1 X174.485434 Y136.867571 Z33.552574 E0.314386
G1 X174.180856 Y138.322644 Z33.555002 E0.314364
G1 X173.830748 Y139.767336 Z33.557429 E0.314343
G1 X173.435459 Y141.200221 Z33.559857 E0.314322
G1 X172.995387 Y142.619888 Z33.562285 E0.314301
G1 X172.510972 Y144.024936 Z33.564713 E0.31428
G1 X171.982697 Y145.413982 Z33.567141 E0.314259
G1 X171.411091 Y146.785656 Z33.569569 E0.314238
G1 X170.796722 Y148.138609 Z33.571996 E0.314217
G1 X170.140203 Y149.471506 Z33.574424 E0.314196
G1 X169.442187 Y150.783035 Z33.576852 E0.314174
G1 X168.703369 Y152.071906 Z33.57928 E0.314153
G1 X167.924484 Y153.336848 Z33.581708 E0.314132
G1 X167.106305 Y154.576617 Z33.584136 E0.314111
G1 X166.249644 Y155.789993 Z33.586563 E0.31409
G1 X165.355354 Y156.975783 Z33.588991 E0.314069
G1 X164.424321 Y158.132819 Z33.591419 E0.314048
G1 X163.457468 Y159.259963 Z33.593847 E0.314027
G1 X162.455755 Y160.356108 Z33.596275 E0.314005
G1 X161.420176 Y161.420176 Z33.598702 E0.313984
G1 X160.351756 Y162.451121 Z33.60113 E0.313963
G1 X159.251554 Y163.44793 Z33.603558 E0.313942
G1 X158.120661 Y164.409624 Z33.605986 E0.313921
G1 X156.960196 Y165.335259 Z33.608414 E0.3139
G1 X155.771308 Y166.223926 Z33.610842 E0.313879
G1 X154.555175 Y167.074754 Z33.613269 E0.313858
G1 X153.313001 Y167.886907 Z33.615697 E0.313837
G1 X152.046014 Y168.659589 Z33.618125 E0.313815
G1 X150.755469 Y169.392044 Z33.620553 E0.313794
G1 X149.442642 Y170.083554 Z33.622981 E0.313773
G1 X148.108831 Y170.733441 Z33.625409 E0.313752
G1 X146.755356 Y171.341071 Z33.627836 E0.313731
G1 X145.383555 Y171.905849 Z33.630264 E0.31371
G1 X143.994785 Y172.427224 Z33.632692 E0.313689
G1 X142.590417 Y172.904687 Z33.63512 E0.313668
G1 X141.171841 Y173.337772 Z33.637548 E0.313646
G1 X139.740457 Y173.726059 Z33.639976 E0.313625
G1 X138.29768 Y174.069171 Z33.642403 E0.313604
G1 X136.844935 Y174.366774 Z33.644831 E0.313583
G1 X135.383658 Y174.618581 Z33.647259 E0.313562
G1 X133.915291 Y174.82435 Z33.649687 E0.313541
G1 X132.441285 Y174.983884 Z33.652115 E0.31352
G1 X130.963094 Y175.097031 Z33.654543 E0.313499
G1 X129.482179 Y175.163688 Z33.65697 E0.313478
G1 X128 Y175.183792 Z33.659398 E0.313456
G1 X126.518021 Y175.157333 Z33.661826 E0.313435
G1 X125.037704 Y175.084341 Z33.664254 E0.313414
G1 X123.56051 Y174.964895 Z33.666682 E0.313393
G1 X122.087896 Y174.799119 Z33.66911 E0.313372
G1 X120.621315 Y174.587183 Z33.671537 E0.313351
G1 X119.162213 Y174.329302 Z33.673965 E0.31333
G1 X117.712029 Y174.025737 Z33.676393 E0.313309
G1 X116.272193 Y173.676794 Z33.678821 E0.313287
G1 X114.844124 Y173.282824 Z33.681249 E0.313266
G1 X113.42923 Y172.84422 Z33.683676 E0.313245
G1 X112.028905 Y172.361422 Z33.686104 E0.313224
G1 X110.64453 Y171.834912 Z33.688532 E0.313203
G1 X109.277469 Y171.265217 Z33.69096 E0.313182
G1 X107.929068 Y170.652902 Z33.693388 E0.313161
G1 X106.600655 Y169.99858 Z33.695816 E0.31314
G1 X105.293538 Y169.302901 Z33.698243 E0.313119
G1 X104.009005 Y168.566557 Z33.700671 E0.313097
G1 X102.74832 Y167.79028 Z33.703099 E0.313076
G1 X101.512724 Y166.974843 Z33.705527 E0.313055
G1 X100.303433 Y166.121054 Z33.707955 E0.313034
G1 X99.121637 Y165.229761 Z33.710383 E0.313013
G1 X97.968498 Y164.30185 Z33.71281 E0.312992
G1 X96.84515 Y163.33824 Z33.715238 E0.312971
G1 X95.752699 Y162.339888 Z33.717666 E0.31295
G1 X94.692217 Y161.307783 Z33.720094 E0.312928
G1 X93.664747 Y160.242949 Z33.722522 E0.312907
G1 X92.671298 Y159.146441 Z33.72495 E0.312886
G1 X91.712847 Y158.019344 Z33.727377 E0.312865
G1 X90.790334 Y156.862776 Z33.729805 E0.312844
G1 X89.904664 Y155.677881 Z33.732233 E0.312823
G1 X89.056708 Y154.465834 Z33.734661 E0.312802
G1 X88.247296 Y153.227833 Z33.737089 E0.312781
G1 X87.477223 Y151.965104 Z33.739517 E0.31276
G1 X86.747242 Y150.678896 Z33.741944 E0.312738
G1 X86.058069 Y149.370481 Z33.744372 E0.312717
G1 X85.410378 Y148.041155 Z33.7468 E0.312696
G1 X84.804803 Y146.692231 Z33.749228 E0.312675
G1 X84.241936 Y145.325043 Z33.751656 E0.312654
G1 X83.722326 Y143.940943 Z33.754084 E0.312633
G1 X83.246481 Y142.5413 Z33.756511 E0.312612
G1 X82.814863 Y141.127496 Z33.758939 E0.312591
G1 X82.427894 Y139.700928 Z33.761367 E0.312569
G1 X82.085948 Y138.263006 Z33.763795 E0.312548
G1 X81.789358 Y136.815151 Z33.766223 E0.312527
G1 X81.538409 Y135.358793 Z33.76865 E0.312506
G1 X81.333344 Y133.89537 Z33.771078 E0.312485
G1 X81.174358 Y132.426326 Z33.773506 E0.312464
G1 X81.061602 Y130.953114 Z33.775934 E0.312443
G1 X80.995181 Y129.477186 Z33.778362 E0.312422
G1 X80.975154 Y128 Z33.78079 E0.312401
G1 X81.001536 Y126.523014 Z33.783217 E0.312379
G1 X81.074293 Y125.047685 Z33.785645 E0.312358
G1 X81.193347 Y123.575469 Z33.788073 E0.312337
G1 X81.358575 Y122.107818 Z33.790501 E0.312316
G1 X81.569807 Y120.64618 Z33.792929 E0.312295
G1 X81.826829 Y119.191997 Z33.795357 E0.312274
G1 X82.129382 Y117.746702 Z33.797784 E0.312253
G1 X82.477159 Y116.311721 Z33.800212 E0.312232
G1 X82.869812 Y114.888468 Z33.80264 E0.31221
G1 X83.306948 Y113.478347 Z33.805068 E0.312189
G1 X83.788128 Y112.082747 Z33.807496 E0.312168
G1 X84.312873 Y110.703043 Z33.809924 E0.312147
G1 X84.880658 Y109.340594 Z33.812351 E0.312126
G1 X85.490917 Y107.996744 Z33.814779 E0.312105
G1 X86.143043 Y106.672815 Z33.817207 E0.312084
G1 X86.836385 Y105.370111 Z33.819635 E0.312063
G1 X87.570255 Y104.089916 Z33.822063 E0.312042
G1 X88.343923 Y102.833488 Z33.824491 E0.31202
G1 X89.156619 Y101.602066 Z33.826918 E0.311999
G1 X90.007537 Y100.39686 Z33.829346 E0.311978
G1 X90.895831 Y99.219057 Z33.831774 E0.311957
G1 X91.820621 Y98.069815 Z33.834202 E0.311936
G1 X92.780988 Y96.950264 Z33.83663 E0.311915
G1 X93.775979 Y95.861505 Z33.839058 E0.311894
G1 X94.804609 Y94.804609 Z33.841485 E0.311873
G1 X95.865858 Y93.780614 Z33.843913 E0.311851
G1 X96.958673 Y92.790526 Z33.846341 E0.31183
G1 X98.081973 Y91.835317 Z33.848769 E0.311809
G1 X99.234644 Y90.915926 Z33.851197 E0.311788
G1 X100.415545 Y90.033255 Z33.853624 E0.311767
G1 X101.623508 Y89.18817 Z33.856052 E0.311746
G1 X102.857335 Y88.3815 Z33.85848 E0.311725
G1 X104.115807 Y87.614035 Z33.860908 E0.311704
G1 X105.397678 Y86.886528 Z33.863336 E0.311683
G1 X106.701679 Y86.199692 Z33.865764 E0.311661
G1 X108.026521 Y85.554198 Z33.868191 E0.31164
G1 X109.370895 Y84.950677 Z33.870619 E0.311619
G1 X110.733469 Y84.389721 Z33.873047 E0.311598
G1 X112.112898 Y83.871876 Z33.875475 E0.311577
G1 X113.507817 Y83.397648 Z33.877903 E0.311556
G1 X114.916849 Y82.967499 Z33.880331 E0.311535
G1 X116.3386 Y82.581847 Z33.882758 E0.311514
G1 X117.771667 Y82.241067 Z33.885186 E0.311492
G1 X119.214632 Y81.945489 Z33.887614 E0.311471
G1 X120.666072 Y81.695399 Z33.890042 E0.31145
G1 X122.124552 Y81.491037 Z33.89247 E0.311429
G1 X123.588632 Y81.332599 Z33.894898 E0.311408
G1 X125.056867 Y81.220235 Z33.897325 E0.311387
G1 X126.527807 Y81.154049 Z33.899753 E0.311366
G1 X128 Y81.134101 Z33.902181 E0.311345
G1 X129.471994 Y81.160404 Z33.904609 E0.311324
G1 X130.942335 Y81.232926 Z33.907037 E0.311302
G1 X132.409573 Y81.351588 Z33.909465 E0.311281
G1 X133.872261 Y81.516268 Z33.911892 E0.31126
G1 X135.328955 Y81.726797 Z33.91432 E0.311239
G1 X136.77822 Y81.982961 Z33.916748 E0.311218
G1 X138.218625 Y82.284501 Z33.919176 E0.311197
G1 X139.64875 Y82.631112 Z33.921604 E0.311176
G1 X141.067187 Y83.022448 Z33.924032 E0.311155
G1 X142.472536 Y83.458115 Z33.926459 E0.311133
G1 X143.863412 Y83.937678 Z33.928887 E0.311112
G1 X145.238445 Y84.460658 Z33.931315 E0.311091
G1 X146.59628 Y85.026532 Z33.933743 E0.31107
G1 X147.93558 Y85.634736 Z33.936171 E0.311049
G1 X149.255025 Y86.284665 Z33.938598 E0.311028
G1 X150.553315 Y86.975672 Z33.941026 E0.311007
G1 X151.829174 Y87.707068 Z33.943454 E0.310986
G1 X153.081344 Y88.478126 Z33.945882 E0.310965
G1 X154.308593 Y89.288081 Z33.94831 E0.310943
G1 X155.509713 Y90.136128 Z33.950738 E0.310922
G1 X156.683524 Y91.021424 Z33.953165 E0.310901
G1 X157.828869 Y91.943092 Z33.955593 E0.31088
G1 X158.944623 Y92.900215 Z33.958021 E0.310859
G1 X160.029688 Y93.891846 Z33.960449 E0.310838
G1 X161.082999 Y94.917001 Z33.962877 E0.310817
G1 X162.103519 Y95.974664 Z33.965305 E0.310796
G1 X163.090246 Y97.063786 Z33.967732 E0.310774
G1 X164.042212 Y98.183289 Z33.97016 E0.310753
G1 X164.958481 Y99.332064 Z33.972588 E0.310732
G1 X165.838154 Y100.508972 Z33.975016 E0.310711
G1 X166.680368 Y101.712849 Z33.977444 E0.31069
G1 X167.484297 Y102.942503 Z33.979872 E0.310669
G1 X168.249153 Y104.196718 Z33.982299 E0.310648
G1 X168.974185 Y105.474251 Z33.984727 E0.310627
G1 X169.658686 Y106.77384 Z33.987155 E0.310606
G1 X170.301983 Y108.094198 Z33.989583 E0.310584
G1 X170.903448 Y109.43402 Z33.992011 E0.310563
G1 X171.462494 Y110.791981 Z33.994439 E0.310542
G1 X171.978574 Y112.166739 Z33.996866 E0.310521
G1 X172.451184 Y113.556935 Z33.999294 E0.3105
G1 X172.879865 Y114.961194 Z34.001722 E0.310479
G1 X173.2642 Y116.378129 Z34.00415 E0.310458
G1 X173.603814 Y117.80634 Z34.006578 E0.310437
G1 X173.898379 Y119.244416 Z34.009006 E0.310415
G1 X174.147611 Y120.690937 Z34.011433 E0.310394
G1 X174.351269 Y122.144473 Z34.013861 E0.310373
G1 X174.509159 Y123.60359 Z34.016289 E0.310352
G1 X174.621132 Y125.066847 Z34.018717 E0.310331
G1 X174.687082 Y126.532799 Z34.021145 E0.31031
G1 X174.706952 Y128 Z34.023572 E0.310289
G1 X174.680727 Y129.467001 Z34.026 E0.310268
G1 X174.608441 Y130.932355 Z34.028428 E0.310247
G1 X174.49017 Y132.394615 Z34.030856 E0.310225
G1 X174.326038 Y133.85234 Z34.033284 E0.310204
G1 X174.116213 Y135.304091 Z34.035712 E0.310183
G1 X173.860907 Y136.748436 Z34.038139 E0.310162
G1 X173.56038 Y138.183952 Z34.040567 E0.310141
G1 X173.214934 Y139.609222 Z34.042995 E0.31012
G1 X172.824916 Y141.022842 Z34.045423 E0.310099
G1 X172.390717 Y142.423418 Z34.047851 E0.310078
G1 X171.912772 Y143.809571 Z34.050279 E0.310056
G1 X171.391557 Y145.179933 Z34.052706 E0.310035
G1 X170.827594 Y146.533155 Z34.055134 E0.310014
G1 X170.221444 Y147.867903 Z34.057562 E0.309993
G1 X169.573712 Y149.182864 Z34.05999 E0.309972
G1 X168.885042 Y150.476742 Z34.062418 E0.309951
G1 X168.15612 Y151.748263 Z34.064846 E0.30993
G1 X167.387671 Y152.996176 Z34.067273 E0.309909
G1 X166.580457 Y154.219251 Z34.069701 E0.309888
G1 X165.735281 Y155.416287 Z34.072129 E0.309866
G1 X164.852983 Y156.586104 Z34.074557 E0.309845
G1 X163.934438 Y157.727552 Z34.076985 E0.309824
G1 X162.980557 Y158.839509 Z34.079413 E0.309803
G1 X161.992286 Y159.920881 Z34.08184 E0.309782
G1 X160.970606 Y160.970606 Z34.084268 E0.309761
G1 X159.916529 Y161.987652 Z34.086696 E0.30974
G1 X158.8311 Y162.971019 Z34.089124 E0.309719
G1 X157.715394 Y163.919741 Z34.091552 E0.309697
G1 X156.570517 Y164.832888 Z34.09398 E0.309676
G1 X155.397601 Y165.709563 Z34.096407 E0.309655
G1 X154.19781 Y166.548906 Z34.098835 E0.309634
G1 X152.972329 Y167.350094 Z34.101263 E0.309613
G1 X151.722372 Y168.11234 Z34.103691 E0.309592
G1 X150.449176 Y168.834899 Z34.106119 E0.309571
G1 X149.154 Y169.517063 Z34.108546 E0.30955
G1 X147.838126 Y170.158163 Z34.110974 E0.309528
G1 X146.502855 Y170.757574 Z34.113402 E0.309507
G1 X145.149506 Y171.314709 Z34.11583 E0.309486
G1 X143.779419 Y171.829024 Z34.118258 E0.309465
G1 X142.393948 Y172.300017 Z34.120686 E0.309444
G1 X140.994461 Y172.72723 Z34.123113 E0.309423
G1 X139.582343 Y173.110246 Z34.125541 E0.309402
G1 X138.158987 Y173.448695 Z34.127969 E0.309381
G1 X136.7258 Y173.742248 Z34.130397 E0.30936
G1 X135.284199 Y173.990621 Z34.132825 E0.309338
G1 X133.835606 Y174.193575 Z34.135253 E0.309317
G1 X132.381452 Y174.350918 Z34.13768 E0.309296
G1 X130.923173 Y174.462498 Z34.140108 E0.309275
G1 X129.462208 Y174.528214 Z34.142536 E0.309254
G1 X128 Y174.548005 Z34.144964 E0.309233
G1 X126.537992 Y174.521859 Z34.147392 E0.309212
G1 X125.077626 Y174.449808 Z34.14982 E0.309191
G1 X123.620343 Y174.331929 Z34.152247 E0.309169
G1 X122.167582 Y174.168344 Z34.154675 E0.309148
G1 X120.720774 Y173.959223 Z34.157103 E0.309127
G1 X119.281348 Y173.704776 Z34.159531 E0.309106
G1 X117.850722 Y173.405262 Z34.161959 E0.309085
G1 X116.430306 Y173.060981 Z34.164387 E0.309064
G1 X115.021503 Y172.672281 Z34.166814 E0.309043
G1 X113.625699 Y172.23955 Z34.169242 E0.309022
G1 X112.244271 Y171.763222 Z34.17167 E0.309001
G1 X110.878579 Y171.243772 Z34.174098 E0.308979
G1 X109.529971 Y170.681719 Z34.176526 E0.308958
G1 X108.199773 Y170.077625 Z34.178954 E0.308937
G1 X106.889296 Y169.432089 Z34.181381 E0.308916
G1 X105.599831 Y168.745756 Z34.183809 E0.308895
G1 X104.332647 Y168.019308 Z34.186237 E0.308874
G1 X103.088992 Y167.253467 Z34.188665 E0.308853
G1 X101.87009 Y166.448995 Z34.191093 E0.308832
G1 X100.67714 Y165.606691 Z34.193521 E0.30881
G1 X99.511316 Y164.72739 Z34.195948 E0.308789
G1 X98.373764 Y163.811967 Z34.198376 E0.308768
G1 X97.265604 Y162.861329 Z34.200804 E0.308747
G1 X96.187925 Y161.876419 Z34.203232 E0.308726
G1 X95.141786 Y160.858214 Z34.20566 E0.308705
G1 X94.128216 Y159.807723 Z34.208087 E0.308684
G1 X93.148209 Y158.725987 Z34.210515 E0.308663
G1 X92.202729 Y157.614078 Z34.212943 E0.308642
G1 X91.292704 Y156.473097 Z34.215371 E0.30862
G1 X90.419027 Y155.304175 Z34.217799 E0.308599
G1 X89.582556 Y154.108468 Z34.220227 E0.308578
G1 X88.78411 Y152.887161 Z34.222654 E0.308557
G1 X88.024472 Y151.641461 Z34.225082 E0.308536
G1 X87.304387 Y150.372603 Z34.22751 E0.308515
G1 X86.62456 Y149.08184 Z34.229938 E0.308494
G1 X85.985656 Y147.77045 Z34.232366 E0.308473
G1 X85.3883 Y146.439729 Z34.234794 E0.308451
G1 X84.833076 Y145.090994 Z34.237221 E0.30843
G1 X84.320526 Y143.725578 Z34.239649 E0.308409
G1 X83.851151 Y142.344831 Z34.242077 E0.308388
G1 X83.425406 Y140.950117 Z34.244505 E0.308367
G1 X83.043707 Y139.542814 Z34.246933 E0.308346
G1 X82.706424 Y138.124314 Z34.249361 E0.308325
G1 X82.413884 Y136.696017 Z34.251788 E0.308304
G1 X82.166369 Y135.259334 Z34.254216 E0.308283
G1 X81.964118 Y133.815684 Z34.256644 E0.308261
G1 X81.807324 Y132.366493 Z34.259072 E0.30824
G1 X81.696135 Y130.913192 Z34.2615 E0.308219
G1 X81.630655 Y129.457215 Z34.263928 E0.308198
G1 X81.610942 Y128 Z34.266355 E0.308177
G1 X81.63701 Y126.542984 Z34.268783 E0.308156
G1 X81.708826 Y125.087606 Z34.271211 E0.308135
G1 X81.826313 Y123.635301 Z34.273639 E0.308114
G1 X81.989349 Y122.187503 Z34.276067 E0.308092
G1 X82.197767 Y120.745639 Z34.278495 E0.308071
G1 X82.451356 Y119.311131 Z34.280922 E0.30805
G1 X82.749857 Y117.885395 Z34.28335 E0.308029
G1 X83.092972 Y116.469835 Z34.285778 E0.308008
G1 X83.480355 Y115.065847 Z34.288206 E0.307987
G1 X83.911618 Y113.674816 Z34.290634 E0.307966
G1 X84.386329 Y112.298112 Z34.293061 E0.307945
G1 X84.904013 Y110.937092 Z34.295489 E0.307924
G1 X85.464155 Y109.593096 Z34.297917 E0.307902
G1 X86.066195 Y108.267449 Z34.300345 E0.307881
G1 X86.709534 Y106.961457 Z34.302773 E0.30786
G1 X87.39353 Y105.676404 Z34.305201 E0.307839
G1 X88.117504 Y104.413558 Z34.307628 E0.307818
G1 X88.880736 Y103.17416 Z34.310056 E0.307797
G1 X89.682467 Y101.959431 Z34.312484 E0.307776
G1 X90.5219 Y100.770567 Z34.314912 E0.307755
G1 X91.398202 Y99.608735 Z34.31734 E0.307733
G1 X92.310504 Y98.475081 Z34.319768 E0.307712
G1 X93.257899 Y97.370718 Z34.322195 E0.307691
G1 X94.239448 Y96.296732 Z34.324623 E0.30767
G1 X95.254179 Y95.254179 Z34.327051 E0.307649
G1 X96.301084 Y94.244083 Z34.329479 E0.307628
G1 X97.379127 Y93.267437 Z34.331907 E0.307607
G1 X98.487239 Y92.3252 Z34.334335 E0.307586
G1 X99.624323 Y91.418297 Z34.336762 E0.307565
G1 X100.789252 Y90.547618 Z34.33919 E0.307543
G1 X101.980873 Y89.714018 Z34.341618 E0.307522
G1 X103.198007 Y88.918313 Z34.344046 E0.307501
G1 X104.439449 Y88.161284 Z34.346474 E0.30748
G1 X105.703971 Y87.443673 Z34.348902 E0.307459
G1 X106.990321 Y86.766183 Z34.351329 E0.307438
G1 X108.297227 Y86.129475 Z34.353757 E0.307417
G1 X109.623396 Y85.534174 Z34.356185 E0.307396
G1 X110.967518 Y84.980861 Z34.358613 E0.307374
G1 X112.328263 Y84.470077 Z34.361041 E0.307353
G1 X113.704287 Y84.002318 Z34.363469 E0.307332
G1 X115.094228 Y83.578042 Z34.365896 E0.307311
G1 X116.496714 Y83.19766 Z34.368324 E0.30729
G1 X117.910359 Y82.861543 Z34.370752 E0.307269
G1 X119.333767 Y82.570016 Z34.37318 E0.307248
G1 X120.765531 Y82.323359 Z34.375608 E0.307227
G1 X122.204237 Y82.121812 Z34.378035 E0.307206
G1 X123.648465 Y81.965565 Z34.380463 E0.307184
G1 X125.096788 Y81.854768 Z34.382891 E0.307163
G1 X126.547777 Y81.789523 Z34.385319 E0.307142
G1 X128 Y81.769889 Z34.387747 E0.307121
G1 X129.452023 Y81.795878 Z34.390175 E0.3071
G1 X130.902413 Y81.867459 Z34.392602 E0.307079
G1 X132.34974 Y81.984554 Z34.39503 E0.307058
G1 X133.792576 Y82.147043 Z34.397458 E0.307037
G1 X135.229496 Y82.354757 Z34.399886 E0.307015
G1 X136.659085 Y82.607487 Z34.402314 E0.306994
G1 X138.079932 Y82.904976 Z34.404742 E0.306973
G1 X139.490637 Y83.246925 Z34.407169 E0.306952
G1 X140.889808 Y83.632991 Z34.409597 E0.306931
G1 X142.276067 Y84.062785 Z34.412025 E0.30691
G1 X143.648047 Y84.535879 Z34.414453 E0.306889
G1 X145.004396 Y85.051798 Z34.416881 E0.306868
G1 X146.343778 Y85.610029 Z34.419309 E0.306847
G1 X147.664875 Y86.210014 Z34.421736 E0.306825
G1 X148.966383 Y86.851156 Z34.424164 E0.306804
G1 X150.247022 Y87.532816 Z34.426592 E0.306783
G1 X151.505532 Y88.254317 Z34.42902 E0.306762
G1 X152.740672 Y89.014939 Z34.431448 E0.306741
G1 X153.951227 Y89.813929 Z34.433876 E0.30672
G1 X155.136007 Y90.650491 Z34.436303 E0.306699
G1 X156.293845 Y91.523795 Z34.438731 E0.306678
G1 X157.423603 Y92.432974 Z34.441159 E0.306656
G1 X158.524169 Y93.377127 Z34.443587 E0.306635
G1 X159.594462 Y94.355316 Z34.446015 E0.306614
G1 X160.633429 Y95.366571 Z34.448443 E0.306593
G1 X161.64005 Y96.409891 Z34.45087 E0.306572
G1 X162.613335 Y97.48424 Z34.453298 E0.306551
G1 X163.552329 Y98.588555 Z34.455726 E0.30653
G1 X164.45611 Y99.721742 Z34.458154 E0.306509
G1 X165.323791 Y100.882679 Z34.460582 E0.306488
G1 X166.15452 Y102.070215 Z34.463009 E0.306466
G1 X166.947484 Y103.283175 Z34.465437 E0.306445
G1 X167.701903 Y104.52036 Z34.467865 E0.306424
G1 X168.41704 Y105.780544 Z34.470293 E0.306403
G1 X169.092195 Y107.062481 Z34.472721 E0.306382
G1 X169.726705 Y108.364903 Z34.475149 E0.306361
G1 X170.319951 Y109.686522 Z34.477576 E0.30634
G1 X170.871354 Y111.02603 Z34.480004 E0.306319
G1 X171.380373 Y112.382105 Z34.482432 E0.306297
G1 X171.846514 Y113.753404 Z34.48486 E0.306276
G1 X172.269322 Y115.138573 Z34.487288 E0.306255
G1 X172.648386 Y116.536243 Z34.489716 E0.306234
G1 X172.983338 Y117.945033 Z34.492143 E0.306213
G1 X173.273853 Y119.363551 Z34.494571 E0.306192
G1 X173.519651 Y120.790396 Z34.496999 E0.306171
G1 X173.720495 Y122.224158 Z34.499427 E0.30615
G1 X173.876193 Y123.663423 Z34.501855 E0.306129
G1 X173.986599 Y125.106768 Z34.504283 E0.306107
G1 X174.051608 Y126.55277 Z34.50671 E0.306086
G1 X174.071164 Y128 Z34.509138 E0.306065
G1 X174.045253 Y129.44703 Z34.511566 E0.306044
G1 X173.973908 Y130.892433 Z34.513994 E0.306023
G1 X173.857204 Y132.334782 Z34.516422 E0.306002
G1 X173.695264 Y133.772654 Z34.51885 E0.305981
G1 X173.488253 Y135.204631 Z34.521277 E0.30596
G1 X173.236381 Y136.629301 Z34.523705 E0.305938
G1 X172.939905 Y138.045259 Z34.526133 E0.305917
G1 X172.599121 Y139.451108 Z34.528561 E0.305896
G1 X172.214374 Y140.845463 Z34.530989 E0.305875
G1 X171.786047 Y142.226949 Z34.533417 E0.305854
G1 X171.314571 Y143.594205 Z34.535844 E0.305833
G1 X170.800417 Y144.945884 Z34.538272 E0.305812
G1 X170.244097 Y146.280653 Z34.5407 E0.305791
G1 X169.646166 Y147.597198 Z34.543128 E0.30577
G1 X169.007221 Y148.894223 Z34.545556 E0.305748
G1 X168.327897 Y150.170449 Z34.547983 E0.305727
G1 X167.608871 Y151.424621 Z34.550411 E0.305706
G1 X166.850857 Y152.655504 Z34.552839 E0.305685
G1 X166.054609 Y153.861886 Z34.555267 E0.305664
G1 X165.220918 Y155.04258 Z34.557695 E0.305643
G1 X164.350612 Y156.196425 Z34.560123 E0.305622
G1 X163.444555 Y157.322286 Z34.56255 E0.305601
G1 X162.503645 Y158.419055 Z34.564978 E0.305579
G1 X161.528817 Y159.485655 Z34.567406 E0.305558
G1 X160.521036 Y160.521036 Z34.569834 E0.305537
G1 X159.481303 Y161.524182 Z34.572262 E0.305516
G1 X158.410646 Y162.494107 Z34.57469 E0.305495
G1 X157.310128 Y163.429858 Z34.577117 E0.305474
G1 X156.180838 Y164.330518 Z34.579545 E0.305453
G1 X155.023895 Y165.1952 Z34.581973 E0.305432
G1 X153.840444 Y166.023059 Z34.584401 E0.305411
G1 X152.631657 Y166.81328 Z34.586829 E0.305389
G1 X151.39873 Y167.565091 Z34.589257 E0.305368
G1 X150.142883 Y168.277754 Z34.591684 E0.305347
G1 X148.865359 Y168.950572 Z34.594112 E0.305326
G1 X147.567421 Y169.582886 Z34.59654 E0.305305
G1 X146.250353 Y170.174077 Z34.598968 E0.305284
G1 X144.915457 Y170.723568 Z34.601396 E0.305263
G1 X143.564054 Y171.230823 Z34.603824 E0.305242
G1 X142.197479 Y171.695347 Z34.606251 E0.30522
G1 X140.817082 Y172.116687 Z34.608679 E0.305199
G1 X139.424229 Y172.494433 Z34.611107 E0.305178
G1 X138.020294 Y172.828219 Z34.613535 E0.305157
G1 X136.606666 Y173.117721 Z34.615963 E0.305136
G1 X135.18474 Y173.362661 Z34.618391 E0.305115
G1 X133.75592 Y173.562801 Z34.620818 E0.305094
G1 X132.321619 Y173.717952 Z34.623246 E0.305073
G1 X130.883251 Y173.827965 Z34.625674 E0.305052
G1 X129.442237 Y173.89274 Z34.628102 E0.30503
G1 X128 Y173.912217 Z34.63053 E0.305009
G1 X126.557962 Y173.886385 Z34.632957 E0.304988
G1 X125.117547 Y173.815275 Z34.635385 E0.304967
G1 X123.680176 Y173.698963 Z34.637813 E0.304946
G1 X122.247267 Y173.53757 Z34.640241 E0.304925
G1 X120.820233 Y173.331263 Z34.642669 E0.304904
G1 X119.400482 Y173.08025 Z34.645097 E0.304883
G1 X117.989414 Y172.784786 Z34.647524 E0.304861
G1 X116.58842 Y172.445168 Z34.649952 E0.30484
G1 X115.198882 Y172.061738 Z34.65238 E0.304819
G1 X113.822168 Y171.63488 Z34.654808 E0.304798
G1 X112.459636 Y171.165021 Z34.657236 E0.304777
G1 X111.112629 Y170.652632 Z34.659664 E0.304756
G1 X109.782472 Y170.098222 Z34.662091 E0.304735
G1 X108.470478 Y169.502347 Z34.664519 E0.304714
G1 X107.177938 Y168.865598 Z34.666947 E0.304693
G1 X105.906124 Y168.188611 Z34.669375 E0.304671
G1 X104.65629 Y167.472059 Z34.671803 E0.30465
G1 X103.429664 Y166.716654 Z34.674231 E0.304629
G1 X102.227456 Y165.923147 Z34.676658 E0.304608
G1 X101.050846 Y165.092328 Z34.679086 E0.304587
G1 X99.900994 Y164.22502 Z34.681514 E0.304566
G1 X98.779031 Y163.322084 Z34.683942 E0.304545
G1 X97.686058 Y162.384418 Z34.68637 E0.304524
G1 X96.623152 Y161.41295 Z34.688798 E0.304502
G1 X95.591356 Y160.408644 Z34.691225 E0.304481
G1 X94.591685 Y159.372496 Z34.693653 E0.30446
G1 X93.625121 Y158.305533 Z34.696081 E0.304439
G1 X92.692612 Y157.208811 Z34.698509 E0.304418
G1 X91.795075 Y156.083418 Z34.700937 E0.304397
G1 X90.93339 Y154.930468 Z34.703365 E0.304376
G1 X90.108403 Y153.751102 Z34.705792 E0.304355
G1 X89.320923 Y152.546489 Z34.70822 E0.304334
G1 X88.571721 Y151.317819 Z34.710648 E0.304312
G1 X87.861532 Y150.06631 Z34.713076 E0.304291
G1 X87.191051 Y148.793198 Z34.715504 E0.30427
G1 X86.560934 Y147.499744 Z34.717931 E0.304249
G1 X85.971797 Y146.187227 Z34.720359 E0.304228
G1 X85.424217 Y144.856945 Z34.722787 E0.304207
G1 X84.918727 Y143.510213 Z34.725215 E0.304186
G1 X84.455821 Y142.148362 Z34.727643 E0.304165
G1 X84.035949 Y140.772738 Z34.730071 E0.304143
G1 X83.65952 Y139.3847 Z34.732498 E0.304122
G1 X83.3269 Y137.985621 Z34.734926 E0.304101
G1 X83.03841 Y136.576882 Z34.737354 E0.30408
G1 X82.794329 Y135.159875 Z34.739782 E0.304059
G1 X82.594892 Y133.735999 Z34.74221 E0.304038
G1 X82.44029 Y132.306661 Z34.744638 E0.304017
G1 X82.330668 Y130.873271 Z34.747065 E0.303996
G1 X82.266129 Y129.437245 Z34.749493 E0.303975
G1 X82.24673 Y128 Z34.751921 E0.303953
G1 X82.272484 Y126.562955 Z34.754349 E0.303932
G1 X82.343359 Y125.127528 Z34.756777 E0.303911
G1 X82.459279 Y123.695134 Z34.759205 E0.30389
G1 X82.620123 Y122.267188 Z34.761632 E0.303869
G1 X82.825727 Y120.845098 Z34.76406 E0.303848
G1 X83.075882 Y119.430266 Z34.766488 E0.303827
G1 X83.370333 Y118.024088 Z34.768916 E0.303806
G1 X83.708785 Y116.627949 Z34.771344 E0.303784
G1 X84.090898 Y115.243227 Z34.773772 E0.303763
G1 X84.516288 Y113.871285 Z34.776199 E0.303742
G1 X84.984529 Y112.513477 Z34.778627 E0.303721
G1 X85.495154 Y111.171141 Z34.781055 E0.3037
G1 X86.047652 Y109.845598 Z34.783483 E0.303679
G1 X86.641473 Y108.538154 Z34.785911 E0.303658
G1 X87.276024 Y107.250098 Z34.788339 E0.303637
G1 X87.950675 Y105.982697 Z34.790766 E0.303616
G1 X88.664754 Y104.7372 Z34.793194 E0.303594
G1 X89.417549 Y103.514832 Z34.795622 E0.303573
G1 X90.208314 Y102.316797 Z34.79805 E0.303552
G1 X91.036263 Y101.144273 Z34.800478 E0.303531
G1 X91.900573 Y99.998414 Z34.802906 E0.30351
G1 X92.800386 Y98.880347 Z34.805333 E0.303489
G1 X93.73481 Y97.791172 Z34.807761 E0.303468
G1 X94.702918 Y96.731958 Z34.810189 E0.303447
G1 X95.703749 Y95.703749 Z34.812617 E0.303425
G1 X96.736311 Y94.707552 Z34.815045 E0.303404
G1 X97.799581 Y93.744348 Z34.817472 E0.303383
G1 X98.892505 Y92.815083 Z34.8199 E0.303362
G1 X100.014001 Y91.920668 Z34.822328 E0.303341
G1 X101.162958 Y91.061981 Z34.824756 E0.30332
G1 X102.338239 Y90.239865 Z34.827184 E0.303299
G1 X103.538679 Y89.455126 Z34.829612 E0.303278
G1 X104.763091 Y88.708533 Z34.832039 E0.303257
G1 X106.010264 Y88.000818 Z34.834467 E0.303235
G1 X107.278962 Y87.332674 Z34.836895 E0.303214
G1 X108.567932 Y86.704753 Z34.839323 E0.303193
G1 X109.875898 Y86.117671 Z34.841751 E0.303172
G1 X111.201567 Y85.572002 Z34.844179 E0.303151
G1 X112.543629 Y85.068277 Z34.846606 E0.30313
G1 X113.900756 Y84.606988 Z34.849034 E0.303109
G1 X115.271607 Y84.188585 Z34.851462 E0.303088
G1 X116.654828 Y83.813474 Z34.85389 E0.303066
G1 X118.049052 Y83.482019 Z34.856318 E0.303045
G1 X119.452902 Y83.194542 Z34.858746 E0.303024
G1 X120.86499 Y82.951319 Z34.861173 E0.303003
G1 X122.283922 Y82.752586 Z34.863601 E0.302982
G1 X123.708298 Y82.598531 Z34.866029 E0.302961
G1 X125.13671 Y82.489301 Z34.868457 E0.30294
G1 X126.567748 Y82.424997 Z34.870885 E0.302919
G1 X128 Y82.405677 Z34.873313 E0.302898
G1 X129.432052 Y82.431352 Z34.87574 E0.302876
G1 X130.862492 Y82.501992 Z34.878168 E0.302855
G1 X132.289907 Y82.61752 Z34.880596 E0.302834
G1 X133.71289 Y82.777817 Z34.883024 E0.302813
G1 X135.130037 Y82.982717 Z34.885452 E0.302792
G1 X136.53995 Y83.232013 Z34.88788 E0.302771
G1 X137.941239 Y83.525452 Z34.890307 E0.30275
G1 X139.332523 Y83.862739 Z34.892735 E0.302729
G1 X140.712429 Y84.243534 Z34.895163 E0.302707
G1 X142.079597 Y84.667455 Z34.897591 E0.302686
G1 X143.432681 Y85.134079 Z34.900019 E0.302665
G1 X144.770347 Y85.642939 Z34.902446 E0.302644
G1 X146.091277 Y86.193526 Z34.904874 E0.302623
G1 X147.394169 Y86.785292 Z34.907302 E0.302602
G1 X148.677742 Y87.417647 Z34.90973 E0.302581
G1 X149.940729 Y88.089961 Z34.912158 E0.30256
G1 X151.181889 Y88.801566 Z34.914586 E0.302539
G1 X152.4 Y89.551753 Z34.917013 E0.302517
G1 X153.593862 Y90.339776 Z34.919441 E0.302496
G1 X154.7623 Y91.164854 Z34.921869 E0.302475
G1 X155.904166 Y92.026166 Z34.924297 E0.302454
G1 X157.018336 Y92.922857 Z34.926725 E0.302433
G1 X158.103715 Y93.854038 Z34.929153 E0.302412
G1 X159.159235 Y94.818785 Z34.93158 E0.302391
G1 X160.183859 Y95.816141 Z34.934008 E0.30237
G1 X161.17658 Y96.845117 Z34.936436 E0.302348
G1 X162.136424 Y97.904694 Z34.938864 E0.302327
G1 X163.062446 Y98.993822 Z34.941292 E0.302306
G1 X163.953739 Y100.111421 Z34.94372 E0.302285
G1 X164.809428 Y101.256385 Z34.946147 E0.302264
G1 X165.628673 Y102.42758 Z34.948575 E0.302243
G1 X166.41067 Y103.623847 Z34.951003 E0.302222
G1 X167.154654 Y104.844002 Z34.953431 E0.302201
G1 X167.859896 Y106.086837 Z34.955859 E0.30218
G1 X168.525704 Y107.351123 Z34.958287 E0.302158
G1 X169.151427 Y108.635608 Z34.960714 E0.302137
G1 X169.736454 Y109.939023 Z34.963142 E0.302116
G1 X170.280213 Y111.260079 Z34.96557 E0.302095
G1 X170.782173 Y112.59747 Z34.967998 E0.302074
G1 X171.241844 Y113.949873 Z34.970426 E0.302053
G1 X171.65878 Y115.315952 Z34.972854 E0.302032
G1 X172.032573 Y116.694357 Z34.975281 E0.302011
G1 X172.362862 Y118.083725 Z34.977709 E0.301989
G1 X172.649327 Y119.482685 Z34.980137 E0.301968
G1 X172.891691 Y120.889855 Z34.982565 E0.301947
G1 X173.08972 Y122.303844 Z34.984993 E0.301926
G1 X173.243227 Y123.723256 Z34.98742 E0.301905
G1 X173.352065 Y125.14669 Z34.989848 E0.301884
G1 X173.416134 Y126.57274 Z34.992276 E0.301863
G1 X173.435376 Y128 Z34.994704 E0.301842
G1 X173.40978 Y129.42706 Z34.997132 E0.301821
G1 X173.339375 Y130.852512 Z34.99956 E0.301799
G1 X173.224238 Y132.274949 Z35.001987 E0.301778
G1 X173.064489 Y133.692969 Z35.004415 E0.301757
G1 X172.860293 Y135.105172 Z35.006843 E0.301736
G1 X172.611855 Y136.510167 Z35.009271 E0.301715
G1 X172.319429 Y137.906566 Z35.011699 E0.301694
G1 X171.983308 Y139.292994 Z35.014127 E0.301673
G1 X171.603831 Y140.668084 Z35.016554 E0.301652
G1 X171.181377 Y142.03048 Z35.018982 E0.30163
G1 X170.716371 Y143.37884 Z35.02141 E0.301609
G1 X170.209276 Y144.711835 Z35.023838 E0.301588
G1 X169.6606 Y146.028151 Z35.026266 E0.301567
G1 X169.070888 Y147.326493 Z35.028694 E0.301546
G1 X168.44073 Y148.605581 Z35.031121 E0.301525
G1 X167.770752 Y149.864156 Z35.033549 E0.301504
G1 X167.061622 Y151.100979 Z35.035977 E0.301483
G1 X166.314044 Y152.314832 Z35.038405 E0.301462
G1 X165.528762 Y153.50452 Z35.040833 E0.30144
G1 X164.706555 Y154.668874 Z35.043261 E0.301419
G1 X163.848242 Y155.806746 Z35.045688 E0.301398
G1 X162.954672 Y156.91702 Z35.048116 E0.301377
G1 X162.026734 Y157.998601 Z35.050544 E0.301356
G1 X161.065348 Y159.050428 Z35.052972 E0.301335
G1 X160.071467 Y160.071467 Z35.0554 E0.301314
G1 X159.046076 Y161.060713 Z35.057828 E0.301293
G1 X157.990192 Y162.017196 Z35.060255 E0.301271
G1 X156.904862 Y162.939976 Z35.062683 E0.30125
G1 X155.791159 Y163.828147 Z35.065111 E0.301229
G1 X154.650188 Y164.680837 Z35.067539 E0.301208
G1 X153.483078 Y165.497211 Z35.069967 E0.301187
G1 X152.290985 Y166.276467 Z35.072394 E0.301166
G1 X151.075087 Y167.017842 Z35.074822 E0.301145
G1 X149.83659 Y167.720609 Z35.07725 E0.301124
G1 X148.576717 Y168.384081 Z35.079678 E0.301103
G1 X147.296715 Y169.007608 Z35.082106 E0.301081
G1 X145.997851 Y169.59058 Z35.084534 E0.30106
G1 X144.681408 Y170.132428 Z35.086961 E0.301039
G1 X143.348689 Y170.632623 Z35.089389 E0.301018
G1 X142.00101 Y171.090677 Z35.091817 E0.300997
G1 X140.639703 Y171.506144 Z35.094245 E0.300976
G1 X139.266115 Y171.87862 Z35.096673 E0.300955
G1 X137.881601 Y172.207743 Z35.099101 E0.300934
G1 X136.487531 Y172.493195 Z35.101528 E0.300912
G1 X135.085281 Y172.734701 Z35.103956 E0.300891
G1 X133.676235 Y172.932027 Z35.106384 E0.30087
G1 X132.261786 Y173.084986 Z35.108812 E0.300849
G1 X130.84333 Y173.193432 Z35.11124 E0.300828
G1 X129.422267 Y173.257266 Z35.113668 E0.300807
G1 X128 Y173.27643 Z35.116095 E0.300786
G1 X126.577933 Y173.250911 Z35.118523 E0.300765
G1 X125.157469 Y173.180742 Z35.120951 E0.300743
G1 X123.740009 Y173.065997 Z35.123379 E0.300722
G1 X122.326952 Y172.906796 Z35.125807 E0.300701
G1 X120.919692 Y172.703303 Z35.128235 E0.30068
G1 X119.519617 Y172.455724 Z35.130662 E0.300659
G1 X118.128107 Y172.16431 Z35.13309 E0.300638
G1 X116.746534 Y171.829355 Z35.135518 E0.300617
G1 X115.376261 Y171.451195 Z35.137946 E0.300596
G1 X114.018637 Y171.03021 Z35.140374 E0.300575
G1 X112.675002 Y170.566821 Z35.142802 E0.300553
G1 X111.346678 Y170.061491 Z35.145229 E0.300532
G1 X110.034974 Y169.514725 Z35.147657 E0.300511
G1 X108.741183 Y168.927069 Z35.150085 E0.30049
G1 X107.466579 Y168.299107 Z35.152513 E0.300469
G1 X106.212417 Y167.631466 Z35.154941 E0.300448
G1 X104.979932 Y166.92481 Z35.157368 E0.300427
G1 X103.770336 Y166.179841 Z35.159796 E0.300406
G1 X102.584821 Y165.3973 Z35.162224 E0.300384
G1 X101.424553 Y164.577965 Z35.164652 E0.300363
G1 X100.290673 Y163.722649 Z35.16708 E0.300342
G1 X99.184297 Y162.832201 Z35.169508 E0.300321
G1 X98.106512 Y161.907506 Z35.171935 E0.3003
G1 X97.058378 Y160.94948 Z35.174363 E0.300279
G1 X96.040926 Y159.959074 Z35.176791 E0.300258
G1 X95.055154 Y158.937269 Z35.179219 E0.300237
G1 X94.102032 Y157.885079 Z35.181647 E0.300216
G1 X93.182495 Y156.803545 Z35.184075 E0.300194
G1 X92.297446 Y155.69374 Z35.186502 E0.300173
G1 X91.447753 Y154.556762 Z35.18893 E0.300152
G1 X90.634251 Y153.393737 Z35.191358 E0.300131
G1 X89.857736 Y152.205817 Z35.193786 E0.30011
G1 X89.11897 Y150.994177 Z35.196214 E0.300089
G1 X88.418677 Y149.760016 Z35.198642 E0.300068
G1 X87.757542 Y148.504557 Z35.201069 E0.300047
G1 X87.136212 Y147.229039 Z35.203497 E0.300025
G1 X86.555294 Y145.934726 Z35.205925 E0.300004
G1 X86.015357 Y144.622896 Z35.208353 E0.299983
G1 X85.516927 Y143.294847 Z35.210781 E0.299962
G1 X85.060491 Y141.951892 Z35.213209 E0.299941
G1 X84.646492 Y140.595358 Z35.215636 E0.29992
G1 X84.275333 Y139.226586 Z35.218064 E0.299899
G1 X83.947376 Y137.846928 Z35.220492 E0.299878
G1 X83.662936 Y136.457747 Z35.22292 E0.299857
G1 X83.422289 Y135.060416 Z35.225348 E0.299835
G1 X83.225667 Y133.656314 Z35.227776 E0.299814
G1 X83.073256 Y132.246828 Z35.230203 E0.299793
G1 X82.965201 Y130.833349 Z35.232631 E0.299772
G1 X82.901603 Y129.417274 Z35.235059 E0.299751
G1 X82.882517 Y128 Z35.237487 E0.29973
G1 X82.907957 Y126.582925 Z35.239915 E0.299709
G1 X82.977892 Y125.167449 Z35.242342 E0.299688
G1 X83.092245 Y123.754967 Z35.24477 E0.299666
G1 X83.250898 Y122.346874 Z35.247198 E0.299645
G1 X83.453687 Y120.944557 Z35.249626 E0.299624
G1 X83.700408 Y119.549401 Z35.252054 E0.299603
G1 X83.990809 Y118.16278 Z35.254482 E0.299582
G1 X84.324599 Y116.786063 Z35.256909 E0.299561
G1 X84.701441 Y115.420606 Z35.259337 E0.29954
G1 X85.120958 Y114.067755 Z35.261765 E0.299519
G1 X85.582729 Y112.728843 Z35.264193 E0.299498
G1 X86.086294 Y111.40519 Z35.266621 E0.299476
G1 X86.631149 Y110.0981 Z35.269049 E0.299455
G1 X87.216751 Y108.80886 Z35.271476 E0.299434
G1 X87.842515 Y107.53874 Z35.273904 E0.299413
G1 X88.50782 Y106.28899 Z35.276332 E0.299392
G1 X89.212003 Y105.060842 Z35.27876 E0.299371
G1 X89.954363 Y103.855504 Z35.281188 E0.29935
G1 X90.734162 Y102.674163 Z35.283616 E0.299329
G1 X91.550626 Y101.51798 Z35.286043 E0.299307
G1 X92.402944 Y100.388093 Z35.288471 E0.299286
G1 X93.290269 Y99.285613 Z35.290899 E0.299265
G1 X94.211722 Y98.211626 Z35.293327 E0.299244
G1 X95.166387 Y97.167185 Z35.295755 E0.299223
G1 X96.153318 Y96.153318 Z35.298183 E0.299202
G1 X97.171537 Y95.171022 Z35.30061 E0.299181
G1 X98.220035 Y94.22126 Z35.303038 E0.29916
G1 X99.297771 Y93.304966 Z35.305466 E0.299139
G1 X100.40368 Y92.423039 Z35.307894 E0.299117
G1 X101.536665 Y91.576344 Z35.310322 E0.299096
G1 X102.695605 Y90.765713 Z35.31275 E0.299075
G1 X103.879351 Y89.99194 Z35.315177 E0.299054
G1 X105.086734 Y89.255783 Z35.317605 E0.299033
G1 X106.316557 Y88.557963 Z35.320033 E0.299012
G1 X107.567604 Y87.899164 Z35.322461 E0.298991
G1 X108.838637 Y87.280031 Z35.324889 E0.29897
G1 X110.1284 Y86.701169 Z35.327316 E0.298948
G1 X111.435616 Y86.163142 Z35.329744 E0.298927
G1 X112.758994 Y85.666477 Z35.332172 E0.298906
G1 X114.097225 Y85.211658 Z35.3346 E0.298885
G1 X115.448986 Y84.799128 Z35.337028 E0.298864
G1 X116.812942 Y84.429287 Z35.339456 E0.298843
G1 X118.187745 Y84.102495 Z35.341883 E0.298822
G1 X119.572036 Y83.819068 Z35.344311 E0.298801
G1 X120.964449 Y83.579279 Z35.346739 E0.29878
G1 X122.363608 Y83.38336 Z35.349167 E0.298758
G1 X123.768131 Y83.231497 Z35.351595 E0.298737
G1 X125.176631 Y83.123834 Z35.354023 E0.298716
G1 X126.587718 Y83.060471 Z35.35645 E0.298695
G1 X128 Y83.041464 Z35.358878 E0.298674
G1 X129.412082 Y83.066826 Z35.361306 E0.298653
G1 X130.822571 Y83.136525 Z35.363734 E0.298632
G1 X132.230074 Y83.250486 Z35.366162 E0.298611
G1 X133.633205 Y83.408591 Z35.36859 E0.298589
G1 X135.030578 Y83.610677 Z35.371017 E0.298568
G1 X136.420815 Y83.856539 Z35.373445 E0.298547
G1 X137.802546 Y84.145928 Z35.375873 E0.298526
G1 X139.174409 Y84.478552 Z35.378301 E0.298505
G1 X140.53505 Y84.854076 Z35.380729 E0.298484
G1 X141.883128 Y85.272125 Z35.383157 E0.298463
G1 X143.217316 Y85.732279 Z35.385584 E0.298442
G1 X144.536298 Y86.234079 Z35.388012 E0.298421
G1 X145.838775 Y86.777023 Z35.39044 E0.298399
G1 X147.123464 Y87.36057 Z35.392868 E0.298378
G1 X148.3891 Y87.984138 Z35.395296 E0.298357
G1 X149.634436 Y88.647106 Z35.397724 E0.298336
G1 X150.858247 Y89.348815 Z35.400151 E0.298315
G1 X152.059328 Y90.088566 Z35.402579 E0.298294
G1 X153.236496 Y90.865624 Z35.405007 E0.298273
G1 X154.388594 Y91.679217 Z35.407435 E0.298252
G1 X155.514487 Y92.528537 Z35.409863 E0.29823
G1 X156.61307 Y93.41274 Z35.41229 E0.298209
G1 X157.683261 Y94.330949 Z35.414718 E0.298188
G1 X158.724008 Y95.282254 Z35.417146 E0.298167
G1 X159.734289 Y96.265711 Z35.419574 E0.298146
G1 X160.713111 Y97.280344 Z35.422002 E0.298125
G1 X161.659512 Y98.325148 Z35.42443 E0.298104
G1 X162.572564 Y99.399088 Z35.426857 E0.298083
G1 X163.451369 Y100.5011 Z35.429285 E0.298062
G1 X164.295065 Y101.630092 Z35.431713 E0.29804
G1 X165.102825 Y102.784946 Z35.434141 E0.298019
G1 X165.873857 Y103.964519 Z35.436569 E0.297998
G1 X166.607405 Y105.167644 Z35.438997 E0.297977
G1 X167.302751 Y106.39313 Z35.441424 E0.297956
G1 X167.959213 Y107.639764 Z35.443852 E0.297935
G1 X168.576149 Y108.906313 Z35.44628 E0.297914
G1 X169.152957 Y110.191525 Z35.448708 E0.297893
G1 X169.689073 Y111.494128 Z35.451136 E0.297871
G1 X170.183973 Y112.812835 Z35.453564 E0.29785
G1 X170.637174 Y114.146342 Z35.455991 E0.297829
G1 X171.048237 Y115.493331 Z35.458419 E0.297808
G1 X171.41676 Y116.852471 Z35.460847 E0.297787
G1 X171.742386 Y118.222418 Z35.463275 E0.297766
G1 X172.024801 Y119.60182 Z35.465703 E0.297745
G1 X172.263731 Y120.989314 Z35.468131 E0.297724
G1 X172.458946 Y122.383529 Z35.470558 E0.297703
G1 X172.610261 Y123.783089 Z35.472986 E0.297681
G1 X172.717532 Y125.186611 Z35.475414 E0.29766
G1 X172.78066 Y126.592711 Z35.477842 E0.297639
G1 X172.799589 Y128 Z35.48027 E0.297618
G1 X172.774306 Y129.407089 Z35.482698 E0.297597
G1 X172.704842 Y130.81259 Z35.485125 E0.297576
G1 X172.591272 Y132.215116 Z35.487553 E0.297555
G1 X172.433715 Y133.613284 Z35.489981 E0.297534
G1 X172.232333 Y135.005713 Z35.492409 E0.297512
G1 X171.987329 Y136.391032 Z35.494837 E0.297491
G1 X171.698953 Y137.767873 Z35.497265 E0.29747
G1 X171.367495 Y139.13488 Z35.499692 E0.297449
G1 X170.993288 Y140.490705 Z35.50212 E0.297428
G1 X170.576707 Y141.834011 Z35.504548 E0.297407
G1 X170.118171 Y143.163474 Z35.506976 E0.297386
G1 X169.618136 Y144.477786 Z35.509404 E0.297365
G1 X169.077103 Y145.77565 Z35.511831 E0.297344
G1 X168.49561 Y147.055788 Z35.514259 E0.297322
G1 X167.874239 Y148.31694 Z35.516687 E0.297301
G1 X167.213607 Y149.557863 Z35.519115 E0.29728
G1 X166.514373 Y150.777337 Z35.521543 E0.297259
G1 X165.777231 Y151.97416 Z35.523971 E0.297238
G1 X165.002914 Y153.147154 Z35.526398 E0.297217
G1 X164.192192 Y154.295167 Z35.528826 E0.297196
G1 X163.345871 Y155.417068 Z35.531254 E0.297175
G1 X162.464789 Y156.511753 Z35.533682 E0.297153
G1 X161.549823 Y157.578147 Z35.53611 E0.297132
G1 X160.601878 Y158.615202 Z35.538538 E0.297111
G1 X159.621897 Y159.621897 Z35.540965 E0.29709
G1 X158.610849 Y160.597244 Z35.543393 E0.297069
G1 X157.569738 Y161.540284 Z35.545821 E0.297048
G1 X156.499595 Y162.450093 Z35.548249 E0.297027
G1 X155.401481 Y163.325776 Z35.550677 E0.297006
G1 X154.276482 Y164.166474 Z35.553105 E0.296985
G1 X153.125713 Y164.971363 Z35.555532 E0.296963
G1 X151.950313 Y165.739654 Z35.55796 E0.296942
G1 X150.751445 Y166.470593 Z35.560388 E0.296921
G1 X149.530297 Y167.163464 Z35.562816 E0.2969
G1 X148.288075 Y167.81759 Z35.565244 E0.296879
G1 X147.02601 Y168.43233 Z35.567672 E0.296858
G1 X145.745349 Y169.007083 Z35.570099 E0.296837
G1 X144.447359 Y169.541288 Z35.572527 E0.296816
G1 X143.133323 Y170.034423 Z35.574955 E0.296794
G1 X141.80454 Y170.486007 Z35.577383 E0.296773
G1 X140.462324 Y170.895601 Z35.579811 E0.296752
G1 X139.108001 Y171.262807 Z35.582239 E0.296731
G1 X137.742909 Y171.587267 Z35.584666 E0.29671
G1 X136.368396 Y171.868669 Z35.587094 E0.296689
G1 X134.985821 Y172.106741 Z35.589522 E0.296668
G1 X133.59655 Y172.301253 Z35.59195 E0.296647
G1 X132.201953 Y172.45202 Z35.594378 E0.296626
G1 X130.803408 Y172.558899 Z35.596805 E0.296604
G1 X129.402296 Y172.621792 Z35.599233 E0.296583
G1 X128 Y172.640642 Z35.601661 E0.296562
G1 X126.597903 Y172.615437 Z35.604089 E0.296541
G1 X125.19739 Y172.546209 Z35.606517 E0.29652
G1 X123.799842 Y172.433031 Z35.608945 E0.296499
G1 X122.406638 Y172.276022 Z35.611372 E0.296478
G1 X121.019152 Y172.075343 Z35.6138 E0.296457
G1 X119.638752 Y171.831198 Z35.616228 E0.296435
G1 X118.2668 Y171.543834 Z35.618656 E0.296414
G1 X116.904648 Y171.213542 Z35.621084 E0.296393
G1 X115.55364 Y170.840652 Z35.623512 E0.296372
G1 X114.215106 Y170.42554 Z35.625939 E0.296351
G1 X112.890367 Y169.968621 Z35.628367 E0.29633
G1 X111.580727 Y169.470351 Z35.630795 E0.296309
G1 X110.287476 Y168.931228 Z35.633223 E0.296288
G1 X109.011888 Y168.351791 Z35.635651 E0.296267
G1 X107.755221 Y167.732616 Z35.638079 E0.296245
G1 X106.51871 Y167.074321 Z35.640506 E0.296224
G1 X105.303574 Y166.37756 Z35.642934 E0.296203
G1 X104.111008 Y165.643027 Z35.645362 E0.296182
G1 X102.942187 Y164.871452 Z35.64779 E0.296161
G1 X101.79826 Y164.063602 Z35.650218 E0.29614
G1 X100.680352 Y163.220278 Z35.652646 E0.296119
G1 X99.589563 Y162.342319 Z35.655073 E0.296098
G1 X98.526966 Y161.430595 Z35.657501 E0.296076
G1 X97.493605 Y160.486011 Z35.659929 E0.296055
G1 X96.490496 Y159.509504 Z35.662357 E0.296034
G1 X95.518624 Y158.502043 Z35.664785 E0.296013
G1 X94.578943 Y157.464625 Z35.667213 E0.295992
G1 X93.672378 Y156.398279 Z35.66964 E0.295971
G1 X92.799817 Y155.304061 Z35.672068 E0.29595
G1 X91.962116 Y154.183055 Z35.674496 E0.295929
G1 X91.160099 Y153.036371 Z35.676924 E0.295908
G1 X90.39455 Y151.865145 Z35.679352 E0.295886
G1 X89.666219 Y150.670535 Z35.681779 E0.295865
G1 X88.975822 Y149.453723 Z35.684207 E0.295844
G1 X88.324033 Y148.215915 Z35.686635 E0.295823
G1 X87.71149 Y146.958334 Z35.689063 E0.295802
G1 X87.138791 Y145.682224 Z35.691491 E0.295781
G1 X86.606497 Y144.388847 Z35.693919 E0.29576
G1 X86.115128 Y143.079482 Z35.696346 E0.295739
G1 X85.665161 Y141.755423 Z35.698774 E0.295717
G1 X85.257035 Y140.417979 Z35.701202 E0.295696
G1 X84.891147 Y139.068472 Z35.70363 E0.295675
G1 X84.567852 Y137.708235 Z35.706058 E0.295654
G1 X84.287462 Y136.338613 Z35.708486 E0.295633
G1 X84.050249 Y134.960957 Z35.710913 E0.295612
G1 X83.856441 Y133.576628 Z35.713341 E0.295591
G1 X83.706222 Y132.186995 Z35.715769 E0.29557
G1 X83.599734 Y130.793428 Z35.718197 E0.295549
G1 X83.537077 Y129.397304 Z35.720625 E0.295527
G1 X83.518305 Y128 Z35.723053 E0.295506
G1 X83.543431 Y126.602896 Z35.72548 E0.295485
G1 X83.612425 Y125.20737 Z35.727908 E0.295464
G1 X83.725211 Y123.8148 Z35.730336 E0.295443
G1 X83.881672 Y122.426559 Z35.732764 E0.295422
G1 X84.081647 Y121.044016 Z35.735192 E0.295401
G1 X84.324934 Y119.668536 Z35.73762 E0.29538
G1 X84.611285 Y118.301473 Z35.740047 E0.295358
G1 X84.940412 Y116.944177 Z35.742475 E0.295337
G1 X85.311984 Y115.597985 Z35.744903 E0.295316
G1 X85.725628 Y114.264224 Z35.747331 E0.295295
G1 X86.18093 Y112.944208 Z35.749759 E0.295274
G1 X86.677434 Y111.639239 Z35.752187 E0.295253
G1 X87.214646 Y110.350601 Z35.754614 E0.295232
G1 X87.792028 Y109.079565 Z35.757042 E0.295211
G1 X88.409006 Y107.827381 Z35.75947 E0.29519
G1 X89.064965 Y106.595283 Z35.761898 E0.295168
G1 X89.759252 Y105.384485 Z35.764326 E0.295147
G1 X90.491176 Y104.196176 Z35.766753 E0.295126
G1 X91.26001 Y103.031528 Z35.769181 E0.295105
G1 X92.064989 Y101.891686 Z35.771609 E0.295084
G1 X92.905315 Y100.777772 Z35.774037 E0.295063
G1 X93.780152 Y99.69088 Z35.776465 E0.295042
G1 X94.688633 Y98.632079 Z35.778893 E0.295021
G1 X95.629856 Y97.602412 Z35.78132 E0.294999
G1 X96.602888 Y96.602888 Z35.783748 E0.294978
G1 X97.606764 Y95.634491 Z35.786176 E0.294957
G1 X98.640489 Y94.698171 Z35.788604 E0.294936
G1 X99.703038 Y93.794848 Z35.791032 E0.294915
G1 X100.793359 Y92.925409 Z35.79346 E0.294894
G1 X101.910372 Y92.090707 Z35.795887 E0.294873
G1 X103.05297 Y91.29156 Z35.798315 E0.294852
G1 X104.220023 Y90.528753 Z35.800743 E0.294831
G1 X105.410376 Y89.803032 Z35.803171 E0.294809
G1 X106.62285 Y89.115108 Z35.805599 E0.294788
G1 X107.856245 Y88.465655 Z35.808027 E0.294767
G1 X109.109342 Y87.855309 Z35.810454 E0.294746
G1 X110.380901 Y87.284666 Z35.812882 E0.294725
G1 X111.669665 Y86.754283 Z35.81531 E0.294704
G1 X112.974359 Y86.264678 Z35.817738 E0.294683
G1 X114.293694 Y85.816328 Z35.820166 E0.294662
G1 X115.626365 Y85.40967 Z35.822594 E0.29464
G1 X116.971056 Y85.0451 Z35.825021 E0.294619
G1 X118.326438 Y84.722971 Z35.827449 E0.294598
G1 X119.691171 Y84.443594 Z35.829877 E0.294577
G1 X121.063908 Y84.207239 Z35.832305 E0.294556
G1 X122.443293 Y84.014134 Z35.834733 E0.294535
G1 X123.827963 Y83.864463 Z35.837161 E0.294514
G1 X125.216552 Y83.758367 Z35.839588 E0.294493
G1 X126.607689 Y83.695945 Z35.842016 E0.294472
G1 X128 Y83.677252 Z35.844444 E0.29445
G1 X129.392111 Y83.7023 Z35.846872 E0.294429
G1 X130.782649 Y83.771058 Z35.8493 E0.294408
G1 X132.170242 Y83.883452 Z35.851727 E0.294387
G1 X133.55352 Y84.039365 Z35.854155 E0.294366
G1 X134.931119 Y84.238637 Z35.856583 E0.294345
G1 X136.301681 Y84.481065 Z35.859011 E0.294324
G1 X137.663854 Y84.766404 Z35.861439 E0.294303
G1 X139.016295 Y85.094365 Z35.863867 E0.294281
G1 X140.35767 Y85.464619 Z35.866294 E0.29426
G1 X141.686659 Y85.876795 Z35.868722 E0.294239
G1 X143.00195 Y86.33048 Z35.87115 E0.294218
G1 X144.302249 Y86.825219 Z35.873578 E0.294197
G1 X145.586273 Y87.36052 Z35.876006 E0.294176
G1 X146.852759 Y87.935848 Z35.878434 E0.294155
G1 X148.100458 Y88.550629 Z35.880861 E0.294134
G1 X149.328143 Y89.204251 Z35.883289 E0.294113
G1 X150.534605 Y89.896064 Z35.885717 E0.294091
G1 X151.718656 Y90.625379 Z35.888145 E0.29407
G1 X152.87913 Y91.391472 Z35.890573 E0.294049
G1 X154.014887 Y92.19358 Z35.893001 E0.294028
G1 X155.124809 Y93.030907 Z35.895428 E0.294007
G1 X156.207804 Y93.902623 Z35.897856 E0.293986
G1 X157.262807 Y94.807861 Z35.900284 E0.293965
G1 X158.288782 Y95.745723 Z35.902712 E0.293944
G1 X159.28472 Y96.71528 Z35.90514 E0.293922
G1 X160.249642 Y97.71557 Z35.907568 E0.293901
G1 X161.182601 Y98.745602 Z35.909995 E0.29388
G1 X162.082681 Y99.804354 Z35.912423 E0.293859
G1 X162.948998 Y100.890778 Z35.914851 E0.293838
G1 X163.780702 Y102.003798 Z35.917279 E0.293817
G1 X164.576978 Y103.142312 Z35.919707 E0.293796
G1 X165.337044 Y104.305191 Z35.922135 E0.293775
G1 X166.060156 Y105.491287 Z35.924562 E0.293754
G1 X166.745606 Y106.699423 Z35.92699 E0.293732
G1 X167.392722 Y107.928406 Z35.929418 E0.293711
G1 X168.000872 Y109.177019 Z35.931846 E0.29369
G1 X168.56946 Y110.444027 Z35.934274 E0.293669
G1 X169.097932 Y111.728177 Z35.936701 E0.293648
G1 X169.585772 Y113.028201 Z35.939129 E0.293627
G1 X170.032504 Y114.342811 Z35.941557 E0.293606
G1 X170.437694 Y115.67071 Z35.943985 E0.293585
G1 X170.800947 Y117.010585 Z35.946413 E0.293563
G1 X171.121911 Y118.361111 Z35.948841 E0.293542
G1 X171.400275 Y119.720955 Z35.951268 E0.293521
G1 X171.635771 Y121.088773 Z35.953696 E0.2935
G1 X171.828172 Y122.463214 Z35.956124 E0.293479
G1 X171.977295 Y123.842922 Z35.958552 E0.293458
G1 X172.082999 Y125.226533 Z35.96098 E0.293437
G1 X172.145186 Y126.612682 Z35.963408 E0.293416
G1 X172.163801 Y128 Z35.965835 E0.293395
G1 X172.138832 Y129.387119 Z35.968263 E0.293373
G1 X172.070309 Y130.772669 Z35.970691 E0.293352
G1 X171.958306 Y132.155283 Z35.973119 E0.293331
G1 X171.802941 Y133.533598 Z35.975547 E0.29331
G1 X171.604373 Y134.906254 Z35.977975 E0.293289
G1 X171.362803 Y136.271897 Z35.980402 E0.293268
G1 X171.078477 Y137.629181 Z35.98283 E0.293247
G1 X170.751682 Y138.976766 Z35.985258 E0.293226
G1 X170.382745 Y140.313326 Z35.987686 E0.293204
G1 X169.972037 Y141.637542 Z35.990114 E0.293183
G1 X169.51997 Y142.948109 Z35.992542 E0.293162
G1 X169.026995 Y144.243737 Z35.994969 E0.293141
G1 X168.493606 Y145.523148 Z35.997397 E0.29312
G1 X167.920333 Y146.785083 Z35.999825 E0.293099
G1 X167.307748 Y148.028298 Z36.002253 E0.293078
G1 X166.656462 Y149.25157 Z36.004681 E0.293057
G1 X165.967124 Y150.453694 Z36.007109 E0.293036
G1 X165.240417 Y151.633488 Z36.009536 E0.293014
G1 X164.477067 Y152.789789 Z36.011964 E0.292993
G1 X163.677829 Y153.92146 Z36.014392 E0.292972
G1 X162.8435 Y155.027389 Z36.01682 E0.292951
G1 X161.974907 Y156.106487 Z36.019248 E0.29293
G1 X161.072911 Y157.157694 Z36.021675 E0.292909
G1 X160.138409 Y158.179975 Z36.024103 E0.292888
G1 X159.172327 Y159.172327 Z36.026531 E0.292867
G1 X158.175623 Y160.133775 Z36.028959 E0.292845
G1 X157.149284 Y161.063373 Z36.031387 E0.292824
G1 X156.094329 Y161.96021 Z36.033815 E0.292803
G1 X155.011802 Y162.823405 Z36.036242 E0.292782
G1 X153.902775 Y163.652111 Z36.03867 E0.292761
G1 X152.768347 Y164.445516 Z36.041098 E0.29274
G1 X151.609641 Y165.202841 Z36.043526 E0.292719
G1 X150.427803 Y165.923344 Z36.045954 E0.292698
G1 X149.224004 Y166.606319 Z36.048382 E0.292677
G1 X147.999434 Y167.251099 Z36.050809 E0.292655
G1 X146.755305 Y167.857052 Z36.053237 E0.292634
G1 X145.492848 Y168.423586 Z36.055665 E0.292613
G1 X144.21331 Y168.950147 Z36.058093 E0.292592
G1 X142.917958 Y169.436222 Z36.060521 E0.292571
G1 X141.608071 Y169.881337 Z36.062949 E0.29255
G1 X140.284945 Y170.285058 Z36.065376 E0.292529
G1 X138.949887 Y170.646993 Z36.067804 E0.292508
G1 X137.604216 Y170.966792 Z36.070232 E0.292486
G1 X136.249261 Y171.244143 Z36.07266 E0.292465
G1 X134.886362 Y171.478781 Z36.075088 E0.292444
G1 X133.516864 Y171.670478 Z36.077516 E0.292423
G1 X132.14212 Y171.819054 Z36.079943 E0.292402
G1 X130.763487 Y171.924366 Z36.082371 E0.292381
G1 X129.382326 Y171.986318 Z36.084799 E0.29236
G1 X128 Y172.004854 Z36.087227 E0.292339
G1 X126.617874 Y171.979963 Z36.089655 E0.292318
G1 X125.237312 Y171.911675 Z36.092083 E0.292296
G1 X123.859675 Y171.800065 Z36.09451 E0.292275
G1 X122.486323 Y171.645247 Z36.096938 E0.292254
G1 X121.118611 Y171.447383 Z36.099366 E0.292233
G1 X119.757887 Y171.206672 Z36.101794 E0.292212
G1 X118.405493 Y170.923358 Z36.104222 E0.292191
G1 X117.062762 Y170.597728 Z36.10665 E0.29217
G1 X115.731019 Y170.230109 Z36.109077 E0.292149
G1 X114.411576 Y169.82087 Z36.111505 E0.292127
G1 X113.105732 Y169.37042 Z36.113933 E0.292106
G1 X111.814776 Y168.87921 Z36.116361 E0.292085
G1 X110.539978 Y168.347731 Z36.118789 E0.292064
G1 X109.282594 Y167.776513 Z36.121216 E0.292043
G1 X108.043862 Y167.166125 Z36.123644 E0.292022
G1 X106.825003 Y166.517176 Z36.126072 E0.292001
G1 X105.627216 Y165.830311 Z36.1285 E0.29198
G1 X104.45168 Y165.106214 Z36.130928 E0.291958
G1 X103.299553 Y164.345605 Z36.133356 E0.291937
G1 X102.171966 Y163.549239 Z36.135783 E0.291916
G1 X101.070031 Y162.717907 Z36.138211 E0.291895
G1 X99.994829 Y161.852436 Z36.140639 E0.291874
G1 X98.94742 Y160.953684 Z36.143067 E0.291853
G1 X97.928832 Y160.022542 Z36.145495 E0.291832
G1 X96.940065 Y159.059935 Z36.147923 E0.291811
G1 X95.982093 Y158.066816 Z36.15035 E0.29179
G1 X95.055855 Y157.044171 Z36.152778 E0.291768
G1 X94.162261 Y155.993013 Z36.155206 E0.291747
G1 X93.302188 Y154.914382 Z36.157634 E0.291726
G1 X92.476479 Y153.809348 Z36.160062 E0.291705
G1 X91.685946 Y152.679005 Z36.16249 E0.291684
G1 X90.931363 Y151.524473 Z36.164917 E0.291663
G1 X90.213469 Y150.346892 Z36.167345 E0.291642
G1 X89.532967 Y149.14743 Z36.169773 E0.291621
G1 X88.890524 Y147.927274 Z36.172201 E0.291599
G1 X88.286767 Y146.687629 Z36.174629 E0.291578
G1 X87.722288 Y145.429722 Z36.177057 E0.291557
G1 X87.197638 Y144.154798 Z36.179484 E0.291536
G1 X86.713328 Y142.864117 Z36.181912 E0.291515
G1 X86.269831 Y141.558954 Z36.18434 E0.291494
G1 X85.867578 Y140.2406 Z36.186768 E0.291473
G1 X85.50696 Y138.910358 Z36.189196 E0.291452
G1 X85.188327 Y137.569543 Z36.191624 E0.291431
G1 X84.911988 Y136.219478 Z36.194051 E0.291409
G1 X84.678209 Y134.861498 Z36.196479 E0.291388
G1 X84.487215 Y133.496943 Z36.198907 E0.291367
G1 X84.339188 Y132.127162 Z36.201335 E0.291346
G1 X84.234267 Y130.753507 Z36.203763 E0.291325
G1 X84.172551 Y129.377333 Z36.20619 E0.291304
G1 X84.154093 Y128 Z36.208618 E0.291283
G1 X84.178905 Y126.622867 Z36.211046 E0.291262
G1 X84.246958 Y125.247292 Z36.213474 E0.29124
G1 X84.358177 Y123.874633 Z36.215902 E0.291219
G1 X84.512446 Y122.506244 Z36.21833 E0.291198
G1 X84.709607 Y121.143475 Z36.220757 E0.291177
G1 X84.94946 Y119.78767 Z36.223185 E0.291156
G1 X85.231761 Y118.440166 Z36.225613 E0.291135
G1 X85.556225 Y117.102291 Z36.228041 E0.291114
G1 X85.922526 Y115.775364 Z36.230469 E0.291093
G1 X86.330298 Y114.460693 Z36.232897 E0.291072
G1 X86.77913 Y113.159574 Z36.235324 E0.29105
G1 X87.268575 Y111.873288 Z36.237752 E0.291029
G1 X87.798143 Y110.603103 Z36.24018 E0.291008
G1 X88.367306 Y109.35027 Z36.242608 E0.290987
G1 X88.975497 Y108.116023 Z36.245036 E0.290966
G1 X89.62211 Y106.901576 Z36.247464 E0.290945
G1 X90.306501 Y105.708127 Z36.249891 E0.290924
G1 X91.027989 Y104.536848 Z36.252319 E0.290903
G1 X91.785857 Y103.388894 Z36.254747 E0.290881
G1 X92.579352 Y102.265393 Z36.257175 E0.29086
G1 X93.407685 Y101.16745 Z36.259603 E0.290839
G1 X94.270035 Y100.096146 Z36.262031 E0.290818
G1 X95.165544 Y99.052533 Z36.264458 E0.290797
G1 X96.093325 Y98.037638 Z36.266886 E0.290776
G1 X97.052458 Y97.052458 Z36.269314 E0.290755
G1 X98.04199 Y96.09796 Z36.271742 E0.290734
G1 X99.060942 Y95.175083 Z36.27417 E0.290713
G1 X100.108304 Y94.284731 Z36.276598 E0.290691
G1 X101.183037 Y93.42778 Z36.279025 E0.29067
G1 X102.284078 Y92.60507 Z36.281453 E0.290649
G1 X103.410336 Y91.817408 Z36.283881 E0.290628
G1 X104.560695 Y91.065566 Z36.286309 E0.290607
G1 X105.734018 Y90.350281 Z36.288737 E0.290586
G1 X106.929143 Y89.672253 Z36.291164 E0.290565
G1 X108.144887 Y89.032146 Z36.293592 E0.290544
G1 X109.380048 Y88.430587 Z36.29602 E0.290522
G1 X110.633403 Y87.868163 Z36.298448 E0.290501
G1 X111.903714 Y87.345423 Z36.300876 E0.29048
G1 X113.189725 Y86.862878 Z36.303304 E0.290459
G1 X114.490163 Y86.420998 Z36.305731 E0.290438
G1 X115.803745 Y86.020213 Z36.308159 E0.290417
G1 X117.12917 Y85.660913 Z36.310587 E0.290396
G1 X118.465131 Y85.343446 Z36.313015 E0.290375
G1 X119.810306 Y85.06812 Z36.315443 E0.290354
G1 X121.163367 Y84.835199 Z36.317871 E0.290332
G1 X122.522978 Y84.644909 Z36.320298 E0.290311
G1 X123.887796 Y84.497429 Z36.322726 E0.29029
G1 X125.256474 Y84.3929 Z36.325154 E0.290269
G1 X126.62766 Y84.331419 Z36.327582 E0.290248
G1 X128 Y84.313039 Z36.33001 E0.290227
G1 X129.372141 Y84.337774 Z36.332438 E0.290206
G1 X130.742728 Y84.405591 Z36.334865 E0.290185
G1 X132.110409 Y84.516418 Z36.337293 E0.290163
G1 X133.473834 Y84.67014 Z36.339721 E0.290142
G1 X134.83166 Y84.866597 Z36.342149 E0.290121
G1 X136.182546 Y85.105591 Z36.344577 E0.2901
G1 X137.525161 Y85.38688 Z36.347005 E0.290079
G1 X138.858181 Y85.710178 Z36.349432 E0.290058
G1 X140.180291 Y86.075162 Z36.35186 E0.290037
G1 X141.49019 Y86.481465 Z36.354288 E0.290016
G1 X142.786585 Y86.92868 Z36.356716 E0.289995
G1 X144.0682 Y87.41636 Z36.359144 E0.289973
G1 X145.333772 Y87.944017 Z36.361572 E0.289952
G1 X146.582054 Y88.511126 Z36.363999 E0.289931
G1 X147.811817 Y89.11712 Z36.366427 E0.28991
G1 X149.02185 Y89.761396 Z36.368855 E0.289889
G1 X150.210963 Y90.443313 Z36.371283 E0.289868
G1 X151.377984 Y91.162192 Z36.373711 E0.289847
G1 X152.521765 Y91.917319 Z36.376138 E0.289826
G1 X153.64118 Y92.707943 Z36.378566 E0.289804
G1 X154.73513 Y93.533278 Z36.380994 E0.289783
G1 X155.802537 Y94.392506 Z36.383422 E0.289762
G1 X156.842353 Y95.284772 Z36.38585 E0.289741
G1 X157.853555 Y96.209193 Z36.388278 E0.28972
G1 X158.83515 Y97.16485 Z36.390705 E0.289699
G1 X159.786173 Y98.150797 Z36.393133 E0.289678
G1 X160.70569 Y99.166056 Z36.395561 E0.289657
G1 X161.592798 Y100.209621 Z36.397989 E0.289636
G1 X162.446627 Y101.280457 Z36.400417 E0.289614
G1 X163.266339 Y102.377505 Z36.402845 E0.289593
G1 X164.05113 Y103.499677 Z36.405272 E0.289572
G1 X164.800231 Y104.645863 Z36.4077 E0.289551
G1 X165.512907 Y105.814929 Z36.410128 E0.28953
G1 X166.188461 Y107.005716 Z36.412556 E0.289509
G1 X166.826231 Y108.217047 Z36.414984 E0.289488
G1 X167.425594 Y109.447724 Z36.417412 E0.289467
G1 X167.985963 Y110.696529 Z36.419839 E0.289445
G1 X168.506792 Y111.962227 Z36.422267 E0.289424
G1 X168.987572 Y113.243566 Z36.424695 E0.289403
G1 X169.427834 Y114.539281 Z36.427123 E0.289382
G1 X169.827151 Y115.848089 Z36.429551 E0.289361
G1 X170.185134 Y117.168699 Z36.431979 E0.28934
G1 X170.501435 Y118.499804 Z36.434406 E0.289319
G1 X170.775749 Y119.84009 Z36.436834 E0.289298
G1 X171.007811 Y121.188232 Z36.439262 E0.289277
G1 X171.197398 Y122.5429 Z36.44169 E0.289255
G1 X171.344329 Y123.902755 Z36.444118 E0.289234
G1 X171.448466 Y125.266454 Z36.446546 E0.289213
G1 X171.509713 Y126.632652 Z36.448973 E0.289192
G1 X171.528014 Y128 Z36.451401 E0.289171
G1 X171.503358 Y129.367148 Z36.453829 E0.28915
G1 X171.435776 Y130.732747 Z36.456257 E0.289129
G1 X171.32534 Y132.09545 Z36.458685 E0.289108
G1 X171.172167 Y133.453913 Z36.461112 E0.289086
G1 X170.976413 Y134.806795 Z36.46354 E0.289065
G1 X170.738277 Y136.152762 Z36.465968 E0.289044
G1 X170.458001 Y137.490488 Z36.468396 E0.289023
G1 X170.135868 Y138.818652 Z36.470824 E0.289002
G1 X169.772202 Y140.135947 Z36.473252 E0.288981
G1 X169.367367 Y141.441072 Z36.475679 E0.28896
G1 X168.92177 Y142.732744 Z36.478107 E0.288939
G1 X168.435855 Y144.009688 Z36.480535 E0.288918
G1 X167.910109 Y145.270646 Z36.482963 E0.288896
G1 X167.345055 Y146.514377 Z36.485391 E0.288875
G1 X166.741257 Y147.739657 Z36.487819 E0.288854
G1 X166.099317 Y148.945277 Z36.490246 E0.288833
G1 X165.419874 Y150.130052 Z36.492674 E0.288812
G1 X164.703604 Y151.292816 Z36.495102 E0.288791
G1 X163.951219 Y152.432423 Z36.49753 E0.28877
G1 X163.163466 Y153.547754 Z36.499958 E0.288749
G1 X162.341129 Y154.63771 Z36.502386 E0.288727
G1 X161.485024 Y155.701221 Z36.504813 E0.288706
G1 X160.596 Y156.73724 Z36.507241 E0.288685
G1 X159.67494 Y157.744749 Z36.509669 E0.288664
G1 X158.722757 Y158.722757 Z36.512097 E0.288643
G1 X157.740396 Y159.670305 Z36.514525 E0.288622
G1 X156.728831 Y160.586462 Z36.516953 E0.288601
G1 X155.689063 Y161.470327 Z36.51938 E0.28858
G1 X154.622123 Y162.321034 Z36.521808 E0.288559
G1 X153.529068 Y163.137748 Z36.524236 E0.288537
G1 X152.410981 Y163.919668 Z36.526664 E0.288516
G1 X151.268968 Y164.666027 Z36.529092 E0.288495
G1 X150.104161 Y165.376095 Z36.53152 E0.288474
G1 X148.917711 Y166.049174 Z36.533947 E0.288453
G1 X147.710792 Y166.684608 Z36.536375 E0.288432
G1 X146.4846 Y167.281774 Z36.538803 E0.288411
G1 X145.240346 Y167.840089 Z36.541231 E0.28839
G1 X143.979261 Y168.359007 Z36.543659 E0.288368
G1 X142.702593 Y168.838022 Z36.546086 E0.288347
G1 X141.411602 Y169.276667 Z36.548514 E0.288326
G1 X140.107566 Y169.674515 Z36.550942 E0.288305
G1 X138.791773 Y170.03118 Z36.55337 E0.288284
G1 X137.465523 Y170.346316 Z36.555798 E0.288263
G1 X136.130127 Y170.619617 Z36.558226 E0.288242
G1 X134.786903 Y170.850821 Z36.560653 E0.288221
G1 X133.437179 Y171.039704 Z36.563081 E0.2882
G1 X132.082287 Y171.186088 Z36.565509 E0.288178
G1 X130.723565 Y171.289833 Z36.567937 E0.288157
G1 X129.362355 Y171.350844 Z36.570365 E0.288136
G1 X128 Y171.369067 Z36.572793 E0.288115
G1 X126.637845 Y171.344489 Z36.57522 E0.288094
G1 X125.277233 Y171.277142 Z36.577648 E0.288073
G1 X123.919508 Y171.167099 Z36.580076 E0.288052
G1 X122.566008 Y171.014473 Z36.582504 E0.288031
G1 X121.21807 Y170.819423 Z36.584932 E0.288009
G1 X119.877021 Y170.582145 Z36.58736 E0.287988
G1 X118.544185 Y170.302882 Z36.589787 E0.287967
G1 X117.220876 Y169.981915 Z36.592215 E0.287946
G1 X115.908398 Y169.619566 Z36.594643 E0.287925
G1 X114.608045 Y169.2162 Z36.597071 E0.287904
G1 X113.321098 Y168.77222 Z36.599499 E0.287883
G1 X112.048825 Y168.28807 Z36.601927 E0.287862
G1 X110.792479 Y167.764234 Z36.604354 E0.287841
G1 X109.553299 Y167.201235 Z36.606782 E0.287819
G1 X108.332504 Y166.599635 Z36.60921 E0.287798
G1 X107.131296 Y165.960031 Z36.611638 E0.287777
G1 X105.950858 Y165.283062 Z36.614066 E0.287756
G1 X104.792352 Y164.569401 Z36.616494 E0.287735
G1 X103.656918 Y163.819757 Z36.618921 E0.287714
G1 X102.545673 Y163.034876 Z36.621349 E0.287693
G1 X101.459709 Y162.215536 Z36.623777 E0.287672
G1 X100.400096 Y161.362553 Z36.626205 E0.28765
G1 X99.367874 Y160.476772 Z36.628633 E0.287629
G1 X98.364058 Y159.559073 Z36.63106 E0.287608
G1 X97.389635 Y158.610365 Z36.633488 E0.287587
G1 X96.445562 Y157.63159 Z36.635916 E0.287566
G1 X95.532766 Y156.623717 Z36.638344 E0.287545
G1 X94.652143 Y155.587746 Z36.640772 E0.287524
G1 X93.804558 Y154.524703 Z36.6432 E0.287503
G1 X92.990842 Y153.435642 Z36.645627 E0.287482
G1 X92.211794 Y152.32164 Z36.648055 E0.28746
G1 X91.468176 Y151.1838 Z36.650483 E0.287439
G1 X90.760718 Y150.02325 Z36.652911 E0.287418
G1 X90.090112 Y148.841137 Z36.655339 E0.287397
G1 X89.457015 Y147.638632 Z36.657767 E0.287376
G1 X88.862045 Y146.416924 Z36.660194 E0.287355
G1 X88.305785 Y145.177221 Z36.662622 E0.287334
G1 X87.788778 Y143.920749 Z36.66505 E0.287313
G1 X87.311528 Y142.648751 Z36.667478 E0.287291
G1 X86.874501 Y141.362485 Z36.669906 E0.28727
G1 X86.47812 Y140.063221 Z36.672334 E0.287249
G1 X86.122773 Y138.752244 Z36.674761 E0.287228
G1 X85.808803 Y137.43085 Z36.677189 E0.287207
G1 X85.536514 Y136.100343 Z36.679617 E0.287186
G1 X85.306169 Y134.762038 Z36.682045 E0.287165
G1 X85.117989 Y133.417258 Z36.684473 E0.287144
G1 X84.972154 Y132.067329 Z36.686901 E0.287123
G1 X84.8688 Y130.713585 Z36.689328 E0.287101
G1 X84.808024 Y129.357363 Z36.691756 E0.28708
G1 X84.78988 Y128 Z36.694184 E0.287059
G1 X84.814379 Y126.642837 Z36.696612 E0.287038
G1 X84.881491 Y125.287213 Z36.69904 E0.287017
G1 X84.991143 Y123.934466 Z36.701468 E0.286996
G1 X85.14322 Y122.58593 Z36.703895 E0.286975
G1 X85.337568 Y121.242935 Z36.706323 E0.286954
G1 X85.573986 Y119.906805 Z36.708751 E0.286932
G1 X85.852236 Y118.578859 Z36.711179 E0.286911
G1 X86.172038 Y117.260405 Z36.713607 E0.28689
G1 X86.533069 Y115.952743 Z36.716034 E0.286869
G1 X86.934968 Y114.657162 Z36.718462 E0.286848
G1 X87.37733 Y113.374939 Z36.72089 E0.286827
G1 X87.859715 Y112.107337 Z36.723318 E0.286806
G1 X88.38164 Y110.855605 Z36.725746 E0.286785
G1 X88.942584 Y109.620975 Z36.728174 E0.286764
G1 X89.541988 Y108.404664 Z36.730601 E0.286742
G1 X90.179255 Y107.207869 Z36.733029 E0.286721
G1 X90.85375 Y106.031769 Z36.735457 E0.2867
G1 X91.564802 Y104.87752 Z36.737885 E0.286679
G1 X92.311705 Y103.74626 Z36.740313 E0.286658
G1 X93.093715 Y102.6391 Z36.742741 E0.286637
G1 X93.910056 Y101.557129 Z36.745168 E0.286616
G1 X94.759918 Y100.501412 Z36.747596 E0.286595
G1 X95.642456 Y99.472987 Z36.750024 E0.286573
G1 X96.556795 Y98.472865 Z36.752452 E0.286552
G1 X97.502028 Y97.502028 Z36.75488 E0.286531
G1 X98.477217 Y96.561429 Z36.757308 E0.28651
G1 X99.481396 Y95.651994 Z36.759735 E0.286489
G1 X100.51357 Y94.774614 Z36.762163 E0.286468
G1 X101.572716 Y93.930151 Z36.764591 E0.286447
G1 X102.657785 Y93.119433 Z36.767019 E0.286426
G1 X103.767702 Y92.343256 Z36.769447 E0.286405
G1 X104.901368 Y91.602379 Z36.771875 E0.286383
G1 X106.05766 Y90.89753 Z36.774302 E0.286362
G1 X107.235436 Y90.229398 Z36.77673 E0.286341
G1 X108.433528 Y89.598637 Z36.779158 E0.28632
G1 X109.650753 Y89.005865 Z36.781586 E0.286299
G1 X110.885905 Y88.45166 Z36.784014 E0.286278
G1 X112.137763 Y87.936563 Z36.786442 E0.286257
G1 X113.40509 Y87.461078 Z36.788869 E0.286236
G1 X114.686632 Y87.025668 Z36.791297 E0.286214
G1 X115.981124 Y86.630756 Z36.793725 E0.286193
G1 X117.287284 Y86.276726 Z36.796153 E0.286172
G1 X118.603823 Y85.963922 Z36.798581 E0.286151
G1 X119.929441 Y85.692646 Z36.801009 E0.28613
G1 X121.262826 Y85.46316 Z36.803436 E0.286109
G1 X122.602664 Y85.275683 Z36.805864 E0.286088
G1 X123.947629 Y85.130395 Z36.808292 E0.286067
G1 X125.296395 Y85.027433 Z36.81072 E0.286046
G1 X126.64763 Y84.966893 Z36.813148 E0.286024
G1 X128 Y84.948827 Z36.815575 E0.286003
G1 X129.35217 Y84.973248 Z36.818003 E0.285982
G1 X130.702806 Y85.040124 Z36.820431 E0.285961
G1 X132.050576 Y85.149384 Z36.822859 E0.28594
G1 X133.394149 Y85.300914 Z36.825287 E0.285919
G1 X134.732201 Y85.494558 Z36.827715 E0.285898
G1 X136.063411 Y85.730118 Z36.830142 E0.285877
G1 X137.386468 Y86.007355 Z36.83257 E0.285855
G1 X138.700067 Y86.325991 Z36.834998 E0.285834
G1 X140.002912 Y86.685705 Z36.837426 E0.285813
G1 X141.293721 Y87.086135 Z36.839854 E0.285792
G1 X142.57122 Y87.52688 Z36.842282 E0.285771
G1 X143.834151 Y88.0075 Z36.844709 E0.28575
G1 X145.08127 Y88.527514 Z36.847137 E0.285729
G1 X146.311349 Y89.086404 Z36.849565 E0.285708
G1 X147.523175 Y89.683611 Z36.851993 E0.285687
G1 X148.715557 Y90.318541 Z36.854421 E0.285665
G1 X149.88732 Y90.990562 Z36.856849 E0.285644
G1 X151.037311 Y91.699006 Z36.859276 E0.285623
G1 X152.164399 Y92.443167 Z36.861704 E0.285602
G1 X153.267474 Y93.222306 Z36.864132 E0.285581
G1 X154.345451 Y94.035649 Z36.86656 E0.28556
G1 X155.397271 Y94.882388 Z36.868988 E0.285539
G1 X156.421899 Y95.761683 Z36.871416 E0.285518
G1 X157.418329 Y96.672662 Z36.873843 E0.285496
G1 X158.38558 Y97.61442 Z36.876271 E0.285475
G1 X159.322703 Y98.586024 Z36.878699 E0.285454
G1 X160.228778 Y99.58651 Z36.881127 E0.285433
G1 X161.102915 Y100.614887 Z36.883555 E0.285412
G1 X161.944256 Y101.670136 Z36.885983 E0.285391
G1 X162.751976 Y102.751211 Z36.88841 E0.28537
G1 X163.525282 Y103.857043 Z36.890838 E0.285349
G1 X164.263417 Y104.986536 Z36.893266 E0.285328
G1 X164.965658 Y106.138571 Z36.895694 E0.285306
G1 X165.631316 Y107.312009 Z36.898122 E0.285285
G1 X166.25974 Y108.505689 Z36.900549 E0.285264
G1 X166.850316 Y109.718429 Z36.902977 E0.285243
G1 X167.402466 Y110.94903 Z36.905405 E0.285222
G1 X167.915652 Y112.196276 Z36.907833 E0.285201
G1 X168.389372 Y113.458931 Z36.910261 E0.28518
G1 X168.823164 Y114.73575 Z36.912689 E0.285159
G1 X169.216608 Y116.025468 Z36.915116 E0.285137
G1 X169.56932 Y117.326813 Z36.917544 E0.285116
G1 X169.880959 Y118.638497 Z36.919972 E0.285095
G1 X170.151222 Y119.959224 Z36.9224 E0.285074
G1 X170.37985 Y121.287691 Z36.924828 E0.285053
G1 X170.566623 Y122.622585 Z36.927256 E0.285032
G1 X170.711363 Y123.962587 Z36.929683 E0.285011
G1 X170.813933 Y125.306376 Z36.932111 E0.28499
G1 X170.874239 Y126.652623 Z36.934539 E0.284969
G1 X170.892226 Y128 Z36.936967 E0.284947
G1 X170.867884 Y129.347178 Z36.939395 E0.284926
G1 X170.801243 Y130.692826 Z36.941823 E0.284905
G1 X170.692374 Y132.035618 Z36.94425 E0.284884
G1 X170.541392 Y133.374228 Z36.946678 E0.284863
G1 X170.348452 Y134.707336 Z36.949106 E0.284842
G1 X170.113751 Y136.033628 Z36.951534 E0.284821
G1 X169.837526 Y137.351795 Z36.953962 E0.2848
G1 X169.520055 Y138.660538 Z36.95639 E0.284778
G1 X169.161659 Y139.958568 Z36.958817 E0.284757
G1 X168.762697 Y141.244603 Z36.961245 E0.284736
G1 X168.32357 Y142.517378 Z36.963673 E0.284715
G1 X167.844715 Y143.775639 Z36.966101 E0.284694
G1 X167.326611 Y145.018144 Z36.968529 E0.284673
G1 X166.769777 Y146.243672 Z36.970957 E0.284652
G1 X166.174766 Y147.451015 Z36.973384 E0.284631
G1 X165.542173 Y148.638984 Z36.975812 E0.28461
G1 X164.872625 Y149.80641 Z36.97824 E0.284588
G1 X164.166791 Y150.952143 Z36.980668 E0.284567
G1 X163.425371 Y152.075058 Z36.983096 E0.284546
G1 X162.649103 Y153.174047 Z36.985523 E0.284525
G1 X161.838758 Y154.248032 Z36.987951 E0.284504
G1 X160.995141 Y155.295955 Z36.990379 E0.284483
G1 X160.119089 Y156.316786 Z36.992807 E0.284462
G1 X159.211471 Y157.309522 Z36.995235 E0.284441
G1 X158.273188 Y158.273188 Z36.997663 E0.284419
G1 X157.30517 Y159.206836 Z37.00009 E0.284398
G1 X156.308377 Y160.10955 Z37.002518 E0.284377
G1 X155.283797 Y160.980445 Z37.004946 E0.284356
G1 X154.232444 Y161.818664 Z37.007374 E0.284335
G1 X153.155362 Y162.623385 Z37.009802 E0.284314
G1 X152.053616 Y163.393821 Z37.01223 E0.284293
G1 X150.928296 Y164.129214 Z37.014657 E0.284272
G1 X149.780518 Y164.828845 Z37.017085 E0.284251
G1 X148.611418 Y165.492029 Z37.019513 E0.284229
G1 X147.422151 Y166.118117 Z37.021941 E0.284208
G1 X146.213895 Y166.706496 Z37.024369 E0.284187
G1 X144.987844 Y167.256592 Z37.026797 E0.284166
G1 X143.745212 Y167.767866 Z37.029224 E0.284145
G1 X142.487227 Y168.239821 Z37.031652 E0.284124
G1 X141.215133 Y168.671997 Z37.03408 E0.284103
G1 X139.930187 Y169.063972 Z37.036508 E0.284082
G1 X138.633659 Y169.415367 Z37.038936 E0.28406
G1 X137.32683 Y169.72584 Z37.041364 E0.284039
G1 X136.010992 Y169.995091 Z37.043791 E0.284018
G1 X134.687444 Y170.22286 Z37.046219 E0.283997
G1 X133.357494 Y170.40893 Z37.048647 E0.283976
G1 X132.022454 Y170.553122 Z37.051075 E0.283955
G1 X130.683644 Y170.6553 Z37.053503 E0.283934
G1 X129.342385 Y170.71537 Z37.055931 E0.283913
G1 X128 Y170.733279 Z37.058358 E0.283892
G1 X126.657815 Y170.709015 Z37.060786 E0.28387
G1 X125.317154 Y170.642609 Z37.063214 E0.283849
G1 X123.979341 Y170.534133 Z37.065642 E0.283828
G1 X122.645694 Y170.383699 Z37.06807 E0.283807
G1 X121.317529 Y170.191462 Z37.070497 E0.283786
G1 X119.996156 Y169.957619 Z37.072925 E0.283765
G1 X118.682878 Y169.682407 Z37.075353 E0.283744
G1 X117.37899 Y169.366102 Z37.077781 E0.283723
G1 X116.085777 Y169.009024 Z37.080209 E0.283701
G1 X114.804514 Y168.61153 Z37.082637 E0.28368
G1 X113.536463 Y168.174019 Z37.085064 E0.283659
G1 X112.282874 Y167.69693 Z37.087492 E0.283638
G1 X111.044981 Y167.180737 Z37.08992 E0.283617
G1 X109.824004 Y166.625957 Z37.092348 E0.283596
G1 X108.621145 Y166.033144 Z37.094776 E0.283575
G1 X107.437589 Y165.402886 Z37.097204 E0.283554
G1 X106.274501 Y164.735813 Z37.099631 E0.283533
G1 X105.133025 Y164.032588 Z37.102059 E0.283511
G1 X104.014284 Y163.293909 Z37.104487 E0.28349
G1 X102.919379 Y162.520513 Z37.106915 E0.283469
G1 X101.849388 Y161.713166 Z37.109343 E0.283448
G1 X100.805362 Y160.87267 Z37.111771 E0.283427
G1 X99.788328 Y159.999861 Z37.114198 E0.283406
G1 X98.799285 Y159.095603 Z37.116626 E0.283385
G1 X97.839205 Y158.160795 Z37.119054 E0.283364
G1 X96.909031 Y157.196363 Z37.121482 E0.283342
G1 X96.009677 Y156.203263 Z37.12391 E0.283321
G1 X95.142026 Y155.18248 Z37.126338 E0.2833
G1 X94.306929 Y154.135025 Z37.128765 E0.283279
G1 X93.505205 Y153.061935 Z37.131193 E0.283258
G1 X92.737641 Y151.964274 Z37.133621 E0.283237
G1 X92.004989 Y150.843128 Z37.136049 E0.283216
G1 X91.307967 Y149.699608 Z37.138477 E0.283195
G1 X90.647257 Y148.534844 Z37.140905 E0.283174
G1 X90.023505 Y147.34999 Z37.143332 E0.283152
G1 X89.437323 Y146.146218 Z37.14576 E0.283131
G1 X88.889282 Y144.924719 Z37.148188 E0.28311
G1 X88.379919 Y143.6867 Z37.150616 E0.283089
G1 X87.909729 Y142.433386 Z37.153044 E0.283068
G1 X87.47917 Y141.166016 Z37.155471 E0.283047
G1 X87.088663 Y139.885842 Z37.157899 E0.283026
G1 X86.738586 Y138.59413 Z37.160327 E0.283005
G1 X86.429279 Y137.292157 Z37.162755 E0.282983
G1 X86.161041 Y135.981208 Z37.165183 E0.282962
G1 X85.93413 Y134.662579 Z37.167611 E0.282941
G1 X85.748764 Y133.337572 Z37.170038 E0.28292
G1 X85.60512 Y132.007496 Z37.172466 E0.282899
G1 X85.503333 Y130.673664 Z37.174894 E0.282878
G1 X85.443498 Y129.337392 Z37.177322 E0.282857
G1 X85.425668 Y128 Z37.17975 E0.282836
G1 X85.449853 Y126.662808 Z37.182178 E0.282814
G1 X85.516024 Y125.327135 Z37.184605 E0.282793
G1 X85.624109 Y123.994299 Z37.187033 E0.282772
G1 X85.773995 Y122.665615 Z37.189461 E0.282751
G1 X85.965528 Y121.342394 Z37.191889 E0.28273
G1 X86.198512 Y120.02594 Z37.194317 E0.282709
G1 X86.472712 Y118.717551 Z37.196745 E0.282688
G1 X86.787851 Y117.418519 Z37.199172 E0.282667
G1 X87.143612 Y116.130122 Z37.2016 E0.282646
G1 X87.539637 Y114.853631 Z37.204028 E0.282624
G1 X87.975531 Y113.590304 Z37.206456 E0.282603
G1 X88.450855 Y112.341386 Z37.208884 E0.282582
G1 X88.965137 Y111.108106 Z37.211312 E0.282561
G1 X89.517862 Y109.89168 Z37.213739 E0.28254
G1 X90.108479 Y108.693306 Z37.216167 E0.282519
G1 X90.7364 Y107.514163 Z37.218595 E0.282498
G1 X91.400999 Y106.355411 Z37.221023 E0.282477
G1 X92.101616 Y105.218193 Z37.223451 E0.282455
G1 X92.837552 Y104.103625 Z37.225879 E0.282434
G1 X93.608078 Y103.012806 Z37.228306 E0.282413
G1 X94.412427 Y101.946808 Z37.230734 E0.282392
G1 X95.2498 Y100.906679 Z37.233162 E0.282371
G1 X96.119367 Y99.893441 Z37.23559 E0.28235
G1 X97.020264 Y98.908091 Z37.238018 E0.282329
G1 X97.951597 Y97.951597 Z37.240445 E0.282308
G1 X98.912444 Y97.024899 Z37.242873 E0.282287
G1 X99.90185 Y96.128905 Z37.245301 E0.282265
G1 X100.918837 Y95.264497 Z37.247729 E0.282244
G1 X101.962395 Y94.432522 Z37.250157 E0.282223
G1 X103.031491 Y93.633796 Z37.252585 E0.282202
G1 X104.125067 Y92.869103 Z37.255012 E0.282181
G1 X105.24204 Y92.139193 Z37.25744 E0.28216
G1 X106.381303 Y91.444779 Z37.259868 E0.282139
G1 X107.541729 Y90.786543 Z37.262296 E0.282118
G1 X108.72217 Y90.165128 Z37.264724 E0.282096
G1 X109.921458 Y89.581143 Z37.267152 E0.282075
G1 X111.138407 Y89.035157 Z37.269579 E0.282054
G1 X112.371812 Y88.527704 Z37.272007 E0.282033
G1 X113.620456 Y88.059279 Z37.274435 E0.282012
G1 X114.883102 Y87.630338 Z37.276863 E0.281991
G1 X116.158503 Y87.241299 Z37.279291 E0.28197
G1 X117.445398 Y86.89254 Z37.281719 E0.281949
G1 X118.742516 Y86.584398 Z37.284146 E0.281928
G1 X120.048575 Y86.317172 Z37.286574 E0.281906
G1 X121.362285 Y86.09112 Z37.289002 E0.281885
G1 X122.682349 Y85.906457 Z37.29143 E0.281864
G1 X124.007462 Y85.763361 Z37.293858 E0.281843
G1 X125.336317 Y85.661967 Z37.296286 E0.281822
G1 X126.667601 Y85.602367 Z37.298713 E0.281801
G1 X128 Y85.584615 Z37.301141 E0.28178
G1 X129.3322 Y85.608722 Z37.303569 E0.281759
G1 X130.662885 Y85.674657 Z37.305997 E0.281737
G1 X131.990743 Y85.78235 Z37.308425 E0.281716
G1 X133.314464 Y85.931688 Z37.310853 E0.281695
G1 X134.632742 Y86.122518 Z37.31328 E0.281674
G1 X135.944277 Y86.354644 Z37.315708 E0.281653
G1 X137.247775 Y86.627831 Z37.318136 E0.281632
G1 X138.541953 Y86.941805 Z37.320564 E0.281611
G1 X139.825533 Y87.296248 Z37.322992 E0.28159
G1 X141.097251 Y87.690805 Z37.325419 E0.281569
G1 X142.355854 Y88.125081 Z37.327847 E0.281547
G1 X143.600102 Y88.598641 Z37.330275 E0.281526
G1 X144.828768 Y89.111011 Z37.332703 E0.281505
G1 X146.040643 Y89.661681 Z37.335131 E0.281484
G1 X147.234534 Y90.250102 Z37.337559 E0.281463
G1 X148.409264 Y90.875686 Z37.339986 E0.281442
G1 X149.563678 Y91.537812 Z37.342414 E0.281421
G1 X150.696639 Y92.235819 Z37.344842 E0.2814
G1 X151.807033 Y92.969014 Z37.34727 E0.281378
G1 X152.893767 Y93.736669 Z37.349698 E0.281357
G1 X153.955773 Y94.53802 Z37.352126 E0.281336
G1 X154.992005 Y95.372271 Z37.354553 E0.281315
G1 X156.001445 Y96.238595 Z37.356981 E0.281294
G1 X156.983102 Y97.136131 Z37.359409 E0.281273
G1 X157.93601 Y98.06399 Z37.361837 E0.281252
G1 X158.859234 Y99.02125 Z37.364265 E0.281231
G1 X159.751867 Y100.006964 Z37.366693 E0.28121
G1 X160.613032 Y101.020153 Z37.36912 E0.281188
G1 X161.441885 Y102.059815 Z37.371548 E0.281167
G1 X162.237613 Y103.124918 Z37.373976 E0.281146
G1 X162.999435 Y104.214409 Z37.376404 E0.281125
G1 X163.726604 Y105.327208 Z37.378832 E0.281104
G1 X164.418409 Y106.462213 Z37.38126 E0.281083
G1 X165.074171 Y107.618302 Z37.383687 E0.281062
G1 X165.693249 Y108.79433 Z37.386115 E0.281041
G1 X166.275038 Y109.989134 Z37.388543 E0.281019
G1 X166.818969 Y111.201532 Z37.390971 E0.280998
G1 X167.324511 Y112.430325 Z37.393399 E0.280977
G1 X167.791171 Y113.674297 Z37.395827 E0.280956
G1 X168.218495 Y114.932219 Z37.398254 E0.280935
G1 X168.606065 Y116.202847 Z37.400682 E0.280914
G1 X168.953507 Y117.484927 Z37.40311 E0.280893
G1 X169.260483 Y118.777189 Z37.405538 E0.280872
G1 X169.526696 Y120.078359 Z37.407966 E0.280851
G1 X169.75189 Y121.38715 Z37.410394 E0.280829
G1 X169.935849 Y122.70227 Z37.412821 E0.280808
G1 X170.078397 Y124.02242 Z37.415249 E0.280787
G1 X170.1794 Y125.346297 Z37.417677 E0.280766
G1 X170.238765 Y126.672593 Z37.420105 E0.280745
G1 X170.256438 Y128 Z37.422533 E0.280724
G1 X170.23241 Y129.327207 Z37.42496 E0.280703
G1 X170.16671 Y130.652905 Z37.427388 E0.280682
G1 X170.059408 Y131.975785 Z37.429816 E0.28066
G1 X169.910618 Y133.294542 Z37.432244 E0.280639
G1 X169.720492 Y134.607877 Z37.434672 E0.280618
G1 X169.489225 Y135.914493 Z37.4371 E0.280597
G1 X169.21705 Y137.213102 Z37.439527 E0.280576
G1 X168.904242 Y138.502424 Z37.441955 E0.280555
G1 X168.551116 Y139.781188 Z37.444383 E0.280534
G1 X168.158028 Y141.048134 Z37.446811 E0.280513
G1 X167.725369 Y142.302013 Z37.449239 E0.280492
G1 X167.253574 Y143.54159 Z37.451667 E0.28047
G1 X166.743114 Y144.765643 Z37.454094 E0.280449
G1 X166.194499 Y145.972967 Z37.456522 E0.280428
G1 X165.608275 Y147.162373 Z37.45895 E0.280407
G1 X164.985028 Y148.332691 Z37.461378 E0.280386
G1 X164.325376 Y149.482768 Z37.463806 E0.280365
G1 X163.629978 Y150.611471 Z37.466234 E0.280344
G1 X162.899524 Y151.717692 Z37.468661 E0.280323
G1 X162.13474 Y152.800341 Z37.471089 E0.280301
G1 X161.336388 Y153.858353 Z37.473517 E0.28028
G1 X160.505258 Y154.890688 Z37.475945 E0.280259
G1 X159.642177 Y155.896332 Z37.478373 E0.280238
G1 X158.748002 Y156.874295 Z37.480801 E0.280217
G1 X157.823618 Y157.823618 Z37.483228 E0.280196
G1 X156.869943 Y158.743367 Z37.485656 E0.280175
G1 X155.887923 Y159.632639 Z37.488084 E0.280154
G1 X154.87853 Y160.490562 Z37.490512 E0.280133
G1 X153.842766 Y161.316293 Z37.49294 E0.280111
G1 X152.781655 Y162.109022 Z37.495368 E0.28009
G1 X151.69625 Y162.867973 Z37.497795 E0.280069
G1 X150.587624 Y163.592401 Z37.500223 E0.280048
G1 X149.456876 Y164.281596 Z37.502651 E0.280027
G1 X148.305125 Y164.934885 Z37.505079 E0.280006
G1 X147.133509 Y165.551626 Z37.507507 E0.279985
G1 X145.943189 Y166.131219 Z37.509934 E0.279964
G1 X144.735343 Y166.673095 Z37.512362 E0.279942
G1 X143.511163 Y167.176726 Z37.51479 E0.279921
G1 X142.271862 Y167.641621 Z37.517218 E0.2799
G1 X141.018664 Y168.067327 Z37.519646 E0.279879
G1 X139.752808 Y168.45343 Z37.522074 E0.279858
G1 X138.475545 Y168.799554 Z37.524501 E0.279837
G1 X137.188137 Y169.105364 Z37.526929 E0.279816
G1 X135.891857 Y169.370565 Z37.529357 E0.279795
G1 X134.587985 Y169.5949 Z37.531785 E0.279774
G1 X133.277808 Y169.778156 Z37.534213 E0.279752
G1 X131.962621 Y169.920156 Z37.536641 E0.279731
G1 X130.643723 Y170.020767 Z37.539068 E0.27971
G1 X129.322414 Y170.079896 Z37.541496 E0.279689
G1 X128 Y170.097491 Z37.543924 E0.279668
G1 X126.677786 Y170.073541 Z37.546352 E0.279647
G1 X125.357076 Y170.008076 Z37.54878 E0.279626
G1 X124.039174 Y169.901167 Z37.551208 E0.279605
G1 X122.725379 Y169.752925 Z37.553635 E0.279583
G1 X121.416988 Y169.563502 Z37.556063 E0.279562
G1 X120.115291 Y169.333093 Z37.558491 E0.279541
G1 X118.821571 Y169.061931 Z37.560919 E0.27952
G1 X117.537104 Y168.750289 Z37.563347 E0.279499
G1 X116.263156 Y168.398481 Z37.565775 E0.279478
G1 X115.000983 Y168.00686 Z37.568202 E0.279457
G1 X113.751828 Y167.575819 Z37.57063 E0.279436
G1 X112.516923 Y167.105789 Z37.573058 E0.279415
G1 X111.297483 Y166.59724 Z37.575486 E0.279393
G1 X110.094709 Y166.05068 Z37.577914 E0.279372
G1 X108.909787 Y165.466653 Z37.580342 E0.279351
G1 X107.743882 Y164.845741 Z37.582769 E0.27933
G1 X106.598143 Y164.188564 Z37.585197 E0.279309
G1 X105.473697 Y163.495774 Z37.587625 E0.279288
G1 X104.37165 Y162.768062 Z37.590053 E0.279267
G1 X103.293086 Y162.00615 Z37.592481 E0.279246
G1 X102.239067 Y161.210795 Z37.594908 E0.279224
G1 X101.210628 Y160.382788 Z37.597336 E0.279203
G1 X100.208782 Y159.52295 Z37.599764 E0.279182
G1 X99.234511 Y158.632134 Z37.602192 E0.279161
G1 X98.288775 Y157.711225 Z37.60462 E0.27914
G1 X97.3725 Y156.761136 Z37.607048 E0.279119
G1 X96.486589 Y155.782809 Z37.609475 E0.279098
G1 X95.631909 Y154.777214 Z37.611903 E0.279077
G1 X94.8093 Y153.745346 Z37.614331 E0.279056
G1 X94.019568 Y152.688229 Z37.616759 E0.279034
G1 X93.263489 Y151.606908 Z37.619187 E0.279013
G1 X92.541803 Y150.502456 Z37.621615 E0.278992
G1 X91.855216 Y149.375966 Z37.624042 E0.278971
G1 X91.204402 Y148.228551 Z37.62647 E0.27895
G1 X90.589996 Y147.061349 Z37.628898 E0.278929
G1 X90.012601 Y145.875513 Z37.631326 E0.278908
G1 X89.472779 Y144.672217 Z37.633754 E0.278887
G1 X88.971059 Y143.452651 Z37.636182 E0.278865
G1 X88.507929 Y142.21802 Z37.638609 E0.278844
G1 X88.08384 Y140.969546 Z37.641037 E0.278823
G1 X87.699206 Y139.708463 Z37.643465 E0.278802
G1 X87.354399 Y138.436016 Z37.645893 E0.278781
G1 X87.049755 Y137.153464 Z37.648321 E0.27876
G1 X86.785567 Y135.862074 Z37.650749 E0.278739
G1 X86.56209 Y134.56312 Z37.653176 E0.278718
G1 X86.379538 Y133.257887 Z37.655604 E0.278697
G1 X86.238086 Y131.947663 Z37.658032 E0.278675
G1 X86.137866 Y130.633742 Z37.66046 E0.278654
G1 X86.078972 Y129.317421 Z37.662888 E0.278633
G1 X86.061455 Y128 Z37.665316 E0.278612
G1 X86.085327 Y126.682778 Z37.667743 E0.278591
G1 X86.150557 Y125.367056 Z37.670171 E0.27857
G1 X86.257075 Y124.054132 Z37.672599 E0.278549
G1 X86.404769 Y122.7453 Z37.675027 E0.278528
G1 X86.593488 Y121.441853 Z37.677455 E0.278506
G1 X86.823038 Y120.145074 Z37.679882 E0.278485
G1 X87.093188 Y118.856244 Z37.68231 E0.278464
G1 X87.403665 Y117.576633 Z37.684738 E0.278443
G1 X87.754155 Y116.307501 Z37.687166 E0.278422
G1 X88.144307 Y115.0501 Z37.689594 E0.278401
G1 X88.573731 Y113.80567 Z37.692022 E0.27838
G1 X89.041996 Y112.575435 Z37.694449 E0.278359
G1 X89.548634 Y111.360608 Z37.696877 E0.278338
G1 X90.09314 Y110.162386 Z37.699305 E0.278316
G1 X90.67497 Y108.981947 Z37.701733 E0.278295
G1 X91.293545 Y107.820456 Z37.704161 E0.278274
G1 X91.948248 Y106.679054 Z37.706589 E0.278253
G1 X92.638429 Y105.558865 Z37.709016 E0.278232
G1 X93.3634 Y104.460991 Z37.711444 E0.278211
G1 X94.122441 Y103.386513 Z37.713872 E0.27819
G1 X94.914798 Y102.336487 Z37.7163 E0.278169
G1 X95.739683 Y101.311945 Z37.718728 E0.278147
G1 X96.596278 Y100.313895 Z37.721156 E0.278126
G1 X97.483733 Y99.343318 Z37.723583 E0.278105
G1 X98.401167 Y98.401167 Z37.726011 E0.278084
G1 X99.34767 Y97.488368 Z37.728439 E0.278063
G1 X100.322304 Y96.605817 Z37.730867 E0.278042
G1 X101.324103 Y95.75438 Z37.733295 E0.278021
G1 X102.352074 Y94.934893 Z37.735723 E0.278
G1 X103.405198 Y94.148159 Z37.73815 E0.277979
G1 X104.482433 Y93.394951 Z37.740578 E0.277957
G1 X105.582712 Y92.676006 Z37.743006 E0.277936
G1 X106.704945 Y91.992028 Z37.745434 E0.277915
G1 X107.848022 Y91.343688 Z37.747862 E0.277894
G1 X109.010811 Y90.731619 Z37.75029 E0.277873
G1 X110.192163 Y90.15642 Z37.752717 E0.277852
G1 X111.390908 Y89.618654 Z37.755145 E0.277831
G1 X112.605861 Y89.118844 Z37.757573 E0.27781
G1 X113.835821 Y88.657479 Z37.760001 E0.277788
G1 X115.079571 Y88.235008 Z37.762429 E0.277767
G1 X116.335882 Y87.851842 Z37.764856 E0.277746
G1 X117.603512 Y87.508353 Z37.767284 E0.277725
G1 X118.881209 Y87.204874 Z37.769712 E0.277704
G1 X120.16771 Y86.941698 Z37.77214 E0.277683
G1 X121.461745 Y86.71908 Z37.774568 E0.277662
G1 X122.762034 Y86.537232 Z37.776996 E0.277641
G1 X124.067295 Y86.396327 Z37.779423 E0.27762
G1 X125.376238 Y86.2965 Z37.781851 E0.277598
G1 X126.687571 Y86.237841 Z37.784279 E0.277577
G1 X128 Y86.220402 Z37.786707 E0.277556
G1 X129.312229 Y86.244195 Z37.789135 E0.277535
G1 X130.622963 Y86.30919 Z37.791563 E0.277514
G1 X131.93091 Y86.415316 Z37.79399 E0.277493
G1 X133.234778 Y86.562462 Z37.796418 E0.277472
G1 X134.533283 Y86.750478 Z37.798846 E0.277451
G1 X135.825142 Y86.97917 Z37.801274 E0.277429
G1 X137.109083 Y87.248307 Z37.803702 E0.277408
G1 X138.383839 Y87.557618 Z37.80613 E0.277387
G1 X139.648154 Y87.906791 Z37.808557 E0.277366
G1 X140.900782 Y88.295475 Z37.810985 E0.277345
G1 X142.140489 Y88.723281 Z37.813413 E0.277324
G1 X143.366053 Y89.189781 Z37.815841 E0.277303
G1 X144.576266 Y89.694508 Z37.818269 E0.277282
G1 X145.769938 Y90.236959 Z37.820697 E0.277261
G1 X146.945892 Y90.816593 Z37.823124 E0.277239
G1 X148.102971 Y91.432831 Z37.825552 E0.277218
G1 X149.240036 Y92.085061 Z37.82798 E0.277197
G1 X150.355967 Y92.772632 Z37.830408 E0.277176
G1 X151.449668 Y93.494862 Z37.832836 E0.277155
G1 X152.520061 Y94.251032 Z37.835264 E0.277134
G1 X153.566094 Y95.04039 Z37.837691 E0.277113
G1 X154.586738 Y95.862154 Z37.840119 E0.277092
G1 X155.580991 Y96.715506 Z37.842547 E0.27707
G1 X156.547875 Y97.5996 Z37.844975 E0.277049
G1 X157.486441 Y98.513559 Z37.847403 E0.277028
G1 X158.395765 Y99.456477 Z37.84983 E0.277007
G1 X159.274956 Y100.427418 Z37.852258 E0.276986
G1 X160.12315 Y101.425419 Z37.854686 E0.276965
G1 X160.939515 Y102.449493 Z37.857114 E0.276944
G1 X161.72325 Y103.498625 Z37.859542 E0.276923
G1 X162.473587 Y104.571774 Z37.86197 E0.276902
G1 X163.189791 Y105.66788 Z37.864397 E0.27688
G1 X163.871159 Y106.785855 Z37.866825 E0.276859
G1 X164.517026 Y107.924595 Z37.869253 E0.276838
G1 X165.126758 Y109.082972 Z37.871681 E0.276817
G1 X165.69976 Y110.259839 Z37.874109 E0.276796
G1 X166.235472 Y111.454034 Z37.876537 E0.276775
G1 X166.733371 Y112.664374 Z37.878964 E0.276754
G1 X167.192971 Y113.889662 Z37.881392 E0.276733
G1 X167.613825 Y115.128688 Z37.88382 E0.276711
G1 X167.995522 Y116.380227 Z37.886248 E0.27669
G1 X168.337694 Y117.643041 Z37.888676 E0.276669
G1 X168.640007 Y118.915882 Z37.891104 E0.276648
G1 X168.90217 Y120.197494 Z37.893531 E0.276627
G1 X169.12393 Y121.486609 Z37.895959 E0.276606
G1 X169.305075 Y122.781956 Z37.898387 E0.276585
G1 X169.445431 Y124.082253 Z37.900815 E0.276564
G1 X169.544867 Y125.386219 Z37.903243 E0.276543
G1 X169.603291 Y126.692564 Z37.905671 E0.276521
G1 X169.620651 Y128 Z37.908098 E0.2765
G1 X169.596936 Y129.307236 Z37.910526 E0.276479
G1 X169.532177 Y130.612983 Z37.912954 E0.276458
G1 X169.426442 Y131.915952 Z37.915382 E0.276437
G1 X169.279844 Y133.214857 Z37.91781 E0.276416
G1 X169.092532 Y134.508418 Z37.920238 E0.276395
G1 X168.864699 Y135.795358 Z37.922665 E0.276374
G1 X168.596574 Y137.074409 Z37.925093 E0.276352
G1 X168.288429 Y138.34431 Z37.927521 E0.276331
G1 X167.940574 Y139.603809 Z37.929949 E0.27631
G1 X167.553358 Y140.851665 Z37.932377 E0.276289
G1 X167.127169 Y142.086648 Z37.934804 E0.276268
G1 X166.662434 Y143.30754 Z37.937232 E0.276247
G1 X166.159617 Y144.513141 Z37.93966 E0.276226
G1 X165.619221 Y145.702262 Z37.942088 E0.276205
G1 X165.041784 Y146.873732 Z37.944516 E0.276184
G1 X164.427883 Y148.026398 Z37.946944 E0.276162
G1 X163.778127 Y149.159125 Z37.949371 E0.276141
G1 X163.093164 Y150.270799 Z37.951799 E0.27612
G1 X162.373676 Y151.360326 Z37.954227 E0.276099
G1 X161.620377 Y152.426634 Z37.956655 E0.276078
G1 X160.834017 Y153.468674 Z37.959083 E0.276057
G1 X160.015375 Y154.485422 Z37.961511 E0.276036
G1 X159.165266 Y155.475878 Z37.963938 E0.276015
G1 X158.284532 Y156.439069 Z37.966366 E0.275993
G1 X157.374048 Y157.374048 Z37.968794 E0.275972
G1 X156.434717 Y158.279898 Z37.971222 E0.275951
G1 X155.467469 Y159.155728 Z37.97365 E0.27593
G1 X154.473264 Y160.000679 Z37.976078 E0.275909
G1 X153.453087 Y160.813922 Z37.978505 E0.275888
G1 X152.407949 Y161.594659 Z37.980933 E0.275867
G1 X151.338884 Y162.342125 Z37.983361 E0.275846
G1 X150.246952 Y163.055588 Z37.985789 E0.275825
G1 X149.133234 Y163.734347 Z37.988217 E0.275803
G1 X147.998832 Y164.37774 Z37.990645 E0.275782
G1 X146.844868 Y164.985135 Z37.993072 E0.275761
G1 X145.672484 Y165.555941 Z37.9955 E0.27574
G1 X144.482841 Y166.089598 Z37.997928 E0.275719
G1 X143.277114 Y166.585586 Z38.000356 E0.275698
G1 X142.056496 Y167.043421 Z38.002784 E0.275677
G1 X140.822195 Y167.462657 Z38.005212 E0.275656
G1 X139.575429 Y167.842887 Z38.007639 E0.275634
G1 X138.317431 Y168.183741 Z38.010067 E0.275613
G1 X137.049445 Y168.484888 Z38.012495 E0.275592
G1 X135.772723 Y168.746039 Z38.014923 E0.275571
G1 X134.488526 Y168.96694 Z38.017351 E0.27555
G1 X133.198123 Y169.147381 Z38.019778 E0.275529
G1 X131.902789 Y169.28719 Z38.022206 E0.275508
G1 X130.603801 Y169.386234 Z38.024634 E0.275487
G1 X129.302443 Y169.444422 Z38.027062 E0.275466
G1 X128 Y169.461704 Z38.02949 E0.275444
G1 X126.697756 Y169.438068 Z38.031918 E0.275423
G1 X125.396997 Y169.373543 Z38.034345 E0.275402
G1 X124.099006 Y169.268201 Z38.036773 E0.275381
G1 X122.805064 Y169.12215 Z38.039201 E0.27536
G1 X121.516447 Y168.935542 Z38.041629 E0.275339
G1 X120.234425 Y168.708567 Z38.044057 E0.275318
G1 X118.960264 Y168.441455 Z38.046485 E0.275297
G1 X117.695218 Y168.134476 Z38.048912 E0.275275
G1 X116.440535 Y167.787938 Z38.05134 E0.275254
G1 X115.197452 Y167.40219 Z38.053768 E0.275233
G1 X113.967194 Y166.977619 Z38.056196 E0.275212
G1 X112.750972 Y166.514649 Z38.058624 E0.275191
G1 X111.549984 Y166.013743 Z38.061052 E0.27517
G1 X110.365415 Y165.475402 Z38.063479 E0.275149
G1 X109.198428 Y164.900162 Z38.065907 E0.275128
G1 X108.050175 Y164.288596 Z38.068335 E0.275107
G1 X106.921785 Y163.641315 Z38.070763 E0.275085
G1 X105.814369 Y162.958961 Z38.073191 E0.275064
G1 X104.729015 Y162.242214 Z38.075619 E0.275043
G1 X103.666793 Y161.491787 Z38.078046 E0.275022
G1 X102.628746 Y160.708424 Z38.080474 E0.275001
G1 X101.615895 Y159.892905 Z38.082902 E0.27498
G1 X100.629236 Y159.046038 Z38.08533 E0.274959
G1 X99.669738 Y158.168665 Z38.087758 E0.274938
G1 X98.738344 Y157.261656 Z38.090186 E0.274916
G1 X97.83597 Y156.32591 Z38.092613 E0.274895
G1 X96.9635 Y155.362355 Z38.095041 E0.274874
G1 X96.121792 Y154.371947 Z38.097469 E0.274853
G1 X95.311671 Y153.355667 Z38.099897 E0.274832
G1 X94.533931 Y152.314522 Z38.102325 E0.274811
G1 X93.789337 Y151.249543 Z38.104753 E0.27479
G1 X93.078616 Y150.161784 Z38.10718 E0.274769
G1 X92.402465 Y149.052323 Z38.109608 E0.274748
G1 X91.761547 Y147.922258 Z38.112036 E0.274726
G1 X91.156487 Y146.772707 Z38.114464 E0.274705
G1 X90.587879 Y145.604808 Z38.116892 E0.274684
G1 X90.056277 Y144.419715 Z38.119319 E0.274663
G1 X89.562199 Y143.218602 Z38.121747 E0.274642
G1 X89.106129 Y142.002655 Z38.124175 E0.274621
G1 X88.68851 Y140.773077 Z38.126603 E0.2746
G1 X88.309749 Y139.531084 Z38.129031 E0.274579
G1 X87.970213 Y138.277903 Z38.131459 E0.274557
G1 X87.670231 Y137.014772 Z38.133886 E0.274536
G1 X87.410093 Y135.742939 Z38.136314 E0.274515
G1 X87.19005 Y134.463661 Z38.138742 E0.274494
G1 X87.010312 Y133.178202 Z38.14117 E0.274473
G1 X86.871052 Y131.88783 Z38.143598 E0.274452
G1 X86.772399 Y130.593821 Z38.146026 E0.274431
G1 X86.714446 Y129.297451 Z38.148453 E0.27441
G1 X86.697243 Y128 Z38.150881 E0.274389
G1 X86.720801 Y126.702749 Z38.153309 E0.274367
G1 X86.78509 Y125.406978 Z38.155737 E0.274346
G1 X86.890041 Y124.113965 Z38.158165 E0.274325
G1 X87.035543 Y122.824986 Z38.160593 E0.274304
G1 X87.221448 Y121.541312 Z38.16302 E0.274283
G1 X87.447564 Y120.264209 Z38.165448 E0.274262
G1 X87.713664 Y118.994937 Z38.167876 E0.274241
G1 X88.019478 Y117.734747 Z38.170304 E0.27422
G1 X88.364698 Y116.48488 Z38.172732 E0.274198
G1 X88.748977 Y115.24657 Z38.17516 E0.274177
G1 X89.171931 Y114.021035 Z38.177587 E0.274156
G1 X89.633136 Y112.809484 Z38.180015 E0.274135
G1 X90.132131 Y111.61311 Z38.182443 E0.274114
G1 X90.668418 Y110.433091 Z38.184871 E0.274093
G1 X91.241461 Y109.270589 Z38.187299 E0.274072
G1 X91.85069 Y108.126749 Z38.189727 E0.274051
G1 X92.495498 Y107.002696 Z38.192154 E0.27403
G1 X93.175242 Y105.899537 Z38.194582 E0.274008
G1 X93.889248 Y104.818357 Z38.19701 E0.273987
G1 X94.636804 Y103.760219 Z38.199438 E0.273966
G1 X95.417169 Y102.726165 Z38.201866 E0.273945
G1 X96.229566 Y101.717211 Z38.204293 E0.273924
G1 X97.07319 Y100.734349 Z38.206721 E0.273903
G1 X97.947202 Y99.778545 Z38.209149 E0.273882
G1 X98.850737 Y98.850737 Z38.211577 E0.273861
G1 X99.782897 Y97.951837 Z38.214005 E0.273839
G1 X100.742758 Y97.082728 Z38.216433 E0.273818
G1 X101.729369 Y96.244262 Z38.21886 E0.273797
G1 X102.741752 Y95.437263 Z38.221288 E0.273776
G1 X103.778905 Y94.662522 Z38.223716 E0.273755
G1 X104.839799 Y93.920799 Z38.226144 E0.273734
G1 X105.923384 Y93.212819 Z38.228572 E0.273713
G1 X107.028587 Y92.539277 Z38.231 E0.273692
G1 X108.154315 Y91.900833 Z38.233427 E0.273671
G1 X109.299453 Y91.29811 Z38.235855 E0.273649
G1 X110.462868 Y90.731698 Z38.238283 E0.273628
G1 X111.64341 Y90.202151 Z38.240711 E0.273607
G1 X112.83991 Y89.709985 Z38.243139 E0.273586
G1 X114.051186 Y89.255679 Z38.245567 E0.273565
G1 X115.27604 Y88.839678 Z38.247994 E0.273544
G1 X116.513261 Y88.462385 Z38.250422 E0.273523
G1 X117.761626 Y88.124166 Z38.25285 E0.273502
G1 X119.019902 Y87.82535 Z38.255278 E0.27348
G1 X120.286845 Y87.566224 Z38.257706 E0.273459
G1 X121.561204 Y87.34704 Z38.260134 E0.273438
G1 X122.84172 Y87.168006 Z38.262561 E0.273417
G1 X124.127128 Y87.029293 Z38.264989 E0.273396
G1 X125.41616 Y86.931033 Z38.267417 E0.273375
G1 X126.707542 Y86.873315 Z38.269845 E0.273354
G1 X128 Y86.85619 Z38.272273 E0.273333
G1 X129.292258 Y86.879669 Z38.274701 E0.273311
G1 X130.583042 Y86.943723 Z38.277128 E0.27329
G1 X131.871077 Y87.048282 Z38.279556 E0.273269
G1 X133.155093 Y87.193237 Z38.281984 E0.273248
G1 X134.433823 Y87.378438 Z38.284412 E0.273227
G1 X135.706007 Y87.603696 Z38.28684 E0.273206
G1 X136.97039 Y87.868783 Z38.289267 E0.273185
G1 X138.225725 Y88.173431 Z38.291695 E0.273164
G1 X139.470775 Y88.517334 Z38.294123 E0.273143
G1 X140.704313 Y88.900145 Z38.296551 E0.273121
G1 X141.925124 Y89.321481 Z38.298979 E0.2731
G1 X143.132004 Y89.780921 Z38.301407 E0.273079
G1 X144.323765 Y90.278005 Z38.303834 E0.273058
G1 X145.499233 Y90.812237 Z38.306262 E0.273037
G1 X146.657251 Y91.383084 Z38.30869 E0.273016
G1 X147.796678 Y91.989976 Z38.311118 E0.272995
G1 X148.916394 Y92.63231 Z38.313546 E0.272974
G1 X150.015295 Y93.309445 Z38.315974 E0.272952
G1 X151.092302 Y94.02071 Z38.318401 E0.272931
G1 X152.146354 Y94.765395 Z38.320829 E0.27291
G1 X153.176415 Y95.542761 Z38.323257 E0.272889
G1 X154.181472 Y96.352037 Z38.325685 E0.272868
G1 X155.160538 Y97.192418 Z38.328113 E0.272847
G1 X156.112649 Y98.06307 Z38.330541 E0.272826
G1 X157.036871 Y98.963129 Z38.332968 E0.272805
G1 X157.932296 Y99.891703 Z38.335396 E0.272784
G1 X158.798044 Y100.847872 Z38.337824 E0.272762
G1 X159.633267 Y101.830686 Z38.340252 E0.272741
G1 X160.437144 Y102.839172 Z38.34268 E0.27272
G1 X161.208887 Y103.872331 Z38.345108 E0.272699
G1 X161.94774 Y104.92914 Z38.347535 E0.272678
G1 X162.652978 Y106.008552 Z38.349963 E0.272657
G1 X163.32391 Y107.109498 Z38.352391 E0.272636
G1 X163.959881 Y108.230888 Z38.354819 E0.272615
G1 X164.560267 Y109.371613 Z38.357247 E0.272593
G1 X165.124482 Y110.530545 Z38.359675 E0.272572
G1 X165.651975 Y111.706535 Z38.362102 E0.272551
G1 X166.14223 Y112.898423 Z38.36453 E0.27253
G1 X166.59477 Y114.105028 Z38.366958 E0.272509
G1 X167.009155 Y115.325157 Z38.369386 E0.272488
G1 X167.38498 Y116.557606 Z38.371814 E0.272467
G1 X167.721881 Y117.801154 Z38.374241 E0.272446
G1 X168.019531 Y119.054575 Z38.376669 E0.272425
G1 X168.277644 Y120.316628 Z38.379097 E0.272403
G1 X168.49597 Y121.586068 Z38.381525 E0.272382
G1 X168.674301 Y122.861641 Z38.383953 E0.272361
G1 X168.812465 Y124.142086 Z38.386381 E0.27234
G1 X168.910334 Y125.42614 Z38.388808 E0.272319
G1 X168.967817 Y126.712534 Z38.391236 E0.272298
G1 X168.984863 Y128 Z38.393664 E0.272277
G1 X168.961462 Y129.287266 Z38.396092 E0.272256
G1 X168.897643 Y130.573062 Z38.39852 E0.272234
G1 X168.793476 Y131.856119 Z38.400948 E0.272213
G1 X168.64907 Y133.135172 Z38.403375 E0.272192
G1 X168.464572 Y134.408959 Z38.405803 E0.272171
G1 X168.240173 Y135.676223 Z38.408231 E0.27215
G1 X167.976098 Y136.935717 Z38.410659 E0.272129
G1 X167.672616 Y138.186196 Z38.413087 E0.272108
G1 X167.330031 Y139.42643 Z38.415515 E0.272087
G1 X166.948688 Y140.655196 Z38.417942 E0.272066
G1 X166.528968 Y141.871282 Z38.42037 E0.272044
G1 X166.071294 Y143.073491 Z38.422798 E0.272023
G1 X165.57612 Y144.260639 Z38.425226 E0.272002
G1 X165.043943 Y145.431557 Z38.427654 E0.271981
G1 X164.475294 Y146.58509 Z38.430082 E0.27196
G1 X163.870738 Y147.720105 Z38.432509 E0.271939
G1 X163.230878 Y148.835483 Z38.434937 E0.271918
G1 X162.556351 Y149.930127 Z38.437365 E0.271897
G1 X161.847829 Y151.002961 Z38.439793 E0.271875
G1 X161.106014 Y152.052927 Z38.442221 E0.271854
G1 X160.331646 Y153.078995 Z38.444649 E0.271833
G1 X159.525493 Y154.080156 Z38.447076 E0.271812
G1 X158.688355 Y155.055424 Z38.449504 E0.271791
G1 X157.821063 Y156.003842 Z38.451932 E0.27177
G1 X156.924478 Y156.924478 Z38.45436 E0.271749
G1 X155.99949 Y157.816428 Z38.456788 E0.271728
G1 X155.047015 Y158.678816 Z38.459215 E0.271707
G1 X154.067998 Y159.510796 Z38.461643 E0.271685
G1 X153.063408 Y160.311551 Z38.464071 E0.271664
G1 X152.034242 Y161.080296 Z38.466499 E0.271643
G1 X150.981519 Y161.816278 Z38.468927 E0.271622
G1 X149.90628 Y162.518774 Z38.471355 E0.271601
G1 X148.809592 Y163.187098 Z38.473782 E0.27158
G1 X147.692539 Y163.820595 Z38.47621 E0.271559
G1 X146.556226 Y164.418644 Z38.478638 E0.271538
G1 X145.401779 Y164.980663 Z38.481066 E0.271516
G1 X144.230339 Y165.506101 Z38.483494 E0.271495
G1 X143.043065 Y165.994445 Z38.485922 E0.271474
G1 X141.841131 Y166.44522 Z38.488349 E0.271453
G1 X140.625725 Y166.857987 Z38.490777 E0.271432
G1 X139.39805 Y167.232344 Z38.493205 E0.271411
G1 X138.159317 Y167.567927 Z38.495633 E0.27139
G1 X136.910752 Y167.864413 Z38.498061 E0.271369
G1 X135.653588 Y168.121513 Z38.500489 E0.271348
G1 X134.389067 Y168.33898 Z38.502916 E0.271326
G1 X133.118438 Y168.516607 Z38.505344 E0.271305
G1 X131.842956 Y168.654224 Z38.507772 E0.271284
G1 X130.56388 Y168.751701 Z38.5102 E0.271263
G1 X129.282473 Y168.808948 Z38.512628 E0.271242
G1 X128 Y168.825916 Z38.515056 E0.271221
G1 X126.717727 Y168.802594 Z38.517483 E0.2712
G1 X125.436919 Y168.73901 Z38.519911 E0.271179
G1 X124.158839 Y168.635235 Z38.522339 E0.271157
G1 X122.88475 Y168.491376 Z38.524767 E0.271136
G1 X121.615906 Y168.307582 Z38.527195 E0.271115
G1 X120.35356 Y168.084041 Z38.529623 E0.271094
G1 X119.098957 Y167.820979 Z38.53205 E0.271073
G1 X117.853332 Y167.518662 Z38.534478 E0.271052
G1 X116.617915 Y167.177395 Z38.536906 E0.271031
G1 X115.393922 Y166.79752 Z38.539334 E0.27101
G1 X114.182559 Y166.379418 Z38.541762 E0.270989
G1 X112.985021 Y165.923508 Z38.544189 E0.270967
G1 X111.802486 Y165.430246 Z38.546617 E0.270946
G1 X110.63612 Y164.900124 Z38.549045 E0.270925
G1 X109.48707 Y164.333671 Z38.551473 E0.270904
G1 X108.356468 Y163.731451 Z38.553901 E0.270883
G1 X107.245427 Y163.094066 Z38.556329 E0.270862
G1 X106.155041 Y162.422148 Z38.558756 E0.270841
G1 X105.086381 Y161.716367 Z38.561184 E0.27082
G1 X104.040499 Y160.977424 Z38.563612 E0.270798
G1 X103.018424 Y160.206053 Z38.56604 E0.270777
G1 X102.021161 Y159.403022 Z38.568468 E0.270756
G1 X101.049689 Y158.569127 Z38.570896 E0.270735
G1 X100.104964 Y157.705196 Z38.573323 E0.270714
G1 X99.187914 Y156.812086 Z38.575751 E0.270693
G1 X98.299439 Y155.890683 Z38.578179 E0.270672
G1 X97.440411 Y154.941901 Z38.580607 E0.270651
G1 X96.611675 Y153.966681 Z38.583035 E0.27063
G1 X95.814041 Y152.965989 Z38.585463 E0.270608
G1 X95.048294 Y151.940815 Z38.58789 E0.270587
G1 X94.315184 Y150.892177 Z38.590318 E0.270566
G1 X93.615429 Y149.821112 Z38.592746 E0.270545
G1 X92.949714 Y148.728681 Z38.595174 E0.270524
G1 X92.318692 Y147.615965 Z38.597602 E0.270503
G1 X91.722978 Y146.484066 Z38.60003 E0.270482
G1 X91.163157 Y145.334103 Z38.602457 E0.270461
G1 X90.639774 Y144.167214 Z38.604885 E0.270439
G1 X90.15334 Y142.984553 Z38.607313 E0.270418
G1 X89.70433 Y141.78729 Z38.609741 E0.270397
G1 X89.29318 Y140.576608 Z38.612169 E0.270376
G1 X88.920292 Y139.353705 Z38.614597 E0.270355
G1 X88.586026 Y138.119789 Z38.617024 E0.270334
G1 X88.290706 Y136.876079 Z38.619452 E0.270313
G1 X88.034619 Y135.623804 Z38.62188 E0.270292
G1 X87.81801 Y134.364202 Z38.624308 E0.270271
G1 X87.641086 Y133.098516 Z38.626736 E0.270249
G1 X87.504018 Y131.827997 Z38.629163 E0.270228
G1 X87.406932 Y130.553899 Z38.631591 E0.270207
G1 X87.34992 Y129.27748 Z38.634019 E0.270186
G1 X87.333031 Y128 Z38.636447 E0.270165
G1 X87.356275 Y126.722719 Z38.638875 E0.270144
G1 X87.419623 Y125.446899 Z38.641303 E0.270123
G1 X87.523007 Y124.173798 Z38.64373 E0.270102
G1 X87.666317 Y122.904671 Z38.646158 E0.27008
G1 X87.849408 Y121.640771 Z38.648586 E0.270059
G1 X88.07209 Y120.383344 Z38.651014 E0.270038
G1 X88.33414 Y119.13363 Z38.653442 E0.270017
G1 X88.635291 Y117.892861 Z38.65587 E0.269996
G1 X88.975241 Y116.662259 Z38.658297 E0.269975
G1 X89.353647 Y115.443039 Z38.660725 E0.269954
G1 X89.770132 Y114.236401 Z38.663153 E0.269933
G1 X90.224277 Y113.043533 Z38.665581 E0.269912
G1 X90.715628 Y111.865612 Z38.668009 E0.26989
G1 X91.243696 Y110.703796 Z38.670437 E0.269869
G1 X91.807952 Y109.55923 Z38.672864 E0.269848
G1 X92.407835 Y108.433042 Z38.675292 E0.269827
G1 X93.042747 Y107.326338 Z38.67772 E0.269806
G1 X93.712055 Y106.240209 Z38.680148 E0.269785
G1 X94.415095 Y105.175722 Z38.682576 E0.269764
G1 X95.151167 Y104.133926 Z38.685004 E0.269743
G1 X95.919539 Y103.115844 Z38.687431 E0.269721
G1 X96.719449 Y102.122478 Z38.689859 E0.2697
G1 X97.550101 Y101.154803 Z38.692287 E0.269679
G1 X98.410672 Y100.213771 Z38.694715 E0.269658
G1 X99.300307 Y99.300307 Z38.697143 E0.269637
G1 X100.218123 Y98.415306 Z38.699571 E0.269616
G1 X101.163212 Y97.559639 Z38.701998 E0.269595
G1 X102.134635 Y96.734145 Z38.704426 E0.269574
G1 X103.131431 Y95.939634 Z38.706854 E0.269553
G1 X104.152611 Y95.176885 Z38.709282 E0.269531
G1 X105.197164 Y94.446646 Z38.71171 E0.26951
G1 X106.264056 Y93.749632 Z38.714137 E0.269489
G1 X107.352229 Y93.086527 Z38.716565 E0.269468
G1 X108.460608 Y92.457978 Z38.718993 E0.269447
G1 X109.588095 Y91.864601 Z38.721421 E0.269426
G1 X110.733574 Y91.306976 Z38.723849 E0.269405
G1 X111.895912 Y90.785648 Z38.726277 E0.269384
G1 X113.073959 Y90.301125 Z38.728704 E0.269362
G1 X114.266552 Y89.85388 Z38.731132 E0.269341
G1 X115.472509 Y89.444348 Z38.73356 E0.26932
G1 X116.69064 Y89.072928 Z38.735988 E0.269299
G1 X117.91974 Y88.739979 Z38.738416 E0.269278
G1 X119.158594 Y88.445825 Z38.740844 E0.269257
G1 X120.405979 Y88.19075 Z38.743271 E0.269236
G1 X121.660663 Y87.975 Z38.745699 E0.269215
G1 X122.921405 Y87.79878 Z38.748127 E0.269194
G1 X124.186961 Y87.662259 Z38.750555 E0.269172
G1 X125.456081 Y87.565566 Z38.752983 E0.269151
G1 X126.727512 Y87.508789 Z38.755411 E0.26913
G1 X128 Y87.491978 Z38.757838 E0.269109
G1 X129.272288 Y87.515143 Z38.760266 E0.269088
G1 X130.543121 Y87.578256 Z38.762694 E0.269067
G1 X131.811244 Y87.681248 Z38.765122 E0.269046
G1 X133.075408 Y87.824011 Z38.76755 E0.269025
G1 X134.334364 Y88.006398 Z38.769978 E0.269003
G1 X135.586872 Y88.228222 Z38.772405 E0.268982
G1 X136.831697 Y88.489259 Z38.774833 E0.268961
G1 X138.067611 Y88.789244 Z38.777261 E0.26894
G1 X139.293396 Y89.127876 Z38.779689 E0.268919
G1 X140.507844 Y89.504815 Z38.782117 E0.268898
G1 X141.709758 Y89.919682 Z38.784545 E0.268877
G1 X142.897955 Y90.372062 Z38.786972 E0.268856
G1 X144.071263 Y90.861502 Z38.7894 E0.268835
G1 X145.228528 Y91.387515 Z38.791828 E0.268813
G1 X146.368609 Y91.949575 Z38.794256 E0.268792
G1 X147.490385 Y92.547121 Z38.796684 E0.268771
G1 X148.592751 Y93.179559 Z38.799112 E0.26875
G1 X149.674623 Y93.846259 Z38.801539 E0.268729
G1 X150.734936 Y94.546557 Z38.803967 E0.268708
G1 X151.772647 Y95.279758 Z38.806395 E0.268687
G1 X152.786736 Y96.045132 Z38.808823 E0.268666
G1 X153.776206 Y96.841919 Z38.811251 E0.268644
G1 X154.740084 Y97.669329 Z38.813678 E0.268623
G1 X155.677422 Y98.526539 Z38.816106 E0.268602
G1 X156.587301 Y99.412699 Z38.818534 E0.268581
G1 X157.468826 Y100.32693 Z38.820962 E0.26856
G1 X158.321133 Y101.268325 Z38.82339 E0.268539
G1 X159.143384 Y102.235952 Z38.825818 E0.268518
G1 X159.934773 Y103.228851 Z38.828245 E0.268497
G1 X160.694524 Y104.246038 Z38.830673 E0.268476
G1 X161.421892 Y105.286506 Z38.833101 E0.268454
G1 X162.116164 Y106.349224 Z38.835529 E0.268433
G1 X162.776661 Y107.43314 Z38.837957 E0.268412
G1 X163.402736 Y108.537181 Z38.840385 E0.268391
G1 X163.993776 Y109.660255 Z38.842812 E0.26837
G1 X164.549204 Y110.80125 Z38.84524 E0.268349
G1 X165.068478 Y111.959037 Z38.847668 E0.268328
G1 X165.55109 Y113.132472 Z38.850096 E0.268307
G1 X165.99657 Y114.320393 Z38.852524 E0.268285
G1 X166.404485 Y115.521627 Z38.854952 E0.268264
G1 X166.774437 Y116.734985 Z38.857379 E0.268243
G1 X167.106068 Y117.959268 Z38.859807 E0.268222
G1 X167.399056 Y119.193268 Z38.862235 E0.268201
G1 X167.653118 Y120.435763 Z38.864663 E0.26818
G1 X167.86801 Y121.685527 Z38.867091 E0.268159
G1 X168.043526 Y122.941326 Z38.869519 E0.268138
G1 X168.179499 Y124.201919 Z38.871946 E0.268117
G1 X168.275801 Y125.466061 Z38.874374 E0.268095
G1 X168.332343 Y126.732505 Z38.876802 E0.268074
G1 X168.349075 Y128 Z38.87923 E0.268053
G1 X168.325988 Y129.267295 Z38.881658 E0.268032
G1 X168.26311 Y130.53314 Z38.884086 E0.268011
G1 X168.16051 Y131.796286 Z38.886513 E0.26799
G1 X168.018295 Y133.055486 Z38.888941 E0.267969
G1 X167.836612 Y134.3095 Z38.891369 E0.267948
G1 X167.615647 Y135.557089 Z38.893797 E0.267926
G1 X167.355622 Y136.797024 Z38.896225 E0.267905
G1 X167.056802 Y138.028082 Z38.898652 E0.267884
G1 X166.719488 Y139.249051 Z38.90108 E0.267863
G1 X166.344018 Y140.458727 Z38.903508 E0.267842
G1 X165.930768 Y141.655917 Z38.905936 E0.267821
G1 X165.480153 Y142.839442 Z38.908364 E0.2678
G1 X164.992623 Y144.008138 Z38.910792 E0.267779
G1 X164.468666 Y145.160851 Z38.913219 E0.267758
G1 X163.908803 Y146.296449 Z38.915647 E0.267736
G1 X163.313593 Y147.413812 Z38.918075 E0.267715
G1 X162.683629 Y148.511841 Z38.920503 E0.267694
G1 X162.019538 Y149.589455 Z38.922931 E0.267673
G1 X161.321981 Y150.645595 Z38.925359 E0.267652
G1 X160.591651 Y151.679221 Z38.927786 E0.267631
G1 X159.829275 Y152.689317 Z38.930214 E0.26761
G1 X159.03561 Y153.674889 Z38.932642 E0.267589
G1 X158.211443 Y154.63497 Z38.93507 E0.267567
G1 X157.357594 Y155.568616 Z38.937498 E0.267546
G1 X156.474909 Y156.474909 Z38.939926 E0.267525
G1 X155.564263 Y157.352959 Z38.942353 E0.267504
G1 X154.626561 Y158.201905 Z38.944781 E0.267483
G1 X153.662731 Y159.020913 Z38.947209 E0.267462
G1 X152.67373 Y159.80918 Z38.949637 E0.267441
G1 X151.660535 Y160.565933 Z38.952065 E0.26742
G1 X150.624153 Y161.29043 Z38.954493 E0.267399
G1 X149.565608 Y161.981961 Z38.95692 E0.267377
G1 X148.48595 Y162.639849 Z38.959348 E0.267356
G1 X147.386246 Y163.26345 Z38.961776 E0.267335
G1 X146.267585 Y163.852154 Z38.964204 E0.267314
G1 X145.131074 Y164.405385 Z38.966632 E0.267293
G1 X143.977837 Y164.922604 Z38.96906 E0.267272
G1 X142.809016 Y165.403305 Z38.971487 E0.267251
G1 X141.625766 Y165.84702 Z38.973915 E0.26723
G1 X140.429256 Y166.253317 Z38.976343 E0.267208
G1 X139.22067 Y166.621801 Z38.978771 E0.267187
G1 X138.001203 Y166.952114 Z38.981199 E0.267166
G1 X136.772059 Y167.243937 Z38.983626 E0.267145
G1 X135.534453 Y167.496987 Z38.986054 E0.267124
G1 X134.289608 Y167.71102 Z38.988482 E0.267103
G1 X133.038752 Y167.885833 Z38.99091 E0.267082
G1 X131.783123 Y168.021258 Z38.993338 E0.267061
G1 X130.523958 Y168.117168 Z38.995766 E0.26704
G1 X129.262502 Y168.173474 Z38.998193 E0.267018
G1 X128 Y168.190129 Z39.000621 E0.266997
G1 X126.737697 Y168.16712 Z39.003049 E0.266976
G1 X125.47684 Y168.104477 Z39.005477 E0.266955
G1 X124.218672 Y168.002269 Z39.007905 E0.266934
G1 X122.964435 Y167.860602 Z39.010333 E0.266913
G1 X121.715365 Y167.679622 Z39.01276 E0.266892
G1 X120.472695 Y167.459515 Z39.015188 E0.266871
G1 X119.237649 Y167.200503 Z39.017616 E0.266849
G1 X118.011446 Y166.902849 Z39.020044 E0.266828
G1 X116.795294 Y166.566852 Z39.022472 E0.266807
G1 X115.590391 Y166.19285 Z39.0249 E0.266786
G1 X114.397925 Y165.781218 Z39.027327 E0.266765
G1 X113.21907 Y165.332368 Z39.029755 E0.266744
G1 X112.054988 Y164.846749 Z39.032183 E0.266723
G1 X110.906825 Y164.324846 Z39.034611 E0.266702
G1 X109.775712 Y163.76718 Z39.037039 E0.266681
G1 X108.662761 Y163.174306 Z39.039467 E0.266659
G1 X107.56907 Y162.546817 Z39.041894 E0.266638
G1 X106.495713 Y161.885335 Z39.044322 E0.266617
G1 X105.443747 Y161.190519 Z39.04675 E0.266596
G1 X104.414206 Y160.463061 Z39.049178 E0.266575
G1 X103.408103 Y159.703683 Z39.051606 E0.266554
G1 X102.426427 Y158.913139 Z39.054034 E0.266533
G1 X101.470143 Y158.092215 Z39.056461 E0.266512
G1 X100.540191 Y157.241727 Z39.058889 E0.26649
G1 X99.637484 Y156.362516 Z39.061317 E0.266469
G1 X98.762908 Y155.455457 Z39.063745 E0.266448
G1 X97.917323 Y154.521448 Z39.066173 E0.266427
G1 X97.101557 Y153.561415 Z39.0686 E0.266406
G1 X96.316412 Y152.57631 Z39.071028 E0.266385
G1 X95.562657 Y151.567109 Z39.073456 E0.266364
G1 X94.841032 Y150.534812 Z39.075884 E0.266343
G1 X94.152242 Y149.48044 Z39.078312 E0.266322
G1 X93.496963 Y148.405039 Z39.08074 E0.2663
G1 X92.875837 Y147.309672 Z39.083167 E0.266279
G1 X92.289469 Y146.195424 Z39.085595 E0.266258
G1 X91.738434 Y145.063398 Z39.088023 E0.266237
G1 X91.223271 Y143.914712 Z39.090451 E0.266216
G1 X90.74448 Y142.750504 Z39.092879 E0.266195
G1 X90.30253 Y141.571924 Z39.095307 E0.266174
G1 X89.89785 Y140.380139 Z39.097734 E0.266153
G1 X89.530835 Y139.176326 Z39.100162 E0.266131
G1 X89.201839 Y137.961675 Z39.10259 E0.26611
G1 X88.911182 Y136.737386 Z39.105018 E0.266089
G1 X88.659145 Y135.504669 Z39.107446 E0.266068
G1 X88.44597 Y134.264743 Z39.109874 E0.266047
G1 X88.271861 Y133.018831 Z39.112301 E0.266026
G1 X88.136984 Y131.768164 Z39.114729 E0.266005
G1 X88.041465 Y130.513978 Z39.117157 E0.265984
G1 X87.985394 Y129.25751 Z39.119585 E0.265963
G1 X87.968818 Y128 Z39.122013 E0.265941
G1 X87.991749 Y126.74269 Z39.124441 E0.26592
G1 X88.054156 Y125.486821 Z39.126868 E0.265899
G1 X88.155973 Y124.233631 Z39.129296 E0.265878
G1 X88.297092 Y122.984356 Z39.131724 E0.265857
G1 X88.477368 Y121.74023 Z39.134152 E0.265836
G1 X88.696616 Y120.502479 Z39.13658 E0.265815
G1 X88.954616 Y119.272323 Z39.139008 E0.265794
G1 X89.251104 Y118.050975 Z39.141435 E0.265772
G1 X89.585784 Y116.839638 Z39.143863 E0.265751
G1 X89.958317 Y115.639508 Z39.146291 E0.26573
G1 X90.368332 Y114.451766 Z39.148719 E0.265709
G1 X90.815417 Y113.277582 Z39.151147 E0.265688
G1 X91.299125 Y112.118113 Z39.153574 E0.265667
G1 X91.818973 Y110.974501 Z39.156002 E0.265646
G1 X92.374443 Y109.847872 Z39.15843 E0.265625
G1 X92.96498 Y108.739335 Z39.160858 E0.265604
G1 X93.589996 Y107.64998 Z39.163286 E0.265582
G1 X94.248869 Y106.580881 Z39.165714 E0.265561
G1 X94.940943 Y105.533088 Z39.168141 E0.26554
G1 X95.66553 Y104.507632 Z39.170569 E0.265519
G1 X96.42191 Y103.505523 Z39.172997 E0.265498
G1 X97.209332 Y102.527744 Z39.175425 E0.265477
G1 X98.027012 Y101.575257 Z39.177853 E0.265456
G1 X98.874141 Y100.648998 Z39.180281 E0.265435
G1 X99.749876 Y99.749876 Z39.182708 E0.265413
G1 X100.65335 Y98.878775 Z39.185136 E0.265392
G1 X101.583666 Y98.036551 Z39.187564 E0.265371
G1 X102.539902 Y97.224028 Z39.189992 E0.26535
G1 X103.52111 Y96.442005 Z39.19242 E0.265329
G1 X104.526318 Y95.691248 Z39.194848 E0.265308
G1 X105.55453 Y94.972494 Z39.197275 E0.265287
G1 X106.604728 Y94.286446 Z39.199703 E0.265266
G1 X107.675872 Y93.633776 Z39.202131 E0.265245
G1 X108.766901 Y93.015123 Z39.204559 E0.265223
G1 X109.876736 Y92.431092 Z39.206987 E0.265202
G1 X111.004279 Y91.882254 Z39.209415 E0.265181
G1 X112.148413 Y91.369145 Z39.211842 E0.26516
G1 X113.308008 Y90.892265 Z39.21427 E0.265139
G1 X114.481917 Y90.45208 Z39.216698 E0.265118
G1 X115.668978 Y90.049018 Z39.219126 E0.265097
G1 X116.868019 Y89.68347 Z39.221554 E0.265076
G1 X118.077854 Y89.355792 Z39.223982 E0.265054
G1 X119.297287 Y89.066301 Z39.226409 E0.265033
G1 X120.525114 Y88.815276 Z39.228837 E0.265012
G1 X121.760122 Y88.60296 Z39.231265 E0.264991
G1 X123.00109 Y88.429554 Z39.233693 E0.26497
G1 X124.246794 Y88.295225 Z39.236121 E0.264949
G1 X125.496002 Y88.200099 Z39.238548 E0.264928
G1 X126.747483 Y88.144262 Z39.240976 E0.264907
G1 X128 Y88.127765 Z39.243404 E0.264886
G1 X129.252317 Y88.150617 Z39.245832 E0.264864
G1 X130.503199 Y88.212789 Z39.24826 E0.264843
G1 X131.751411 Y88.314214 Z39.250688 E0.264822
G1 X132.995722 Y88.454785 Z39.253115 E0.264801
G1 X134.234905 Y88.634358 Z39.255543 E0.26478
G1 X135.467738 Y88.852748 Z39.257971 E0.264759
G1 X136.693004 Y89.109734 Z39.260399 E0.264738
G1 X137.909497 Y89.405057 Z39.262827 E0.264717
G1 X139.116017 Y89.738419 Z39.265255 E0.264695
G1 X140.311375 Y90.109485 Z39.267682 E0.264674
G1 X141.494393 Y90.517882 Z39.27011 E0.264653
G1 X142.663906 Y90.963202 Z39.272538 E0.264632
G1 X143.818761 Y91.444999 Z39.274966 E0.264611
G1 X144.957822 Y91.962793 Z39.277394 E0.26459
G1 X146.079968 Y92.516066 Z39.279822 E0.264569
G1 X147.184092 Y93.104266 Z39.282249 E0.264548
G1 X148.269109 Y93.726808 Z39.284677 E0.264527
G1 X149.333951 Y94.383072 Z39.287105 E0.264505
G1 X150.377571 Y95.072405 Z39.289533 E0.264484
G1 X151.398941 Y95.794121 Z39.291961 E0.264463
G1 X152.397058 Y96.547503 Z39.294389 E0.264442
G1 X153.37094 Y97.331802 Z39.296816 E0.264421
G1 X154.31963 Y98.14624 Z39.299244 E0.2644
G1 X155.242196 Y98.990008 Z39.301672 E0.264379
G1 X156.137731 Y99.862269 Z39.3041 E0.264358
G1 X157.005357 Y100.762157 Z39.306528 E0.264336
G1 X157.844222 Y101.688779 Z39.308956 E0.264315
G1 X158.653501 Y102.641218 Z39.311383 E0.264294
G1 X159.432402 Y103.61853 Z39.313811 E0.264273
G1 X160.180161 Y104.619744 Z39.316239 E0.264252
G1 X160.896044 Y105.643871 Z39.318667 E0.264231
G1 X161.579351 Y106.689896 Z39.321095 E0.26421
G1 X162.229412 Y107.756782 Z39.323522 E0.264189
G1 X162.845591 Y108.843474 Z39.32595 E0.264168
G1 X163.427285 Y109.948897 Z39.328378 E0.264146
G1 X163.973927 Y111.071955 Z39.330806 E0.264125
G1 X164.484981 Y112.211539 Z39.333234 E0.264104
G1 X164.95995 Y113.366521 Z39.335662 E0.264083
G1 X165.39837 Y114.535758 Z39.338089 E0.264062
G1 X165.799815 Y115.718096 Z39.340517 E0.264041
G1 X166.163894 Y116.912364 Z39.342945 E0.26402
G1 X166.490254 Y118.117382 Z39.345373 E0.263999
G1 X166.77858 Y119.33196 Z39.347801 E0.263977
G1 X167.028592 Y120.554898 Z39.350229 E0.263956
G1 X167.24005 Y121.784987 Z39.352656 E0.263935
G1 X167.412752 Y123.021012 Z39.355084 E0.263914
G1 X167.546533 Y124.261752 Z39.357512 E0.263893
G1 X167.641268 Y125.505983 Z39.35994 E0.263872
G1 X167.696869 Y126.752476 Z39.362368 E0.263851
G1 X167.713288 Y128 Z39.364796 E0.26383
G1 X167.690514 Y129.247325 Z39.367223 E0.263809
G1 X167.628577 Y130.493219 Z39.369651 E0.263787
G1 X167.527544 Y131.736453 Z39.372079 E0.263766
G1 X167.387521 Y132.975801 Z39.374507 E0.263745
G1 X167.208652 Y134.21004 Z39.376935 E0.263724
G1 X166.99112 Y135.437954 Z39.379363 E0.263703
G1 X166.735147 Y136.658331 Z39.38179 E0.263682
G1 X166.440989 Y137.869969 Z39.384218 E0.263661
G1 X166.108945 Y139.071672 Z39.386646 E0.26364
G1 X165.739348 Y140.262257 Z39.389074 E0.263618
G1 X165.332568 Y141.440551 Z39.391502 E0.263597
G1 X164.889013 Y142.605393 Z39.39393 E0.263576
G1 X164.409126 Y143.755636 Z39.396357 E0.263555
G1 X163.893388 Y144.890146 Z39.398785 E0.263534
G1 X163.342312 Y146.007807 Z39.401213 E0.263513
G1 X162.756448 Y147.107519 Z39.403641 E0.263492
G1 X162.13638 Y148.188199 Z39.406069 E0.263471
G1 X161.482725 Y149.248783 Z39.408497 E0.26345
G1 X160.796133 Y150.288229 Z39.410924 E0.263428
G1 X160.077288 Y151.305514 Z39.413352 E0.263407
G1 X159.326904 Y152.299638 Z39.41578 E0.263386
G1 X158.545727 Y153.269623 Z39.418208 E0.263365
G1 X157.734532 Y154.214516 Z39.420636 E0.263344
G1 X156.894125 Y155.133389 Z39.423063 E0.263323
G1 X156.025339 Y156.025339 Z39.425491 E0.263302
G1 X155.129037 Y156.88949 Z39.427919 E0.263281
G1 X154.206107 Y157.724994 Z39.430347 E0.263259
G1 X153.257465 Y158.531031 Z39.432775 E0.263238
G1 X152.284051 Y159.30681 Z39.435203 E0.263217
G1 X151.286829 Y160.05157 Z39.43763 E0.263196
G1 X150.266787 Y160.764582 Z39.440058 E0.263175
G1 X149.224936 Y161.445148 Z39.442486 E0.263154
G1 X148.162307 Y162.0926 Z39.444914 E0.263133
G1 X147.079952 Y162.706305 Z39.447342 E0.263112
G1 X145.978943 Y163.285663 Z39.44977 E0.26309
G1 X144.860369 Y163.830107 Z39.452197 E0.263069
G1 X143.725336 Y164.339107 Z39.454625 E0.263048
G1 X142.574967 Y164.812164 Z39.457053 E0.263027
G1 X141.4104 Y165.24882 Z39.459481 E0.263006
G1 X140.232787 Y165.648647 Z39.461909 E0.262985
G1 X139.043291 Y166.011258 Z39.464337 E0.262964
G1 X137.843089 Y166.336301 Z39.466764 E0.262943
G1 X136.633366 Y166.623461 Z39.469192 E0.262922
G1 X135.415318 Y166.872461 Z39.47162 E0.2629
G1 X134.190149 Y167.08306 Z39.474048 E0.262879
G1 X132.959067 Y167.255059 Z39.476476 E0.262858
G1 X131.72329 Y167.388292 Z39.478904 E0.262837
G1 X130.484037 Y167.482635 Z39.481331 E0.262816
G1 X129.242532 Y167.538001 Z39.483759 E0.262795
G1 X128 Y167.554341 Z39.486187 E0.262774
G1 X126.757668 Y167.531646 Z39.488615 E0.262753
G1 X125.516762 Y167.469944 Z39.491043 E0.262731
G1 X124.278505 Y167.369303 Z39.493471 E0.26271
G1 X123.04412 Y167.229828 Z39.495898 E0.262689
G1 X121.814824 Y167.051662 Z39.498326 E0.262668
G1 X120.59183 Y166.834989 Z39.500754 E0.262647
G1 X119.376342 Y166.580028 Z39.503182 E0.262626
G1 X118.16956 Y166.287036 Z39.50561 E0.262605
G1 X116.972673 Y165.956309 Z39.508037 E0.262584
G1 X115.78686 Y165.58818 Z39.510465 E0.262563
G1 X114.61329 Y165.183018 Z39.512893 E0.262541
G1 X113.453119 Y164.741228 Z39.515321 E0.26252
G1 X112.30749 Y164.263252 Z39.517749 E0.262499
G1 X111.17753 Y163.749568 Z39.520177 E0.262478
G1 X110.064353 Y163.200689 Z39.522604 E0.262457
G1 X108.969054 Y162.617162 Z39.525032 E0.262436
G1 X107.892712 Y161.999567 Z39.52746 E0.262415
G1 X106.836385 Y161.348521 Z39.529888 E0.262394
G1 X105.801112 Y160.664671 Z39.532316 E0.262372
G1 X104.787912 Y159.948698 Z39.534744 E0.262351
G1 X103.797782 Y159.201312 Z39.537171 E0.26233
G1 X102.831694 Y158.423256 Z39.539599 E0.262309
G1 X101.890597 Y157.615304 Z39.542027 E0.262288
G1 X100.975418 Y156.778257 Z39.544455 E0.262267
G1 X100.087054 Y155.912946 Z39.546883 E0.262246
G1 X99.226377 Y155.02023 Z39.549311 E0.262225
G1 X98.394234 Y154.100994 Z39.551738 E0.262204
G1 X97.59144 Y153.156148 Z39.554166 E0.262182
G1 X96.818783 Y152.186631 Z39.556594 E0.262161
G1 X96.07702 Y151.193402 Z39.559022 E0.26214
G1 X95.366879 Y150.177446 Z39.56145 E0.262119
G1 X94.689056 Y149.139768 Z39.563878 E0.262098
G1 X94.044213 Y148.081397 Z39.566305 E0.262077
G1 X93.432982 Y147.003379 Z39.568733 E0.262056
G1 X92.85596 Y145.906783 Z39.571161 E0.262035
G1 X92.313712 Y144.792692 Z39.573589 E0.262013
G1 X91.806768 Y143.66221 Z39.576017 E0.261992
G1 X91.335621 Y142.516455 Z39.578445 E0.261971
G1 X90.90073 Y141.356559 Z39.580872 E0.26195
G1 X90.50252 Y140.18367 Z39.5833 E0.261929
G1 X90.141377 Y138.998947 Z39.585728 E0.261908
G1 X89.817652 Y137.803561 Z39.588156 E0.261887
G1 X89.531658 Y136.598693 Z39.590584 E0.261866
G1 X89.283671 Y135.385535 Z39.593011 E0.261845
G1 X89.07393 Y134.165284 Z39.595439 E0.261823
G1 X88.902635 Y132.939146 Z39.597867 E0.261802
G1 X88.76995 Y131.708332 Z39.600295 E0.261781
G1 X88.675999 Y130.474056 Z39.602723 E0.26176
G1 X88.620868 Y129.237539 Z39.605151 E0.261739
G1 X88.604606 Y128 Z39.607578 E0.261718
G1 X88.627223 Y126.762661 Z39.610006 E0.261697
G1 X88.688689 Y125.526742 Z39.612434 E0.261676
G1 X88.788939 Y124.293463 Z39.614862 E0.261654
G1 X88.927866 Y123.064042 Z39.61729 E0.261633
G1 X89.105328 Y121.839689 Z39.619718 E0.261612
G1 X89.321143 Y120.621613 Z39.622145 E0.261591
G1 X89.575091 Y119.411015 Z39.624573 E0.26157
G1 X89.866917 Y118.209088 Z39.627001 E0.261549
G1 X90.196326 Y117.017018 Z39.629429 E0.261528
G1 X90.562987 Y115.835977 Z39.631857 E0.261507
G1 X90.966532 Y114.667131 Z39.634285 E0.261486
G1 X91.406557 Y113.511631 Z39.636712 E0.261464
G1 X91.882622 Y112.370615 Z39.63914 E0.261443
G1 X92.394251 Y111.245206 Z39.641568 E0.261422
G1 X92.940934 Y110.136514 Z39.643996 E0.261401
G1 X93.522125 Y109.045628 Z39.646424 E0.26138
G1 X94.137245 Y107.973622 Z39.648852 E0.261359
G1 X94.785682 Y106.921553 Z39.651279 E0.261338
G1 X95.46679 Y105.890454 Z39.653707 E0.261317
G1 X96.179893 Y104.881339 Z39.656135 E0.261295
G1 X96.924281 Y103.895201 Z39.658563 E0.261274
G1 X97.699214 Y102.93301 Z39.660991 E0.261253
G1 X98.503924 Y101.995711 Z39.663419 E0.261232
G1 X99.33761 Y101.084224 Z39.665846 E0.261211
G1 X100.199446 Y100.199446 Z39.668274 E0.26119
G1 X101.088577 Y99.342245 Z39.670702 E0.261169
G1 X102.00412 Y98.513462 Z39.67313 E0.261148
G1 X102.945168 Y97.713911 Z39.675558 E0.261127
G1 X103.910789 Y96.944376 Z39.677985 E0.261105
G1 X104.900024 Y96.205611 Z39.680413 E0.261084
G1 X105.911896 Y95.498341 Z39.682841 E0.261063
G1 X106.9454 Y94.823259 Z39.685269 E0.261042
G1 X107.999514 Y94.181025 Z39.687697 E0.261021
G1 X109.073194 Y93.572268 Z39.690125 E0.261
G1 X110.165378 Y92.997583 Z39.692552 E0.260979
G1 X111.274984 Y92.457532 Z39.69498 E0.260958
G1 X112.400915 Y91.952642 Z39.697408 E0.260936
G1 X113.542058 Y91.483406 Z39.699836 E0.260915
G1 X114.697282 Y91.05028 Z39.702264 E0.260894
G1 X115.865448 Y90.653688 Z39.704692 E0.260873
G1 X117.045398 Y90.294013 Z39.707119 E0.260852
G1 X118.235968 Y89.971606 Z39.709547 E0.260831
G1 X119.43598 Y89.686777 Z39.711975 E0.26081
G1 X120.644249 Y89.439803 Z39.714403 E0.260789
G1 X121.859581 Y89.23092 Z39.716831 E0.260768
G1 X123.080776 Y89.060329 Z39.719259 E0.260746
G1 X124.306627 Y88.928191 Z39.721686 E0.260725
G1 X125.535924 Y88.834632 Z39.724114 E0.260704
G1 X126.767454 Y88.779736 Z39.726542 E0.260683
G1 X128 Y88.763553 Z39.72897 E0.260662
G1 X129.232347 Y88.786091 Z39.731398 E0.260641
G1 X130.463278 Y88.847322 Z39.733826 E0.26062
G1 X131.691578 Y88.94718 Z39.736253 E0.260599
G1 X132.916037 Y89.08556 Z39.738681 E0.260577
G1 X134.135446 Y89.262318 Z39.741109 E0.260556
G1 X135.348603 Y89.477274 Z39.743537 E0.260535
G1 X136.554311 Y89.73021 Z39.745965 E0.260514
G1 X137.751383 Y90.020871 Z39.748393 E0.260493
G1 X138.938638 Y90.348962 Z39.75082 E0.260472
G1 X140.114905 Y90.714155 Z39.753248 E0.260451
G1 X141.279027 Y91.116083 Z39.755676 E0.26043
G1 X142.429857 Y91.554343 Z39.758104 E0.260409
G1 X143.56626 Y92.028497 Z39.760532 E0.260387
G1 X144.687117 Y92.538071 Z39.762959 E0.260366
G1 X145.791326 Y93.082557 Z39.765387 E0.260345
G1 X146.877799 Y93.661411 Z39.767815 E0.260324
G1 X147.945467 Y94.274057 Z39.770243 E0.260303
G1 X148.993279 Y94.919885 Z39.772671 E0.260282
G1 X150.020205 Y95.598252 Z39.775099 E0.260261
G1 X151.025234 Y96.308484 Z39.777526 E0.26024
G1 X152.007379 Y97.049874 Z39.779954 E0.260218
G1 X152.965673 Y97.821685 Z39.782382 E0.260197
G1 X153.899176 Y98.623152 Z39.78481 E0.260176
G1 X154.806969 Y99.453477 Z39.787238 E0.260155
G1 X155.688162 Y100.311838 Z39.789666 E0.260134
G1 X156.541888 Y101.197383 Z39.792093 E0.260113
G1 X157.36731 Y102.109233 Z39.794521 E0.260092
G1 X158.163618 Y103.046485 Z39.796949 E0.260071
G1 X158.930032 Y104.008208 Z39.799377 E0.26005
G1 X159.665798 Y104.993451 Z39.801805 E0.260028
G1 X160.370197 Y106.001237 Z39.804233 E0.260007
G1 X161.042538 Y107.030568 Z39.80666 E0.259986
G1 X161.682163 Y108.080424 Z39.809088 E0.259965
G1 X162.288446 Y109.149767 Z39.811516 E0.259944
G1 X162.860794 Y110.237538 Z39.813944 E0.259923
G1 X163.398649 Y111.34266 Z39.816372 E0.259902
G1 X163.901484 Y112.464041 Z39.8188 E0.259881
G1 X164.368809 Y113.60057 Z39.821227 E0.259859
G1 X164.800169 Y114.751124 Z39.823655 E0.259838
G1 X165.195145 Y115.914565 Z39.826083 E0.259817
G1 X165.553351 Y117.089743 Z39.828511 E0.259796
G1 X165.874441 Y118.275496 Z39.830939 E0.259775
G1 X166.158104 Y119.470653 Z39.833367 E0.259754
G1 X166.404066 Y120.674033 Z39.835794 E0.259733
G1 X166.61209 Y121.884446 Z39.838222 E0.259712
G1 X166.781978 Y123.100697 Z39.84065 E0.259691
G1 X166.913567 Y124.321585 Z39.843078 E0.259669
G1 X167.006735 Y125.545904 Z39.845506 E0.259648
G1 X167.061395 Y126.772446 Z39.847933 E0.259627
G1 X167.0775 Y128 Z39.850361 E0.259606
G1 X167.057648 Y129.227436 Z39.852789 E0.259593
G1 X166.999251 Y130.453625 Z39.855217 E0.259589
G1 X166.902369 Y131.677357 Z39.857645 E0.259585
G1 X166.767099 Y132.897423 Z39.860073 E0.259581
G1 X166.593574 Y134.112622 Z39.8625 E0.259578
G1 X166.381968 Y135.321752 Z39.864928 E0.259574
G1 X166.132491 Y136.523622 Z39.867356 E0.25957
G1 X165.845389 Y137.717044 Z39.869784 E0.259566
G1 X165.520947 Y138.900843 Z39.872212 E0.259562
G1 X165.159486 Y140.073849 Z39.87464 E0.259559
G1 X164.761365 Y141.234906 Z39.877067 E0.259555
G1 X164.326976 Y142.382867 Z39.879495 E0.259551
G1 X163.856751 Y143.516602 Z39.881923 E0.259547
G1 X163.351153 Y144.63499 Z39.884351 E0.259544
G1 X162.810684 Y145.736929 Z39.886779 E0.25954
G1 X162.235877 Y146.821332 Z39.889207 E0.259536
G1 X161.6273 Y147.88713 Z39.891634 E0.259532
G1 X160.985555 Y148.93327 Z39.894062 E0.259528
G1 X160.311277 Y149.958721 Z39.89649 E0.259525
G1 X159.605132 Y150.962473 Z39.898918 E0.259521
G1 X158.867817 Y151.943533 Z39.901346 E0.259517
G1 X158.100062 Y152.900937 Z39.903774 E0.259513
G1 X157.302624 Y153.833738 Z39.906201 E0.259509
G1 X156.476292 Y154.741018 Z39.908629 E0.259506
G1 X155.621882 Y155.621882 Z39.911057 E0.259502
G1 X154.740237 Y156.47546 Z39.913485 E0.259498
G1 X153.832229 Y157.300913 Z39.915913 E0.259494
G1 X152.898755 Y158.097425 Z39.918341 E0.25949
G1 X151.940737 Y158.864212 Z39.920768 E0.259487
G1 X150.95912 Y159.600517 Z39.923196 E0.259483
G1 X149.954874 Y160.305616 Z39.925624 E0.259479
G1 X148.928991 Y160.978813 Z39.928052 E0.259475
G1 X147.882484 Y161.619444 Z39.93048 E0.259472
G1 X146.816386 Y162.226879 Z39.932907 E0.259468
G1 X145.73175 Y162.800519 Z39.935335 E0.259464
G1 X144.629647 Y163.339798 Z39.937763 E0.25946
G1 X143.511165 Y163.844187 Z39.940191 E0.259456
G1 X142.377408 Y164.313187 Z39.942619 E0.259453
G1 X141.229495 Y164.746337 Z39.945047 E0.259449
G1 X140.068561 Y165.143211 Z39.947474 E0.259445
G1 X138.89575 Y165.503418 Z39.949902 E0.259441
G1 X137.712221 Y165.826603 Z39.95233 E0.259437
G1 X136.519142 Y166.11245 Z39.954758 E0.259434
G1 X135.31769 Y166.360676 Z39.957186 E0.25943
G1 X134.109052 Y166.571038 Z39.959614 E0.259426
G1 X132.894421 Y166.74333 Z39.962041 E0.259422
G1 X131.674995 Y166.877382 Z39.964469 E0.259418
G1 X130.451977 Y166.973063 Z39.966897 E0.259415
G1 X129.226576 Y167.030281 Z39.969325 E0.259411
G1 X128 Y167.048979 Z39.971753 E0.259407
G1 X126.77346 Y167.02914 Z39.974181 E0.259403
G1 X125.548166 Y166.970786 Z39.976608 E0.2594
G1 X124.325328 Y166.873974 Z39.979036 E0.259396
G1 X123.106151 Y166.738802 Z39.981464 E0.259392
G1 X121.89184 Y166.565404 Z39.983892 E0.259388
G1 X120.683592 Y166.353952 Z39.98632 E0.259384
G1 X119.4826 Y166.104656 Z39.988748 E0.259381
G1 X118.290049 Y165.817763 Z39.991175 E0.259377
G1 X117.107115 Y165.493558 Z39.993603 E0.259373
G1 X115.934965 Y165.132361 Z39.996031 E0.259369
G1 X114.774756 Y164.734529 Z39.998459 E0.259365
G1 X113.627632 Y164.300458 Z40.000887 E0.259362
G1 X112.494726 Y163.830575 Z40.003315 E0.259358
G1 X111.377154 Y163.325346 Z40.005742 E0.259354
G1 X110.276019 Y162.785271 Z40.00817 E0.25935
G1 X109.192408 Y162.210883 Z40.010598 E0.259346
G1 X108.127389 Y161.60275 Z40.013026 E0.259343
G1 X107.082013 Y160.961474 Z40.015454 E0.259339
G1 X106.05731 Y160.287688 Z40.017881 E0.259335
G1 X105.054292 Y159.582058 Z40.020309 E0.259331
G1 X104.073947 Y158.845281 Z40.022737 E0.259328
G1 X103.117243 Y158.078086 Z40.025165 E0.259324
G1 X102.185123 Y157.28123 Z40.027593 E0.25932
G1 X101.278506 Y156.455501 Z40.030021 E0.259316
G1 X100.398286 Y155.601714 Z40.032448 E0.259312
G1 X99.545331 Y154.720713 Z40.034876 E0.259309
G1 X98.720482 Y153.813368 Z40.037304 E0.259305
G1 X97.924551 Y152.880575 Z40.039732 E0.259301
G1 X97.158325 Y151.923256 Z40.04216 E0.259297
G1 X96.422557 Y150.942355 Z40.044588 E0.259293
G1 X95.717974 Y149.938842 Z40.047015 E0.25929
G1 X95.045269 Y148.913708 Z40.049443 E0.259286
G1 X94.405106 Y147.867965 Z40.051871 E0.259282
G1 X93.798115 Y146.802646 Z40.054299 E0.259278
G1 X93.224894 Y145.718801 Z40.056727 E0.259274
G1 X92.686009 Y144.617503 Z40.059155 E0.259271
G1 X92.181989 Y143.499837 Z40.061582 E0.259267
G1 X91.713332 Y142.366908 Z40.06401 E0.259263
G1 X91.280498 Y141.219834 Z40.066438 E0.259259
G1 X90.883915 Y140.059747 Z40.068866 E0.259256
G1 X90.523971 Y138.887793 Z40.071294 E0.259252
G1 X90.201022 Y137.705128 Z40.073722 E0.259248
G1 X89.915385 Y136.51292 Z40.076149 E0.259244
G1 X89.66734 Y135.312346 Z40.078577 E0.25924
G1 X89.457132 Y134.104591 Z40.081005 E0.259237
G1 X89.284967 Y132.890846 Z40.083433 E0.259233
G1 X89.151013 Y131.67231 Z40.085861 E0.259229
G1 X89.055402 Y130.450186 Z40.088289 E0.259225
G1 X88.998227 Y129.22568 Z40.090716 E0.259221
G1 X88.979543 Y128 Z40.093144 E0.259218
G1 X88.999367 Y126.774356 Z40.095572 E0.259214
G1 X89.057679 Y125.549957 Z40.098 E0.25921
G1 X89.15442 Y124.328012 Z40.100428 E0.259206
G1 X89.289494 Y123.109726 Z40.102856 E0.259202
G1 X89.462766 Y121.896302 Z40.105283 E0.259199
G1 X89.674064 Y120.688937 Z40.107711 E0.259195
G1 X89.923178 Y119.488822 Z40.110139 E0.259191
G1 X90.209862 Y118.297142 Z40.112567 E0.259187
G1 X90.533831 Y117.115072 Z40.114995 E0.259184
G1 X90.894765 Y115.943778 Z40.117422 E0.25918
G1 X91.292306 Y114.784417 Z40.11985 E0.259176
G1 X91.726061 Y113.638131 Z40.122278 E0.259172
G1 X92.1956 Y112.506053 Z40.124706 E0.259168
G1 X92.70046 Y111.389298 Z40.127134 E0.259165
G1 X93.240142 Y110.288968 Z40.129562 E0.259161
G1 X93.81411 Y109.206148 Z40.131989 E0.259157
G1 X94.421799 Y108.141907 Z40.134417 E0.259153
G1 X95.062607 Y107.097295 Z40.136845 E0.259149
G1 X95.735902 Y106.073341 Z40.139273 E0.259146
G1 X96.441017 Y105.071056 Z40.141701 E0.259142
G1 X97.177255 Y104.091428 Z40.144129 E0.259138
G1 X97.94389 Y103.135424 Z40.146556 E0.259134
G1 X98.740164 Y102.203985 Z40.148984 E0.25913
G1 X99.56529 Y101.29803 Z40.151412 E0.259127
G1 X100.418454 Y100.418454 Z40.15384 E0.259123
G1 X101.298811 Y99.566122 Z40.156268 E0.259119
G1 X102.205494 Y98.741876 Z40.158696 E0.259115
G1 X103.137605 Y97.946527 Z40.161123 E0.259112
G1 X104.094225 Y97.180861 Z40.163551 E0.259108
G1 X105.074409 Y96.445631 Z40.165979 E0.259104
G1 X106.077189 Y95.741563 Z40.168407 E0.2591
G1 X107.101574 Y95.06935 Z40.170835 E0.259096
G1 X108.146553 Y94.429655 Z40.173263 E0.259093
G1 X109.211095 Y93.823108 Z40.17569 E0.259089
G1 X110.294147 Y93.250307 Z40.178118 E0.259085
G1 X111.394641 Y92.711815 Z40.180546 E0.259081
G1 X112.51149 Y92.208165 Z40.182974 E0.259077
G1 X113.643591 Y91.73985 Z40.185402 E0.259074
G1 X114.789827 Y91.307333 Z40.18783 E0.25907
G1 X115.949066 Y90.91104 Z40.190257 E0.259066
G1 X117.120164 Y90.55136 Z40.192685 E0.259062
G1 X118.301965 Y90.228647 Z40.195113 E0.259058
G1 X119.493302 Y89.943219 Z40.197541 E0.259055
G1 X120.692998 Y89.695356 Z40.199969 E0.259051
G1 X121.899871 Y89.485302 Z40.202396 E0.259047
G1 X123.112729 Y89.313263 Z40.204824 E0.259043
G1 X124.330374 Y89.179408 Z40.207252 E0.25904
G1 X125.551604 Y89.083867 Z40.20968 E0.259036
G1 X126.775216 Y89.026734 Z40.212108 E0.259032
G1 X128 Y89.008064 Z40.214536 E0.259028
G1 X129.224748 Y89.027874 Z40.216963 E0.259024
G1 X130.448252 Y89.086144 Z40.219391 E0.259021
G1 X131.669304 Y89.182815 Z40.221819 E0.259017
G1 X132.886699 Y89.317791 Z40.224247 E0.259013
G1 X134.099236 Y89.490936 Z40.226675 E0.259009
G1 X135.305719 Y89.70208 Z40.229103 E0.259005
G1 X136.504956 Y89.951013 Z40.23153 E0.259002
G1 X137.695765 Y90.237487 Z40.233958 E0.258998
G1 X138.876971 Y90.56122 Z40.236386 E0.258994
G1 X140.047408 Y90.92189 Z40.238814 E0.25899
G1 X141.205922 Y91.319141 Z40.241242 E0.258986
G1 X142.351369 Y91.752579 Z40.24367 E0.258983
G1 X143.48262 Y92.221776 Z40.246097 E0.258979
G1 X144.598559 Y92.726267 Z40.248525 E0.258975
G1 X145.698084 Y93.265554 Z40.250953 E0.258971
G1 X146.780112 Y93.839104 Z40.253381 E0.258968
G1 X147.843574 Y94.446349 Z40.255809 E0.258964
G1 X148.887422 Y95.086689 Z40.258237 E0.25896
G1 X149.910627 Y95.759491 Z40.260664 E0.258956
G1 X150.912179 Y96.464091 Z40.263092 E0.258952
G1 X151.891091 Y97.199792 Z40.26552 E0.258949
G1 X152.846396 Y97.965866 Z40.267948 E0.258945
G1 X153.777154 Y98.761558 Z40.270376 E0.258941
G1 X154.682445 Y99.586082 Z40.272804 E0.258937
G1 X155.561379 Y100.438621 Z40.275231 E0.258933
G1 X156.413087 Y101.318336 Z40.277659 E0.25893
G1 X157.23673 Y102.224355 Z40.280087 E0.258926
G1 X158.031497 Y103.155785 Z40.282515 E0.258922
G1 X158.796603 Y104.111706 Z40.284943 E0.258918
G1 X159.531294 Y105.091174 Z40.28737 E0.258914
G1 X160.234847 Y106.09322 Z40.289798 E0.258911
G1 X160.906568 Y107.116857 Z40.292226 E0.258907
G1 X161.545795 Y108.161072 Z40.294654 E0.258903
G1 X162.151899 Y109.224835 Z40.297082 E0.258899
G1 X162.724281 Y110.307095 Z40.29951 E0.258896
G1 X163.262378 Y111.406785 Z40.301937 E0.258892
G1 X163.76566 Y112.522817 Z40.304365 E0.258888
G1 X164.233631 Y113.654091 Z40.306793 E0.258884
G1 X164.665831 Y114.799488 Z40.309221 E0.25888
G1 X165.061835 Y115.95788 Z40.311649 E0.258877
G1 X165.421251 Y117.128122 Z40.314077 E0.258873
G1 X165.743727 Y118.309058 Z40.316504 E0.258869
G1 X166.028946 Y119.499523 Z40.318932 E0.258865
G1 X166.276627 Y120.698343 Z40.32136 E0.258861
G1 X166.486527 Y121.904333 Z40.323788 E0.258858
G1 X166.65844 Y123.116303 Z40.326216 E0.258854
G1 X166.792197 Y124.333058 Z40.328644 E0.25885
G1 X166.887668 Y125.553395 Z40.331071 E0.258846
G1 X166.944759 Y126.776112 Z40.333499 E0.258842
G1 X166.963415 Y128 Z40.335927 E0.258839
;===== END GCODE - Bambu Lab A1 ===============================
M400 ; esperar a que terminen los movimientos pendientes
G91 ; coordenadas relativas
G1 E-2 F2100 ; retraer
G1 Z20 F1200 ; separar la boquilla de la pieza
G90 ; coordenadas absolutas
G1 X128.0 Y250.0 F6000 ; adelantar la cama para sacar la pieza
M104 S0 ; apagar boquilla
M140 S0 ; apagar cama
M106 S0 ; apagar ventilador
M84 ; desactivar motores
;===== FIN DEL END GCODE ======================================